{"type":"Feature","properties":{"name":"Conquest of the n70","date":"2025-03-08","distance":"15.07 km","ascent":"564 m"},"geometry":{"type":"LineString","coordinates":[[5.924252634868026,51.8182666786015],[5.924266381189227,51.81824463419616],[5.9242889285087585,51.81823826394975],[5.92433980666101,51.81822594255209],[5.924424547702074,51.81821228004992],[5.9244453348219395,51.81821228004992],[5.9245457500219345,51.8182080052793],[5.924596376717091,51.81821043603122],[5.924604758620262,51.818210519850254],[5.92463300563395,51.818216387182474],[5.924687068909407,51.81822057813406],[5.924770385026932,51.81822267360985],[5.924845989793539,51.81823491118848],[5.924832411110401,51.81824002414942],[5.924836685881019,51.81825050152838],[5.924884546548128,51.81827346794307],[5.924958307296038,51.81830397807062],[5.924999630078673,51.818337673321366],[5.92500289902091,51.8183443788439],[5.925000132992864,51.8183549400419],[5.9249878115952015,51.818351335823536],[5.9249848779290915,51.81835066527128],[5.924979345872998,51.818351335823536],[5.924987057223916,51.8183530960232],[5.924989152699709,51.81838662363589],[5.924981441348791,51.81836860254407],[5.92497993260622,51.81835820898414],[5.9249816089868546,51.81836323812604],[5.924980938434601,51.81836969219148],[5.9249786753207445,51.81837011128664],[5.924975825473666,51.81836265139282],[5.924985883757472,51.81835141964257],[5.924989152699709,51.818357706069946],[5.92500876635313,51.81835686787963],[5.925001809373498,51.81835686787963],[5.924953697249293,51.818341528996825],[5.924941962584853,51.81833842769265],[5.924983872100711,51.818361980840564],[5.925061069428921,51.81841026060283],[5.925112199038267,51.818456277251244],[5.92516265809536,51.81849852204323],[5.925184283405542,51.81852442212403],[5.925170872360468,51.81851712986827],[5.92516852542758,51.818520314991474],[5.925184031948447,51.81853330694139],[5.925220493227243,51.81857764720917],[5.925257038325071,51.818608324974775],[5.925298277288675,51.81863975711167],[5.9253491554409266,51.8187122605741],[5.925370613113046,51.81874838657677],[5.925396932289004,51.818773951381445],[5.925452336668968,51.81883321143687],[5.925467927008867,51.81888056918979],[5.925494162365794,51.81889733299613],[5.925523918122053,51.818917617201805],[5.925549063831568,51.8189506419003],[5.925578149035573,51.818979224190116],[5.925630452111363,51.819038819521666],[5.925665656104684,51.8190973252058],[5.925740590319037,51.819151220843196],[5.925792641937733,51.819219030439854],[5.925804460421205,51.819236129522324],[5.925826840102673,51.819253815338016],[5.92590537853539,51.819343250244856],[5.92601090669632,51.81938901543617],[5.926129929721355,51.8194237165153],[5.926151974126697,51.81943025439978],[5.926263369619846,51.819457495585084],[5.926336040720344,51.8194823898375],[5.926422290503979,51.81950778700411],[5.926426565274596,51.819511726498604],[5.926466295495629,51.81953410618007],[5.926546426489949,51.81956226937473],[5.926617505028844,51.81960275396705],[5.9267183393239975,51.81965656578541],[5.9267584048211575,51.819695541635156],[5.926770642399788,51.81971079669893],[5.926823867484927,51.81976033374667],[5.926831914111972,51.81981707923114],[5.926836356520653,51.81983057409525],[5.926853707060218,51.819851445034146],[5.926855802536011,51.819849433377385],[5.926855718716979,51.81984616443515],[5.926843313500285,51.81986544281244],[5.926840966567397,51.81986879557371],[5.926848761737347,51.81990290991962],[5.926854629069567,51.81992746889591],[5.926857143640518,51.81992537342012],[5.926855467259884,51.81992243975401],[5.926862088963389,51.8199142254889],[5.926861669868231,51.81990676559508],[5.92686259187758,51.81989653967321],[5.926857395097613,51.81988614611328],[5.926820514723659,51.81984541006386],[5.926863178610802,51.81985907256603],[5.926927216351032,51.819873405620456],[5.926972310990095,51.81989226490259],[5.926979603245854,51.819894444197416],[5.92698278836906,51.819896372035146],[5.926950266584754,51.819870388135314],[5.926927467808127,51.81985999457538],[5.926897963508964,51.81983359158039],[5.926919588819146,51.81981557048857],[5.9268673695623875,51.819847002625465],[5.926866447553039,51.81987013667822],[5.926864435896277,51.81987415999174],[5.926909865811467,51.81987793184817],[5.9268835466355085,51.819893438369036],[5.926848091185093,51.81992017664015],[5.926872733980417,51.81994557380676],[5.926922354847193,51.8200056720525],[5.926988236606121,51.82004950940609],[5.92710055410862,51.82005194015801],[5.927123771980405,51.82006333954632],[5.927187725901604,51.820081025362015],[5.9271742310374975,51.82009141892195],[5.92716651968658,51.820112708956],[5.927162077277899,51.82012276723981],[5.927142044529319,51.82013316079974],[5.927142882719636,51.82013106532395],[5.927138859406114,51.8201317358762],[5.927133662626147,51.8201301433146],[5.9271318186074495,51.8201248627156],[5.92714698985219,51.82012762874365],[5.927144894376397,51.820129388943315],[5.927143385633826,51.82012528181076],[5.9271294716745615,51.82010533288121],[5.927121173590422,51.82010038755834],[5.92713768593967,51.82011161930859],[5.927220247685909,51.82016274891794],[5.927309347316623,51.820199713110924],[5.9274328127503395,51.820214968174696],[5.927447397261858,51.82021857239306],[5.927574131637812,51.82022284716368],[5.927595840767026,51.82022645138204],[5.927672451362014,51.82023173198104],[5.927704218775034,51.82024346664548],[5.927704218775034,51.82025729678571],[5.927668763324618,51.82028403505683],[5.927670523524284,51.82029183022678],[5.927666332572699,51.82031965814531],[5.927689885720611,51.82032493874431],[5.927704386413097,51.82036860845983],[5.92771234922111,51.82037690654397],[5.927760377526283,51.82042024098337],[5.9277355670928955,51.820447565987706],[5.927735147997737,51.820454355329275],[5.9277338068932295,51.820501210168004],[5.9277308732271194,51.8205255176872],[5.927720060572028,51.820538341999054],[5.927705559879541,51.82054538279772],[5.927695669233799,51.82056709192693],[5.9276878740638494,51.82058150880039],[5.927665075287223,51.82059483602643],[5.927657447755337,51.82060556486249],[5.927629703655839,51.820650743320584],[5.9276260156184435,51.820663902908564],[5.927609084174037,51.82069214992225],[5.92758821323514,51.82071243412793],[5.927585531026125,51.820749482139945],[5.927554182708263,51.82080203667283],[5.927534988150001,51.820829613134265],[5.927524846047163,51.82085232809186],[5.927513698115945,51.820896500721574],[5.927511183544993,51.820918126031756],[5.927518140524626,51.820971854031086],[5.927540268748999,51.82100923731923],[5.927551332861185,51.82103899307549],[5.92756767757237,51.821092469617724],[5.927584106102586,51.821113089099526],[5.927606904879212,51.821177545934916],[5.927600869908929,51.82123739272356],[5.927575221285224,51.821303609758615],[5.927572287619114,51.82129296474159],[5.927572371438146,51.82129698805511],[5.927606653422117,51.821360774338245],[5.927586453035474,51.82142296805978],[5.927580250427127,51.82143587619066],[5.927565414458513,51.8215062841773],[5.927542867138982,51.821516593918204],[5.92753984965384,51.82151835411787],[5.927535658702254,51.82151290588081],[5.927555775269866,51.821519024670124],[5.927619310095906,51.82150360196829],[5.92766641639173,51.8215321842581],[5.92768058180809,51.82154064998031],[5.927710169926286,51.82152581401169],[5.927732884883881,51.821513241156936],[5.927738668397069,51.821539644151926],[5.9277379140257835,51.82154215872288],[5.927729951217771,51.821545008569956],[5.92772358097136,51.821587421000004],[5.927724754437804,51.82163695804775],[5.927706984803081,51.82170644402504],[5.927703883498907,51.82171247899532],[5.927677815780044,51.82178129442036],[5.92766541056335,51.82180803269148],[5.927653508260846,51.82182957418263],[5.927651580423117,51.82187307626009],[5.9276604652404785,51.82186477817595],[5.927659794688225,51.82186720892787],[5.927659794688225,51.8218707293272],[5.927647976204753,51.82189939543605],[5.927641438320279,51.82192772626877],[5.9276271890848875,51.821974413469434],[5.927602965384722,51.82206401601434],[5.9275853633880615,51.822078516706824],[5.9275697730481625,51.82211539708078],[5.927545884624124,51.822170885279775],[5.92747338116169,51.8222042452544],[5.927384616807103,51.82226786389947],[5.927289063110948,51.822332572191954],[5.927251344546676,51.82235537096858],[5.927188564091921,51.822372218593955],[5.927160317078233,51.82237230241299],[5.927151767536998,51.82237540371716],[5.9271306451410055,51.82237766683102],[5.927035007625818,51.822428377345204],[5.926965270191431,51.82244916446507],[5.926910033449531,51.822460228577256],[5.926861250773072,51.822483194991946],[5.926859825849533,51.82249107398093],[5.926859909668565,51.82248872704804],[5.926887905225158,51.82247472926974],[5.926881451159716,51.82246282696724],[5.926771564409137,51.82249182835221],[5.926646003499627,51.8225182313472],[5.926589258015156,51.8225182313472],[5.926569728180766,51.822522170841694],[5.926501331850886,51.822531474754214],[5.926500577479601,51.82252652943134],[5.926485322415829,51.82252585887909],[5.926434360444546,51.82251756079495],[5.9263858292251825,51.82252837345004],[5.926321791484952,51.822527619078755],[5.926214503124356,51.822536922991276],[5.9262108989059925,51.82252837345004],[5.926204193383455,51.822525607421994],[5.926153818145394,51.82248495519161],[5.9261249005794525,51.82246274314821],[5.926115596666932,51.822427958250046],[5.926041668280959,51.82233785279095],[5.925974361598492,51.822274485602975],[5.925903534516692,51.82222620584071],[5.925834635272622,51.82219251058996],[5.925788953900337,51.822190415114164],[5.925679821521044,51.82222000323236],[5.9256598725914955,51.82222394272685],[5.925544872879982,51.82226845063269],[5.925481924787164,51.82229233905673],[5.92546415515244,51.82230147533119],[5.925382263958454,51.82234028354287],[5.925359213724732,51.822345396503806],[5.925338761880994,51.8223493359983],[5.925265001133084,51.822367273271084],[5.925245974212885,51.82237590663135],[5.925207417458296,51.822408428415656],[5.925188725814223,51.82243751361966],[5.925183109939098,51.82244832627475],[5.925180092453957,51.822459222748876],[5.925182355567813,51.822470119223],[5.925204483792186,51.82253080420196],[5.925234155729413,51.82258008979261],[5.925249243155122,51.82259341701865],[5.925261229276657,51.82260951027274],[5.925300624221563,51.82268419303],[5.9253038093447685,51.822726521641016],[5.925306910648942,51.82274429127574],[5.92525988817215,51.82279399596155],[5.925214374437928,51.822798857465386],[5.925156539306045,51.82280925102532],[5.925046652555466,51.82284068316221],[5.9249969478696585,51.8228551838547],[5.924971885979176,51.822857866063714],[5.924940789118409,51.82285811752081],[5.924890413880348,51.82287655770779],[5.924881445243955,51.82288653217256],[5.924826795235276,51.82294126600027],[5.924795530736446,51.82299558073282],[5.9247648529708385,51.82303698733449],[5.924734594300389,51.82309817522764],[5.92470433562994,51.82314653880894],[5.924695283174515,51.8231728579849],[5.924693774431944,51.82320152409375],[5.924699977040291,51.82320638559759],[5.924705173820257,51.82324083521962],[5.924707353115082,51.82326698675752],[5.924709951505065,51.823274195194244],[5.924720261245966,51.82330856099725],[5.924730654805899,51.823330353945494],[5.924760075286031,51.8233800586313],[5.924783041700721,51.8234059587121],[5.924845235422254,51.82348349131644],[5.924854455515742,51.823496483266354],[5.924885217100382,51.82354283519089],[5.9249121230095625,51.82360217906535],[5.9249188285321,51.823612824082375],[5.924927294254303,51.8236218765378],[5.924940286204219,51.82363520376384],[5.924957552924752,51.82365448214114],[5.924948081374168,51.8236615229398],[5.924917068332434,51.82366487570107],[5.924909524619579,51.823655320331454],[5.924854371696711,51.8236512131989],[5.924843642860651,51.8236493691802],[5.924799554049969,51.8236512131989],[5.924785807728767,51.82365154847503],[5.924759740009904,51.82366588152945],[5.924790585413575,51.82372556068003],[5.9248552937060595,51.82379529811442],[5.924892425537109,51.823810720816255],[5.924881109967828,51.82381474412978],[5.924890665337443,51.82384324260056],[5.92486996203661,51.8238274846226],[5.9248891565948725,51.82384751737118],[5.92489586211741,51.82385631836951],[5.924965683370829,51.82391147129238],[5.924979764968157,51.823929911479354],[5.9250125382095575,51.8239585775882],[5.925020836293697,51.82396603748202],[5.925047658383846,51.82400300167501],[5.9250448923558,51.8240259680897],[5.925041539594531,51.82402605190873],[5.925043383613229,51.82403091341257],[5.925051933154464,51.82403828948736],[5.92506886459887,51.824043821543455],[5.925124436616898,51.82406343519688],[5.9251792542636395,51.8240952026099],[5.925189815461636,51.82410559616983],[5.925211273133755,51.824144404381514],[5.925217727199197,51.82415756396949],[5.925253098830581,51.82418530806899],[5.925273550674319,51.82420827448368],[5.9253244288265705,51.824251944199204],[5.925353178754449,51.82427365332842],[5.925386622548103,51.824335008859634],[5.92544118873775,51.82443634606898],[5.925439679995179,51.824465515092015],[5.925422245636582,51.82450231164694],[5.925360973924398,51.82458696886897],[5.925341108813882,51.8246528506279],[5.925268437713385,51.82471043430269],[5.925151007249951,51.82477145455778],[5.925055705010891,51.82480347342789],[5.925035672262311,51.82480531744659],[5.924958558753133,51.82481453754008],[5.924862921237946,51.82481110095978],[5.924764685332775,51.82478721253574],[5.924670388922095,51.824781093746424],[5.924645746126771,51.82477715425193],[5.924557987600565,51.82476919144392],[5.924496129155159,51.82480079121888],[5.924470312893391,51.82482006959617],[5.92447517439723,51.82482032105327],[5.924476096406579,51.82482576929033],[5.9244762640446424,51.824828619137406],[5.924471067264676,51.82482484728098],[5.924467379227281,51.824821159243584],[5.924470564350486,51.8248201534152],[5.924473162740469,51.82481956668198],[5.9244677145034075,51.824814369902015],[5.924456985667348,51.824792409315705],[5.924457823857665,51.82479316368699],[5.924457907676697,51.82480875402689],[5.924456734210253,51.82480791583657],[5.924443993717432,51.82479886338115],[5.9244585782289505,51.82480783201754],[5.924477353692055,51.824805568903685],[5.924474922940135,51.82479936629534],[5.924471486359835,51.824800707399845],[5.92446587048471,51.824809927493334],[5.924481628462672,51.824847562238574],[5.924458913505077,51.82486114092171],[5.924442736431956,51.82488108985126],[5.924442568793893,51.82489366270602],[5.924413567408919,51.824945379048586],[5.9243725799024105,51.82500036433339],[5.924370149150491,51.82501260191202],[5.924365874379873,51.8250239174813],[5.924350619316101,51.825044536963105],[5.924329161643982,51.82508577592671],[5.924291526898742,51.82515065185726],[5.924296053126454,51.825172109529376],[5.924328658729792,51.8252279330045],[5.924315582960844,51.82533790357411],[5.924330083653331,51.825401689857244],[5.9243404772132635,51.82541367597878],[5.924380710348487,51.82549171149731],[5.924377860501409,51.82555013336241],[5.924366880208254,51.82556170038879],[5.924368556588888,51.82558994740248],[5.924373418092728,51.825593216344714],[5.924379536882043,51.82560813613236],[5.9244076162576675,51.82566303759813],[5.924428990110755,51.82573311030865],[5.924469977617264,51.82581340894103],[5.924513395875692,51.82592329569161],[5.924532255157828,51.82594768702984],[5.924573913216591,51.82600426487625],[5.924620516598225,51.826087329536676],[5.9246173314750195,51.826115157455206],[5.924611212685704,51.82617106474936],[5.924643902108073,51.826210878789425],[5.924680447205901,51.826216243207455],[5.924772899597883,51.826196210458875],[5.9248013980686665,51.82618380524218],[5.924836350604892,51.82616704143584],[5.924847414717078,51.82615983299911],[5.924890413880348,51.82614826597273],[5.924919750541449,51.82613384909928],[5.924920588731766,51.82612764649093],[5.924924276769161,51.82612546719611],[5.924923857674003,51.82612546719611],[5.924934670329094,51.826118510216475],[5.924937520176172,51.826117001473904],[5.9249374363571405,51.8261138163507],[5.924937771633267,51.82611255906522],[5.924937687814236,51.82611205615103],[5.92493643052876,51.82611289434135],[5.924907429143786,51.82611976750195],[5.924926288425922,51.82611641474068],[5.924924947321415,51.8261103797704],[5.924932910129428,51.82611733675003],[5.9249345026910305,51.826116582378745],[5.924939699470997,51.82611775584519],[5.924939699470997,51.8261103797704],[5.924942130222917,51.82611498981714],[5.924949841573834,51.82609923183918],[5.92499066144228,51.82606955990195],[5.925029721111059,51.8260361161083],[5.925047155469656,51.82603050023317],[5.925081940367818,51.82603234425187],[5.9251035656780005,51.826025722548366],[5.925135333091021,51.826020358130336],[5.925176320597529,51.82601382024586],[5.925185875967145,51.8260134011507],[5.925197107717395,51.82600795291364],[5.9252287074923515,51.825985657051206],[5.925253015011549,51.825988590717316],[5.925251925364137,51.82597769424319],[5.925262486562133,51.825982136651874],[5.925382599234581,51.82600359432399],[5.925444792956114,51.82600242085755],[5.9255314618349075,51.826008623465896],[5.9255423583090305,51.82601667009294],[5.925611341372132,51.826038882136345],[5.925676133483648,51.82605371810496],[5.92569625005126,51.82607039809227],[5.925734303891659,51.826076935976744],[5.925801945850253,51.82608908973634],[5.925889452919364,51.82611398398876],[5.925892721861601,51.82612270116806],[5.925896326079965,51.82611641474068],[5.92588484287262,51.82609889656305],[5.925881657749414,51.826092191040516],[5.925889201462269,51.82607643306255],[5.925905546173453,51.82606754824519],[5.925902025774121,51.82608640752733],[5.925886686891317,51.826129322871566],[5.925887692719698,51.82614960707724],[5.925902361050248,51.82615681551397],[5.925907222554088,51.826160000637174],[5.925908982753754,51.82616628706455],[5.925934799015522,51.82617056183517],[5.92592591419816,51.82619612663984],[5.925932200625539,51.82623418048024],[5.925936056300998,51.8262552190572],[5.925954915583134,51.82629972696304],[5.9259591065347195,51.826311042532325],[5.925959190353751,51.826354041695595],[5.9259602800011635,51.826363848522305],[5.925969080999494,51.826381953433156],[5.926012247800827,51.82642109692097],[5.926023395732045,51.826430736109614],[5.926059857010841,51.82647055014968],[5.926062203943729,51.82647943496704],[5.926084583625197,51.826542634516954],[5.92608567327261,51.826550681144],[5.926089948043227,51.826571971178055],[5.926094306632876,51.82657892815769],[5.92609447427094,51.82658496312797],[5.926103526726365,51.82661538943648],[5.92614283785224,51.82663382962346],[5.926160020753741,51.826647743582726],[5.926201427355409,51.82669694535434],[5.926184915006161,51.82670465670526],[5.926162451505661,51.826700465753675],[5.926150213927031,51.826700046658516],[5.926031023263931,51.82667054235935],[5.925971930846572,51.82664061896503],[5.925950976088643,51.82663198560476],[5.925887022167444,51.82657012715936],[5.925844609737396,51.82655260898173],[5.925782080739737,51.82653215713799],[5.925728436559439,51.82650642469525],[5.9257034584879875,51.826489912346005],[5.925626931712031,51.82647583074868],[5.925520649179816,51.82645403780043],[5.925423838198185,51.826436603441834],[5.925401207059622,51.826426461339],[5.925366086885333,51.82642528787255],[5.925252847373486,51.8264193367213],[5.925123346969485,51.82641296647489],[5.925038857385516,51.82642159983516],[5.924978172406554,51.82643878273666],[5.924909105524421,51.82645889930427],[5.924838865175843,51.82646778412163],[5.924818245694041,51.82646015658975],[5.924741802737117,51.82640885934234],[5.924665527418256,51.82639569975436],[5.9246183373034,51.8263971246779],[5.924609620124102,51.826392095535994],[5.924563352018595,51.82638270780444],[5.924539631232619,51.82638807222247],[5.924514988437295,51.82637885212898],[5.924491100013256,51.82637373916805],[5.924455896019936,51.82635831646621],[5.924441814422607,51.82635739445686],[5.924381297081709,51.82634029537439],[5.924350870773196,51.826343731954694],[5.924325976520777,51.826347755268216],[5.924256322905421,51.82637231424451],[5.924241738393903,51.82637675665319],[5.924161355942488,51.826409697532654],[5.924136796966195,51.826419085264206],[5.9241299238055944,51.82642612606287],[5.924111232161522,51.826435597613454],[5.9240795485675335,51.82643878273666],[5.92407351359725,51.826438531279564],[5.924078123643994,51.8264367710799],[5.924089942127466,51.82643643580377],[5.92408281750977,51.82642553932965],[5.9240727592259645,51.826425874605775],[5.924080554395914,51.82642503641546],[5.924061359837651,51.82644423097372],[5.924036046490073,51.82644657790661],[5.924032861366868,51.82641925290227],[5.924012828618288,51.826419001445174],[5.923989191651344,51.82641942054033],[5.9239420015364885,51.8264193367213],[5.923858350142837,51.826442973688245],[5.923808058723807,51.826481027528644],[5.92380722053349,51.826507430523634],[5.923804622143507,51.826566103845835],[5.923722060397267,51.826607175171375],[5.923629021272063,51.826647659763694],[5.923542184755206,51.82665252126753],[5.923461718484759,51.82666157372296],[5.923392903059721,51.826673140749335],[5.923335654661059,51.82666517794132],[5.92333422973752,51.82666442357004],[5.9233473893254995,51.82665671221912],[5.923336409032345,51.82665436528623],[5.9233376663178205,51.826652102172375],[5.9233479760587215,51.82664363645017],[5.9233542624861,51.82664422318339],[5.923407906666398,51.82664070278406],[5.923422072082758,51.826636008918285],[5.923433555290103,51.82664120569825],[5.923420814797282,51.82664757594466],[5.923414025455713,51.826651096343994],[5.923392316326499,51.8266593106091],[5.923403212800622,51.826659897342324],[5.923439925536513,51.82667138054967],[5.923443613573909,51.826662411913276],[5.923439422622323,51.82666006498039],[5.923439422622323,51.82665905915201],[5.923437913879752,51.82665914297104],[5.923451324924827,51.82665335945785],[5.923450319096446,51.826655538752675],[5.923391981050372,51.8266627471894],[5.9232825972139835,51.826682444661856],[5.923178493976593,51.826700968667865],[5.923094758763909,51.826723013073206],[5.923001552000642,51.826746482402086],[5.922980094328523,51.826750338077545],[5.922954194247723,51.82676224038005],[5.922880684956908,51.826782105490565],[5.922829722985625,51.826783530414104],[5.92280943877995,51.826783027499914],[5.922798374667764,51.82678285986185],[5.922763170674443,51.826791828498244],[5.922748418524861,51.82678570970893],[5.922735510393977,51.82677313685417],[5.922707011923194,51.82674019597471],[5.9226455725729465,51.82673248462379],[5.922604501247406,51.82671781629324],[5.922548929229379,51.826691245660186],[5.922462427988648,51.8266593106091],[5.922414651140571,51.82663776911795],[5.9223920200020075,51.82662595063448],[5.922316247597337,51.82659418322146],[5.922281630337238,51.82657901197672],[5.922247432172298,51.826568115502596],[5.922201834619045,51.826545568183064],[5.922170821577311,51.82653659954667],[5.922092283144593,51.82651514187455],[5.922013157978654,51.82648622430861],[5.921940403059125,51.82645982131362],[5.921930680051446,51.82645789347589],[5.921916011720896,51.8264523614198],[5.921843759715557,51.82643869891763],[5.921767484396696,51.826420929282904],[5.921755917370319,51.82641698978841],[5.921668075025082,51.82639972306788],[5.921658268198371,51.82639745995402],[5.9215532429516315,51.826392598450184],[5.92152533121407,51.82638622820377],[5.9214522410184145,51.82638203725219],[5.921384850516915,51.82637290097773],[5.9213528316468,51.826372062787414],[5.921241100877523,51.82638614438474],[5.9212240017950535,51.8263884074986],[5.921136913821101,51.82640114799142],[5.9210337325930595,51.82642528787255],[5.920965252444148,51.82644557207823],[5.920904232189059,51.82646577246487],[5.920864334329963,51.82647306472063],[5.92075620777905,51.82649829424918],[5.920710023492575,51.82651849463582],[5.920624360442162,51.82653475552797],[5.9205342549830675,51.82656794786453],[5.920483795925975,51.826594015583396],[5.920473989099264,51.82659820653498],[5.920407436788082,51.8266370985657],[5.920398719608784,51.82664355263114],[5.92033451423049,51.82666995562613],[5.920242732390761,51.82668135501444],[5.920226974412799,51.82668219320476],[5.920167211443186,51.82668152265251],[5.920136533677578,51.826687725260854],[5.920029832050204,51.82673826813698],[5.919955316931009,51.826783530414104],[5.919939391314983,51.826791325584054],[5.919864624738693,51.82681052014232],[5.919832857325673,51.8268165551126],[5.9198215417563915,51.82682971470058],[5.919744344428182,51.826865589246154],[5.919707966968417,51.8268701992929],[5.919683743268251,51.82687422260642],[5.91965239495039,51.826885705813766],[5.919589446857572,51.82691319845617],[5.9195352997630835,51.82692409493029],[5.919435722753406,51.8269407749176],[5.919403871521354,51.82695276103914],[5.919310748577118,51.82697815820575],[5.919227097183466,51.82701922953129],[5.919195329770446,51.82703901082277],[5.919165574014187,51.82705393061042],[5.919126681983471,51.82707262225449],[5.919053675606847,51.82709793560207],[5.918978322297335,51.8271310441196],[5.918952841311693,51.82714194059372],[5.918890731409192,51.82716733776033],[5.918878577649593,51.827170606702566],[5.918840356171131,51.82718410156667],[5.918797357007861,51.82719533331692],[5.9187377616763115,51.82721368968487],[5.918725524097681,51.827221317216754],[5.918638352304697,51.82723715901375],[5.91860675252974,51.827236488461494],[5.918543050065637,51.82723707519472],[5.918494435027242,51.8272293638438],[5.918444059789181,51.82723707519472],[5.918373065069318,51.827246798202395],[5.918360408395529,51.82724352926016],[5.918266950175166,51.82724989950657],[5.918207773938775,51.82724989950657],[5.918198386207223,51.827246295288205],[5.9181299060583115,51.827225759625435],[5.918075675144792,51.82722316123545],[5.918066957965493,51.82721184566617],[5.918046925216913,51.827210085466504],[5.917968554422259,51.827201368287206],[5.9179408103227615,51.827194914221764],[5.917863277718425,51.827179323881865],[5.917744506150484,51.82716155424714],[5.917713493108749,51.82716264389455],[5.917630763724446,51.827160716056824],[5.917608635500073,51.827157363295555],[5.917475111782551,51.827136827632785],[5.917392466217279,51.8271273560822],[5.917287776246667,51.82712567970157],[5.917246704921126,51.827113861218095],[5.9172051306813955,51.827112436294556],[5.917201694101095,51.82711402885616],[5.917157521471381,51.82709449902177],[5.917160706594586,51.827088966965675],[5.91716967523098,51.82709030807018],[5.917151318863034,51.8270893022418],[5.917157018557191,51.827084105461836],[5.917139500379562,51.82709257118404],[5.917126843705773,51.82709131389856],[5.917148469015956,51.827101204544306],[5.917157186195254,51.827115789055824],[5.917214686051011,51.82712970301509],[5.917196664959192,51.827131966128945],[5.917187863960862,51.82712970301509],[5.917170261964202,51.82712500914931],[5.9171627182513475,51.82710765860975],[5.917131872847676,51.827069940045476],[5.9171374049037695,51.82707010768354],[5.917154168710113,51.82706868276],[5.917153498157859,51.827060133218765],[5.91709490865469,51.82702241465449],[5.917057525366545,51.82699064724147],[5.917028021067381,51.826971704140306],[5.917018800973892,51.82696223258972],[5.916968258097768,51.82693582959473],[5.916882762685418,51.826892076060176],[5.916810259222984,51.82688486762345],[5.91676902025938,51.82687816210091],[5.916754938662052,51.82687849737704],[5.9167085867375135,51.826871540397406],[5.916642537340522,51.826857291162014],[5.916619570925832,51.82685418985784],[5.916592329740524,51.826850501820445],[5.916571039706469,51.82685159146786],[5.916557963937521,51.82685284875333],[5.91654472053051,51.82685234583914],[5.916526196524501,51.826851423829794],[5.916518904268742,51.82684731669724],[5.916504571214318,51.82684496976435],[5.9164912439882755,51.82684446685016],[5.916448161005974,51.82683759368956],[5.916422596201301,51.826834911480546],[5.916394433006644,51.826833402737975],[5.916362330317497,51.826816722750664],[5.916358307003975,51.82681898586452],[5.91637322679162,51.82682485319674],[5.916386218741536,51.82682728394866],[5.916403569281101,51.82683181017637],[5.916402395814657,51.8268339894712],[5.916383368894458,51.82680037803948],[5.916381776332855,51.826790906488895],[5.916354618966579,51.82678101584315],[5.916322600096464,51.82678168639541],[5.916299968957901,51.826782105490565],[5.916280942037702,51.82678512297571],[5.91628328897059,51.82678369805217],[5.916300220414996,51.82678830809891],[5.916347745805979,51.82680423371494],[5.916299885138869,51.82678051292896],[5.916277840733528,51.82675779797137],[5.916269877925515,51.8267301376909],[5.91627306304872,51.82671245187521],[5.916279936209321,51.82667129673064],[5.916280271485448,51.82666442357004],[5.9162871446460485,51.82664950378239],[5.916284378618002,51.82662896811962],[5.916282366961241,51.82662100531161],[5.916274823248386,51.8265953566879],[5.916280020028353,51.82658680714667],[5.916275745257735,51.82657708413899],[5.916276331990957,51.826568031683564],[5.916292006149888,51.82655747048557],[5.916295358911157,51.82654296979308],[5.916321594268084,51.82651028037071],[5.91632192954421,51.826492762193084],[5.91631849296391,51.8264848832041],[5.916321845725179,51.8264748249203],[5.9163231030106544,51.826470801606774],[5.916336011141539,51.82646870613098],[5.916344644501805,51.826441045850515],[5.916348500177264,51.82643006555736],[5.916355960071087,51.826415900141],[5.916360570117831,51.82636158540845],[5.916363839060068,51.826327638700604],[5.916362917050719,51.826321855187416],[5.916363168507814,51.82631699368358],[5.9163713827729225,51.82630877941847],[5.9163569658994675,51.82629704475403],[5.916351433843374,51.82630090042949],[5.916333496570587,51.82630894705653],[5.916318576782942,51.826295368373394],[5.916308853775263,51.82626569643617],[5.916294688358903,51.82623661123216],[5.9162806905806065,51.82619780302048],[5.916233165189624,51.82615354657173],[5.916221849620342,51.82614223100245],[5.916188908740878,51.82613192126155],[5.916164433583617,51.826115157455206],[5.916149010881782,51.826100908219814],[5.916127804666758,51.82608322240412],[5.916112381964922,51.82606494985521],[5.916039878502488,51.826003175228834],[5.915979193523526,51.82593419216573],[5.915937619283795,51.825878620147705],[5.915931081399322,51.82587300427258],[5.91591683216393,51.825855150818825],[5.915889842435718,51.82579865679145],[5.915874671190977,51.8257440906018],[5.915875509381294,51.82573411613703],[5.915869977325201,51.82572397403419],[5.915860254317522,51.82570310309529],[5.915848268195987,51.82567938230932],[5.91583963483572,51.8256576731801],[5.915843741968274,51.82558919303119],[5.915824547410011,51.82556287385523],[5.915823290124536,51.82555843144655],[5.915828822180629,51.82555683888495],[5.915820775553584,51.82554183527827],[5.915818512439728,51.825514677912],[5.915786745026708,51.82545223273337],[5.915783978998661,51.82539272122085],[5.915756653994322,51.82535609230399],[5.915713990107179,51.82533061131835],[5.915666129440069,51.82529289275408],[5.915635535493493,51.82527302764356],[5.915597146376967,51.82524763047695],[5.915578790009022,51.82523153722286],[5.9155298396945,51.825176468119025],[5.915486924350262,51.82511955499649],[5.915469657629728,51.82510832324624],[5.915455408394337,51.82510145008564],[5.915456414222717,51.82509524747729],[5.915460018441081,51.8250862788409],[5.915446439757943,51.82506985031068],[5.915394388139248,51.82503934018314],[5.91534074395895,51.82501628994942],[5.915309228003025,51.82500086724758],[5.915304953232408,51.82499885559082],[5.9152922965586185,51.8249929882586],[5.915240412577987,51.82496985420585],[5.915234796702862,51.824946468696],[5.915221972391009,51.82492710649967],[5.915135722607374,51.824908666312695],[5.9151144325733185,51.824898943305016],[5.915121892467141,51.82490103878081],[5.915112588554621,51.82489776983857],[5.915017705410719,51.82489341124892],[5.91497428715229,51.824897518381476],[5.914966156706214,51.824895925819874],[5.914958864450455,51.82490690611303],[5.9149103332310915,51.824928279966116],[5.914864568039775,51.82498896494508],[5.914854425936937,51.82502140291035],[5.914840176701546,51.82505459524691],[5.914831878617406,51.82507588528097],[5.914809163659811,51.82511813007295],[5.914796506986022,51.825128020718694],[5.9147395100444555,51.82518308982253],[5.914685782045126,51.82522885501385],[5.914641609415412,51.82527554221451],[5.914602298289537,51.825305968523026],[5.9145760629326105,51.82532776147127],[5.91453499160707,51.82536983862519],[5.914523089304566,51.82539942674339],[5.914505822584033,51.825401186943054],[5.914501799270511,51.825407641008496],[5.91448076069355,51.82540453970432],[5.914491908624768,51.82541334070265],[5.9144888911396265,51.825411915779114],[5.914486376568675,51.825434463098645],[5.914492327719927,51.82543756440282],[5.914466176182032,51.825435468927026],[5.914419153705239,51.82547813281417],[5.914393337443471,51.82552373036742],[5.914388811215758,51.82555482722819],[5.914384368807077,51.82559791021049],[5.914389230310917,51.825624061748385],[5.914375567808747,51.82565893046558],[5.914332987740636,51.825700337067246],[5.914324102923274,51.82570989243686],[5.9142423793673515,51.8257718347013],[5.914223603904247,51.82579136453569],[5.914209522306919,51.825807206332684],[5.91420466080308,51.825822461396456],[5.914165265858173,51.8258807156235],[5.914166523143649,51.82592413388193],[5.914162918925285,51.82593653909862],[5.914161494001746,51.826000744476914],[5.914161829277873,51.82606838643551],[5.914170043542981,51.8261016625911],[5.91416459530592,51.82613007724285],[5.914149591699243,51.826190343126655],[5.914145819842815,51.82620098814368],[5.91413039714098,51.826228899881244],[5.91411430388689,51.82626200839877],[5.914089661091566,51.82628874666989],[5.9141007252037525,51.82630400173366],[5.9141013119369745,51.82631095871329],[5.914077088236809,51.826342307031155],[5.913965525105596,51.82638111524284],[5.913949515670538,51.826385809108615],[5.913886399939656,51.82641874998808],[5.913873827084899,51.826425874605775],[5.913829067721963,51.826461497694254],[5.913814399391413,51.82647599838674],[5.913753379136324,51.82653894647956],[5.913707362487912,51.82659611105919],[5.913698561489582,51.82659845799208],[5.913664614781737,51.826645731925964],[5.913610719144344,51.82672946713865],[5.913604097440839,51.82679442688823],[5.913590686395764,51.82686885818839],[5.913541233167052,51.826922837644815],[5.9135059453547,51.826931554824114],[5.913493540138006,51.82693172246218],[5.913414163514972,51.826985785737634],[5.913409385830164,51.8269891384989],[5.913364542648196,51.82703532278538],[5.913364291191101,51.827049320563674],[5.913344845175743,51.827074801549315],[5.9133385587483644,51.82708636857569],[5.9133117366582155,51.827109921723604],[5.913290698081255,51.82713749818504],[5.913307964801788,51.82716113515198],[5.913311652839184,51.827160799875855],[5.913348952308297,51.82718552649021],[5.91335448436439,51.82718544267118],[5.913362363353372,51.82718753814697],[5.913369152694941,51.82719340547919],[5.91334518045187,51.82717236690223],[5.913339061662555,51.82716314680874],[5.913319196552038,51.827163649722934],[5.913300169631839,51.827142694965005],[5.9132537338882685,51.82712140493095],[5.913241412490606,51.82711654342711],[5.91324551962316,51.82711511850357],[5.9132687374949455,51.827130541205406],[5.913275275379419,51.82714923284948],[5.913254236802459,51.82720463722944],[5.913217691704631,51.8272346444428],[5.913204196840525,51.82724562473595],[5.913198916241527,51.82725786231458],[5.91317905113101,51.827271692454815],[5.913171926513314,51.82729449123144],[5.91316488571465,51.82730798609555],[5.913127418607473,51.82734319008887],[5.913094729185104,51.82736322283745],[5.913078552111983,51.82737194001675],[5.9130537416785955,51.82738677598536],[5.913046114146709,51.82739859446883],[5.913035217672586,51.82740974240005],[5.913003785535693,51.82745567522943],[5.9130004327744246,51.82746539823711],[5.9129933919757605,51.827475875616074],[5.912981824949384,51.827485179528594],[5.912967072799802,51.82750789448619],[5.912953075021505,51.82752264663577],[5.912875793874264,51.827575201168656],[5.912830783054233,51.8276038672775],[5.912790717557073,51.827611243352294],[5.912771774455905,51.82760797441006],[5.912712346762419,51.82758333161473],[5.912704300135374,51.82756816036999],[5.9126918110996485,51.827557096257806],[5.912674544379115,51.82753731496632],[5.912654343992472,51.82750781066716],[5.912597430869937,51.827462296932936],[5.912587372586131,51.82744788005948],[5.912530040368438,51.82740580290556],[5.912524340674281,51.827404545620084],[5.912468433380127,51.827434469014406],[5.912457453086972,51.827436313033104],[5.912428367882967,51.82745651341975],[5.912416633218527,51.827459782361984],[5.912386290729046,51.82746657170355],[5.912385452538729,51.82746456004679],[5.912344045937061,51.82747285813093],[5.912333820015192,51.82747604325414],[5.912319989874959,51.827465649694204],[5.912327533587813,51.827469086274505],[5.912322923541069,51.82747386395931],[5.912342788651586,51.827476881444454],[5.9123385977,51.827473947778344],[5.9123328141868114,51.827475875616074],[5.912289312109351,51.827488113194704],[5.912232818081975,51.82746891863644],[5.912232734262943,51.82747243903577],[5.912222340703011,51.827451484277844],[5.912274224683642,51.82746288366616],[5.912271207198501,51.82743958197534],[5.912248324602842,51.827422147616744],[5.912233740091324,51.827412424609065],[5.91217783279717,51.82738300412893],[5.912146735936403,51.827369425445795],[5.912129217758775,51.82735995389521],[5.912098120898008,51.827358193695545],[5.9120800998061895,51.82736640796065],[5.912065850570798,51.827364061027765],[5.912006590515375,51.827363977208734],[5.911940457299352,51.82739515788853],[5.911936266347766,51.82740177959204],[5.911908689886332,51.82743606157601],[5.911893853917718,51.82747554033995],[5.911893853917718,51.82749574072659],[5.91190273873508,51.82755131274462],[5.911899050697684,51.82756514288485],[5.911900391802192,51.82759934104979],[5.911906426772475,51.827672431245446],[5.911915982142091,51.827769074589014],[5.91190324164927,51.82783520780504],[5.911892764270306,51.82788843289018],[5.911886980757117,51.827895222231746],[5.91185730881989,51.827940149232745],[5.911847921088338,51.827952805906534],[5.9118518605828285,51.8279632832855],[5.911844819784164,51.827968982979655],[5.911844987422228,51.82797661051154],[5.911847250536084,51.827990524470806],[5.911854794248939,51.82799706235528],[5.9118586499243975,51.82800837792456],[5.911863762885332,51.828029081225395],[5.911859488114715,51.828049533069134],[5.911877928301692,51.828074092045426],[5.911886729300022,51.82808272540569],[5.911897039040923,51.82813251391053],[5.911901313811541,51.828178530558944],[5.91191690415144,51.828223541378975],[5.911908857524395,51.82828330434859],[5.911904415115714,51.82833854109049],[5.911899553611875,51.8283517844975],[5.911883879452944,51.828413140028715],[5.911880694329739,51.828421941027045],[5.9118707198649645,51.82848673313856],[5.911841718479991,51.82856384664774],[5.911820512264967,51.82861019857228],[5.911777261644602,51.82868018746376],[5.911741303279996,51.828732239082456],[5.911738956347108,51.82873961515725],[5.911741051822901,51.82875093072653],[5.911703919991851,51.82878915220499],[5.91166184283793,51.82883944362402],[5.911651281639934,51.82885520160198],[5.911647425964475,51.82886349968612],[5.9116189274936914,51.82891177944839],[5.911548268049955,51.82895134203136],[5.911496048793197,51.82895930483937],[5.9114820510149,51.828964753076434],[5.911464784294367,51.82897489517927],[5.911436537280679,51.82899090461433],[5.9114000760018826,51.829011188820004],[5.911390269175172,51.82902912609279],[5.911402171477675,51.829044464975595],[5.911412062123418,51.82904186658561],[5.911410637199879,51.82904337532818],[5.911379540339112,51.8290788307786],[5.911330506205559,51.82915711775422],[5.911289267241955,51.829213527962565],[5.911288848146796,51.82922291569412],[5.9112693183124065,51.82925149798393],[5.911257164552808,51.829294078052044],[5.9112434182316065,51.82933087460697],[5.911256829276681,51.829347889870405],[5.91125288978219,51.829361133277416],[5.911244675517082,51.82941544800997],[5.91122405603528,51.82947554625571],[5.911219445988536,51.82951686903834],[5.911203185096383,51.829579984769225],[5.911194887012243,51.82960328646004],[5.911194300279021,51.82965659536421],[5.911153480410576,51.82973714545369],[5.911139063537121,51.8297400791198],[5.911128334701061,51.82978064753115],[5.911120204254985,51.829850217327476],[5.911113163456321,51.829874105751514],[5.911075863987207,51.82993680238724],[5.911004953086376,51.8299956433475],[5.910941585898399,51.83005079627037],[5.9109447710216045,51.83011315762997],[5.910956086590886,51.83016462251544],[5.910957511514425,51.83017199859023],[5.910953488200903,51.830172669142485],[5.910951811820269,51.83015204966068],[5.910916943103075,51.8301441706717],[5.910859862342477,51.83016722090542],[5.910824993625283,51.83018113486469],[5.9107188787311316,51.83023829944432],[5.910678980872035,51.83024768717587],[5.910596419125795,51.83028104715049],[5.910545792430639,51.830322034657],[5.9105219040066,51.83035606518388],[5.910526346415281,51.83039395138621],[5.910523999482393,51.830413062125444],[5.910516455769539,51.83040979318321],[5.910502374172211,51.83039923198521],[5.910490723326802,51.8304240424186],[5.910486029461026,51.830407697707415],[5.910471361130476,51.830393029376864],[5.910470355302095,51.830376936122775],[5.910484353080392,51.83036922477186],[5.910488544031978,51.8303859885782],[5.910493154078722,51.83038506656885],[5.91050379909575,51.83038146235049],[5.910457614809275,51.83037878014147],[5.910427607595921,51.8303841445595],[5.9103999473154545,51.83038841933012],[5.910384273156524,51.830394957214594],[5.910302046686411,51.83041423559189],[5.910290312021971,51.83041624724865],[5.910261142998934,51.83041197247803],[5.910197105258703,51.83039830997586],[5.910111106932163,51.83038498274982],[5.91001320630312,51.83039537630975],[5.909995352849364,51.83039822615683],[5.909919496625662,51.83041960000992],[5.909885298460722,51.830434603616595],[5.909828720614314,51.83043736964464],[5.9098138846457005,51.8304361961782],[5.909699136391282,51.830444913357496],[5.909583969041705,51.830462431535125],[5.909495372325182,51.830500988289714],[5.909433178603649,51.83051012456417],[5.909396046772599,51.8305120524019],[5.909317759796977,51.83051825501025],[5.9093082044273615,51.830507358536124],[5.909311389550567,51.830511298030615],[5.909320944920182,51.83052588254213],[5.909325890243053,51.8305329233408],[5.909293033182621,51.83050920255482],[5.909318095073104,51.83050408959389],[5.909282136708498,51.83050232939422],[5.909271156415343,51.83047408238053],[5.9092107228934765,51.830438459292054],[5.909179039299488,51.830372242257],[5.909154312685132,51.830353969708085],[5.9090949688106775,51.8303135689348],[5.9090714156627655,51.83026512153447],[5.9089945536106825,51.83020133525133],[5.9089344553649426,51.830131681635976],[5.908880392089486,51.83008147403598],[5.908854156732559,51.83003612793982],[5.908848876133561,51.83002062141895],[5.9087966568768024,51.82995608076453],[5.908724656328559,51.82989103719592],[5.908676376566291,51.82984845712781],[5.90864016674459,51.82980881072581],[5.908614182844758,51.829795986413956],[5.908544445410371,51.82978785596788],[5.908524328842759,51.82978047989309],[5.908506894484162,51.82974393479526],[5.908507397398353,51.82973714545369],[5.908472444862127,51.82966665364802],[5.908430200070143,51.829601023346186],[5.9083616361021996,51.829530112445354],[5.908333137631416,51.82947219349444],[5.908283768221736,51.829444617033005],[5.908248061314225,51.829436318948865],[5.908130630850792,51.82947705499828],[5.9080094285309315,51.829528687521815],[5.907990653067827,51.82953723706305],[5.907930554822087,51.829566238448024],[5.9078253619372845,51.8296311981976],[5.907788146287203,51.829675203189254],[5.9077084343880415,51.829765141010284],[5.907629560679197,51.829832615330815],[5.907598799094558,51.829861951991916],[5.90757348574698,51.829899502918124],[5.907574659213424,51.829903023317456],[5.907571222633123,51.82990914210677],[5.907526547089219,51.829957673326135],[5.90749436058104,51.82998969219625],[5.907472148537636,51.830014418810606],[5.907438118010759,51.83005507104099],[5.907429652288556,51.83007610961795],[5.907336780801415,51.830136040225625],[5.9072263073176146,51.83018666692078],[5.907213818281889,51.83019043877721],[5.907157072797418,51.83025313541293],[5.907086161896586,51.83031549677253],[5.907000415027142,51.830377858132124],[5.906928749755025,51.830422366037965],[5.9068891033530235,51.83043988421559],[5.906851468607783,51.83046578429639],[5.90679463930428,51.83049168437719],[5.906775780022144,51.83051657862961],[5.9067663084715605,51.83052412234247],[5.906674275174737,51.830584555864334],[5.906580900773406,51.83063275180757],[5.906508648768067,51.83065311983228],[5.9064900409430265,51.830655885860324],[5.906463218852878,51.83066041208804],[5.90645064599812,51.83066988363862],[5.906371185556054,51.83070408180356],[5.906283427029848,51.830737525597215],[5.906217880547047,51.8307744897902],[5.9062090795487165,51.830782452598214],[5.906114615499973,51.83082226663828],[5.906051164492965,51.830845065414906],[5.906028030440211,51.83085319586098],[5.905930800363421,51.83087230660021],[5.905853183940053,51.83090105652809],[5.905786547809839,51.830934500321746],[5.905761821195483,51.830965764820576],[5.905634583905339,51.830992083996534],[5.9055605717003345,51.83100172318518],[5.905535677447915,51.83101379312575],[5.905472477898002,51.831049248576164],[5.905341887846589,51.831073220819235],[5.90529796667397,51.831073723733425],[5.9052646066993475,51.83108177036047],[5.905138626694679,51.8311164714396],[5.905079618096352,51.83113407343626],[5.904971743002534,51.83115393854678],[5.904872585088015,51.83119970373809],[5.904849702492356,51.831204146146774],[5.904809469357133,51.83121168985963],[5.9047748520970345,51.83122736401856],[5.904715256765485,51.831268183887005],[5.904626660048962,51.83131470344961],[5.904525239020586,51.831353176385164],[5.904424488544464,51.83138720691204],[5.90439984574914,51.83140338398516],[5.9043575171381235,51.83142970316112],[5.904272440820932,51.8314566090703],[5.90425425209105,51.83146080002189],[5.9041796531528234,51.83147429488599],[5.904083009809256,51.83151570148766],[5.903945462778211,51.831544786691666],[5.903857117518783,51.83155903592706],[5.903739267960191,51.83155803009868],[5.903641954064369,51.83158904314041],[5.903576575219631,51.83159541338682],[5.903508933261037,51.83159792795777],[5.9034624975174665,51.8316001072526],[5.903427293524146,51.83160496875644],[5.903303744271398,51.83162206783891],[5.903217410668731,51.83161829598248],[5.903182541951537,51.8316154461354],[5.903124874457717,51.83161578141153],[5.903022615239024,51.831608740612864],[5.903003420680761,51.83160463348031],[5.902916835620999,51.831614188849926],[5.902763865888119,51.831621900200844],[5.902703516185284,51.83162407949567],[5.902680214494467,51.83162315748632],[5.902529759332538,51.83164436370134],[5.902468403801322,51.83164386078715],[5.90235591866076,51.831646459177136],[5.902204709127545,51.83165391907096],[5.902188951149583,51.83165048249066],[5.902154250070453,51.831651320680976],[5.902157435193658,51.831652745604515],[5.902178389951587,51.831646878272295],[5.902117034420371,51.8316550925374],[5.902010081335902,51.83165039867163],[5.901916455477476,51.831657104194164],[5.901841856539249,51.831672526896],[5.901746219024062,51.8316809926182],[5.9016820974648,51.831684010103345],[5.901583945378661,51.83169599622488],[5.901564667001367,51.83169800788164],[5.901509178802371,51.83172231540084],[5.901400130242109,51.83174192905426],[5.901278341189027,51.83174771256745],[5.901144398376346,51.831763219088316],[5.901066195219755,51.83178333565593],[5.9009968768805265,51.83178886771202],[5.900958990678191,51.831797417253256],[5.900947256013751,51.83180529624224],[5.900862431153655,51.8318260833621],[5.90073075145483,51.83182558044791],[5.900563197210431,51.831847205758095],[5.900438306853175,51.8318451102823],[5.900379465892911,51.83185768313706],[5.900320960208774,51.83186472393572],[5.900229848921299,51.83186396956444],[5.90013069100678,51.83188542723656],[5.900060534477234,51.83188701979816],[5.900041591376066,51.83188199065626],[5.900047710165381,51.83190135285258],[5.90002465993166,51.83188936673105],[5.900019882246852,51.831888193264604],[5.899971602484584,51.83186405338347],[5.899968668818474,51.83186120353639],[5.900012170895934,51.8318710103631],[5.900020804256201,51.831868244335055],[5.900003788992763,51.83186841197312],[5.900000687688589,51.83186908252537],[5.900003956630826,51.8319333717227],[5.9000104945153,51.831966480240226],[5.900030275806785,51.831956170499325],[5.900035137310624,51.83193638920784],[5.900023654103279,51.831914596259594],[5.900000771507621,51.83192524127662],[5.899939080700278,51.83193236589432],[5.899846125394106,51.83193085715175],[5.899735987186432,51.83196228928864],[5.899632554501295,51.83197251521051],[5.899533731862903,51.83197360485792],[5.89944270439446,51.83195734396577],[5.899422504007816,51.831955751404166],[5.899387719109654,51.831954661756754],[5.8993059117347,51.83196019381285],[5.899212537333369,51.8319730181247],[5.899144895374775,51.83199062012136],[5.899054287001491,51.8320076353848],[5.899031991139054,51.83202347718179],[5.899030733853579,51.83202490210533],[5.898940712213516,51.83203806169331],[5.8988655265420675,51.83204518631101],[5.898781456053257,51.83205423876643],[5.89869998395443,51.832063710317016],[5.89867458678782,51.832075444981456],[5.898581296205521,51.83208541944623],[5.898479958996177,51.83208835311234],[5.898367390036583,51.83207913301885],[5.898244846612215,51.83209916576743],[5.898134121671319,51.83211760595441],[5.898025492206216,51.83212112635374],[5.8979949820786715,51.83212305419147],[5.897925579920411,51.83213386684656],[5.8977920562028885,51.832135040313005],[5.897684935480356,51.83215088211],[5.8975959196686745,51.83216555044055],[5.89757127687335,51.83217141777277],[5.897493911907077,51.83218323625624],[5.8973741345107555,51.83218759484589],[5.897283526137471,51.83219128288329],[5.897146565839648,51.832207292318344],[5.897122174501419,51.83221441693604],[5.8970867190510035,51.83220368809998],[5.8970557898283005,51.83219304308295],[5.896968366578221,51.83219631202519],[5.896886810660362,51.83218843303621],[5.89686568826437,51.83218407444656],[5.8968437276780605,51.83218130841851],[5.896781785413623,51.83218658901751],[5.896766614168882,51.83219304308295],[5.896678185090423,51.83225188404322],[5.896589253097773,51.832266887649894],[5.896476600319147,51.832339810207486],[5.896385405212641,51.83237124234438],[5.896265543997288,51.83238440193236],[5.896176025271416,51.83245774358511],[5.896105198189616,51.832474591210485],[5.8960553258657455,51.83251599781215],[5.8959864266216755,51.832580622285604],[5.895972847938538,51.832593781873584],[5.895974775776267,51.83261071331799],[5.895927250385284,51.83263694867492],[5.895855166018009,51.832672990858555],[5.895845610648394,51.83273862116039],[5.895851226523519,51.83279343880713],[5.895806383341551,51.83282361365855],[5.895820381119847,51.83283777907491],[5.89582490734756,51.832841048017144],[5.895837480202317,51.83285898528993],[5.895808981731534,51.83289427310228],[5.8957955706864595,51.832915395498276],[5.895780483260751,51.832924112677574],[5.895742597058415,51.83296853676438],[5.8957346342504025,51.833005249500275],[5.895714517682791,51.833026288077235],[5.8956963289529085,51.83303567580879],[5.895697167143226,51.83303743600845],[5.895686773583293,51.833055038005114],[5.895666154101491,51.83303819037974],[5.895668920129538,51.83303274214268],[5.895639583468437,51.8330158945173],[5.895642684772611,51.83303693309426],[5.8956624660640955,51.833098037168384],[5.895660957321525,51.833101557567716],[5.895655760541558,51.83318294584751],[5.8956480491906404,51.83321957476437],[5.895644277334213,51.83324195444584],[5.89563581161201,51.833290569484234],[5.895635895431042,51.833314038813114],[5.895629273727536,51.83333088643849],[5.895640756934881,51.83337966911495],[5.895634219050407,51.83343364857137],[5.89564511552453,51.83345166966319],[5.895667746663094,51.83350506238639],[5.895691132172942,51.83355770073831],[5.8957399148494005,51.833628276363015],[5.895753242075443,51.833661468699574],[5.895816860720515,51.83371846564114],[5.895862709730864,51.83377655223012],[5.895858434960246,51.833784179762006],[5.895863967016339,51.83382449671626],[5.89588550850749,51.83385291136801],[5.895948624238372,51.83392122387886],[5.895964466035366,51.8339694198221],[5.895969411358237,51.83399054221809],[5.895994557067752,51.83403228409588],[5.896065132692456,51.83409456163645],[5.896080806851387,51.83410721831024],[5.8960886020213366,51.83416731655598],[5.896101174876094,51.83418659493327],[5.896106539294124,51.83419321663678],[5.896113915368915,51.83420562185347],[5.896124308928847,51.834220457822084],[5.896179880946875,51.8342627864331],[5.896204859018326,51.83427728712559],[5.896248361095786,51.83430100791156],[5.89626613073051,51.83433210477233],[5.896256240084767,51.834342163056135],[5.896282307803631,51.834353394806385],[5.896292785182595,51.834362950176],[5.896337628364563,51.83439672924578],[5.896367467939854,51.83443478308618],[5.896382303908467,51.834462862461805],[5.896390518173575,51.83447468094528],[5.896467883139849,51.83453151024878],[5.896529825404286,51.83456805534661],[5.896535022184253,51.83457937091589],[5.896579530090094,51.834648521617055],[5.896628983318806,51.83469193987548],[5.8967009000480175,51.83474751189351],[5.896749347448349,51.83478279970586],[5.896771475672722,51.83479394763708],[5.89685638435185,51.83481984771788],[5.896942466497421,51.834852704778314],[5.897019580006599,51.83487122878432],[5.897070709615946,51.83488589711487],[5.897125694900751,51.834891345351934],[5.897184535861015,51.83489453047514],[5.89724094606936,51.834896290674806],[5.897339014336467,51.83489511720836],[5.897361226379871,51.83489067479968],[5.8973688539117575,51.83488070033491],[5.897410595789552,51.83487298898399],[5.897438591346145,51.83487215079367],[5.8974863681942225,51.834863517433405],[5.8975099213421345,51.83485941030085],[5.89756591245532,51.83484340086579],[5.897585358470678,51.83484021574259],[5.89760011062026,51.83484088629484],[5.897686276584864,51.8348431494087],[5.897708740085363,51.83484608307481],[5.897813932970166,51.834827391430736],[5.89795533567667,51.83482076972723],[5.898032784461975,51.83480995707214],[5.898047033697367,51.83480501174927],[5.898132026195526,51.83480869978666],[5.898211654275656,51.83482479304075],[5.898320786654949,51.83484801091254],[5.898388344794512,51.83488086797297],[5.8984549809247255,51.83489025570452],[5.898515498265624,51.83490299619734],[5.898569310083985,51.83491950854659],[5.898597557097673,51.8349295668304],[5.898623708635569,51.834925543516874],[5.898724794387817,51.83492763899267],[5.898858401924372,51.83492110110819],[5.898932414129376,51.83490467257798],[5.89893844909966,51.83490240946412],[5.8990019001066685,51.834880616515875],[5.899082198739052,51.83486410416663],[5.899095609784126,51.83486083522439],[5.8991246949881315,51.834842478856444],[5.899182362481952,51.83481766842306],[5.899199629202485,51.83481180109084],[5.899253273382783,51.834796043112874],[5.8993638306856155,51.8347704783082],[5.899394256994128,51.834754049777985],[5.89948964305222,51.83472781442106],[5.89950674213469,51.83472253382206],[5.8995970990508795,51.834701327607036],[5.899608163163066,51.83469193987548],[5.899672536179423,51.83467819355428],[5.8996866177767515,51.834675343707204],[5.899793319404125,51.834651455283165],[5.899803461506963,51.83465514332056],[5.899901697412133,51.834636367857456],[5.899952659383416,51.834620693698525],[5.900043686851859,51.83459127321839],[5.900073945522308,51.83458431623876],[5.9001624584198,51.83458490297198],[5.900241415947676,51.83458582498133],[5.900357589125633,51.83459697291255],[5.900455489754677,51.83459806255996],[5.90050645172596,51.83460468426347],[5.900568561628461,51.83462153188884],[5.900575937703252,51.83461708948016],[5.9006246365606785,51.83462086133659],[5.900792442262173,51.83460443280637],[5.90086461044848,51.83458540588617],[5.900877518579364,51.8345838971436],[5.900999307632446,51.834564534947276],[5.9010392893105745,51.834549363702536],[5.901142805814743,51.83451189659536],[5.901228133589029,51.83448155410588],[5.901345480233431,51.834441320970654],[5.901356544345617,51.83443972840905],[5.901371631771326,51.83443964459002],[5.901473220437765,51.834402680397034],[5.901585705578327,51.83436881750822],[5.9016751404851675,51.83434333652258],[5.901773627847433,51.834306959062815],[5.901863565668464,51.834273096174],[5.901950234547257,51.834251219406724],[5.902011590078473,51.83423839509487],[5.902107311412692,51.83420176617801],[5.902217449620366,51.8341607786715],[5.9022600296884775,51.83415365405381],[5.902278386056423,51.83414971455932],[5.902340076863766,51.83413462713361],[5.902382908388972,51.83412733487785],[5.902451639994979,51.834101770073175],[5.902489023283124,51.83408793993294],[5.902590025216341,51.83407167904079],[5.902650207281113,51.83405667543411],[5.902668898925185,51.83405416086316],[5.902684489265084,51.83405474759638],[5.90271407738328,51.834048461169004],[5.90278540737927,51.83403949253261],[5.902822455391288,51.83406388387084],[5.902807787060738,51.83405843563378],[5.902860341593623,51.834089532494545],[5.902901077643037,51.83404007926583],[5.902919266372919,51.834024572744966],[5.902931084856391,51.834019208326936],[5.903026890009642,51.83397922664881],[5.903129065409303,51.83395341038704],[5.903224116191268,51.833953158929944],[5.903234425932169,51.83394988998771],[5.90324230492115,51.833944357931614],[5.9033408761024475,51.83391150087118],[5.903495606034994,51.833878979086876],[5.903584705665708,51.8338724412024],[5.903610186651349,51.83386020362377],[5.9036975260823965,51.83384746313095],[5.9038035571575165,51.833815444260836],[5.9038724564015865,51.83378845453262],[5.903965998440981,51.83375702239573],[5.904081417247653,51.83373271487653],[5.904113436117768,51.83372039347887],[5.904201362282038,51.83370069600642],[5.904234386980534,51.83368569239974],[5.904299765825272,51.833683513104916],[5.90440621599555,51.83366968296468],[5.904473774135113,51.83364663273096],[5.904540494084358,51.8336359038949],[5.9046010952442884,51.833630288019776],[5.904639149084687,51.833615116775036],[5.904696062207222,51.83360857889056],[5.904746688902378,51.833615619689226],[5.9047795459628105,51.833625845611095],[5.904841823503375,51.83364520780742],[5.9048746805638075,51.833651242777705],[5.9049476031214,51.83362316340208],[5.904955817386508,51.83361285366118],[5.9049812983721495,51.83360405266285],[5.905030583962798,51.83359416201711],[5.905046258121729,51.83358494192362],[5.9051017463207245,51.83351964689791],[5.9051544684916735,51.83345317840576],[5.905165197327733,51.83343750424683],[5.905218003317714,51.833385955542326],[5.905280699953437,51.83332359418273],[5.905326129868627,51.833287635818124],[5.905358484014869,51.83325754478574],[5.905374912545085,51.833242205902934],[5.905435597524047,51.83318730443716],[5.905448338016868,51.833179760724306],[5.905455881729722,51.83317355811596],[5.905470298603177,51.83316375128925],[5.905489828437567,51.83315017260611],[5.905522685497999,51.833116225898266],[5.905568450689316,51.83306300081313],[5.9055782575160265,51.83305587619543],[5.90564388781786,51.83299820870161],[5.90570985339582,51.83296887204051],[5.905733909457922,51.83294892311096],[5.90576995164156,51.83292377740145],[5.905814543366432,51.83289594948292],[5.905855111777782,51.83284976519644],[5.9058833587914705,51.83281749486923],[5.905945552513003,51.83274792507291],[5.905953515321016,51.83274121955037],[5.906009338796139,51.83268648572266],[5.9060656651854515,51.832665195688605],[5.906108161434531,51.83268547989428],[5.906115118414164,51.83268589898944],[5.906231207773089,51.83268221095204],[5.90626398101449,51.83269084431231],[5.906333299353719,51.832706183195114],[5.906353332102299,51.83270651847124],[5.9064223151654005,51.83271766640246],[5.906438743695617,51.83271758258343],[5.906526753678918,51.83272202499211],[5.90658551082015,51.83272856287658],[5.9066396579146385,51.83273904025555],[5.906659942120314,51.83274549432099],[5.906678633764386,51.83274859562516],[5.906740240752697,51.832763850688934],[5.90688063763082,51.83279830031097],[5.9069550689309835,51.83283652178943],[5.906980214640498,51.83284381404519],[5.907035870477557,51.83285940438509],[5.907095717266202,51.83287373743951],[5.907115833833814,51.83288195170462],[5.907190935686231,51.832926543429494],[5.907235527411103,51.832961244508624],[5.907335774973035,51.83302201330662],[5.907412217929959,51.833074651658535],[5.907448176294565,51.83309845626354],[5.9074418898671865,51.83309116400778],[5.907428814098239,51.83308554813266],[5.907373828813434,51.83306844905019],[5.9074424766004086,51.83308948762715],[5.907529816031456,51.83314279653132],[5.907583627849817,51.83317297138274],[5.90760039165616,51.83318252675235],[5.907621597871184,51.83319325558841],[5.907665602862835,51.833223262801766],[5.907713128253818,51.83327414095402],[5.907735591754317,51.83331621810794],[5.907738525420427,51.833322336897254],[5.907768700271845,51.833364414051175],[5.907771214842796,51.8333787471056],[5.907780434936285,51.83340774849057],[5.9078144654631615,51.83346323668957],[5.907819326967001,51.83348243124783],[5.907843802124262,51.83349550701678],[5.907860733568668,51.83353113010526],[5.907864924520254,51.833535404875875],[5.907903900370002,51.83358259499073],[5.90789845213294,51.83358661830425],[5.907890070229769,51.8336168769747],[5.9078845381736755,51.83361629024148],[5.907896775752306,51.83364068157971],[5.907894093543291,51.83363917283714],[5.907896105200052,51.83364604599774],[5.907897613942623,51.83365233242512],[5.907926866784692,51.83367747813463],[5.907916808500886,51.833666330203414],[5.907907588407397,51.8336464650929],[5.907922089099884,51.8336620554328],[5.908060222864151,51.833726009353995],[5.908100372180343,51.83374143205583],[5.908109592273831,51.833752328529954],[5.908125936985016,51.83377454057336],[5.908145131543279,51.833784682676196],[5.908200200647116,51.833759285509586],[5.9082135278731585,51.83375199325383],[5.90823121368885,51.83372525498271],[5.908273626118898,51.83368376456201],[5.908324085175991,51.83364470489323],[5.908338753506541,51.833637496456504],[5.90836456976831,51.833623414859176],[5.90841636992991,51.83357672765851],[5.9084441140294075,51.833551581948996],[5.90848820284009,51.83348201215267],[5.908496584743261,51.833468517288566],[5.90850044041872,51.83336768299341],[5.908516114577651,51.83328109793365],[5.908517120406032,51.83326927945018],[5.908538913354278,51.83325503021479],[5.908549809828401,51.83323357254267],[5.90855810791254,51.83315268717706],[5.908593311905861,51.83305436745286],[5.908628096804023,51.83302209712565],[5.908645195886493,51.83299753814936],[5.908658690750599,51.83298001997173],[5.908682160079479,51.83292872272432],[5.908704875037074,51.832928052172065],[5.90869733132422,51.83290592394769],[5.908722309395671,51.83288144879043],[5.908746449276805,51.832871893420815],[5.908798836171627,51.83288044296205],[5.908785341307521,51.83289620094001],[5.908765476197004,51.83283048681915],[5.908776121214032,51.83281246572733],[5.908791208639741,51.832727221772075],[5.908801518380642,51.83270056731999],[5.908849043771625,51.83263300918043],[5.9088746923953295,51.83259889483452],[5.908914254978299,51.832552375271916],[5.908958427608013,51.83252479881048],[5.908994469791651,51.83245548047125],[5.909013915807009,51.83241960592568],[5.909037217497826,51.83239370584488],[5.909061273559928,51.832373505458236],[5.90906479395926,51.832361686974764],[5.909087006002665,51.83234584517777],[5.909103685989976,51.83236361481249],[5.909140817821026,51.832425724714994],[5.909134699031711,51.832463443279266],[5.909141823649406,51.832468220964074],[5.909150959923863,51.83247392065823],[5.909134363755584,51.83247677050531],[5.909038977697492,51.83247325010598],[5.9089836571365595,51.83247819542885],[5.908963540568948,51.832479955628514],[5.90894996188581,51.83247878216207],[5.908936634659767,51.832486325874925],[5.9088684897869825,51.832488253712654],[5.908870082348585,51.8324704002589],[5.908888690173626,51.83245724067092],[5.90899589471519,51.83243217878044],[5.9090163465589285,51.83242882601917],[5.909099075943232,51.832439973950386],[5.909213405102491,51.83245095424354],[5.909299571067095,51.83245573192835],[5.909327985718846,51.83247232809663],[5.909350533038378,51.8324859905988],[5.909379199147224,51.83250996284187],[5.90943711809814,51.832534270361066],[5.909465365111828,51.83253552764654],[5.909571815282106,51.832557236775756],[5.90966627933085,51.832584561780095],[5.909695699810982,51.83258514851332],[5.909719755873084,51.8325861543417],[5.909776417538524,51.832595793530345],[5.909901978448033,51.832613814622164],[5.909948498010635,51.83259897865355],[5.909959813579917,51.83258925564587],[5.90996433980763,51.832584980875254],[5.9099658485502005,51.8325861543417],[5.909961489960551,51.83259126730263],[5.90996190905571,51.8325999006629],[5.909965513274074,51.832600738853216],[5.909963836893439,51.832570815458894],[5.909952856600285,51.8325721565634],[5.9099499229341745,51.83257567696273],[5.909954868257046,51.832576682791114],[5.909960316494107,51.832576682791114],[5.909965094178915,51.83258464559913],[5.909963082522154,51.832591351121664],[5.90996827930212,51.83259906247258],[5.909958053380251,51.83261423371732],[5.90996433980763,51.832595290616155],[5.909971464425325,51.83258196339011],[5.909980516880751,51.83258045464754],[5.909983031451702,51.83257634751499],[5.909983366727829,51.832576179876924],[5.910027455538511,51.83255732059479],[5.910042794421315,51.83256813324988],[5.910063665360212,51.83256813324988],[5.910075567662716,51.832568384706974],[5.910074058920145,51.832558158785105],[5.910014631226659,51.83257701806724],[5.90999661013484,51.8325911834836],[5.909996274858713,51.83258623816073],[5.909997029229999,51.832588920369744],[5.91000247746706,51.83258724398911],[5.910066431388259,51.83258531615138],[5.910137761384249,51.83254994452],[5.910224094986916,51.83250174857676],[5.910314032807946,51.83245623484254],[5.910366587340832,51.83242924511433],[5.910377986729145,51.83242144994438],[5.910471361130476,51.8323908559978],[5.910495752468705,51.83238842524588],[5.910513857379556,51.83237476274371],[5.9105271846055984,51.83236721903086],[5.910578230395913,51.832342157140374],[5.910604298114777,51.83233813382685],[5.910686105489731,51.832285495474935],[5.910731283947825,51.83222221210599],[5.910722482949495,51.83218373917043],[5.910726003348827,51.83214308694005],[5.910739582031965,51.83212104253471],[5.9107595309615135,51.8320903647691],[5.910771684721112,51.832069493830204],[5.910799345001578,51.83205616660416],[5.910851396620274,51.83203864842653],[5.910886013880372,51.8320335354656],[5.910926414653659,51.83202582411468],[5.911002522334456,51.832015262916684],[5.911055495962501,51.832001600414515],[5.911120120435953,51.83199640363455],[5.911194384098053,51.831962959840894],[5.911244759336114,51.83191400952637],[5.911295134574175,51.83184150606394],[5.911362189799547,51.83181971311569],[5.911374595016241,51.83181820437312],[5.911452881991863,51.831800770014524],[5.911485739052296,51.83179473504424],[5.911575760692358,51.83177009224892],[5.911620603874326,51.83177595958114],[5.911620771512389,51.831772942095995],[5.91161641292274,51.83176774531603],[5.911636361852288,51.83177512139082],[5.911639546975493,51.83178048580885],[5.911645162850618,51.831781240180135],[5.911644995212555,51.83179029263556],[5.911671901121736,51.83179666288197],[5.911660082638264,51.831815522164106],[5.911744739860296,51.83180931955576],[5.911830822005868,51.83179423213005],[5.911907013505697,51.831785598769784],[5.911971302703023,51.83176640421152],[5.912036010995507,51.83175408281386],[5.912077836692333,51.831749472767115],[5.912092253565788,51.8317449465394],[5.91215000487864,51.83173555880785],[5.912204906344414,51.831725500524044],[5.91222770512104,51.8317243270576],[5.9123071655631065,51.83172969147563],[5.91239626519382,51.831720722839236],[5.912383943796158,51.83171066455543],[5.912383608520031,51.83171468786895],[5.912389475852251,51.83171753771603],[5.912368604913354,51.831713346764445],[5.912362150847912,51.831713765859604],[5.912367682904005,51.83171845972538],[5.912358211353421,51.831712843850255],[5.912371873855591,51.831724578514695],[5.912419063970447,51.831723069772124],[5.912541942670941,51.83169214054942],[5.912577398121357,51.83167990297079],[5.91265082359314,51.831651236861944],[5.912732211872935,51.83162625879049],[5.912781078368425,51.8316154461354],[5.91284578666091,51.8316016998142],[5.91285752132535,51.831594156101346],[5.912917368113995,51.831569680944085],[5.912963720038533,51.8315586168319],[5.913071846589446,51.83151360601187],[5.9131809789687395,51.83148343116045],[5.913190618157387,51.83147605508566],[5.91323864646256,51.831429870799184],[5.913319615647197,51.83137262240052],[5.913390107452869,51.83127916418016],[5.913417097181082,51.83123867958784],[5.9134360402822495,51.83123113587499],[5.9134687297046185,51.831212528049946],[5.913549028337002,51.83120255358517],[5.913634859025478,51.83122484944761],[5.913646845147014,51.831229627132416],[5.913693616166711,51.83123968541622],[5.913754301145673,51.83125460520387],[5.913800736889243,51.83127086609602],[5.913884723559022,51.831307243555784],[5.913948509842157,51.831318978220224],[5.913968542590737,51.83131939731538],[5.91401070356369,51.8313426990062],[5.914010955020785,51.83134839870036],[5.914052026346326,51.83136264793575],[5.91406149789691,51.83137823827565],[5.914060911163688,51.831395756453276],[5.91406149789691,51.83139734901488],[5.914065856486559,51.83138377033174],[5.914066191762686,51.83137798681855],[5.914073903113604,51.831389889121056],[5.914075244218111,51.831378573551774],[5.914077591150999,51.83136910200119],[5.9140795189887285,51.831366335973144],[5.914090750738978,51.83136122301221],[5.914090080186725,51.8313617259264],[5.9140880685299635,51.831361474469304],[5.914083207026124,51.83136239647865],[5.914114136248827,51.83137346059084],[5.914166606962681,51.831345381215215],[5.9141775872558355,51.83133775368333],[5.91425453312695,51.8312890548259],[5.914284540340304,51.83127245865762],[5.914330054074526,51.831243792548776],[5.914335586130619,51.831237338483334],[5.914376825094223,51.83120490051806],[5.914430385455489,51.83116910979152],[5.914458967745304,51.83114513754845],[5.914479000493884,51.83112929575145],[5.914530213922262,51.831081518903375],[5.914580589160323,51.831039944663644],[5.91463758610189,51.83101178146899],[5.914648398756981,51.831000884994864],[5.914720399305224,51.83094841428101],[5.914787705987692,51.830909606069326],[5.914800446480513,51.830896865576506],[5.914808576926589,51.830878760665655],[5.914806313812733,51.83087901212275],[5.914816288277507,51.830851854756474],[5.914818635210395,51.830855794250965],[5.914836321026087,51.83086283504963],[5.914853252470493,51.83085470460355],[5.914904717355967,51.83083567768335],[5.914945201948285,51.83080424554646],[5.914945621043444,51.83079829439521],[5.914985267445445,51.83074892498553],[5.915021309629083,51.830715816468],[5.9150307811796665,51.8307039141655],[5.915063135325909,51.830662759020925],[5.915095321834087,51.830615317448974],[5.915133375674486,51.83058438822627],[5.915134213864803,51.83057374320924],[5.915191965177655,51.830539712682366],[5.915247621014714,51.830504927784204],[5.915262456983328,51.830499060451984],[5.915286764502525,51.83047684840858],[5.915291290730238,51.83046611957252],[5.915315933525562,51.83040048927069],[5.915301097556949,51.83034550398588],[5.915315095335245,51.8303410615772],[5.915312748402357,51.83031910099089],[5.9153076354414225,51.83030535466969],[5.915337223559618,51.83029026724398],[5.91535490937531,51.83028683066368],[5.915390448644757,51.83028473518789],[5.915417522192001,51.83028624393046],[5.9154837392270565,51.8302773591131],[5.9155049454420805,51.83027249760926],[5.915528330951929,51.83026344515383],[5.915578538551927,51.83025372214615],[5.915593458339572,51.830259673297405],[5.9155994933098555,51.83026512153447],[5.9155938774347305,51.83028934523463],[5.915627991780639,51.83034307323396],[5.915658166632056,51.83038632385433],[5.915743745863438,51.830468801781535],[5.915761599317193,51.83052169159055],[5.915774507448077,51.830541640520096],[5.915811974555254,51.83057558722794],[5.915888082236052,51.83064063079655],[5.915892440825701,51.83064783923328],[5.915937032550573,51.83070156723261],[5.915981959551573,51.83076133020222],[5.915993861854076,51.8307694606483],[5.9160806983709335,51.830787817016244],[5.916084051132202,51.830791840329766],[5.916130989789963,51.83078991249204],[5.9161832090467215,51.830785889178514],[5.916238445788622,51.830784464254975],[5.916256383061409,51.8307813629508],[5.916294269263744,51.83078186586499],[5.916325617581606,51.830781530588865],[5.916325785219669,51.830774657428265],[5.916331736370921,51.830772226676345],[5.916360570117831,51.830774154514074],[5.916365850716829,51.83077574707568],[5.916391583159566,51.83077407069504],[5.916407592594624,51.83077381923795],[5.916419662535191,51.830775160342455],[5.916458051651716,51.83077683672309],[5.91651395894587,51.83078387752175],[5.916531812399626,51.83079058304429],[5.9165548626333475,51.83079678565264],[5.916568776592612,51.830799132585526],[5.916608087718487,51.830802988260984],[5.91673381626606,51.830811789259315],[5.916830291971564,51.83080416172743],[5.916910422965884,51.830777171999216],[5.9170278534293175,51.83075839653611],[5.917122820392251,51.83074473403394],[5.917230192571878,51.83071430772543],[5.917310072109103,51.830705339089036],[5.917361620813608,51.83068664744496],[5.917498078197241,51.83063233271241],[5.91755473986268,51.83062881231308],[5.917638894170523,51.83059277012944],[5.9177458472549915,51.83055303990841],[5.917782811447978,51.830538623034954],[5.917841820046306,51.830501491203904],[5.91786696575582,51.83048363775015],[5.91789772734046,51.83045916259289],[5.917949862778187,51.830390682443976],[5.917972410097718,51.83036243543029],[5.9179808758199215,51.83034743182361],[5.918016247451305,51.83030862361193],[5.918048936873674,51.83028792031109],[5.9180324245244265,51.83029864914715],[5.918019432574511,51.83029118925333],[5.9180285688489676,51.830281633883715],[5.918020773679018,51.83027844876051],[5.918037872761488,51.83029077015817],[5.918068299070001,51.830292362719774],[5.918091516941786,51.83028381317854],[5.91807316057384,51.830280125141144],[5.918051199987531,51.830285489559174],[5.918023372069001,51.83025539852679],[5.917959585785866,51.83019194751978],[5.917949611321092,51.830186331644654],[5.917938798666,51.83018029667437],[5.917903259396553,51.83017669245601],[5.917905019596219,51.83016948401928],[5.917897475883365,51.83015238493681],[5.9178801253438,51.830125730484724],[5.917831175029278,51.83008264750242],[5.91778876259923,51.83004895225167],[5.9177682269364595,51.830029003322124],[5.9177349507808685,51.829994805157185],[5.917727574706078,51.82998969219625],[5.9176896046847105,51.82995348237455],[5.9176477789878845,51.82992272078991],[5.91760796494782,51.82989832945168],[5.917604444548488,51.8298920430243],[5.917567145079374,51.82985734194517],[5.917546525597572,51.82984175160527],[5.917511908337474,51.829820880666375],[5.917500676587224,51.829816438257694],[5.917486846446991,51.82981610298157],[5.9174607787281275,51.82982071302831],[5.91743940487504,51.829832615330815],[5.917425490915775,51.829850133508444],[5.917422054335475,51.829853570088744],[5.917411241680384,51.82985792867839],[5.917413253337145,51.829862874001265],[5.917412079870701,51.829871674999595],[5.917413588613272,51.829887349158525],[5.9174154326319695,51.829882403835654],[5.917373104020953,51.82988408021629],[5.917372265830636,51.82987980544567],[5.917363045737147,51.82985717430711],[5.917453235015273,51.829815013334155],[5.917471339926124,51.8297868501395],[5.917469998821616,51.82978014461696],[5.917465137317777,51.829749969765544],[5.917456755414605,51.82974334806204],[5.917427251115441,51.82971669360995],[5.917412582784891,51.8297022767365],[5.917396657168865,51.829698756337166],[5.917332032695413,51.829684004187584],[5.917323399335146,51.829678136855364],[5.917312586680055,51.82967126369476],[5.917303869500756,51.829666988924146],[5.917277801781893,51.82964234612882],[5.917241591960192,51.829610243439674],[5.917204041033983,51.82959004305303],[5.917199514806271,51.82958694174886],[5.917154503986239,51.829563304781914],[5.917120641097426,51.82954469695687],[5.917108571156859,51.829541930928826],[5.917075127363205,51.82953673414886],[5.91707588173449,51.82953564450145],[5.917075714096427,51.829535057768226],[5.917056687176228,51.829526172950864],[5.917034642770886,51.82952298782766],[5.917002791538835,51.829526759684086],[5.916996169835329,51.829529106616974],[5.916961552575231,51.82954637333751],[5.916921906173229,51.82954997755587],[5.916915452107787,51.82955198921263],[5.9168747160583735,51.82952893897891],[5.916865998879075,51.82952307164669],[5.916841942816973,51.829514941200614],[5.9168529231101274,51.8295138515532],[5.916843451559544,51.8294879514724],[5.916838087141514,51.82945232838392],[5.916835740208626,51.829388877376914],[5.916834315285087,51.82937513105571],[5.916836075484753,51.82937605306506],[5.916872285306454,51.829351326450706],[5.91688821092248,51.82935115881264],[5.9168805833905935,51.82936079800129],[5.916900532320142,51.829360546544194],[5.916922073811293,51.82935023680329],[5.9169453755021095,51.829348308965564],[5.9169683419167995,51.82934721931815],[5.916996002197266,51.82934856042266],[5.917101614177227,51.82934428565204],[5.917129777371883,51.829344956204295],[5.917226253077388,51.8293396756053],[5.917334379628301,51.82932090014219],[5.917420545592904,51.829289300367236],[5.917447786778212,51.82925149798393],[5.9174545761197805,51.829227190464735],[5.917461784556508,51.8291649967432],[5.9174637123942375,51.829159213230014],[5.917483996599913,51.829105066135526],[5.91749120503664,51.82907782495022],[5.917507549747825,51.8290510866791],[5.917508136481047,51.82903985492885],[5.917497910559177,51.82900900952518],[5.917496737092733,51.82899526320398],[5.917491540312767,51.828975565731525],[5.917452480643988,51.82892493903637],[5.91744233854115,51.8289165571332],[5.917410235852003,51.82887037284672],[5.917415767908096,51.82885184884071],[5.917413169518113,51.82884539477527],[5.91741300188005,51.82884095236659],[5.917421048507094,51.82882318273187],[5.917423479259014,51.828792253509164],[5.917446697130799,51.82875210419297],[5.9174535702914,51.82874363847077],[5.9174751956015825,51.82872276753187],[5.9174958150833845,51.82869343087077],[5.917510567232966,51.8286625854671],[5.91752590611577,51.8286488391459],[5.917540825903416,51.828626710921526],[5.917568234726787,51.828591004014015],[5.917582316324115,51.82855471037328],[5.917534539476037,51.82850978337228],[5.917525654658675,51.82849494740367],[5.917510064318776,51.82847022078931],[5.917486930266023,51.828456642106175],[5.9174535702914,51.82843334041536],[5.917448792606592,51.82842839509249],[5.917446780949831,51.82841305620968],[5.917428340762854,51.8283760920167],[5.917419958859682,51.828307611867785],[5.917432364076376,51.82824726216495],[5.917433788999915,51.828226055949926],[5.917432531714439,51.82819202542305],[5.917422054335475,51.828174674883485],[5.9174086432904005,51.828136537224054],[5.917406547814608,51.828106697648764],[5.917386934161186,51.82807459495962],[5.91736220754683,51.828025644645095],[5.9173621237277985,51.827986501157284],[5.9173450246453285,51.82797845453024],[5.917339911684394,51.82796722277999],[5.917326081544161,51.82790905237198],[5.917328093200922,51.82788969017565],[5.917331948876381,51.82787426747382],[5.917338486760855,51.82785524055362],[5.917324824258685,51.82783177122474],[5.917275287210941,51.82778793387115],[5.917236898094416,51.8277439288795],[5.917248548939824,51.82774501852691],[5.917242933064699,51.827719286084175],[5.917227761819959,51.827689949423075],[5.9172136802226305,51.82765851728618],[5.917201107367873,51.82760277763009],[5.917194485664368,51.827560532838106],[5.91719607822597,51.82751317508519],[5.917202867567539,51.827504709362984],[5.917194318026304,51.8274849280715],[5.917205633595586,51.8274743668735],[5.917224995791912,51.827480820938945],[5.917237568646669,51.82749481871724],[5.917238155379891,51.82749926112592],[5.917276544496417,51.827515522018075],[5.917303031310439,51.82752197608352],[5.917412918061018,51.82753589004278],[5.917446697130799,51.827547289431095],[5.91749606654048,51.8275626283139],[5.9175255708396435,51.827597580850124],[5.917537976056337,51.827603951096535],[5.917633445933461,51.82763756252825],[5.917702931910753,51.82766522280872],[5.917708715423942,51.82767100632191],[5.9177252277731895,51.827680142596364],[5.917806196957827,51.82771811261773],[5.9178306721150875,51.827727165073156],[5.91797249391675,51.827782737091184],[5.9180639404803514,51.827821461483836],[5.918086068704724,51.82783185504377],[5.918196039274335,51.827901592478156],[5.918232249096036,51.8279165122658],[5.918316822499037,51.82795146480203],[5.918446322903037,51.82799278758466],[5.918524274602532,51.82802556082606],[5.918536176905036,51.82802790775895],[5.91862334869802,51.828033523634076],[5.918672801926732,51.82805196382105],[5.918755531311035,51.82807384058833],[5.91880708001554,51.828059423714876],[5.918819904327393,51.828053975477815],[5.918893413618207,51.828067637979984],[5.918906070291996,51.828074092045426],[5.918973544612527,51.82811390608549],[5.91902207583189,51.828150702640414],[5.919093489646912,51.82819093577564],[5.9191512409597635,51.82820174843073],[5.919178482145071,51.82820962741971],[5.91925417073071,51.8282325938344],[5.9192669950425625,51.82824080809951],[5.919282417744398,51.828252794221044],[5.919274287298322,51.828253380954266],[5.919318795204163,51.828267043456435],[5.919355591759086,51.82827617973089],[5.91941250488162,51.828280705958605],[5.919516189023852,51.828276850283146],[5.919551979750395,51.82826980948448],[5.919581735506654,51.828251956030726],[5.91959523037076,51.82824667543173],[5.919614089652896,51.82823888026178],[5.919626662507653,51.82823661714792],[5.919653484597802,51.82824005372822],[5.919665386900306,51.82824298739433],[5.919679468497634,51.82824835181236],[5.919694220647216,51.82824986055493],[5.919750547036529,51.82825757190585],[5.919781057164073,51.828256230801344],[5.919825816527009,51.82826913893223],[5.919827492907643,51.82827207259834],[5.919846771284938,51.828276263549924],[5.919871581718326,51.82828774675727],[5.919879963621497,51.82829420082271],[5.919930087402463,51.828319346532226],[5.919953305274248,51.82832479476929],[5.919956406578422,51.82832487858832],[5.91998565942049,51.82832672260702],[5.919999238103628,51.828319849446416],[5.920038465410471,51.82832990773022],[5.920041399076581,51.82832823134959],[5.920050870627165,51.82831867597997],[5.920052547007799,51.828324040398],[5.9200491942465305,51.82834440842271],[5.9200589172542095,51.82834591716528],[5.920086661353707,51.82836703956127],[5.920098563656211,51.82837525382638],[5.920126643031836,51.828392185270786],[5.920147094875574,51.82840157300234],[5.920165115967393,51.82839930988848],[5.9201952908188105,51.8283930234611],[5.920222280547023,51.82838757522404],[5.920243235304952,51.82837869040668],[5.920255556702614,51.828379360958934],[5.920240134000778,51.82838103733957],[5.920190177857876,51.82837776839733],[5.920139299705625,51.828384809195995],[5.9201346058398485,51.828445410355926],[5.920229405164719,51.828434178605676],[5.920308278873563,51.82842982001603],[5.920353960245848,51.82842562906444],[5.920413639396429,51.82842546142638],[5.9204293973743916,51.82842688634992],[5.920456554740667,51.8284226115793],[5.920489830896258,51.8284347653389],[5.920536266639829,51.82849100790918],[5.920563843101263,51.82852319441736],[5.920599130913615,51.82854171842337],[5.920687476173043,51.82858589105308],[5.920761404559016,51.82864464819431],[5.9207831136882305,51.82870835065842],[5.920803649351001,51.82880021631718],[5.9208593890070915,51.828857297077775],[5.920881684869528,51.82889518328011],[5.920903813093901,51.82892401702702],[5.920930886641145,51.82898453436792],[5.920956619083881,51.82903474196792],[5.920963827520609,51.829058546572924],[5.920974221080542,51.829124093055725],[5.920968856662512,51.82912778109312],[5.9209671802818775,51.82914823293686],[5.920978831127286,51.82917958125472],[5.920983105897903,51.82918922044337],[5.920988721773028,51.829258035868406],[5.920993918552995,51.82926951907575],[5.921017806977034,51.82932081632316],[5.9210670087486506,51.82938518933952],[5.921069858595729,51.82939943857491],[5.92108896933496,51.82937839999795],[5.921073630452156,51.8293914757669],[5.921039264649153,51.829447047784925],[5.921046389266849,51.829479821026325],[5.921056866645813,51.82952608913183],[5.921059548854828,51.82953522540629],[5.921075390651822,51.829538913443685],[5.921093579381704,51.82955576106906],[5.921122748404741,51.82957101613283],[5.921168010681868,51.82960378937423],[5.92117203399539,51.829605884850025],[5.921186869964004,51.829616194590926],[5.9211749676615,51.829630276188254],[5.921169351786375,51.82963781990111],[5.921171447262168,51.82967495173216],[5.921215619891882,51.82974142022431],[5.92123749665916,51.829764219000936],[5.92128443531692,51.8298283405602],[5.921315448358655,51.82985222898424],[5.921356435865164,51.829896150156856],[5.92136356048286,51.82990662753582],[5.921385437250137,51.82992867194116],[5.921420473605394,51.82994610629976],[5.92143639922142,51.829936215654016],[5.921437991783023,51.829918110743165],[5.921438662335277,51.8299163505435],[5.921436818316579,51.8299126625061],[5.921399183571339,51.82989874854684],[5.921424413099885,51.8299351260066],[5.921488702297211,51.829947447404265],[5.921504041180015,51.82995792478323],[5.921506052836776,51.82996169663966],[5.921528600156307,51.829961109906435],[5.921537317335606,51.829967983067036],[5.921579143032432,51.82997795753181],[5.921517284587026,51.82998231612146],[5.921491384506226,51.829969407990575],[5.921505466103554,51.829984998330474],[5.921511081978679,51.830003606155515],[5.921528181061149,51.82999757118523],[5.921639995649457,51.82991945184767],[5.921691544353962,51.82989338412881],[5.921760527417064,51.829852145165205],[5.921884244307876,51.829814091324806],[5.921918107196689,51.82979866862297],[5.921958843246102,51.82979095727205],[5.921976612880826,51.829794477671385],[5.9219746850430965,51.829796489328146],[5.921968901529908,51.829793471843004],[5.9220015071332455,51.829790035262704],[5.922096557915211,51.82973940856755],[5.922115501016378,51.829733876511455],[5.922223376110196,51.829706970602274],[5.922278864309192,51.829702192917466],[5.922312391921878,51.829699175432324],[5.922343237325549,51.829691883176565],[5.922437617555261,51.829642010852695],[5.92256803996861,51.829591635614634],[5.922711538150907,51.82954075746238],[5.922864004969597,51.829465571790934],[5.9229998756200075,51.829411424696445],[5.923011777922511,51.829407485201955],[5.923101715743542,51.82937689125538],[5.923122670501471,51.82936767116189],[5.923208920285106,51.82933288626373],[5.923333391547203,51.82927270419896],[5.923450151458383,51.829246804118156],[5.9235302824527025,51.8292099237442],[5.923652658239007,51.829160721972585],[5.923767490312457,51.82913742028177],[5.9238995891064405,51.82908687740564],[5.924012660980225,51.82905049994588],[5.924026072025299,51.82904823683202],[5.9241122379899025,51.82902066037059],[5.9242097195237875,51.82896978221834],[5.924337627366185,51.828933488577604],[5.924436030909419,51.82890239171684],[5.9245307464152575,51.8288594763726],[5.92463786713779,51.82882418856025],[5.924726631492376,51.82878370396793],[5.924756890162826,51.82877741754055],[5.92485043220222,51.828752690926194],[5.924978507682681,51.82870700955391],[5.925026955083013,51.82867859490216],[5.92504539526999,51.82865872979164],[5.925079677253962,51.82863811030984],[5.9250790905207396,51.828633248806],[5.925092082470655,51.82864506728947],[5.925102224573493,51.82864950969815],[5.925156287848949,51.8286160659045],[5.925182020291686,51.82859117165208],[5.925271874293685,51.8285505194217],[5.925349574536085,51.82851606979966],[5.925362063571811,51.82851313613355],[5.925372205674648,51.82851045392454],[5.925466250628233,51.82848824188113],[5.925633134320378,51.828433591872454],[5.925743356347084,51.82840794324875],[5.925808567553759,51.82840056717396],[5.925841173157096,51.828378941863775],[5.925896158441901,51.828381875529885],[5.925938319414854,51.82839780114591],[5.925932954996824,51.82840836234391],[5.925949215888977,51.8283602502197],[5.925935804843903,51.828342732042074],[5.925954580307007,51.828323202207685],[5.926010236144066,51.828313395380974],[5.926049714908004,51.82831012643874],[5.926073603332043,51.828305181115866],[5.926158679649234,51.828289506956935],[5.926178293302655,51.8282859865576],[5.9261958952993155,51.828284645453095],[5.926277367398143,51.82825899682939],[5.926398988813162,51.828224547207355],[5.926477024331689,51.828194204717875],[5.926554976031184,51.828165454789996],[5.926607698202133,51.82815137319267],[5.926637453958392,51.82813779450953],[5.926700318232179,51.8280946277082],[5.926696211099625,51.8280840665102],[5.926736360415816,51.82805523276329],[5.926750274375081,51.82804433628917],[5.926791513338685,51.82802639901638],[5.926797045394778,51.82802254334092],[5.926806516945362,51.82801919057965],[5.926816156134009,51.82801516726613],[5.926870554685593,51.827989015728235],[5.9269418846815825,51.82793352752924],[5.92703165486455,51.82787083089352],[5.927121341228485,51.82784166187048],[5.927204238250852,51.827822383493185],[5.927319992333651,51.827795980498195],[5.927409594878554,51.827769577503204],[5.92747388407588,51.82775189168751],[5.92751445248723,51.82773747481406],[5.927627440541983,51.82768399827182],[5.9276466351002455,51.82767008431256],[5.927668008953333,51.82765633799136],[5.927749564871192,51.8275903724134],[5.92776264064014,51.82757972739637],[5.927770351991057,51.82756958529353],[5.927808238193393,51.827533626928926],[5.927866157144308,51.827496411278844],[5.927864983677864,51.827478893101215],[5.92791561037302,51.82743161916733],[5.927916280925274,51.82742424309254],[5.9279311168938875,51.827376717701554],[5.927939331158996,51.82736540213227],[5.9280130080878735,51.82731511071324],[5.928013762459159,51.82729893364012],[5.928016360849142,51.827248390764],[5.928051313385367,51.82722207158804],[5.928057264536619,51.82720581069589],[5.928052822127938,51.827193070203066],[5.928054079413414,51.827125176787376],[5.928032705560327,51.82705602608621],[5.928050642833114,51.82699391618371],[5.928046703338623,51.826981427147985],[5.928036477416754,51.8269513361156],[5.928033795207739,51.82692811824381],[5.928031615912914,51.82688067667186],[5.927986856549978,51.8268511723727],[5.927966237068176,51.82682150043547],[5.927969254553318,51.826795767992735],[5.927949557080865,51.82677288539708],[5.927892308682203,51.82671622373164],[5.927879065275192,51.82670800946653],[5.9278789814561605,51.82669887319207],[5.927869845181704,51.82669007219374],[5.927839502692223,51.82665880769491],[5.927833970636129,51.82665327563882],[5.927800023928285,51.82659502141178],[5.927795330062509,51.82657456956804],[5.927782170474529,51.82655420154333],[5.927722491323948,51.82649292983115],[5.927672954276204,51.8264227733016],[5.927627105265856,51.826368290930986],[5.927585447207093,51.826300816610456],[5.927569270133972,51.826256392523646],[5.927536999806762,51.826183050870895],[5.927526690065861,51.826149355620146],[5.9275102615356445,51.826117504388094],[5.927497772499919,51.82606402784586],[5.927444128319621,51.826004683971405],[5.927438093349338,51.82599479332566],[5.927443373948336,51.82595623657107],[5.927442703396082,51.825945004820824],[5.927397357299924,51.8258719984442],[5.92739325016737,51.82581877335906],[5.927362907677889,51.82577275671065],[5.927363494411111,51.82576412335038],[5.927321333438158,51.825705701485276],[5.9272728860378265,51.82563805952668],[5.9272413700819016,51.82557485997677],[5.927225444465876,51.82555725798011],[5.927212787792087,51.82552607730031],[5.927189737558365,51.825460782274604],[5.927180266007781,51.82542893104255],[5.927171967923641,51.82540336623788],[5.927154533565044,51.82534226216376],[5.927087562158704,51.8252797331661],[5.92707029543817,51.825226256623864],[5.9270222671329975,51.82518728077412],[5.927019165828824,51.825180826708674],[5.9269757475703955,51.825111927464604],[5.926960492506623,51.82506046257913],[5.9269138891249895,51.82501679286361],[5.926886815577745,51.824954682961106],[5.9268399607390165,51.82491042651236],[5.926819844171405,51.82484303601086],[5.926759326830506,51.82478008791804],[5.926752621307969,51.824727952480316],[5.926701743155718,51.824670787900686],[5.9267092030495405,51.824653688818216],[5.926704425364733,51.824636086821556],[5.926638627424836,51.824566684663296],[5.9266105480492115,51.82451178319752],[5.926607698202133,51.824504155665636],[5.9265560656785965,51.824444057419896],[5.926532596349716,51.82439669966698],[5.926484987139702,51.82434598915279],[5.926449783146381,51.82429804466665],[5.926413321867585,51.824222188442945],[5.926400329917669,51.824186984449625],[5.926369819790125,51.82415580376983],[5.926344590261579,51.82412856258452],[5.926324054598808,51.82411917485297],[5.926253059878945,51.82405052706599],[5.926249539479613,51.8240019120276],[5.92619514092803,51.82394281961024],[5.926193548366427,51.82392840273678],[5.926136048510671,51.82388582266867],[5.926130767911673,51.82384081184864],[5.926123056560755,51.82383452542126],[5.926102101802826,51.82380376383662],[5.926095312461257,51.82378741912544],[5.926056504249573,51.823735032230616],[5.9260165225714445,51.8236702401191],[5.925990538671613,51.82362925261259],[5.925976205617189,51.82361173443496],[5.925930021330714,51.82355482131243],[5.925944270566106,51.8235526420176],[5.9259700030088425,51.823547864332795],[5.925980731844902,51.8235391471535],[5.925982827320695,51.82349447160959],[5.925971930846572,51.82347083464265],[5.925957597792149,51.82344845496118],[5.925952652469277,51.82343127205968],[5.925963884219527,51.823431523516774],[5.925996154546738,51.823429176583886],[5.92600361444056,51.82342431508005],[5.92603144235909,51.82342347688973],[5.9260601084679365,51.82341408915818],[5.926113082095981,51.82339598424733],[5.926151303574443,51.823383746668696],[5.9262091387063265,51.82337033562362],[5.926297148689628,51.82333848439157],[5.926308715716004,51.82333521544933],[5.926386918872595,51.82332004420459],[5.926431929692626,51.82331216521561],[5.926446178928018,51.823314344510436],[5.926479874178767,51.82330973446369],[5.926557993516326,51.82328140363097],[5.926600322127342,51.82327293790877],[5.926599148660898,51.82328131981194],[5.926591604948044,51.823287857696414],[5.926624294370413,51.82327251881361],[5.926623539999127,51.82327394373715],[5.926661845296621,51.82323966175318],[5.92673066072166,51.82323966175318],[5.926738623529673,51.82324133813381],[5.9267654456198215,51.823277631774545],[5.926791345700622,51.823343681171536],[5.926802325993776,51.82339271530509],[5.926831243559718,51.8234440125525],[5.926841385662556,51.82345373556018],[5.9268514439463615,51.82346588931978],[5.92688019387424,51.823523472994566],[5.92688262462616,51.82352263480425],[5.926868375390768,51.823526909574866],[5.926877511665225,51.82354610413313],[5.926918247714639,51.82354333810508],[5.927024530246854,51.82352950796485],[5.927117234095931,51.82351014576852],[5.927185043692589,51.823505368083715],[5.927286213263869,51.823485335335135],[5.9273761510849,51.82349095121026],[5.927467094734311,51.82346781715751],[5.927497101947665,51.82345541194081],[5.927527528256178,51.82347192429006],[5.927561139687896,51.823468655347824],[5.927570862695575,51.823466308414936],[5.9276065696030855,51.82345926761627],[5.927648562937975,51.82345046661794],[5.927672116085887,51.823449125513434],[5.927705140784383,51.82345331646502],[5.9277912229299545,51.82345465756953],[5.927837742492557,51.82344409637153],[5.927876299247146,51.823435965925455],[5.927888620644808,51.82343261316419],[5.9278996009379625,51.823430601507425],[5.927910748869181,51.82343311607838],[5.927967578172684,51.82341551408172],[5.927985263988376,51.82340989820659],[5.927987108007073,51.82340679690242],[5.927994232624769,51.8234025221318],[5.928025329485536,51.82339657098055],[5.928031280636787,51.82339506223798],[5.928069334477186,51.82337209582329],[5.928067155182362,51.8233628757298],[5.928065562620759,51.8233541585505],[5.92805927619338,51.8233385682106],[5.9280583541840315,51.82333068922162],[5.928056677803397,51.82332624681294],[5.928063718602061,51.82331493124366],[5.928072519600391,51.82326355017722],[5.928103197365999,51.82320663705468],[5.928113590925932,51.823198925703764],[5.928178634494543,51.823168750852346],[5.928207719698548,51.82315768674016],[5.92824837192893,51.82312784716487],[5.9283387288451195,51.82309222407639],[5.928347948938608,51.82308250106871],[5.9283278323709965,51.82306624017656],[5.928312577307224,51.82307604700327],[5.928300004452467,51.823081662878394],[5.928293215110898,51.823084093630314],[5.928262788802385,51.82308627292514],[5.928254909813404,51.823055762797594],[5.928257508203387,51.823025001212955],[5.928288688883185,51.82299725711346],[5.928294975310564,51.82298585772514],[5.9282939694821835,51.82298216968775],[5.928369741886854,51.82299122214317],[5.92839103192091,51.822996167466044],[5.928449286147952,51.82300580665469],[5.928458841517568,51.82300270535052],[5.92848926782608,51.82300245389342],[5.928518353030086,51.8230018671602],[5.928545594215393,51.82299977168441],[5.928597562015057,51.82297504507005],[5.9286014176905155,51.82296875864267],[5.928605776280165,51.82294554077089],[5.9286070335656404,51.8229466304183],[5.92862019315362,51.82294227182865],[5.9286880027502775,51.82291142642498],[5.92875019647181,51.82289248332381],[5.928762601688504,51.82289038784802],[5.928816245868802,51.82288946583867],[5.928910877555609,51.82288217358291],[5.928936023265123,51.8228829279542],[5.928997462615371,51.82288644835353],[5.929078767076135,51.82289818301797],[5.929181193932891,51.82289952412248],[5.929275406524539,51.8228742107749],[5.929285800084472,51.82286884635687],[5.929332068189979,51.82286825962365],[5.9293960221111774,51.82288024574518],[5.929435081779957,51.82287571951747],[5.929472716525197,51.82285392656922],[5.92947137542069,51.82284252718091],[5.929483696818352,51.82282626628876],[5.929498448967934,51.82282492518425],[5.9295273665338755,51.82281402871013],[5.929595176130533,51.822800701484084],[5.929654603824019,51.822776813060045],[5.929663237184286,51.82279164902866],[5.929665835574269,51.82280690409243],[5.929690646007657,51.82280455715954],[5.929745966568589,51.82278494350612],[5.929820565506816,51.822770023718476],[5.929846968501806,51.822756780311465],[5.929938750341535,51.822716714814305],[5.930007314309478,51.82268276810646],[5.93001963570714,51.822679080069065],[5.9300492238253355,51.82266307063401],[5.930055258795619,51.822657035663724],[5.930066742002964,51.82264949195087],[5.930076045915484,51.822629710659385],[5.93009096570313,51.822605738416314],[5.930084008723497,51.82259467430413],[5.930090714246035,51.82256952859461],[5.930097922682762,51.822569109499454],[5.930112758651376,51.822521751746535],[5.9301066398620605,51.82247648946941],[5.930101107805967,51.822453355416656],[5.930125331506133,51.822429886087775],[5.930150477215648,51.82240406982601],[5.930153829976916,51.82240482419729],[5.93016229569912,51.82239820249379],[5.930189453065395,51.82238403707743],[5.930186603218317,51.82237238623202],[5.930188363417983,51.82235344313085],[5.930198086425662,51.822338439524174],[5.930256340652704,51.82229292578995],[5.930310487747192,51.82229485362768],[5.930324401706457,51.82230030186474],[5.930339656770229,51.82230491191149],[5.930417440831661,51.82232863269746],[5.9304574225097895,51.82234346866608],[5.930491620674729,51.822355622425675],[5.930593125522137,51.82237590663135],[5.930670658126473,51.822399543598294],[5.930675435811281,51.82240951806307],[5.930712567642331,51.82242577895522],[5.930728409439325,51.82243072427809],[5.930841062217951,51.822441117838025],[5.9309174213558435,51.82246861048043],[5.931025296449661,51.8224960193038],[5.931069301441312,51.82250062935054],[5.931097632274032,51.82251311838627],[5.931103751063347,51.82251563295722],[5.931196371093392,51.82253994047642],[5.9312917571514845,51.82258788496256],[5.931300390511751,51.822591656818986],[5.931377923116088,51.82262199930847],[5.931427711620927,51.822639936581254],[5.931471800431609,51.822649827226996],[5.931505411863327,51.82265351526439],[5.9315847884863615,51.82267899625003],[5.931708002462983,51.82268821634352],[5.931767513975501,51.82269006036222],[5.931829204782844,51.822702549397945],[5.931880418211222,51.82272761128843],[5.931897182017565,51.822731886059046],[5.931988209486008,51.82276248000562],[5.932044116780162,51.822772454470396],[5.932119553908706,51.82278687134385],[5.932181999087334,51.82280933484435],[5.932196080684662,51.822815872728825],[5.932261543348432,51.82286582887173],[5.932303033769131,51.822875551879406],[5.932324659079313,51.82288468815386],[5.93242222443223,51.822940930724144],[5.932410154491663,51.8229915574193],[5.932398336008191,51.82300865650177],[5.93237578868866,51.82303447276354],[5.932362796738744,51.823063138872385],[5.93235868960619,51.823075879365206],[5.932429181411862,51.823162548244],[5.93247746117413,51.823182329535484],[5.932528842240572,51.823200434446335],[5.932584581896663,51.823221892118454],[5.932613415643573,51.823236141353846],[5.93275255523622,51.82326941750944],[5.932818436995149,51.823300598189235],[5.932836541905999,51.82331216521561],[5.932848192751408,51.8233161047101],[5.932943243533373,51.82334192097187],[5.9330446645617485,51.82336195372045],[5.933098644018173,51.82337863370776],[5.933110881596804,51.82338207028806],[5.933194532990456,51.82341216132045],[5.933286063373089,51.82344409637153],[5.933360327035189,51.823481395840645],[5.933432662859559,51.82349866256118],[5.933462837710977,51.82350712828338],[5.9335491713136435,51.82352967560291],[5.933593846857548,51.823546942323446],[5.933615388348699,51.82355884462595],[5.93369560316205,51.823585918173194],[5.933762658387423,51.82362623512745],[5.93377816490829,51.823644172400236],[5.933813536539674,51.8236562423408],[5.933838095515966,51.823661271482706],[5.933916885405779,51.823667641729116],[5.933934152126312,51.82367132976651],[5.933939851820469,51.823683148249984],[5.93399366363883,51.823695888742805],[5.9340589586645365,51.82371022179723],[5.934084774926305,51.82371458038688],[5.934125762432814,51.82371877133846],[5.934228273108602,51.82376369833946],[5.9342369902879,51.8237722478807],[5.934278313070536,51.823807368054986],[5.934316786006093,51.823875261470675],[5.93432349152863,51.823883475735784],[5.934357019141316,51.823927983641624],[5.93436012044549,51.82394374161959],[5.934372190386057,51.8239535484463],[5.934391552582383,51.82396343909204],[5.934455087408423,51.82400090619922],[5.934470510110259,51.824041390791535],[5.934476628899574,51.82404985651374],[5.9345245733857155,51.82408958673477],[5.9345440194010735,51.82410123758018],[5.934671005234122,51.824181620031595],[5.934708723798394,51.824208945035934],[5.9347407426685095,51.82421472854912],[5.934871751815081,51.82425186038017],[5.934970071539283,51.8242728151381],[5.9349757712334394,51.824278347194195],[5.9350476041436195,51.82431723922491],[5.935119353234768,51.824332661926746],[5.935232173651457,51.824340373277664],[5.935290930792689,51.82436124421656],[5.935330241918564,51.824377588927746],[5.935450689867139,51.824403991922736],[5.935521684587002,51.824424443766475],[5.9355556312948465,51.8244316522032],[5.935593014582992,51.82444866746664],[5.935609024018049,51.82445453479886],[5.935697201639414,51.82448588311672],[5.935824774205685,51.82450784370303],[5.935894511640072,51.82450482621789],[5.93592569231987,51.82449610903859],[5.935951340943575,51.82447465136647],[5.935947988182306,51.82443844154477],[5.935897780582309,51.824345318600535],[5.935833742842078,51.824285136535764],[5.935765011236072,51.82424549013376],[5.935751516371965,51.82424037717283],[5.9357488341629505,51.82424523867667],[5.935749085620046,51.824248759076],[5.93574003316462,51.824256805703044],[5.935721341520548,51.82427264750004],[5.93572779558599,51.82427214458585],[5.935723856091499,51.82426384650171],[5.935727879405022,51.824233336374164],[5.9357258677482605,51.82419419288635],[5.935679515823722,51.824137615039945],[5.935670966282487,51.82413040660322],[5.935646323487163,51.824087239801884],[5.935643054544926,51.82407793588936],[5.93563106842339,51.82406896725297],[5.935605922713876,51.82402890175581],[5.935583794489503,51.824003756046295],[5.935567952692509,51.823977855965495],[5.9355241153389215,51.82393988594413],[5.935519840568304,51.8239345215261],[5.935486480593681,51.8238914385438],[5.935453539714217,51.823879703879356],[5.935435267165303,51.82387408800423],[5.9354013204574585,51.82385548017919],[5.93536963686347,51.82383544743061],[5.93535304069519,51.82382555678487],[5.935300067067146,51.82377576828003],[5.935255726799369,51.82372254319489],[5.935224881395698,51.82369722984731],[5.935202417895198,51.82367803528905],[5.93511993996799,51.8236321862787],[5.935101415961981,51.82361952960491],[5.93506034463644,51.823574770241976],[5.9350543934851885,51.82357141748071],[5.934975184500217,51.82352950796485],[5.934971245005727,51.82352280244231],[5.934924138709903,51.823486760258675],[5.9348479472100735,51.82345029897988],[5.934824226424098,51.82343957014382],[5.934821208938956,51.82343621738255],[5.934791201725602,51.823426159098744],[5.934752309694886,51.82340285740793],[5.93471291474998,51.823366060853004],[5.934689696878195,51.82334477081895],[5.93466647900641,51.82332339696586],[5.934590036049485,51.82328165508807],[5.934542343020439,51.82326463982463],[5.934502445161343,51.82323203422129],[5.934444693848491,51.823203368112445],[5.934440586715937,51.823198506608605],[5.934395659714937,51.82320454157889],[5.934363640844822,51.82317294180393],[5.934348469600081,51.82316078804433],[5.934293987229466,51.823136983439326],[5.93424822203815,51.82311091572046],[5.934224585071206,51.823104713112116],[5.93418812379241,51.82307722046971],[5.934176556766033,51.82306330651045],[5.934150656685233,51.82301980443299],[5.9341829270124435,51.823003962635994],[5.9341994393616915,51.82298870757222],[5.934254005551338,51.82295928709209],[5.934267248958349,51.82294855825603],[5.934270936995745,51.82295308448374],[5.934312008321285,51.82293422520161],[5.9343640599399805,51.82289466261864],[5.934393899515271,51.82287362404168],[5.934397168457508,51.822865745052695],[5.934447627514601,51.8228292837739],[5.93449741601944,51.82278687134385],[5.934522058814764,51.822778824716806],[5.93452968634665,51.82276667095721],[5.934575200080872,51.82272325269878],[5.934625407680869,51.82266273535788],[5.934627586975694,51.82265502400696],[5.934685757383704,51.8225977756083],[5.9347195364534855,51.82256508618593],[5.934741077944636,51.82254555635154],[5.934788770973682,51.82248629629612],[5.934790531173348,51.82243290357292],[5.934797823429108,51.822380097582936],[5.934804193675518,51.822358472272754],[5.93480134382844,51.822319999337196],[5.934790447354317,51.82229493744671],[5.934784496203065,51.822258392348886],[5.934777120128274,51.822234001010656],[5.934776617214084,51.82220592163503],[5.934768738225102,51.82219468988478],[5.93478525057435,51.822129897773266],[5.9348067082464695,51.82207524776459],[5.93481064774096,51.82206904515624],[5.93485850840807,51.822027722373605],[5.934920702129602,51.822006180882454],[5.934943249449134,51.82200224138796],[5.934974765405059,51.82199293747544],[5.935041820630431,51.82200266048312],[5.935128154233098,51.822023866698146],[5.93514240346849,51.82202839292586],[5.935186073184013,51.82206158526242],[5.935170566663146,51.82206938043237],[5.935153719037771,51.8220641836524],[5.935150533914566,51.82206250727177],[5.935147851705551,51.82205714285374],[5.935164196416736,51.82204708456993],[5.935242651030421,51.82204297743738],[5.935311885550618,51.822060998529196],[5.9353892505168915,51.82207834906876],[5.935404757037759,51.82208128273487],[5.935453539714217,51.82210860773921],[5.935579771175981,51.82211305014789],[5.93565009534359,51.82212537154555],[5.935738692060113,51.82213098742068],[5.935805412009358,51.822155294939876],[5.935881603509188,51.82219259440899],[5.935968523845077,51.82224682532251],[5.936075476929545,51.82227230630815],[5.936141861602664,51.82228848338127],[5.936233727261424,51.822305750101805],[5.93626381829381,51.822298876941204],[5.936295334249735,51.82230114005506],[5.936394492164254,51.82231044396758],[5.936525417491794,51.82229275815189],[5.936547294259071,51.82228806428611],[5.936673441901803,51.822270127013326],[5.936773521825671,51.82226283475757],[5.936881313100457,51.82222545146942],[5.936897322535515,51.822220673784614],[5.936941830441356,51.822208520025015],[5.937031852081418,51.82219007983804],[5.937104523181915,51.82221019640565],[5.937122208997607,51.82221665047109],[5.937186498194933,51.82222201488912],[5.937231341376901,51.82222058996558],[5.937255816534162,51.82222243398428],[5.93730510212481,51.82221991941333],[5.937350112944841,51.822206089273095],[5.937442146241665,51.82220617309213],[5.937456730753183,51.8222074303776],[5.937514062970877,51.8222127109766],[5.937645491212606,51.82223081588745],[5.937709528952837,51.822244729846716],[5.937720341607928,51.822250513359904],[5.93781522475183,51.822283705696464],[5.937879262492061,51.82229317724705],[5.937968697398901,51.82232460938394],[5.938042206689715,51.82233919389546],[5.9381776582449675,51.82234413921833],[5.938229877501726,51.82236601598561],[5.938233649358153,51.82237280532718],[5.938334735110402,51.82238018140197],[5.938384775072336,51.82236853055656],[5.938404304906726,51.8223596457392],[5.938392570242286,51.82236073538661],[5.938395252451301,51.822361489757895],[5.938395420089364,51.82235989719629],[5.938395503908396,51.822359059005976],[5.938395671546459,51.82236132211983],[5.938406065106392,51.82236702181399],[5.938434982672334,51.82238118723035],[5.938539085909724,51.82239199988544],[5.938600357621908,51.82240993715823],[5.938702952116728,51.82240658439696],[5.938744023442268,51.82240524329245],[5.938837984576821,51.822404488921165],[5.9389489609748125,51.8224183190614],[5.938983913511038,51.82242477312684],[5.939065050333738,51.82243650779128],[5.93908273614943,51.82244723662734],[5.9391020983457565,51.822454864159226],[5.939133111387491,51.82246400043368],[5.939178206026554,51.82247414253652],[5.939256073907018,51.822490906342864],[5.939293960109353,51.8224888946861],[5.939362607896328,51.82246970012784],[5.9394902642816305,51.82246056385338],[5.939505016431212,51.82246232405305],[5.939603084698319,51.82247657328844],[5.939648682251573,51.822486128658056],[5.93970668502152,51.8224976118654],[5.939807938411832,51.822499288246036],[5.939829060807824,51.82249476201832],[5.939944479614496,51.8224785849452],[5.940021090209484,51.82248864322901],[5.940073560923338,51.822512447834015],[5.940085295587778,51.822513453662395],[5.940106334164739,51.82251554913819],[5.940216556191444,51.822530552744865],[5.940324934199452,51.822543209418654],[5.940334070473909,51.8225459754467],[5.940396264195442,51.82256198488176],[5.940429959446192,51.822575479745865],[5.940436162054539,51.8225840292871],[5.940490812063217,51.82260607369244],[5.940499529242516,51.822611102834344],[5.940585611388087,51.82262786664069],[5.940623497590423,51.822632225230336],[5.9406915586441755,51.82265913113952],[5.940708238631487,51.822672206908464],[5.940738832578063,51.822688383981586],[5.940826004371047,51.822714284062386],[5.940848886966705,51.82273171842098],[5.940889706835151,51.82276139035821],[5.9408975020051,51.822765078395605],[5.940940584987402,51.8227928224951],[5.9409530740231276,51.82280992157757],[5.940989535301924,51.822824673727155],[5.941052818670869,51.82283322326839],[5.941077126190066,51.82284261099994],[5.941146360710263,51.822869097813964],[5.941164214164019,51.82287773117423],[5.941265467554331,51.82290790602565],[5.941260606050491,51.82292617857456],[5.941246021538973,51.82292894460261],[5.941254403442144,51.822947300970554],[5.941271251067519,51.822949228808284],[5.941280219703913,51.82295241393149],[5.941278208047152,51.82296230457723],[5.941313244402409,51.82296968065202],[5.941317938268185,51.82297747582197],[5.94133629463613,51.82302139699459],[5.941339395940304,51.82302759960294],[5.941344173625112,51.8230486381799],[5.941372085362673,51.82305861264467],[5.941382981836796,51.823068503290415],[5.941449366509914,51.823108149692416],[5.941451545804739,51.823113430291414],[5.9414535574615,51.82312407530844],[5.941464873030782,51.82312550023198],[5.941508375108242,51.82315559126437],[5.9415211994200945,51.82316833175719],[5.941580291837454,51.823217030614614],[5.941644413396716,51.82324385270476],[5.941657405346632,51.823246367275715],[5.941756060346961,51.823291881009936],[5.941863767802715,51.82331887073815],[5.9419202618300915,51.82333161123097],[5.941977594047785,51.823342172428966],[5.942072477191687,51.823345106095076],[5.9421146381646395,51.82333219796419],[5.942152189090848,51.82331317104399],[5.942234415560961,51.82327922433615],[5.942272217944264,51.82327553629875],[5.9423154685646296,51.82325726374984],[5.942428708076477,51.82321149855852],[5.942452009767294,51.823193645104766],[5.94250607304275,51.823140336200595],[5.9425363317132,51.82311904616654],[5.942533230409026,51.82311125099659],[5.942546306177974,51.82310689240694],[5.942597519606352,51.823046542704105],[5.942603470757604,51.823050985112786],[5.942635992541909,51.82302491739392],[5.942616630345583,51.82297999039292],[5.942616295069456,51.82296582497656],[5.942588383331895,51.82295920327306],[5.942551419138908,51.82292911224067],[5.942544043064117,51.82292860932648],[5.942508922889829,51.82293841615319],[5.942511353641748,51.82293481193483],[5.9424753952771425,51.82290790602565],[5.942445220425725,51.822887789458036],[5.942441280931234,51.82287538424134],[5.942446142435074,51.82287379167974],[5.942441029474139,51.82287429459393],[5.942437592893839,51.8228620570153],[5.942439520731568,51.82285719551146],[5.942444801330566,51.82285510003567],[5.942452261224389,51.82284110225737],[5.942451506853104,51.82282090187073],[5.942450249567628,51.82279072701931],[5.94241127371788,51.82275602594018],[5.942402891814709,51.82274563238025],[5.942397527396679,51.82274035178125],[5.9424168057739735,51.822715708985925],[5.942423176020384,51.822686456143856],[5.942424600943923,51.82268042117357],[5.942417057231069,51.82261043228209],[5.942419487982988,51.82258612476289],[5.9424173925071955,51.82254203595221],[5.942403897643089,51.82253482751548],[5.942400461062789,51.82253172621131],[5.942388474941254,51.82254555635154],[5.942386547103524,51.82254639454186],[5.94239073805511,51.822538850829005],[5.9423997066915035,51.82252996601164],[5.942391911521554,51.82247556746006],[5.942378584295511,51.82245201431215],[5.942373890429735,51.82244530878961],[5.942367436364293,51.822446482256055],[5.9423726331442595,51.82246031239629],[5.94237363897264,51.8224510923028],[5.942360395565629,51.822428964078426],[5.9423526003956795,51.82242385111749],[5.942299626767635,51.82238956913352],[5.942288478836417,51.8223752360791],[5.942256711423397,51.822352185845375],[5.942226117476821,51.82230977341533],[5.942207258194685,51.82230046950281],[5.942168198525906,51.822267612442374],[5.942092007026076,51.822218745946884],[5.942031741142273,51.82214196771383],[5.942005841061473,51.822092179208994],[5.941999219357967,51.82207675650716],[5.941965356469154,51.822033589705825],[5.941967284306884,51.822026213631034],[5.941950185224414,51.82197860442102],[5.941936187446117,51.82193753309548],[5.941937360912561,51.821933425962925],[5.941921602934599,51.82191515341401],[5.941913807764649,51.82187492027879],[5.94191137701273,51.821853294968605],[5.941917495802045,51.821783976629376],[5.941949347034097,51.8217155802995],[5.941955968737602,51.82170979678631],[5.942004080861807,51.821653386577964],[5.9420224372297525,51.82161742821336],[5.942016737535596,51.82160954922438],[5.942021934315562,51.821604520082474],[5.942020006477833,51.82156076654792],[5.942013636231422,51.82156529277563],[5.942006008699536,51.82155749760568],[5.942005338147283,51.82152623310685],[5.942016402259469,51.8215305916965],[5.942016821354628,51.82153796777129],[5.941995196044445,51.82154232636094],[5.941945994272828,51.82154366746545],[5.941932834684849,51.82154810987413],[5.941936941817403,51.8215480260551],[5.941954292356968,51.82154509238899],[5.941954040899873,51.82155640795827],[5.941959405317903,51.821558168157935],[5.941990250721574,51.82153704576194],[5.941998967900872,51.821530256420374],[5.942021515220404,51.82150402106345],[5.9420097805559635,51.82148859836161],[5.941948005929589,51.82145490311086],[5.941904168576002,51.82146890088916],[5.941897379234433,51.821502931416035],[5.941940043121576,51.82149547152221],[5.941983545199037,51.821548445150256],[5.941982958465815,51.82155481539667],[5.94200081191957,51.82156805880368],[5.942019252106547,51.82157644070685],[5.9420579764992,51.821567974984646],[5.942110363394022,51.8215287476778],[5.942121930420399,51.821466721594334],[5.942131653428078,51.821454148739576],[5.942138023674488,51.82144794613123],[5.942155960947275,51.82141760364175],[5.942156128585339,51.82140930555761],[5.942179011180997,51.82139866054058],[5.94219921156764,51.82137661613524],[5.942220250144601,51.821369994431734],[5.942238103598356,51.821364210918546],[5.942271128296852,51.82135448791087],[5.942278252914548,51.82134987786412],[5.942296776920557,51.82136060670018],[5.9423113614320755,51.82134476490319],[5.942301554605365,51.82134099304676],[5.942274564877152,51.82134325616062],[5.9422907419502735,51.82133604772389],[5.9423010516911745,51.82133546099067],[5.942305075004697,51.821334790438414],[5.94234824180603,51.82134669274092],[5.942379254847765,51.82135121896863],[5.942329717800021,51.821353398263454],[5.942314630374312,51.82135507464409],[5.9422574657946825,51.8213408254087],[5.942262159660459,51.821341747418046],[5.942272637039423,51.82134333997965],[5.942251263186336,51.82135012932122],[5.942240199074149,51.82133160531521],[5.942274229601026,51.82131500914693],[5.942283365875483,51.821313416585326],[5.942304320633411,51.821308890357614],[5.942280851304531,51.821313835680485],[5.942286802455783,51.82128709740937],[5.942332986742258,51.82124141603708],[5.942343883216381,51.821226915344596],[5.9423653408885,51.82119087316096],[5.942363748326898,51.8211817368865],[5.942395096644759,51.82113823480904],[5.94239073805511,51.82113479822874],[5.9424102678895,51.82110336609185],[5.942412111908197,51.821070089936256],[5.942416554316878,51.82106472551823],[5.942408675327897,51.82107025757432],[5.9424102678895,51.821071011945605],[5.94241077080369,51.82107185013592],[5.942411357536912,51.82107453234494],[5.942408507689834,51.821075370535254],[5.94243910163641,51.82106346823275],[5.942471958696842,51.82104209437966],[5.942512862384319,51.82100093923509],[5.942535577341914,51.82095458731055],[5.9425349067896605,51.820957185700536],[5.942528368905187,51.8209642264992],[5.942518562078476,51.82095827534795],[5.94254856929183,51.820950480178],[5.942549742758274,51.82093732059002],[5.942570278421044,51.82091544382274],[5.942603638395667,51.82091779075563],[5.942616295069456,51.82089976966381],[5.942652672529221,51.82085274718702],[5.942656444385648,51.820845287293196],[5.942700365558267,51.82081863284111],[5.942708998918533,51.82081536389887],[5.942763900384307,51.820789044722915],[5.942799104377627,51.820767084136605],[5.942798098549247,51.82074906304479],[5.942806899547577,51.82074772194028],[5.9428382478654385,51.820733891800046],[5.942824920639396,51.820719726383686],[5.94282902777195,51.820716792717576],[5.942871775478125,51.82068904861808],[5.942869847640395,51.82068184018135],[5.942875547334552,51.82067479938269],[5.942883929237723,51.8206706084311],[5.9429198037832975,51.82068678550422],[5.942921563982964,51.82069399394095],[5.942914858460426,51.82072777301073],[5.9429213963449,51.820743614807725],[5.942934136837721,51.82074663229287],[5.9429345559328794,51.82074872776866],[5.942934053018689,51.82075744494796],[5.942931622266769,51.82082701474428],[5.942930867895484,51.82085174135864],[5.942940590903163,51.82089482434094],[5.942954672500491,51.82096372358501],[5.942980321124196,51.82099658064544],[5.9429810754954815,51.82100102305412],[5.943030277267098,51.821039244532585],[5.943080987781286,51.821065647527575],[5.943112587556243,51.821086686104536],[5.943211996927857,51.82111577130854],[5.943246530368924,51.821127170696855],[5.943283326923847,51.82113027200103],[5.943395225331187,51.82114100083709],[5.943522462621331,51.82111929170787],[5.943595049902797,51.821108562871814],[5.943618854507804,51.82110361754894],[5.943684820085764,51.82108299806714],[5.943775931373239,51.821058271452785],[5.943874251097441,51.82103069499135],[5.943899564445019,51.821024576202035],[5.943940635770559,51.82100144214928],[5.944047924131155,51.82095944881439],[5.944048929959536,51.82096439413726],[5.944044403731823,51.82096179574728],[5.944039793685079,51.82095198892057],[5.944033842533827,51.820933213457465],[5.943983551114798,51.82090966030955],[5.943951532244682,51.82089239358902],[5.943940132856369,51.82088426314294],[5.943904845044017,51.820870600640774],[5.943864695727825,51.82084386236966],[5.943857487291098,51.82084143161774],[5.943852458149195,51.82084729894996],[5.943838795647025,51.82085777632892],[5.943837705999613,51.820860374718904],[5.943840052932501,51.820868253707886],[5.943869389593601,51.82087101973593],[5.9438657853752375,51.820878060534596],[5.943859834223986,51.82088845409453],[5.94386494718492,51.820888202637434],[5.943871233612299,51.82088962756097],[5.9438807889819145,51.8208849336952],[5.943884393200278,51.82088200002909],[5.943887997418642,51.82088644243777],[5.943900067359209,51.82089013047516],[5.943878525868058,51.820908738300204],[5.943848267197609,51.820921981707215],[5.943885566666722,51.82090991176665],[5.9439432341605425,51.82091041468084],[5.943927392363548,51.82089448906481],[5.943875340744853,51.82087680324912],[5.94382144510746,51.82083087041974],[5.943810883909464,51.820808155462146],[5.943806022405624,51.82076079770923],[5.943753719329834,51.820706985890865],[5.943747516721487,51.82069114409387],[5.9437488578259945,51.820697179064155],[5.943721029907465,51.82068234309554],[5.94370418228209,51.82066817767918],[5.9436881728470325,51.82063481770456],[5.943674761801958,51.82062165811658],[5.943657662719488,51.820614198222756],[5.9436387196183205,51.82061486877501],[5.94361525028944,51.82061185128987],[5.943569066002965,51.82061386294663],[5.943544674664736,51.82060740888119],[5.943517936393619,51.82058804668486],[5.943497568368912,51.82058452628553],[5.943457335233688,51.820565247908235],[5.943462699651718,51.820545215159655],[5.943477535620332,51.820526188239455],[5.943494299426675,51.8205136153847],[5.943532017990947,51.82048310525715],[5.943555319681764,51.820469945669174],[5.943589098751545,51.820447985082865],[5.943599743768573,51.820441614836454],[5.9436610992997885,51.820421665906906],[5.9436817187815905,51.8204132001847],[5.943689849227667,51.8204100150615],[5.9437529649585485,51.8203907366842],[5.943768052384257,51.82038361206651],[5.943808872252703,51.82036609388888],[5.943825887516141,51.820340026170015],[5.943832593038678,51.82033248245716],[5.943848183378577,51.8203217536211],[5.943865701556206,51.82029275223613],[5.9438778553158045,51.82027003727853],[5.943872155621648,51.82020155712962],[5.943882297724485,51.82012285105884],[5.943878190591931,51.820070715621114],[5.943893529474735,51.820008270442486],[5.943893110379577,51.819995949044824],[5.943897971883416,51.81995814666152],[5.943899229168892,51.81990928016603],[5.943896127864718,51.81989167816937],[5.943897385150194,51.81985404342413],[5.943906269967556,51.819832334294915],[5.943919932469726,51.819814061746],[5.943939462304115,51.819794699549675],[5.943949688225985,51.81975731626153],[5.94399344176054,51.81972328573465],[5.9440206829458475,51.81969637982547],[5.944049684330821,51.81967291049659],[5.944061083719134,51.81965237483382],[5.944143645465374,51.819606525823474],[5.9441564697772264,51.81960292160511],[5.944222854450345,51.819638377055526],[5.944239869713783,51.81966268457472],[5.944254454225302,51.81966654025018],[5.944263003766537,51.81967408396304],[5.944396527484059,51.81969034485519],[5.944442208856344,51.81968850083649],[5.944505492225289,51.81968070566654],[5.944542121142149,51.81967777200043],[5.944697856903076,51.81966268457472],[5.944739263504744,51.8196673784405],[5.944847473874688,51.81968120858073],[5.94495459459722,51.81966067291796],[5.945049477741122,51.81962337344885],[5.945112090557814,51.819595796987414],[5.94513975083828,51.81957274675369],[5.945226922631264,51.81949940510094],[5.945279225707054,51.819397397339344],[5.9452970791608095,51.81934819556773],[5.945311076939106,51.819289019331336],[5.945316106081009,51.81925951503217],[5.945344185456634,51.819236716255546],[5.945347202941775,51.8192270770669],[5.945350304245949,51.819209307432175],[5.9453642182052135,51.81916739791632],[5.945390621200204,51.81910989806056],[5.945421634241939,51.81906698271632],[5.945459017530084,51.81899615563452],[5.945476619526744,51.81894921697676],[5.945478295907378,51.81893941015005],[5.9454943891614676,51.818903451785445],[5.945520289242268,51.818853579461575],[5.9455194510519505,51.81880362331867],[5.945527413859963,51.81879658252001],[5.945531185716391,51.81878702715039],[5.945515930652618,51.81873086839914],[5.945514086633921,51.818714775145054],[5.9455013461411,51.8186570238322],[5.9454867616295815,51.81859374046326],[5.945484917610884,51.81857974268496],[5.94547787681222,51.81853003799915],[5.945464298129082,51.81850254535675],[5.945470416918397,51.81848754175007],[5.94545784406364,51.81844001635909],[5.945452647283673,51.8184276111424],[5.945467986166477,51.81837019510567],[5.945483911782503,51.81834127753973],[5.945488773286343,51.81832417845726],[5.9455052856355906,51.81828562170267],[5.9455229714512825,51.81824647821486],[5.9455264918506145,51.81818990036845],[5.9455238096416,51.818164670839906],[5.945536633953452,51.81808621622622],[5.945546021685004,51.818059058859944],[5.9455780405551195,51.81801916100085],[5.945617938414216,51.81802041828632],[5.945639731362462,51.81801438331604],[5.945691699162126,51.817987225949764],[5.945805022493005,51.81793098337948],[5.945870149880648,51.817918410524726],[5.945880627259612,51.817932073026896],[5.9458893444389105,51.817964343354106],[5.945881213992834,51.81796023622155],[5.94588540494442,51.817904664203525],[5.945938294753432,51.81784205138683],[5.945960003882647,51.81783936917782],[5.94602856785059,51.81779611855745],[5.946095287799835,51.81773744523525],[5.946158738806844,51.81770802475512],[5.946186818182468,51.81769788265228],[5.946230236440897,51.81767374277115],[5.946250855922699,51.81765027344227],[5.94631782732904,51.817617919296026],[5.946360239759088,51.817554803565145],[5.94640189781785,51.81753418408334],[5.94649569131434,51.81751348078251],[5.946569787338376,51.81743921712041],[5.946618737652898,51.81741423904896],[5.9466547798365355,51.81740359403193],[5.946754273027182,51.81737241335213],[5.9467878844588995,51.81735816411674],[5.946825183928013,51.81732061319053],[5.946838594973087,51.817310051992536],[5.946899950504303,51.81726831011474],[5.9469089191406965,51.81725699454546],[5.946949906647205,51.817210810258985],[5.946985529735684,51.81718482635915],[5.947004137560725,51.81717392988503],[5.94703271985054,51.817147862166166],[5.947044286876917,51.817121878266335],[5.947119304910302,51.817090697586536],[5.9471898805350065,51.81704702787101],[5.947267496958375,51.81702749803662],[5.947304042056203,51.816996820271015],[5.947348801419139,51.816967483609915],[5.947412503883243,51.81694912724197],[5.947425328195095,51.81694325990975],[5.947437481954694,51.816932782530785],[5.947503112256527,51.816886933520436],[5.947537561878562,51.8168767914176],[5.947608053684235,51.816828763112426],[5.94767821021378,51.81679314002395],[5.9477373864501715,51.81673597544432],[5.947747444733977,51.816733963787556],[5.947809554636478,51.8166814930737],[5.947853475809097,51.81666045449674],[5.9479376301169395,51.81661996990442],[5.947976103052497,51.81658937595785],[5.947980796918273,51.816581916064024],[5.948037123307586,51.81652785278857],[5.948090851306915,51.8164830096066],[5.948106609284878,51.81644428521395],[5.9480922762304544,51.81643062271178],[5.948067046701908,51.81641452945769],[5.948066124692559,51.816412433981895],[5.948061598464847,51.81640681810677],[5.9480292443186045,51.816390473395586],[5.947963697835803,51.81635946035385],[5.947913741692901,51.816323418170214],[5.94783210195601,51.816283939406276],[5.9477809723466635,51.81625393219292],[5.947761861607432,51.816241946071386],[5.947747193276882,51.81622367352247],[5.947668487206101,51.816189140081406],[5.9476066287606955,51.816161647439],[5.947590200230479,51.816143626347184],[5.947513421997428,51.816107500344515],[5.947441589087248,51.81607154197991],[5.947416527196765,51.816069362685084],[5.947412671521306,51.81604681536555],[5.947377886623144,51.81601789779961],[5.947326337918639,51.815974647179246],[5.9472534991800785,51.815931061282754],[5.947193317115307,51.8158769980073],[5.947140175849199,51.81583835743368],[5.94709575176239,51.81580005213618],[5.947074545547366,51.81578982621431],[5.947024505585432,51.81576090864837],[5.946977818384767,51.81572754867375],[5.946939513087273,51.81570994667709],[5.9468888863921165,51.81567759253085],[5.946880085393786,51.815674072131515],[5.9468137845396996,51.815668204799294],[5.9467919915914536,51.81566694751382],[5.94674538820982,51.815653536468744],[5.946739856153727,51.815628139302135],[5.946711944416165,51.81558648124337],[5.946654863655567,51.81554423645139],[5.946592837572098,51.81550609879196],[5.946575487032533,51.815478689968586],[5.946564674377441,51.81547885760665],[5.946554951369762,51.81546846404672],[5.946539361029863,51.81545404717326],[5.946493847295642,51.81542647071183],[5.946439281105995,51.81537668220699],[5.946367112919688,51.8153674621135],[5.94634473323822,51.8153656180948],[5.946327047422528,51.81536813266575],[5.946252951398492,51.81534944102168],[5.9462403785437346,51.815341310575604],[5.946225207298994,51.81532043963671],[5.946186063811183,51.81528531946242],[5.946160666644573,51.815262688323855],[5.946122026070952,51.81523318402469],[5.946120768785477,51.81522337719798],[5.94610090367496,51.81520870886743],[5.946066789329052,51.81519839912653],[5.946071147918701,51.81519102305174],[5.946035776287317,51.81517677381635],[5.945981377735734,51.8151687271893],[5.945915412157774,51.81514794006944],[5.945842070505023,51.8151584174484],[5.945742158219218,51.81517794728279],[5.9456554893404245,51.81520225480199],[5.945624308660626,51.81521616876125],[5.945567395538092,51.81524475105107],[5.945560606196523,51.815249528735876],[5.945548871532083,51.81526453234255],[5.945503693073988,51.8152879178524],[5.945482403039932,51.815290097147226],[5.945452814921737,51.81528573855758],[5.945392549037933,51.81527224369347],[5.945373438298702,51.81527400389314],[5.945450132712722,51.815222119912505],[5.945437978953123,51.81521658785641],[5.94541828148067,51.815215330570936],[5.945373522117734,51.81522329337895],[5.945333791896701,51.815221616998315],[5.945362625643611,51.81521097198129],[5.94536405056715,51.81520426645875],[5.945365726947784,51.81520393118262],[5.94536991789937,51.81520954705775],[5.945360027253628,51.81522245518863],[5.945376958698034,51.8151999078691],[5.945378132164478,51.81519789621234],[5.945372600108385,51.81519588455558],[5.945370504632592,51.81519504636526],[5.945347622036934,51.81519345380366],[5.945261707529426,51.81518725119531],[5.945205884054303,51.815168391913176],[5.9451904613524675,51.815160010010004],[5.945159196853638,51.815132265910506],[5.945152742788196,51.81512899696827],[5.945113264024258,51.81511432863772],[5.9450923930853605,51.81510301306844],[5.945016033947468,51.81507476605475],[5.945000695064664,51.81506412103772],[5.94493699260056,51.81504853069782],[5.944877061992884,51.815025229007006],[5.944857867434621,51.81501508690417],[5.944838002324104,51.81500402279198],[5.944763235747814,51.81496823206544],[5.944724008440971,51.814934285357594],[5.944714704528451,51.81492825038731],[5.944606494158506,51.81487209163606],[5.944598279893398,51.81486605666578],[5.944573888555169,51.81485088542104],[5.944529632106423,51.81484862230718],[5.9444220922887325,51.8148457724601],[5.944323688745499,51.81485541164875],[5.944294687360525,51.81486773304641],[5.944253196939826,51.814871253445745],[5.9442356787621975,51.814873684197664],[5.944172730669379,51.81487284600735],[5.944088827818632,51.814891370013356],[5.9440704714506865,51.81489480659366],[5.944014145061374,51.81489262729883],[5.943996040150523,51.814890280365944],[5.943983970209956,51.81488902308047],[5.943891601637006,51.814896650612354],[5.943817505612969,51.81490830145776],[5.943749025464058,51.81491022929549],[5.943701080977917,51.81491810828447],[5.943627655506134,51.8149393144995],[5.943614831194282,51.81494518183172],[5.94353117980063,51.814978290349245],[5.94351458363235,51.81498357094824],[5.943422885611653,51.815008046105504],[5.9433548245579,51.81503042578697],[5.9432814829051495,51.8150653783232],[5.943202776834369,51.815098067745566],[5.94315935857594,51.815116591751575],[5.94307042658329,51.81512799113989],[5.943014100193977,51.815138552337885],[5.94298099167645,51.81514458730817],[5.942893233150244,51.81516327895224],[5.942772198468447,51.81517484597862],[5.942762643098831,51.815175684168935],[5.942679913714528,51.815181132405996],[5.942639764398336,51.81520912796259],[5.942601794376969,51.81521558202803],[5.942564411088824,51.81522522121668],[5.942481430247426,51.8152308370918],[5.942329214885831,51.81524625979364],[5.942283449694514,51.81523469276726],[5.942277079448104,51.815235782414675],[5.942261489108205,51.81523469276726],[5.942211365327239,51.815226562321186],[5.942113129422069,51.81522320955992],[5.942084211856127,51.81522463448346],[5.942069124430418,51.81522480212152],[5.942045152187347,51.81521683931351],[5.942045738920569,51.81521440856159],[5.942041045054793,51.815209882333875],[5.9420195035636425,51.815205942839384],[5.941993268206716,51.81519630365074],[5.941924536600709,51.815183479338884],[5.941908694803715,51.815175851807],[5.9418584033846855,51.81515917181969],[5.94183761626482,51.81514919735491],[5.941764945164323,51.815123884007335],[5.9417099598795176,51.81510913185775],[5.9416587464511395,51.815103432163596],[5.941624045372009,51.815095134079456],[5.941614154726267,51.8150910269469],[5.941528910771012,51.815061774104834],[5.941512482240796,51.81505003944039],[5.941506950184703,51.81503972969949],[5.941486498340964,51.815039310604334],[5.941410139203072,51.81500058621168],[5.941375102847815,51.81495767086744],[5.941277369856834,51.81493998505175],[5.9411789663136005,51.8149358779192],[5.941070839762688,51.814956245943904],[5.941086011007428,51.81498139165342],[5.9410894475877285,51.81498943828046],[5.94109246507287,51.81500402279198],[5.941073438152671,51.815009135752916],[5.9410682413727045,51.81501458398998],[5.941066816449165,51.81502154096961],[5.941027840599418,51.81507828645408],[5.941021302714944,51.815082309767604],[5.9410155192017555,51.815084824338555],[5.940994815900922,51.81509982794523],[5.940985009074211,51.81510410271585],[5.940954582765698,51.81510712020099],[5.940941087901592,51.815123381093144],[5.940909069031477,51.81515632197261],[5.940889455378056,51.81516705080867],[5.940834302455187,51.815217677503824],[5.940821226686239,51.8152310885489],[5.940808905288577,51.815241146832705],[5.9407781437039375,51.815262185409665],[5.940763559192419,51.815276769921184],[5.940728774294257,51.81531163863838],[5.940721482038498,51.8153209425509],[5.940695246681571,51.81538841687143],[5.940692480653524,51.815403420478106],[5.940689463168383,51.815419010818005],[5.940682170912623,51.81543493643403],[5.94067906960845,51.815449772402644],[5.940678734332323,51.81545832194388],[5.940677477046847,51.81548028253019],[5.940669681876898,51.81550559587777],[5.940682170912623,51.81553795002401],[5.940696420148015,51.81561464443803],[5.940723745152354,51.815654542297125],[5.9407224878668785,51.81566066108644],[5.940687283873558,51.815712209790945],[5.940668173134327,51.81573115289211],[5.940662221983075,51.815740540623665],[5.940662808716297,51.8157472461462],[5.940658114850521,51.81575948372483],[5.940651493147016,51.81577507406473],[5.940651996061206,51.8157887365669],[5.940641853958368,51.815806506201625],[5.940648140385747,51.81583357974887],[5.940673621371388,51.81590843014419],[5.940683428198099,51.8159562908113],[5.940682673826814,51.81596710346639],[5.940670603886247,51.816003983840346],[5.940646715462208,51.81607196107507],[5.940641183406115,51.81611076928675],[5.940629951655865,51.81614622473717],[5.940632550045848,51.81622124277055],[5.94062240794301,51.81626994162798],[5.940605727955699,51.8163260165602],[5.94057303853333,51.81636281311512],[5.940570943057537,51.81637144647539],[5.940561136230826,51.816435400396585],[5.940517382696271,51.81647898629308],[5.94052366912365,51.816497426480055],[5.940516125410795,51.816530702635646],[5.940496092662215,51.81655056774616],[5.940485363826156,51.81657428853214],[5.940474383533001,51.816593231633306],[5.940441442653537,51.81661745533347],[5.9404259361326694,51.81663648225367],[5.940370699390769,51.81670672260225],[5.940342368558049,51.81675475090742],[5.940337171778083,51.816764222458005],[5.940316217020154,51.81680956855416],[5.94026081264019,51.81687042117119],[5.940256956964731,51.81687821634114],[5.940239857882261,51.81692046113312],[5.940212616696954,51.816985504701734],[5.9402132872492075,51.81701073423028],[5.940206246450543,51.817058846354485],[5.940205994993448,51.8170943018049],[5.9401826094836,51.81712313555181],[5.940168611705303,51.817146772518754],[5.9401552844792604,51.81717191822827],[5.940127791836858,51.81722044944763],[5.9401072561740875,51.817264035344124],[5.940115721896291,51.817264622077346],[5.940112452954054,51.81726763956249],[5.9400080144405365,51.81726470589638],[5.93992805108428,51.81725598871708],[5.9399146400392056,51.8172393925488],[5.939878262579441,51.81721902452409],[5.939859403297305,51.81718968786299],[5.939838867634535,51.817172253504395],[5.939794359728694,51.817140905186534],[5.939752953127027,51.81710159406066],[5.93971892260015,51.817095056176186],[5.9396610874682665,51.81707619689405],[5.939582129940391,51.817049039527774],[5.939507614821196,51.816998245194554],[5.9394478518515825,51.81695499457419],[5.93942035920918,51.816939152777195],[5.939395632594824,51.81692079640925],[5.93936562538147,51.81691744364798],[5.939351040869951,51.81691694073379],[5.939246015623212,51.8169354647398],[5.939164208248258,51.81695616804063],[5.939023811370134,51.81697611697018],[5.938981398940086,51.81699698790908],[5.938913002610207,51.817008554935455],[5.9388314466923475,51.81702456437051],[5.938750980421901,51.81703696958721],[5.93870404176414,51.817060271278024],[5.938687194138765,51.81706605479121],[5.938602201640606,51.817096984013915],[5.938513185828924,51.8171117361635],[5.938389804214239,51.81714744307101],[5.938315624371171,51.8171600997448],[5.9383072424679995,51.81715716607869],[5.9382854495197535,51.81716253049672],[5.938252592459321,51.81717191822827],[5.938108088448644,51.8171994946897],[5.938088055700064,51.81719555519521],[5.938051678240299,51.81721500121057],[5.93805025331676,51.81723888963461],[5.93809668906033,51.81729261763394],[5.9381181467324495,51.817311979830265],[5.9381788317114115,51.81737618520856],[5.9382139518857,51.81739713996649],[5.938250916078687,51.81740560568869],[5.938257118687034,51.8174172565341],[5.93829357996583,51.8174553103745],[5.938312271609902,51.81746796704829],[5.938334399834275,51.817489340901375],[5.938337668776512,51.81749822571874],[5.938356025144458,51.81756226345897],[5.93833900988102,51.817585062235594],[5.938311098143458,51.81761909276247],[5.938261980190873,51.817660415545106],[5.938236080110073,51.81766980327666],[5.938174556940794,51.81769494898617],[5.938094090670347,51.81773451156914],[5.9380206651985645,51.8177848868072],[5.937966853380203,51.81779025122523],[5.937942126765847,51.81778958067298],[5.937927793711424,51.81778874248266],[5.937897115945816,51.81777901947498],[5.937879681587219,51.81778128258884],[5.937865348532796,51.81778019294143],[5.9378095250576735,51.817778097465634],[5.937797538936138,51.81777851656079],[5.937774572521448,51.81777927093208],[5.937749845907092,51.817808942869306],[5.9377459064126015,51.81782436557114],[5.937724281102419,51.81784481741488],[5.937639623880386,51.817874405533075],[5.937622524797916,51.817877339199185],[5.937601067125797,51.81787608191371],[5.937550272792578,51.817877758294344],[5.937487157061696,51.81788798421621],[5.93743703328073,51.817883122712374],[5.937354136258364,51.81786744855344],[5.937298899516463,51.817852361127734],[5.937276100739837,51.81784322485328],[5.937258834019303,51.817838279530406],[5.937196221202612,51.817829478532076],[5.937180379405618,51.817827047780156],[5.937066720798612,51.81781598366797],[5.9370125737041235,51.81780634447932],[5.9369834046810865,51.81781782768667],[5.936892796307802,51.817812798544765],[5.936835967004299,51.81779653765261],[5.936816101893783,51.817791843786836],[5.936745190992951,51.81777918711305],[5.936662880703807,51.81776376441121],[5.936584761366248,51.817759070545435],[5.936562633141875,51.817760579288006],[5.9364821668714285,51.817754628136754],[5.936395833268762,51.81775404140353],[5.936281252652407,51.81775337085128],[5.936223166063428,51.81774121709168],[5.936175221577287,51.81771422736347],[5.936140939593315,51.817696960642934],[5.9361187275499105,51.817689752206206],[5.936003057286143,51.81767684407532],[5.935943881049752,51.81766100227833],[5.935930889099836,51.81766460649669],[5.935864336788654,51.8176588229835],[5.9357774164527655,51.81765966117382],[5.935769118368626,51.817671647295356],[5.935728969052434,51.81767860427499],[5.935602989047766,51.81768933311105],[5.935549847781658,51.817680951207876],[5.935523193329573,51.81767608970404],[5.935450186952949,51.81770148687065],[5.9353382885456085,51.81772956624627],[5.935308365151286,51.817718502134085],[5.935291098430753,51.81772084906697],[5.935239717364311,51.81772998534143],[5.935213817283511,51.817736104130745],[5.935168219730258,51.81772914715111],[5.935140140354633,51.81772411800921],[5.93508817255497,51.817738618701696],[5.9349987376481295,51.81776996701956],[5.934984069317579,51.81777541525662],[5.9349551517516375,51.81778178550303],[5.9349333588033915,51.81778656318784],[5.934926737099886,51.81779393926263],[5.934860687702894,51.817809948697686],[5.9347958117723465,51.81780341081321],[5.9347781259566545,51.81779796257615],[5.934729008004069,51.81778631173074],[5.934678968042135,51.81779058650136],[5.934642925858498,51.817789915949106],[5.934571512043476,51.817780612036586],[5.934515856206417,51.817767871543765],[5.9343784768134356,51.81780902668834],[5.934295998886228,51.81781271472573],[5.9342768881469965,51.81782050989568],[5.934260208159685,51.81783073581755],[5.9342035464942455,51.81787708774209],[5.934156104922295,51.81791706942022],[5.934128109365702,51.817923272028565],[5.934113524854183,51.81791086681187],[5.934068849310279,51.81790927425027],[5.933978576213121,51.81789854541421],[5.933932475745678,51.817883206531405],[5.933922752737999,51.81788278743625],[5.933899702504277,51.817864682525396],[5.933880843222141,51.81786057539284],[5.933847734704614,51.81784590706229],[5.933815715834498,51.81784775108099],[5.933782607316971,51.81783802807331],[5.933774812147021,51.81783174164593],[5.933701889589429,51.817795699462295],[5.933646149933338,51.81777734309435],[5.933627625927329,51.817775750532746],[5.933557469397783,51.817755633965135],[5.933542046695948,51.81775638833642],[5.933425538241863,51.81775479577482],[5.933350101113319,51.81776116602123],[5.9333250392228365,51.817781114950776],[5.933310203254223,51.81779645383358],[5.933295786380768,51.81779687292874],[5.9332487639039755,51.81780374608934],[5.933178942650557,51.81784448213875],[5.933151701465249,51.81788488291204],[5.933146337047219,51.817907094955444],[5.933135272935033,51.81792528368533],[5.933140637353063,51.817943807691336],[5.933118844404817,51.817974569275975],[5.9331123903393745,51.817984879016876],[5.9330956265330315,51.81801002472639],[5.933065535500646,51.81803743354976],[5.933014405891299,51.81808755733073],[5.932974759489298,51.81812737137079],[5.932963360100985,51.81813843548298],[5.932957660406828,51.818148074671626],[5.932913571596146,51.81821714155376],[5.932891611009836,51.8182479031384],[5.932890521362424,51.8182513397187],[5.932885827496648,51.81824740022421],[5.932874176651239,51.8182563688606],[5.93288104981184,51.81831479072571],[5.9328812174499035,51.81832694448531],[5.932886078953743,51.81839014403522],[5.93292404897511,51.81846692226827],[5.932967131957412,51.81853297166526],[5.932989427819848,51.81855149567127],[5.933015579357743,51.8185830116272],[5.93301884829998,51.8185967579484],[5.933023039251566,51.81860715150833],[5.933034606277943,51.818634727969766],[5.933042149990797,51.81864897720516],[5.933066541329026,51.81867370381951],[5.933088166639209,51.81869155727327],[5.933115072548389,51.818713434040546],[5.933120604604483,51.818726006895304],[5.933116162195802,51.818726593628526],[5.933140302076936,51.81875358335674],[5.933142313733697,51.81875802576542],[5.933117922395468,51.81878560222685],[5.933110378682613,51.81879214011133],[5.93309654854238,51.81880840100348],[5.933094369247556,51.81884980760515],[5.933114821091294,51.81886657141149],[5.93313267454505,51.818899093195796],[5.933126974850893,51.8188988417387],[5.933089926838875,51.81890185922384],[5.933053884655237,51.81889833882451],[5.933039132505655,51.81890185922384],[5.933001833036542,51.81891770102084],[5.932979537174106,51.81893287226558],[5.932973921298981,51.81893656030297],[5.932926815003157,51.81897193193436],[5.932922372594476,51.81897712871432],[5.9328841511160135,51.81900529190898],[5.93280871398747,51.819047033786774],[5.932791363447905,51.819051057100296],[5.932737970724702,51.819086177274585],[5.932726236060262,51.81909363716841],[5.932671502232552,51.8191406596452],[5.932595813646913,51.81917234323919],[5.9325177781283855,51.81919849477708],[5.932509144768119,51.81920369155705],[5.932470001280308,51.81921693496406],[5.9324638824909925,51.81922657415271],[5.932416608557105,51.8192614428699],[5.932385763153434,51.81927032768726],[5.9323616232723,51.81928189471364],[5.932333879172802,51.819296730682254],[5.932292807847261,51.81931642815471],[5.932249221950769,51.819335706532],[5.932235224172473,51.819351967424154],[5.932201948016882,51.8193790409714],[5.932205300778151,51.81939572095871],[5.93220085836947,51.8194118142128],[5.9321914706379175,51.81941717863083],[5.932134976610541,51.819417933002114],[5.9320576954633,51.81941474787891],[5.932009667158127,51.81941273622215],[5.931922914460301,51.81941608898342],[5.931901875883341,51.81941826827824],[5.931830294430256,51.81943352334201],[5.931821744889021,51.819433607161045],[5.931808585301042,51.81943637318909],[5.93179970048368,51.819433607161045],[5.93178846873343,51.81943000294268],[5.931783858686686,51.81943327188492],[5.931743625551462,51.81943025439978],[5.931737003847957,51.81943285278976],[5.931648658588529,51.81943964213133],[5.931640528142452,51.81944701820612],[5.931622926145792,51.81942891329527],[5.931601552292705,51.81943872012198],[5.931595265865326,51.81944768875837],[5.931581938639283,51.81945447809994],[5.931571880355477,51.81946118362248],[5.9315479919314384,51.81946939788759],[5.931547824293375,51.81947325356305],[5.931524271145463,51.81948825716972],[5.931485882028937,51.81949286721647],[5.9314546175301075,51.81950284168124],[5.931432489305735,51.819507367908955],[5.931419748812914,51.81951876729727],[5.931417066603899,51.81953645311296],[5.93139510601759,51.81954952888191],[5.9313886519521475,51.81955271400511],[5.931380605325103,51.81955564767122],[5.931358225643635,51.81955799460411],[5.931307515129447,51.8195690587163],[5.9312578942626715,51.81957978755236],[5.931243309751153,51.81958766654134],[5.931210117414594,51.819603592157364],[5.9311651065945625,51.81959889829159],[5.931083131581545,51.81957718916237],[5.931070642545819,51.81957509368658],[5.931004760786891,51.819547433406115],[5.930968718603253,51.81952957995236],[5.930959414690733,51.81952463462949],[5.9308782778680325,51.81949378922582],[5.930812312290072,51.819488760083914],[5.9307963866740465,51.81949496269226],[5.9307092148810625,51.81951977312565],[5.930607207119465,51.81951784528792],[5.930567644536495,51.81950728408992],[5.930550210177898,51.81949404068291],[5.9305487014353275,51.819486329331994],[5.930550210177898,51.81947928853333],[5.930523220449686,51.819458501413465],[5.9304953925311565,51.819441402330995],[5.930416937917471,51.81939588859677],[5.930348122492433,51.819358840584755],[5.93029716052115,51.819334365427494],[5.930325910449028,51.81932162493467],[5.930358096957207,51.819299245253205],[5.930403443053365,51.81928449310362],[5.930368406698108,51.81933218613267],[5.93037243001163,51.819320786744356],[5.93036949634552,51.81928331963718],[5.930330520495772,51.81924677453935],[5.9302836656570435,51.81920318864286],[5.930241504684091,51.81916890665889],[5.930233122780919,51.81912456639111],[5.93022289685905,51.81910545565188],[5.930212335661054,51.819085171446204],[5.930197248235345,51.8190629594028],[5.930172940716147,51.81903026998043],[5.9301231522113085,51.81900026276708],[5.930101023986936,51.81898592971265],[5.930080404505134,51.81897704489529],[5.930034052580595,51.81894619949162],[5.929987113922834,51.81891585700214],[5.929929194971919,51.81888358667493],[5.929840598255396,51.81884829886258],[5.9297361597418785,51.818816531449556],[5.92967270873487,51.818781327456236],[5.92962333932519,51.818770514801145],[5.929603893309832,51.818767162039876],[5.929527785629034,51.81874335743487],[5.929445223882794,51.81871645152569],[5.929369870573282,51.81869977153838],[5.929257804527879,51.8186985142529],[5.929201561957598,51.81868803687394],[5.929161077365279,51.81868250481784],[5.929065775126219,51.81865484453738],[5.929029816761613,51.81865434162319],[5.928951613605022,51.81867546401918],[5.928898137062788,51.81868468411267],[5.928862765431404,51.81869314983487],[5.928790345788002,51.81869206018746],[5.928687499836087,51.81869071908295],[5.928617008030415,51.81868367828429],[5.928605943918228,51.81867839768529],[5.928594041615725,51.81867638602853],[5.928523298352957,51.81866775266826],[5.928497817367315,51.81866557337344],[5.928449369966984,51.818670434877276],[5.928370915353298,51.81868124753237],[5.928320121020079,51.81869750842452],[5.9282774571329355,51.818716786801815],[5.92821316793561,51.81874888949096],[5.928205037489533,51.81875425390899],[5.928157679736614,51.818763725459576],[5.928129097446799,51.818764228373766],[5.928073273971677,51.81876942515373],[5.928052570670843,51.818772526457906],[5.928034968674183,51.81877613067627],[5.927970930933952,51.81879071518779],[5.927908066660166,51.818812424317],[5.927899517118931,51.81881862692535],[5.927900355309248,51.81885248981416],[5.9278996009379625,51.81885718367994],[5.927866576239467,51.81885668076575],[5.927802035585046,51.81887051090598],[5.927744619548321,51.81888710707426],[5.927698016166687,51.81890110485256],[5.927660884335637,51.81891493499279],[5.927649065852165,51.81891828775406],[5.927617214620113,51.81893253698945],[5.927538340911269,51.81896874681115],[5.927462987601757,51.81899489834905],[5.927413031458855,51.819012919440866],[5.927385957911611,51.819014847278595],[5.927331307902932,51.81903010234237],[5.9272882249206305,51.8190473690629],[5.927270874381065,51.81905088946223],[5.9272269532084465,51.81906195357442],[5.927208848297596,51.819067569449544],[5.927158808335662,51.81908550672233],[5.927109103649855,51.81910696439445],[5.927105164155364,51.819105707108974],[5.927098793908954,51.819104701280594],[5.9270549565553665,51.819099923595786],[5.927007347345352,51.819107718765736],[5.926992762833834,51.819120375439525],[5.9269889909774065,51.81912682950497],[5.926946075633168,51.81916421279311],[5.926924282684922,51.81921450421214],[5.926933083683252,51.81921802461147],[5.9269241988658905,51.819238644093275],[5.926906177774072,51.81923822499812],[5.92691439203918,51.81923403404653],[5.926888156682253,51.81922607123852],[5.926887067034841,51.819227915257215],[5.92686016112566,51.8192392308265],[5.926853874698281,51.819263119250536],[5.926846079528332,51.8192788772285],[5.926856892183423,51.81929815560579],[5.926883295178413,51.819300753995776],[5.926838032901287,51.81929899379611],[5.926881954073906,51.8192994967103],[5.926876338198781,51.819290863350034],[5.9268164075911045,51.81928910315037],[5.926793944090605,51.81928742676973],[5.926762176677585,51.819310896098614],[5.926768966019154,51.81931885890663],[5.926767708733678,51.819328079000115],[5.926756979897618,51.81936060078442],[5.926757315173745,51.819371581077576],[5.926763014867902,51.81939873844385],[5.926766199991107,51.81940544396639],[5.926769804209471,51.819428158923984],[5.926766116172075,51.81945338845253],[5.926745077595115,51.819462943822145],[5.926742982119322,51.8194688949734],[5.926726972684264,51.81948532350361],[5.926712555810809,51.81949789635837],[5.92669160105288,51.819523042067885],[5.9266905952245,51.819549445062876],[5.9267212729901075,51.81956972926855],[5.926730241626501,51.819575764238834],[5.9267442394047976,51.819569477811456],[5.9267418924719095,51.81957006454468],[5.926742563024163,51.819564113393426],[5.926760667935014,51.81955975480378],[5.926723871380091,51.819557743147016],[5.926707107573748,51.81955397129059],[5.926707778126001,51.81955598294735],[5.926731331273913,51.81956679560244],[5.926772654056549,51.81957886554301],[5.9268043376505375,51.81957811117172],[5.926807019859552,51.8195828050375],[5.926790256053209,51.81957735680044],[5.926742563024163,51.81954726576805],[5.926741138100624,51.819574842229486],[5.92673946171999,51.81957836262882],[5.926710544154048,51.81958179920912],[5.926642986014485,51.81956386193633],[5.926631335169077,51.819555815309286],[5.926596382632852,51.8195360340178],[5.9265652019530535,51.81952421553433],[5.9264718275517225,51.81948515586555],[5.926381219178438,51.81946788914502],[5.926276613026857,51.819428661838174],[5.926215006038547,51.819414077326655],[5.926191871985793,51.819408209994435],[5.92611450701952,51.819386249408126],[5.926035298034549,51.81934794411063],[5.925980983301997,51.81932229548693],[5.925935050472617,51.819287510588765],[5.925889788195491,51.81925884447992],[5.925818542018533,51.81920126080513],[5.92580228112638,51.81915767490864],[5.925739835947752,51.81909849867225],[5.925736567005515,51.81909522973001],[5.925707146525383,51.819059355184436],[5.925698094069958,51.8190455250442],[5.925644198432565,51.81899221614003],[5.925608156248927,51.81894611567259],[5.925553925335407,51.81890135630965],[5.92552425339818,51.81888652034104],[5.925506399944425,51.818872690200806],[5.925462981685996,51.818820387125015],[5.925411265343428,51.81875769048929],[5.925414869561791,51.81870027445257],[5.925404978916049,51.818686025217175],[5.925377989187837,51.81865459308028],[5.925369272008538,51.81862919591367],[5.92536105774343,51.81860748678446],[5.925286207348108,51.818540850654244],[5.925200963392854,51.818474130705],[5.925131309777498,51.81843641214073],[5.925078755244613,51.818383103236556],[5.925021506845951,51.8183203227818],[5.924959983676672,51.81827397085726],[5.924901310354471,51.8182116933167],[5.92483039945364,51.8181598931551],[5.924766780808568,51.81815654039383],[5.924722859635949,51.81816919706762],[5.9247068502008915,51.81817464530468],[5.924643902108073,51.81821571663022],[5.9246438182890415,51.81822736747563],[5.924636526033282,51.81823709048331],[5.924629904329777,51.81825586594641],[5.92460903339088,51.81827128864825],[5.924583217129111,51.81828704662621],[5.924587240442634,51.81829241104424],[5.924586318433285,51.81828361004591],[5.924589084461331,51.81827925145626],[5.924619343131781,51.81827623397112],[5.924634765833616,51.818279419094324],[5.924628563225269,51.81828444823623],[5.924593023955822,51.818277072161436],[5.924588665366173,51.81827447377145],[5.924575757235289,51.81827422231436],[5.924547091126442,51.81827145628631],[5.924560083076358,51.81827958673239],[5.924604423344135,51.818305905908346],[5.924628730863333,51.81831588037312],[5.924643147736788,51.81832158006728],[5.92466963455081,51.81832023896277],[5.924679273739457,51.81831085123122],[5.924616912379861,51.81831093505025],[5.924600148573518,51.81829936802387],[5.92462370172143,51.818293081596494],[5.924625797197223,51.818297021090984],[5.92462906613946,51.81830666027963],[5.924627305939794,51.81830171495676],[5.924616158008575,51.8182997033],[5.924572488293052,51.81828394532204],[5.924547761678696,51.81827321648598],[5.924533931538463,51.81825578212738],[5.924573577940464,51.81827028281987],[5.924635855481029,51.818300960585475],[5.924579529091716,51.81828645989299],[5.92460467480123,51.81829450652003],[5.924603417515755,51.818299954757094],[5.92462613247335,51.81830355897546],[5.924613224342465,51.818305905908346]]}}