{"type":"Feature","properties":{"name":"Forest to Forest","date":"2025-03-05","distance":"16.87 km","ascent":"200 m"},"geometry":{"type":"LineString","coordinates":[[5.721395742148161,51.80297180078924],[5.721404878422618,51.802970711141825],[5.721336901187897,51.802982445806265],[5.721200359985232,51.802993258461356],[5.72104093618691,51.80298563092947],[5.720873633399606,51.80297532118857],[5.720752933993936,51.802986385300756],[5.72063441388309,51.802986804395914],[5.720514887943864,51.802998622879386],[5.720405336469412,51.80299594067037],[5.720290504395962,51.80298169143498],[5.720273070037365,51.80298713967204],[5.720136277377605,51.80303097702563],[5.720036868005991,51.80306123569608],[5.719928741455078,51.803101636469364],[5.71987702511251,51.80309811607003],[5.719822458922863,51.80309761315584],[5.719685163348913,51.803092751652],[5.719566643238068,51.803124183788896],[5.719552477821708,51.803158381953835],[5.719551723450422,51.80318118073046],[5.719561027362943,51.80325443856418],[5.719578796997666,51.80334085598588],[5.719605619087815,51.80342651903629],[5.719612156972289,51.803492568433285],[5.719617772847414,51.8035676702857],[5.719626154750586,51.80358233861625],[5.719635123386979,51.80365735664964],[5.719638057053089,51.80374871939421],[5.719626657664776,51.80385299026966],[5.7196450140327215,51.80396631360054],[5.719642750918865,51.80405373685062],[5.719633447006345,51.80409673601389],[5.719614923000336,51.804114589467645],[5.719614420086145,51.8042085506022],[5.71961416862905,51.804258255288005],[5.719612073153257,51.80427887476981],[5.719618443399668,51.8043829780072],[5.7196317706257105,51.80449009872973],[5.7196202874183655,51.80456888861954],[5.719638308510184,51.804658994078636],[5.719628753140569,51.8047196790576],[5.71965322829783,51.80476971901953],[5.719667812809348,51.80483149364591],[5.719675775617361,51.80485513061285],[5.719715673476458,51.804919838905334],[5.719726150855422,51.80494054220617],[5.719743249937892,51.80497189052403],[5.719801755622029,51.80504665710032],[5.719828745350242,51.80507498793304],[5.7198594231158495,51.80510717444122],[5.719929244369268,51.80516232736409],[5.7199265621602535,51.805222257971764],[5.719886245205998,51.80527959018946],[5.719854729250073,51.80532317608595],[5.71982329711318,51.80533289909363],[5.71982086636126,51.80532862432301],[5.71982086636126,51.80532862432301],[5.7198352832347155,51.80534278973937],[5.719825644046068,51.80536860600114],[5.7198134902864695,51.805383022874594],[5.719774514436722,51.805433481931686],[5.7197613548487425,51.805468602105975],[5.719730174168944,51.80551327764988],[5.719713997095823,51.80558913387358],[5.719690443947911,51.80564118549228],[5.719690192490816,51.8056607991457],[5.7196777034550905,51.8057022895664],[5.719672255218029,51.80571209639311],[5.719664795324206,51.805765740573406],[5.719675607979298,51.805770518258214],[5.7196759432554245,51.80576641112566],[5.719677535817027,51.80576984770596],[5.719670662656426,51.80577521212399],[5.71965716779232,51.80578309111297],[5.719655072316527,51.80578736588359],[5.719643086194992,51.80581854656339],[5.719631351530552,51.80587772279978],[5.719633949920535,51.805886356160045],[5.719628753140569,51.805931786075234],[5.719623640179634,51.805942598730326],[5.719613917171955,51.805948968976736],[5.719602182507515,51.80597176775336],[5.719597823917866,51.80602306500077],[5.719612576067448,51.80608098395169],[5.719659430906177,51.80617796257138],[5.719669321551919,51.806256333366036],[5.7196730095893145,51.80631802417338],[5.7196827325969934,51.80637862533331],[5.71970603428781,51.8064462672919],[5.719710811972618,51.806481471285224],[5.71971676312387,51.806551376357675],[5.7197430822998285,51.8066328484565],[5.719739058986306,51.80665170773864],[5.719737382605672,51.806667633354664],[5.7197413221001625,51.80667660199106],[5.719752050936222,51.80671205744147],[5.719766216352582,51.80673938244581],[5.719797313213348,51.80681657977402],[5.71981742978096,51.80691875517368],[5.719820698723197,51.80693803355098],[5.7198388036340475,51.806983798742294],[5.7198714930564165,51.807058062404394],[5.719875516369939,51.807136768475175],[5.719894291833043,51.80719854310155],[5.7199150789529085,51.80728512816131],[5.719950450584292,51.80736802518368],[5.71997182443738,51.80745695717633],[5.719983978196979,51.80752065964043],[5.720024211332202,51.807600036263466],[5.720031000673771,51.80765435099602],[5.720039466395974,51.80767170153558],[5.720043908804655,51.807705564424396],[5.720043824985623,51.807714281603694],[5.720058660954237,51.8077193107456],[5.7200744189321995,51.80773406289518],[5.720089673995972,51.80776147171855],[5.720107778906822,51.80784109979868],[5.720145413652062,51.8079141061753],[5.720196794718504,51.80802047252655],[5.720217917114496,51.80806741118431],[5.720243314281106,51.80811434984207],[5.720264185220003,51.80820177309215],[5.720273153856397,51.80828475393355],[5.720309531316161,51.808358766138554],[5.720335263758898,51.808450631797314],[5.720319170504808,51.80850075557828],[5.720339873805642,51.808566050603986],[5.7203583139926195,51.80864743888378],[5.720359068363905,51.80871365591884],[5.720372563228011,51.80879965424538],[5.720364600419998,51.80885447189212],[5.720380609855056,51.80893678218126],[5.72035294957459,51.80898212827742],[5.720339706167579,51.80899729952216],[5.720339370891452,51.80904348380864],[5.720343226566911,51.80908463895321],[5.720326881855726,51.809115735813975],[5.72029578499496,51.80915454402566],[5.720297126099467,51.80916401557624],[5.720276841893792,51.809263341128826],[5.72023082524538,51.809340454638004],[5.720222946256399,51.80935696698725],[5.7201874908059835,51.80940491147339],[5.720134433358908,51.80946785956621],[5.720143569633365,51.809534914791584],[5.72015262208879,51.80956047959626],[5.720104007050395,51.80964916013181],[5.720070227980614,51.80969148874283],[5.720051117241383,51.80970665998757],[5.719923879951239,51.809756867587566],[5.719863949343562,51.80976441130042],[5.719869565218687,51.80975862778723],[5.719869984313846,51.80975703522563],[5.719870990142226,51.80975661613047],[5.719865961000323,51.80974873714149],[5.719809886068106,51.80975963361561],[5.719701759517193,51.80975938215852],[5.719657419249415,51.8097601365298],[5.71961366571486,51.80975418537855],[5.719606457278132,51.80974253453314],[5.719574689865112,51.809725100174546],[5.719569493085146,51.80971906520426],[5.719565385952592,51.80972593836486],[5.719552226364613,51.809739684686065],[5.719440411776304,51.80972862057388],[5.719336308538914,51.80971445515752],[5.719190631061792,51.80971160531044],[5.719061801210046,51.809716718271375],[5.718941353261471,51.80971847847104],[5.718851666897535,51.80970925837755],[5.718814032152295,51.80970339104533],[5.718699786812067,51.809698613360524],[5.718584954738617,51.809683442115784],[5.718456543982029,51.80966307409108],[5.71831539273262,51.80965963751078],[5.718199219554663,51.809627283364534],[5.718172732740641,51.809625858440995],[5.718088410794735,51.80963038466871],[5.717948768287897,51.809619488194585],[5.717920605093241,51.80960540659726],[5.7178629375994205,51.80959878489375],[5.717708291485906,51.80960012599826],[5.717595554888248,51.80958009324968],[5.717551885172725,51.80956986732781],[5.717511484399438,51.809569196775556],[5.717472089454532,51.80957045406103],[5.7173284236341715,51.80957389064133],[5.717229098081589,51.809572046622634],[5.717203784734011,51.80957129225135],[5.71708744391799,51.80955000221729],[5.716958278790116,51.809544218704104],[5.716821737587452,51.809519324451685],[5.716697601601481,51.80950054898858],[5.716589726507664,51.80950691923499],[5.716457711532712,51.80949325673282],[5.716287055984139,51.809477834030986],[5.716132074594498,51.80946081876755],[5.715965023264289,51.80945394560695],[5.715835019946098,51.809434331953526],[5.7157372031360865,51.80942033417523],[5.715715913102031,51.809418238699436],[5.715580461546779,51.80941069498658],[5.7154471054673195,51.8094080965966],[5.715360185131431,51.80939259007573],[5.715203359723091,51.80937599390745],[5.715035302564502,51.80937557481229],[5.714915273711085,51.809343388304114],[5.714858947321773,51.809334084391594],[5.714843692258,51.80933089926839],[5.714810835197568,51.8093216791749],[5.714723914861679,51.809323439374566],[5.7145944982767105,51.809327797964215],[5.714494334533811,51.8093129619956],[5.714451922103763,51.809310698881745],[5.714387716725469,51.80930893868208],[5.714216893538833,51.80929242633283],[5.714130895212293,51.809278931468725],[5.714115891605616,51.809279937297106],[5.71401740424335,51.80927960202098],[5.7138673681765795,51.80926744826138],[5.713774831965566,51.80925571359694],[5.713648516684771,51.80924657732248],[5.713582634925842,51.809231992810965],[5.7135227881371975,51.80922721512616],[5.7133937906473875,51.80922009050846],[5.713292621076107,51.80920986458659],[5.7131655514240265,51.80919662117958],[5.713052814826369,51.80917809717357],[5.713037643581629,51.80917943827808],[5.712954998016357,51.80918589234352],[5.712887439876795,51.80918044410646],[5.712783252820373,51.80915764532983],[5.712660038843751,51.80915471166372],[5.712564904242754,51.80915177799761],[5.712470021098852,51.80914180353284],[5.7123570330441,51.809127973392606],[5.712210349738598,51.80911204777658],[5.712081855162978,51.80909972637892],[5.711942631751299,51.80907868780196],[5.711809108033776,51.8090817052871],[5.71169544942677,51.80906720459461],[5.711564524099231,51.80905085988343],[5.711398646235466,51.80905111134052],[5.711316838860512,51.80902940221131],[5.711308876052499,51.8090230319649],[5.711256992071867,51.80900492705405],[5.711212819442153,51.808988247066736],[5.71107636205852,51.808986738324165],[5.711004361510277,51.808978356420994],[5.710966475307941,51.80897911079228],[5.710929678753018,51.80897919461131],[5.71077830158174,51.80895228870213],[5.710748126730323,51.80895505473018],[5.710680903866887,51.80895329453051],[5.7105824165046215,51.80896678939462],[5.71055693551898,51.8089675437659],[5.710556264966726,51.8089675437659],[5.710491053760052,51.808968130499125],[5.710410587489605,51.80896930396557],[5.710250996053219,51.808965280652046],[5.71018067188561,51.808956395834684],[5.710142366588116,51.808944242075086],[5.710126105695963,51.80893762037158],[5.709996605291963,51.808911049738526],[5.70987481623888,51.80890836752951],[5.7097486685961485,51.8089001532644],[5.709653282538056,51.80888104252517],[5.709587233141065,51.80887509137392],[5.709491176530719,51.808878276497126],[5.7093725726008415,51.80887316353619],[5.709245502948761,51.80887056514621],[5.709139807149768,51.80884684436023],[5.70904366672039,51.80883242748678],[5.709018101915717,51.808828404173255],[5.708875861018896,51.80884005501866],[5.708745690062642,51.808827985078096],[5.70864787325263,51.808804431930184],[5.708532202988863,51.808794625103474],[5.708401361480355,51.8087949603796],[5.708303293213248,51.808781968429685],[5.708164824172854,51.80874852463603],[5.7081512454897165,51.808750703930855],[5.708019146695733,51.80875967256725],[5.707922670990229,51.80874559096992],[5.707807587459683,51.808743160218],[5.707658641040325,51.80873109027743],[5.70751279592514,51.80871273390949],[5.707435179501772,51.808699909597635],[5.7073852233588696,51.808700412511826],[5.707247760146856,51.808701334521174],[5.7072326727211475,51.808688677847385],[5.707168634980917,51.808673087507486],[5.707060340791941,51.80867191404104],[5.706929164007306,51.808651043102145],[5.706832353025675,51.808629501610994],[5.706772925332189,51.808614833280444],[5.706732692196965,51.808613827452064],[5.706560863181949,51.80860879831016],[5.706430859863758,51.80859454907477],[5.706320721656084,51.808579210191965],[5.706186443567276,51.80857208557427],[5.706062223762274,51.808564122766256],[5.705970861017704,51.808541575446725],[5.705818897113204,51.808530846610665],[5.7057630736380816,51.8085169326514],[5.705735748633742,51.808507377281785],[5.705625358968973,51.80848407559097],[5.705501977354288,51.80847695097327],[5.705402987077832,51.808469323441386],[5.705344816669822,51.808469239622355],[5.705268122255802,51.80847309529781],[5.70512437261641,51.808482483029366],[5.705013647675514,51.80848273448646],[5.704834191128612,51.80845842696726],[5.704729501157999,51.80845180526376],[5.704628666862845,51.80843856185675],[5.704534538090229,51.80843470618129],[5.704433871433139,51.80842800065875],[5.704421047121286,51.808425234630704],[5.704313088208437,51.80840201675892],[5.704271933063865,51.80839137174189],[5.704229352995753,51.808403274044394],[5.704187024384737,51.80842841975391],[5.7041912991553545,51.80842783302069],[5.704150898382068,51.80844417773187],[5.704139498993754,51.80845566093922],[5.7041088212281466,51.80850092321634],[5.704084848985076,51.80855691432953],[5.704083172604442,51.80857225321233],[5.704044364392757,51.80866931565106],[5.704033970832825,51.80874399840832],[5.704015027731657,51.8088121432811],[5.70400538854301,51.80882605724037],[5.703964065760374,51.80889571085572],[5.703939339146018,51.80897508747876],[5.703910673037171,51.80903392843902],[5.703870439901948,51.80912361480296],[5.703810341656208,51.809193938970566],[5.7037990260869265,51.8092130497098],[5.703764660283923,51.80926342494786],[5.703761475160718,51.8092751596123],[5.703711351379752,51.809371802955866],[5.703653767704964,51.8094580527395],[5.703614205121994,51.809483198449016],[5.703598782420158,51.80949702858925],[5.703527284786105,51.80957824923098],[5.703462325036526,51.80966575630009],[5.7034143805503845,51.80969350039959],[5.703416559845209,51.809739684686065],[5.703377081081271,51.80982266552746],[5.703343218192458,51.809890223667026],[5.703308433294296,51.81000086478889],[5.703286305069923,51.81006196886301],[5.7032921724021435,51.81010982953012],[5.703284880146384,51.810129191726446],[5.703238360583782,51.810169760137796],[5.703205335885286,51.810167664662],[5.703159403055906,51.81015467271209],[5.703132580965757,51.810154588893056],[5.703071225434542,51.81015224196017],[5.702945413067937,51.81016883812845],[5.702922195196152,51.810214687138796],[5.7028265576809645,51.81029465049505],[5.7027383800596,51.8103510607034],[5.702694710344076,51.81043471209705],[5.7026890106499195,51.81053093634546],[5.702705606818199,51.81060444563627],[5.702705271542072,51.81067963130772],[5.702697224915028,51.81074601598084],[5.7026999071240425,51.81081298738718],[5.7026872504502535,51.81084676645696],[5.702668223530054,51.81090049445629],[5.702659171074629,51.81095950305462],[5.702649196609855,51.81105497293174],[5.702619692310691,51.81113191880286],[5.702624302357435,51.81114424020052],[5.702631678432226,51.811193861067295],[5.702629666775465,51.8111917655915],[5.7026310078799725,51.8111920170486],[5.702639725059271,51.81118967011571],[5.702645173296332,51.811186065897346],[5.702656153589487,51.81119495071471],[5.702661015093327,51.81120282970369],[5.702641066163778,51.81121397763491],[5.7026206981390715,51.81122554466128],[5.702616088092327,51.81122554466128],[5.7026024255901575,51.81121305562556],[5.7026024255901575,51.81121305562556],[5.702590020373464,51.811227640137076],[5.70259521715343,51.811223616823554],[5.702603347599506,51.811220683157444],[5.7025983184576035,51.81124775670469],[5.702586667612195,51.811312548816204],[5.702582309022546,51.81138169951737],[5.702592618763447,51.81144774891436],[5.702615166082978,51.81154204532504],[5.702590858563781,51.81160314939916],[5.702589601278305,51.81161220185459],[5.70260745473206,51.811666348949075],[5.70262991823256,51.811751425266266],[5.702666211873293,51.81183658540249],[5.702717341482639,51.81191302835941],[5.7027383800596,51.81195552460849],[5.70282387547195,51.812015790492296],[5.702881291508675,51.812070021405816],[5.7029372826218605,51.8121484760195],[5.70295387879014,51.812206730246544],[5.702982796356082,51.81226909160614],[5.703036775812507,51.812341175973415],[5.7030647713691,51.81239331141114],[5.7030736561864614,51.812402280047536],[5.70315470919013,51.81248735636473],[5.703201061114669,51.81256430223584],[5.70324070751667,51.8126112408936],[5.703334668651223,51.81269338354468],[5.703370543196797,51.81271802634001],[5.703447153791785,51.81278784759343],[5.70351236499846,51.8128377199173],[5.703516388311982,51.812846940010786],[5.703545054420829,51.81289446540177],[5.703652845695615,51.812989600002766],[5.7036729622632265,51.81301089003682],[5.7036976888775826,51.81302689947188],[5.703760301694274,51.81307526305318],[5.703752506524324,51.81307735852897],[5.703815538436174,51.81310946121812],[5.703884605318308,51.81315237656236],[5.7039992697536945,51.81321314536035],[5.704147797077894,51.81325966492295],[5.7042543310672045,51.81329763494432],[5.704396404325962,51.813349686563015],[5.704511236399412,51.813396122306585],[5.704593127593398,51.813426297158],[5.704704271629453,51.81346996687353],[5.704711060971022,51.813481785357],[5.7047853246331215,51.813518246635795],[5.704900911077857,51.81354590691626],[5.704999314621091,51.813584212213755],[5.705130156129599,51.813648669049144],[5.705217495560646,51.81368521414697],[5.7053283881396055,51.81373408064246],[5.705427462235093,51.813759142532945],[5.705529134720564,51.81379795074463],[5.705542881041765,51.81380230933428],[5.705650923773646,51.813827119767666],[5.705737927928567,51.81386358104646],[5.705852089449763,51.813904652372],[5.705949906259775,51.81395175866783],[5.706044370308518,51.81397967040539],[5.706145456060767,51.81402308866382],[5.706267496570945,51.81405904702842],[5.70637377910316,51.81411461904645],[5.7063965778797865,51.81412937119603],[5.706447456032038,51.814146218821406],[5.706555163487792,51.81419240310788],[5.706674102693796,51.81423959322274],[5.706750964745879,51.81428024545312],[5.706834951415658,51.814323579892516],[5.70682380348444,51.81431117467582],[5.706863533705473,51.814327854663134],[5.707000661641359,51.8143795710057],[5.70709646679461,51.814418798312545],[5.707180453464389,51.81447277776897],[5.707279527559876,51.814513094723225],[5.707332752645016,51.814549723640084],[5.70740039460361,51.81456900201738],[5.7075083535164595,51.81461988016963],[5.707576749846339,51.814647456631064],[5.7075949385762215,51.814654832705855],[5.707683367654681,51.81471325457096],[5.707759810611606,51.81474837474525],[5.707818819209933,51.814808221533895],[5.707797445356846,51.814819956198335],[5.707798367366195,51.814859602600336],[5.707855196669698,51.81494484655559],[5.707870619371533,51.81503813713789],[5.7078644167631865,51.81512078270316],[5.707810102030635,51.81516964919865],[5.707781268283725,51.81518825702369],[5.707765175029635,51.81521298363805],[5.70766911841929,51.81523075327277],[5.707660987973213,51.815241649746895],[5.707548167556524,51.815301245078444],[5.707311294972897,51.81539914570749],[5.707342978566885,51.81547927670181],[5.707284556701779,51.81554490700364],[5.707208616659045,51.81560802273452],[5.707140723243356,51.81565630249679],[5.707069896161556,51.815730230882764],[5.706989094614983,51.815783120691776],[5.706981383264065,51.81579443626106],[5.706973252817988,51.81580189615488],[5.706929750740528,51.815839782357216],[5.706919440999627,51.815843218937516],[5.706906281411648,51.815851014107466],[5.70689857006073,51.81585654616356],[5.706873424351215,51.81587481871247],[5.7068657130002975,51.81587892584503],[5.706856995820999,51.815882697701454],[5.706828497350216,51.815902730450034],[5.706747695803642,51.81595687754452],[5.706611825153232,51.81601060554385],[5.706512415781617,51.81603156030178],[5.706418203189969,51.81606617756188],[5.706292223185301,51.8161013815552],[5.70619398728013,51.81611018255353],[5.706104887649417,51.81613113731146],[5.706056021153927,51.816143123432994],[5.705992402508855,51.8161513376981],[5.705970861017704,51.8161566182971],[5.705986535176635,51.81614580564201],[5.705989301204681,51.816146643832326],[5.7059872057288885,51.8161463085562],[5.705989636480808,51.816146140918136],[5.705968681722879,51.81615184061229],[5.705977063626051,51.81616114452481],[5.705915708094835,51.8161653354764],[5.705904392525554,51.816171454265714],[5.705814957618713,51.81618771515787],[5.705776484683156,51.81618930771947],[5.705734407529235,51.816217470914125],[5.705740358680487,51.816223254427314],[5.705729881301522,51.816218979656696],[5.705752344802022,51.81621638126671],[5.705756954848766,51.81621336378157],[5.705766594037414,51.816203305497766],[5.705770365893841,51.81619559414685],[5.705743627622724,51.81619433686137],[5.705742873251438,51.816200371831656],[5.705719655379653,51.816212106496096],[5.705695431679487,51.816215543076396],[5.7056999579072,51.81622208096087],[5.705719906836748,51.81622300297022],[5.705720912665129,51.816225768998265],[5.705717643722892,51.816232055425644],[5.705741532146931,51.81623867712915],[5.705751674249768,51.816235575824976],[5.705747650936246,51.81622258387506],[5.705782687291503,51.816217470914125],[5.705786291509867,51.81621219031513],[5.705721080303192,51.816208669915795],[5.705707836896181,51.81620975956321],[5.705620078369975,51.81621931493282],[5.705515136942267,51.81623440235853],[5.7054332457482815,51.816249657422304],[5.7053840439766645,51.81625435128808],[5.705336183309555,51.81626080535352],[5.705228811129928,51.81627203710377],[5.705086151137948,51.81629726663232],[5.7049263920634985,51.8163294531405],[5.704840058460832,51.816335236653686],[5.704727070406079,51.816354766488075],[5.7045909482985735,51.81637312285602],[5.704502938315272,51.81637421250343],[5.704495143145323,51.81637664325535],[5.704373857006431,51.81638712063432],[5.704247038811445,51.816416373476386],[5.704228430986404,51.81642048060894],[5.70410655811429,51.8164328020066],[5.704013267531991,51.816454427316785],[5.703869350254536,51.81647077202797],[5.703769521787763,51.81647278368473],[5.703640356659889,51.81648929603398],[5.70358369499445,51.81649474427104],[5.703521836549044,51.8165038805455],[5.703405495733023,51.816522907465696],[5.703307930380106,51.81654050946236],[5.703280856832862,51.81654109619558],[5.70316250436008,51.81657160632312],[5.703053371980786,51.81658769957721],[5.702951783314347,51.816615192219615],[5.702845500782132,51.81661494076252],[5.702719772234559,51.81662851944566],[5.702600916847587,51.81663849391043],[5.7025346159935,51.8166524078697],[5.702423639595509,51.816667998209596],[5.7023070473223925,51.81668627075851],[5.702141253277659,51.81671217083931],[5.702018039301038,51.81672717444599],[5.701911421492696,51.81674921885133],[5.701808240264654,51.81675902567804],[5.701679829508066,51.816779393702745],[5.7015180587768555,51.81679607369006],[5.7015036419034,51.81679775007069],[5.701421583071351,51.816823314875364],[5.701299458742142,51.81683253496885],[5.701178843155503,51.816851226612926],[5.701125618070364,51.81686262600124],[5.701078260317445,51.81687721051276],[5.700948508456349,51.81689112447202],[5.7008677907288074,51.816905373707414],[5.700755221769214,51.816925406455994],[5.700629744678736,51.816942086443305],[5.700543578714132,51.81695641949773],[5.700402008369565,51.81696765124798],[5.700294217094779,51.816991372033954],[5.700214589014649,51.816995814442635],[5.700172930955887,51.817004196345806],[5.700151138007641,51.81700679473579],[5.7001356314867735,51.81700964458287],[5.700131440535188,51.81700184941292],[5.70014082826674,51.81700889021158],[5.7001325301826,51.81701081804931],[5.700115514919162,51.81701450608671],[5.70005290210247,51.817027078941464],[5.699928849935532,51.8170409090817],[5.699862716719508,51.81704635731876],[5.6998225674033165,51.81705415248871],[5.699745872989297,51.81706345640123],[5.6996373273432255,51.81708290241659],[5.699540181085467,51.81708734482527],[5.699431886896491,51.81711089797318],[5.699324933812022,51.81712221354246],[5.699203982949257,51.81714819744229],[5.6991826090961695,51.81715389713645],[5.699047492817044,51.81717443279922],[5.698918746784329,51.81719195097685],[5.698779355734587,51.81721248663962],[5.698682041838765,51.81723201647401],[5.6985564809292555,51.81724911555648],[5.698449444025755,51.81726353242993],[5.698333438485861,51.81728155352175],[5.698200082406402,51.817304100841284],[5.698087178170681,51.81731910444796],[5.697985086590052,51.81733310222626],[5.697869332507253,51.817347686737776],[5.697766821831465,51.81735229678452],[5.697633717209101,51.817367635667324],[5.697540007531643,51.81737777777016],[5.697442190721631,51.81739965453744],[5.6973460502922535,51.81741616688669],[5.697257621213794,51.81743485853076],[5.697117559611797,51.81744575500488],[5.6970038171857595,51.81744759902358],[5.69687825627625,51.81747525930405],[5.696776080876589,51.817490765824914],[5.696714138612151,51.817512810230255],[5.696723274886608,51.81751800701022],[5.696637695655227,51.81753150187433],[5.696524288505316,51.817540638148785],[5.696356650441885,51.81754575110972],[5.696223126724362,51.817573411390185],[5.696068145334721,51.81761565618217],[5.695922300219536,51.817615404725075],[5.695813754573464,51.817631581798196],[5.695761535316706,51.8176453281194],[5.695636225864291,51.81767818517983],[5.6955592799931765,51.817677514627576],[5.6955227348953485,51.817679358646274],[5.695387115702033,51.81771204806864],[5.695249820128083,51.81773375719786],[5.69513775408268,51.817742474377155],[5.695009008049965,51.817758148536086],[5.695016803219914,51.81774465367198],[5.695014959201217,51.817759070545435],[5.694903479889035,51.817787401378155],[5.694857966154814,51.817790837958455],[5.694781439378858,51.81780223734677],[5.694663841277361,51.81782805360854],[5.694524869322777,51.817864682525396],[5.694427890703082,51.817877255380154],[5.694298725575209,51.8179162312299],[5.6941786129027605,51.81795830838382],[5.694045089185238,51.81797440163791],[5.693912152200937,51.81801279075444],[5.693777371197939,51.818059645593166],[5.693690367043018,51.818120162934065],[5.693625910207629,51.8181857932359],[5.6936069671064615,51.818213537335396],[5.693614846095443,51.8182529322803],[5.69364158436656,51.81831965222955],[5.693683661520481,51.8183721229434],[5.69374518468976,51.81844328530133],[5.69379941560328,51.81849868968129],[5.693844677880406,51.81851629167795],[5.693992953747511,51.81856222450733],[5.694118179380894,51.81860790587962],[5.694167381152511,51.81863003410399],[5.694277938455343,51.81867839768529],[5.694312807172537,51.818709494546056],[5.694345496594906,51.818733131513],[5.69435547105968,51.81872634217143],[5.6943494360893965,51.81872843764722],[5.694347927346826,51.81872843764722],[5.694348597899079,51.81873103603721],[5.694371061399579,51.818736400455236],[5.694342562928796,51.81872516870499],[5.694310795515776,51.8186916410923],[5.694204261526465,51.81863263249397],[5.694181630387902,51.818615701049566],[5.694184731692076,51.818620059639215],[5.694142654538155,51.81860120035708],[5.694004185497761,51.81856591254473],[5.693905698135495,51.818526685237885],[5.6938929576426744,51.818519812077284],[5.693822633475065,51.81848200969398],[5.693712327629328,51.81844596751034],[5.693597579374909,51.81840221397579],[5.693533709272742,51.818387880921364],[5.693510323762894,51.81838913820684],[5.693394988775253,51.81840959005058],[5.693318629637361,51.81845745071769],[5.693221315741539,51.818506652489305],[5.693123582750559,51.81854638271034],[5.693034986034036,51.81860430166125],[5.6929790787398815,51.818628357723355],[5.692919651046395,51.818688958883286],[5.692844465374947,51.81875576265156],[5.69282116368413,51.81878459639847],[5.692802723497152,51.81881334632635],[5.6927496660500765,51.8188763782382],[5.692712282761931,51.818930273875594],[5.692680263891816,51.81896489113569],[5.69268336519599,51.818976206704974],[5.692675318568945,51.818995233625174],[5.692639444023371,51.81906195357442],[5.692596193403006,51.81911777704954],[5.692563084885478,51.81919824331999],[5.692516565322876,51.819255743175745],[5.692505836486816,51.81927879340947],[5.692468788474798,51.81933377869427],[5.692403241991997,51.81938884779811],[5.692327134311199,51.819455148652196],[5.69224800914526,51.81953050196171],[5.6921992264688015,51.819585571065545],[5.69210140965879,51.81963125243783],[5.692030834034085,51.819693110883236],[5.691950116306543,51.8197260517627],[5.69182681851089,51.81973434984684],[5.691807959228754,51.81973401457071],[5.6917863339185715,51.81974113918841],[5.691642165184021,51.81975597515702],[5.691593047231436,51.81976645253599],[5.691563123837113,51.81976620107889],[5.691522220149636,51.8197659496218],[5.691427169367671,51.81975689716637],[5.691356007009745,51.81974038481712],[5.6912892032414675,51.81973577477038],[5.691161211580038,51.819748263806105],[5.691155176609755,51.81975832208991],[5.691111925989389,51.8198159057647],[5.691082421690226,51.81988958269358],[5.691048726439476,51.819955883547664],[5.691022239625454,51.81999620050192],[5.691003799438477,51.82000500150025],[5.690932301804423,51.82003970257938],[5.690853763371706,51.82007448747754],[5.690790731459856,51.82011547498405],[5.690775057300925,51.820119582116604],[5.690753515809774,51.82013114914298],[5.690674306824803,51.82016392238438],[5.690615130588412,51.820182194933295],[5.69057397544384,51.82019116356969],[5.690499544143677,51.82022636756301],[5.690427040681243,51.82025754824281],[5.690399715676904,51.820263247936964],[5.6903258711099625,51.820297697559],[5.690225707367063,51.82035117410123],[5.690164854750037,51.82039903476834],[5.6901270523667336,51.820437256246805],[5.690105594694614,51.8204546906054],[5.690061505883932,51.82049903087318],[5.690043568611145,51.82052635587752],[5.689974669367075,51.820594081655145],[5.689939884468913,51.820666920393705],[5.689885737374425,51.82074688374996],[5.689836200326681,51.820816872641444],[5.689790518954396,51.82086322456598],[5.689767552539706,51.82090655900538],[5.689748106524348,51.82093237526715],[5.689694965258241,51.820993311703205],[5.6896543968468904,51.821053409948945],[5.689586587250233,51.82112390175462],[5.6895537301898,51.821172684431076],[5.689489608630538,51.82124258950353],[5.6894555781036615,51.8212958984077],[5.689445184543729,51.821306040510535],[5.689434623345733,51.821318781003356],[5.689379470422864,51.82135951705277],[5.689349714666605,51.82141567580402],[5.689284419640899,51.82146462611854],[5.689277546480298,51.82147585786879],[5.6892220582813025,51.82153897359967],[5.689175454899669,51.82159228250384],[5.6891263369470835,51.821646597236395],[5.689110495150089,51.82168691419065],[5.689064310863614,51.821738965809345],[5.689015947282314,51.82177190668881],[5.688952663913369,51.821848433464766],[5.6889010313898325,51.821908447891474],[5.688848728314042,51.82197039015591],[5.688787959516048,51.822035098448396],[5.688722915947437,51.82207390666008],[5.6886492390185595,51.82215982116759],[5.688608838245273,51.82218957692385],[5.688557289540768,51.82226392440498],[5.688501466065645,51.82231371290982],[5.688492748886347,51.82232377119362],[5.688443630933762,51.82237347587943],[5.688387053087354,51.82244715280831],[5.688367523252964,51.8224632460624],[5.688313040882349,51.822513872757554],[5.688281189650297,51.82254823856056],[5.688241543248296,51.82258511893451],[5.688161328434944,51.822637589648366],[5.688090417534113,51.82269550859928],[5.688027301803231,51.82278888300061],[5.687993103638291,51.82280598208308],[5.687972567975521,51.8228276912123],[5.687912637367845,51.82290203869343],[5.687839798629284,51.82294763624668],[5.68777215667069,51.8230105843395],[5.68770619109273,51.823079735040665],[5.687652546912432,51.8231054674834],[5.687593035399914,51.82317201979458],[5.687526063993573,51.823225831612945],[5.68752396851778,51.82324670255184],[5.6875197775661945,51.82323966175318],[5.6874956376850605,51.82327888906002],[5.687397485598922,51.82334351353347],[5.687336465343833,51.82339087128639],[5.687317857518792,51.82341601699591],[5.687232781201601,51.823486844077706],[5.687218112871051,51.823487263172865],[5.687192799523473,51.82350117713213],[5.687181735411286,51.823526322841644],[5.687121385708451,51.823595724999905],[5.687109399586916,51.823601592332125],[5.687081990763545,51.82360637001693],[5.687065562233329,51.82361072860658],[5.687055503949523,51.823628917336464],[5.686966655775905,51.8237064499408],[5.686932373791933,51.823738468810916],[5.686934469267726,51.82373637333512],[5.686933044344187,51.82373813353479],[5.686931870877743,51.823741821572185],[5.686931870877743,51.82374316267669],[5.68687261082232,51.82380300946534],[5.686805639415979,51.82387501001358],[5.686752665787935,51.82391599752009],[5.686743697151542,51.82394332252443],[5.686711594462395,51.824012473225594],[5.686674378812313,51.82406351901591],[5.686616627499461,51.824151361361146],[5.686581926420331,51.824176674708724],[5.686555942520499,51.824186984449625],[5.68654814735055,51.82419662363827],[5.68651931360364,51.824261751025915],[5.686508920043707,51.82427524589002],[5.686452845111489,51.824308102950454],[5.686436835676432,51.82431816123426],[5.686399871483445,51.82436225004494],[5.686398111283779,51.82445403188467],[5.686395009979606,51.82449200190604],[5.68642258644104,51.824504574760795],[5.68648025393486,51.824555369094014],[5.686491820961237,51.824576491490006],[5.686509842053056,51.824624268338084],[5.686570107936859,51.824695095419884],[5.686626601964235,51.82473599910736],[5.6866383366286755,51.82472627609968],[5.686637917533517,51.82472459971905],[5.686636911705136,51.824725437909365],[5.686624757945538,51.82473977096379],[5.686622327193618,51.82475209236145],[5.6866751331835985,51.82480188086629],[5.686701033264399,51.82485267519951],[5.686694411560893,51.82486633770168],[5.686707319691777,51.82485242374241],[5.686715701594949,51.82484161108732],[5.686716539785266,51.82484328746796],[5.686751157045364,51.82490254752338],[5.686766244471073,51.8249274417758],[5.686800694093108,51.824968261644244],[5.686822654679418,51.82503255084157],[5.686874371021986,51.82511519640684],[5.686887865886092,51.825160793960094],[5.686927009373903,51.825236063450575],[5.686957938596606,51.825299598276615],[5.6869870238006115,51.82534125633538],[5.686988364905119,51.82535248808563],[5.6869911309331656,51.825358187779784],[5.686993561685085,51.82535307481885],[5.68699523806572,51.825354332104325],[5.687007894739509,51.82534435763955],[5.687024407088757,51.82535508647561],[5.687033040449023,51.82535349391401],[5.6870323698967695,51.82533446699381],[5.6870185397565365,51.82531007565558],[5.687027592211962,51.825371850281954],[5.687062880024314,51.82544594630599],[5.687094479799271,51.82551710866392],[5.6871304381638765,51.82557360269129],[5.68716237321496,51.82563219219446],[5.687202103435993,51.82571894489229],[5.687237810343504,51.82578608393669],[5.687290616333485,51.82586361654103],[5.687310732901096,51.82593218050897],[5.687375525012612,51.826020274311304],[5.687410309910774,51.82608364149928],[5.687404777854681,51.826101411134005],[5.687410561367869,51.82612328790128],[5.687424559146166,51.82613309472799],[5.68747702986002,51.82619855739176],[5.687493709847331,51.82625815272331],[5.6874956376850605,51.826293943449855],[5.6875368766486645,51.826323783025146],[5.68756059743464,51.8263487610966],[5.68756009452045,51.82640274055302],[5.687567554414272,51.82641305029392],[5.687606865540147,51.82646317407489],[5.6876299995929,51.82651053182781],[5.6876693945378065,51.826574485749006],[5.6876900140196085,51.82661874219775],[5.6877456698566675,51.82669241912663],[5.687779784202576,51.82674522511661],[5.687779197469354,51.82679610326886],[5.687782801687717,51.82680867612362],[5.687837619334459,51.82689048349857],[5.687863267958164,51.82694245129824],[5.687899896875024,51.82699961587787],[5.687908194959164,51.82703993283212],[5.687913978472352,51.82705778628588],[5.687977010384202,51.82713867165148],[5.687999725341797,51.82720396667719],[5.688009196892381,51.82722743600607],[5.688039120286703,51.82726657949388],[5.688081867992878,51.82735836133361],[5.6881223525851965,51.827446119859815],[5.688208853825927,51.827485179528594],[5.688341790810227,51.82748828083277],[5.6884663458913565,51.82746682316065],[5.6885511707514524,51.827436899766326],[5.6885638274252415,51.82743262499571],[5.6885729636996984,51.8274400010705],[5.688647981733084,51.82742055505514],[5.688776141032577,51.82739809155464],[5.688822073861957,51.82739641517401],[5.688862223178148,51.82738275267184],[5.689008990302682,51.82734243571758],[5.689121894538403,51.82733195833862],[5.689178723841906,51.82732282206416],[5.689299339428544,51.8272930663079],[5.689414842054248,51.827261969447136],[5.689556077122688,51.82723481208086],[5.6896337773650885,51.82721628807485],[5.689762942492962,51.82718401774764],[5.689853299409151,51.827168092131615],[5.689977686852217,51.827127104625106],[5.690086400136352,51.82710430584848],[5.690156389027834,51.82709223590791],[5.690279435366392,51.82706801220775],[5.690354621037841,51.82704856619239],[5.6903619132936,51.82704227976501],[5.69043667986989,51.82703046128154],[5.690487641841173,51.82702367193997],[5.690594092011452,51.827020989730954],[5.6907152105122805,51.82698704302311],[5.690809674561024,51.82696935720742],[5.690838173031807,51.826967764645815],[5.690912688151002,51.82693976908922],[5.691036321222782,51.82692049071193],[5.6910674180835485,51.82691470719874],[5.691135060042143,51.82689039967954],[5.691252993419766,51.82687514461577],[5.691300015896559,51.82686726562679],[5.691352151334286,51.8268424551934],[5.691450973972678,51.82683298364282],[5.691510988399386,51.82682435028255],[5.691571841016412,51.8268046528101],[5.6916953064501286,51.82678931392729],[5.691801588982344,51.82676240801811],[5.691907620057464,51.82674807496369],[5.691951373592019,51.826739022508264],[5.692025050520897,51.826717145740986],[5.692142732441425,51.826689234003425],[5.692307688295841,51.826643804088235],[5.692382790148258,51.826629135757685],[5.692498711869121,51.82658068835735],[5.692536681890488,51.82657565921545],[5.692533832043409,51.82657616212964],[5.692543722689152,51.82656308636069],[5.692604826763272,51.82652151212096],[5.692682862281799,51.82648622430861],[5.692771878093481,51.826440040022135],[5.692849578335881,51.82638932950795],[5.692896516993642,51.82635915465653],[5.692933481186628,51.82633342221379],[5.693015037104487,51.82630249299109],[5.693115536123514,51.82627273723483],[5.693193404003978,51.826282292604446],[5.693203965201974,51.8262879922986],[5.693286610767245,51.82632386684418],[5.6933363154530525,51.82637667283416],[5.693357102572918,51.8263865634799],[5.693408232182264,51.826418079435825],[5.693437736481428,51.82646359317005],[5.693500265479088,51.82649737223983],[5.693491213023663,51.826496785506606],[5.693524405360222,51.82652327232063],[5.693575283512473,51.8265593983233],[5.693638734519482,51.8266111984849],[5.69365868344903,51.82663718238473],[5.693656504154205,51.82665344327688],[5.693667400628328,51.826661825180054],[5.693750968202949,51.8267044890672],[5.693816766142845,51.82675545103848],[5.693866387009621,51.826811945065856],[5.693932184949517,51.82685812935233],[5.693962778896093,51.826898362487555],[5.693975770846009,51.826907247304916],[5.694032935425639,51.82694756425917],[5.694081299006939,51.82698016986251],[5.6941367872059345,51.827031802386045],[5.694203674793243,51.82707639411092],[5.694247931241989,51.82711084373295],[5.694310879334807,51.82716482318938],[5.694348597899079,51.827204301953316],[5.69437257014215,51.82722316123545],[5.694420849904418,51.82729239575565],[5.694432249292731,51.827298514544964],[5.694431159645319,51.82729968801141],[5.694455048069358,51.827296167612076],[5.6944566406309605,51.827296670526266],[5.694465106353164,51.827324498444796],[5.694472147151828,51.82735551148653],[5.694502908736467,51.827394403517246],[5.694501735270023,51.8274331279099],[5.694527802988887,51.82749087922275],[5.6945473328232765,51.82754846289754],[5.694536352530122,51.82762146927416],[5.694526042789221,51.82767570018768],[5.694503495469689,51.827696822583675],[5.6944698840379715,51.82772004045546],[5.694398386403918,51.82778734713793],[5.694325380027294,51.827817521989346],[5.694313980638981,51.82781869545579],[5.694244327023625,51.82786219753325],[5.694152880460024,51.82790067046881],[5.694065960124135,51.82793637737632],[5.694052465260029,51.82793637737632],[5.694012986496091,51.82794467546046],[5.69395967759192,51.82796537876129],[5.693883150815964,51.827999744564295],[5.693791871890426,51.82802799157798],[5.69374811835587,51.82805280201137],[5.69374711252749,51.82804894633591],[5.693746944889426,51.8280494492501],[5.6937100645154715,51.828068643808365],[5.6936832424253225,51.82807819917798],[5.693681566044688,51.82807912118733],[5.693680224940181,51.828079875558615],[5.693606799468398,51.828113067895174],[5.693516107276082,51.82816210202873],[5.69345248863101,51.82818364351988],[5.693424744531512,51.828200574964285],[5.69334645755589,51.828251369297504],[5.6932933162897825,51.82829109951854],[5.693295327946544,51.82832387275994],[5.693308990448713,51.82834365405142],[5.693311672657728,51.82835035957396],[5.693315025418997,51.82835044339299],[5.693326340988278,51.82835756801069],[5.693354671820998,51.82837525382638],[5.6934120040386915,51.828414564952254],[5.6934888660907745,51.828439459204674],[5.693535301834345,51.82846955023706],[5.693604201078415,51.82849704287946],[5.6936308555305,51.82852931320667],[5.693640327081084,51.82852629572153],[5.693649463355541,51.828521601855755],[5.693663461133838,51.8285246193409],[5.693690199404955,51.8285383656621],[5.693765301257372,51.82859117165208],[5.693865045905113,51.82862302288413],[5.693964287638664,51.82868354022503],[5.693990858271718,51.82870399206877],[5.694018434733152,51.8287093564868],[5.694046849384904,51.828715056180954],[5.694131590425968,51.82873768731952],[5.694105941802263,51.828725365921855],[5.694156400859356,51.82873944751918],[5.694237034767866,51.82877431623638],[5.694308532401919,51.828795690089464],[5.694405511021614,51.82883835397661],[5.694507351145148,51.828887639567256],[5.694608185440302,51.82891613803804],[5.694662416353822,51.82894463650882],[5.694681694731116,51.82895075529814],[5.694713462144136,51.828964333981276],[5.694730477407575,51.828975565731525],[5.694742379710078,51.82897958904505],[5.6947593949735165,51.82899283245206],[5.6948047410696745,51.829014625400305],[5.694826282560825,51.82902401313186],[5.694864755496383,51.82904647663236],[5.694903815165162,51.82907589711249],[5.6950129475444555,51.82912132702768],[5.6950468942523,51.82912920601666],[5.6950977724045515,51.829149071127176],[5.695185279473662,51.829193411394954],[5.695194164291024,51.82919760234654],[5.69521252065897,51.829213025048375],[5.695244204252958,51.82922685518861],[5.695325676351786,51.82925024069846],[5.69538451731205,51.82926834560931],[5.695478729903698,51.82929893955588],[5.695536313578486,51.829324923455715],[5.695621306076646,51.829363480210304],[5.695692887529731,51.829408993944526],[5.695725241675973,51.829432379454374],[5.695738485082984,51.82944587431848],[5.6957933865487576,51.8294863589108],[5.695863962173462,51.82952013798058],[5.6959085538983345,51.829570261761546],[5.695911068469286,51.82958886958659],[5.695913666859269,51.829573614522815],[5.695902435109019,51.82956984266639],[5.695905704051256,51.82957420125604],[5.695910565555096,51.8295883666724],[5.6958637945353985,51.829629605636],[5.695835631340742,51.82965651154518],[5.695795062929392,51.82969934307039],[5.695734545588493,51.82975080795586],[5.695690372958779,51.82980855926871],[5.695675285533071,51.82982414960861],[5.6956523191183805,51.82984611019492],[5.6956311129033566,51.829863376915455],[5.695537067949772,51.829941077157855],[5.695469090715051,51.83000586926937],[5.695419050753117,51.830046186223626],[5.695399520918727,51.83006395585835],[5.695358449593186,51.830088179558516],[5.695297513157129,51.83013671077788],[5.695208162069321,51.83018155395985],[5.69512652233243,51.830237628892064],[5.695023089647293,51.830292446538806],[5.694951759651303,51.830335864797235],[5.694881435483694,51.83038749732077],[5.694795353338122,51.83042689226568],[5.6946895737200975,51.830482464283705],[5.694599384441972,51.830543568357825],[5.694542722776532,51.83056737296283],[5.69445613771677,51.8306071870029],[5.694402996450663,51.83061079122126],[5.694318925961852,51.8306589871645],[5.694259162992239,51.83069234713912],[5.69416293874383,51.830740962177515],[5.694132009521127,51.830741465091705],[5.694073671475053,51.83074079453945],[5.6940539740026,51.83074624277651],[5.693984320387244,51.83078513480723],[5.6939103081822395,51.83080483227968],[5.693850377574563,51.83082276955247],[5.693778125569224,51.83083442039788],[5.6936941388994455,51.83086384087801],[5.69360931403935,51.83087691664696],[5.693547874689102,51.83088110759854],[5.69355022162199,51.83088043704629],[5.693555669859052,51.83087943121791],[5.693596741184592,51.830886136740446],[5.693617695942521,51.83088940568268],[5.6936069671064615,51.83087691664696],[5.693582994863391,51.83086493052542],[5.693586599081755,51.83085897937417],[5.693595232442021,51.83085830882192],[5.693571511656046,51.8308693729341],[5.693579809740186,51.83087054640055],[5.6935295183211565,51.830896362662315],[5.6934550032019615,51.83094288222492],[5.693366825580597,51.83099049143493],[5.693338494747877,51.83100608177483],[5.69328099489212,51.83102452196181],[5.693255178630352,51.83103290386498],[5.693193152546883,51.83107741177082],[5.693115619942546,51.83112904429436],[5.693047558888793,51.83116592466831],[5.6930403504520655,51.83117422275245],[5.693030124530196,51.831172462552786],[5.6929955910891294,51.83118830434978],[5.6929251831024885,51.83121412061155],[5.6928707007318735,51.831247648224235],[5.692859049886465,51.83125150389969],[5.692857624962926,51.83125460520387],[5.6928574573248625,51.83125577867031],[5.692868269979954,51.831258460879326],[5.692849075421691,51.831264747306705],[5.692791324108839,51.831316547468305],[5.692692920565605,51.83136122301221],[5.692605581134558,51.83137748390436],[5.692574484273791,51.83138268068433],[5.692512039095163,51.8313960917294],[5.692439619451761,51.83141461573541],[5.692450096830726,51.83141444809735],[5.692454036325216,51.83140858076513],[5.692450096830726,51.83141444809735],[5.692450096830726,51.83141444809735],[5.6924560479819775,51.83142626658082],[5.692456718534231,51.8314256798476],[5.692457975819707,51.831427523866296],[5.692457975819707,51.831427523866296],[5.69243224337697,51.83143246918917],[5.692432830110192,51.83143129572272],[5.692436769604683,51.83143489994109],[5.692427884787321,51.83140975423157],[5.692427884787321,51.83140975423157],[5.692432830110192,51.83139508590102],[5.6924298126250505,51.83139592409134],[5.692422855645418,51.83139751665294],[5.692412797361612,51.83139994740486],[5.692410618066788,51.83140053413808],[5.692406427115202,51.83140170760453],[5.692390752956271,51.831404557451606],[5.692421263083816,51.83144353330135],[5.692415731027722,51.83145258575678],[5.692391004413366,51.83145753107965],[5.692404834553599,51.83142777532339],[5.692397961392999,51.831425596028566],[5.6923535373061895,51.831426015123725],[5.692278100177646,51.83143858797848],[5.692182714119554,51.83144495822489],[5.69220014847815,51.83144487440586],[5.69220014847815,51.83144487440586],[5.69221087731421,51.831424590200186],[5.69221087731421,51.831424590200186],[5.69221087731421,51.831424590200186],[5.69221087731421,51.831424590200186],[5.69221087731421,51.831424590200186],[5.69221087731421,51.831424590200186],[5.69221087731421,51.831424590200186],[5.69221087731421,51.831424590200186],[5.69221087731421,51.831424590200186],[5.69221087731421,51.831424590200186],[5.69221087731421,51.831424590200186],[5.69221087731421,51.831424590200186],[5.69221087731421,51.831424590200186],[5.69221087731421,51.831424590200186],[5.69221087731421,51.831424590200186],[5.69221087731421,51.831424590200186],[5.69221087731421,51.831424590200186],[5.69221087731421,51.831424590200186],[5.69220744073391,51.83142341673374],[5.69221087731421,51.831424590200186],[5.692214816808701,51.83141947723925],[5.69221087731421,51.831424590200186],[5.692198220640421,51.83144009672105],[5.692194448783994,51.83143791742623],[5.692194532603025,51.831436827778816],[5.692204087972641,51.831436743959785],[5.692198388278484,51.83143498376012],[5.692198388278484,51.83142961934209],[5.692210039123893,51.83143322356045],[5.69220500998199,51.831437246873975],[5.692217918112874,51.8314307089895],[5.692223869264126,51.83142869733274],[5.692223869264126,51.83142869733274],[5.6922398786991835,51.83141889050603],[5.692238286137581,51.831417717039585],[5.692238286137581,51.831417717039585],[5.692226300016046,51.83141930960119],[5.692225713282824,51.83141939342022],[5.692210206761956,51.83142140507698],[5.692186485975981,51.83143397793174],[5.692173996940255,51.831447053700686],[5.692099146544933,51.8314600456506],[5.692059667780995,51.83146582916379],[5.692025972530246,51.83146842755377],[5.691916085779667,51.83148301206529],[5.691824220120907,51.83149457909167],[5.691729420796037,51.83150589466095],[5.691635040566325,51.8315221555531],[5.691521130502224,51.83154688216746],[5.691455667838454,51.83155769482255],[5.691335555166006,51.831575045362115],[5.691274367272854,51.83157781139016],[5.691201277077198,51.831594072282314],[5.691179735586047,51.83159625157714],[5.69110362790525,51.831601867452264],[5.691091809421778,51.83160312473774],[5.690984772518277,51.83162500150502],[5.690920064225793,51.83161502704024],[5.690899444743991,51.83162039145827],[5.690833227708936,51.83162659406662],[5.690730717033148,51.831629779189825],[5.69064287468791,51.831636568531394],[5.690616890788078,51.83161452412605],[5.6906448025256395,51.83159038424492],[5.690672630444169,51.83157781139016],[5.690656621009111,51.831585774198174],[5.690514883026481,51.83161863125861],[5.690477667376399,51.83161494322121],[5.690477332100272,51.83160379528999],[5.690488060936332,51.83160077780485],[5.690511865541339,51.831557024270296],[5.6905432138592005,51.831478821113706],[5.690568694844842,51.831412771716714],[5.6905764900147915,51.83139760047197],[5.690610520541668,51.83131084777415],[5.69064580835402,51.83123943395913],[5.690687717869878,51.83116726577282],[5.690711941570044,51.83113298378885],[5.69071127101779,51.831121584400535],[5.6907216645777225,51.831020498648286],[5.69075183942914,51.83097247034311],[5.6907660048455,51.83094900101423],[5.690782684832811,51.83084783144295],[5.6907938327640295,51.830804413184524],[5.690812356770039,51.83074993081391],[5.690813362598419,51.83074071072042],[5.690833814442158,51.83072905987501],[5.690873963758349,51.83070399798453],[5.690871030092239,51.83072562329471],[5.690864911302924,51.83073199354112],[5.690822163596749,51.830711625516415],[5.69083146750927,51.83068220503628],[5.690836999565363,51.830667704343796],[5.690844040364027,51.83064021170139],[5.690860133618116,51.830647587776184],[5.690860636532307,51.83064884506166],[5.690859463065863,51.830655885860324],[5.690854266285896,51.830627135932446],[5.6908471416682005,51.83059964329004],[5.690864156931639,51.83053158223629],[5.690861139446497,51.83047701604664],[5.690880250185728,51.83045203797519],[5.690887039527297,51.83042546734214],[5.690893493592739,51.830334356054664],[5.690921824425459,51.83026713319123],[5.6909404322505,51.830257745459676],[5.690959878265858,51.83021298609674],[5.690962979570031,51.83013830333948],[5.690994076430798,51.830071080476046],[5.691008074209094,51.83005423285067],[5.691024838015437,51.829992877319455],[5.691012600436807,51.82991936802864],[5.691038416698575,51.829860443249345],[5.6910530012100935,51.82978592813015],[5.691079739481211,51.82972298003733],[5.691082924604416,51.829655170440674],[5.691114608198404,51.829577973112464],[5.69111242890358,51.82950890623033],[5.691115278750658,51.82943749241531],[5.691115614026785,51.82939063757658],[5.691110333427787,51.829351242631674],[5.6911068968474865,51.829351745545864],[5.691125504672527,51.8293016217649],[5.691143190488219,51.829291144385934],[5.6912296917289495,51.82925468310714],[5.691238408908248,51.829246301203966],[5.691299177706242,51.82917798869312],[5.691398419439793,51.82911654934287],[5.691477879881859,51.829061061143875],[5.691540744155645,51.82900314219296],[5.691607296466827,51.828939355909824],[5.691658342257142,51.82891722768545],[5.691692288964987,51.828912450000644],[5.691705197095871,51.828920328989625],[5.691669154912233,51.828899793326855],[5.691581899300218,51.82886894792318],[5.691520795226097,51.82887179777026],[5.691494140774012,51.828880682587624],[5.691338572651148,51.82892896234989],[5.691242516040802,51.828942289575934],[5.69120965898037,51.828950671479106],[5.691154086962342,51.82897472754121],[5.691019473597407,51.829022504389286],[5.690945293754339,51.82905603200197],[5.6908568646758795,51.829084027558565],[5.690749492496252,51.829113280400634],[5.69062577560544,51.82919131591916],[5.6905267015099525,51.82924026623368],[5.690479846671224,51.82925619184971],[5.69039661437273,51.82931394316256],[5.690306005999446,51.82933875359595],[5.690224030986428,51.829394744709134],[5.690187318250537,51.82942818850279],[5.690183881670237,51.829444617033005],[5.690160496160388,51.82946054264903],[5.690154880285263,51.82947671972215],[5.6900764256715775,51.829549726098776],[5.6900122202932835,51.829583840444684],[5.689934017136693,51.82960764504969],[5.689843408763409,51.82968023233116],[5.689776185899973,51.82972767390311],[5.68974182009697,51.82974494062364],[5.689712567254901,51.82976505719125],[5.689706867560744,51.82977410964668],[5.689659509807825,51.82983973994851],[5.689572924748063,51.829896653071046],[5.689528500661254,51.82992179878056],[5.689458092674613,51.82997058145702],[5.68940369412303,51.83000042103231],[5.6893454398959875,51.830019280314445],[5.68933186121285,51.830028584226966],[5.689279306679964,51.830062195658684],[5.6892123352736235,51.83012221008539],[5.689142262563109,51.83017987757921],[5.689027598127723,51.83026528917253],[5.6890088226646185,51.83029160834849],[5.688932128250599,51.830338798463345],[5.688873874023557,51.83038121089339],[5.688838083297014,51.83040216565132],[5.688793156296015,51.83041222393513],[5.688715120777488,51.830455139279366],[5.688658626750112,51.83049889281392],[5.688609089702368,51.83053007349372],[5.688571119681001,51.83055320754647],[5.688533233478665,51.83056971989572],[5.688525689765811,51.83057491667569],[5.68851831369102,51.830573827028275],[5.688512697815895,51.8305725697428],[5.688500963151455,51.830575335770845],[5.6884365901350975,51.83063317090273],[5.688393674790859,51.830668626353145],[5.688336258754134,51.83071682229638],[5.688284123316407,51.83074993081391],[5.688231401145458,51.830794271081686],[5.688186474144459,51.83084682561457],[5.688189323991537,51.830863086506724],[5.688184127211571,51.8308659363538],[5.688182199373841,51.83087104931474],[5.688176583498716,51.830879263579845],[5.688160071149468,51.830885047093034],[5.688111623749137,51.830894937738776],[5.688057225197554,51.83093852363527],[5.688021518290043,51.830959310755134],[5.688015231862664,51.83096190914512],[5.68801305256784,51.8309629149735],[5.688016824424267,51.8309541977942],[5.688032414764166,51.830942714586854],[5.688041215762496,51.83093911036849],[5.688032582402229,51.83095830492675],[5.6880283914506435,51.830961825326085],[5.688031828030944,51.83095486834645],[5.688038785010576,51.83095520362258],[5.6880345940589905,51.83096727356315],[5.688014309853315,51.83099820278585],[5.688001401722431,51.83106861077249],[5.687973825260997,51.8311111908406],[5.687964772805572,51.83111496269703],[5.687925461679697,51.831177240237594],[5.687875170260668,51.83122334070504],[5.687821274623275,51.83127539232373],[5.687754722312093,51.83133976534009],[5.687705688178539,51.831389889121056],[5.687659168615937,51.83145199902356],[5.687611559405923,51.831519389525056],[5.687540899962187,51.831576051190495],[5.687473928555846,51.83161963708699],[5.687392959371209,51.83167336508632],[5.687332861125469,51.83173019438982],[5.687343925237656,51.83174343779683],[5.68732799962163,51.83179599232972],[5.687269493937492,51.831858437508345],[5.6872140895575285,51.831905879080296],[5.687203863635659,51.831923397257924],[5.687192212790251,51.83194166980684],[5.687186261638999,51.8319455254823],[5.687155080959201,51.831953739747405],[5.6870959885418415,51.83196966536343],[5.687095653265715,51.8319798912853],[5.687074447050691,51.83199212886393],[5.686989119276404,51.83197746053338],[5.6869119219481945,51.83192138560116],[5.686862887814641,51.83189204894006],[5.686802286654711,51.831849217414856],[5.68671184591949,51.831797417253256],[5.686647305265069,51.83174913749099],[5.686598522588611,51.8317053001374],[5.686478829011321,51.8316569365561],[5.686420071870089,51.831619050353765],[5.686311023309827,51.831572111696005],[5.686257211491466,51.83155434206128],[5.686222929507494,51.83153757825494],[5.6861579697579145,51.83149164542556],[5.6861585564911366,51.83148133568466],[5.686137769371271,51.83146683499217],[5.686100721359253,51.83145199902356],[5.686034336686134,51.831390811130404],[5.686001144349575,51.83136533014476],[5.6859412137418985,51.831342447549105],[5.685857059434056,51.83130221441388],[5.685801487416029,51.83126516640186],[5.685786064714193,51.83126105926931],[5.68568866699934,51.83123532682657],[5.685617504641414,51.83120112866163],[5.685493620112538,51.8311854545027],[5.6854061130434275,51.831178329885006],[5.6853024289011955,51.83117346838117],[5.685189105570316,51.831167098134756],[5.685111489146948,51.83117707259953],[5.685069998726249,51.83121311478317],[5.685055833309889,51.831278745085],[5.685012163594365,51.83134915307164],[5.684966230764985,51.831382513046265],[5.684908563271165,51.831428948789835],[5.684813931584358,51.831445544958115],[5.684788785874844,51.8314412701875],[5.684777805581689,51.83144395239651],[5.684763975441456,51.831444622948766],[5.684748720377684,51.83144889771938],[5.684616956859827,51.8314843531698],[5.6845255102962255,51.83152089826763],[5.684412270784378,51.83160111308098],[5.683989152312279,51.83165651746094],[5.683995522558689,51.83158200234175],[5.6839232705533504,51.831605806946754],[5.6838015653193,51.831627599895],[5.683724032714963,51.83164226822555],[5.683687906712294,51.8316516559571],[5.683565447106957,51.83168233372271],[5.683457152917981,51.83169892989099],[5.683322539553046,51.831725500524044],[5.683231512084603,51.831727931275964],[5.683110477402806,51.83175852522254],[5.682958848774433,51.83183195069432],[5.682913921773434,51.831854581832886],[5.682896068319678,51.831889199092984],[5.682848962023854,51.83195047080517],[5.682820212095976,51.83198324404657],[5.6828005984425545,51.83199984021485],[5.6827788054943085,51.83206639252603],[5.682747540995479,51.83212992735207],[5.682697165757418,51.83216898702085],[5.682656932622194,51.83221735060215],[5.6826085690408945,51.83228415437043],[5.682556014508009,51.83237727731466],[5.6825299467891455,51.83239177800715],[5.682522654533386,51.83239756152034],[5.6825025379657745,51.83245623484254],[5.682479487732053,51.8324963003397],[5.682465489953756,51.832515662536025],[5.68246272392571,51.83252329006791],[5.682432129979134,51.83259445242584],[5.682399105280638,51.83262873440981],[5.6823889631778,51.83264499530196],[5.68236063234508,51.83271188288927],[5.682317549362779,51.832769298925996],[5.6822978518903255,51.83278019540012],[5.682281507179141,51.832794696092606],[5.6822513323277235,51.83283342048526],[5.6822053994983435,51.832910533994436],[5.682163741439581,51.83294582180679],[5.682151671499014,51.83295026421547],[5.682095931842923,51.833031233400106],[5.682045724242926,51.83308110572398],[5.682018399238586,51.83315293863416],[5.681978417560458,51.833184622228146],[5.6819515116512775,51.8332111928612],[5.6819141283631325,51.83325712569058],[5.681846486404538,51.833318984135985],[5.68175814114511,51.83338453061879],[5.6816749926656485,51.83341269381344],[5.681592179462314,51.83344412595034],[5.681494111195207,51.83348930440843],[5.681404424831271,51.83352551423013],[5.681347008794546,51.83354504406452],[5.681337453424931,51.83354822918773],[5.681343572214246,51.833542697131634],[5.68127584643662,51.833551581948996],[5.68117274902761,51.83360069990158],[5.681080799549818,51.8336496502161],[5.681051295250654,51.833654176443815],[5.681016929447651,51.83365669101477],[5.681006787344813,51.83365744538605],[5.680997064337134,51.8336618039757],[5.680934032425284,51.83370664715767],[5.680838143453002,51.83376548811793],[5.6807513907551765,51.8337878677994],[5.680660950019956,51.83385316282511],[5.680581321939826,51.83388208039105],[5.680562797933817,51.83388736099005],[5.680540921166539,51.83387872762978],[5.680507058277726,51.833879314363],[5.680457856506109,51.83390647172928],[5.680446121841669,51.83390990830958],[5.6804147735238075,51.833923822268844],[5.680380994454026,51.83394134044647],[5.680326595902443,51.833948800340295],[5.680291559547186,51.833963971585035],[5.680228695273399,51.834002109244466],[5.680139260366559,51.834051478654146],[5.680093998089433,51.83405860327184],[5.6800701934844255,51.83406371623278],[5.679981345310807,51.83410436846316],[5.679921582341194,51.83413127437234],[5.679889563471079,51.83414141647518],[5.679875146597624,51.83414124883711],[5.679792417213321,51.83417611755431],[5.6796997133642435,51.83421006426215],[5.679622180759907,51.834245854988694],[5.679615307599306,51.834254153072834],[5.679545486345887,51.83430536650121],[5.679463762789965,51.83431877754629],[5.679434174671769,51.834325063973665],[5.679352367296815,51.83434342034161],[5.679290425032377,51.83434274978936],[5.679262513294816,51.83433805592358],[5.679154470562935,51.834366638213396],[5.679077608510852,51.83437904343009],[5.678997561335564,51.83438524603844],[5.6789210345596075,51.834402764216065],[5.6789136584848166,51.8344044405967],[5.678867641836405,51.83442547917366],[5.67886839620769,51.8344287481159],[5.6788419932127,51.834444338455796],[5.678817182779312,51.83450083248317],[5.678819864988327,51.834543999284506],[5.678812572732568,51.83457836508751],[5.678832354024053,51.83459538035095],[5.678880466148257,51.83462387882173],[5.67897342145443,51.834657825529575],[5.679044164717197,51.83467710390687],[5.679071573540568,51.83468867093325],[5.679105771705508,51.83468992821872],[5.679166037589312,51.83469864539802],[5.679216831922531,51.83473175391555],[5.679311128333211,51.83475279249251],[5.679392432793975,51.83478933759034],[5.679448088631034,51.83480283245444],[5.679479939863086,51.83481389656663],[5.679531823843718,51.83483879081905],[5.6795534491539,51.83484264649451],[5.679645063355565,51.834886064752936],[5.679773557931185,51.8349121324718],[5.679842792451382,51.83494197204709],[5.679888976737857,51.83495286852121],[5.679935663938522,51.83496158570051],[5.680056195706129,51.834994442760944],[5.680168680846691,51.835038950666785],[5.680239088833332,51.83508186601102],[5.680336402729154,51.835106927901506],[5.68043346516788,51.8351417966187],[5.680467411875725,51.83516534976661],[5.680527426302433,51.83517607860267],[5.680601354688406,51.83520440943539],[5.680698249489069,51.83524145744741],[5.680763460695744,51.83524145744741],[5.680802688002586,51.83523181825876],[5.6808459386229515,51.83523701503873],[5.680869743227959,51.83524531312287],[5.6808762811124325,51.835246067494154],[5.68088885396719,51.83524279855192],[5.68097879178822,51.83526702225208],[5.681037800386548,51.835301388055086],[5.681064203381538,51.835310608148575],[5.681141735985875,51.835324857383966],[5.681234858930111,51.835371209308505],[5.681346086785197,51.83541102334857],[5.681459158658981,51.83545553125441],[5.681503415107727,51.835465505719185],[5.681557646021247,51.835438096895814],[5.6815884076058865,51.83542476966977],[5.6815907545387745,51.8354232609272],[5.681629311293364,51.835428876802325],[5.681650098413229,51.835431307554245],[5.681731151416898,51.83546542190015],[5.681799044832587,51.835504649206996],[5.681806253269315,51.83551219291985],[5.681842798367143,51.83551445603371],[5.681883115321398,51.83552736416459],[5.681895352900028,51.83553381823003],[5.681956792250276,51.83556776493788],[5.6820637453347445,51.8355802539736],[5.682157790288329,51.835602382197976],[5.6822651624679565,51.83561721816659],[5.6823614705353975,51.83563540689647],[5.682481164112687,51.83565761893988],[5.682592811062932,51.83566365391016],[5.682666655629873,51.83568083681166],[5.682675205171108,51.83568326756358],[5.682772686704993,51.83567991480231],[5.682858936488628,51.835693744942546],[5.682972259819508,51.83567237108946],[5.6830730102956295,51.835666839033365],[5.683175437152386,51.83566373772919],[5.683187507092953,51.83566943742335],[5.683281887322664,51.83565770275891],[5.6833769381046295,51.835639933124185],[5.683466540649533,51.83561679907143],[5.683544995263219,51.83562157675624],[5.683566033840179,51.835618307814],[5.68365840241313,51.835598861798644],[5.683758733794093,51.83557656593621],[5.683857221156359,51.83557262644172],[5.683984039351344,51.83556164614856],[5.684067942202091,51.83553306385875],[5.684172380715609,51.83551319874823],[5.684270616620779,51.83550288900733],[5.684393662959337,51.83547833003104],[5.684444205835462,51.83544488623738],[5.684470776468515,51.835435163229704],[5.684530455619097,51.8354370072484],[5.684555936604738,51.83544094674289],[5.6845752988010645,51.835437593981624],[5.684669930487871,51.83540523983538],[5.684831282123923,51.83536182157695],[5.684888027608395,51.835355535149574],[5.685007805004716,51.835307255387306],[5.685125403106213,51.83528236113489],[5.685236798599362,51.835265178233385],[5.685339225456119,51.8352316506207],[5.685450620949268,51.83519166894257],[5.685497811064124,51.83518219739199],[5.685491356998682,51.8351745698601],[5.685511473566294,51.83517205528915],[5.685546845197678,51.835169959813356],[5.685687409713864,51.83513592928648],[5.685793859884143,51.835095025599],[5.685830907896161,51.83509393595159],[5.685924701392651,51.83509980328381],[5.685966527089477,51.83509100228548],[5.68601313047111,51.83506895788014],[5.68612209521234,51.83504389598966],[5.686171632260084,51.83504205197096],[5.686207674443722,51.835034592077136],[5.686288727447391,51.835019337013364],[5.686348909512162,51.83500793762505],[5.686430968344212,51.8350038304925],[5.686547057703137,51.8349657766521],[5.686796838417649,51.83491758070886],[5.686811087653041,51.8349155690521],[5.686893817037344,51.834920179098845],[5.687038488686085,51.834896793588996],[5.687173772603273,51.83491657488048],[5.687323724851012,51.83489159680903],[5.68740913644433,51.83489402756095],[5.687499325722456,51.83489796705544],[5.687633687630296,51.83489704504609],[5.687725218012929,51.834915317595005],[5.687828650698066,51.83492629788816],[5.6879594922065735,51.834941720589995],[5.6880610808730125,51.834988156333566],[5.6881889048963785,51.8350088596344],[5.688273645937443,51.83502143248916],[5.6884147971868515,51.835031574591994],[5.6885317247360945,51.83505672030151],[5.688575142994523,51.83506350964308],[5.688639599829912,51.83506736531854],[5.68879877217114,51.835062419995666],[5.6888379994779825,51.83507331646979],[5.688859624788165,51.83507197536528],[5.689003793522716,51.8350556306541],[5.689124157652259,51.83504062704742],[5.689231362193823,51.83503677137196],[5.689297327771783,51.83501715771854],[5.68930353038013,51.83501581661403],[5.689359102398157,51.83501590043306],[5.689472006633878,51.83498748578131],[5.689606703817844,51.83496493846178],[5.689695971086621,51.83496083132923],[5.689713153988123,51.834961753338575],[5.6897315941751,51.83495823293924],[5.689845588058233,51.83492713607848],[5.689972992986441,51.83489796705544],[5.6900690495967865,51.83490190654993],[5.690178936347365,51.83486066758633],[5.690308855846524,51.83483501896262],[5.690355794504285,51.834842059761286],[5.690368451178074,51.83484432287514],[5.690384963527322,51.83484189212322],[5.690431902185082,51.834833761677146],[5.690442882478237,51.83483208529651],[5.690497700124979,51.83482353575528],[5.690590236335993,51.83479989878833],[5.690715881064534,51.834775507450104],[5.690740775316954,51.83477869257331],[5.6908082496374846,51.83477777056396],[5.690826438367367,51.834772154688835],[5.690974798053503,51.834733514115214],[5.691090552136302,51.83473091572523],[5.691142771393061,51.83473343029618],[5.691200690343976,51.834708116948605],[5.691343517974019,51.834672996774316],[5.691444519907236,51.834678780287504],[5.691567650064826,51.834661262109876],[5.691669574007392,51.83465916663408],[5.691767558455467,51.83467090129852],[5.691931340843439,51.83469328097999],[5.691974842920899,51.83471616357565],[5.69201884791255,51.83472890406847],[5.692151784896851,51.83475924655795],[5.69222018122673,51.83478204533458],[5.692238202318549,51.83478556573391],[5.692368373274803,51.8348119687289],[5.6924341712147,51.83483753353357],[5.692460490390658,51.83484423905611],[5.692548248916864,51.834850274026394],[5.692655285820365,51.83488614857197],[5.6927674356848,51.83491012081504],[5.692899199202657,51.83494884520769],[5.693011516705155,51.83496938087046],[5.6930954195559025,51.83499846607447],[5.693193404003978,51.83503190986812],[5.693319719284773,51.835054624825716],[5.693455087020993,51.83509033173323],[5.6935477908700705,51.835116650909185],[5.693558603525162,51.83511723764241],[5.693651391193271,51.835134672001004],[5.693788016214967,51.83515931479633],[5.693834954872727,51.83518001809716],[5.693862196058035,51.83518714271486],[5.693954061716795,51.83521212078631],[5.694055147469044,51.835235338658094],[5.694132344797254,51.8352591432631],[5.694277100265026,51.8352609872818],[5.694350693374872,51.83527431450784],[5.694369217380881,51.835273057222366],[5.694409031420946,51.83525796979666],[5.694410623982549,51.83525092899799],[5.694436356425285,51.83525118045509],[5.694482708349824,51.83524791151285],[5.694565689191222,51.83525847271085],[5.694674402475357,51.835243720561266],[5.69480306468904,51.835225531831384],[5.6948901526629925,51.835211366415024],[5.695035830140114,51.835178676992655],[5.695114620029926,51.835179682821035],[5.695246383547783,51.83514146134257],[5.695322910323739,51.83514900505543],[5.695432294160128,51.835113717243075],[5.695523321628571,51.835107346996665],[5.6956034526228905,51.83509427122772],[5.695672519505024,51.835074070841074],[5.695743011310697,51.835082871839404],[5.695845019072294,51.835052194073796],[5.695958426222205,51.835042806342244],[5.69607594050467,51.83501623570919],[5.696195550262928,51.83499184437096],[5.696187503635883,51.83499033562839],[5.69618389941752,51.83498388156295],[5.696261180564761,51.83497943915427],[5.696346508339047,51.83498195372522],[5.696358997374773,51.83497650548816],[5.6965043395757675,51.83494239114225],[5.696601318195462,51.834933338686824],[5.696713300421834,51.834903163835406],[5.696820169687271,51.83488924987614],[5.696925614029169,51.834873324260116],[5.696984035894275,51.834870893508196],[5.697051929309964,51.834860583767295],[5.697097862139344,51.834851279854774],[5.697170030325651,51.83484465815127],[5.697271786630154,51.83481247164309],[5.697356192395091,51.83478070423007],[5.697480496019125,51.834731167182326],[5.6975875329226255,51.834714487195015],[5.697693731635809,51.834676433354616],[5.697770761325955,51.83466008864343],[5.697879642248154,51.83461616747081],[5.697971507906914,51.83459009975195],[5.697983996942639,51.83459152467549],[5.698012411594391,51.834590351209044],[5.698089776560664,51.83456000871956],[5.698200082406402,51.83454819023609],[5.698238052427769,51.83454165235162],[5.6982870027422905,51.8345217872411],[5.69832606241107,51.83450376614928],[5.698380544781685,51.83448457159102],[5.6984062772244215,51.8344752676785],[5.698431842029095,51.834463365375996],[5.69844676181674,51.83446219190955],[5.698500573635101,51.83445104397833],[5.698498226702213,51.83444735594094],[5.698567880317569,51.8344165943563],[5.698682880029082,51.83436621911824],[5.698751360177994,51.834349539130926],[5.6987738236784935,51.83435364626348],[5.6987985502928495,51.83434811420739],[5.698833335191011,51.83433805592358],[5.698959566652775,51.83427695184946],[5.699066100642085,51.83425650000572],[5.699097365140915,51.83424610644579],[5.699179759249091,51.83421375229955],[5.69927497766912,51.83418055996299],[5.699366759508848,51.83414116501808],[5.699488548561931,51.83409271761775],[5.699541522189975,51.834076372906566],[5.699589550495148,51.834053322672844],[5.69971670396626,51.833987860009074],[5.699831200763583,51.8339398317039],[5.699932035058737,51.83388702571392],[5.699995988979936,51.833874536678195],[5.700056171044707,51.83382399380207],[5.700054746121168,51.833820724859834],[5.700053991749883,51.83382055722177],[5.700073270127177,51.83381234295666],[5.700157508254051,51.83376817032695],[5.700225653126836,51.83374302461743],[5.700347609817982,51.833675215020776],[5.700383232906461,51.8336636479944],[5.700443498790264,51.83364663273096],[5.700531089678407,51.833600448444486],[5.700649777427316,51.833550995215774],[5.700783217325807,51.8335132766515],[5.700922356918454,51.83344320394099],[5.701021431013942,51.83341889642179],[5.701155876740813,51.83335636742413],[5.70125000551343,51.833331724628806],[5.701368022710085,51.83327849954367],[5.701459804549813,51.833250587806106],[5.701570278033614,51.83320482261479],[5.701655941084027,51.833175318315625],[5.701768845319748,51.833127960562706],[5.7018426060676575,51.83309585787356],[5.701952073723078,51.83305470272899],[5.702008651569486,51.83303182013333],[5.702050644904375,51.833012038841844],[5.70219062268734,51.8329521920532],[5.702235968783498,51.832921262830496],[5.702379383146763,51.83285110630095],[5.702508296817541,51.83278866112232],[5.7026053592562675,51.832729149609804],[5.702680209651589,51.83269855566323],[5.702786073088646,51.832632422447205],[5.7028925232589245,51.8325824663043],[5.7029652781784534,51.83255011215806],[5.703079104423523,51.83248087763786],[5.7031764183193445,51.83243511244655],[5.703255711123347,51.832402758300304],[5.703337602317333,51.832355819642544],[5.70345763117075,51.832319777458906],[5.703542539849877,51.83226831257343],[5.703643374145031,51.832209220156074],[5.703699281439185,51.83219446800649],[5.703747980296612,51.83216940611601],[5.703858537599444,51.83210302144289],[5.703833810985088,51.832100339233875],[5.703839175403118,51.83210587128997],[5.703892987221479,51.8320885207504],[5.704018548130989,51.8320039473474],[5.704099852591753,51.831961534917355],[5.704153999686241,51.83194309473038],[5.704247960820794,51.83186103589833],[5.7043208833783865,51.831796830520034],[5.704392129555345,51.831734301522374],[5.704492712393403,51.831633131951094],[5.704539315775037,51.83159776031971],[5.704589020460844,51.83154319413006],[5.704585080966353,51.8315379973501],[5.704579297453165,51.83152995072305],[5.704609556123614,51.831501787528396],[5.70464551448822,51.83144546113908],[5.704652471467853,51.83143883943558],[5.704664206132293,51.831413777545094],[5.704665798693895,51.83140581473708],[5.7046804670244455,51.83139835484326],[5.704713240265846,51.8313392624259],[5.704715000465512,51.831323923543096],[5.704728327691555,51.83125871233642],[5.704770069569349,51.83118679560721],[5.704792365431786,51.83111160993576],[5.704818097874522,51.831038603559136],[5.704822205007076,51.83095780201256],[5.704836454242468,51.83091287501156],[5.7048592530190945,51.8308817781508],[5.704873837530613,51.83080810122192],[5.704870903864503,51.830708775669336],[5.704900156706572,51.83065043762326],[5.704901246353984,51.83058338239789],[5.7049010787159204,51.8305292353034],[5.704920524731278,51.83048422448337],[5.70494650863111,51.83041247539222],[5.704955980181694,51.83037123642862],[5.704958075657487,51.830344665795565],[5.704956231638789,51.83025296777487],[5.704976683482528,51.830192198976874],[5.70498950779438,51.83011282235384],[5.705016162246466,51.830023387447],[5.705033764243126,51.82996680960059],[5.705042900517583,51.82986740022898],[5.705065615475178,51.829808140173554],[5.70507843978703,51.82970839552581],[5.7050927728414536,51.82963698171079],[5.7051195949316025,51.82956598699093],[5.705115236341953,51.829491471871734],[5.705133508890867,51.82943900115788],[5.705130742862821,51.829409496858716],[5.705127809196711,51.82937638834119],[5.7051511108875275,51.829325845465064],[5.705159157514572,51.82930958457291],[5.705162929370999,51.82928955182433],[5.705162845551968,51.82925317436457],[5.705159241333604,51.82923004031181],[5.705187655985355,51.82912954129279],[5.705189248546958,51.82911453768611],[5.705201989039779,51.829070867970586],[5.705216322094202,51.829003393650055],[5.7052200101315975,51.828989647328854],[5.705236103385687,51.82893432676792],[5.705238617956638,51.828926699236035],[5.70524113252759,51.82886031456292],[5.705230990424752,51.82886324822903],[5.705233169719577,51.82886618189514],[5.705234427005053,51.82887548580766],[5.705238366499543,51.828861152753234],[5.705256219953299,51.82877532206476],[5.705261752009392,51.82872603647411],[5.705257644876838,51.82871790602803],[5.705271977931261,51.82864506728947],[5.705302655696869,51.82857281528413],[5.705328807234764,51.8285174947232],[5.705369962379336,51.82846125215292],[5.705415224656463,51.828396543860435],[5.705440454185009,51.82834709063172],[5.705504575744271,51.82829302735627],[5.705550676211715,51.82827844284475],[5.705593843013048,51.828262098133564],[5.705616557970643,51.82825128547847],[5.705691995099187,51.82822479866445],[5.705798864364624,51.82819655165076],[5.705831553786993,51.828184397891164],[5.705858375877142,51.828171741217375],[5.7059333100914955,51.82815061882138],[5.7059945818036795,51.82809127494693],[5.706017632037401,51.82804844342172],[5.706025175750256,51.828038888052106],[5.706039173528552,51.828013909980655],[5.706049734726548,51.82797560468316],[5.706107318401337,51.82789153419435],[5.7061276864260435,51.82788080535829],[5.706161800771952,51.827840404585004],[5.706213600933552,51.82774526998401],[5.706252912059426,51.82771408930421],[5.7062905468046665,51.827642507851124],[5.706342598423362,51.82759246788919],[5.70635718293488,51.82759213261306],[5.706370007246733,51.82757302187383],[5.7063794787973166,51.827547708526254],[5.706446534022689,51.82747378014028],[5.706512415781617,51.82742692530155],[5.706575615331531,51.82735500857234],[5.706644766032696,51.82730463333428],[5.706687178462744,51.82724403217435],[5.706755826249719,51.8271601293236],[5.706820199266076,51.827111933380365],[5.706834448501468,51.82709081098437],[5.706862024962902,51.82704169303179],[5.706935785710812,51.82691873051226],[5.706964703276753,51.826881263405085],[5.706974342465401,51.82686944492161],[5.707028154283762,51.82680825702846],[5.707099651917815,51.82672720402479],[5.707161594182253,51.826668782159686],[5.707241892814636,51.82658236473799],[5.707294698804617,51.82652771472931],[5.70736862719059,51.82646133005619],[5.707410704344511,51.82641975581646],[5.707436101511121,51.82638346217573],[5.707459319382906,51.826370637863874],[5.707503408193588,51.82629469782114],[5.707561997696757,51.82622001506388],[5.707642380148172,51.82616653852165],[5.707718068733811,51.82610660791397],[5.707731144502759,51.826098058372736],[5.70773265324533,51.82610074058175],[5.707767689600587,51.82610132731497],[5.707790991291404,51.826049108058214],[5.707780849188566,51.82604173198342],[5.7077389396727085,51.82600460015237],[5.707719912752509,51.82599797844887],[5.7076476607471704,51.82595858350396],[5.7076117023825645,51.825937209650874],[5.7075955253094435,51.82592329569161],[5.7075840421020985,51.82591147720814],[5.707543138414621,51.825838051736355],[5.707545317709446,51.82580544613302],[5.707535510882735,51.82573797181249],[5.707532661035657,51.825678208842874],[5.707520255818963,51.82566974312067],[5.707513298839331,51.82563898153603],[5.707502653822303,51.82561165653169],[5.707506844773889,51.82560025714338],[5.707507515326142,51.82554208673537],[5.707487063482404,51.82549288496375],[5.707466192543507,51.82541987858713],[5.70746049284935,51.82533052749932],[5.7074889075011015,51.825276128947735],[5.707469880580902,51.82521787472069],[5.707452530041337,51.82520060800016],[5.707428306341171,51.8251967523247],[5.707432497292757,51.82520161382854],[5.707467030733824,51.82520764879882],[5.707473736256361,51.82518258690834],[5.707449596375227,51.825183257460594],[5.707439621910453,51.8251864425838],[5.707413973286748,51.825179401785135],[5.707406010478735,51.82525743730366],[5.707384301349521,51.825323067605495],[5.707382960245013,51.82535885833204],[5.707384301349521,51.82541166432202],[5.707388911396265,51.825453070923686],[5.707391928881407,51.82547913864255],[5.707388576120138,51.82549137622118],[5.7073828764259815,51.82550369761884],[5.707385977730155,51.82555918581784],[5.707387067377567,51.825569747015834],[5.7073884923011065,51.82558533735573],[5.70739503018558,51.825641160830855],[5.70745755918324,51.825726153329015],[5.707468623295426,51.825790610164404],[5.707449009642005,51.82579220272601],[5.707386564463377,51.82578993961215],[5.707299057394266,51.82576538063586],[5.707272067666054,51.82576160877943],[5.707245245575905,51.82574928738177],[5.7072406355291605,51.8257477786392],[5.707223117351532,51.82574794627726],[5.707131251692772,51.82574895210564],[5.707110213115811,51.82573629543185],[5.707103256136179,51.82573654688895],[5.707032596692443,51.82571366429329],[5.706980461254716,51.8256994150579],[5.706969648599625,51.82569715194404],[5.706965709105134,51.82570553384721],[5.706945927813649,51.8257062882185],[5.7069075386971235,51.82568667456508],[5.706882728263736,51.825668988749385],[5.70677007548511,51.82564007118344],[5.706667145714164,51.82562322355807],[5.706584583967924,51.82558475062251],[5.7065055426210165,51.825567400082946],[5.706493640318513,51.825564382597804],[5.706459861248732,51.82555876672268],[5.706407306715846,51.825558012351394],[5.706383753567934,51.825559018179774],[5.706377886235714,51.825549295172095],[5.706361038610339,51.82553454302251],[5.70634838193655,51.82553353719413],[5.706283422186971,51.825515516102314],[5.706200106069446,51.82547871954739],[5.7060850225389,51.8254628777504],[5.7059883791953325,51.825435385107994],[5.705896010622382,51.8254176992923],[5.705795679241419,51.82537847198546],[5.705756535753608,51.82535315863788],[5.705661317333579,51.82533413171768],[5.705556208267808,51.82529934681952],[5.705522848293185,51.825283002108335],[5.705499546602368,51.82528358884156],[5.70548202842474,51.82527587749064],[5.7053610775619745,51.82526112534106],[5.705261081457138,51.825205218046904],[5.705213136970997,51.82516481727362],[5.705118924379349,51.825154004618526],[5.705067962408066,51.825135396793485],[5.704997722059488,51.82511804625392],[5.704952124506235,51.82509834878147],[5.704912059009075,51.82509549893439],[5.704814661294222,51.82506624609232],[5.70473344065249,51.82504093274474],[5.70469044148922,51.825017211958766],[5.704645179212093,51.82500866241753],[5.704568652436137,51.82498125359416],[5.704549038782716,51.82497848756611],[5.7044637110084295,51.82496943511069],[5.704438649117947,51.82496675290167],[5.704340413212776,51.82494797743857],[5.704275285825133,51.82493221946061],[5.704254666343331,51.82491486892104],[5.704236226156354,51.82491478510201],[5.704147880896926,51.82490833103657],[5.70412952452898,51.824900871142745],[5.704120052978396,51.8248944170773],[5.704048722982407,51.824879413470626],[5.703975213691592,51.82484923861921],[5.703876223415136,51.82483021169901],[5.703820399940014,51.82480908930302],[5.703742112964392,51.824793331325054],[5.703639937564731,51.82476131245494],[5.7035275362432,51.82472711429],[5.703425444662571,51.824697609990835],[5.703360233455896,51.82466693222523],[5.703237354755402,51.82464178651571],[5.703122857958078,51.82461085729301],[5.703080194070935,51.824600296095014],[5.703053707256913,51.8245904892683],[5.702919429168105,51.824571965262294],[5.702839298173785,51.824547406286],[5.702739302068949,51.824519746005535],[5.702627990394831,51.824489487335086],[5.702547021210194,51.82446761056781],[5.702456664294004,51.82444950565696],[5.702371168881655,51.8244300596416],[5.702285673469305,51.82441161945462],[5.702149635180831,51.824392257258296],[5.702116610482335,51.82436736300588],[5.702033964917064,51.8243505153805],[5.701983589679003,51.8243473302573],[5.701921731233597,51.82432687841356],[5.701874541118741,51.82431019842625],[5.70184470154345,51.824306258931756],[5.701742693781853,51.82427172549069],[5.70168879814446,51.824231911450624],[5.701573630794883,51.824197797104716],[5.701478244736791,51.82417022064328],[5.701417475938797,51.82415831834078],[5.701311696320772,51.8241261318326],[5.701201474294066,51.8240862339735],[5.701100053265691,51.82405086234212],[5.701001901179552,51.824026722460985],[5.70093484595418,51.8240085337311],[5.7008966244757175,51.823999397456646],[5.700852116569877,51.82397718541324],[5.700848260894418,51.823971066623926],[5.700846249237657,51.823961678892374],[5.700852703303099,51.82394960895181],[5.700872903689742,51.82394047267735],[5.700948508456349,51.823926558718085],[5.700972732156515,51.82392295449972],[5.701016234233975,51.82392345741391],[5.701094605028629,51.82389177381992],[5.701200887560844,51.82385983876884],[5.701255705207586,51.823858078569174],[5.701267691329122,51.823856653645635],[5.701326532289386,51.82383678853512],[5.701376907527447,51.823815163224936],[5.701435413211584,51.8238084577024],[5.70151386782527,51.82377677410841],[5.7015919871628284,51.82375347241759],[5.701689636334777,51.82370737195015],[5.7017280254513025,51.82368205860257],[5.701829865574837,51.8236200325191],[5.701873702928424,51.8236078787595],[5.701951906085014,51.82359170168638],[5.702033629640937,51.82355842553079],[5.702098840847611,51.823552222922444],[5.70211585611105,51.823548870161176],[5.702253906056285,51.823540572077036],[5.70227469317615,51.82353009469807],[5.7023385632783175,51.82350696064532],[5.702420370653272,51.82349874638021],[5.702503016218543,51.82345683686435],[5.702605023980141,51.82341895066202],[5.702678449451923,51.823377795517445],[5.702800741419196,51.823347955942154],[5.702932169660926,51.823325995355844],[5.7029773481190205,51.82330881245434],[5.703033087775111,51.8232783023268],[5.703036105260253,51.823278637602925],[5.703017916530371,51.82328484021127],[5.702992519363761,51.82327101007104],[5.702971983700991,51.82328115217388],[5.703033255413175,51.82327972725034],[5.703137861564755,51.82325550355017],[5.703203156590462,51.82323002256453],[5.703256046399474,51.82321208529174],[5.703322263434529,51.8231902923435],[5.703421924263239,51.82316405698657],[5.703499624505639,51.82313673198223],[5.703614624217153,51.823096834123135],[5.703686289489269,51.82306188158691],[5.703752841800451,51.823032377287745],[5.703864237293601,51.82299608364701],[5.703929951414466,51.822979152202606],[5.7040193025022745,51.82295652106404],[5.704095913097262,51.82294428348541],[5.7041986752301455,51.822915114462376],[5.704291043803096,51.822898015379906],[5.704302107915282,51.82287563569844],[5.7042905408889055,51.822846131399274],[5.704268580302596,51.82280782610178],[5.7042578514665365,51.82280137203634],[5.704197837039828,51.82276055216789],[5.704165734350681,51.82269240729511],[5.704108653590083,51.82260607369244],[5.704066744074225,51.82254840619862],[5.704045034945011,51.82248738594353],[5.7039774768054485,51.822404405102134],[5.703925341367722,51.82232310064137],[5.703861806541681,51.82224690914154],[5.7038128562271595,51.822180608287454],[5.70377572439611,51.82212268933654],[5.703730210661888,51.822043815627694],[5.703709842637181,51.822003331035376],[5.703691653907299,51.82197650894523],[5.703659802675247,51.82192873209715],[5.70364773273468,51.82193418033421],[5.703614624217153,51.82192579843104],[5.703602554276586,51.82190467603505],[5.703651253134012,51.82191599160433],[5.703632645308971,51.82186762802303],[5.703623089939356,51.82182756252587],[5.703588640317321,51.821750197559595],[5.703510269522667,51.82167668826878],[5.703495517373085,51.82161231525242],[5.703510185703635,51.82161902077496],[5.703548239544034,51.821637796238065],[5.703680170699954,51.8216722458601],[5.70376549847424,51.82169554755092],[5.703872451558709,51.82171516120434],[5.704005556181073,51.821740390732884],[5.704083424061537,51.82173469103873],[5.704113682731986,51.821735529229045],[5.704227676615119,51.821756483986974],[5.7043450232595205,51.821759920567274],[5.704439068213105,51.82176402769983],[5.704543171450496,51.82175472378731],[5.704662865027785,51.82173519395292],[5.7047331891953945,51.82172505185008],[5.7048265635967255,51.82171591557562],[5.704949693754315,51.821702839806676],[5.70501490496099,51.82170837186277],[5.705070225521922,51.82171080261469],[5.705072153359652,51.82170929387212],[5.705150775611401,51.821690099313855],[5.705181453377008,51.821697391569614],[5.705212550237775,51.82169605046511],[5.705334758386016,51.821701750159264],[5.705428468063474,51.82171666994691],[5.705465180799365,51.82172739878297],[5.705522848293185,51.82174550369382],[5.705542881041765,51.821756483986974],[5.7055578008294106,51.82176151312888],[5.705643966794014,51.8217708170414],[5.70572099648416,51.82177048176527],[5.7057766523212194,51.821778025478125],[5.705864075571299,51.82177324779332],[5.705890394747257,51.82177039794624],[5.705950073897839,51.82176645845175],[5.706052333116531,51.82177039794624],[5.7060799933969975,51.82177249342203],[5.706147300079465,51.8217740021646],[5.706189125776291,51.821777606382966],[5.7062628865242,51.82177450507879],[5.70633321069181,51.82177525945008],[5.706457765772939,51.82175044901669],[5.706535466015339,51.82175958529115],[5.706627415493131,51.82176268659532],[5.70671584457159,51.821767799556255],[5.706763789057732,51.821779031306505],[5.706816175952554,51.82179152034223],[5.706866383552551,51.82180576957762],[5.706874597817659,51.82181138545275],[5.706924218684435,51.82183116674423],[5.70694743655622,51.82183787226677],[5.706970486789942,51.821845415979624],[5.707012647762895,51.82186326943338],[5.707127982750535,51.821889504790306],[5.707159414887428,51.82191087864339],[5.707213645800948,51.82195094414055],[5.707235187292099,51.822015484794974],[5.7072491850703955,51.822100561112165],[5.707238204777241,51.82211841456592],[5.707237031310797,51.822144063189626],[5.707238037139177,51.82215361855924],[5.707289418205619,51.82219083420932],[5.707309870049357,51.82222042232752],[5.707335937768221,51.82223022915423],[5.707359071820974,51.82223718613386],[5.707419840618968,51.82227171957493],[5.707494942471385,51.822302816435695],[5.707520507276058,51.822310611605644],[5.707628885284066,51.82229963131249],[5.707662831991911,51.82229284197092],[5.707746567204595,51.8222713842988],[5.707837762311101,51.82222981005907],[5.70789878256619,51.82221011258662],[5.70799894630909,51.8221696279943],[5.708104306831956,51.822121096774936],[5.70819441229105,51.82208186946809],[5.708297677338123,51.822043815627694],[5.708386693149805,51.82200014591217],[5.7084602024406195,51.82197122834623],[5.7085450273007154,51.82193719781935],[5.708594731986523,51.82190869934857],[5.708620296791196,51.821894282475114],[5.708654662594199,51.82186980731785],[5.708684166893363,51.82184801436961],[5.708708725869656,51.82184491306543],[5.7087944727391005,51.82182186283171],[5.708836549893022,51.82181096635759],[5.708877118304372,51.821806356310844],[5.708887260407209,51.82180794887245],[5.708972001448274,51.82177576236427],[5.709053138270974,51.82176302187145],[5.70914919488132,51.82174500077963],[5.7092491909861565,51.82175254449248],[5.709288837388158,51.82175489142537],[5.709308702498674,51.82175430469215],[5.709321107715368,51.82175774127245],[5.709372237324715,51.82177098467946],[5.709472568705678,51.8217948731035],[5.709570636972785,51.82181800715625],[5.709696197882295,51.82182705961168],[5.709785548970103,51.82183493860066],[5.709905913099647,51.82183016091585],[5.709981769323349,51.82181943207979],[5.710038263350725,51.82182680815458],[5.710055446252227,51.82183787226677],[5.710077825933695,51.82183560915291],[5.710122250020504,51.82184021919966],[5.710229706019163,51.82185832411051],[5.710291899740696,51.82187592610717],[5.710401451215148,51.82192227803171],[5.710477894172072,51.82195320725441],[5.710549559444189,51.82198707014322],[5.710632959380746,51.8220036663115],[5.710741672664881,51.8220470007509],[5.710856672376394,51.822092179208994],[5.710944011807442,51.822129311040044],[5.711045935750008,51.822161162272096],[5.711122797802091,51.822192929685116],[5.711238635703921,51.82223894633353],[5.711305607110262,51.82227239012718],[5.711377523839474,51.822315976023674],[5.711386241018772,51.82232217863202],[5.711375428363681,51.82231823913753],[5.711376601830125,51.822327291592956],[5.711426390334964,51.82233911007643],[5.711517836898565,51.822371715679765],[5.71159427985549,51.82240574620664],[5.7116729859262705,51.822425443679094],[5.711715314537287,51.822422593832016],[5.711713721975684,51.822426952421665],[5.711744818836451,51.82244589552283],[5.711818914860487,51.82245545089245],[5.711912624537945,51.82244145311415],[5.711990911513567,51.82240080088377],[5.7120302226394415,51.8223337456584],[5.71212007664144,51.82223911397159],[5.712170284241438,51.822201143950224],[5.712213953956962,51.82214909233153],[5.712266843765974,51.82209922000766],[5.712329037487507,51.822045324370265],[5.712385615333915,51.82200802490115],[5.71242593228817,51.82196200825274],[5.712453341111541,51.821937784552574],[5.712478319182992,51.82192303240299],[5.712522659450769,51.821883637458086],[5.7125832606107,51.82182504795492],[5.7126454543322325,51.82178607210517],[5.712728183716536,51.82171097025275],[5.712786102667451,51.82165950536728],[5.712868832051754,51.82161223143339],[5.712917950004339,51.82156948372722],[5.712988777086139,51.82149429805577],[5.71304795332253,51.8214719183743],[5.713107716292143,51.82141316123307],[5.713146524503827,51.82138281874359],[5.7132138311862946,51.82132967747748],[5.713281137868762,51.821261532604694],[5.713331261649728,51.82123429141939],[5.713343918323517,51.821222892031074],[5.7134373765438795,51.82116547599435],[5.71349311619997,51.82111417874694],[5.713540809229016,51.821087608113885],[5.713597973808646,51.821047542616725],[5.713672824203968,51.820987444370985],[5.713735856115818,51.82091200724244],[5.713776424527168,51.820888286456466],[5.713857980445027,51.82082843966782],[5.713916486129165,51.820788541808724],[5.713921515271068,51.82076398283243],[5.713923778384924,51.82070832699537],[5.713861919939518,51.82063548825681],[5.713812047615647,51.820567175745964],[5.713797798380256,51.82055820710957],[5.713665867224336,51.820516465231776],[5.713592860847712,51.82047078385949],[5.71349018253386,51.82042736560106],[5.713411811739206,51.82038361206651],[5.71338658221066,51.820361064746976],[5.71338121779263,51.82035678997636],[5.713284071534872,51.82032619602978],[5.713169910013676,51.820271126925945],[5.713152391836047,51.82025050744414],[5.713074104860425,51.82022946886718],[5.71294192224741,51.82019175030291],[5.712901186197996,51.82016341947019],[5.712880818173289,51.820156797766685],[5.712763639166951,51.82011941447854],[5.712664313614368,51.82006216607988],[5.712641011923552,51.82004221715033],[5.712574627250433,51.820022435858846],[5.712461220100522,51.819993099197745],[5.712389973923564,51.81995320133865],[5.712274387478828,51.8199316598475],[5.712232058867812,51.81990936398506],[5.7121810130774975,51.819879692047834],[5.71207607164979,51.819848008453846],[5.712043130770326,51.81983484886587],[5.7119619101285934,51.81979059241712],[5.711956797167659,51.81978162378073],[5.71187817491591,51.81976268067956],[5.7118117064237595,51.81973745115101],[5.711758816614747,51.819711634889245],[5.711731323972344,51.819700822234154],[5.711711458861828,51.81970048695803],[5.711657898500562,51.81969277560711],[5.7116323336958885,51.81968783028424],[5.711582209914923,51.819670647382736],[5.71156108751893,51.81967073120177],[5.711540132761002,51.819665199145675],[5.711545329540968,51.81965765543282],[5.711528901010752,51.81965757161379],[5.711512640118599,51.81966042146087],[5.711508532986045,51.81966109201312],[5.711513981223106,51.81966343894601],[5.711514735594392,51.81966385804117],[5.711508449167013,51.819671066477895],[5.711482213810086,51.81966821663082],[5.711491601541638,51.819665702059865],[5.711507024243474,51.819669641554356],[5.711504258215427,51.81967182084918],[5.711508197709918,51.81967182084918],[5.711506605148315,51.81967123411596],[5.711498726159334,51.81967223994434],[5.711491769179702,51.819669138640165],[5.7115301582962275,51.81967559270561],[5.711538791656494,51.81966444477439],[5.711539965122938,51.81965564377606],[5.7115313317626715,51.81964533403516],[5.711452793329954,51.819624127820134],[5.71138221770525,51.81959789246321],[5.71129915304482,51.81956000626087],[5.7111729215830564,51.8195341899991],[5.711082983762026,51.81949772872031],[5.710999416187406,51.819479037076235],[5.710862539708614,51.81945590302348],[5.710791796445847,51.81941634044051],[5.710774529725313,51.81941198185086],[5.710655841976404,51.819391027092934],[5.710527766495943,51.81935666128993],[5.710460962727666,51.81932388804853],[5.7104395888745785,51.81932045146823],[5.710330959409475,51.81930628605187],[5.710223000496626,51.81927552446723],[5.710184276103973,51.819252306595445],[5.710171032696962,51.81924736127257],[5.710044717416167,51.819224897772074],[5.7099333219230175,51.8191943038255],[5.709884790703654,51.81917427107692],[5.7098484970629215,51.81916597299278],[5.7096803560853004,51.819128673523664],[5.709597626700997,51.81910931132734],[5.709551693871617,51.81909321807325],[5.70948732085526,51.819064635783434],[5.7093575689941645,51.819038232788444],[5.709290681406856,51.81901752948761],[5.709193954244256,51.818987019360065],[5.709081720560789,51.81897461414337],[5.709054144099355,51.81895734742284],[5.709034111350775,51.81895022280514],[5.709014916792512,51.81894460693002],[5.708869993686676,51.818912252783775],[5.708785587921739,51.81887780316174],[5.708639323711395,51.818843856453896],[5.708556259050965,51.81880756281316],[5.708452994003892,51.81878920644522],[5.708348471671343,51.818761294707656],[5.708273788914084,51.81872592307627],[5.708166165277362,51.81870496831834],[5.708075724542141,51.81867353618145],[5.707969777286053,51.81862366385758],[5.7078323140740395,51.81858703494072],[5.707780094817281,51.8185412697494],[5.707757882773876,51.81851679459214],[5.707730138674378,51.818497935310006],[5.707590160891414,51.818420737981796],[5.7075536996126175,51.81837438605726],[5.70754699409008,51.81834848597646],[5.707537606358528,51.81830506771803],[5.707448925822973,51.8182373419404],[5.7073884923011065,51.81815503165126],[5.707395281642675,51.81813617236912],[5.707391928881407,51.818095771595836],[5.707321520894766,51.81800021789968],[5.707330908626318,51.81795998476446],[5.707311043515801,51.81791111826897],[5.707301571965218,51.81790013797581],[5.707245916128159,51.817821683362126],[5.707235354930162,51.81777097284794],[5.707206353545189,51.81770115159452],[5.70716192945838,51.81761724874377],[5.707156481221318,51.81758715771139],[5.7071357779204845,51.81755212135613],[5.707081630825996,51.81746025569737],[5.707080960273743,51.81741256266832],[5.707051791250706,51.81735749356449],[5.7070176769047976,51.81727644056082],[5.706991860643029,51.81719538755715],[5.706946514546871,51.81712808087468],[5.706930086016655,51.81706513278186],[5.706875519827008,51.81699011474848],[5.7068725023418665,51.81695356965065],[5.706831598654389,51.816888274624944],[5.706799663603306,51.81683127768338],[5.706797316670418,51.81677369400859],[5.706741325557232,51.816689958795905],[5.7067393977195024,51.81662776507437],[5.7066913694143295,51.816571271046996],[5.706672091037035,51.81651871651411],[5.706629510968924,51.816444620490074],[5.706604951992631,51.816412936896086],[5.706598246470094,51.816405057907104],[5.706598581746221,51.81636004708707],[5.706593217328191,51.81630305014551],[5.706563042476773,51.81623239070177],[5.70650864392519,51.81616684421897],[5.706500429660082,51.816140273585916],[5.706488443538547,51.81613641791046],[5.706468410789967,51.816116804257035],[5.706450054422021,51.81608134880662],[5.706454999744892,51.8160738889128],[5.706497244536877,51.816024016588926],[5.706490036100149,51.81602091528475],[5.706489533185959,51.816014712676406],[5.7064757868647575,51.816019490361214],[5.706475032493472,51.81603097356856],[5.70649791508913,51.8160358350724],[5.706544853746891,51.81601647287607],[5.706660859286785,51.81597967632115],[5.7067508809268475,51.81595888920128],[5.706824893131852,51.81591236963868],[5.706876190379262,51.81585813872516],[5.706923548132181,51.81581522338092],[5.707009630277753,51.81578068993986],[5.70703343488276,51.81575973518193],[5.707063442096114,51.81572704575956],[5.707123288884759,51.81567742489278],[5.707146422937512,51.815659990534186],[5.707210628315806,51.815603245049715],[5.707265194505453,51.81553409434855],[5.707327388226986,51.815484054386616],[5.707361418753862,51.81546712294221],[5.707439789548516,51.81543066166341],[5.707495110109448,51.81528188288212],[5.70749812759459,51.81531272828579],[5.707783196121454,51.81534390896559],[5.707754697650671,51.81518565863371],[5.7077716290950775,51.815085243433714],[5.707825943827629,51.815046686679125],[5.70785385556519,51.81496974080801],[5.707857375964522,51.814884496852756],[5.707870535552502,51.814851304516196],[5.707869278267026,51.81483822874725],[5.7078558672219515,51.81479271501303],[5.707869529724121,51.814768239855766],[5.707876235246658,51.814759438857436],[5.707875397056341,51.81473320350051],[5.707891657948494,51.81472289375961],[5.707914289087057,51.814701184630394],[5.707972878590226,51.814633794128895],[5.7080169674009085,51.81455232203007],[5.708032390102744,51.81450496427715],[5.708088548853993,51.81445601396263],[5.7081948313862085,51.81442491710186],[5.708294743672013,51.81437496095896],[5.708385016769171,51.81430128403008],[5.708411755040288,51.814271276816726],[5.708433045074344,51.814212603494525],[5.708492137491703,51.8141517508775],[5.708522563800216,51.81409659795463],[5.7085721008479595,51.814025016501546],[5.7086495496332645,51.8139722943306],[5.708678802475333,51.813939940184355],[5.708706127479672,51.81390020996332],[5.708761364221573,51.81382158771157],[5.708775445818901,51.8137994594872],[5.708833700045943,51.81376777589321],[5.708845015615225,51.8137650936842],[5.708862533792853,51.81375662796199],[5.70890000090003,51.813713712617755],[5.708965295925736,51.813653195276856],[5.709000416100025,51.81362830102444],[5.708992118015885,51.81362402625382],[5.70897962898016,51.81362494826317],[5.708983484655619,51.81361706927419],[5.709059676155448,51.81358220055699],[5.709071159362793,51.8135750759393],[5.7090760208666325,51.81356342509389],[5.7091139908879995,51.81351740844548],[5.709204012528062,51.813460579141974],[5.709237875416875,51.81343434378505],[5.70928355678916,51.81342378258705],[5.7093375362455845,51.81341347284615],[5.709351869300008,51.81340995244682],[5.7094756700098515,51.813370222225785],[5.709606679156423,51.81333954446018],[5.709679266437888,51.81332755833864],[5.709806168451905,51.81328749284148],[5.709880515933037,51.813271483406425],[5.710016889497638,51.813258826732635],[5.710079669952393,51.81324005126953],[5.7101695239543915,51.813181545585394],[5.710188634693623,51.813157154247165],[5.710199195891619,51.81313360109925],[5.71024370379746,51.81306277401745],[5.71024663746357,51.81302706710994],[5.710282092913985,51.812960766255856],[5.710363397374749,51.812949953600764],[5.710467081516981,51.81293494999409],[5.710604041814804,51.81289681233466],[5.710637653246522,51.81287074461579],[5.710656512528658,51.812858674675226],[5.710734128952026,51.8128046952188],[5.710819121450186,51.81275515817106],[5.710872430354357,51.81269430555403],[5.7109150942415,51.812643678858876],[5.710927918553352,51.8125456944108],[5.710983574390411,51.81248400360346],[5.7110238913446665,51.812447709962726],[5.711026908829808,51.81239414960146],[5.711045265197754,51.81228878907859],[5.711044929921627,51.812235144898295],[5.71105289272964,51.81215635500848],[5.7111025135964155,51.812109500169754],[5.711118020117283,51.81210832670331],[5.711159175261855,51.81211025454104],[5.71128842420876,51.812110086902976],[5.71143108420074,51.81209751404822],[5.7115101255476475,51.81209022179246],[5.711611295118928,51.812086617574096],[5.7116838824003935,51.81209793314338],[5.711696958169341,51.81210245937109],[5.711713973432779,51.81210187263787],[5.711781531572342,51.81208921596408],[5.7118399534374475,51.8120950832963],[5.711875827983022,51.81208443827927],[5.711898123845458,51.81205786764622],[5.711872475221753,51.81203020736575],[5.71183517575264,51.81204185821116],[5.711778346449137,51.812064573168755],[5.711887730285525,51.81209701113403],[5.71189234033227,51.8120588734746],[5.71193533949554,51.812108075246215],[5.711996778845787,51.81217269971967],[5.712017482146621,51.81220228783786],[5.712106246501207,51.812257608398795],[5.712157376110554,51.81229759007692],[5.712214456871152,51.8123073130846],[5.7122390158474445,51.812304044142365],[5.712262904271483,51.812296751886606],[5.712296683341265,51.8122711032629],[5.7123026344925165,51.81226531974971],[5.712315710261464,51.8122433591634],[5.712306825444102,51.81222106330097],[5.712338509038091,51.81214101612568],[5.712343538179994,51.81205853819847],[5.712343119084835,51.81204680353403],[5.712332306429744,51.81197203695774],[5.712334904819727,51.811878494918346],[5.712345717474818,51.81180632673204],[5.7123559433966875,51.81175829842687],[5.712374970316887,51.811747904866934],[5.712400283664465,51.81174681521952],[5.712446635589004,51.81174882687628],[5.712493741884828,51.811754358932376],[5.712533723562956,51.81175419129431],[5.7126672472804785,51.81175880134106],[5.7127464562654495,51.81175863370299],[5.712774703279138,51.8117599748075],[5.712759699672461,51.81175444275141],[5.71276405826211,51.81176148355007],[5.712774703279138,51.8117599748075],[5.712774703279138,51.8117599748075],[5.712774703279138,51.8117599748075],[5.712772188708186,51.811765003949404],[5.712774703279138,51.8117599748075],[5.712774703279138,51.8117599748075],[5.712770763784647,51.811757292598486],[5.712771182879806,51.811757711693645],[5.712771350517869,51.8117581307888],[5.712771350517869,51.8117581307888],[5.712771015241742,51.8117583822459],[5.712772272527218,51.81175854988396],[5.712776631116867,51.81176810525358],[5.712839746847749,51.81178637780249],[5.712849218398333,51.8117840308696],[5.712872268632054,51.81178336031735],[5.712921135127544,51.811798783019185],[5.712992716580629,51.811809511855245],[5.713117774575949,51.81181906722486],[5.7132285833358765,51.81182770058513],[5.713295387104154,51.81183340027928],[5.713310977444053,51.81183381937444],[5.71344081312418,51.811834992840886],[5.713555896654725,51.811850583180785],[5.713572995737195,51.81186449714005],[5.713599231094122,51.811869107186794],[5.7136420626193285,51.81186801753938],[5.71374474093318,51.811868604272604],[5.713806515559554,51.81187078356743],[5.713813723996282,51.811872627586126],[5.713844569399953,51.811876986175776],[5.713900309056044,51.8118894752115],[5.714024277403951,51.811911184340715],[5.714144641533494,51.811918476596475],[5.71422946639359,51.8119135312736],[5.714246481657028,51.811924427747726],[5.714273219928145,51.811921494081616],[5.714316889643669,51.81192518211901],[5.714405402541161,51.81194010190666],[5.714495927095413,51.8119344022125],[5.714593743905425,51.81195150129497],[5.714625343680382,51.8119653314352],[5.714687705039978,51.8119618948549],[5.71476062759757,51.81198762729764],[5.714834723621607,51.811997601762414],[5.7149499747902155,51.81199634447694],[5.714969169348478,51.81200380437076],[5.7150474563241005,51.812006402760744],[5.71515541523695,51.812017215415835],[5.71516371332109,51.81202517822385],[5.715215848758817,51.81203012354672],[5.715318527072668,51.81204286403954],[5.71543344296515,51.81202727369964],[5.71553067304194,51.812044037505984],[5.715642822906375,51.81203892454505],[5.715715745463967,51.81203733198345],[5.71580090560019,51.81205208413303],[5.715916072949767,51.812047557905316],[5.715939542278647,51.81205669417977],[5.715962257236242,51.8120657466352],[5.716117657721043,51.81207999587059],[5.71617616340518,51.812096927315],[5.71619376540184,51.812096927315],[5.7162728905677795,51.81209701113403],[5.716315554454923,51.812107572332025],[5.71634866297245,51.812112014740705],[5.716408174484968,51.81211654096842],[5.7164419535547495,51.81210623122752],[5.716547481715679,51.81210212409496],[5.716622835025191,51.812105141580105],[5.716761639341712,51.812096927315],[5.716842943802476,51.81211897172034],[5.716935815289617,51.812121318653226],[5.7169826701283455,51.81215224787593],[5.716989375650883,51.8121693469584],[5.717025836929679,51.81218368001282],[5.717094736173749,51.81219382211566],[5.71720814332366,51.81216808967292],[5.717263128608465,51.812176555395126],[5.717320293188095,51.81214537471533],[5.717353653162718,51.81213221512735],[5.717425821349025,51.81213271804154],[5.717515675351024,51.81215241551399],[5.717528164386749,51.812161887064576],[5.717555740848184,51.812166748568416],[5.717603601515293,51.81216658093035],[5.717744920402765,51.81214638054371],[5.717793786898255,51.81215920485556],[5.717810215428472,51.81216306053102],[5.71784432977438,51.812154930084944],[5.717871822416782,51.81214252486825],[5.71801439858973,51.812142273411155],[5.718047339469194,51.812168676406145],[5.718038203194737,51.81217580102384],[5.718059912323952,51.81224511936307],[5.71813652291894,51.812241515144706],[5.718163764104247,51.81222952902317],[5.7181748282164335,51.81223816238344],[5.718191089108586,51.81223891675472],[5.7183262053877115,51.81222718209028],[5.7184396125376225,51.81222056038678],[5.718482946977019,51.81223036721349],[5.7185055781155825,51.812240928411484],[5.718519743531942,51.812239587306976],[5.7186042331159115,51.81222005747259],[5.718707581982017,51.812192145735025],[5.718768015503883,51.81219834834337],[5.718870274722576,51.812170688062906],[5.71897110901773,51.81215861812234],[5.719026932492852,51.81216733530164],[5.719070686027408,51.81215736083686],[5.719172609969974,51.8121262639761],[5.719200354069471,51.81213439442217],[5.719231031835079,51.81213900446892],[5.719334129244089,51.81211369112134],[5.71940696798265,51.812109583988786],[5.719421217218041,51.81211218237877],[5.719531020149589,51.81209499947727],[5.7196420803666115,51.81207320652902],[5.719657838344574,51.812078235670924],[5.719717936590314,51.812075888738036],[5.7198222912848,51.81204772554338],[5.719839641824365,51.812060633674264],[5.719861602410674,51.81206029839814],[5.719876019284129,51.81205619126558],[5.719987414777279,51.81201989762485],[5.720020439475775,51.811967426910996],[5.720019852742553,51.81189592927694],[5.720049692317843,51.811882350593805],[5.720084980130196,51.81187950074673],[5.720138289034367,51.81189391762018],[5.720150861889124,51.81189936585724],[5.720192436128855,51.81190179660916],[5.720282793045044,51.81189861148596],[5.720412125810981,51.81189148686826],[5.720420591533184,51.81185871362686],[5.72042235173285,51.81184153072536],[5.720412712544203,51.81180892512202],[5.7204110361635685,51.81175553239882],[5.720425704494119,51.811750419437885],[5.72041698731482,51.81172234006226],[5.7204098626971245,51.81171043775976],[5.720395278185606,51.81163717992604],[5.720420423895121,51.81157766841352],[5.720391254872084,51.81149602867663],[5.720405923202634,51.8114473298192],[5.720377340912819,51.811365857720375],[5.720370803028345,51.811309363693],[5.72038421407342,51.81127122603357],[5.720373904332519,51.811242224648595],[5.720366025343537,51.81122864596546],[5.7203583139926195,51.811191849410534],[5.720373149961233,51.81113108061254],[5.720354877412319,51.811095289886],[5.720346914604306,51.81107936426997],[5.72035881690681,51.811004262417555],[5.720368539914489,51.810973500832915],[5.7203612476587296,51.81094693019986],[5.720363678410649,51.81085858494043],[5.720362840220332,51.810807287693024],[5.720359738916159,51.81073335930705],[5.720384884625673,51.8106843251735],[5.720379604026675,51.810652893036604],[5.720383627340198,51.810613917186856],[5.720403743907809,51.8105976562947],[5.72041355073452,51.81057686917484],[5.72041061706841,51.81050796993077],[5.720425955951214,51.81047402322292],[5.720438528805971,51.81045918725431],[5.720441713929176,51.810388108715415],[5.720479851588607,51.81033949367702],[5.7205114513635635,51.81026749312878],[5.720536345615983,51.81022172793746],[5.720530226826668,51.810206808149815],[5.720541290938854,51.810134053230286],[5.720559395849705,51.810076804831624],[5.7205824460834265,51.81000413373113],[5.720602227374911,51.809964152053],[5.720607675611973,51.80989542044699],[5.720667187124491,51.8098761420697],[5.7207373436540365,51.80985677987337],[5.720793250948191,51.809818893671036],[5.720793250948191,51.809818893671036],[5.720795765519142,51.80978544987738],[5.720796519890428,51.809785198420286],[5.7207935862243176,51.80978779681027],[5.7207935862243176,51.80978779681027],[5.720796771347523,51.80977815762162],[5.720793670043349,51.809775391593575],[5.7207918260246515,51.80977807380259],[5.720795346423984,51.80974429473281],[5.720825772732496,51.80966223590076],[5.72082594037056,51.809590235352516],[5.7208846136927605,51.80954245850444],[5.720892157405615,51.80953240022063],[5.720887379720807,51.80948085151613],[5.720865083858371,51.80942720733583],[5.720860054716468,51.809363504871726],[5.720842871814966,51.80929494090378],[5.720807667821646,51.80921606719494],[5.7208038959652185,51.809139121323824],[5.720805656164885,51.80912688374519],[5.720813954249024,51.80908556096256],[5.7208142057061195,51.80907583795488],[5.720792664214969,51.80899662896991],[5.7207865454256535,51.80891381576657],[5.72076391428709,51.808872912079096],[5.720742205157876,51.80880459956825],[5.720744803547859,51.808764869347215],[5.720741953700781,51.808757493272424],[5.720712365582585,51.808712063357234],[5.720695853233337,51.80865707807243],[5.720701804384589,51.808622712269425],[5.7207005470991135,51.80861659348011],[5.720663666725159,51.808546017855406],[5.720672216266394,51.808491786941886],[5.720680262893438,51.80848382413387],[5.7206890638917685,51.80844652466476],[5.72069794870913,51.808412577956915],[5.7206828612834215,51.80835139006376],[5.72067498229444,51.80833647027612],[5.720647657290101,51.80828123353422],[5.720625948160887,51.80819590575993],[5.720613459125161,51.80814494378865],[5.7206095196306705,51.808115942403674],[5.720598204061389,51.80806984193623],[5.7205842062830925,51.807979149743915],[5.720571046695113,51.80791150778532],[5.720559395849705,51.80783665739],[5.720569537952542,51.80778343230486],[5.7205800991505384,51.80772811174393],[5.720542129129171,51.80766130797565],[5.720541458576918,51.80759542621672],[5.72052301838994,51.80753197520971],[5.720471888780594,51.807450000196695],[5.720463339239359,51.80742275901139],[5.7204643450677395,51.80740968324244],[5.720465099439025,51.807393338531256],[5.720448503270745,51.80732938461006],[5.720406174659729,51.80721865966916],[5.720435595139861,51.80715621449053],[5.720443222671747,51.80713266134262],[5.720438193529844,51.807089913636446],[5.720384633168578,51.80701866745949],[5.720372898504138,51.806983379647136],[5.720378011465073,51.80695873685181],[5.720380190759897,51.806906098499894],[5.720360241830349,51.8068299908191],[5.720335012301803,51.8067641928792],[5.720334257930517,51.80673209019005],[5.7203215174376965,51.80670543573797],[5.720278434455395,51.806631591171026],[5.720286061987281,51.80656579323113],[5.720272148028016,51.80648968555033],[5.72024792432785,51.806404860690236],[5.720257563516498,51.806350629776716],[5.720219761133194,51.80628206580877],[5.720228394493461,51.80624024011195],[5.720201404765248,51.80617050267756],[5.720199644565582,51.80610897950828],[5.72020442225039,51.8061026930809],[5.720197716727853,51.806087689474225],[5.7201662845909595,51.80605072528124],[5.72012915275991,51.80597981438041],[5.720134265720844,51.805951902642846],[5.720139043405652,51.805936647579074],[5.720126973465085,51.80588845163584],[5.7201265543699265,51.80587680079043],[5.720117250457406,51.805789126083255],[5.720145832747221,51.80572911165655],[5.720154717564583,51.8056383356452],[5.720172738656402,51.80560992099345],[5.7201839704066515,51.805562898516655],[5.720230909064412,51.80550439283252],[5.7202458288520575,51.80547849275172],[5.720280027016997,51.80545234121382],[5.720325708389282,51.80544395931065],[5.720343561843038,51.80543566122651],[5.720429141074419,51.80539702065289],[5.720537351444364,51.80537631735206],[5.72056844830513,51.80536575615406],[5.720615303143859,51.80533901788294],[5.720663582906127,51.80524807423353],[5.720703061670065,51.80515503510833],[5.7206949312239885,51.805109940469265],[5.720666851848364,51.805086052045226],[5.720601975917816,51.80501916445792],[5.72058018296957,51.80500332266092],[5.720542715862393,51.80498354136944],[5.720474990084767,51.80496216751635],[5.720422435551882,51.80496350862086],[5.720323612913489,51.804956551641226],[5.720205679535866,51.80492646060884],[5.720167122781277,51.80490357801318],[5.720142060890794,51.80488404817879],[5.720129907131195,51.80487616918981],[5.720024798065424,51.80482436902821],[5.71998699568212,51.8047730717808],[5.719990096986294,51.80474968627095],[5.719981295987964,51.80472303181887],[5.719981882721186,51.804712722077966],[5.719959083944559,51.804632591083646],[5.719969645142555,51.80459646508098],[5.719971572980285,51.8045848980546],[5.719942655414343,51.804518681019545],[5.719965035095811,51.804482555016875],[5.719985235482454,51.80446336045861],[5.719994539394975,51.80445992387831],[5.720012057572603,51.80444810539484],[5.7200331799685955,51.804434610530734],[5.720048518851399,51.80442119948566],[5.720094870775938,51.80438054725528],[5.7201112154871225,51.80435917340219],[5.7201610039919615,51.8043187726289],[5.7202304899692535,51.80428298190236],[5.720306849107146,51.804223554208875],[5.720339538529515,51.804193714633584],[5.720375077798963,51.80416169576347],[5.720381364226341,51.80413881316781],[5.720377927646041,51.80411106906831],[5.7203795202076435,51.804044181481004],[5.720403324812651,51.80401861667633],[5.720412125810981,51.8040082231164],[5.720420256257057,51.803975449875],[5.720426961779594,51.80395164526999],[5.72045998647809,51.80388710461557],[5.720484796911478,51.80386221036315],[5.720517234876752,51.80383346043527],[5.7205624133348465,51.80375634692609],[5.720601137727499,51.803717790171504],[5.7206598948687315,51.80366523563862],[5.720709264278412,51.80361804552376],[5.720736505463719,51.803599605336785],[5.720744049176574,51.80358074605465],[5.720738433301449,51.803509751334786],[5.720744635909796,51.803469182923436],[5.720760393887758,51.80342232808471],[5.72076877579093,51.80335418321192],[5.720778247341514,51.803306825459],[5.720812026411295,51.80326072499156],[5.720805069431663,51.803244296461344],[5.720799621194601,51.80320934392512],[5.720820324495435,51.80314941331744],[5.720821917057037,51.803133403882384],[5.720817474648356,51.803094344213605],[5.720803812146187,51.80302267894149],[5.720811355859041,51.80301706306636],[5.720857540145516,51.802994180470705],[5.720949657261372,51.8029875587672],[5.7209970988333225,51.80299719795585],[5.721051665022969,51.80299979634583],[5.721119809895754,51.80298848077655],[5.721227182075381,51.8029666878283],[5.721316868439317,51.80297842249274],[5.721427761018276,51.80297842249274],[5.7215572614222765,51.802964340895414],[5.721586933359504,51.80298219434917],[5.721607385203242,51.80298420600593],[5.721734371036291,51.802972638979554],[5.7217866741120815,51.802970208227634],[5.721840905025601,51.8029666878283],[5.721922544762492,51.80293584242463],[5.721976021304727,51.802857387810946],[5.721980044618249,51.80282302200794],[5.721977278590202,51.80279946886003],[5.721963532269001,51.80272235535085],[5.7219695672392845,51.802686899900436],[5.721968142315745,51.802632082253695],[5.721977613866329,51.8026162404567],[5.721997311338782,51.80261263623834],[5.722068641334772,51.80259319022298],[5.722120441496372,51.80259235203266],[5.722164614126086,51.802611043676734],[5.722229490056634,51.8025988060981],[5.722264861688018,51.80259461514652],[5.722313728183508,51.802583299577236],[5.722320349887013,51.80258631706238],[5.722343483939767,51.80258824490011],[5.7223348505795,51.80257374420762],[5.722337197512388,51.80257265456021],[5.722318505868316,51.802561674267054],[5.722316578030586,51.802550442516804],[5.7223238702863455,51.80254180915654],[5.7223118003457785,51.8025332596153],[5.722316242754459,51.8024883326143],[5.7223135605454445,51.802483135834336],[5.722298640757799,51.80247106589377],[5.722291264683008,51.802466455847025],[5.722289839759469,51.8024695571512],[5.722293946892023,51.802468467503786],[5.7222905941307545,51.80246670730412],[5.722298640757799,51.8024418130517],[5.722299898043275,51.80243795737624],[5.722313979640603,51.80243510752916],[5.722318841144443,51.802403004840016],[5.722333425655961,51.802382385358214],[5.722339125350118,51.80238850414753],[5.722347674891353,51.802391689270735],[5.72236904874444,51.80239252746105],[5.722362510859966,51.8023934494704],[5.722332252189517,51.80240233428776],[5.722297132015228,51.80241507478058],[5.722191855311394,51.80238984525204],[5.722181461751461,51.80236796848476],[5.72208758443594,51.802302338182926],[5.721996640786529,51.802246598526835],[5.721977027133107,51.80222815833986],[5.721904104575515,51.80217954330146],[5.721882730722427,51.802163533866405]]}}