{"type":"Feature","properties":{"name":"mega wandel marathon","date":"2026-05-30","distance":"23.61 km","ascent":"313 m"},"geometry":{"type":"LineString","coordinates":[[5.819141389802098,52.010379480198026],[5.819074586033821,52.010398507118225],[5.819104425609112,52.01039046049118],[5.819126386195421,52.010374031960964],[5.819141305983067,52.01035810634494],[5.819136444479227,52.01035039499402],[5.8191451616585255,52.010317370295525],[5.819158488884568,52.01030597090721],[5.8191584050655365,52.01029188930988],[5.819142227992415,52.01028501614928],[5.819100318476558,52.010293900966644],[5.819142311811447,52.01030504889786],[5.819131582975388,52.01033472083509],[5.819130912423134,52.01033832505345],[5.819210121408105,52.01034938916564],[5.8192317467182875,52.010347712785006],[5.819329395890236,52.010308150202036],[5.8193309884518385,52.010280238464475],[5.819324953481555,52.010195748880506],[5.819334592670202,52.010170351713896],[5.819339454174042,52.01012617908418],[5.819341465830803,52.01004680246115],[5.819343142211437,52.009974382817745],[5.819350350648165,52.00984647497535],[5.819359822198749,52.0097538549453],[5.819359235465527,52.009725188836455],[5.819325288757682,52.00959543697536],[5.819288156926632,52.00947624631226],[5.819335849955678,52.00934758409858],[5.8193504344671965,52.00925353914499],[5.819343561306596,52.00913233682513],[5.819348003715277,52.009094785898924],[5.819365354254842,52.00904323719442],[5.819367030635476,52.00892907567322],[5.81933056935668,52.00878926552832],[5.8193292282521725,52.008718103170395],[5.8193430583924055,52.00859388336539],[5.819335766136646,52.0084813144058],[5.819319589063525,52.0083275064826],[5.819309530779719,52.008218709379435],[5.819289246574044,52.00812223367393],[5.819295030087233,52.007990973070264],[5.81932520493865,52.00790665112436],[5.819322941824794,52.0077851973474],[5.8192667830735445,52.00766433030367],[5.81926703453064,52.007556119933724],[5.819272734224796,52.007444305345416],[5.819270387291908,52.00743617489934],[5.819222275167704,52.00732662342489],[5.819216072559357,52.007315810769796],[5.819181203842163,52.00724121183157],[5.81915907561779,52.007194776088],[5.819125212728977,52.0071065146476],[5.819108365103602,52.006990760564804],[5.8190791960805655,52.00683116912842],[5.819062767550349,52.006776351481676],[5.819041980430484,52.0067251380533],[5.819030748680234,52.00667669065297],[5.819026725366712,52.00658692047],[5.819014152511954,52.00651114806533],[5.819014739245176,52.00648742727935],[5.819023288786411,52.00636764988303],[5.819039968773723,52.00622146949172],[5.819043908268213,52.00610378757119],[5.819048183038831,52.00600110925734],[5.819104760885239,52.005967162549496],[5.819133259356022,52.005964228883386],[5.819118171930313,52.005954422056675],[5.819104677066207,52.005909914150834],[5.819111969321966,52.00588619336486],[5.8191118855029345,52.00582584366202],[5.8191050961613655,52.00574219226837],[5.819142563268542,52.00559165328741],[5.819147005677223,52.00548905879259],[5.819148598238826,52.00545586645603],[5.819175085052848,52.005339190363884],[5.819249516353011,52.005190243944526],[5.819255132228136,52.00517725199461],[5.819287737831473,52.00507180765271],[5.819327551871538,52.0049861446023],[5.819344986230135,52.00493350625038],[5.819360911846161,52.004885813221335],[5.819403911009431,52.004797384142876],[5.819404665380716,52.00478347018361],[5.8193889912217855,52.00475446879864],[5.819249181076884,52.004718175157905],[5.819075172767043,52.00465329922736],[5.818893201649189,52.00461206026375],[5.818747105076909,52.004593536257744],[5.818578796461225,52.004574090242386],[5.818405207246542,52.00456704944372],[5.818234216421843,52.00456093065441],[5.818065740168095,52.00456931255758],[5.817905981093645,52.004567719995975],[5.817774133756757,52.004554476588964],[5.817771954461932,52.00450485572219],[5.817757034674287,52.004401087760925],[5.8177609741687775,52.004325315356255],[5.81776306964457,52.0043090544641],[5.817744294181466,52.00419992208481],[5.817741109058261,52.004135800525546],[5.817737421020865,52.004095651209354],[5.817740438506007,52.00401392765343],[5.817724680528045,52.00392407365143],[5.817721327766776,52.00391770340502],[5.81772199831903,52.00384980998933],[5.8177185617387295,52.00382684357464],[5.8177129458636045,52.003718884661794],[5.817712442949414,52.003659792244434],[5.8177076652646065,52.00364797376096],[5.817706240341067,52.00355594046414],[5.817726021632552,52.00344957411289],[5.817720489576459,52.00342216528952],[5.817709676921368,52.00334639288485],[5.817722417414188,52.00331445783377],[5.817720824852586,52.00323952361941],[5.817721746861935,52.00323047116399],[5.817710515111685,52.003177497535944],[5.817702133208513,52.003134079277515],[5.81770246848464,52.0030262041837],[5.817712275311351,52.00295579619706],[5.817717220634222,52.00294263660908],[5.817721663042903,52.00293014757335],[5.817723674699664,52.002922436222434],[5.817729542031884,52.00291455723345],[5.817771954461932,52.00281322002411],[5.817729374393821,52.002705009654164],[5.817727278918028,52.00265941210091],[5.8177131973207,52.00262328609824],[5.817671455442905,52.00253049843013],[5.817666761577129,52.00251708738506],[5.817644381895661,52.00239781290293],[5.817752592265606,52.00234333053231],[5.8179141115397215,52.00231013819575],[5.818073283880949,52.00228205882013],[5.8182575181126595,52.00225071050227],[5.818411409854889,52.002237383276224],[5.818489026278257,52.00224199332297],[5.818565804511309,52.0022180210799],[5.818698992952704,52.00216722674668],[5.818907702341676,52.00212338939309],[5.819040220230818,52.0020988304168],[5.819256138056517,52.00208701193333],[5.819385889917612,52.002059519290924],[5.81951136700809,52.00203043408692],[5.819544726982713,52.002029763534665],[5.819668443873525,52.002017106860876],[5.819853264838457,52.00199078768492],[5.820018975064158,52.00196027755737],[5.820136573165655,52.00190336443484],[5.820149481296539,52.00190185569227],[5.820317454636097,52.001913506537676],[5.820495402440429,52.00185617431998],[5.820631859824061,52.00180722400546],[5.820657340809703,52.00179783627391],[5.820793127641082,52.00178124010563],[5.82097920589149,52.00174754485488],[5.821155142039061,52.001716531813145],[5.82132956944406,52.0016860216856],[5.821445155888796,52.00166640803218],[5.821516150608659,52.001657439395785],[5.821692505851388,52.00163614936173],[5.821862071752548,52.00160161592066],[5.822039265185595,52.00156247243285],[5.822205562144518,52.00153263285756],[5.822322741150856,52.001519137993455],[5.822465484961867,52.00148846022785],[5.822528433054686,52.00146708637476],[5.822592051699758,52.00145694427192],[5.822795061394572,52.001435067504644],[5.822971248999238,52.001397516578436],[5.823115333914757,52.001373460516334],[5.8232055231928825,52.00134797953069],[5.823334436863661,52.00131260789931],[5.823503332212567,52.00128042139113],[5.823635598644614,52.00125209055841],[5.823836009949446,52.00122174806893],[5.8240151312202215,52.00119878165424],[5.8241768181324005,52.001162488013506],[5.824353760108352,52.001150585711],[5.824500443413854,52.001103814691305],[5.8245861902832985,52.001093588769436],[5.824732203036547,52.00107271783054],[5.824895650148392,52.00102837756276],[5.824895650148392,52.00102837756276],[5.825050296261907,52.001007003709674],[5.8252818044275045,52.000976745039225],[5.825413735583425,52.00095302425325],[5.825616410002112,52.00090650469065],[5.825733253732324,52.00088672339916],[5.825869208201766,52.00084841810167],[5.826037181541324,52.000827798619866],[5.826168358325958,52.000798461958766],[5.826338762417436,52.00077314861119],[5.826515452936292,52.00075454078615],[5.826680911704898,52.0007208455354],[5.826881239190698,52.0006946939975],[5.827021636068821,52.00066829100251],[5.827187933027744,52.000626465305686],[5.827256664633751,52.000616155564785],[5.827329335734248,52.00060810893774],[5.827423129230738,52.000592267140746],[5.827463865280151,52.000587824732065],[5.827601160854101,52.00055429711938],[5.827750274911523,52.00052504427731],[5.8278873190283775,52.000493444502354],[5.828063422814012,52.0004652813077],[5.828181859105825,52.00044499710202],[5.828344216570258,52.00042387470603],[5.828528283163905,52.000384982675314],[5.828664489090443,52.00036964379251],[5.8287973422557116,52.00034340843558],[5.828817458823323,52.00033586472273],[5.828936481848359,52.00030133128166],[5.829131277278066,52.00028171762824],[5.829287767410278,52.00024391524494],[5.829459512606263,52.00020778924227],[5.829581972211599,52.000186163932085],[5.829595886170864,52.000182811170816],[5.829640896990895,52.00017233379185],[5.82967434078455,52.000165628269315],[5.829755561426282,52.00014970265329],[5.829804260283709,52.000143583863974],[5.829955721274018,52.00012179091573],[5.829971143975854,52.00011701323092],[5.829984471201897,52.00011307373643],[5.830112965777516,52.00008038431406],[5.830252189189196,52.000060100108385],[5.830359645187855,52.00004308484495],[5.830406164750457,52.000032775104046],[5.8305261097848415,52.00001249089837],[5.830595260486007,52.00000838376582],[5.830673212185502,51.99999824166298],[5.8308556862175465,51.99997862800956],[5.83102541975677,51.999940825626254],[5.831064311787486,51.999946273863316],[5.831162882968783,51.99994065798819],[5.831216778606176,51.99993923306465],[5.8312927186489105,51.999916015192866],[5.831308057531714,51.999909561127424],[5.8313592709600925,51.999871004372835],[5.831401851028204,51.999782072380185],[5.8314181957393885,51.99972314760089],[5.8314137533307076,51.99972256086767],[5.8313150983303785,51.99967528693378],[5.831253742799163,51.999684842303395],[5.831379052251577,51.999660870060325],[5.83147594705224,51.99963522143662],[5.831481227651238,51.999631617218256],[5.831531519070268,51.999575374647975],[5.831552976742387,51.999511839821935],[5.831574769690633,51.999461464583874],[5.831586001440883,51.99944134801626],[5.831599244847894,51.99941544793546],[5.831653978675604,51.99933866970241],[5.831709299236536,51.99924923479557],[5.831716172397137,51.99923808686435],[5.831730756908655,51.99920665472746],[5.8317383006215096,51.99918335303664],[5.831738216802478,51.999155608937144],[5.831739390268922,51.999144461005926],[5.83180426619947,51.9990318082273],[5.831817509606481,51.99901026673615],[5.831866040825844,51.99892049655318],[5.831874925643206,51.998903481289744],[5.831911219283938,51.99880541302264],[5.831934940069914,51.99876266531646],[5.831947596743703,51.998735927045345],[5.831948099657893,51.99872595258057],[5.831963857635856,51.99868387542665],[5.8319945354014635,51.998625956475735],[5.832028482109308,51.99856015853584],[5.832034349441528,51.99853342026472],[5.832045832648873,51.99850156903267],[5.8321040868759155,51.99842445552349],[5.832149852067232,51.99835974723101],[5.832159407436848,51.998347425833344],[5.832279520109296,51.998276179656386],[5.832407930865884,51.99824650771916],[5.832531815394759,51.99822027236223],[5.832553692162037,51.99821817688644],[5.832748990505934,51.99820694513619],[5.832784613594413,51.99820543639362],[5.832950742915273,51.998174004256725],[5.833058869466186,51.99815615080297],[5.833248635753989,51.99812429957092],[5.833267830312252,51.99812631122768],[5.833440748974681,51.99810476973653],[5.833604279905558,51.99806386604905],[5.833771917968988,51.99804768897593],[5.833828244358301,51.998035702854395],[5.833927318453789,51.99801332317293],[5.833961684256792,51.9980026781559],[5.833970149978995,51.997999995946884],[5.834088670089841,51.99799337424338],[5.834212135523558,51.99795766733587],[5.834372648969293,51.99793042615056],[5.834418414160609,51.997924810275435],[5.834500975906849,51.99790804646909],[5.834556883201003,51.99790243059397],[5.834700297564268,51.99790586717427],[5.834898110479116,51.99790150858462],[5.835125176236033,51.99789077974856],[5.83530337549746,51.99789815582335],[5.835480652749538,51.99790796265006],[5.8355015236884356,51.99791332706809],[5.835627755150199,51.99793285690248],[5.8357789646834135,51.99794165790081],[5.835976358503103,51.997965294867754],[5.836158413439989,51.99796252883971],[5.83623418584466,51.997923385351896],[5.83630895242095,51.99784895405173],[5.836360668763518,51.99778818525374],[5.836414396762848,51.99773646891117],[5.8365169912576675,51.99767142534256],[5.836540628224611,51.99765466153622],[5.83657038398087,51.99761954136193],[5.836612544953823,51.99759028851986],[5.836654119193554,51.99756732210517],[5.836689909920096,51.997548546642065],[5.836780853569508,51.99746925383806],[5.836826115846634,51.997428769245744],[5.836882274597883,51.99739817529917],[5.837010433897376,51.997326258569956],[5.837105652317405,51.997228944674134],[5.837125601246953,51.99720564298332],[5.83719776943326,51.997154764831066],[5.837272955104709,51.99707035906613],[5.83732970058918,51.99702417477965],[5.83732726983726,51.99701780453324],[5.8373289462178946,51.997027695178986],[5.837334981188178,51.99702543206513],[5.837342273443937,51.99701973237097],[5.837342692539096,51.99700967408717],[5.837381919845939,51.996917724609375],[5.837391056120396,51.99689601548016],[5.837461464107037,51.99682233855128],[5.8374756295233965,51.996731562539935],[5.837482502683997,51.996661741286516],[5.837481245398521,51.996635757386684],[5.837488789111376,51.9965451490134],[5.837490549311042,51.996530732139945],[5.83747286349535,51.996440375223756],[5.837458111345768,51.996377343311906],[5.83745232783258,51.99631313793361],[5.837471354752779,51.996275670826435],[5.837557017803192,51.996197551488876],[5.837695067748427,51.996156480163336],[5.83771082572639,51.99615262448788],[5.837861029431224,51.99611557647586],[5.838084742426872,51.99604483321309],[5.838232096284628,51.99597702361643],[5.838425969704986,51.995912147685885],[5.838566282764077,51.995855402201414],[5.838594194501638,51.995842745527625],[5.838737189769745,51.995782647281885],[5.838870629668236,51.995732858777046],[5.83909316919744,51.99566219933331],[5.839278241619468,51.995587684214115],[5.839445544406772,51.99553362093866],[5.839592982083559,51.99547561816871],[5.839765816926956,51.99540680274367],[5.839909901842475,51.99535223655403],[5.8400054555386305,51.995294988155365],[5.840019034221768,51.99529029428959],[5.840052310377359,51.99528157711029],[5.8401815593242645,51.99524033814669],[5.840354477986693,51.995192393660545],[5.840528234839439,51.99513196013868],[5.8406483475118876,51.99508217163384],[5.840767789632082,51.99504068121314],[5.840826043859124,51.99501344002783],[5.840989323332906,51.994952503591776],[5.84115763194859,51.994868433102965],[5.8413437101989985,51.994806909933686],[5.8414591290056705,51.99477061629295],[5.841565662994981,51.99474857188761],[5.841592065989971,51.994742369279265],[5.841739922761917,51.99465318582952],[5.841903369873762,51.99455109424889],[5.8418910484761,51.99446794576943],[5.84183631464839,51.994424695149064],[5.841809408739209,51.994391502812505],[5.841726344078779,51.99431145563722],[5.841630455106497,51.99423040263355],[5.841561304405332,51.99416200630367],[5.84149575792253,51.99411238543689],[5.841470276936889,51.9941121339798],[5.841390565037727,51.99410534463823],[5.841341698542237,51.994083719328046],[5.841192835941911,51.994087072089314],[5.841088145971298,51.994070056825876],[5.841011870652437,51.99400870129466],[5.841016564518213,51.99400425888598],[5.841006003320217,51.99399512261152],[5.840999968349934,51.99398866854608],[5.840971218422055,51.9939892552793],[5.840901732444763,51.99398137629032],[5.840783966705203,51.99394969269633],[5.840734681114554,51.99394667521119],[5.840682797133923,51.993952710181475],[5.840642563998699,51.99395530857146],[5.8405152428895235,51.99396913871169],[5.840433267876506,51.9939823821187],[5.84035380743444,51.993998140096664],[5.840184912085533,51.99402370490134],[5.840005958452821,51.99404516257346],[5.839866232126951,51.99405899271369],[5.839676633477211,51.994074415415525],[5.839535482227802,51.994083635509014],[5.839489968493581,51.994084222242236],[5.839321408420801,51.99411272071302],[5.839113537222147,51.994140800088644],[5.838972385972738,51.99416879564524],[5.838796114549041,51.99419930577278],[5.838553458452225,51.994223445653915],[5.838352125138044,51.99424725025892],[5.838156742975116,51.994280526414514],[5.83814081735909,51.994282035157084],[5.837993547320366,51.9943071808666],[5.837890533730388,51.994324112311006],[5.837847366929054,51.9943349249661],[5.837675202637911,51.994350934401155],[5.837632203474641,51.994358813390136],[5.837529692798853,51.99438085779548],[5.8373769745230675,51.99440038762987],[5.837307320907712,51.99441363103688],[5.837216293439269,51.99443441815674],[5.837087966501713,51.99446056969464],[5.836896104738116,51.99449233710766],[5.836754785850644,51.994503401219845],[5.836630063131452,51.994519578292966],[5.836504250764847,51.99454925023019],[5.836441721767187,51.994533156976104],[5.836357567459345,51.994461826980114],[5.836298642680049,51.99436820112169],[5.836296547204256,51.99429553002119],[5.836255727335811,51.99419033713639],[5.836263354867697,51.994127640500665],[5.836270060390234,51.994101321324706],[5.836226055398583,51.99399361386895],[5.836177775636315,51.993876937776804],[5.836136033758521,51.993771744892],[5.836102841421962,51.9936628639698],[5.8360828924924135,51.99356261640787],[5.836049448698759,51.993458764627576],[5.836023800075054,51.993353236466646],[5.836015418171883,51.99329674243927],[5.835978034883738,51.99321677908301],[5.835942663252354,51.99313689954579],[5.835926569998264,51.99308970943093],[5.835884911939502,51.99299968779087],[5.8358649630099535,51.992891477420926],[5.835856329649687,51.99281788431108],[5.8358528930693865,51.99278988875449],[5.8358340337872505,51.992682768031955],[5.835828669369221,51.992655862122774],[5.83580226637423,51.992590399459004],[5.835750047117472,51.992562068626285],[5.835690954700112,51.9925647508353],[5.835638232529163,51.9925248529762],[5.835490962490439,51.99253164231777],[5.835322067141533,51.992573803290725],[5.835285941138864,51.99258252047002],[5.835132552310824,51.99261747300625],[5.834930213168263,51.99265133589506],[5.834766263142228,51.99268494732678],[5.834567109122872,51.99273155070841],[5.834410283714533,51.9927513319999],[5.834234012290835,51.99279751628637],[5.834071151912212,51.99282769113779],[5.833904854953289,51.992864571511745],[5.833869064226747,51.99287446215749],[5.833725146949291,51.992889046669006],[5.833689775317907,51.992888962849975],[5.8335725124925375,51.99287152849138],[5.833455501124263,51.992856273427606],[5.833316948264837,51.99281830340624],[5.833264393731952,51.99280262924731],[5.833118632435799,51.99276859872043],[5.833007739856839,51.99274454265833],[5.832930039614439,51.992722833529115],[5.8328671753406525,51.99269777163863],[5.8327175583690405,51.99264848604798],[5.8326436299830675,51.99262920767069],[5.832605073228478,51.992623591795564],[5.832500467076898,51.99259509332478],[5.832441626116633,51.99257053434849],[5.832335846498609,51.992538599297404],[5.832298211753368,51.99253113940358],[5.832112301141024,51.9925338216126],[5.831895042210817,51.99252409860492],[5.8317674696445465,51.99253633618355],[5.831720530986786,51.99253750964999],[5.831553731113672,51.992545053362846],[5.831383243203163,51.9925491604954],[5.831319121643901,51.99255301617086],[5.831200182437897,51.99255829676986],[5.831076800823212,51.99256232008338],[5.831060204654932,51.992562571540475],[5.83087638951838,51.99258822016418],[5.830696010962129,51.99260297231376],[5.830539772287011,51.992633398622274],[5.830449583008885,51.99264094233513],[5.8303452283144,51.992655945941806],[5.830183206126094,51.99267036281526],[5.830045659095049,51.99269827455282],[5.8299744967371225,51.99270003475249],[5.829915152862668,51.992708165198565],[5.8297632727772,51.992725264281034],[5.829646261408925,51.99273632839322],[5.829635448753834,51.992733143270016],[5.829586079344153,51.99270791374147],[5.829572584480047,51.99269458651543],[5.829496644437313,51.9926337338984],[5.829460434615612,51.99257388710976],[5.829441491514444,51.992529798299074],[5.829318026080728,51.99243105947971],[5.829253736883402,51.99233860708773],[5.829164637252688,51.99223986826837],[5.82909825257957,51.99216786772013],[5.829016948118806,51.99206083081663],[5.828918041661382,51.99196678586304],[5.828832797706127,51.991903418675065],[5.828733388334513,51.991793029010296],[5.828682677820325,51.99174181558192],[5.8286659978330135,51.99172982946038],[5.828543538227677,51.991626396775246],[5.82848553545773,51.991535956040025],[5.828401129692793,51.99144727550447],[5.828319992870092,51.99133018031716],[5.828251764178276,51.99125667102635],[5.828188816085458,51.99119757860899],[5.828161658719182,51.99115650728345],[5.828124359250069,51.991126500070095],[5.828044982627034,51.99106698855758],[5.828001396730542,51.991019546985626],[5.8279830403625965,51.99091896414757],[5.82791673950851,51.990878311917186],[5.827740719541907,51.990845538675785],[5.827625133097172,51.990842605009675],[5.827435031533241,51.99082525447011],[5.827233782038093,51.990811843425035],[5.827020378783345,51.99079507961869],[5.826800940558314,51.99080245569348],[5.826649395748973,51.99081259779632],[5.8266315422952175,51.990814693272114],[5.826440518721938,51.990838749334216],[5.826255613937974,51.99083657003939],[5.826090909540653,51.99083665385842],[5.825887229293585,51.99086389504373],[5.825743563473225,51.99087713845074],[5.825710957869887,51.99088275432587],[5.825567124411464,51.990885604172945],[5.825360007584095,51.99086389504373],[5.825165715068579,51.99085517786443],[5.825113914906979,51.990840677171946],[5.824912413954735,51.99083799496293],[5.824777130037546,51.99084235355258],[5.824638744816184,51.99084771797061],[5.824451157823205,51.99084042571485],[5.824282178655267,51.99081796221435],[5.824128203094006,51.9908188842237],[5.824077324941754,51.99081603437662],[5.823895186185837,51.990794241428375],[5.823678346350789,51.990766413509846],[5.823511797934771,51.990764904767275],[5.823328401893377,51.99077378958464],[5.823231339454651,51.990770353004336],[5.823104018345475,51.99076725170016],[5.822985582053661,51.990773202851415],[5.822926992550492,51.99077093973756],[5.8227381482720375,51.99075794778764],[5.822610827162862,51.99075945653021],[5.822431454434991,51.990737998858094],[5.82226968370378,51.990749733522534],[5.822123251855373,51.99080899357796],[5.822108248248696,51.99084629304707],[5.822114115580916,51.99091963469982],[5.822129957377911,51.99101979844272],[5.822144960984588,51.99114334769547],[5.822098106145859,51.991223311051726],[5.822098609060049,51.99130997993052],[5.822108080610633,51.9914233032614],[5.82211185246706,51.99154014699161],[5.822150409221649,51.991666462272406],[5.822149906307459,51.991688925772905],[5.82211428321898,51.99177366681397],[5.822109254077077,51.99179730378091],[5.8221279457211494,51.99188648723066],[5.822177566587925,51.991974329575896],[5.822115456685424,51.992028979584575],[5.82208888605237,51.99201908893883],[5.822043288499117,51.99201179668307],[5.821872716769576,51.99199352413416],[5.821731565520167,51.9919809512794],[5.821667695418,51.991974329575896],[5.821563424542546,51.99195605702698],[5.821527801454067,51.99194968678057],[5.821370054036379,51.991908531636],[5.821186490356922,51.991863604635],[5.821104180067778,51.99185471981764],[5.821014158427715,51.991829574108124],[5.8208259008824825,51.99178967624903],[5.820655077695847,51.99175204150379],[5.820478470996022,51.991729410365224],[5.820346036925912,51.99169512838125],[5.820175381377339,51.99163285084069],[5.820138668641448,51.99161776341498],[5.820006402209401,51.99158306233585],[5.819935826584697,51.99156596325338],[5.819828202947974,51.99153360910714],[5.819613626226783,51.99150091968477],[5.819400809705257,51.991472505033016],[5.819292599335313,51.991448029875755],[5.819249264895916,51.991435457021],[5.819083387032151,51.99139991775155],[5.818956736475229,51.99138281866908],[5.818785913288593,51.99137544259429],[5.818580808117986,51.991342417895794],[5.818424820899963,51.99128072708845],[5.818427167832851,51.99124686419964],[5.818444350734353,51.99124636128545],[5.818511992692947,51.99118735268712],[5.818525655195117,51.991165056824684],[5.818568067625165,51.99102398939431],[5.818575611338019,51.99094486422837],[5.818572426214814,51.99092734605074],[5.818521045148373,51.990861129015684],[5.818489696830511,51.99075358919799],[5.818473184481263,51.990709668025374],[5.81845692358911,51.99068686924875],[5.8184165228158236,51.99059885926545],[5.818421132862568,51.9904718734324],[5.818353574723005,51.99037246406078],[5.818312335759401,51.990276742726564],[5.8183120004832745,51.990239610895514],[5.81831032410264,51.9901557918638],[5.818281406536698,51.99010784737766],[5.818300098180771,51.99011044576764],[5.818284340202808,51.99010994285345],[5.818307055160403,51.99010013602674],[5.81830931827426,51.990095945075154],[5.81823849119246,51.99005168862641],[5.818116534501314,51.99003609828651],[5.818027770146728,51.9900469109416],[5.8180654887109995,51.99003090150654],[5.818124664947391,51.990027045831084],[5.817442797124386,51.98991162702441],[5.81747280433774,51.98989360593259],[5.817493675276637,51.98989016935229],[5.817587133497,51.989832669496536],[5.817617643624544,51.989800399169326],[5.817706407979131,51.98978506028652],[5.817871447652578,51.989785144105554],[5.818068841472268,51.989803249016404],[5.818221224471927,51.98983635753393],[5.818229857832193,51.98987239971757],[5.818223571404815,51.98989452794194],[5.818193145096302,51.98997063562274],[5.818184344097972,51.99002486653626],[5.8182271756231785,51.990097872912884],[5.818227594718337,51.99017247185111],[5.818228768184781,51.99023022316396],[5.818244023248553,51.99028520844877],[5.818266151472926,51.99036969803274],[5.818313928321004,51.99047983624041],[5.818352736532688,51.99058284983039],[5.818401770666242,51.99069977737963],[5.818414259701967,51.990713104605675],[5.818455833941698,51.990743950009346],[5.818460108712316,51.99075291864574],[5.818479135632515,51.990711679682136],[5.8184365555644035,51.99078166857362],[5.818429514765739,51.99079591780901],[5.818386012688279,51.99086640961468],[5.818389197811484,51.99088208377361],[5.818388108164072,51.99089767411351],[5.818390538915992,51.99095961637795],[5.818375535309315,51.99104460887611],[5.818394394591451,51.991147538647056],[5.818344354629517,51.991180228069425],[5.818231450393796,51.99114938266575],[5.818068590015173,51.9910831656307],[5.8178855292499065,51.991036646068096],[5.817688386887312,51.99097713455558],[5.817515552043915,51.990925250574946],[5.817340034991503,51.99088920839131],[5.817325534299016,51.99088552035391],[5.817198716104031,51.99086473323405],[5.817145323380828,51.990856686607],[5.816957904025912,51.99083849787712],[5.816803844645619,51.990779070183635],[5.816783895716071,51.99076331220567],[5.816626064479351,51.990715032443404],[5.816491199657321,51.990703381597996],[5.816285256296396,51.9906669203192],[5.816152738407254,51.99061335995793],[5.81612859852612,51.99060288257897],[5.816040420904756,51.990547897294164],[5.815908322110772,51.99052769690752],[5.815762560814619,51.99055401608348],[5.815750826150179,51.990551333874464],[5.815596599131823,51.99049836024642],[5.815386800095439,51.99048209935427],[5.815267274156213,51.990491822361946],[5.8152370154857635,51.99049307964742],[5.815144814550877,51.99050473049283],[5.815082620829344,51.99050238355994],[5.814908528700471,51.99052090756595],[5.814868211746216,51.99056818149984],[5.81484935246408,51.99058402329683],[5.814779279753566,51.99063615873456],[5.814728904515505,51.99068049900234],[5.814655562862754,51.990773202851415],[5.814645923674107,51.99078845791519],[5.814555734395981,51.990889962762594],[5.814465964213014,51.99097168631852],[5.814392874017358,51.99104125611484],[5.814318275079131,51.99111015535891],[5.814285418018699,51.99113504961133],[5.81421853043139,51.991212917491794],[5.814138567075133,51.99133579619229],[5.814049383625388,51.99142321944237],[5.8140436839312315,51.99144107289612],[5.813990877941251,51.991534028202295],[5.813895324245095,51.99161784723401],[5.813825838267803,51.99167249724269],[5.813804464414716,51.991693368181586],[5.813738498836756,51.9917911849916],[5.813698098063469,51.99186058714986],[5.8136893808841705,51.99187332764268],[5.8135907258838415,51.99197692796588],[5.813564658164978,51.99200433678925],[5.8135100081563,51.99208773672581],[5.813443874940276,51.99216661043465],[5.813387129455805,51.992228301241994],[5.8133062440901995,51.992330476641655],[5.813292413949966,51.99235017411411],[5.813225442543626,51.99243105947971],[5.813118321821094,51.992544969543815],[5.813053613528609,51.9926043972373],[5.813031066209078,51.992627615109086],[5.812975158914924,51.992739932611585],[5.812914138659835,51.992834229022264],[5.81282839179039,51.9929255079478],[5.812725881114602,51.99304897338152],[5.812648432329297,51.99312868528068],[5.812639044597745,51.99313949793577],[5.8125367015600204,51.993242762982845],[5.812444081529975,51.99334527365863],[5.812356825917959,51.993433283641934],[5.812285747379065,51.993526574224234],[5.812174938619137,51.993625815957785],[5.812157336622477,51.993656074628234],[5.81214090809226,51.993687422946095],[5.812125485390425,51.99371399357915],[5.812028255313635,51.99384659528732],[5.81197184510529,51.993919014930725],[5.811879392713308,51.99399403296411],[5.811792723834515,51.994071397930384],[5.811730530112982,51.9941673707217],[5.811720220372081,51.9942485075444],[5.811603628098965,51.99434565380216],[5.811516540125012,51.99442167766392],[5.811420399695635,51.99452016502619],[5.811375388875604,51.99459174647927],[5.811293246224523,51.99471076950431],[5.811180425807834,51.9948095921427],[5.81113331951201,51.99484429322183],[5.811066431924701,51.99492543004453],[5.811009099707007,51.9950064830482],[5.810960065573454,51.99508711695671],[5.810856884345412,51.995200188830495],[5.810823440551758,51.995239835232496],[5.810762671753764,51.995312087237835],[5.810664100572467,51.99535257183015],[5.810602745041251,51.99541753157973],[5.810549687594175,51.99547117576003],[5.810538120567799,51.995487017557025],[5.810524458065629,51.99560017324984],[5.810548262670636,51.9956418313086],[5.8106347639113665,51.99575155042112],[5.810754708945751,51.99587275274098],[5.810764012858272,51.99588943272829],[5.81079913303256,51.9959457591176],[5.810827631503344,51.99597928673029],[5.810910360887647,51.99607542715967],[5.811016978695989,51.996167628094554],[5.811068946495652,51.99621490202844],[5.8111095149070024,51.99624851346016],[5.811170032247901,51.99628815986216],[5.811175061389804,51.99629360809922],[5.811179839074612,51.99629939161241],[5.811197692528367,51.99632872827351],[5.81122811883688,51.996365608647466],[5.81134881824255,51.9964365195483],[5.811499692499638,51.996523942798376],[5.811609160155058,51.9965797662735],[5.811692727729678,51.99664925225079],[5.811799429357052,51.99674254283309],[5.811837483197451,51.99681781232357],[5.811919290572405,51.996892746537924],[5.8120569214224815,51.99699366465211],[5.812186002731323,51.997136576101184],[5.812303768470883,51.99721050448716],[5.81234073266387,51.99723866768181],[5.81238909624517,51.99726406484842],[5.812398148700595,51.99727370403707],[5.8124553970992565,51.99738208204508],[5.812510382384062,51.99745114892721],[5.81256109289825,51.99747855775058],[5.812664860859513,51.997559778392315],[5.8127007354050875,51.99758970178664],[5.812729233875871,51.997611997649074],[5.812798971310258,51.99766547419131],[5.812901398167014,51.99774426408112],[5.812910618260503,51.997755663469434],[5.812970716506243,51.99783126823604],[5.812989491969347,51.99785163626075],[5.813071131706238,51.997916931286454],[5.813166601583362,51.997981807217],[5.813232231885195,51.99804802425206],[5.813363324850798,51.99811717495322],[5.8133751433342695,51.998126143589616],[5.813386794179678,51.99816897511482],[5.8133860398083925,51.998194959014654],[5.813427697867155,51.99827550910413],[5.813518054783344,51.99835203588009],[5.813539428636432,51.998367961496115],[5.813545882701874,51.99837349355221],[5.813597599044442,51.99840844608843],[5.813608830794692,51.99841716326773],[5.813616290688515,51.99842110276222],[5.813754592090845,51.99853501282632],[5.813766494393349,51.99854808859527],[5.8138487208634615,51.99862126260996],[5.813896581530571,51.99865101836622],[5.813936227932572,51.998679684475064],[5.814028512686491,51.998761743307114],[5.814107554033399,51.9988454785198],[5.814184583723545,51.99890582822263],[5.8142180275171995,51.99892879463732],[5.814301259815693,51.999004650861025],[5.81432456150651,51.999042285606265],[5.8143446780741215,51.99906256981194],[5.814404021948576,51.999110681936145],[5.814447943121195,51.999153178185225],[5.814451714977622,51.99916256591678],[5.8144559897482395,51.9991718698293],[5.814487002789974,51.99925862252712],[5.814449535682797,51.99929307214916],[5.8144153375178576,51.99929860420525],[5.8143228851258755,51.99932928197086],[5.814195815473795,51.99936943128705],[5.813997583463788,51.99942450039089],[5.813897252082825,51.999467834830284],[5.813869424164295,51.99947940185666],[5.813813600689173,51.999492812901735],[5.813771523535252,51.999509409070015],[5.81360824406147,51.99958551675081],[5.813473127782345,51.999626168981194],[5.813309261575341,51.99965047650039],[5.813194932416081,51.99966841377318],[5.813028300181031,51.99969615787268],[5.8128476701676846,51.999719543382525],[5.812713475897908,51.99973932467401],[5.812543658539653,51.999760614708066],[5.812365962192416,51.99979699216783],[5.81225180067122,51.99984719976783],[5.812154319137335,51.99993764050305],[5.812158593907952,52.000011736527085],[5.812112241983414,52.000125059857965],[5.812050048261881,52.000185158103704],[5.812019957229495,52.000209130346775],[5.811991626396775,52.00024299323559],[5.81197377294302,52.00027643702924],[5.811949800699949,52.000277023762465],[5.8119273371994495,52.000282891094685],[5.811873022466898,52.00028616003692],[5.811718795448542,52.00032572261989],[5.811616200953722,52.00043175369501],[5.811595916748047,52.000559493899345],[5.811598934233189,52.000652784481645],[5.811604633927345,52.00075554661453],[5.8115786500275135,52.00085101649165],[5.811541602015495,52.00096006505191],[5.811538500711322,52.00105620548129],[5.811509331688285,52.00113968923688],[5.811453424394131,52.00126667506993],[5.811421992257237,52.00136298313737],[5.811421573162079,52.00146038085222],[5.811308668926358,52.00151016935706],[5.811124350875616,52.00153489597142],[5.810962496325374,52.00157118961215],[5.810832995921373,52.00161812826991],[5.810650521889329,52.00165928341448],[5.810515824705362,52.00167277827859],[5.810475507751107,52.00167688541114],[5.810339888557792,52.00170446187258],[5.810250956565142,52.00173379853368],[5.81022740341723,52.00174519792199],[5.81016780808568,52.00180487707257],[5.810156408697367,52.00182884931564],[5.810128832235932,52.001873943954706],[5.810111733153462,52.0018913783133],[5.810047276318073,52.00195273384452],[5.810038056224585,52.0019587688148],[5.809943759813905,52.00201626867056],[5.809911573305726,52.002030182629824],[5.8097512274980545,52.002110397443175],[5.8096337132155895,52.00214107520878],[5.809482671320438,52.00216177850962],[5.809392733499408,52.00216689147055],[5.80934545956552,52.00217166915536],[5.809151418507099,52.002239394932985],[5.809029545634985,52.00228440575302],[5.80887733027339,52.00230938382447],[5.808860315009952,52.00231332331896],[5.808724109083414,52.00234022922814],[5.808650767430663,52.002353724092245],[5.808592261746526,52.002363530918956],[5.808422863483429,52.00238959863782],[5.808158330619335,52.00241063721478],[5.808138465508819,52.00241348706186],[5.808007288724184,52.002435866743326],[5.807797824963927,52.002451457083225],[5.807673688977957,52.002463694661856],[5.807565478608012,52.00248297303915],[5.807452406734228,52.00250828638673],[5.807261634618044,52.002542819827795],[5.807159878313541,52.002548184245825],[5.807081675156951,52.00255530886352],[5.806886795908213,52.00257299467921],[5.806741118431091,52.00261423364282],[5.806680265814066,52.00262621976435],[5.806583622470498,52.00262697413564],[5.806361166760325,52.002664022147655],[5.806169975548983,52.00268179178238],[5.80603645183146,52.00269461609423],[5.806018430739641,52.00269788503647],[5.805883649736643,52.00273023918271],[5.805856408551335,52.00273753143847],[5.805702181532979,52.002762677147985],[5.805529514327645,52.002844233065844],[5.80550822429359,52.00311329215765],[5.805350141599774,52.00311572290957],[5.8051439467817545,52.0029551256448],[5.805094577372074,52.00295202434063],[5.805084267631173,52.002954203635454],[5.805016374215484,52.00292771682143],[5.804938254877925,52.00294280424714],[5.80483834259212,52.00296174734831],[5.8047666773200035,52.00296216644347],[5.804613372310996,52.00298613868654],[5.804435927420855,52.00302100740373],[5.804237695410848,52.003069035708904],[5.804102830588818,52.0030761603266],[5.80391432158649,52.00310113839805],[5.803769817575812,52.00313609093428],[5.803585583344102,52.00315285474062],[5.8034387324005365,52.00314204208553],[5.80336513929069,52.003144305199385],[5.803264807909727,52.00315520167351],[5.803041933104396,52.00318470597267],[5.8028561901301146,52.00321798212826],[5.8027110155671835,52.00324136763811],[5.802508844062686,52.003267016261816],[5.802398705855012,52.00328419916332],[5.802334165200591,52.003293838351965],[5.802208017557859,52.00334521941841],[5.802088491618633,52.003373969346285],[5.801908699795604,52.0034215785563],[5.801751036196947,52.00346424244344],[5.801711557433009,52.00347572565079],[5.801610806956887,52.00349190272391],[5.801466554403305,52.00352090410888],[5.801349962130189,52.00355560518801],[5.801312578842044,52.003557700663805],[5.801138151437044,52.003604052588344],[5.801047878339887,52.0036356523633],[5.800911588594317,52.003672951832414],[5.800887951627374,52.003677394241095],[5.8007504884153605,52.00368502177298],[5.800592740997672,52.00370639562607],[5.800566086545587,52.00371427461505],[5.800478830933571,52.00373858213425],[5.800466844812036,52.003739504143596],[5.80043968744576,52.003741431981325],[5.80028185620904,52.00377009809017],[5.800155038014054,52.00378619134426],[5.800047079101205,52.00379893183708],[5.7999879866838455,52.00379826128483],[5.799789251759648,52.0038240775466],[5.799746671691537,52.003832375630736],[5.799646424129605,52.003854252398014],[5.79957383684814,52.0038740336895],[5.799559503793716,52.00386917218566],[5.799543661996722,52.00387260876596],[5.799403516575694,52.0039118360728],[5.799291450530291,52.00392826460302],[5.799080561846495,52.00396095402539],[5.798961455002427,52.0039897877723],[5.798941170796752,52.00399347580969],[5.798806305974722,52.00403572060168],[5.798649480566382,52.00405986048281],[5.798583682626486,52.00407151132822],[5.798477651551366,52.00409305281937],[5.798351336270571,52.0041348785162],[5.798220746219158,52.004158683121204],[5.798169197514653,52.00416446663439],[5.79804003238678,52.00419212691486],[5.79792226664722,52.00419564731419],[5.797738870605826,52.004214422777295],[5.79772780649364,52.00421459041536],[5.797551032155752,52.00423856265843],[5.797441899776459,52.00426211580634],[5.797300832346082,52.00429480522871],[5.7971869222819805,52.004303354769945],[5.7971318531781435,52.00430301949382],[5.796979386359453,52.00432741083205],[5.79682239331305,52.00437686406076],[5.796804204583168,52.004382982850075],[5.79662449657917,52.00442221015692],[5.7964724488556385,52.0044678915292],[5.7963561080396175,52.00447409413755],[5.796269103884697,52.00449655763805],[5.796186039224267,52.004519775509834],[5.796034997329116,52.00458071194589],[5.795863922685385,52.004629243165255],[5.795702487230301,52.004670817404985],[5.795562844723463,52.00472270138562],[5.795382047072053,52.00477106496692],[5.795264532789588,52.00478103943169],[5.7952075358480215,52.00479721650481],[5.795089267194271,52.004833091050386],[5.794923724606633,52.00486904941499],[5.7947498839348555,52.004901906475425],[5.794518711045384,52.004943480715156],[5.794364735484123,52.004977678880095],[5.794140184298158,52.00500919483602],[5.793968606740236,52.00502277351916],[5.793883614242077,52.00503258034587],[5.79385201446712,52.0050432253629],[5.7937235198915005,52.005075830966234],[5.793665517121553,52.005089996382594],[5.79359938390553,52.005112962797284],[5.793448593467474,52.0051536988467],[5.793300066143274,52.00516115874052],[5.793175091966987,52.00518814846873],[5.7929866667836905,52.00521689839661],[5.7928164303302765,52.005250342190266],[5.7926794700324535,52.005274733528495],[5.792502695694566,52.00532485730946],[5.792375123128295,52.00536794029176],[5.792258782312274,52.00541219674051],[5.792144034057856,52.005452178418636],[5.792131796479225,52.00544983148575],[5.792051833122969,52.00544270686805],[5.791888972744346,52.00547489337623],[5.791890732944012,52.00550565496087],[5.791920488700271,52.00554504990578],[5.7919626496732235,52.00561101548374],[5.791971366852522,52.005678405985236],[5.7919758930802345,52.00568804517388],[5.792035153135657,52.00578510761261],[5.792059293016791,52.0058530010283],[5.792123666033149,52.00590471737087],[5.792163228616118,52.00599079951644],[5.792213687673211,52.00608802959323],[5.792340422049165,52.00614678673446],[5.792468665167689,52.00611577369273],[5.792599841952324,52.006100015714765],[5.792760020121932,52.006046706810594],[5.792775610461831,52.00603723526001],[5.79287082888186,52.00600094161928],[5.79303746111691,52.00594251975417],[5.7931995671242476,52.00589457526803],[5.793359326198697,52.005866412073374],[5.793549008667469,52.0058252569288],[5.793652944266796,52.00579105876386],[5.793797699734569,52.00577965937555],[5.79400054179132,52.00575375929475],[5.794193660840392,52.005721824243665],[5.7943761348724365,52.00568527914584],[5.794482668861747,52.00567907653749],[5.794576546177268,52.00566600076854],[5.794753823429346,52.00562534853816],[5.794900925830007,52.00559416785836],[5.79505305737257,52.005566004663706],[5.795217761769891,52.0055525097996],[5.795384645462036,52.00553901493549],[5.795562006533146,52.005512276664376],[5.795728974044323,52.00548763386905],[5.795910777524114,52.00546709820628],[5.7960813492536545,52.00544371269643],[5.796281676739454,52.005404736846685],[5.796454092487693,52.00538202188909],[5.796673027798533,52.00535017065704],[5.7968726847320795,52.005337262526155],[5.797054152935743,52.00532133691013],[5.797214582562447,52.005301136523485],[5.7972523011267185,52.00529803521931],[5.797422118484974,52.005262998864055],[5.7975465059280396,52.00524413958192],[5.79763644374907,52.005227878689766],[5.797675587236881,52.00521589256823],[5.797765105962753,52.005192674696445],[5.797814978286624,52.005180018022656],[5.797930397093296,52.00517809018493],[5.797962415963411,52.00517666526139],[5.79810407012701,52.00515805743635],[5.798302553594112,52.00512151233852],[5.79851595684886,52.00505940243602],[5.798696503043175,52.005017073825],[5.798839833587408,52.00500760227442],[5.7990549970418215,52.00496954843402],[5.79920738004148,52.00493040494621],[5.799278039485216,52.00490986928344],[5.799355320632458,52.004886735230684],[5.799536118283868,52.004851531237364],[5.799714233726263,52.004853039979935],[5.799915064126253,52.00482512824237],[5.800091922283173,52.00478003360331],[5.800110027194023,52.004772908985615],[5.800240617245436,52.00473167002201],[5.800382690504193,52.004694202914834],[5.800530044361949,52.004678612574935],[5.800657197833061,52.00466017238796],[5.800674632191658,52.00465749017894],[5.800807569175959,52.00462521985173],[5.800876468420029,52.0046079531312],[5.8010664861649275,52.00458833947778],[5.80124787054956,52.00454986654222],[5.801300927996635,52.00453821569681],[5.801434284076095,52.00451315380633],[5.801591109484434,52.004471914842725],[5.801745085045695,52.004436291754246],[5.801773918792605,52.004432771354914],[5.801881877705455,52.00441416352987],[5.801905179396272,52.00440955348313],[5.802064184099436,52.004384910687804],[5.802079942077398,52.004380971193314],[5.802210783585906,52.004338055849075],[5.8023417089134455,52.00431726872921],[5.802373727783561,52.00431190431118],[5.8025693614035845,52.00428248383105],[5.8027581218630075,52.004238897934556],[5.802957778796554,52.00419221073389],[5.80312667414546,52.00415264815092],[5.803275117650628,52.00412834063172],[5.803292468190193,52.004124484956264],[5.8034449350088835,52.00410512275994],[5.803639814257622,52.0040777977556],[5.803780043497682,52.00403664261103],[5.803967798128724,52.00399523600936],[5.804118672385812,52.00395584106445],[5.804306510835886,52.00391921214759],[5.804476831108332,52.003886522725224],[5.804670704528689,52.00382994487882],[5.804866841062903,52.003791220486164],[5.805033892393112,52.00373874977231],[5.805214522406459,52.003688625991344],[5.805263388901949,52.00367571786046],[5.805367073044181,52.00365962460637],[5.805538147687912,52.0036512427032],[5.805668067187071,52.00362081639469],[5.805695811286569,52.003627521917224],[5.805700505152345,52.0036496501416],[5.805685501545668,52.00366054661572],[5.805646190419793,52.003647135570645],[5.805662954226136,52.00365534983575],[5.805672677233815,52.003650572150946],[5.805673934519291,52.00364336371422],[5.805674688890576,52.00363473035395],[5.805677622556686,52.00363229960203],[5.805642083287239,52.00363012030721],[5.805628169327974,52.00361126102507],[5.805627414956689,52.00360539369285],[5.805634707212448,52.003618301823735],[5.80564308911562,52.00364487245679],[5.805652979761362,52.00366012752056],[5.805624146014452,52.00364680029452],[5.805624565109611,52.00364604592323],[5.805628588423133,52.00364244170487],[5.8056399039924145,52.00363900512457],[5.8056416641920805,52.00364009477198],[5.805637557059526,52.00363799929619],[5.805631186813116,52.003635400906205],[5.805668318644166,52.00361939147115],[5.80567242577672,52.00361511670053],[5.805679634213448,52.003607572987676],[5.80567242577672,52.00359902344644],[5.805674605071545,52.00360153801739],[5.805675107985735,52.003601705655456],[5.805674102157354,52.00360044836998],[5.805672509595752,52.0036012865603],[5.805671671405435,52.00360145419836],[5.8056566677987576,52.00359893962741],[5.805603945627809,52.00358594767749],[5.805587600916624,52.0035735424608],[5.805587265640497,52.00359893962741],[5.805591959506273,52.003601118922234],[5.8056410774588585,52.00358955189586],[5.8056239783763885,52.00361226685345],[5.805688016116619,52.003619307652116],[5.8058015909045935,52.00360329821706],[5.805822126567364,52.00358712114394],[5.805824222043157,52.00359106063843],[5.805829083546996,52.003584606572986],[5.805824305862188,52.00357957743108],[5.805807625874877,52.00360430404544],[5.8058245573192835,52.00359156355262],[5.805815337225795,52.003594329580665],[5.8058045245707035,52.003602124750614],[5.805777618661523,52.00358628295362],[5.805874010547996,52.00358536094427],[5.806036787107587,52.003564490005374],[5.80608531832695,52.00358712114394],[5.806263852864504,52.003538087010384],[5.806466611102223,52.00352752581239],[5.806489828974009,52.00352232903242],[5.806580604985356,52.00350020080805],[5.806742375716567,52.00345041230321],[5.806855279952288,52.003430714830756],[5.806989977136254,52.00341118499637],[5.807171110063791,52.0033782441169],[5.807298514991999,52.0033576246351],[5.807343944907188,52.00335452333093],[5.807441677898169,52.00334144756198],[5.807586517184973,52.0032971072942],[5.807709814980626,52.00327506288886],[5.807859348133206,52.003253353759646],[5.8080139104276896,52.00323508121073],[5.808184398338199,52.003196608275175],[5.808249106630683,52.00318763963878],[5.808333596214652,52.00316651724279],[5.808460498228669,52.00312787666917],[5.8084948640316725,52.003121422603726],[5.808653701096773,52.00309753417969],[5.8087914157658815,52.003078339621425],[5.808893172070384,52.00306207872927],[5.808953018859029,52.003058809787035],[5.80907572992146,52.0030362624675],[5.809302292764187,52.002993347123265],[5.809483760967851,52.00294950976968],[5.809543943032622,52.002933751791716],[5.80960831604898,52.00292176567018],[5.809856001287699,52.002858901396394],[5.809908136725426,52.002853034064174],[5.810020621865988,52.00284389778972],[5.810209885239601,52.00280483812094],[5.810392778366804,52.00276477262378],[5.810562763363123,52.002751026302576],[5.81067742779851,52.00274717062712],[5.810699136927724,52.00274541042745],[5.810803156346083,52.00272680260241],[5.810865433886647,52.00271490029991],[5.811048662289977,52.00267651118338],[5.811194842681289,52.00265849009156],[5.811370778828859,52.002598475664854],[5.811548558995128,52.00256100855768],[5.8117099944502115,52.002536449581385],[5.811723489314318,52.00253427028656],[5.811873022466898,52.002504765987396],[5.812018532305956,52.00248305685818],[5.812117690220475,52.002470567822456],[5.812282729893923,52.00243704020977],[5.812455229461193,52.00242245569825],[5.812588334083557,52.00239898636937],[5.8127316646277905,52.00236260890961],[5.812858818098903,52.00240829028189],[5.812891339883208,52.00250191614032],[5.812927465885878,52.00259990058839],[5.812959568575025,52.0026823785156],[5.812976416200399,52.00274683535099],[5.81302285194397,52.00281623750925],[5.813061073422432,52.00289276428521],[5.813143802806735,52.00304430909455],[5.813177414238453,52.00314690358937],[5.813145227730274,52.003169702365994],[5.8130906615406275,52.003179509192705],[5.812919670715928,52.00321655720472],[5.8127610851079226,52.00324815697968],[5.812697131186724,52.00331395491958],[5.812741471454501,52.003455609083176],[5.812831744551659,52.00355736538768],[5.812866613268852,52.00360883027315],[5.812886310741305,52.00363766402006],[5.8129272144287825,52.00374176725745],[5.812942637130618,52.00378401204944],[5.812971470877528,52.00383639894426],[5.8130034897476435,52.00389264151454],[5.813045147806406,52.00398836284876],[5.8130500093102455,52.004007222130895],[5.813088230788708,52.00409933924675],[5.81316601485014,52.00421551242471],[5.813211444765329,52.00431190431118],[5.813275817781687,52.00439002364874],[5.813281014561653,52.0044060330838],[5.813339855521917,52.004502257332206],[5.813369695097208,52.004557913169265],[5.81339567899704,52.00459320098162],[5.813473714515567,52.004697220399976],[5.813516629859805,52.00478984043002],[5.813565663993359,52.00485899113119],[5.813627103343606,52.004966363310814],[5.813705809414387,52.00508060865104],[5.813776636496186,52.005153531208634],[5.813895743340254,52.00524455867708],[5.814019963145256,52.005267944186926],[5.814041085541248,52.005270877853036],[5.814162036404014,52.00530272908509],[5.814157007262111,52.00538688339293],[5.814165556803346,52.00547581538558],[5.814152983948588,52.00558176264167],[5.814171172678471,52.00567027553916],[5.814154911786318,52.0057528372854],[5.814151139929891,52.005873788148165],[5.814142003655434,52.005894742906094],[5.814153654500842,52.005944196134806],[5.81415357068181,52.00605877675116],[5.814176285639405,52.00612029992044],[5.8141773752868176,52.0061394944787],[5.814175950363278,52.00621954165399],[5.814187182113528,52.00630269013345],[5.8141927141696215,52.00635666958988],[5.814179973676801,52.0064246468246],[5.8142192009836435,52.006561774760485],[5.814275275915861,52.00666470453143],[5.814277958124876,52.00675757601857],[5.814311653375626,52.00686503201723],[5.814310563728213,52.00697802007198],[5.8142960630357265,52.00710014440119],[5.814319783821702,52.007189495489],[5.814305283129215,52.00726258568466],[5.814315089955926,52.007394935935736],[5.81433386541903,52.0075142942369],[5.814331937581301,52.007619235664606],[5.8143435046076775,52.007742784917355],[5.81433872692287,52.007876224815845],[5.814342414960265,52.00799826532602],[5.814342834055424,52.00812843628228],[5.814329255372286,52.00822340324521],[5.814328417181969,52.00835122726858],[5.814331015571952,52.00845650397241],[5.814336882904172,52.00851316563785],[5.8143429178744555,52.00858801603317],[5.814366722479463,52.00871349312365],[5.814423048868775,52.00886721722782],[5.814489014446735,52.00893661938608],[5.814492786303163,52.008994119241834],[5.814501754939556,52.00908782891929],[5.814562356099486,52.00922152027488],[5.8146194368600845,52.00928128324449],[5.81466369330883,52.00931875035167],[5.814709793776274,52.009382117539644],[5.814720271155238,52.00939963571727],[5.814798725768924,52.0094758272171],[5.81489042378962,52.00957138091326],[5.814989414066076,52.00965846888721],[5.81501355394721,52.00968093238771],[5.815032245591283,52.00970188714564],[5.815066192299128,52.00976014137268],[5.815137857571244,52.00983960181475],[5.815235339105129,52.00994865037501],[5.815322007983923,52.01002249494195],[5.815362157300115,52.010056525468826],[5.815384536981583,52.01007781550288],[5.815496519207954,52.010173285380006],[5.815595928579569,52.01026615686715],[5.815662983804941,52.01033773832023],[5.8157156221568584,52.01039272360504],[5.8157380018383265,52.01041284017265],[5.8158607967197895,52.010536724701524],[5.815979400649667,52.01065616682172],[5.816051317378879,52.01075155287981],[5.816151229664683,52.01084014959633],[5.816298667341471,52.010890021920204],[5.816478291526437,52.01089999638498],[5.81657912582159,52.010890608653426],[5.816584741696715,52.01089262031019],[5.816601337864995,52.01090116985142],[5.816688761115074,52.01091382652521],[5.8167284075170755,52.01091826893389],[5.816840305924416,52.010926231741905],[5.817032251507044,52.01091131195426],[5.817165523767471,52.01091558672488],[5.817250935360789,52.01092095114291],[5.817315140739083,52.010919442400336],[5.8174635004252195,52.01092053204775],[5.817565508186817,52.01089086011052],[5.817584954202175,52.010802095755935],[5.8176051545888186,52.01070545241237],[5.817729793488979,52.01062238775194],[5.817922409623861,52.01061610132456],[5.817985022440553,52.01058441773057],[5.81798586063087,52.01057318598032],[5.817987117916346,52.01056472025812],[5.8179559372365475,52.01044527813792],[5.817959206178784,52.0103651471436],[5.81796096637845,52.010253332555294],[5.818046880885959,52.010194240137935],[5.818206639960408,52.01014755293727],[5.818298840895295,52.01014118269086],[5.818377463147044,52.010130202397704],[5.818486008793116,52.01013498008251],[5.818536970764399,52.010137578472495],[5.818743584677577,52.010138500481844],[5.8188258949667215,52.010183008387685],[5.818914072588086,52.01026288792491],[5.819023456424475,52.01030580326915],[5.819040471687913,52.01030094176531],[5.81902957521379,52.01030932366848],[5.819028904661536,52.01031234115362],[5.8190329279750586,52.01031502336264],[5.819080201908946,52.01033170334995],[5.8191159926354885,52.010345282033086],[5.819173660129309,52.01037185266614],[5.819233171641827,52.01038517989218],[5.819257982075214,52.01038618572056],[5.81935403868556,52.01038392260671],[5.819292599335313,52.010405296459794],[5.819346243515611,52.010460533201694],[5.819370299577713,52.01048282906413],[5.819369629025459,52.010487439110875],[5.81936770118773,52.010488361120224],[5.819409526884556,52.01048182323575],[5.819362085312605,52.01046807691455],[5.819333670660853,52.01047788374126],[5.819370048120618,52.010470842942595],[5.819354206323624,52.01047101058066],[5.819364096969366,52.01046413742006],[5.8193734008818865,52.01045852154493],[5.8193551283329725,52.010494731366634],[5.819360911846161,52.01050043106079],[5.819344567134976,52.01051359064877],[5.819367030635476,52.01051300391555],[5.819359067827463,52.01054980047047],[5.819358397275209,52.010612497106194],[5.81942243501544,52.010668236762285],[5.8194847125560045,52.01067293062806],[5.819483119994402,52.01066941022873],[5.819452358409762,52.01066806912422],[5.819105599075556,52.01148387975991],[5.819089338183403,52.01156124472618],[5.819082967936993,52.01160793192685],[5.819083973765373,52.01172159053385],[5.8190877456218,52.01181085780263],[5.819070395082235,52.0119209960103],[5.81908137537539,52.01206239871681],[5.819102833047509,52.01215845532715],[5.819117417559028,52.01229273341596],[5.819138875231147,52.01236984692514],[5.81913560628891,52.01244620606303],[5.819127894937992,52.01254243031144],[5.819150190800428,52.01268391683698],[5.819099145010114,52.012782990932465],[5.8190930262207985,52.01284183189273],[5.819085482507944,52.012865133583546],[5.819068970158696,52.01295096427202],[5.81900124438107,52.01301525346935],[5.8188241347670555,52.01306470669806],[5.818657837808132,52.01313176192343],[5.818621627986431,52.01314835809171],[5.818508472293615,52.01317895203829],[5.818391460925341,52.013213485479355],[5.818331278860569,52.01333594508469],[5.818283166736364,52.01343845576048],[5.818263469263911,52.01347667723894],[5.818226085975766,52.01355270110071],[5.818275036290288,52.01363014988601],[5.818355670198798,52.01371614821255],[5.818385761231184,52.01379334554076],[5.818465556949377,52.013912787660956],[5.8184730168432,52.013926450163126],[5.818540574982762,52.01403273269534],[5.818630428984761,52.014120910316706],[5.818717265501618,52.01419919729233],[5.818796306848526,52.014297265559435],[5.818793121725321,52.0143804140389],[5.818787673488259,52.01438955031335],[5.818779794499278,52.01439969241619],[5.818778872489929,52.014409666880965],[5.818799491971731,52.01438837684691],[5.818791361525655,52.01438695192337],[5.818782225251198,52.01440924778581],[5.818780045956373,52.01440899632871],[5.818774346262217,52.01440011151135],[5.818784823641181,52.014392986893654],[5.818803096190095,52.0144063141197],[5.818796306848526,52.01440497301519],[5.818810388445854,52.014392567798495],[5.818803012371063,52.01439768075943],[5.8188235480338335,52.0144097507],[5.818888172507286,52.0144578628242],[5.8188998233526945,52.01446523889899],[5.819003339856863,52.01450865715742],[5.819019433110952,52.01451485976577],[5.819033598527312,52.014519134536386],[5.819071903824806,52.01454377733171],[5.819099731743336,52.01456121169031],[5.81912144087255,52.014579148963094],[5.819118842482567,52.01459524221718],[5.819088919088244,52.0145960804075],[5.818987246602774,52.01458535157144],[5.8189272321760654,52.01458484865725],[5.818837629631162,52.01459893025458],[5.818834360688925,52.014603121206164],[5.818814830854535,52.01462642289698],[5.8188200276345015,52.014632038772106],[5.8188161719590425,52.014611419290304],[5.818720199167728,52.01464050449431],[5.8185741025954485,52.01468786224723],[5.818442925810814,52.01474083587527],[5.818311749026179,52.014790792018175],[5.818134555593133,52.01486337929964],[5.818117540329695,52.01486581005156],[5.817989632487297,52.01487846672535],[5.817802296951413,52.014921214431524],[5.817617895081639,52.01498106122017],[5.8174308110028505,52.01502162963152],[5.817271135747433,52.015042919665575],[5.817109365016222,52.01507980003953],[5.81697684712708,52.015103939920664],[5.81682144664228,52.0151315163821],[5.816690940409899,52.01517166569829],[5.816578539088368,52.01520879752934],[5.8165552373975515,52.01521474868059],[5.816404866054654,52.015279876068234],[5.816258266568184,52.015333184972405],[5.8161291014403105,52.01536453329027],[5.816111583262682,52.015365455299616],[5.816064057871699,52.015420105308294],[5.815897174179554,52.01556762680411],[5.815871609374881,52.01558078639209],[5.815722746774554,52.01566535979509],[5.815525520592928,52.01560014858842],[5.815394846722484,52.015580534935],[5.815284037962556,52.0155961252749],[5.815120842307806,52.01564272865653],[5.814952366054058,52.0156838838011],[5.8147931937128305,52.01573207974434],[5.81463385373354,52.015786059200764],[5.814446769654751,52.01583861373365],[5.814320202916861,52.01588169671595],[5.814097160473466,52.01595721766353],[5.813958523795009,52.01600910164416],[5.813922565430403,52.016017735004425],[5.813801111653447,52.01605813577771],[5.8135936595499516,52.01611538417637],[5.813417388126254,52.01616324484348],[5.8132287953048944,52.016222756356],[5.8130803517997265,52.01627740636468],[5.812880778685212,52.016336750239134],[5.812651449814439,52.016388634219766],[5.812478279694915,52.0164471399039],[5.812448607757688,52.01645711436868],[5.812379373237491,52.01647781766951],[5.81218927167356,52.01653095893562],[5.8121078833937645,52.01655635610223],[5.81200017593801,52.01659315265715],[5.81191660836339,52.01663078740239],[5.811784006655216,52.01668091118336],[5.811630031093955,52.01672290451825],[5.811403803527355,52.016809741035104],[5.811309507116675,52.016825415194035],[5.811164164915681,52.01687654480338],[5.811068108305335,52.016910910606384],[5.811074394732714,52.01692239381373],[5.811077831313014,52.016918789595366],[5.8110659290105104,52.01689397916198],[5.811066431924701,52.01690873131156],[5.8110694494098425,52.01691308990121],[5.8110043220222,52.0169323682785],[5.810945313423872,52.01695952564478],[5.810886221006513,52.01697679236531],[5.810844227671623,52.01699431054294],[5.810754708945751,52.01702808961272],[5.810701064765453,52.01705189421773],[5.810577683150768,52.01711685396731],[5.810417253524065,52.017176784574986],[5.810212064534426,52.0172484498471],[5.810144674032927,52.01728583313525],[5.8101205341517925,52.01729924418032],[5.80996940843761,52.01735942624509],[5.809802273288369,52.01743746176362],[5.809696074575186,52.017481215298176],[5.8096457831561565,52.01750619336963],[5.809485772624612,52.01757928356528],[5.809320816770196,52.017630664631724],[5.809244038537145,52.017659498378634],[5.809134738519788,52.01770677231252],[5.809007082134485,52.01777030713856],[5.8088830299675465,52.01784549281001],[5.808784207329154,52.017895029857755],[5.808714302256703,52.01792470179498],[5.808559572324157,52.01797868125141],[5.808395370841026,52.01805277727544],[5.808223793283105,52.01813726685941],[5.808210549876094,52.01814212836325],[5.8081072848290205,52.01820524409413],[5.807981556281447,52.01826374977827],[5.80783705227077,52.0183349121362],[5.8077064622193575,52.01840674504638],[5.807619374245405,52.01845368370414],[5.807465063408017,52.01854697428644],[5.807337993755937,52.0186335593462],[5.807277979329228,52.0187390036881],[5.807222910225391,52.018728107213974],[5.807210421189666,52.01871670782566],[5.807122327387333,52.01866499148309],[5.807020403444767,52.01859005726874],[5.806889645755291,52.01851587742567],[5.806847903877497,52.01850355602801],[5.806778334081173,52.01847539283335],[5.806706584990025,52.018428621813655],[5.8065958600491285,52.01834094710648],[5.806510532274842,52.01825302094221],[5.806485554203391,52.018220750615],[5.806426713243127,52.018162831664085],[5.806360244750977,52.018084209412336],[5.806264523416758,52.018037773668766],[5.806136028841138,52.01794473454356],[5.806049359962344,52.01787776313722],[5.805952800437808,52.01777114532888],[5.805861605331302,52.017708364874125],[5.805770745500922,52.01762010343373],[5.8056924585253,52.01753854751587],[5.805619116872549,52.01748725026846],[5.805527251213789,52.01740661635995],[5.805405378341675,52.01730460859835],[5.8052879478782415,52.01721886172891],[5.805222149938345,52.01715339906514],[5.805092230439186,52.01704703271389],[5.805003046989441,52.0169638004154],[5.804876144975424,52.01684226281941],[5.80476701259613,52.01676079072058],[5.804656790569425,52.01669432222843],[5.8045687805861235,52.016603043302894],[5.804458977654576,52.016506399959326],[5.804347833618522,52.01638997532427],[5.804259739816189,52.01632350683212],[5.804141890257597,52.01622703112662],[5.804061088711023,52.01615762896836],[5.803967211395502,52.01606970280409],[5.803879704326391,52.01599745079875],[5.803793203085661,52.01593240723014],[5.803787503391504,52.015923857688904],[5.803675018250942,52.015836015343666],[5.80360846593976,52.015787065029144],[5.803549792617559,52.01573057100177],[5.803465722128749,52.01565630733967],[5.803348124027252,52.01558271422982],[5.803254162892699,52.015477772802114],[5.8031657338142395,52.01536453329027],[5.80309247598052,52.01531633734703],[5.803027348592877,52.01523503288627],[5.802919389680028,52.015145011246204],[5.802833139896393,52.01507183723152],[5.802738256752491,52.01498743146658],[5.802604816854,52.014897745102644],[5.802518734708428,52.01479724608362],[5.802354868501425,52.01469180174172],[5.80234145745635,52.01468459330499],[5.802292842417955,52.014649640768766],[5.80224079079926,52.01462432742119],[5.802134592086077,52.014548974111676],[5.802014395594597,52.01442978344858],[5.80194566398859,52.01437387615442],[5.801815073937178,52.014250410720706],[5.801702421158552,52.01417648233473],[5.80160460434854,52.01407221145928],[5.80150444060564,52.0140072517097],[5.801389524713159,52.013908345252275],[5.801322469487786,52.01384120620787],[5.801227251067758,52.01377750374377],[5.8011518977582455,52.013716232031584],[5.801049470901489,52.013632245361805],[5.800934806466103,52.01355429366231],[5.800825674086809,52.013470474630594],[5.8007292822003365,52.013363521546125],[5.800652168691158,52.013292610645294],[5.800561225041747,52.013221364468336],[5.8004804234951735,52.0131369587034],[5.800374895334244,52.013056157156825],[5.8003405295312405,52.01302757486701],[5.800314210355282,52.013001004233956],[5.800223518162966,52.01294015161693],[5.80013089813292,52.01284325681627],[5.8000153955072165,52.0127637963742],[5.799927301704884,52.01266748830676],[5.799842895939946,52.012615939602256],[5.799766704440117,52.012540167197585],[5.799678526818752,52.012456683442],[5.799545589834452,52.01237236149609],[5.799452634528279,52.012271443381906],[5.799344927072525,52.01219826936722],[5.799269489943981,52.012118976563215],[5.799260437488556,52.012108163908124],[5.799159854650497,52.01202065683901],[5.799061618745327,52.01195536181331],[5.7989689987152815,52.011878080666065],[5.798850981518626,52.01176936738193],[5.798802953213453,52.01171312481165],[5.798685606569052,52.01163383200765],[5.798604050651193,52.01155546121299],[5.798516292124987,52.011473067104816],[5.798424845561385,52.011372400447726],[5.798414535820484,52.0113633479923],[5.798301212489605,52.01128170825541],[5.798199791461229,52.01118380762637],[5.79811823554337,52.01110049150884],[5.797998206689954,52.01101357117295],[5.79793400131166,52.01097400858998],[5.797904832288623,52.01095439493656],[5.79777960665524,52.010851465165615],[5.797698553651571,52.01076429337263],[5.797626972198486,52.01068324036896],[5.797524210065603,52.01060654595494],[5.797429829835892,52.01051107607782],[5.797322373837233,52.010419461876154],[5.797179043292999,52.010292476043105],[5.797115005552769,52.01022617518902],[5.797009477391839,52.010143948718905],[5.796887017786503,52.010051580145955],[5.796782411634922,52.009957786649466],[5.796653833240271,52.00985628180206],[5.796552244573832,52.00978470034897],[5.796478651463985,52.009712448343635],[5.796427438035607,52.00968780554831],[5.796399358659983,52.00966198928654],[5.796313863247633,52.009576661512256],[5.796179920434952,52.00947381556034],[5.796057879924774,52.009381614625454],[5.795946903526783,52.00927885249257],[5.795860653743148,52.009198386222124],[5.795748755335808,52.009124709293246],[5.795671893283725,52.00905891135335],[5.7955951150506735,52.00898758135736],[5.7954764273017645,52.008900325745344],[5.795389171689749,52.008806616067886],[5.795287750661373,52.00871106237173],[5.79521088860929,52.008644258603454],[5.795117681846023,52.00858114287257],[5.795054482296109,52.00849648565054],[5.794985415413976,52.00842800550163],[5.794898997992277,52.00834795832634],[5.794797074049711,52.00827713124454],[5.794703280553222,52.00819934718311],[5.794595908373594,52.00811552815139],[5.794498845934868,52.008047718554735],[5.7944265101104975,52.0079786516726],[5.794328106567264,52.007883014157414],[5.794280162081122,52.007810259237885],[5.794187542051077,52.007721746340394],[5.794046642258763,52.00766575522721],[5.793931223452091,52.00755494646728],[5.793837010860443,52.00751496478915],[5.793720250949264,52.00752175413072],[5.7936749048531055,52.00751052238047],[5.793598713353276,52.00743701308966],[5.793523862957954,52.00737129896879],[5.79349092207849,52.007343051955104],[5.793394278734922,52.00725881382823],[5.7933643553406,52.00723148882389],[5.793321272358298,52.007184801623225],[5.793235609307885,52.007098300382495],[5.793058834969997,52.007087068632245],[5.792890107259154,52.00715026818216],[5.792686007916927,52.007233668118715],[5.792521722614765,52.007257053628564],[5.792388617992401,52.00732151046395],[5.792214274406433,52.00737758539617],[5.792136322706938,52.007397282868624],[5.792067758738995,52.007406586781144],[5.791939850896597,52.007472049444914],[5.791773051023483,52.00755159370601],[5.791662996634841,52.0076023042202],[5.791525030508637,52.00763373635709],[5.791407851502299,52.007670449092984],[5.791301820427179,52.00772057287395],[5.7911483477801085,52.007759883999825],[5.790967047214508,52.00781679712236],[5.790813155472279,52.007870776578784],[5.7906886003911495,52.00790656730533],[5.7905481196939945,52.007948476821184],[5.79039640724659,52.008009077981114],[5.790236983448267,52.008053082972765],[5.790070686489344,52.00810664333403],[5.789971612393856,52.008148804306984],[5.789936995133758,52.00816288590431],[5.7897655852139,52.00821443460882],[5.789621835574508,52.00826003216207],[5.789493843913078,52.008304288610816],[5.789274824783206,52.00836220756173],[5.789096625521779,52.00842725113034],[5.788962934166193,52.008470920845866],[5.788883809000254,52.00849757529795],[5.788772497326136,52.00853697024286],[5.788613576442003,52.008590530604124],[5.788466054946184,52.008634032681584],[5.788273438811302,52.008679965510964],[5.788145614787936,52.008741069585085],[5.787975965067744,52.008802592754364],[5.787884350866079,52.008839305490255],[5.787876471877098,52.00884819030762],[5.787816792726517,52.00885598547757],[5.787805058062077,52.00884676538408],[5.787801705300808,52.00880569405854],[5.787810171023011,52.008799742907286],[5.787835735827684,52.00879546813667],[5.7878256775438786,52.00877744704485],[5.787759041413665,52.00871533714235],[5.787717550992966,52.00868943706155],[5.7876466400921345,52.00858139432967],[5.787542620673776,52.00846371240914],[5.7874334044754505,52.00836539268494],[5.787415886297822,52.00831459835172],[5.787375485524535,52.00821502134204],[5.7873438857495785,52.00813187286258],[5.787298455834389,52.00803095474839],[5.787268364802003,52.00794671662152],[5.7872039917856455,52.00780523009598],[5.787164177745581,52.0077283680439],[5.7872184086591005,52.00767229311168],[5.787360314279795,52.00762007385492],[5.787492161616683,52.007577661424875],[5.787623338401318,52.00755000114441],[5.787762394174933,52.00750884599984],[5.787916369736195,52.007460398599505],[5.788082834333181,52.00742058455944],[5.78823521733284,52.00739225372672],[5.788323059678078,52.00743852183223],[5.788429258391261,52.00750004500151],[5.788583485409617,52.00755243189633],[5.788753051310778,52.00753164477646],[5.788890849798918,52.00747950933874],[5.789040382951498,52.007432486861944],[5.789175750687718,52.00738990679383],[5.7891804445534945,52.00739367865026],[5.789306508377194,52.007357301190495],[5.789426956325769,52.00731840915978],[5.789632732048631,52.0072743203491],[5.789773715659976,52.007242469117045],[5.789922829717398,52.00719737447798],[5.790114523842931,52.007131492719054],[5.790241006761789,52.00703702867031],[5.7902991771698,52.00693326070905],[5.790375703945756,52.0068303309381],[5.790459858253598,52.00671533122659],[5.790575193241239,52.00666520744562],[5.7907012570649385,52.00668356381357],[5.790714416652918,52.00667769648135],[5.790795721113682,52.00665347278118],[5.790933519601822,52.00660686939955],[5.79110543243587,52.0065507106483],[5.791286733001471,52.0065298397094],[5.791424363851547,52.00648684054613],[5.791539195924997,52.00644434429705],[5.791666936129332,52.00640754774213],[5.791826779022813,52.006378043442965],[5.791954519227147,52.00635306537151],[5.79208904877305,52.00630193576217],[5.792191810905933,52.00627947226167],[5.792251070961356,52.00626379810274],[5.792379481717944,52.00619020499289],[5.792509820312262,52.00614024884999],[5.792644685134292,52.006088281050324],[5.792794721201062,52.0060343015939],[5.792946852743626,52.00597923249006],[5.793106025084853,52.0059428550303],[5.7932579051703215,52.005908489227295],[5.793416574597359,52.005866998806596],[5.793569209054112,52.00582969933748],[5.793645232915878,52.00579206459224],[5.793646909296513,52.00578611344099],[5.793644478544593,52.00577890500426],[5.793634252622724,52.005770690739155],[5.793656297028065,52.00576012954116],[5.793663254007697,52.00576364994049],[5.793663924559951,52.00576809234917],[5.793742462992668,52.00577035546303],[5.793839106336236,52.005760380998254],[5.79385201446712,52.005758956074715],[5.793904988095164,52.00575191527605],[5.794045636430383,52.00572148896754],[5.794195756316185,52.00571050867438],[5.794400358572602,52.00569818727672],[5.794570930302143,52.00567631050944],[5.794760109856725,52.00565895996988],[5.794912995770574,52.005615374073386],[5.795071078464389,52.00560053810477],[5.795247768983245,52.00557405129075],[5.79540048725903,52.0055353268981],[5.795549852773547,52.005518563091755],[5.795751856639981,52.00551043264568],[5.7959644217044115,52.00549794360995],[5.796113787218928,52.00546894222498],[5.796263823285699,52.00542778708041],[5.796343870460987,52.00540306046605],[5.796498935669661,52.00538730248809],[5.796663640066981,52.00538638047874],[5.796680236235261,52.00538554228842],[5.796879976987839,52.0053643360734],[5.797067312523723,52.00532921589911],[5.797227825969458,52.00529702939093],[5.797384651377797,52.00528336688876],[5.797519013285637,52.0052641723305],[5.797720430418849,52.00522997416556],[5.797848338261247,52.005214216187596],[5.797879854217172,52.005210695788264],[5.797983203083277,52.0051933452487],[5.798013461753726,52.00518446043134],[5.798042630776763,52.00517968274653],[5.798183782026172,52.005170630291104],[5.798298949375749,52.005139365792274],[5.798487206920981,52.00507859699428],[5.798619892448187,52.0050498470664],[5.798816699534655,52.005007015541196],[5.7989948987960815,52.004987988621],[5.799022139981389,52.00498522259295],[5.799148371443152,52.004958651959896],[5.799338053911924,52.004909785464406],[5.799551457166672,52.00487340800464],[5.7997247111052275,52.004830073565245],[5.799891008064151,52.00480970554054],[5.799940461292863,52.00480392202735],[5.800120504572988,52.00477944687009],[5.800294429063797,52.004746589809656],[5.800462402403355,52.00471415184438],[5.800564242526889,52.004702081903815],[5.800608918070793,52.00469294562936],[5.800809161737561,52.00465187430382],[5.800964143127203,52.0045992359519],[5.801173523068428,52.004569647833705],[5.801360523328185,52.00453033670783],[5.801505697891116,52.004484152421355],[5.801653554663062,52.00446428731084],[5.801671491935849,52.00446202419698],[5.8017838932573795,52.00442757457495],[5.801954297348857,52.00439295731485],[5.801973911002278,52.004390275105834],[5.802145237103105,52.00435599312186],[5.802232576534152,52.004328249022365],[5.802288316190243,52.004310144111514],[5.802449667826295,52.00431081466377],[5.802604816854,52.004263289272785],[5.802738843485713,52.004227079451084],[5.802848311141133,52.004206124693155],[5.802925927564502,52.00419154018164],[5.802998933941126,52.00418240390718],[5.803127344697714,52.00416672974825],[5.803303364664316,52.0041417516768],[5.803527580574155,52.00410135090351],[5.80366806127131,52.00406312942505],[5.8037179335951805,52.00404267758131],[5.803883895277977,52.00400345027447],[5.804080618545413,52.0039604511112],[5.804277593269944,52.003923151642084],[5.804461240768433,52.00387227348983],[5.804623598232865,52.003835225477815],[5.804773550480604,52.003823574632406],[5.804908247664571,52.00379532761872],[5.805077645927668,52.003746377304196],[5.805161967873573,52.003734642639756],[5.805198261514306,52.00372952967882],[5.805261125788093,52.00372114777565],[5.805350560694933,52.00369390659034],[5.805441504344344,52.003673454746604],[5.8056010119616985,52.00365819968283],[5.8056410774588585,52.00365191325545],[5.805813409388065,52.003615368157625],[5.805976185947657,52.00358619913459],[5.806068135425448,52.00354319997132],[5.80608531832695,52.00342350639403],[5.806353455409408,52.00348955579102],[5.806524530053139,52.00346759520471],[5.806683199480176,52.00346348807216],[5.806820075958967,52.00341906398535],[5.806925352662802,52.003392996266484],[5.807033311575651,52.003373969346285],[5.8072184678167105,52.00336843729019],[5.807383004575968,52.003329545259476],[5.807597581297159,52.0033007953316],[5.807803189381957,52.00325922109187],[5.807847864925861,52.00324262492359],[5.807995637878776,52.003215635195374],[5.8081744238734245,52.00320708565414],[5.8083429001271725,52.0031747315079],[5.808510202914476,52.003131145611405],[5.808687647804618,52.0031039044261],[5.808827122673392,52.00305461883545],[5.808987133204937,52.003037771210074],[5.809172205626965,52.00302762910724],[5.809294832870364,52.002993850037456],[5.809495747089386,52.00294422917068],[5.809573866426945,52.002937188372016],[5.809671264141798,52.00291983783245],[5.809818198904395,52.00287373736501],[5.810008468106389,52.00284440070391],[5.8101744297891855,52.00282000936568],[5.810370650142431,52.0027843862772],[5.810556393116713,52.002748092636466],[5.810739621520042,52.00271456502378],[5.810923269018531,52.00266268104315],[5.811030473560095,52.00264072045684],[5.811081184074283,52.00263845734298],[5.811249744147062,52.002633763477206],[5.811370192095637,52.00261440128088],[5.811526598408818,52.00257643125951],[5.811657691374421,52.00253510847688],[5.811636401340365,52.002574587240815],[5.811637910082936,52.002567714080215],[5.8116639778018,52.002558996900916],[5.811724998056889,52.002550698816776],[5.811737319454551,52.00254751369357],[5.811863550916314,52.00251700356603],[5.8118887804448605,52.002509543672204],[5.812070081010461,52.002473920583725],[5.812260853126645,52.00245447456837],[5.812335703521967,52.002431843429804],[5.812365794554353,52.00241985730827],[5.8124221209436655,52.00240393169224],[5.812586909160018,52.002351712435484],[5.812734263017774,52.00233285315335],[5.812749350443482,52.002332266420126],[5.812851106747985,52.002359591424465],[5.812892680987716,52.00247065164149],[5.812920173630118,52.002580370754],[5.812962586060166,52.00269352644682],[5.812990581616759,52.00274641625583],[5.813064258545637,52.00287734158337],[5.81311572343111,52.002977756783366],[5.8131990395486355,52.00311337597668],[5.813187304884195,52.00314262881875],[5.8131486643105745,52.00315025635064],[5.813129302114248,52.003151681274176],[5.813008267432451,52.003177078440785],[5.812858147546649,52.003197530284524],[5.812720097601414,52.00329853221774],[5.812750356271863,52.00344102457166],[5.8128034975379705,52.003564490005374],[5.812842138111591,52.0036562718451],[5.812862170860171,52.00369181111455],[5.812883293256164,52.00373472645879],[5.812916485592723,52.003784934058785],[5.812941715121269,52.00382952578366],[5.812990413978696,52.00393723323941],[5.813034838065505,52.0039982534945],[5.813057301566005,52.004032619297504],[5.813091080635786,52.004115264862776],[5.813136845827103,52.004191875457764],[5.813222508877516,52.004307210445404],[5.813286043703556,52.00438231229782],[5.813325354829431,52.00447887182236],[5.813374724239111,52.004549615085125],[5.813450580462813,52.00466117821634],[5.813534148037434,52.00478305108845],[5.81360480748117,52.00489981099963],[5.813654763624072,52.004978181794286],[5.813689213246107,52.00504858978093],[5.813801279291511,52.005166690796614],[5.813959110528231,52.00525880791247],[5.81408073194325,52.005268447101116],[5.814148038625717,52.00530147179961],[5.8141437638551,52.00541362166405],[5.814156169071794,52.005547899752855],[5.814158096909523,52.00564865022898],[5.814165389165282,52.005682680755854],[5.81417603418231,52.005719812586904],[5.814171256497502,52.0057388395071],[5.81415306776762,52.00586247257888],[5.814135298132896,52.00595308095217],[5.814163628965616,52.006102949380875],[5.8141641318798065,52.00611870735884],[5.814154660329223,52.006214428693056],[5.814148206263781,52.00631610117853],[5.814141416922212,52.006435291841626],[5.814148709177971,52.00655615888536],[5.814148625358939,52.00668482109904],[5.814136806875467,52.00678473338485],[5.8141506370157,52.00685145333409],[5.81414083018899,52.006908198818564],[5.814136052504182,52.0069841388613],[5.814163209870458,52.00711808167398],[5.814168490469456,52.0072412956506],[5.814168574288487,52.0073623303324],[5.814165640622377,52.00746417045593],[5.814167317003012,52.00748294591904],[5.814162706956267,52.00761688873172],[5.814177710562944,52.00773817487061],[5.814178548753262,52.00786557979882],[5.814186846837401,52.007956355810165],[5.8141870982944965,52.007984183728695],[5.814185086637735,52.00805333442986],[5.814192043617368,52.00815894640982],[5.81419606693089,52.00826623477042],[5.814185757189989,52.008372098207474],[5.814207969233394,52.008533449843526],[5.814231606200337,52.00866454280913],[5.814303606748581,52.00879412703216],[5.814351635053754,52.00890015810728],[5.814368482679129,52.00894734822214],[5.814374014735222,52.008988251909614],[5.814435789361596,52.0091079454869],[5.814498653635383,52.009213557466865],[5.814599571749568,52.00931983999908],[5.814743405207992,52.009472977370024],[5.814806437119842,52.00955327600241],[5.814930321648717,52.00965612195432],[5.8150350116193295,52.009725188836455],[5.8151257038116455,52.00982359237969],[5.81523927859962,52.00996876694262],[5.815280936658382,52.010024255141616],[5.815352601930499,52.01010664924979],[5.815458884462714,52.010175129398704],[5.815539015457034,52.01022349298],[5.815585115924478,52.01027252711356],[5.8156204875558615,52.01031854376197],[5.815744791179895,52.0104774646461],[5.8158469665795565,52.01056178659201],[5.815940760076046,52.0106537360698],[5.816019214689732,52.01071199029684],[5.816168328747153,52.01077653095126],[5.816338732838631,52.01087761670351],[5.816359519958496,52.01088968664408],[5.8165051974356174,52.01094257645309],[5.816708207130432,52.01095523312688],[5.816946336999536,52.01093570329249],[5.817128140479326,52.010940397158265],[5.8173236064612865,52.010954562574625],[5.8175115287303925,52.010977528989315],[5.817605657503009,52.010906618088484],[5.817615883424878,52.010886836797],[5.81765016540885,52.010783990845084],[5.817666091024876,52.010704446583986],[5.817682603374124,52.01065784320235],[5.817732727155089,52.01064443215728],[5.817762818187475,52.0106484554708],[5.817891899496317,52.01064812019467],[5.817969851195812,52.01063705608249],[5.818010335788131,52.01060093007982],[5.81802005879581,52.01054837554693],[5.818029697984457,52.010428346693516],[5.818024585023522,52.01028870418668],[5.818019807338715,52.010169345885515],[5.818068757653236,52.01009960845113],[5.818100441247225,52.010061303153634],[5.818117875605822,52.0100527536124],[5.8181950729340315,52.01001897454262],[5.8182972483336926,52.00995996594429],[5.818317364901304,52.00988117605448],[5.818338822573423,52.009873297065496],[5.81838458776474,52.00986751355231],[5.818398082628846,52.00986374169588],[5.818430939689279,52.0098453015089],[5.818426748737693,52.009828286245465],[5.8179226610809565,52.01004353351891],[5.8179612178355455,52.01006297953427],[5.817978400737047,52.010156102478504],[5.8179789036512375,52.01018476858735],[5.817980747669935,52.01018669642508],[5.81799172796309,52.01020220294595],[5.818010251969099,52.010197676718235],[5.818087952211499,52.01017487794161],[5.818161880597472,52.010163897648454],[5.818237653002143,52.010159119963646],[5.818380564451218,52.010158617049456],[5.818567229434848,52.01016180217266],[5.818735957145691,52.01015585102141],[5.818819021806121,52.010184517130256],[5.818828074261546,52.01019164174795],[5.818948354572058,52.01029515825212],[5.81909797154367,52.0103495568037],[5.819218838587403,52.010367242619395],[5.8192880731076,52.01044695451856],[5.819296119734645,52.01047101058066],[5.819283379241824,52.01051258482039],[5.819272650405765,52.010541250929236],[5.819268207997084,52.010568492114544],[5.819260412827134,52.01064635999501],[5.819235015660524,52.01077049598098],[5.819236692041159,52.01089672744274],[5.819221185520291,52.01099278405309],[5.819214312359691,52.01106880791485],[5.8192146476358175,52.011179868131876],[5.819221939891577,52.011200319975615],[5.819235434755683,52.01130014844239],[5.819246331229806,52.01139704324305],[5.819273153319955,52.011494943872094],[5.819277008995414,52.01164430938661],[5.819291761144996,52.01178554445505],[5.819321600720286,52.011901969090104],[5.81927927210927,52.01201009564102],[5.819281032308936,52.01211579144001],[5.819281367585063,52.0122302044183],[5.819278014823794,52.01225878670812],[5.819272566586733,52.012389712035656],[5.819252785295248,52.01246649026871],[5.819270638749003,52.01255458407104],[5.819259909912944,52.01267620548606],[5.819256892427802,52.01281945221126],[5.819151783362031,52.012857757508755],[5.8190650306642056,52.01297133229673],[5.818958496674895,52.013032268732786],[5.8187976479530334,52.013084068894386],[5.818630177527666,52.01312933117151],[5.8184736873954535,52.01316939666867],[5.818386264145374,52.01327727176249],[5.818366650491953,52.013342063874006],[5.818347204476595,52.01338095590472],[5.818254416808486,52.01346846297383],[5.81824972294271,52.01358899474144],[5.818287022411823,52.01367440633476],[5.818288950249553,52.0136858895421],[5.818347288295627,52.01377876102924],[5.8184318616986275,52.01387632638216],[5.818487266078591,52.0139501709491],[5.818586926907301,52.014074474573135],[5.818681390956044,52.01418109238148],[5.81873101182282,52.014239095151424],[5.818743081763387,52.01426231302321],[5.81882044672966,52.014359375461936],[5.81887174397707,52.01442651450634],[5.818958664312959,52.01452609151602],[5.819071736186743,52.01457110233605],[5.819117669016123,52.01461234129965],[5.819112807512283,52.01464142650366],[5.819142144173384,52.01464251615107],[5.819150023162365,52.01464159414172],[5.819148933514953,52.01462918892503],[5.81912973895669,52.01463648118079],[5.819163266569376,52.01467864215374],[5.819221688434482,52.01477151364088],[5.819226382300258,52.01477888971567],[5.819257562980056,52.01483395881951],[5.81928757019341,52.01488575898111],[5.819386811926961,52.01493185944855],[5.819485047832131,52.014905121177435],[5.81962276250124,52.014864636585116],[5.819660816341639,52.01485122554004],[5.8196956012398005,52.01483806595206],[5.819801045581698,52.01479833573103],[5.819944208487868,52.01475525274873],[5.819981591776013,52.01475030742586],[5.820221146568656,52.014687191694975],[5.820351485162973,52.01464134268463],[5.820590620860457,52.014576215296984],[5.820794301107526,52.014519637450576],[5.8209169283509254,52.01445635408163],[5.820947103202343,52.014438919723034],[5.820997813716531,52.014416456222534],[5.821113148704171,52.01435334049165],[5.821266705170274,52.01430883258581],[5.821440881118178,52.01426197774708],[5.821603741496801,52.014212273061275],[5.821800632402301,52.01414982788265],[5.8219933323562145,52.014086712151766],[5.82218904979527,52.01403549872339],[5.822387784719467,52.01399032026529],[5.822548717260361,52.01393072493374],[5.822679474949837,52.01387783512473],[5.822709817439318,52.01386459171772],[5.822783997282386,52.01384078711271],[5.82295230589807,52.01379468664527],[5.823124805465341,52.01372486539185],[5.823183646425605,52.01370567083359],[5.823270818218589,52.01367516070604],[5.82331046462059,52.013663090765476],[5.823371401056647,52.01364289037883],[5.823529902845621,52.01360081322491],[5.823691673576832,52.01356519013643],[5.8238210901618,52.01354297809303],[5.8238849602639675,52.013514060527086],[5.824016137048602,52.01348405331373],[5.8242015447467566,52.01343761757016],[5.82437664270401,52.0133475959301],[5.824535479769111,52.01330719515681],[5.8245546743273735,52.0132992323488],[5.824705883860588,52.013246258720756],[5.824924819171429,52.013179790228605],[5.825024899095297,52.013147519901395],[5.825078375637531,52.01313100755215],[5.825215419754386,52.01309563592076],[5.825321534648538,52.01304794289172],[5.825453046709299,52.01302506029606],[5.825621606782079,52.01298801228404],[5.825650775805116,52.012976529076695],[5.825714478269219,52.01294610276818],[5.825879937037826,52.012894386425614],[5.826012706384063,52.01287368312478],[5.826171291992068,52.0128295943141],[5.826353430747986,52.01275574974716],[5.826571276411414,52.0126826595515],[5.826731203123927,52.01263320632279],[5.826878976076841,52.01257545500994],[5.827006883919239,52.012532791122794],[5.82719556055963,52.01247185468674],[5.82736361771822,52.01240697875619],[5.827577104791999,52.012349646538496],[5.827680034562945,52.01234553940594],[5.8278758358210325,52.012290973216295],[5.828030314296484,52.012217715382576],[5.828230306506157,52.01213439926505],[5.82840196788311,52.012101793661714],[5.828418144956231,52.01209785416722],[5.828574551269412,52.01206541620195],[5.828772531822324,52.01198587194085],[5.828885100781918,52.01193700544536],[5.829031448811293,52.01188285835087],[5.829270416870713,52.011848324909806],[5.829468062147498,52.0117780007422],[5.829642824828625,52.01171354390681],[5.829825131222606,52.01168739236891],[5.829951697960496,52.01164975762367],[5.8300678711384535,52.01159351505339],[5.830141548067331,52.011586893349886],[5.830170381814241,52.011613212525845],[5.830238610506058,52.01169736683369],[5.830293511971831,52.01178613118827],[5.830346988514066,52.01189777813852],[5.830405913293362,52.01201369985938],[5.8304354175925255,52.01211855746806],[5.830504484474659,52.01223489828408],[5.83055536262691,52.01231871731579],[5.830599367618561,52.01241418719292],[5.830658711493015,52.01254008337855],[5.830719815567136,52.0126517303288],[5.830817548558116,52.01278374530375],[5.830882508307695,52.01291307806969],[5.830928357318044,52.01302547939122],[5.83089885301888,52.01310661621392],[5.830735741183162,52.01316545717418],[5.830536838620901,52.0132040977478],[5.8303753193467855,52.01324977912009],[5.830330392345786,52.0133301615715],[5.83033693023026,52.01335773803294],[5.830418569967151,52.01350023038685],[5.830445978790522,52.01357005164027],[5.830498868599534,52.01365487650037],[5.830529546365142,52.01372486539185],[5.830578999593854,52.01384891755879],[5.830637589097023,52.013937095180154],[5.830645132809877,52.013946985825896],[5.830635828897357,52.01401378959417],[5.830567013472319,52.01405913569033],[5.830520410090685,52.014077408239245],[5.830393927171826,52.014089142903686],[5.830252273008227,52.014117473736405],[5.830081449821591,52.01415343210101],[5.829928899183869,52.01417773962021],[5.829880451783538,52.01427731662989],[5.829953206703067,52.01439181342721],[5.829978100955486,52.01447110623121],[5.830010119825602,52.01454964466393],[5.830045575276017,52.014602618291974],[5.83010139875114,52.01469423249364],[5.830138698220253,52.01481099240482],[5.8301951084285975,52.014904115349054],[5.8302663546055555,52.015007212758064],[5.830314550548792,52.015093211084604],[5.830370793119073,52.015196392312646],[5.830409098416567,52.01529387384653],[5.830449080094695,52.01540962792933],[5.830496354028583,52.01550593599677],[5.830461820587516,52.015536446124315],[5.830420833081007,52.015537451952696],[5.830280184745789,52.015531081706285],[5.830193683505058,52.015539882704616],[5.830107098445296,52.01554834842682],[5.8299865666776896,52.01554390601814],[5.8299589063972235,52.01552831567824],[5.829903585836291,52.01545882970095],[5.829844074323773,52.01534626074135],[5.829758159816265,52.01527467928827],[5.829678867012262,52.01519429683685],[5.829561185091734,52.01513453386724],[5.829486837610602,52.015098072588444],[5.829392625018954,52.01504602096975],[5.829168073832989,52.01504124328494],[5.829072687774897,52.01502162963152],[5.829068161547184,52.015004279091954],[5.82905625924468,52.014915347099304],[5.829019043594599,52.014841083437204],[5.828979229554534,52.01475089415908],[5.82892089150846,52.01461460441351],[5.828870180994272,52.014525420963764],[5.82886422984302,52.01451485976577],[5.8288580272346735,52.014497676864266],[5.828820979222655,52.01443933881819],[5.82875526510179,52.014367086812854],[5.828721318393946,52.014320231974125],[5.8287025429308414,52.01426298357546],[5.828686868771911,52.01421931385994],[5.828640600666404,52.01412543654442],[5.828625429421663,52.01406885869801],[5.828605899587274,52.01402057893574],[5.828549405559897,52.01392116956413],[5.828507831320167,52.013825280591846],[5.828403728082776,52.013695780187845],[5.828278670087457,52.01366124674678],[5.8282616548240185,52.01367415487766],[5.828150846064091,52.01372092589736],[5.82808437757194,52.0137498434633],[5.828027380630374,52.01375814154744],[5.827912967652082,52.01379016041756],[5.827790005132556,52.01383978128433],[5.827682465314865,52.01389719732106],[5.827639382332563,52.01390809379518],[5.827495381236076,52.01392971910536],[5.827284660190344,52.01394782401621],[5.827110651880503,52.01398436911404],[5.826903115957975,52.01401714235544],[5.826774202287197,52.013985542580485],[5.826581753790379,52.013931311666965],[5.826412690803409,52.01388495974243],[5.826398357748985,52.0138743147254],[5.826370948925614,52.01382796280086],[5.826237592846155,52.013717321678996],[5.82615134306252,52.01370039023459],[5.826072301715612,52.013713885098696],[5.825914302840829,52.013736851513386],[5.8257771749049425,52.01382653787732],[5.825786562636495,52.013985458761454],[5.825782036408782,52.01406525447965],[5.825711879879236,52.01413784176111],[5.825608531013131,52.014177571982145],[5.825488334521651,52.01424898579717],[5.825380878522992,52.01435015536845],[5.825338885188103,52.014433555305004],[5.82535925321281,52.014525001868606],[5.82545799203217,52.014601696282625],[5.825552120804787,52.014651484787464],[5.825603669509292,52.014725245535374],[5.825612805783749,52.014739410951734],[5.825713137164712,52.01482825912535],[5.825786394998431,52.01492733322084],[5.82581514492631,52.01500168070197],[5.825824784114957,52.015081476420164],[5.825840709730983,52.01511114835739],[5.825931821018457,52.015203181654215],[5.825977167114615,52.01524090021849],[5.82598521374166,52.01524802483618],[5.826067021116614,52.01535648666322],[5.826174225658178,52.01544533483684],[5.826243460178375,52.01553242281079],[5.8263264410197735,52.015618002042174],[5.826514195650816,52.015671730041504],[5.826642857864499,52.01565144583583],[5.826772945001721,52.015603333711624],[5.826895236968994,52.01557517051697],[5.827053822577,52.01553242281079],[5.827208217233419,52.0154993981123],[5.827362192794681,52.01547559350729],[5.8275489415973425,52.015438210219145],[5.827700234949589,52.015400072559714],[5.827830657362938,52.0154058560729],[5.827879523858428,52.01548137702048],[5.82791673950851,52.015563268214464],[5.827924367040396,52.01557089574635],[5.8280065935105085,52.01566804200411],[5.82811270840466,52.015726044774055],[5.82820407114923,52.015812043100595],[5.82830373197794,52.015919582918286],[5.82835016772151,52.01596132479608],[5.828383360058069,52.016005581244826],[5.828454522415996,52.01610918156803],[5.828571701422334,52.016235161572695],[5.828581005334854,52.0162539370358],[5.828654179349542,52.0163559447974],[5.828775800764561,52.01646164059639],[5.828869342803955,52.01656725257635],[5.828799018636346,52.016613855957985],[5.828620484098792,52.0166545920074],[5.828558709472418,52.01666481792927],[5.82842443138361,52.01669859699905],[5.828271126374602,52.01675131917],[5.828138943761587,52.0168031193316],[5.827955296263099,52.0168427657336],[5.827773492783308,52.016909904778004],[5.827677100896835,52.016949048265815],[5.827600909397006,52.01696950010955],[5.827526478096843,52.01697654090822],[5.8274561539292336,52.016989113762975],[5.82732061855495,52.017033118754625],[5.8271522261202335,52.0170793030411],[5.827135881409049,52.01708324253559],[5.826946869492531,52.01713738963008],[5.826799850910902,52.017177706584334],[5.826783841475844,52.017183071002364],[5.826636403799057,52.01725515536964],[5.826482092961669,52.017312152311206],[5.826234742999077,52.01735716313124],[5.826142793521285,52.01738239265978],[5.82603651098907,52.01742421835661],[5.825882367789745,52.01747710816562],[5.825745491310954,52.01750887557864],[5.82570475526154,52.017517760396004],[5.825554803013802,52.01755966991186],[5.8253957983106375,52.0176284853369],[5.825295969843864,52.01767483726144],[5.825110813602805,52.01774717308581],[5.8249560836702585,52.017786568030715],[5.824823901057243,52.01780986972153],[5.8246551733464,52.01785186305642],[5.824519554153085,52.017882457003],[5.824339846149087,52.01793937012553],[5.824181511998177,52.01799896545708],[5.824006916955113,52.01805411837995],[5.823829807341099,52.018097788095474],[5.823683626949787,52.018133495002985],[5.823519844561815,52.01819401234388],[5.823345836251974,52.018240951001644],[5.823174258694053,52.01828856021166],[5.82311156205833,52.01829727739096],[5.82301827147603,52.018324099481106],[5.822830433025956,52.01839794404805],[5.822632536292076,52.01844932511449],[5.822516949847341,52.018471620976925],[5.822486439719796,52.01848545111716],[5.822309665381908,52.01856566593051],[5.822147643193603,52.01862132176757],[5.822033816948533,52.01869307085872],[5.82198335789144,52.01867555268109],[5.821951422840357,52.01866373419762],[5.821778755635023,52.01854278333485],[5.821698708459735,52.01844119466841],[5.821606507524848,52.01833977364004],[5.821531908586621,52.01824463903904],[5.821476252749562,52.01809963211417],[5.821400564163923,52.018001144751906],[5.8213103748857975,52.01788974925876],[5.8212346863001585,52.017788495868444],[5.82116779871285,52.017693277448416],[5.821064533665776,52.017560843378305],[5.821007788181305,52.017438719049096],[5.820904020220041,52.017329754307866],[5.820808466523886,52.01720871962607],[5.820799330249429,52.01719748787582],[5.820763623341918,52.01711643487215],[5.820702183991671,52.017011074349284],[5.820591375231743,52.01690185815096],[5.820513255894184,52.01680077239871],[5.8204365614801645,52.016667081043124],[5.820351485162973,52.0165628939867],[5.8203264232724905,52.01648804359138],[5.820328602567315,52.01646708883345],[5.82032198086381,52.01639140024781],[5.8203143533319235,52.016365081071854],[5.8202542550861835,52.01623700559139],[5.820189882069826,52.01613902114332],[5.820101955905557,52.016054363921285],[5.820057699456811,52.01600465923548],[5.819997349753976,52.01591430231929],[5.819893749430776,52.01577465981245],[5.819832645356655,52.01565789990127],[5.81978646107018,52.015595119446516],[5.819750837981701,52.01555044390261],[5.819660145789385,52.01544491574168],[5.819565514102578,52.01533637009561],[5.819522514939308,52.015259424224496],[5.8194956090301275,52.01518868096173],[5.819490496069193,52.01516395434737],[5.819448670372367,52.0150918699801],[5.819419249892235,52.01498055830598],[5.819367114454508,52.014888022094965],[5.819346914067864,52.014866480603814],[5.819312212988734,52.01486128382385],[5.8192891627550125,52.01484569348395],[5.81931984052062,52.014841167256236],[5.819318583235145,52.014847956597805],[5.819271979853511,52.01478115282953],[5.819227723404765,52.01469884254038],[5.81921816803515,52.01467285864055],[5.819168966263533,52.01460328884423],[5.819156477227807,52.014608485624194],[5.819061845541,52.01457956805825],[5.818900158628821,52.01457168906927],[5.818783985450864,52.0145096629858],[5.818689437583089,52.01440639793873],[5.8186025172472,52.01431570574641],[5.818549124523997,52.01421847566962],[5.818577706813812,52.01410590671003],[5.818531857803464,52.01399367302656],[5.818452564999461,52.01386425644159],[5.818363297730684,52.01374975964427],[5.818318789824843,52.01365848071873],[5.81831518560648,52.01364682987332],[5.8182937279343605,52.01351121068001],[5.818357178941369,52.013415824621916],[5.818428844213486,52.013333262875676],[5.818466395139694,52.01327886432409],[5.818491205573082,52.01325908303261],[5.818586256355047,52.01319127343595],[5.81873444840312,52.013153387233615],[5.818863781169057,52.01312245801091],[5.8190403040498495,52.013077195733786],[5.819133594632149,52.013014666736126],[5.819154633209109,52.01298206113279],[5.8191893342882395,52.012912072241306],[5.819203918799758,52.01283261179924],[5.819228058680892,52.01270394958556],[5.819247588515282,52.01256087049842],[5.819265190511942,52.01244067400694],[5.819230070337653,52.01232684776187],[5.819232501089573,52.0122629776597],[5.819176845252514,52.0121561922133],[5.819150358438492,52.01204873621464],[5.81917910836637,52.01192828826606],[5.819182712584734,52.01181756332517],[5.819178521633148,52.01167892664671],[5.819156477227807,52.01159058138728],[5.819157399237156,52.011474492028356],[5.819174749776721,52.01145571656525],[5.819224454462528,52.011405508965254],[5.819226047024131,52.01129646040499],[5.819255048409104,52.0111701451242],[5.81924800761044,52.011120691895485],[5.819224203005433,52.01106319203973],[5.819160416722298,52.010958921164274],[5.819043824449182,52.01088398694992],[5.819005519151688,52.01082623563707],[5.819002250209451,52.010798742994666],[5.818947935476899,52.01074820011854],[5.818897057324648,52.01074308715761],[5.818684743717313,52.01072062365711],[5.818638140335679,52.01066345907748],[5.818625316023827,52.01063680462539],[5.8185196202248335,52.01059279963374],[5.818368997424841,52.01058349572122],[5.818229354918003,52.01058140024543],[5.818136818706989,52.010582657530904],[5.818052412942052,52.01056597754359],[5.818050149828196,52.01055550016463],[5.818050233647227,52.01049875468016],[5.8180157002061605,52.010364811867476],[5.8180145267397165,52.010255344212055],[5.818030871450901,52.010227013379335],[5.818063812330365,52.01019801199436],[5.818132879212499,52.01015090569854],[5.818317364901304,52.01013682410121],[5.818555997684598,52.010140931233764],[5.818690024316311,52.010111678391695],[5.81869681365788,52.01009910553694],[5.8187231328338385,52.00998687185347],[5.81872615031898,52.009924594312906],[5.818728916347027,52.00994244776666],[5.8187340293079615,52.00991151854396],[5.8186933770775795,52.00984077528119],[5.818649707362056,52.00983432121575],[5.818625232204795,52.009829711169004],[5.818564547225833,52.00983080081642],[5.818481985479593,52.009820910170674],[5.81843295134604,52.009812192991376],[5.818362627178431,52.009817473590374],[5.8183178678154945,52.00981571339071],[5.818349802866578,52.009823843836784],[5.818343684077263,52.00983038172126],[5.8183408342301846,52.00983063317835]]}}