<?xml version='1.0' encoding='UTF-8'?>
<gpx version="1.1" creator="https://www.komoot.de" xmlns="http://www.topografix.com/GPX/1/1" xmlns:xsi="http://www.w3.org/2001/XMLSchema-instance" xsi:schemaLocation="http://www.topografix.com/GPX/1/1 http://www.topografix.com/GPX/1/1/gpx.xsd">
  <metadata>
    <name>Monthferland</name>
    <author>
      <link href="https://www.komoot.de">
        <text>komoot</text>
        <type>text/html</type>
      </link>
    </author>
  </metadata>
  <trk>
    <name>Monthferland</name>
    <type>hike</type>
    <trkseg>
      <trkpt lat="51.902732" lon="6.198665">
        <ele>30.945044</ele>
        <time>2026-09-05T12:54:24.000Z</time>
      </trkpt>
      <trkpt lat="51.902732" lon="6.198677">
        <ele>30.945044</ele>
        <time>2026-09-05T12:54:25.000Z</time>
      </trkpt>
      <trkpt lat="51.902715" lon="6.198710">
        <ele>30.945044</ele>
        <time>2026-09-05T12:54:28.000Z</time>
      </trkpt>
      <trkpt lat="51.902691" lon="6.198750">
        <ele>30.945044</ele>
        <time>2026-09-05T12:54:32.000Z</time>
      </trkpt>
      <trkpt lat="51.902694" lon="6.198793">
        <ele>30.945044</ele>
        <time>2026-09-05T12:54:37.000Z</time>
      </trkpt>
      <trkpt lat="51.902682" lon="6.198831">
        <ele>30.945044</ele>
        <time>2026-09-05T12:54:39.000Z</time>
      </trkpt>
      <trkpt lat="51.902618" lon="6.199000">
        <ele>30.945044</ele>
        <time>2026-09-05T12:54:49.000Z</time>
      </trkpt>
      <trkpt lat="51.902588" lon="6.199086">
        <ele>30.945044</ele>
        <time>2026-09-05T12:54:55.000Z</time>
      </trkpt>
      <trkpt lat="51.902565" lon="6.199138">
        <ele>30.945044</ele>
        <time>2026-09-05T12:54:59.000Z</time>
      </trkpt>
      <trkpt lat="51.902556" lon="6.199183">
        <ele>30.945044</ele>
        <time>2026-09-05T12:55:07.000Z</time>
      </trkpt>
      <trkpt lat="51.902565" lon="6.199181">
        <ele>30.945044</ele>
        <time>2026-09-05T12:55:13.000Z</time>
      </trkpt>
      <trkpt lat="51.902561" lon="6.199184">
        <ele>30.945044</ele>
        <time>2026-09-05T12:55:15.000Z</time>
      </trkpt>
      <trkpt lat="51.902558" lon="6.199187">
        <ele>30.945044</ele>
        <time>2026-09-05T12:55:16.000Z</time>
      </trkpt>
      <trkpt lat="51.902547" lon="6.199203">
        <ele>30.945044</ele>
        <time>2026-09-05T12:55:20.000Z</time>
      </trkpt>
      <trkpt lat="51.902536" lon="6.199230">
        <ele>30.945044</ele>
        <time>2026-09-05T12:55:24.000Z</time>
      </trkpt>
      <trkpt lat="51.902519" lon="6.199263">
        <ele>30.945044</ele>
        <time>2026-09-05T12:55:29.000Z</time>
      </trkpt>
      <trkpt lat="51.902488" lon="6.199333">
        <ele>30.945044</ele>
        <time>2026-09-05T12:55:36.000Z</time>
      </trkpt>
      <trkpt lat="51.902472" lon="6.199364">
        <ele>30.945044</ele>
        <time>2026-09-05T12:55:39.000Z</time>
      </trkpt>
      <trkpt lat="51.902454" lon="6.199393">
        <ele>30.945044</ele>
        <time>2026-09-05T12:55:43.000Z</time>
      </trkpt>
      <trkpt lat="51.902438" lon="6.199424">
        <ele>30.945044</ele>
        <time>2026-09-05T12:55:46.000Z</time>
      </trkpt>
      <trkpt lat="51.902429" lon="6.199526">
        <ele>30.945044</ele>
        <time>2026-09-05T12:55:53.000Z</time>
      </trkpt>
      <trkpt lat="51.902436" lon="6.199536">
        <ele>30.945044</ele>
        <time>2026-09-05T12:55:54.000Z</time>
      </trkpt>
      <trkpt lat="51.902526" lon="6.199596">
        <ele>30.945044</ele>
        <time>2026-09-05T12:56:02.000Z</time>
      </trkpt>
      <trkpt lat="51.902533" lon="6.199604">
        <ele>30.945044</ele>
        <time>2026-09-05T12:56:03.000Z</time>
      </trkpt>
      <trkpt lat="51.902580" lon="6.199639">
        <ele>30.945044</ele>
        <time>2026-09-05T12:56:08.000Z</time>
      </trkpt>
      <trkpt lat="51.902617" lon="6.199682">
        <ele>30.945044</ele>
        <time>2026-09-05T12:56:13.000Z</time>
      </trkpt>
      <trkpt lat="51.902687" lon="6.199785">
        <ele>31.088943</ele>
        <time>2026-09-05T12:56:22.000Z</time>
      </trkpt>
      <trkpt lat="51.902791" lon="6.199888">
        <ele>31.430654</ele>
        <time>2026-09-05T12:56:34.000Z</time>
      </trkpt>
      <trkpt lat="51.902890" lon="6.200020">
        <ele>31.790073</ele>
        <time>2026-09-05T12:56:44.000Z</time>
      </trkpt>
      <trkpt lat="51.902973" lon="6.200101">
        <ele>32.061706</ele>
        <time>2026-09-05T12:56:55.000Z</time>
      </trkpt>
      <trkpt lat="51.903032" lon="6.200170">
        <ele>32.265691</ele>
        <time>2026-09-05T12:57:02.000Z</time>
      </trkpt>
      <trkpt lat="51.903077" lon="6.200214">
        <ele>32.413037</ele>
        <time>2026-09-05T12:57:06.000Z</time>
      </trkpt>
      <trkpt lat="51.903161" lon="6.200325">
        <ele>32.716901</ele>
        <time>2026-09-05T12:57:16.000Z</time>
      </trkpt>
      <trkpt lat="51.903236" lon="6.200429">
        <ele>32.993634</ele>
        <time>2026-09-05T12:57:25.000Z</time>
      </trkpt>
      <trkpt lat="51.903323" lon="6.200537">
        <ele>33.300880</ele>
        <time>2026-09-05T12:57:35.000Z</time>
      </trkpt>
      <trkpt lat="51.903427" lon="6.200648">
        <ele>33.650006</ele>
        <time>2026-09-05T12:57:46.000Z</time>
      </trkpt>
      <trkpt lat="51.903498" lon="6.200736">
        <ele>33.900601</ele>
        <time>2026-09-05T12:57:55.000Z</time>
      </trkpt>
      <trkpt lat="51.903517" lon="6.200761">
        <ele>33.969215</ele>
        <time>2026-09-05T12:57:57.000Z</time>
      </trkpt>
      <trkpt lat="51.903616" lon="6.200888">
        <ele>34.323199</ele>
        <time>2026-09-05T12:58:08.000Z</time>
      </trkpt>
      <trkpt lat="51.903678" lon="6.200984">
        <ele>34.563601</ele>
        <time>2026-09-05T12:58:17.000Z</time>
      </trkpt>
      <trkpt lat="51.903756" lon="6.201074">
        <ele>34.832044</ele>
        <time>2026-09-05T12:58:25.000Z</time>
      </trkpt>
      <trkpt lat="51.903770" lon="6.201089">
        <ele>34.879096</ele>
        <time>2026-09-05T12:58:27.000Z</time>
      </trkpt>
      <trkpt lat="51.903860" lon="6.201192">
        <ele>35.187991</ele>
        <time>2026-09-05T12:58:37.000Z</time>
      </trkpt>
      <trkpt lat="51.903932" lon="6.201263">
        <ele>35.424282</ele>
        <time>2026-09-05T12:58:44.000Z</time>
      </trkpt>
      <trkpt lat="51.903960" lon="6.201291">
        <ele>35.516524</ele>
        <time>2026-09-05T12:58:47.000Z</time>
      </trkpt>
      <trkpt lat="51.904036" lon="6.201367">
        <ele>35.766896</ele>
        <time>2026-09-05T12:58:56.000Z</time>
      </trkpt>
      <trkpt lat="51.904087" lon="6.201445">
        <ele>35.963493</ele>
        <time>2026-09-05T12:59:02.000Z</time>
      </trkpt>
      <trkpt lat="51.904133" lon="6.201499">
        <ele>35.985498</ele>
        <time>2026-09-05T12:59:07.000Z</time>
      </trkpt>
      <trkpt lat="51.904175" lon="6.201552">
        <ele>35.982889</ele>
        <time>2026-09-05T12:59:14.000Z</time>
      </trkpt>
      <trkpt lat="51.904193" lon="6.201574">
        <ele>35.981784</ele>
        <time>2026-09-05T12:59:16.000Z</time>
      </trkpt>
      <trkpt lat="51.904266" lon="6.201635">
        <ele>35.977758</ele>
        <time>2026-09-05T12:59:23.000Z</time>
      </trkpt>
      <trkpt lat="51.904285" lon="6.201657">
        <ele>35.976613</ele>
        <time>2026-09-05T12:59:26.000Z</time>
      </trkpt>
      <trkpt lat="51.904373" lon="6.201768">
        <ele>35.971147</ele>
        <time>2026-09-05T12:59:37.000Z</time>
      </trkpt>
      <trkpt lat="51.904393" lon="6.201788">
        <ele>35.969995</ele>
        <time>2026-09-05T12:59:39.000Z</time>
      </trkpt>
      <trkpt lat="51.904444" lon="6.201832">
        <ele>35.967163</ele>
        <time>2026-09-05T12:59:44.000Z</time>
      </trkpt>
      <trkpt lat="51.904471" lon="6.201861">
        <ele>35.965575</ele>
        <time>2026-09-05T12:59:47.000Z</time>
      </trkpt>
      <trkpt lat="51.904571" lon="6.201967">
        <ele>35.959718</ele>
        <time>2026-09-05T12:59:57.000Z</time>
      </trkpt>
      <trkpt lat="51.904651" lon="6.202051">
        <ele>35.955045</ele>
        <time>2026-09-05T13:00:06.000Z</time>
      </trkpt>
      <trkpt lat="51.904690" lon="6.202079">
        <ele>35.952954</ele>
        <time>2026-09-05T13:00:11.000Z</time>
      </trkpt>
      <trkpt lat="51.904736" lon="6.202111">
        <ele>35.950501</ele>
        <time>2026-09-05T13:00:15.000Z</time>
      </trkpt>
      <trkpt lat="51.904850" lon="6.202232">
        <ele>35.943821</ele>
        <time>2026-09-05T13:00:25.000Z</time>
      </trkpt>
      <trkpt lat="51.904889" lon="6.202293">
        <ele>35.941164</ele>
        <time>2026-09-05T13:00:31.000Z</time>
      </trkpt>
      <trkpt lat="51.904905" lon="6.202323">
        <ele>35.939965</ele>
        <time>2026-09-05T13:00:34.000Z</time>
      </trkpt>
      <trkpt lat="51.904972" lon="6.202410">
        <ele>35.935756</ele>
        <time>2026-09-05T13:00:43.000Z</time>
      </trkpt>
      <trkpt lat="51.905067" lon="6.202474">
        <ele>35.930713</ele>
        <time>2026-09-05T13:00:53.000Z</time>
      </trkpt>
      <trkpt lat="51.905152" lon="6.202458">
        <ele>35.926518</ele>
        <time>2026-09-05T13:01:02.000Z</time>
      </trkpt>
      <trkpt lat="51.905240" lon="6.202446">
        <ele>35.922189</ele>
        <time>2026-09-05T13:01:11.000Z</time>
      </trkpt>
      <trkpt lat="51.905247" lon="6.202447">
        <ele>35.921845</ele>
        <time>2026-09-05T13:01:12.000Z</time>
      </trkpt>
      <trkpt lat="51.905334" lon="6.202460">
        <ele>35.917562</ele>
        <time>2026-09-05T13:01:19.000Z</time>
      </trkpt>
      <trkpt lat="51.905362" lon="6.202462">
        <ele>35.916188</ele>
        <time>2026-09-05T13:01:22.000Z</time>
      </trkpt>
      <trkpt lat="51.905398" lon="6.202475">
        <ele>35.914380</ele>
        <time>2026-09-05T13:01:26.000Z</time>
      </trkpt>
      <trkpt lat="51.905454" lon="6.202452">
        <ele>35.911548</ele>
        <time>2026-09-05T13:01:32.000Z</time>
      </trkpt>
      <trkpt lat="51.905532" lon="6.202358">
        <ele>35.906784</ele>
        <time>2026-09-05T13:01:41.000Z</time>
      </trkpt>
      <trkpt lat="51.905656" lon="6.202238">
        <ele>35.899704</ele>
        <time>2026-09-05T13:01:52.000Z</time>
      </trkpt>
      <trkpt lat="51.905679" lon="6.202216">
        <ele>35.799020</ele>
        <time>2026-09-05T13:01:54.000Z</time>
      </trkpt>
      <trkpt lat="51.905828" lon="6.202141">
        <ele>35.203083</ele>
        <time>2026-09-05T13:02:05.000Z</time>
      </trkpt>
      <trkpt lat="51.905842" lon="6.202135">
        <ele>35.147771</ele>
        <time>2026-09-05T13:02:06.000Z</time>
      </trkpt>
      <trkpt lat="51.905948" lon="6.202133">
        <ele>34.742862</ele>
        <time>2026-09-05T13:02:16.000Z</time>
      </trkpt>
      <trkpt lat="51.906036" lon="6.202200">
        <ele>34.371499</ele>
        <time>2026-09-05T13:02:24.000Z</time>
      </trkpt>
      <trkpt lat="51.906119" lon="6.202329">
        <ele>33.932273</ele>
        <time>2026-09-05T13:02:32.000Z</time>
      </trkpt>
      <trkpt lat="51.906217" lon="6.202435">
        <ele>33.482257</ele>
        <time>2026-09-05T13:02:42.000Z</time>
      </trkpt>
      <trkpt lat="51.906296" lon="6.202552">
        <ele>33.073513</ele>
        <time>2026-09-05T13:02:51.000Z</time>
      </trkpt>
      <trkpt lat="51.906351" lon="6.202647">
        <ele>32.766510</ele>
        <time>2026-09-05T13:02:59.000Z</time>
      </trkpt>
      <trkpt lat="51.906372" lon="6.202682">
        <ele>32.651459</ele>
        <time>2026-09-05T13:03:02.000Z</time>
      </trkpt>
      <trkpt lat="51.906440" lon="6.202744">
        <ele>32.353451</ele>
        <time>2026-09-05T13:03:10.000Z</time>
      </trkpt>
      <trkpt lat="51.906466" lon="6.202743">
        <ele>32.254113</ele>
        <time>2026-09-05T13:03:13.000Z</time>
      </trkpt>
      <trkpt lat="51.906553" lon="6.202704">
        <ele>31.909330</ele>
        <time>2026-09-05T13:03:22.000Z</time>
      </trkpt>
      <trkpt lat="51.906613" lon="6.202641">
        <ele>31.636268</ele>
        <time>2026-09-05T13:03:29.000Z</time>
      </trkpt>
      <trkpt lat="51.906634" lon="6.202613">
        <ele>31.532404</ele>
        <time>2026-09-05T13:03:32.000Z</time>
      </trkpt>
      <trkpt lat="51.906669" lon="6.202584">
        <ele>31.382263</ele>
        <time>2026-09-05T13:03:35.000Z</time>
      </trkpt>
      <trkpt lat="51.906719" lon="6.202522">
        <ele>31.141805</ele>
        <time>2026-09-05T13:03:40.000Z</time>
      </trkpt>
      <trkpt lat="51.906756" lon="6.202458">
        <ele>30.935120</ele>
        <time>2026-09-05T13:03:45.000Z</time>
      </trkpt>
      <trkpt lat="51.906773" lon="6.202435">
        <ele>30.850539</ele>
        <time>2026-09-05T13:03:48.000Z</time>
      </trkpt>
      <trkpt lat="51.906875" lon="6.202306">
        <ele>30.356374</ele>
        <time>2026-09-05T13:03:59.000Z</time>
      </trkpt>
      <trkpt lat="51.906953" lon="6.202189">
        <ele>29.950445</ele>
        <time>2026-09-05T13:04:08.000Z</time>
      </trkpt>
      <trkpt lat="51.907013" lon="6.202060">
        <ele>29.569747</ele>
        <time>2026-09-05T13:04:18.000Z</time>
      </trkpt>
      <trkpt lat="51.907084" lon="6.201950">
        <ele>29.194597</ele>
        <time>2026-09-05T13:04:25.000Z</time>
      </trkpt>
      <trkpt lat="51.907093" lon="6.201938">
        <ele>29.150084</ele>
        <time>2026-09-05T13:04:26.000Z</time>
      </trkpt>
      <trkpt lat="51.907150" lon="6.201843">
        <ele>28.911163</ele>
        <time>2026-09-05T13:04:34.000Z</time>
      </trkpt>
      <trkpt lat="51.907234" lon="6.201718">
        <ele>28.642261</ele>
        <time>2026-09-05T13:04:44.000Z</time>
      </trkpt>
      <trkpt lat="51.907283" lon="6.201664">
        <ele>28.502534</ele>
        <time>2026-09-05T13:04:49.000Z</time>
      </trkpt>
      <trkpt lat="51.907313" lon="6.201626">
        <ele>28.412751</ele>
        <time>2026-09-05T13:04:52.000Z</time>
      </trkpt>
      <trkpt lat="51.907404" lon="6.201469">
        <ele>28.099350</ele>
        <time>2026-09-05T13:05:02.000Z</time>
      </trkpt>
      <trkpt lat="51.907508" lon="6.201356">
        <ele>27.804100</ele>
        <time>2026-09-05T13:05:13.000Z</time>
      </trkpt>
      <trkpt lat="51.907554" lon="6.201287">
        <ele>27.656304</ele>
        <time>2026-09-05T13:05:19.000Z</time>
      </trkpt>
      <trkpt lat="51.907576" lon="6.201251">
        <ele>27.582586</ele>
        <time>2026-09-05T13:05:22.000Z</time>
      </trkpt>
      <trkpt lat="51.907657" lon="6.201115">
        <ele>27.307573</ele>
        <time>2026-09-05T13:05:32.000Z</time>
      </trkpt>
      <trkpt lat="51.907774" lon="6.200931">
        <ele>26.923153</ele>
        <time>2026-09-05T13:05:45.000Z</time>
      </trkpt>
      <trkpt lat="51.907829" lon="6.200861">
        <ele>26.758251</ele>
        <time>2026-09-05T13:05:51.000Z</time>
      </trkpt>
      <trkpt lat="51.907854" lon="6.200826">
        <ele>26.680352</ele>
        <time>2026-09-05T13:05:54.000Z</time>
      </trkpt>
      <trkpt lat="51.907938" lon="6.200663">
        <ele>26.371370</ele>
        <time>2026-09-05T13:06:05.000Z</time>
      </trkpt>
      <trkpt lat="51.908016" lon="6.200533">
        <ele>26.107550</ele>
        <time>2026-09-05T13:06:15.000Z</time>
      </trkpt>
      <trkpt lat="51.908076" lon="6.200424">
        <ele>25.895030</ele>
        <time>2026-09-05T13:06:23.000Z</time>
      </trkpt>
      <trkpt lat="51.908183" lon="6.200241">
        <ele>25.528226</ele>
        <time>2026-09-05T13:06:36.000Z</time>
      </trkpt>
      <trkpt lat="51.908202" lon="6.200215">
        <ele>25.469590</ele>
        <time>2026-09-05T13:06:38.000Z</time>
      </trkpt>
      <trkpt lat="51.908279" lon="6.200103">
        <ele>25.225625</ele>
        <time>2026-09-05T13:06:47.000Z</time>
      </trkpt>
      <trkpt lat="51.908332" lon="6.200027">
        <ele>25.058756</ele>
        <time>2026-09-05T13:06:54.000Z</time>
      </trkpt>
      <trkpt lat="51.908349" lon="6.200001">
        <ele>25.003640</ele>
        <time>2026-09-05T13:06:56.000Z</time>
      </trkpt>
      <trkpt lat="51.908457" lon="6.199903">
        <ele>24.763832</ele>
        <time>2026-09-05T13:07:06.000Z</time>
      </trkpt>
      <trkpt lat="51.908498" lon="6.199926">
        <ele>24.731353</ele>
        <time>2026-09-05T13:07:09.000Z</time>
      </trkpt>
      <trkpt lat="51.908549" lon="6.199968">
        <ele>24.688529</ele>
        <time>2026-09-05T13:07:14.000Z</time>
      </trkpt>
      <trkpt lat="51.908584" lon="6.199984">
        <ele>24.661306</ele>
        <time>2026-09-05T13:07:21.000Z</time>
      </trkpt>
      <trkpt lat="51.908682" lon="6.200015">
        <ele>24.586558</ele>
        <time>2026-09-05T13:07:30.000Z</time>
      </trkpt>
      <trkpt lat="51.908769" lon="6.200034">
        <ele>24.520840</ele>
        <time>2026-09-05T13:07:39.000Z</time>
      </trkpt>
      <trkpt lat="51.908853" lon="6.200060">
        <ele>24.456821</ele>
        <time>2026-09-05T13:07:47.000Z</time>
      </trkpt>
      <trkpt lat="51.908957" lon="6.200101">
        <ele>24.376696</ele>
        <time>2026-09-05T13:07:56.000Z</time>
      </trkpt>
      <trkpt lat="51.909029" lon="6.200140">
        <ele>24.319866</ele>
        <time>2026-09-05T13:08:03.000Z</time>
      </trkpt>
      <trkpt lat="51.909039" lon="6.200149">
        <ele>24.311303</ele>
        <time>2026-09-05T13:08:04.000Z</time>
      </trkpt>
      <trkpt lat="51.909105" lon="6.200283">
        <ele>24.232114</ele>
        <time>2026-09-05T13:08:11.000Z</time>
      </trkpt>
      <trkpt lat="51.909163" lon="6.200313">
        <ele>24.186538</ele>
        <time>2026-09-05T13:08:18.000Z</time>
      </trkpt>
      <trkpt lat="51.909233" lon="6.200348">
        <ele>24.131699</ele>
        <time>2026-09-05T13:08:24.000Z</time>
      </trkpt>
      <trkpt lat="51.909262" lon="6.200373">
        <ele>24.107110</ele>
        <time>2026-09-05T13:08:27.000Z</time>
      </trkpt>
      <trkpt lat="51.909357" lon="6.200437">
        <ele>24.030094</ele>
        <time>2026-09-05T13:08:36.000Z</time>
      </trkpt>
      <trkpt lat="51.909458" lon="6.200504">
        <ele>23.948398</ele>
        <time>2026-09-05T13:08:45.000Z</time>
      </trkpt>
      <trkpt lat="51.909525" lon="6.200548">
        <ele>23.894281</ele>
        <time>2026-09-05T13:08:51.000Z</time>
      </trkpt>
      <trkpt lat="51.909609" lon="6.200597">
        <ele>23.827450</ele>
        <time>2026-09-05T13:08:58.000Z</time>
      </trkpt>
      <trkpt lat="51.909729" lon="6.200679">
        <ele>23.729961</ele>
        <time>2026-09-05T13:09:10.000Z</time>
      </trkpt>
      <trkpt lat="51.909899" lon="6.200802">
        <ele>23.590596</ele>
        <time>2026-09-05T13:09:25.000Z</time>
      </trkpt>
      <trkpt lat="51.909914" lon="6.200815">
        <ele>23.577862</ele>
        <time>2026-09-05T13:09:27.000Z</time>
      </trkpt>
      <trkpt lat="51.909997" lon="6.200864">
        <ele>23.511735</ele>
        <time>2026-09-05T13:09:35.000Z</time>
      </trkpt>
      <trkpt lat="51.910116" lon="6.200942">
        <ele>23.413193</ele>
        <time>2026-09-05T13:09:45.000Z</time>
      </trkpt>
      <trkpt lat="51.910205" lon="6.201015">
        <ele>23.331465</ele>
        <time>2026-09-05T13:09:54.000Z</time>
      </trkpt>
      <trkpt lat="51.910210" lon="6.201027">
        <ele>23.324145</ele>
        <time>2026-09-05T13:09:56.000Z</time>
      </trkpt>
      <trkpt lat="51.910206" lon="6.201015">
        <ele>23.317251</ele>
        <time>2026-09-05T13:10:01.000Z</time>
      </trkpt>
      <trkpt lat="51.910205" lon="6.201012">
        <ele>23.315527</ele>
        <time>2026-09-05T13:10:02.000Z</time>
      </trkpt>
      <trkpt lat="51.910208" lon="6.201011">
        <ele>23.313018</ele>
        <time>2026-09-05T13:10:05.000Z</time>
      </trkpt>
      <trkpt lat="51.910214" lon="6.201013">
        <ele>23.307998</ele>
        <time>2026-09-05T13:10:07.000Z</time>
      </trkpt>
      <trkpt lat="51.910262" lon="6.201044">
        <ele>23.265662</ele>
        <time>2026-09-05T13:10:12.000Z</time>
      </trkpt>
      <trkpt lat="51.910281" lon="6.201060">
        <ele>23.248118</ele>
        <time>2026-09-05T13:10:14.000Z</time>
      </trkpt>
      <trkpt lat="51.910389" lon="6.201139">
        <ele>23.151033</ele>
        <time>2026-09-05T13:10:25.000Z</time>
      </trkpt>
      <trkpt lat="51.910528" lon="6.201242">
        <ele>23.025805</ele>
        <time>2026-09-05T13:10:39.000Z</time>
      </trkpt>
      <trkpt lat="51.910655" lon="6.201332">
        <ele>22.912235</ele>
        <time>2026-09-05T13:10:50.000Z</time>
      </trkpt>
      <trkpt lat="51.910747" lon="6.201405">
        <ele>22.828306</ele>
        <time>2026-09-05T13:10:59.000Z</time>
      </trkpt>
      <trkpt lat="51.910756" lon="6.201417">
        <ele>22.818758</ele>
        <time>2026-09-05T13:11:05.000Z</time>
      </trkpt>
      <trkpt lat="51.910791" lon="6.201431">
        <ele>22.789219</ele>
        <time>2026-09-05T13:11:12.000Z</time>
      </trkpt>
      <trkpt lat="51.910823" lon="6.201448">
        <ele>22.761627</ele>
        <time>2026-09-05T13:11:15.000Z</time>
      </trkpt>
      <trkpt lat="51.910904" lon="6.201499">
        <ele>22.690427</ele>
        <time>2026-09-05T13:11:22.000Z</time>
      </trkpt>
      <trkpt lat="51.911027" lon="6.201584">
        <ele>22.580868</ele>
        <time>2026-09-05T13:11:34.000Z</time>
      </trkpt>
      <trkpt lat="51.911158" lon="6.201682">
        <ele>22.462651</ele>
        <time>2026-09-05T13:11:47.000Z</time>
      </trkpt>
      <trkpt lat="51.911253" lon="6.201743">
        <ele>22.378927</ele>
        <time>2026-09-05T13:11:56.000Z</time>
      </trkpt>
      <trkpt lat="51.911382" lon="6.201818">
        <ele>22.266635</ele>
        <time>2026-09-05T13:12:07.000Z</time>
      </trkpt>
      <trkpt lat="51.911481" lon="6.201911">
        <ele>22.172881</ele>
        <time>2026-09-05T13:12:18.000Z</time>
      </trkpt>
      <trkpt lat="51.911582" lon="6.201985">
        <ele>22.082063</ele>
        <time>2026-09-05T13:12:28.000Z</time>
      </trkpt>
      <trkpt lat="51.911627" lon="6.202044">
        <ele>22.034641</ele>
        <time>2026-09-05T13:12:36.000Z</time>
      </trkpt>
      <trkpt lat="51.911637" lon="6.202046">
        <ele>22.026385</ele>
        <time>2026-09-05T13:12:40.000Z</time>
      </trkpt>
      <trkpt lat="51.911671" lon="6.202062">
        <ele>21.997376</ele>
        <time>2026-09-05T13:12:44.000Z</time>
      </trkpt>
      <trkpt lat="51.911783" lon="6.202146">
        <ele>21.938096</ele>
        <time>2026-09-05T13:12:55.000Z</time>
      </trkpt>
      <trkpt lat="51.911910" lon="6.202253">
        <ele>21.889403</ele>
        <time>2026-09-05T13:13:07.000Z</time>
      </trkpt>
      <trkpt lat="51.911962" lon="6.202292">
        <ele>21.869910</ele>
        <time>2026-09-05T13:13:12.000Z</time>
      </trkpt>
      <trkpt lat="51.912010" lon="6.202350">
        <ele>21.849543</ele>
        <time>2026-09-05T13:13:18.000Z</time>
      </trkpt>
      <trkpt lat="51.911999" lon="6.202356">
        <ele>21.845594</ele>
        <time>2026-09-05T13:13:24.000Z</time>
      </trkpt>
      <trkpt lat="51.911997" lon="6.202353">
        <ele>21.844667</ele>
        <time>2026-09-05T13:13:25.000Z</time>
      </trkpt>
      <trkpt lat="51.912011" lon="6.202362">
        <ele>21.839544</ele>
        <time>2026-09-05T13:13:28.000Z</time>
      </trkpt>
      <trkpt lat="51.912045" lon="6.202388">
        <ele>21.826754</ele>
        <time>2026-09-05T13:13:32.000Z</time>
      </trkpt>
      <trkpt lat="51.912087" lon="6.202421">
        <ele>21.810876</ele>
        <time>2026-09-05T13:13:36.000Z</time>
      </trkpt>
      <trkpt lat="51.912176" lon="6.202491">
        <ele>21.777222</ele>
        <time>2026-09-05T13:13:44.000Z</time>
      </trkpt>
      <trkpt lat="51.912303" lon="6.202590">
        <ele>21.729280</ele>
        <time>2026-09-05T13:13:55.000Z</time>
      </trkpt>
      <trkpt lat="51.912407" lon="6.202679">
        <ele>21.689271</ele>
        <time>2026-09-05T13:14:06.000Z</time>
      </trkpt>
      <trkpt lat="51.912522" lon="6.202780">
        <ele>21.644775</ele>
        <time>2026-09-05T13:14:18.000Z</time>
      </trkpt>
      <trkpt lat="51.912632" lon="6.202868">
        <ele>21.603043</ele>
        <time>2026-09-05T13:14:29.000Z</time>
      </trkpt>
      <trkpt lat="51.912732" lon="6.202951">
        <ele>21.564823</ele>
        <time>2026-09-05T13:14:39.000Z</time>
      </trkpt>
      <trkpt lat="51.912826" lon="6.203032">
        <ele>21.528606</ele>
        <time>2026-09-05T13:14:47.000Z</time>
      </trkpt>
      <trkpt lat="51.912936" lon="6.203106">
        <ele>21.488089</ele>
        <time>2026-09-05T13:14:58.000Z</time>
      </trkpt>
      <trkpt lat="51.913057" lon="6.203201">
        <ele>21.442351</ele>
        <time>2026-09-05T13:15:10.000Z</time>
      </trkpt>
      <trkpt lat="51.913190" lon="6.203303">
        <ele>21.392295</ele>
        <time>2026-09-05T13:15:22.000Z</time>
      </trkpt>
      <trkpt lat="51.913306" lon="6.203387">
        <ele>21.339131</ele>
        <time>2026-09-05T13:15:33.000Z</time>
      </trkpt>
      <trkpt lat="51.913430" lon="6.203490">
        <ele>21.222580</ele>
        <time>2026-09-05T13:15:45.000Z</time>
      </trkpt>
      <trkpt lat="51.913535" lon="6.203570">
        <ele>21.125530</ele>
        <time>2026-09-05T13:15:55.000Z</time>
      </trkpt>
      <trkpt lat="51.913617" lon="6.203625">
        <ele>21.051297</ele>
        <time>2026-09-05T13:16:03.000Z</time>
      </trkpt>
      <trkpt lat="51.913746" lon="6.203712">
        <ele>20.934422</ele>
        <time>2026-09-05T13:16:15.000Z</time>
      </trkpt>
      <trkpt lat="51.913757" lon="6.203720">
        <ele>20.924337</ele>
        <time>2026-09-05T13:16:16.000Z</time>
      </trkpt>
      <trkpt lat="51.913897" lon="6.203827">
        <ele>20.794864</ele>
        <time>2026-09-05T13:16:29.000Z</time>
      </trkpt>
      <trkpt lat="51.913996" lon="6.203899">
        <ele>20.704098</ele>
        <time>2026-09-05T13:16:39.000Z</time>
      </trkpt>
      <trkpt lat="51.913995" lon="6.203897">
        <ele>20.702770</ele>
        <time>2026-09-05T13:16:41.000Z</time>
      </trkpt>
      <trkpt lat="51.913994" lon="6.203894">
        <ele>20.701010</ele>
        <time>2026-09-05T13:16:47.000Z</time>
      </trkpt>
      <trkpt lat="51.913994" lon="6.203894">
        <ele>20.701010</ele>
        <time>2026-09-05T13:16:50.000Z</time>
      </trkpt>
      <trkpt lat="51.913994" lon="6.203894">
        <ele>20.701010</ele>
        <time>2026-09-05T13:16:55.000Z</time>
      </trkpt>
      <trkpt lat="51.914046" lon="6.203932">
        <ele>20.653297</ele>
        <time>2026-09-05T13:17:02.000Z</time>
      </trkpt>
      <trkpt lat="51.914192" lon="6.204044">
        <ele>20.518183</ele>
        <time>2026-09-05T13:17:15.000Z</time>
      </trkpt>
      <trkpt lat="51.914309" lon="6.204127">
        <ele>20.411352</ele>
        <time>2026-09-05T13:17:27.000Z</time>
      </trkpt>
      <trkpt lat="51.914332" lon="6.204144">
        <ele>20.390207</ele>
        <time>2026-09-05T13:17:29.000Z</time>
      </trkpt>
      <trkpt lat="51.914449" lon="6.204241">
        <ele>20.280280</ele>
        <time>2026-09-05T13:17:40.000Z</time>
      </trkpt>
      <trkpt lat="51.914587" lon="6.204353">
        <ele>20.151184</ele>
        <time>2026-09-05T13:17:53.000Z</time>
      </trkpt>
      <trkpt lat="51.914688" lon="6.204435">
        <ele>20.056694</ele>
        <time>2026-09-05T13:18:03.000Z</time>
      </trkpt>
      <trkpt lat="51.914720" lon="6.204460">
        <ele>20.026980</ele>
        <time>2026-09-05T13:18:06.000Z</time>
      </trkpt>
      <trkpt lat="51.914863" lon="6.204577">
        <ele>19.892988</ele>
        <time>2026-09-05T13:18:19.000Z</time>
      </trkpt>
      <trkpt lat="51.915003" lon="6.204703">
        <ele>19.832373</ele>
        <time>2026-09-05T13:18:32.000Z</time>
      </trkpt>
      <trkpt lat="51.915121" lon="6.204803">
        <ele>19.809515</ele>
        <time>2026-09-05T13:18:44.000Z</time>
      </trkpt>
      <trkpt lat="51.915269" lon="6.204930">
        <ele>19.780768</ele>
        <time>2026-09-05T13:18:58.000Z</time>
      </trkpt>
      <trkpt lat="51.915392" lon="6.205039">
        <ele>19.756704</ele>
        <time>2026-09-05T13:19:10.000Z</time>
      </trkpt>
      <trkpt lat="51.915507" lon="6.205122">
        <ele>19.735093</ele>
        <time>2026-09-05T13:19:21.000Z</time>
      </trkpt>
      <trkpt lat="51.915658" lon="6.205254">
        <ele>19.705642</ele>
        <time>2026-09-05T13:19:35.000Z</time>
      </trkpt>
      <trkpt lat="51.915817" lon="6.205359">
        <ele>19.676169</ele>
        <time>2026-09-05T13:19:49.000Z</time>
      </trkpt>
      <trkpt lat="51.915838" lon="6.205376">
        <ele>19.672139</ele>
        <time>2026-09-05T13:19:51.000Z</time>
      </trkpt>
      <trkpt lat="51.915979" lon="6.205480">
        <ele>19.645546</ele>
        <time>2026-09-05T13:20:04.000Z</time>
      </trkpt>
      <trkpt lat="51.916093" lon="6.205581">
        <ele>19.623244</ele>
        <time>2026-09-05T13:20:16.000Z</time>
      </trkpt>
      <trkpt lat="51.916191" lon="6.205636">
        <ele>19.605441</ele>
        <time>2026-09-05T13:20:26.000Z</time>
      </trkpt>
      <trkpt lat="51.916259" lon="6.205641">
        <ele>19.593755</ele>
        <time>2026-09-05T13:20:31.000Z</time>
      </trkpt>
      <trkpt lat="51.916309" lon="6.205673">
        <ele>19.584527</ele>
        <time>2026-09-05T13:20:35.000Z</time>
      </trkpt>
      <trkpt lat="51.916388" lon="6.205770">
        <ele>19.567514</ele>
        <time>2026-09-05T13:20:44.000Z</time>
      </trkpt>
      <trkpt lat="51.916433" lon="6.205836">
        <ele>19.557097</ele>
        <time>2026-09-05T13:20:49.000Z</time>
      </trkpt>
      <trkpt lat="51.916471" lon="6.205884">
        <ele>19.548827</ele>
        <time>2026-09-05T13:20:54.000Z</time>
      </trkpt>
      <trkpt lat="51.916562" lon="6.205975">
        <ele>19.562263</ele>
        <time>2026-09-05T13:21:03.000Z</time>
      </trkpt>
      <trkpt lat="51.916715" lon="6.206117">
        <ele>19.611782</ele>
        <time>2026-09-05T13:21:17.000Z</time>
      </trkpt>
      <trkpt lat="51.916847" lon="6.206252">
        <ele>19.655620</ele>
        <time>2026-09-05T13:21:30.000Z</time>
      </trkpt>
      <trkpt lat="51.916987" lon="6.206399">
        <ele>19.702470</ele>
        <time>2026-09-05T13:21:44.000Z</time>
      </trkpt>
      <trkpt lat="51.917142" lon="6.206548">
        <ele>19.753085</ele>
        <time>2026-09-05T13:21:59.000Z</time>
      </trkpt>
      <trkpt lat="51.917267" lon="6.206669">
        <ele>19.793978</ele>
        <time>2026-09-05T13:22:11.000Z</time>
      </trkpt>
      <trkpt lat="51.917346" lon="6.206744">
        <ele>19.819692</ele>
        <time>2026-09-05T13:22:19.000Z</time>
      </trkpt>
      <trkpt lat="51.917438" lon="6.206857">
        <ele>19.852112</ele>
        <time>2026-09-05T13:22:29.000Z</time>
      </trkpt>
      <trkpt lat="51.917553" lon="6.206996">
        <ele>19.892402</ele>
        <time>2026-09-05T13:22:41.000Z</time>
      </trkpt>
      <trkpt lat="51.917658" lon="6.207125">
        <ele>19.929406</ele>
        <time>2026-09-05T13:22:53.000Z</time>
      </trkpt>
      <trkpt lat="51.917748" lon="6.207228">
        <ele>19.960350</ele>
        <time>2026-09-05T13:23:05.000Z</time>
      </trkpt>
      <trkpt lat="51.917847" lon="6.207322">
        <ele>19.992575</ele>
        <time>2026-09-05T13:23:16.000Z</time>
      </trkpt>
      <trkpt lat="51.917997" lon="6.207449">
        <ele>20.040107</ele>
        <time>2026-09-05T13:23:31.000Z</time>
      </trkpt>
      <trkpt lat="51.918112" lon="6.207535">
        <ele>20.120958</ele>
        <time>2026-09-05T13:23:42.000Z</time>
      </trkpt>
      <trkpt lat="51.918124" lon="6.207540">
        <ele>20.130078</ele>
        <time>2026-09-05T13:23:43.000Z</time>
      </trkpt>
      <trkpt lat="51.918163" lon="6.207571">
        <ele>20.162052</ele>
        <time>2026-09-05T13:23:47.000Z</time>
      </trkpt>
      <trkpt lat="51.918229" lon="6.207647">
        <ele>20.221645</ele>
        <time>2026-09-05T13:23:54.000Z</time>
      </trkpt>
      <trkpt lat="51.918263" lon="6.207689">
        <ele>20.253110</ele>
        <time>2026-09-05T13:24:03.000Z</time>
      </trkpt>
      <trkpt lat="51.918268" lon="6.207692">
        <ele>20.257035</ele>
        <time>2026-09-05T13:24:08.000Z</time>
      </trkpt>
      <trkpt lat="51.918268" lon="6.207732">
        <ele>20.275196</ele>
        <time>2026-09-05T13:24:10.000Z</time>
      </trkpt>
      <trkpt lat="51.918238" lon="6.207861">
        <ele>20.337792</ele>
        <time>2026-09-05T13:24:17.000Z</time>
      </trkpt>
      <trkpt lat="51.918159" lon="6.208027">
        <ele>20.432991</ele>
        <time>2026-09-05T13:24:27.000Z</time>
      </trkpt>
      <trkpt lat="51.918085" lon="6.208221">
        <ele>20.536558</ele>
        <time>2026-09-05T13:24:39.000Z</time>
      </trkpt>
      <trkpt lat="51.918006" lon="6.208403">
        <ele>20.637606</ele>
        <time>2026-09-05T13:24:51.000Z</time>
      </trkpt>
      <trkpt lat="51.917939" lon="6.208566">
        <ele>20.726543</ele>
        <time>2026-09-05T13:25:02.000Z</time>
      </trkpt>
      <trkpt lat="51.917885" lon="6.208726">
        <ele>20.809354</ele>
        <time>2026-09-05T13:25:12.000Z</time>
      </trkpt>
      <trkpt lat="51.917857" lon="6.208789">
        <ele>20.844612</ele>
        <time>2026-09-05T13:25:17.000Z</time>
      </trkpt>
      <trkpt lat="51.917818" lon="6.208885">
        <ele>20.896805</ele>
        <time>2026-09-05T13:25:23.000Z</time>
      </trkpt>
      <trkpt lat="51.917774" lon="6.208969">
        <ele>20.946843</ele>
        <time>2026-09-05T13:25:33.000Z</time>
      </trkpt>
      <trkpt lat="51.917759" lon="6.209017">
        <ele>20.971274</ele>
        <time>2026-09-05T13:25:38.000Z</time>
      </trkpt>
      <trkpt lat="51.917746" lon="6.209047">
        <ele>20.987921</ele>
        <time>2026-09-05T13:25:40.000Z</time>
      </trkpt>
      <trkpt lat="51.917665" lon="6.209230">
        <ele>21.090192</ele>
        <time>2026-09-05T13:25:53.000Z</time>
      </trkpt>
      <trkpt lat="51.917657" lon="6.209244">
        <ele>21.098858</ele>
        <time>2026-09-05T13:25:54.000Z</time>
      </trkpt>
      <trkpt lat="51.917573" lon="6.209425">
        <ele>21.201705</ele>
        <time>2026-09-05T13:26:07.000Z</time>
      </trkpt>
      <trkpt lat="51.917527" lon="6.209545">
        <ele>21.265856</ele>
        <time>2026-09-05T13:26:15.000Z</time>
      </trkpt>
      <trkpt lat="51.917503" lon="6.209611">
        <ele>21.300643</ele>
        <time>2026-09-05T13:26:19.000Z</time>
      </trkpt>
      <trkpt lat="51.917480" lon="6.209674">
        <ele>21.333883</ele>
        <time>2026-09-05T13:26:23.000Z</time>
      </trkpt>
      <trkpt lat="51.917424" lon="6.209798">
        <ele>21.506710</ele>
        <time>2026-09-05T13:26:31.000Z</time>
      </trkpt>
      <trkpt lat="51.917369" lon="6.209918">
        <ele>21.794064</ele>
        <time>2026-09-05T13:26:40.000Z</time>
      </trkpt>
      <trkpt lat="51.917296" lon="6.210098">
        <ele>22.208119</ele>
        <time>2026-09-05T13:26:52.000Z</time>
      </trkpt>
      <trkpt lat="51.917236" lon="6.210265">
        <ele>22.579587</ele>
        <time>2026-09-05T13:27:03.000Z</time>
      </trkpt>
      <trkpt lat="51.917149" lon="6.210466">
        <ele>23.051554</ele>
        <time>2026-09-05T13:27:17.000Z</time>
      </trkpt>
      <trkpt lat="51.917106" lon="6.210574">
        <ele>23.298627</ele>
        <time>2026-09-05T13:27:25.000Z</time>
      </trkpt>
      <trkpt lat="51.917103" lon="6.210582">
        <ele>23.316622</ele>
        <time>2026-09-05T13:27:27.000Z</time>
      </trkpt>
      <trkpt lat="51.917100" lon="6.210590">
        <ele>23.334618</ele>
        <time>2026-09-05T13:27:37.000Z</time>
      </trkpt>
      <trkpt lat="51.917100" lon="6.210590">
        <ele>23.334618</ele>
        <time>2026-09-05T13:27:38.000Z</time>
      </trkpt>
      <trkpt lat="51.917089" lon="6.210591">
        <ele>23.368949</ele>
        <time>2026-09-05T13:27:44.000Z</time>
      </trkpt>
      <trkpt lat="51.917066" lon="6.210671">
        <ele>23.538598</ele>
        <time>2026-09-05T13:27:50.000Z</time>
      </trkpt>
      <trkpt lat="51.917003" lon="6.210846">
        <ele>23.928059</ele>
        <time>2026-09-05T13:28:01.000Z</time>
      </trkpt>
      <trkpt lat="51.916953" lon="6.211032">
        <ele>24.318040</ele>
        <time>2026-09-05T13:28:12.000Z</time>
      </trkpt>
      <trkpt lat="51.916931" lon="6.211111">
        <ele>24.484643</ele>
        <time>2026-09-05T13:28:17.000Z</time>
      </trkpt>
      <trkpt lat="51.916900" lon="6.211215">
        <ele>24.706656</ele>
        <time>2026-09-05T13:28:24.000Z</time>
      </trkpt>
      <trkpt lat="51.916835" lon="6.211370">
        <ele>25.066911</ele>
        <time>2026-09-05T13:28:35.000Z</time>
      </trkpt>
      <trkpt lat="51.916777" lon="6.211504">
        <ele>25.381558</ele>
        <time>2026-09-05T13:28:44.000Z</time>
      </trkpt>
      <trkpt lat="51.916761" lon="6.211546">
        <ele>25.476440</ele>
        <time>2026-09-05T13:28:47.000Z</time>
      </trkpt>
      <trkpt lat="51.916698" lon="6.211669">
        <ele>25.783741</ele>
        <time>2026-09-05T13:28:56.000Z</time>
      </trkpt>
      <trkpt lat="51.916672" lon="6.211740">
        <ele>25.942447</ele>
        <time>2026-09-05T13:29:01.000Z</time>
      </trkpt>
      <trkpt lat="51.916660" lon="6.211808">
        <ele>26.078393</ele>
        <time>2026-09-05T13:29:05.000Z</time>
      </trkpt>
      <trkpt lat="51.916654" lon="6.211872">
        <ele>26.202818</ele>
        <time>2026-09-05T13:29:09.000Z</time>
      </trkpt>
      <trkpt lat="51.916622" lon="6.211943">
        <ele>26.371836</ele>
        <time>2026-09-05T13:29:15.000Z</time>
      </trkpt>
      <trkpt lat="51.916590" lon="6.212029">
        <ele>26.564884</ele>
        <time>2026-09-05T13:29:21.000Z</time>
      </trkpt>
      <trkpt lat="51.916565" lon="6.212075">
        <ele>26.682725</ele>
        <time>2026-09-05T13:29:24.000Z</time>
      </trkpt>
      <trkpt lat="51.916556" lon="6.212091">
        <ele>26.724346</ele>
        <time>2026-09-05T13:29:25.000Z</time>
      </trkpt>
      <trkpt lat="51.916499" lon="6.212188">
        <ele>26.980043</ele>
        <time>2026-09-05T13:29:35.000Z</time>
      </trkpt>
      <trkpt lat="51.916445" lon="6.212325">
        <ele>27.183141</ele>
        <time>2026-09-05T13:29:43.000Z</time>
      </trkpt>
      <trkpt lat="51.916400" lon="6.212452">
        <ele>27.366103</ele>
        <time>2026-09-05T13:29:52.000Z</time>
      </trkpt>
      <trkpt lat="51.916395" lon="6.212462">
        <ele>27.382183</ele>
        <time>2026-09-05T13:29:53.000Z</time>
      </trkpt>
      <trkpt lat="51.916349" lon="6.212599">
        <ele>27.577037</ele>
        <time>2026-09-05T13:30:03.000Z</time>
      </trkpt>
      <trkpt lat="51.916386" lon="6.212675">
        <ele>27.697985</ele>
        <time>2026-09-05T13:30:12.000Z</time>
      </trkpt>
      <trkpt lat="51.916468" lon="6.212780">
        <ele>27.909607</ele>
        <time>2026-09-05T13:30:23.000Z</time>
      </trkpt>
      <trkpt lat="51.916566" lon="6.212863">
        <ele>28.133532</ele>
        <time>2026-09-05T13:30:33.000Z</time>
      </trkpt>
      <trkpt lat="51.916660" lon="6.212936">
        <ele>28.344619</ele>
        <time>2026-09-05T13:30:43.000Z</time>
      </trkpt>
      <trkpt lat="51.916710" lon="6.212987">
        <ele>28.464255</ele>
        <time>2026-09-05T13:30:49.000Z</time>
      </trkpt>
      <trkpt lat="51.916751" lon="6.213036">
        <ele>28.567413</ele>
        <time>2026-09-05T13:30:55.000Z</time>
      </trkpt>
      <trkpt lat="51.916775" lon="6.213062">
        <ele>28.625872</ele>
        <time>2026-09-05T13:30:58.000Z</time>
      </trkpt>
      <trkpt lat="51.916852" lon="6.213146">
        <ele>28.813833</ele>
        <time>2026-09-05T13:31:06.000Z</time>
      </trkpt>
      <trkpt lat="51.916945" lon="6.213207">
        <ele>29.017011</ele>
        <time>2026-09-05T13:31:15.000Z</time>
      </trkpt>
      <trkpt lat="51.917057" lon="6.213298">
        <ele>29.270729</ele>
        <time>2026-09-05T13:31:24.000Z</time>
      </trkpt>
      <trkpt lat="51.917155" lon="6.213420">
        <ele>29.520965</ele>
        <time>2026-09-05T13:31:35.000Z</time>
      </trkpt>
      <trkpt lat="51.917258" lon="6.213513">
        <ele>29.759733</ele>
        <time>2026-09-05T13:31:45.000Z</time>
      </trkpt>
      <trkpt lat="51.917354" lon="6.213626">
        <ele>29.999995</ele>
        <time>2026-09-05T13:31:54.000Z</time>
      </trkpt>
      <trkpt lat="51.917434" lon="6.213723">
        <ele>30.202313</ele>
        <time>2026-09-05T13:32:04.000Z</time>
      </trkpt>
      <trkpt lat="51.917494" lon="6.213773">
        <ele>30.338940</ele>
        <time>2026-09-05T13:32:13.000Z</time>
      </trkpt>
      <trkpt lat="51.917591" lon="6.213855">
        <ele>30.560490</ele>
        <time>2026-09-05T13:32:23.000Z</time>
      </trkpt>
      <trkpt lat="51.917654" lon="6.213920">
        <ele>30.627890</ele>
        <time>2026-09-05T13:32:30.000Z</time>
      </trkpt>
      <trkpt lat="51.917726" lon="6.213990">
        <ele>30.643557</ele>
        <time>2026-09-05T13:32:37.000Z</time>
      </trkpt>
      <trkpt lat="51.917742" lon="6.214005">
        <ele>30.647006</ele>
        <time>2026-09-05T13:32:39.000Z</time>
      </trkpt>
      <trkpt lat="51.917800" lon="6.214085">
        <ele>30.661216</ele>
        <time>2026-09-05T13:32:47.000Z</time>
      </trkpt>
      <trkpt lat="51.917802" lon="6.214089">
        <ele>30.661809</ele>
        <time>2026-09-05T13:32:48.000Z</time>
      </trkpt>
      <trkpt lat="51.917806" lon="6.214092">
        <ele>30.662631</ele>
        <time>2026-09-05T13:32:49.000Z</time>
      </trkpt>
      <trkpt lat="51.917830" lon="6.214114">
        <ele>30.667776</ele>
        <time>2026-09-05T13:32:52.000Z</time>
      </trkpt>
      <trkpt lat="51.917883" lon="6.214192">
        <ele>30.681134</ele>
        <time>2026-09-05T13:32:59.000Z</time>
      </trkpt>
      <trkpt lat="51.917952" lon="6.214291">
        <ele>30.698328</ele>
        <time>2026-09-05T13:33:07.000Z</time>
      </trkpt>
      <trkpt lat="51.918003" lon="6.214423">
        <ele>30.716256</ele>
        <time>2026-09-05T13:33:15.000Z</time>
      </trkpt>
      <trkpt lat="51.918039" lon="6.214601">
        <ele>30.737818</ele>
        <time>2026-09-05T13:33:25.000Z</time>
      </trkpt>
      <trkpt lat="51.918068" lon="6.214765">
        <ele>30.757455</ele>
        <time>2026-09-05T13:33:34.000Z</time>
      </trkpt>
      <trkpt lat="51.918124" lon="6.214907">
        <ele>30.776854</ele>
        <time>2026-09-05T13:33:44.000Z</time>
      </trkpt>
      <trkpt lat="51.918198" lon="6.215030">
        <ele>30.796631</ele>
        <time>2026-09-05T13:33:54.000Z</time>
      </trkpt>
      <trkpt lat="51.918266" lon="6.215162">
        <ele>30.816427</ele>
        <time>2026-09-05T13:34:02.000Z</time>
      </trkpt>
      <trkpt lat="51.918319" lon="6.215241">
        <ele>30.829862</ele>
        <time>2026-09-05T13:34:09.000Z</time>
      </trkpt>
      <trkpt lat="51.918326" lon="6.215254">
        <ele>30.831848</ele>
        <time>2026-09-05T13:34:10.000Z</time>
      </trkpt>
      <trkpt lat="51.918361" lon="6.215361">
        <ele>30.845789</ele>
        <time>2026-09-05T13:34:20.000Z</time>
      </trkpt>
      <trkpt lat="51.918456" lon="6.215529">
        <ele>30.872023</ele>
        <time>2026-09-05T13:34:31.000Z</time>
      </trkpt>
      <trkpt lat="51.918544" lon="6.215684">
        <ele>30.896270</ele>
        <time>2026-09-05T13:34:42.000Z</time>
      </trkpt>
      <trkpt lat="51.918596" lon="6.215795">
        <ele>30.912314</ele>
        <time>2026-09-05T13:34:51.000Z</time>
      </trkpt>
      <trkpt lat="51.918687" lon="6.215911">
        <ele>30.933916</ele>
        <time>2026-09-05T13:35:01.000Z</time>
      </trkpt>
      <trkpt lat="51.918769" lon="6.216050">
        <ele>30.942369</ele>
        <time>2026-09-05T13:35:10.000Z</time>
      </trkpt>
      <trkpt lat="51.918780" lon="6.216080">
        <ele>30.892627</ele>
        <time>2026-09-05T13:35:12.000Z</time>
      </trkpt>
      <trkpt lat="51.918837" lon="6.216191">
        <ele>30.686773</ele>
        <time>2026-09-05T13:35:21.000Z</time>
      </trkpt>
      <trkpt lat="51.918851" lon="6.216203">
        <ele>30.650179</ele>
        <time>2026-09-05T13:35:23.000Z</time>
      </trkpt>
      <trkpt lat="51.918947" lon="6.216232">
        <ele>30.424528</ele>
        <time>2026-09-05T13:35:32.000Z</time>
      </trkpt>
      <trkpt lat="51.918953" lon="6.216232">
        <ele>30.410664</ele>
        <time>2026-09-05T13:35:33.000Z</time>
      </trkpt>
      <trkpt lat="51.919026" lon="6.216220">
        <ele>30.241113</ele>
        <time>2026-09-05T13:35:42.000Z</time>
      </trkpt>
      <trkpt lat="51.919122" lon="6.216169">
        <ele>30.007674</ele>
        <time>2026-09-05T13:35:50.000Z</time>
      </trkpt>
      <trkpt lat="51.919247" lon="6.216111">
        <ele>29.707233</ele>
        <time>2026-09-05T13:36:01.000Z</time>
      </trkpt>
      <trkpt lat="51.919328" lon="6.216096">
        <ele>29.518844</ele>
        <time>2026-09-05T13:36:08.000Z</time>
      </trkpt>
      <trkpt lat="51.919350" lon="6.216091">
        <ele>29.467510</ele>
        <time>2026-09-05T13:36:10.000Z</time>
      </trkpt>
      <trkpt lat="51.919441" lon="6.216057">
        <ele>29.251719</ele>
        <time>2026-09-05T13:36:19.000Z</time>
      </trkpt>
      <trkpt lat="51.919484" lon="6.216049">
        <ele>29.151704</ele>
        <time>2026-09-05T13:36:26.000Z</time>
      </trkpt>
      <trkpt lat="51.919523" lon="6.216031">
        <ele>29.058004</ele>
        <time>2026-09-05T13:36:29.000Z</time>
      </trkpt>
      <trkpt lat="51.919534" lon="6.216028">
        <ele>29.032228</ele>
        <time>2026-09-05T13:36:30.000Z</time>
      </trkpt>
      <trkpt lat="51.919596" lon="6.216010">
        <ele>28.886682</ele>
        <time>2026-09-05T13:36:35.000Z</time>
      </trkpt>
      <trkpt lat="51.919683" lon="6.215971">
        <ele>28.678103</ele>
        <time>2026-09-05T13:36:44.000Z</time>
      </trkpt>
      <trkpt lat="51.919783" lon="6.215956">
        <ele>28.446040</ele>
        <time>2026-09-05T13:36:54.000Z</time>
      </trkpt>
      <trkpt lat="51.919862" lon="6.215860">
        <ele>28.217908</ele>
        <time>2026-09-05T13:37:02.000Z</time>
      </trkpt>
      <trkpt lat="51.919926" lon="6.215730">
        <ele>27.980846</ele>
        <time>2026-09-05T13:37:11.000Z</time>
      </trkpt>
      <trkpt lat="51.919941" lon="6.215664">
        <ele>27.880600</ele>
        <time>2026-09-05T13:37:14.000Z</time>
      </trkpt>
      <trkpt lat="51.919957" lon="6.215597">
        <ele>27.778205</ele>
        <time>2026-09-05T13:37:18.000Z</time>
      </trkpt>
      <trkpt lat="51.919964" lon="6.215580">
        <ele>27.749073</ele>
        <time>2026-09-05T13:37:19.000Z</time>
      </trkpt>
      <trkpt lat="51.919989" lon="6.215469">
        <ele>27.580659</ele>
        <time>2026-09-05T13:37:26.000Z</time>
      </trkpt>
      <trkpt lat="51.920000" lon="6.215424">
        <ele>27.511672</ele>
        <time>2026-09-05T13:37:29.000Z</time>
      </trkpt>
      <trkpt lat="51.920045" lon="6.215225">
        <ele>27.209597</ele>
        <time>2026-09-05T13:37:40.000Z</time>
      </trkpt>
      <trkpt lat="51.920093" lon="6.215040">
        <ele>26.923557</ele>
        <time>2026-09-05T13:37:51.000Z</time>
      </trkpt>
      <trkpt lat="51.920097" lon="6.215025">
        <ele>26.900266</ele>
        <time>2026-09-05T13:37:52.000Z</time>
      </trkpt>
      <trkpt lat="51.920139" lon="6.214896">
        <ele>26.747872</ele>
        <time>2026-09-05T13:38:00.000Z</time>
      </trkpt>
      <trkpt lat="51.920221" lon="6.214732">
        <ele>26.603911</ele>
        <time>2026-09-05T13:38:11.000Z</time>
      </trkpt>
      <trkpt lat="51.920244" lon="6.214656">
        <ele>26.546185</ele>
        <time>2026-09-05T13:38:16.000Z</time>
      </trkpt>
      <trkpt lat="51.920256" lon="6.214602">
        <ele>26.507046</ele>
        <time>2026-09-05T13:38:20.000Z</time>
      </trkpt>
      <trkpt lat="51.920307" lon="6.214458">
        <ele>26.393817</ele>
        <time>2026-09-05T13:38:29.000Z</time>
      </trkpt>
      <trkpt lat="51.920329" lon="6.214384">
        <ele>26.337801</ele>
        <time>2026-09-05T13:38:34.000Z</time>
      </trkpt>
      <trkpt lat="51.920361" lon="6.214303">
        <ele>26.272209</ele>
        <time>2026-09-05T13:38:39.000Z</time>
      </trkpt>
      <trkpt lat="51.920392" lon="6.214189">
        <ele>26.187254</ele>
        <time>2026-09-05T13:38:46.000Z</time>
      </trkpt>
      <trkpt lat="51.920396" lon="6.214172">
        <ele>26.174847</ele>
        <time>2026-09-05T13:38:47.000Z</time>
      </trkpt>
      <trkpt lat="51.920442" lon="6.214053">
        <ele>26.079082</ele>
        <time>2026-09-05T13:38:55.000Z</time>
      </trkpt>
      <trkpt lat="51.920540" lon="6.213917">
        <ele>25.936466</ele>
        <time>2026-09-05T13:39:06.000Z</time>
      </trkpt>
      <trkpt lat="51.920620" lon="6.213894">
        <ele>25.846639</ele>
        <time>2026-09-05T13:39:15.000Z</time>
      </trkpt>
      <trkpt lat="51.920721" lon="6.213997">
        <ele>25.714723</ele>
        <time>2026-09-05T13:39:23.000Z</time>
      </trkpt>
      <trkpt lat="51.920797" lon="6.214137">
        <ele>25.587548</ele>
        <time>2026-09-05T13:39:33.000Z</time>
      </trkpt>
      <trkpt lat="51.920864" lon="6.214295">
        <ele>25.456803</ele>
        <time>2026-09-05T13:39:42.000Z</time>
      </trkpt>
      <trkpt lat="51.920870" lon="6.214307">
        <ele>25.446269</ele>
        <time>2026-09-05T13:39:43.000Z</time>
      </trkpt>
      <trkpt lat="51.920917" lon="6.214395">
        <ele>25.366892</ele>
        <time>2026-09-05T13:39:50.000Z</time>
      </trkpt>
      <trkpt lat="51.921001" lon="6.214541">
        <ele>25.230746</ele>
        <time>2026-09-05T13:40:00.000Z</time>
      </trkpt>
      <trkpt lat="51.921056" lon="6.214652">
        <ele>25.133657</ele>
        <time>2026-09-05T13:40:10.000Z</time>
      </trkpt>
      <trkpt lat="51.921143" lon="6.214798">
        <ele>24.995227</ele>
        <time>2026-09-05T13:40:19.000Z</time>
      </trkpt>
      <trkpt lat="51.921180" lon="6.214906">
        <ele>24.910986</ele>
        <time>2026-09-05T13:40:28.000Z</time>
      </trkpt>
      <trkpt lat="51.921189" lon="6.214932">
        <ele>24.890656</ele>
        <time>2026-09-05T13:40:30.000Z</time>
      </trkpt>
      <trkpt lat="51.921261" lon="6.215058">
        <ele>24.821708</ele>
        <time>2026-09-05T13:40:39.000Z</time>
      </trkpt>
      <trkpt lat="51.921318" lon="6.215184">
        <ele>24.855101</ele>
        <time>2026-09-05T13:40:48.000Z</time>
      </trkpt>
      <trkpt lat="51.921359" lon="6.215247">
        <ele>24.874674</ele>
        <time>2026-09-05T13:40:57.000Z</time>
      </trkpt>
      <trkpt lat="51.921326" lon="6.215228">
        <ele>24.886807</ele>
        <time>2026-09-05T13:41:03.000Z</time>
      </trkpt>
      <trkpt lat="51.921342" lon="6.215229">
        <ele>24.892356</ele>
        <time>2026-09-05T13:41:06.000Z</time>
      </trkpt>
      <trkpt lat="51.921391" lon="6.215322">
        <ele>24.918495</ele>
        <time>2026-09-05T13:41:13.000Z</time>
      </trkpt>
      <trkpt lat="51.921444" lon="6.215432">
        <ele>24.948325</ele>
        <time>2026-09-05T13:41:21.000Z</time>
      </trkpt>
      <trkpt lat="51.921488" lon="6.215527">
        <ele>24.973713</ele>
        <time>2026-09-05T13:41:29.000Z</time>
      </trkpt>
      <trkpt lat="51.921549" lon="6.215642">
        <ele>25.006128</ele>
        <time>2026-09-05T13:41:38.000Z</time>
      </trkpt>
      <trkpt lat="51.921570" lon="6.215684">
        <ele>25.017682</ele>
        <time>2026-09-05T13:41:42.000Z</time>
      </trkpt>
      <trkpt lat="51.921623" lon="6.215765">
        <ele>25.042919</ele>
        <time>2026-09-05T13:41:49.000Z</time>
      </trkpt>
      <trkpt lat="51.921715" lon="6.215891">
        <ele>25.084647</ele>
        <time>2026-09-05T13:41:59.000Z</time>
      </trkpt>
      <trkpt lat="51.921776" lon="6.216030">
        <ele>25.121103</ele>
        <time>2026-09-05T13:42:09.000Z</time>
      </trkpt>
      <trkpt lat="51.921784" lon="6.216047">
        <ele>25.125673</ele>
        <time>2026-09-05T13:42:10.000Z</time>
      </trkpt>
      <trkpt lat="51.921813" lon="6.216159">
        <ele>25.151631</ele>
        <time>2026-09-05T13:42:18.000Z</time>
      </trkpt>
      <trkpt lat="51.921874" lon="6.216302">
        <ele>25.188787</ele>
        <time>2026-09-05T13:42:29.000Z</time>
      </trkpt>
      <trkpt lat="51.921941" lon="6.216370">
        <ele>25.216175</ele>
        <time>2026-09-05T13:42:37.000Z</time>
      </trkpt>
      <trkpt lat="51.922033" lon="6.216352">
        <ele>25.248285</ele>
        <time>2026-09-05T13:42:47.000Z</time>
      </trkpt>
      <trkpt lat="51.922094" lon="6.216364">
        <ele>25.269576</ele>
        <time>2026-09-05T13:42:56.000Z</time>
      </trkpt>
      <trkpt lat="51.922182" lon="6.216381">
        <ele>25.300284</ele>
        <time>2026-09-05T13:43:05.000Z</time>
      </trkpt>
      <trkpt lat="51.922292" lon="6.216420">
        <ele>25.339299</ele>
        <time>2026-09-05T13:43:13.000Z</time>
      </trkpt>
      <trkpt lat="51.922382" lon="6.216434">
        <ele>25.370627</ele>
        <time>2026-09-05T13:43:21.000Z</time>
      </trkpt>
      <trkpt lat="51.922400" lon="6.216439">
        <ele>25.376955</ele>
        <time>2026-09-05T13:43:23.000Z</time>
      </trkpt>
      <trkpt lat="51.922515" lon="6.216435">
        <ele>25.416811</ele>
        <time>2026-09-05T13:43:34.000Z</time>
      </trkpt>
      <trkpt lat="51.922623" lon="6.216474">
        <ele>25.353954</ele>
        <time>2026-09-05T13:43:43.000Z</time>
      </trkpt>
      <trkpt lat="51.922683" lon="6.216482">
        <ele>25.277581</ele>
        <time>2026-09-05T13:43:51.000Z</time>
      </trkpt>
      <trkpt lat="51.922704" lon="6.216480">
        <ele>25.250895</ele>
        <time>2026-09-05T13:43:53.000Z</time>
      </trkpt>
      <trkpt lat="51.922800" lon="6.216487">
        <ele>25.128986</ele>
        <time>2026-09-05T13:44:00.000Z</time>
      </trkpt>
      <trkpt lat="51.922920" lon="6.216523">
        <ele>24.974171</ele>
        <time>2026-09-05T13:44:11.000Z</time>
      </trkpt>
      <trkpt lat="51.923051" lon="6.216539">
        <ele>24.807515</ele>
        <time>2026-09-05T13:44:23.000Z</time>
      </trkpt>
      <trkpt lat="51.923159" lon="6.216560">
        <ele>24.669525</ele>
        <time>2026-09-05T13:44:31.000Z</time>
      </trkpt>
      <trkpt lat="51.923271" lon="6.216596">
        <ele>24.524677</ele>
        <time>2026-09-05T13:44:42.000Z</time>
      </trkpt>
      <trkpt lat="51.923295" lon="6.216594">
        <ele>24.494191</ele>
        <time>2026-09-05T13:44:49.000Z</time>
      </trkpt>
      <trkpt lat="51.923301" lon="6.216592">
        <ele>24.486420</ele>
        <time>2026-09-05T13:44:51.000Z</time>
      </trkpt>
      <trkpt lat="51.923354" lon="6.216646">
        <ele>24.407013</ele>
        <time>2026-09-05T13:44:57.000Z</time>
      </trkpt>
      <trkpt lat="51.923426" lon="6.216712">
        <ele>24.302089</ele>
        <time>2026-09-05T13:45:07.000Z</time>
      </trkpt>
      <trkpt lat="51.923442" lon="6.216712">
        <ele>24.281791</ele>
        <time>2026-09-05T13:45:16.000Z</time>
      </trkpt>
      <trkpt lat="51.923452" lon="6.216689">
        <ele>24.259775</ele>
        <time>2026-09-05T13:45:27.000Z</time>
      </trkpt>
      <trkpt lat="51.923445" lon="6.216671">
        <ele>24.243126</ele>
        <time>2026-09-05T13:45:37.000Z</time>
      </trkpt>
      <trkpt lat="51.923446" lon="6.216677">
        <ele>24.238264</ele>
        <time>2026-09-05T13:45:47.000Z</time>
      </trkpt>
      <trkpt lat="51.923529" lon="6.216685">
        <ele>24.132784</ele>
        <time>2026-09-05T13:45:56.000Z</time>
      </trkpt>
      <trkpt lat="51.923549" lon="6.216694">
        <ele>24.106453</ele>
        <time>2026-09-05T13:45:58.000Z</time>
      </trkpt>
      <trkpt lat="51.923618" lon="6.216722">
        <ele>24.016221</ele>
        <time>2026-09-05T13:46:05.000Z</time>
      </trkpt>
      <trkpt lat="51.923715" lon="6.216751">
        <ele>23.891093</ele>
        <time>2026-09-05T13:46:14.000Z</time>
      </trkpt>
      <trkpt lat="51.923831" lon="6.216754">
        <ele>23.743917</ele>
        <time>2026-09-05T13:46:24.000Z</time>
      </trkpt>
      <trkpt lat="51.923921" lon="6.216798">
        <ele>23.624667</ele>
        <time>2026-09-05T13:46:32.000Z</time>
      </trkpt>
      <trkpt lat="51.923988" lon="6.216809">
        <ele>23.539236</ele>
        <time>2026-09-05T13:46:37.000Z</time>
      </trkpt>
      <trkpt lat="51.924015" lon="6.216813">
        <ele>23.504842</ele>
        <time>2026-09-05T13:46:40.000Z</time>
      </trkpt>
      <trkpt lat="51.924094" lon="6.216821">
        <ele>23.404427</ele>
        <time>2026-09-05T13:46:48.000Z</time>
      </trkpt>
      <trkpt lat="51.924217" lon="6.216834">
        <ele>23.248059</ele>
        <time>2026-09-05T13:46:58.000Z</time>
      </trkpt>
      <trkpt lat="51.924331" lon="6.216850">
        <ele>23.123818</ele>
        <time>2026-09-05T13:47:08.000Z</time>
      </trkpt>
      <trkpt lat="51.924387" lon="6.216849">
        <ele>23.083235</ele>
        <time>2026-09-05T13:47:13.000Z</time>
      </trkpt>
      <trkpt lat="51.924450" lon="6.216837">
        <ele>23.037268</ele>
        <time>2026-09-05T13:47:19.000Z</time>
      </trkpt>
      <trkpt lat="51.924554" lon="6.216855">
        <ele>22.961476</ele>
        <time>2026-09-05T13:47:29.000Z</time>
      </trkpt>
      <trkpt lat="51.924660" lon="6.217020">
        <ele>22.854998</ele>
        <time>2026-09-05T13:47:38.000Z</time>
      </trkpt>
      <trkpt lat="51.924719" lon="6.217197">
        <ele>22.765083</ele>
        <time>2026-09-05T13:47:49.000Z</time>
      </trkpt>
      <trkpt lat="51.924772" lon="6.217380">
        <ele>22.674732</ele>
        <time>2026-09-05T13:47:59.000Z</time>
      </trkpt>
      <trkpt lat="51.924795" lon="6.217509">
        <ele>22.614722</ele>
        <time>2026-09-05T13:48:08.000Z</time>
      </trkpt>
      <trkpt lat="51.924841" lon="6.217653">
        <ele>22.542249</ele>
        <time>2026-09-05T13:48:17.000Z</time>
      </trkpt>
      <trkpt lat="51.924862" lon="6.217678">
        <ele>22.523370</ele>
        <time>2026-09-05T13:48:21.000Z</time>
      </trkpt>
      <trkpt lat="51.924897" lon="6.217696">
        <ele>22.496762</ele>
        <time>2026-09-05T13:48:25.000Z</time>
      </trkpt>
      <trkpt lat="51.924913" lon="6.217702">
        <ele>22.484862</ele>
        <time>2026-09-05T13:48:27.000Z</time>
      </trkpt>
      <trkpt lat="51.924927" lon="6.217701">
        <ele>22.474707</ele>
        <time>2026-09-05T13:48:29.000Z</time>
      </trkpt>
      <trkpt lat="51.924927" lon="6.217701">
        <ele>22.474707</ele>
        <time>2026-09-05T13:48:34.000Z</time>
      </trkpt>
      <trkpt lat="51.924931" lon="6.217690">
        <ele>22.469000</ele>
        <time>2026-09-05T13:48:38.000Z</time>
      </trkpt>
      <trkpt lat="51.924979" lon="6.217649">
        <ele>22.429686</ele>
        <time>2026-09-05T13:48:43.000Z</time>
      </trkpt>
      <trkpt lat="51.925065" lon="6.217555">
        <ele>22.354530</ele>
        <time>2026-09-05T13:48:53.000Z</time>
      </trkpt>
      <trkpt lat="51.925127" lon="6.217496">
        <ele>22.302436</ele>
        <time>2026-09-05T13:49:00.000Z</time>
      </trkpt>
      <trkpt lat="51.925158" lon="6.217466">
        <ele>22.276275</ele>
        <time>2026-09-05T13:49:04.000Z</time>
      </trkpt>
      <trkpt lat="51.925263" lon="6.217353">
        <ele>22.184954</ele>
        <time>2026-09-05T13:49:14.000Z</time>
      </trkpt>
      <trkpt lat="51.925295" lon="6.217327">
        <ele>22.159017</ele>
        <time>2026-09-05T13:49:18.000Z</time>
      </trkpt>
      <trkpt lat="51.925371" lon="6.217246">
        <ele>22.093113</ele>
        <time>2026-09-05T13:49:25.000Z</time>
      </trkpt>
      <trkpt lat="51.925467" lon="6.217145">
        <ele>22.010187</ele>
        <time>2026-09-05T13:49:35.000Z</time>
      </trkpt>
      <trkpt lat="51.925565" lon="6.217037">
        <ele>21.924322</ele>
        <time>2026-09-05T13:49:46.000Z</time>
      </trkpt>
      <trkpt lat="51.925678" lon="6.216962">
        <ele>21.845845</ele>
        <time>2026-09-05T13:49:56.000Z</time>
      </trkpt>
      <trkpt lat="51.925812" lon="6.216934">
        <ele>21.826593</ele>
        <time>2026-09-05T13:50:06.000Z</time>
      </trkpt>
      <trkpt lat="51.925824" lon="6.216956">
        <ele>21.824012</ele>
        <time>2026-09-05T13:50:07.000Z</time>
      </trkpt>
      <trkpt lat="51.925879" lon="6.217100">
        <ele>21.809128</ele>
        <time>2026-09-05T13:50:13.000Z</time>
      </trkpt>
      <trkpt lat="51.925915" lon="6.217231">
        <ele>21.796525</ele>
        <time>2026-09-05T13:50:21.000Z</time>
      </trkpt>
      <trkpt lat="51.926018" lon="6.217387">
        <ele>21.776442</ele>
        <time>2026-09-05T13:50:33.000Z</time>
      </trkpt>
      <trkpt lat="51.926102" lon="6.217544">
        <ele>21.758178</ele>
        <time>2026-09-05T13:50:43.000Z</time>
      </trkpt>
      <trkpt lat="51.926140" lon="6.217698">
        <ele>21.743602</ele>
        <time>2026-09-05T13:50:53.000Z</time>
      </trkpt>
      <trkpt lat="51.926179" lon="6.217772">
        <ele>21.735048</ele>
        <time>2026-09-05T13:50:58.000Z</time>
      </trkpt>
      <trkpt lat="51.926203" lon="6.217818">
        <ele>21.729754</ele>
        <time>2026-09-05T13:51:01.000Z</time>
      </trkpt>
      <trkpt lat="51.926301" lon="6.217973">
        <ele>21.710247</ele>
        <time>2026-09-05T13:51:10.000Z</time>
      </trkpt>
      <trkpt lat="51.926329" lon="6.218045">
        <ele>21.702767</ele>
        <time>2026-09-05T13:51:14.000Z</time>
      </trkpt>
      <trkpt lat="51.926369" lon="6.218130">
        <ele>21.693372</ele>
        <time>2026-09-05T13:51:20.000Z</time>
      </trkpt>
      <trkpt lat="51.926446" lon="6.218308">
        <ele>21.674266</ele>
        <time>2026-09-05T13:51:32.000Z</time>
      </trkpt>
      <trkpt lat="51.926514" lon="6.218480">
        <ele>21.656313</ele>
        <time>2026-09-05T13:51:43.000Z</time>
      </trkpt>
      <trkpt lat="51.926568" lon="6.218619">
        <ele>21.641877</ele>
        <time>2026-09-05T13:51:53.000Z</time>
      </trkpt>
      <trkpt lat="51.926628" lon="6.218753">
        <ele>21.627325</ele>
        <time>2026-09-05T13:52:02.000Z</time>
      </trkpt>
      <trkpt lat="51.926634" lon="6.218756">
        <ele>21.626431</ele>
        <time>2026-09-05T13:52:08.000Z</time>
      </trkpt>
      <trkpt lat="51.926654" lon="6.218801">
        <ele>21.621557</ele>
        <time>2026-09-05T13:52:11.000Z</time>
      </trkpt>
      <trkpt lat="51.926680" lon="6.218874">
        <ele>21.614149</ele>
        <time>2026-09-05T13:52:16.000Z</time>
      </trkpt>
      <trkpt lat="51.926740" lon="6.219021">
        <ele>21.598659</ele>
        <time>2026-09-05T13:52:25.000Z</time>
      </trkpt>
      <trkpt lat="51.926830" lon="6.219194">
        <ele>21.502619</ele>
        <time>2026-09-05T13:52:37.000Z</time>
      </trkpt>
      <trkpt lat="51.926854" lon="6.219255">
        <ele>21.459658</ele>
        <time>2026-09-05T13:52:41.000Z</time>
      </trkpt>
      <trkpt lat="51.926890" lon="6.219358">
        <ele>21.389364</ele>
        <time>2026-09-05T13:52:47.000Z</time>
      </trkpt>
      <trkpt lat="51.926908" lon="6.219407">
        <ele>21.355500</ele>
        <time>2026-09-05T13:52:50.000Z</time>
      </trkpt>
      <trkpt lat="51.926952" lon="6.219506">
        <ele>21.283045</ele>
        <time>2026-09-05T13:52:57.000Z</time>
      </trkpt>
      <trkpt lat="51.927030" lon="6.219677">
        <ele>21.156761</ele>
        <time>2026-09-05T13:53:09.000Z</time>
      </trkpt>
      <trkpt lat="51.927098" lon="6.219858">
        <ele>21.030923</ele>
        <time>2026-09-05T13:53:21.000Z</time>
      </trkpt>
      <trkpt lat="51.927173" lon="6.220000">
        <ele>20.919916</ele>
        <time>2026-09-05T13:53:31.000Z</time>
      </trkpt>
      <trkpt lat="51.927239" lon="6.220168">
        <ele>20.801648</ele>
        <time>2026-09-05T13:53:40.000Z</time>
      </trkpt>
      <trkpt lat="51.927258" lon="6.220225">
        <ele>20.763178</ele>
        <time>2026-09-05T13:53:44.000Z</time>
      </trkpt>
      <trkpt lat="51.927294" lon="6.220315">
        <ele>20.699485</ele>
        <time>2026-09-05T13:53:51.000Z</time>
      </trkpt>
      <trkpt lat="51.927304" lon="6.220337">
        <ele>20.683258</ele>
        <time>2026-09-05T13:53:55.000Z</time>
      </trkpt>
      <trkpt lat="51.927316" lon="6.220367">
        <ele>20.662028</ele>
        <time>2026-09-05T13:53:57.000Z</time>
      </trkpt>
      <trkpt lat="51.927379" lon="6.220515">
        <ele>20.555254</ele>
        <time>2026-09-05T13:54:07.000Z</time>
      </trkpt>
      <trkpt lat="51.927453" lon="6.220684">
        <ele>20.432192</ele>
        <time>2026-09-05T13:54:18.000Z</time>
      </trkpt>
      <trkpt lat="51.927509" lon="6.220807">
        <ele>20.341416</ele>
        <time>2026-09-05T13:54:26.000Z</time>
      </trkpt>
      <trkpt lat="51.927514" lon="6.220821">
        <ele>20.331811</ele>
        <time>2026-09-05T13:54:27.000Z</time>
      </trkpt>
      <trkpt lat="51.927585" lon="6.221003">
        <ele>20.203946</ele>
        <time>2026-09-05T13:54:39.000Z</time>
      </trkpt>
      <trkpt lat="51.927640" lon="6.221132">
        <ele>20.110832</ele>
        <time>2026-09-05T13:54:48.000Z</time>
      </trkpt>
      <trkpt lat="51.927665" lon="6.221200">
        <ele>20.063828</ele>
        <time>2026-09-05T13:54:52.000Z</time>
      </trkpt>
      <trkpt lat="51.927695" lon="6.221290">
        <ele>20.003086</ele>
        <time>2026-09-05T13:54:57.000Z</time>
      </trkpt>
      <trkpt lat="51.927718" lon="6.221356">
        <ele>19.958076</ele>
        <time>2026-09-05T13:55:01.000Z</time>
      </trkpt>
      <trkpt lat="51.927756" lon="6.221452">
        <ele>19.890347</ele>
        <time>2026-09-05T13:55:07.000Z</time>
      </trkpt>
      <trkpt lat="51.927841" lon="6.221636">
        <ele>19.768113</ele>
        <time>2026-09-05T13:55:18.000Z</time>
      </trkpt>
      <trkpt lat="51.927904" lon="6.221806">
        <ele>19.666144</ele>
        <time>2026-09-05T13:55:29.000Z</time>
      </trkpt>
      <trkpt lat="51.927915" lon="6.221835">
        <ele>19.648639</ele>
        <time>2026-09-05T13:55:31.000Z</time>
      </trkpt>
      <trkpt lat="51.927983" lon="6.221952">
        <ele>19.565981</ele>
        <time>2026-09-05T13:55:39.000Z</time>
      </trkpt>
      <trkpt lat="51.928049" lon="6.222096">
        <ele>19.473738</ele>
        <time>2026-09-05T13:55:48.000Z</time>
      </trkpt>
      <trkpt lat="51.928109" lon="6.222263">
        <ele>19.374371</ele>
        <time>2026-09-05T13:55:59.000Z</time>
      </trkpt>
      <trkpt lat="51.928186" lon="6.222436">
        <ele>19.264680</ele>
        <time>2026-09-05T13:56:10.000Z</time>
      </trkpt>
      <trkpt lat="51.928287" lon="6.222642">
        <ele>19.129376</ele>
        <time>2026-09-05T13:56:23.000Z</time>
      </trkpt>
      <trkpt lat="51.928339" lon="6.222763">
        <ele>19.053551</ele>
        <time>2026-09-05T13:56:31.000Z</time>
      </trkpt>
      <trkpt lat="51.928355" lon="6.222795">
        <ele>19.032371</ele>
        <time>2026-09-05T13:56:33.000Z</time>
      </trkpt>
      <trkpt lat="51.928453" lon="6.223011">
        <ele>18.894503</ele>
        <time>2026-09-05T13:56:46.000Z</time>
      </trkpt>
      <trkpt lat="51.928522" lon="6.223181">
        <ele>18.789870</ele>
        <time>2026-09-05T13:56:58.000Z</time>
      </trkpt>
      <trkpt lat="51.928625" lon="6.223407">
        <ele>18.645391</ele>
        <time>2026-09-05T13:57:12.000Z</time>
      </trkpt>
      <trkpt lat="51.928681" lon="6.223547">
        <ele>18.559599</ele>
        <time>2026-09-05T13:57:21.000Z</time>
      </trkpt>
      <trkpt lat="51.928750" lon="6.223711">
        <ele>18.457529</ele>
        <time>2026-09-05T13:57:32.000Z</time>
      </trkpt>
      <trkpt lat="51.928812" lon="6.223845">
        <ele>18.371402</ele>
        <time>2026-09-05T13:57:41.000Z</time>
      </trkpt>
      <trkpt lat="51.928884" lon="6.223985">
        <ele>18.461798</ele>
        <time>2026-09-05T13:57:50.000Z</time>
      </trkpt>
      <trkpt lat="51.928946" lon="6.224129">
        <ele>18.571822</ele>
        <time>2026-09-05T13:57:59.000Z</time>
      </trkpt>
      <trkpt lat="51.929006" lon="6.224298">
        <ele>18.693986</ele>
        <time>2026-09-05T13:58:09.000Z</time>
      </trkpt>
      <trkpt lat="51.929050" lon="6.224417">
        <ele>18.780908</ele>
        <time>2026-09-05T13:58:17.000Z</time>
      </trkpt>
      <trkpt lat="51.929062" lon="6.224516">
        <ele>18.844114</ele>
        <time>2026-09-05T13:58:22.000Z</time>
      </trkpt>
      <trkpt lat="51.929059" lon="6.224659">
        <ele>18.933748</ele>
        <time>2026-09-05T13:58:29.000Z</time>
      </trkpt>
      <trkpt lat="51.929004" lon="6.224812">
        <ele>19.044693</ele>
        <time>2026-09-05T13:58:39.000Z</time>
      </trkpt>
      <trkpt lat="51.928921" lon="6.224879">
        <ele>19.138883</ele>
        <time>2026-09-05T13:58:47.000Z</time>
      </trkpt>
      <trkpt lat="51.928841" lon="6.224935">
        <ele>19.227404</ele>
        <time>2026-09-05T13:58:54.000Z</time>
      </trkpt>
      <trkpt lat="51.928732" lon="6.225008">
        <ele>19.347211</ele>
        <time>2026-09-05T13:59:04.000Z</time>
      </trkpt>
      <trkpt lat="51.928621" lon="6.225085">
        <ele>19.469861</ele>
        <time>2026-09-05T13:59:14.000Z</time>
      </trkpt>
      <trkpt lat="51.928547" lon="6.225138">
        <ele>19.552045</ele>
        <time>2026-09-05T13:59:22.000Z</time>
      </trkpt>
      <trkpt lat="51.928424" lon="6.225210">
        <ele>19.684894</ele>
        <time>2026-09-05T13:59:34.000Z</time>
      </trkpt>
      <trkpt lat="51.928307" lon="6.225276">
        <ele>19.810742</ele>
        <time>2026-09-05T13:59:44.000Z</time>
      </trkpt>
      <trkpt lat="51.928231" lon="6.225322">
        <ele>19.893154</ele>
        <time>2026-09-05T13:59:51.000Z</time>
      </trkpt>
      <trkpt lat="51.928205" lon="6.225337">
        <ele>19.921190</ele>
        <time>2026-09-05T13:59:54.000Z</time>
      </trkpt>
      <trkpt lat="51.928119" lon="6.225389">
        <ele>20.014435</ele>
        <time>2026-09-05T14:00:03.000Z</time>
      </trkpt>
      <trkpt lat="51.928024" lon="6.225473">
        <ele>20.124361</ele>
        <time>2026-09-05T14:00:12.000Z</time>
      </trkpt>
      <trkpt lat="51.927919" lon="6.225538">
        <ele>20.274996</ele>
        <time>2026-09-05T14:00:22.000Z</time>
      </trkpt>
      <trkpt lat="51.927826" lon="6.225592">
        <ele>20.447657</ele>
        <time>2026-09-05T14:00:30.000Z</time>
      </trkpt>
      <trkpt lat="51.927739" lon="6.225637">
        <ele>20.607272</ele>
        <time>2026-09-05T14:00:38.000Z</time>
      </trkpt>
      <trkpt lat="51.927643" lon="6.225689">
        <ele>20.784184</ele>
        <time>2026-09-05T14:00:47.000Z</time>
      </trkpt>
      <trkpt lat="51.927558" lon="6.225745">
        <ele>20.944549</ele>
        <time>2026-09-05T14:00:57.000Z</time>
      </trkpt>
      <trkpt lat="51.927531" lon="6.225755">
        <ele>20.992958</ele>
        <time>2026-09-05T14:01:00.000Z</time>
      </trkpt>
      <trkpt lat="51.927477" lon="6.225787">
        <ele>21.093449</ele>
        <time>2026-09-05T14:01:05.000Z</time>
      </trkpt>
      <trkpt lat="51.927397" lon="6.225833">
        <ele>21.241811</ele>
        <time>2026-09-05T14:01:15.000Z</time>
      </trkpt>
      <trkpt lat="51.927389" lon="6.225836">
        <ele>21.256164</ele>
        <time>2026-09-05T14:01:16.000Z</time>
      </trkpt>
      <trkpt lat="51.927294" lon="6.225897">
        <ele>21.434758</ele>
        <time>2026-09-05T14:01:25.000Z</time>
      </trkpt>
      <trkpt lat="51.927178" lon="6.226002">
        <ele>21.666963</ele>
        <time>2026-09-05T14:01:36.000Z</time>
      </trkpt>
      <trkpt lat="51.927080" lon="6.226059">
        <ele>21.848942</ele>
        <time>2026-09-05T14:01:46.000Z</time>
      </trkpt>
      <trkpt lat="51.926981" lon="6.226138">
        <ele>22.041801</ele>
        <time>2026-09-05T14:01:56.000Z</time>
      </trkpt>
      <trkpt lat="51.926868" lon="6.226193">
        <ele>22.248019</ele>
        <time>2026-09-05T14:02:05.000Z</time>
      </trkpt>
      <trkpt lat="51.926776" lon="6.226243">
        <ele>22.417617</ele>
        <time>2026-09-05T14:02:14.000Z</time>
      </trkpt>
      <trkpt lat="51.926689" lon="6.226282">
        <ele>22.575388</ele>
        <time>2026-09-05T14:02:23.000Z</time>
      </trkpt>
      <trkpt lat="51.926642" lon="6.226367">
        <ele>22.698445</ele>
        <time>2026-09-05T14:02:32.000Z</time>
      </trkpt>
      <trkpt lat="51.926641" lon="6.226518">
        <ele>22.861214</ele>
        <time>2026-09-05T14:02:40.000Z</time>
      </trkpt>
      <trkpt lat="51.926686" lon="6.226706">
        <ele>23.078585</ele>
        <time>2026-09-05T14:02:51.000Z</time>
      </trkpt>
      <trkpt lat="51.926755" lon="6.226869">
        <ele>23.291690</ele>
        <time>2026-09-05T14:03:01.000Z</time>
      </trkpt>
      <trkpt lat="51.926787" lon="6.227027">
        <ele>23.491206</ele>
        <time>2026-09-05T14:03:09.000Z</time>
      </trkpt>
      <trkpt lat="51.926788" lon="6.227063">
        <ele>23.535704</ele>
        <time>2026-09-05T14:03:11.000Z</time>
      </trkpt>
      <trkpt lat="51.926802" lon="6.227145">
        <ele>23.640769</ele>
        <time>2026-09-05T14:03:17.000Z</time>
      </trkpt>
      <trkpt lat="51.926837" lon="6.227299">
        <ele>23.843436</ele>
        <time>2026-09-05T14:03:25.000Z</time>
      </trkpt>
      <trkpt lat="51.926830" lon="6.227329">
        <ele>23.883044</ele>
        <time>2026-09-05T14:03:31.000Z</time>
      </trkpt>
      <trkpt lat="51.926850" lon="6.227420">
        <ele>24.002336</ele>
        <time>2026-09-05T14:03:36.000Z</time>
      </trkpt>
      <trkpt lat="51.926885" lon="6.227557">
        <ele>24.185449</ele>
        <time>2026-09-05T14:03:45.000Z</time>
      </trkpt>
      <trkpt lat="51.926928" lon="6.227731">
        <ele>24.416919</ele>
        <time>2026-09-05T14:03:55.000Z</time>
      </trkpt>
      <trkpt lat="51.926972" lon="6.227885">
        <ele>24.626501</ele>
        <time>2026-09-05T14:04:05.000Z</time>
      </trkpt>
      <trkpt lat="51.927009" lon="6.228007">
        <ele>24.794382</ele>
        <time>2026-09-05T14:04:12.000Z</time>
      </trkpt>
      <trkpt lat="51.927019" lon="6.228039">
        <ele>24.838680</ele>
        <time>2026-09-05T14:04:14.000Z</time>
      </trkpt>
      <trkpt lat="51.926992" lon="6.228134">
        <ele>24.967847</ele>
        <time>2026-09-05T14:04:21.000Z</time>
      </trkpt>
      <trkpt lat="51.926977" lon="6.228162">
        <ele>25.013647</ele>
        <time>2026-09-05T14:04:23.000Z</time>
      </trkpt>
      <trkpt lat="51.926931" lon="6.228279">
        <ele>25.184986</ele>
        <time>2026-09-05T14:04:30.000Z</time>
      </trkpt>
      <trkpt lat="51.926875" lon="6.228397">
        <ele>25.368848</ele>
        <time>2026-09-05T14:04:39.000Z</time>
      </trkpt>
      <trkpt lat="51.926824" lon="6.228535">
        <ele>25.567512</ele>
        <time>2026-09-05T14:04:49.000Z</time>
      </trkpt>
      <trkpt lat="51.926765" lon="6.228680">
        <ele>25.782026</ele>
        <time>2026-09-05T14:04:58.000Z</time>
      </trkpt>
      <trkpt lat="51.926699" lon="6.228795">
        <ele>25.976015</ele>
        <time>2026-09-05T14:05:07.000Z</time>
      </trkpt>
      <trkpt lat="51.926643" lon="6.228922">
        <ele>26.168804</ele>
        <time>2026-09-05T14:05:16.000Z</time>
      </trkpt>
      <trkpt lat="51.926617" lon="6.229024">
        <ele>26.305093</ele>
        <time>2026-09-05T14:05:23.000Z</time>
      </trkpt>
      <trkpt lat="51.926611" lon="6.229038">
        <ele>26.326145</ele>
        <time>2026-09-05T14:05:24.000Z</time>
      </trkpt>
      <trkpt lat="51.926535" lon="6.229161">
        <ele>26.541154</ele>
        <time>2026-09-05T14:05:34.000Z</time>
      </trkpt>
      <trkpt lat="51.926462" lon="6.229337">
        <ele>26.803070</ele>
        <time>2026-09-05T14:05:45.000Z</time>
      </trkpt>
      <trkpt lat="51.926394" lon="6.229433">
        <ele>26.985426</ele>
        <time>2026-09-05T14:05:55.000Z</time>
      </trkpt>
      <trkpt lat="51.926359" lon="6.229516">
        <ele>27.114092</ele>
        <time>2026-09-05T14:06:01.000Z</time>
      </trkpt>
      <trkpt lat="51.926348" lon="6.229544">
        <ele>27.156575</ele>
        <time>2026-09-05T14:06:03.000Z</time>
      </trkpt>
      <trkpt lat="51.926268" lon="6.229688">
        <ele>27.404589</ele>
        <time>2026-09-05T14:06:12.000Z</time>
      </trkpt>
      <trkpt lat="51.926219" lon="6.229805">
        <ele>27.585568</ele>
        <time>2026-09-05T14:06:22.000Z</time>
      </trkpt>
      <trkpt lat="51.926156" lon="6.229946">
        <ele>27.808377</ele>
        <time>2026-09-05T14:06:33.000Z</time>
      </trkpt>
      <trkpt lat="51.926103" lon="6.230056">
        <ele>27.987006</ele>
        <time>2026-09-05T14:06:41.000Z</time>
      </trkpt>
      <trkpt lat="51.926063" lon="6.230153">
        <ele>28.136325</ele>
        <time>2026-09-05T14:06:48.000Z</time>
      </trkpt>
      <trkpt lat="51.926046" lon="6.230183">
        <ele>28.188461</ele>
        <time>2026-09-05T14:06:50.000Z</time>
      </trkpt>
      <trkpt lat="51.925987" lon="6.230263">
        <ele>28.348049</ele>
        <time>2026-09-05T14:06:58.000Z</time>
      </trkpt>
      <trkpt lat="51.925972" lon="6.230286">
        <ele>28.390886</ele>
        <time>2026-09-05T14:07:00.000Z</time>
      </trkpt>
      <trkpt lat="51.925911" lon="6.230419">
        <ele>28.602988</ele>
        <time>2026-09-05T14:07:10.000Z</time>
      </trkpt>
      <trkpt lat="51.925871" lon="6.230570">
        <ele>28.813286</ele>
        <time>2026-09-05T14:07:20.000Z</time>
      </trkpt>
      <trkpt lat="51.925789" lon="6.230722">
        <ele>29.071713</ele>
        <time>2026-09-05T14:07:31.000Z</time>
      </trkpt>
      <trkpt lat="51.925727" lon="6.230864">
        <ele>29.294356</ele>
        <time>2026-09-05T14:07:41.000Z</time>
      </trkpt>
      <trkpt lat="51.925712" lon="6.230895">
        <ele>29.344779</ele>
        <time>2026-09-05T14:07:43.000Z</time>
      </trkpt>
      <trkpt lat="51.925655" lon="6.230985">
        <ele>29.509864</ele>
        <time>2026-09-05T14:07:50.000Z</time>
      </trkpt>
      <trkpt lat="51.925605" lon="6.231075">
        <ele>29.664875</ele>
        <time>2026-09-05T14:07:58.000Z</time>
      </trkpt>
      <trkpt lat="51.925621" lon="6.231115">
        <ele>29.725885</ele>
        <time>2026-09-05T14:08:03.000Z</time>
      </trkpt>
      <trkpt lat="51.925675" lon="6.231141">
        <ele>29.842773</ele>
        <time>2026-09-05T14:08:08.000Z</time>
      </trkpt>
      <trkpt lat="51.925705" lon="6.231153">
        <ele>29.906890</ele>
        <time>2026-09-05T14:08:11.000Z</time>
      </trkpt>
      <trkpt lat="51.925744" lon="6.231180">
        <ele>29.994883</ele>
        <time>2026-09-05T14:08:16.000Z</time>
      </trkpt>
      <trkpt lat="51.925786" lon="6.231222">
        <ele>30.097275</ele>
        <time>2026-09-05T14:08:22.000Z</time>
      </trkpt>
      <trkpt lat="51.925827" lon="6.231246">
        <ele>30.187725</ele>
        <time>2026-09-05T14:08:27.000Z</time>
      </trkpt>
      <trkpt lat="51.925937" lon="6.231300">
        <ele>30.426210</ele>
        <time>2026-09-05T14:08:37.000Z</time>
      </trkpt>
      <trkpt lat="51.926048" lon="6.231359">
        <ele>30.674488</ele>
        <time>2026-09-05T14:08:48.000Z</time>
      </trkpt>
      <trkpt lat="51.926166" lon="6.231407">
        <ele>31.438516</ele>
        <time>2026-09-05T14:08:59.000Z</time>
      </trkpt>
      <trkpt lat="51.926269" lon="6.231576">
        <ele>32.358745</ele>
        <time>2026-09-05T14:09:08.000Z</time>
      </trkpt>
      <trkpt lat="51.926257" lon="6.231764">
        <ele>33.090732</ele>
        <time>2026-09-05T14:09:16.000Z</time>
      </trkpt>
      <trkpt lat="51.926180" lon="6.231861">
        <ele>33.703083</ele>
        <time>2026-09-05T14:09:24.000Z</time>
      </trkpt>
      <trkpt lat="51.926138" lon="6.231931">
        <ele>34.081329</ele>
        <time>2026-09-05T14:09:30.000Z</time>
      </trkpt>
      <trkpt lat="51.926101" lon="6.231986">
        <ele>34.396555</ele>
        <time>2026-09-05T14:09:34.000Z</time>
      </trkpt>
      <trkpt lat="51.926096" lon="6.231998">
        <ele>34.452644</ele>
        <time>2026-09-05T14:09:35.000Z</time>
      </trkpt>
      <trkpt lat="51.926058" lon="6.232068">
        <ele>34.813821</ele>
        <time>2026-09-05T14:09:40.000Z</time>
      </trkpt>
      <trkpt lat="51.926020" lon="6.232128">
        <ele>35.146913</ele>
        <time>2026-09-05T14:09:45.000Z</time>
      </trkpt>
      <trkpt lat="51.926012" lon="6.232140">
        <ele>35.215354</ele>
        <time>2026-09-05T14:09:46.000Z</time>
      </trkpt>
      <trkpt lat="51.925931" lon="6.232246">
        <ele>35.869040</ele>
        <time>2026-09-05T14:09:56.000Z</time>
      </trkpt>
      <trkpt lat="51.925916" lon="6.232286">
        <ele>36.050349</ele>
        <time>2026-09-05T14:09:59.000Z</time>
      </trkpt>
      <trkpt lat="51.925897" lon="6.232339">
        <ele>36.287776</ele>
        <time>2026-09-05T14:10:04.000Z</time>
      </trkpt>
      <trkpt lat="51.925872" lon="6.232379">
        <ele>36.508343</ele>
        <time>2026-09-05T14:10:08.000Z</time>
      </trkpt>
      <trkpt lat="51.925814" lon="6.232452">
        <ele>36.969441</ele>
        <time>2026-09-05T14:10:14.000Z</time>
      </trkpt>
      <trkpt lat="51.925799" lon="6.232472">
        <ele>37.091400</ele>
        <time>2026-09-05T14:10:16.000Z</time>
      </trkpt>
      <trkpt lat="51.925734" lon="6.232558">
        <ele>37.618254</ele>
        <time>2026-09-05T14:10:24.000Z</time>
      </trkpt>
      <trkpt lat="51.925722" lon="6.232581">
        <ele>37.734934</ele>
        <time>2026-09-05T14:10:26.000Z</time>
      </trkpt>
      <trkpt lat="51.925678" lon="6.232647">
        <ele>38.111359</ele>
        <time>2026-09-05T14:10:33.000Z</time>
      </trkpt>
      <trkpt lat="51.925627" lon="6.232726">
        <ele>38.554302</ele>
        <time>2026-09-05T14:10:40.000Z</time>
      </trkpt>
      <trkpt lat="51.925606" lon="6.232785">
        <ele>38.818133</ele>
        <time>2026-09-05T14:10:44.000Z</time>
      </trkpt>
      <trkpt lat="51.925525" lon="6.232911">
        <ele>39.523048</ele>
        <time>2026-09-05T14:10:54.000Z</time>
      </trkpt>
      <trkpt lat="51.925459" lon="6.233017">
        <ele>40.106436</ele>
        <time>2026-09-05T14:11:05.000Z</time>
      </trkpt>
      <trkpt lat="51.925453" lon="6.233028">
        <ele>40.163312</ele>
        <time>2026-09-05T14:11:06.000Z</time>
      </trkpt>
      <trkpt lat="51.925397" lon="6.233127">
        <ele>40.683599</ele>
        <time>2026-09-05T14:11:13.000Z</time>
      </trkpt>
      <trkpt lat="51.925369" lon="6.233164">
        <ele>40.910439</ele>
        <time>2026-09-05T14:11:17.000Z</time>
      </trkpt>
      <trkpt lat="51.925330" lon="6.233219">
        <ele>41.235038</ele>
        <time>2026-09-05T14:11:22.000Z</time>
      </trkpt>
      <trkpt lat="51.925314" lon="6.233283">
        <ele>41.502499</ele>
        <time>2026-09-05T14:11:27.000Z</time>
      </trkpt>
      <trkpt lat="51.925283" lon="6.233341">
        <ele>41.799757</ele>
        <time>2026-09-05T14:11:32.000Z</time>
      </trkpt>
      <trkpt lat="51.925222" lon="6.233400">
        <ele>42.567237</ele>
        <time>2026-09-05T14:11:39.000Z</time>
      </trkpt>
      <trkpt lat="51.925202" lon="6.233414">
        <ele>42.858744</ele>
        <time>2026-09-05T14:11:41.000Z</time>
      </trkpt>
      <trkpt lat="51.925140" lon="6.233483">
        <ele>43.865017</ele>
        <time>2026-09-05T14:11:49.000Z</time>
      </trkpt>
      <trkpt lat="51.925132" lon="6.233502">
        <ele>44.054874</ele>
        <time>2026-09-05T14:11:50.000Z</time>
      </trkpt>
      <trkpt lat="51.925083" lon="6.233618">
        <ele>45.215191</ele>
        <time>2026-09-05T14:12:00.000Z</time>
      </trkpt>
      <trkpt lat="51.925076" lon="6.233652">
        <ele>45.510997</ele>
        <time>2026-09-05T14:12:05.000Z</time>
      </trkpt>
      <trkpt lat="51.925073" lon="6.233658">
        <ele>45.574741</ele>
        <time>2026-09-05T14:12:07.000Z</time>
      </trkpt>
      <trkpt lat="51.925064" lon="6.233656">
        <ele>45.696302</ele>
        <time>2026-09-05T14:12:10.000Z</time>
      </trkpt>
      <trkpt lat="51.925020" lon="6.233694">
        <ele>46.363403</ele>
        <time>2026-09-05T14:12:17.000Z</time>
      </trkpt>
      <trkpt lat="51.925009" lon="6.233706">
        <ele>46.540813</ele>
        <time>2026-09-05T14:12:18.000Z</time>
      </trkpt>
      <trkpt lat="51.924973" lon="6.233791">
        <ele>47.391765</ele>
        <time>2026-09-05T14:12:27.000Z</time>
      </trkpt>
      <trkpt lat="51.924953" lon="6.233817">
        <ele>47.734790</ele>
        <time>2026-09-05T14:12:30.000Z</time>
      </trkpt>
      <trkpt lat="51.924928" lon="6.233871">
        <ele>48.292022</ele>
        <time>2026-09-05T14:12:36.000Z</time>
      </trkpt>
      <trkpt lat="51.924918" lon="6.233885">
        <ele>48.468814</ele>
        <time>2026-09-05T14:12:38.000Z</time>
      </trkpt>
      <trkpt lat="51.924857" lon="6.233958">
        <ele>49.483331</ele>
        <time>2026-09-05T14:12:46.000Z</time>
      </trkpt>
      <trkpt lat="51.924845" lon="6.233955">
        <ele>49.645810</ele>
        <time>2026-09-05T14:12:50.000Z</time>
      </trkpt>
      <trkpt lat="51.924839" lon="6.233964">
        <ele>49.755185</ele>
        <time>2026-09-05T14:12:53.000Z</time>
      </trkpt>
      <trkpt lat="51.924826" lon="6.234046">
        <ele>50.453890</ele>
        <time>2026-09-05T14:13:01.000Z</time>
      </trkpt>
      <trkpt lat="51.924816" lon="6.234067">
        <ele>50.672844</ele>
        <time>2026-09-05T14:13:03.000Z</time>
      </trkpt>
      <trkpt lat="51.924782" lon="6.234131">
        <ele>51.369951</ele>
        <time>2026-09-05T14:13:10.000Z</time>
      </trkpt>
      <trkpt lat="51.924724" lon="6.234229">
        <ele>52.490871</ele>
        <time>2026-09-05T14:13:20.000Z</time>
      </trkpt>
      <trkpt lat="51.924719" lon="6.234236">
        <ele>52.579267</ele>
        <time>2026-09-05T14:13:21.000Z</time>
      </trkpt>
      <trkpt lat="51.924682" lon="6.234294">
        <ele>53.267925</ele>
        <time>2026-09-05T14:13:29.000Z</time>
      </trkpt>
      <trkpt lat="51.924676" lon="6.234302">
        <ele>53.371873</ele>
        <time>2026-09-05T14:13:30.000Z</time>
      </trkpt>
      <trkpt lat="51.924635" lon="6.234358">
        <ele>54.089224</ele>
        <time>2026-09-05T14:13:38.000Z</time>
      </trkpt>
      <trkpt lat="51.924623" lon="6.234379">
        <ele>54.325487</ele>
        <time>2026-09-05T14:13:40.000Z</time>
      </trkpt>
      <trkpt lat="51.924595" lon="6.234425">
        <ele>54.858872</ele>
        <time>2026-09-05T14:13:45.000Z</time>
      </trkpt>
      <trkpt lat="51.924580" lon="6.234450">
        <ele>55.146719</ele>
        <time>2026-09-05T14:13:48.000Z</time>
      </trkpt>
      <trkpt lat="51.924565" lon="6.234477">
        <ele>55.446617</ele>
        <time>2026-09-05T14:13:53.000Z</time>
      </trkpt>
      <trkpt lat="51.924560" lon="6.234486">
        <ele>55.546583</ele>
        <time>2026-09-05T14:13:55.000Z</time>
      </trkpt>
      <trkpt lat="51.924542" lon="6.234517">
        <ele>55.897962</ele>
        <time>2026-09-05T14:14:01.000Z</time>
      </trkpt>
      <trkpt lat="51.924521" lon="6.234535">
        <ele>56.215825</ele>
        <time>2026-09-05T14:14:04.000Z</time>
      </trkpt>
      <trkpt lat="51.924509" lon="6.234552">
        <ele>56.429058</ele>
        <time>2026-09-05T14:14:06.000Z</time>
      </trkpt>
      <trkpt lat="51.924466" lon="6.234626">
        <ele>57.268130</ele>
        <time>2026-09-05T14:14:13.000Z</time>
      </trkpt>
      <trkpt lat="51.924448" lon="6.234674">
        <ele>57.731737</ele>
        <time>2026-09-05T14:14:21.000Z</time>
      </trkpt>
      <trkpt lat="51.924419" lon="6.234742">
        <ele>58.414023</ele>
        <time>2026-09-05T14:14:29.000Z</time>
      </trkpt>
      <trkpt lat="51.924390" lon="6.234792">
        <ele>58.980468</ele>
        <time>2026-09-05T14:14:36.000Z</time>
      </trkpt>
      <trkpt lat="51.924380" lon="6.234811">
        <ele>59.186606</ele>
        <time>2026-09-05T14:14:38.000Z</time>
      </trkpt>
      <trkpt lat="51.924372" lon="6.234820">
        <ele>59.316902</ele>
        <time>2026-09-05T14:14:40.000Z</time>
      </trkpt>
      <trkpt lat="51.924344" lon="6.234841">
        <ele>59.729730</ele>
        <time>2026-09-05T14:14:45.000Z</time>
      </trkpt>
      <trkpt lat="51.924340" lon="6.234830">
        <ele>59.835114</ele>
        <time>2026-09-05T14:14:52.000Z</time>
      </trkpt>
      <trkpt lat="51.924317" lon="6.234892">
        <ele>60.432209</ele>
        <time>2026-09-05T14:14:59.000Z</time>
      </trkpt>
      <trkpt lat="51.924314" lon="6.234893">
        <ele>60.473194</ele>
        <time>2026-09-05T14:15:00.000Z</time>
      </trkpt>
      <trkpt lat="51.924287" lon="6.234930">
        <ele>60.946247</ele>
        <time>2026-09-05T14:15:07.000Z</time>
      </trkpt>
      <trkpt lat="51.924283" lon="6.234937">
        <ele>61.025001</ele>
        <time>2026-09-05T14:15:09.000Z</time>
      </trkpt>
      <trkpt lat="51.924244" lon="6.235006">
        <ele>61.797410</ele>
        <time>2026-09-05T14:15:16.000Z</time>
      </trkpt>
      <trkpt lat="51.924232" lon="6.235022">
        <ele>62.005307</ele>
        <time>2026-09-05T14:15:18.000Z</time>
      </trkpt>
      <trkpt lat="51.924195" lon="6.235093">
        <ele>62.772423</ele>
        <time>2026-09-05T14:15:27.000Z</time>
      </trkpt>
      <trkpt lat="51.924166" lon="6.235139">
        <ele>63.315295</ele>
        <time>2026-09-05T14:15:32.000Z</time>
      </trkpt>
      <trkpt lat="51.924152" lon="6.235164">
        <ele>63.593977</ele>
        <time>2026-09-05T14:15:35.000Z</time>
      </trkpt>
      <trkpt lat="51.924138" lon="6.235188">
        <ele>63.866606</ele>
        <time>2026-09-05T14:15:38.000Z</time>
      </trkpt>
      <trkpt lat="51.924115" lon="6.235225">
        <ele>64.300156</ele>
        <time>2026-09-05T14:15:45.000Z</time>
      </trkpt>
      <trkpt lat="51.924109" lon="6.235247">
        <ele>64.498674</ele>
        <time>2026-09-05T14:15:54.000Z</time>
      </trkpt>
      <trkpt lat="51.924079" lon="6.235288">
        <ele>65.023698</ele>
        <time>2026-09-05T14:15:59.000Z</time>
      </trkpt>
      <trkpt lat="51.924045" lon="6.235266">
        <ele>65.513565</ele>
        <time>2026-09-05T14:16:03.000Z</time>
      </trkpt>
      <trkpt lat="51.924008" lon="6.235150">
        <ele>66.151712</ele>
        <time>2026-09-05T14:16:12.000Z</time>
      </trkpt>
      <trkpt lat="51.924007" lon="6.235087">
        <ele>66.264043</ele>
        <time>2026-09-05T14:16:20.000Z</time>
      </trkpt>
      <trkpt lat="51.924005" lon="6.235100">
        <ele>66.287925</ele>
        <time>2026-09-05T14:16:25.000Z</time>
      </trkpt>
      <trkpt lat="51.924007" lon="6.235102">
        <ele>66.294716</ele>
        <time>2026-09-05T14:16:33.000Z</time>
      </trkpt>
      <trkpt lat="51.923994" lon="6.235102">
        <ele>66.332290</ele>
        <time>2026-09-05T14:16:41.000Z</time>
      </trkpt>
      <trkpt lat="51.923989" lon="6.235101">
        <ele>66.346851</ele>
        <time>2026-09-05T14:16:42.000Z</time>
      </trkpt>
      <trkpt lat="51.923969" lon="6.235091">
        <ele>66.407342</ele>
        <time>2026-09-05T14:16:47.000Z</time>
      </trkpt>
      <trkpt lat="51.923974" lon="6.235098">
        <ele>66.426434</ele>
        <time>2026-09-05T14:16:50.000Z</time>
      </trkpt>
      <trkpt lat="51.923971" lon="6.235102">
        <ele>66.437660</ele>
        <time>2026-09-05T14:16:57.000Z</time>
      </trkpt>
      <trkpt lat="51.923969" lon="6.235094">
        <ele>66.453047</ele>
        <time>2026-09-05T14:16:58.000Z</time>
      </trkpt>
      <trkpt lat="51.923969" lon="6.235095">
        <ele>66.454829</ele>
        <time>2026-09-05T14:17:07.000Z</time>
      </trkpt>
      <trkpt lat="51.923968" lon="6.235093">
        <ele>66.459418</ele>
        <time>2026-09-05T14:17:08.000Z</time>
      </trkpt>
      <trkpt lat="51.923970" lon="6.235092">
        <ele>66.465468</ele>
        <time>2026-09-05T14:17:10.000Z</time>
      </trkpt>
      <trkpt lat="51.923979" lon="6.235142">
        <ele>66.558309</ele>
        <time>2026-09-05T14:26:46.000Z</time>
      </trkpt>
      <trkpt lat="51.923979" lon="6.235139">
        <ele>66.563656</ele>
        <time>2026-09-05T14:26:47.000Z</time>
      </trkpt>
      <trkpt lat="51.923969" lon="6.235124">
        <ele>66.603029</ele>
        <time>2026-09-05T14:26:51.000Z</time>
      </trkpt>
      <trkpt lat="51.923985" lon="6.235120">
        <ele>66.649819</ele>
        <time>2026-09-05T14:27:01.000Z</time>
      </trkpt>
      <trkpt lat="51.923997" lon="6.235120">
        <ele>66.684503</ele>
        <time>2026-09-05T14:27:13.000Z</time>
      </trkpt>
      <trkpt lat="51.923984" lon="6.235116">
        <ele>66.722747</ele>
        <time>2026-09-05T14:27:18.000Z</time>
      </trkpt>
      <trkpt lat="51.923975" lon="6.235109">
        <ele>66.751597</ele>
        <time>2026-09-05T14:27:21.000Z</time>
      </trkpt>
      <trkpt lat="51.923976" lon="6.235106">
        <ele>66.757675</ele>
        <time>2026-09-05T14:27:23.000Z</time>
      </trkpt>
      <trkpt lat="51.923982" lon="6.235103">
        <ele>66.775822</ele>
        <time>2026-09-05T14:27:26.000Z</time>
      </trkpt>
      <trkpt lat="51.923998" lon="6.235118">
        <ele>66.829239</ele>
        <time>2026-09-05T14:27:28.000Z</time>
      </trkpt>
      <trkpt lat="51.924013" lon="6.235136">
        <ele>66.883174</ele>
        <time>2026-09-05T14:27:30.000Z</time>
      </trkpt>
      <trkpt lat="51.924035" lon="6.235272">
        <ele>67.133788</ele>
        <time>2026-09-05T14:27:40.000Z</time>
      </trkpt>
      <trkpt lat="51.923994" lon="6.235414">
        <ele>67.413262</ele>
        <time>2026-09-05T14:27:49.000Z</time>
      </trkpt>
      <trkpt lat="51.923928" lon="6.235525">
        <ele>67.688096</ele>
        <time>2026-09-05T14:27:59.000Z</time>
      </trkpt>
      <trkpt lat="51.923860" lon="6.235618">
        <ele>67.945207</ele>
        <time>2026-09-05T14:28:10.000Z</time>
      </trkpt>
      <trkpt lat="51.923840" lon="6.235690">
        <ele>68.085961</ele>
        <time>2026-09-05T14:28:18.000Z</time>
      </trkpt>
      <trkpt lat="51.923840" lon="6.235703">
        <ele>68.109133</ele>
        <time>2026-09-05T14:28:20.000Z</time>
      </trkpt>
      <trkpt lat="51.923827" lon="6.235686">
        <ele>68.157403</ele>
        <time>2026-09-05T14:28:27.000Z</time>
      </trkpt>
      <trkpt lat="51.923846" lon="6.235677">
        <ele>68.214613</ele>
        <time>2026-09-05T14:28:39.000Z</time>
      </trkpt>
      <trkpt lat="51.923828" lon="6.235671">
        <ele>68.267726</ele>
        <time>2026-09-05T14:28:49.000Z</time>
      </trkpt>
      <trkpt lat="51.923776" lon="6.235778">
        <ele>68.510550</ele>
        <time>2026-09-05T14:28:58.000Z</time>
      </trkpt>
      <trkpt lat="51.923711" lon="6.235879">
        <ele>68.770750</ele>
        <time>2026-09-05T14:29:07.000Z</time>
      </trkpt>
      <trkpt lat="51.923645" lon="6.235990">
        <ele>69.045585</ele>
        <time>2026-09-05T14:29:16.000Z</time>
      </trkpt>
      <trkpt lat="51.923637" lon="6.236002">
        <ele>69.077084</ele>
        <time>2026-09-05T14:29:17.000Z</time>
      </trkpt>
      <trkpt lat="51.923585" lon="6.236090">
        <ele>69.294322</ele>
        <time>2026-09-05T14:29:26.000Z</time>
      </trkpt>
      <trkpt lat="51.923522" lon="6.236201">
        <ele>69.563211</ele>
        <time>2026-09-05T14:29:35.000Z</time>
      </trkpt>
      <trkpt lat="51.923498" lon="6.236242">
        <ele>69.663971</ele>
        <time>2026-09-05T14:29:39.000Z</time>
      </trkpt>
      <trkpt lat="51.923460" lon="6.236301">
        <ele>69.816032</ele>
        <time>2026-09-05T14:29:44.000Z</time>
      </trkpt>
      <trkpt lat="51.923403" lon="6.236398">
        <ele>70.054852</ele>
        <time>2026-09-05T14:29:52.000Z</time>
      </trkpt>
      <trkpt lat="51.923339" lon="6.236512">
        <ele>70.329639</ele>
        <time>2026-09-05T14:30:01.000Z</time>
      </trkpt>
      <trkpt lat="51.923265" lon="6.236605">
        <ele>70.600239</ele>
        <time>2026-09-05T14:30:11.000Z</time>
      </trkpt>
      <trkpt lat="51.923228" lon="6.236695">
        <ele>70.793038</ele>
        <time>2026-09-05T14:30:18.000Z</time>
      </trkpt>
      <trkpt lat="51.923214" lon="6.236715">
        <ele>70.846966</ele>
        <time>2026-09-05T14:30:20.000Z</time>
      </trkpt>
      <trkpt lat="51.923195" lon="6.236749">
        <ele>70.928749</ele>
        <time>2026-09-05T14:30:23.000Z</time>
      </trkpt>
      <trkpt lat="51.923183" lon="6.236809">
        <ele>71.041181</ele>
        <time>2026-09-05T14:30:28.000Z</time>
      </trkpt>
      <trkpt lat="51.923180" lon="6.236824">
        <ele>71.069289</ele>
        <time>2026-09-05T14:30:29.000Z</time>
      </trkpt>
      <trkpt lat="51.923177" lon="6.236845">
        <ele>71.107713</ele>
        <time>2026-09-05T14:30:31.000Z</time>
      </trkpt>
      <trkpt lat="51.923180" lon="6.236858">
        <ele>71.132454</ele>
        <time>2026-09-05T14:30:32.000Z</time>
      </trkpt>
      <trkpt lat="51.923200" lon="6.236894">
        <ele>71.218820</ele>
        <time>2026-09-05T14:30:37.000Z</time>
      </trkpt>
      <trkpt lat="51.923215" lon="6.236921">
        <ele>71.176541</ele>
        <time>2026-09-05T14:30:41.000Z</time>
      </trkpt>
      <trkpt lat="51.923243" lon="6.236941">
        <ele>71.091046</ele>
        <time>2026-09-05T14:30:45.000Z</time>
      </trkpt>
      <trkpt lat="51.923284" lon="6.236968">
        <ele>70.967392</ele>
        <time>2026-09-05T14:30:50.000Z</time>
      </trkpt>
      <trkpt lat="51.923299" lon="6.236972">
        <ele>70.924914</ele>
        <time>2026-09-05T14:30:52.000Z</time>
      </trkpt>
      <trkpt lat="51.923384" lon="6.237041">
        <ele>70.659297</ele>
        <time>2026-09-05T14:31:02.000Z</time>
      </trkpt>
      <trkpt lat="51.923409" lon="6.237056">
        <ele>70.584811</ele>
        <time>2026-09-05T14:31:04.000Z</time>
      </trkpt>
      <trkpt lat="51.923482" lon="6.237121">
        <ele>70.352096</ele>
        <time>2026-09-05T14:31:13.000Z</time>
      </trkpt>
      <trkpt lat="51.923487" lon="6.237126">
        <ele>70.335681</ele>
        <time>2026-09-05T14:31:14.000Z</time>
      </trkpt>
      <trkpt lat="51.923525" lon="6.237158">
        <ele>70.216032</ele>
        <time>2026-09-05T14:31:22.000Z</time>
      </trkpt>
      <trkpt lat="51.923545" lon="6.237169">
        <ele>70.157019</ele>
        <time>2026-09-05T14:31:24.000Z</time>
      </trkpt>
      <trkpt lat="51.923677" lon="6.237206">
        <ele>69.782701</ele>
        <time>2026-09-05T14:31:34.000Z</time>
      </trkpt>
      <trkpt lat="51.923776" lon="6.237244">
        <ele>69.498420</ele>
        <time>2026-09-05T14:31:44.000Z</time>
      </trkpt>
      <trkpt lat="51.923800" lon="6.237266">
        <ele>69.421383</ele>
        <time>2026-09-05T14:31:47.000Z</time>
      </trkpt>
      <trkpt lat="51.923847" lon="6.237294">
        <ele>69.281467</ele>
        <time>2026-09-05T14:31:51.000Z</time>
      </trkpt>
      <trkpt lat="51.923890" lon="6.237314">
        <ele>69.156467</ele>
        <time>2026-09-05T14:31:55.000Z</time>
      </trkpt>
      <trkpt lat="51.923975" lon="6.237359">
        <ele>68.906613</ele>
        <time>2026-09-05T14:32:03.000Z</time>
      </trkpt>
      <trkpt lat="51.924019" lon="6.237404">
        <ele>68.761252</ele>
        <time>2026-09-05T14:32:08.000Z</time>
      </trkpt>
      <trkpt lat="51.924064" lon="6.237441">
        <ele>68.620266</ele>
        <time>2026-09-05T14:32:13.000Z</time>
      </trkpt>
      <trkpt lat="51.924103" lon="6.237459">
        <ele>68.506960</ele>
        <time>2026-09-05T14:32:17.000Z</time>
      </trkpt>
      <trkpt lat="51.924146" lon="6.237463">
        <ele>68.386608</ele>
        <time>2026-09-05T14:32:22.000Z</time>
      </trkpt>
      <trkpt lat="51.924243" lon="6.237468">
        <ele>68.115424</ele>
        <time>2026-09-05T14:32:32.000Z</time>
      </trkpt>
      <trkpt lat="51.924251" lon="6.237470">
        <ele>68.092806</ele>
        <time>2026-09-05T14:32:33.000Z</time>
      </trkpt>
      <trkpt lat="51.924272" lon="6.237480">
        <ele>68.031647</ele>
        <time>2026-09-05T14:32:36.000Z</time>
      </trkpt>
      <trkpt lat="51.924341" lon="6.237512">
        <ele>67.831110</ele>
        <time>2026-09-05T14:32:42.000Z</time>
      </trkpt>
      <trkpt lat="51.924359" lon="6.237517">
        <ele>67.780080</ele>
        <time>2026-09-05T14:32:44.000Z</time>
      </trkpt>
      <trkpt lat="51.924414" lon="6.237525">
        <ele>67.625776</ele>
        <time>2026-09-05T14:32:51.000Z</time>
      </trkpt>
      <trkpt lat="51.924429" lon="6.237527">
        <ele>67.583721</ele>
        <time>2026-09-05T14:32:53.000Z</time>
      </trkpt>
      <trkpt lat="51.924471" lon="6.237526">
        <ele>67.466347</ele>
        <time>2026-09-05T14:32:57.000Z</time>
      </trkpt>
      <trkpt lat="51.924514" lon="6.237549">
        <ele>67.339824</ele>
        <time>2026-09-05T14:33:01.000Z</time>
      </trkpt>
      <trkpt lat="51.924525" lon="6.237555">
        <ele>67.307395</ele>
        <time>2026-09-05T14:33:03.000Z</time>
      </trkpt>
      <trkpt lat="51.924559" lon="6.237550">
        <ele>67.211999</ele>
        <time>2026-09-05T14:33:07.000Z</time>
      </trkpt>
      <trkpt lat="51.924602" lon="6.237549">
        <ele>67.091831</ele>
        <time>2026-09-05T14:33:10.000Z</time>
      </trkpt>
      <trkpt lat="51.924626" lon="6.237548">
        <ele>67.024746</ele>
        <time>2026-09-05T14:33:12.000Z</time>
      </trkpt>
      <trkpt lat="51.924670" lon="6.237546">
        <ele>66.901749</ele>
        <time>2026-09-05T14:33:17.000Z</time>
      </trkpt>
      <trkpt lat="51.924700" lon="6.237549">
        <ele>66.817760</ele>
        <time>2026-09-05T14:33:21.000Z</time>
      </trkpt>
      <trkpt lat="51.924745" lon="6.237573">
        <ele>66.685390</ele>
        <time>2026-09-05T14:33:24.000Z</time>
      </trkpt>
      <trkpt lat="51.924791" lon="6.237592">
        <ele>66.552748</ele>
        <time>2026-09-05T14:33:29.000Z</time>
      </trkpt>
      <trkpt lat="51.924834" lon="6.237602">
        <ele>66.431364</ele>
        <time>2026-09-05T14:33:36.000Z</time>
      </trkpt>
      <trkpt lat="51.924849" lon="6.237609">
        <ele>66.387748</ele>
        <time>2026-09-05T14:33:38.000Z</time>
      </trkpt>
      <trkpt lat="51.924938" lon="6.237647">
        <ele>66.040817</ele>
        <time>2026-09-05T14:33:48.000Z</time>
      </trkpt>
      <trkpt lat="51.924964" lon="6.237661">
        <ele>65.869667</ele>
        <time>2026-09-05T14:33:50.000Z</time>
      </trkpt>
      <trkpt lat="51.925082" lon="6.237713">
        <ele>65.105754</ele>
        <time>2026-09-05T14:33:59.000Z</time>
      </trkpt>
      <trkpt lat="51.925119" lon="6.237723">
        <ele>64.871417</ele>
        <time>2026-09-05T14:34:01.000Z</time>
      </trkpt>
      <trkpt lat="51.925214" lon="6.237740">
        <ele>64.274325</ele>
        <time>2026-09-05T14:34:12.000Z</time>
      </trkpt>
      <trkpt lat="51.925225" lon="6.237741">
        <ele>64.205497</ele>
        <time>2026-09-05T14:34:13.000Z</time>
      </trkpt>
      <trkpt lat="51.925319" lon="6.237764">
        <ele>63.611608</ele>
        <time>2026-09-05T14:34:22.000Z</time>
      </trkpt>
      <trkpt lat="51.925349" lon="6.237772">
        <ele>63.421673</ele>
        <time>2026-09-05T14:34:25.000Z</time>
      </trkpt>
      <trkpt lat="51.925404" lon="6.237782">
        <ele>63.075921</ele>
        <time>2026-09-05T14:34:31.000Z</time>
      </trkpt>
      <trkpt lat="51.925420" lon="6.237789">
        <ele>62.972391</ele>
        <time>2026-09-05T14:34:33.000Z</time>
      </trkpt>
      <trkpt lat="51.925507" lon="6.237787">
        <ele>62.428825</ele>
        <time>2026-09-05T14:34:41.000Z</time>
      </trkpt>
      <trkpt lat="51.925549" lon="6.237797">
        <ele>62.163627</ele>
        <time>2026-09-05T14:34:46.000Z</time>
      </trkpt>
      <trkpt lat="51.925577" lon="6.237795">
        <ele>61.988534</ele>
        <time>2026-09-05T14:34:50.000Z</time>
      </trkpt>
      <trkpt lat="51.925677" lon="6.237760">
        <ele>61.349423</ele>
        <time>2026-09-05T14:34:58.000Z</time>
      </trkpt>
      <trkpt lat="51.925788" lon="6.237767">
        <ele>60.655453</ele>
        <time>2026-09-05T14:35:08.000Z</time>
      </trkpt>
      <trkpt lat="51.925872" lon="6.237788">
        <ele>60.124484</ele>
        <time>2026-09-05T14:35:18.000Z</time>
      </trkpt>
      <trkpt lat="51.925912" lon="6.237789">
        <ele>59.874564</ele>
        <time>2026-09-05T14:35:23.000Z</time>
      </trkpt>
      <trkpt lat="51.925952" lon="6.237780">
        <ele>59.622280</ele>
        <time>2026-09-05T14:35:27.000Z</time>
      </trkpt>
      <trkpt lat="51.925970" lon="6.237785">
        <ele>59.508192</ele>
        <time>2026-09-05T14:35:29.000Z</time>
      </trkpt>
      <trkpt lat="51.926013" lon="6.237811">
        <ele>59.221493</ele>
        <time>2026-09-05T14:35:34.000Z</time>
      </trkpt>
      <trkpt lat="51.926074" lon="6.237820">
        <ele>58.838836</ele>
        <time>2026-09-05T14:35:39.000Z</time>
      </trkpt>
      <trkpt lat="51.926114" lon="6.237823">
        <ele>58.588679</ele>
        <time>2026-09-05T14:35:42.000Z</time>
      </trkpt>
      <trkpt lat="51.926135" lon="6.237827">
        <ele>58.456584</ele>
        <time>2026-09-05T14:35:44.000Z</time>
      </trkpt>
      <trkpt lat="51.926154" lon="6.237829">
        <ele>58.337637</ele>
        <time>2026-09-05T14:35:46.000Z</time>
      </trkpt>
      <trkpt lat="51.926193" lon="6.237834">
        <ele>58.093234</ele>
        <time>2026-09-05T14:35:49.000Z</time>
      </trkpt>
      <trkpt lat="51.926308" lon="6.237877">
        <ele>57.355948</ele>
        <time>2026-09-05T14:35:59.000Z</time>
      </trkpt>
      <trkpt lat="51.926372" lon="6.237944">
        <ele>56.880044</ele>
        <time>2026-09-05T14:36:07.000Z</time>
      </trkpt>
      <trkpt lat="51.926391" lon="6.237963">
        <ele>56.740591</ele>
        <time>2026-09-05T14:36:09.000Z</time>
      </trkpt>
      <trkpt lat="51.926400" lon="6.237970">
        <ele>56.678233</ele>
        <time>2026-09-05T14:36:10.000Z</time>
      </trkpt>
      <trkpt lat="51.926452" lon="6.237994">
        <ele>56.340474</ele>
        <time>2026-09-05T14:36:15.000Z</time>
      </trkpt>
      <trkpt lat="51.926484" lon="6.238008">
        <ele>56.133414</ele>
        <time>2026-09-05T14:36:17.000Z</time>
      </trkpt>
      <trkpt lat="51.926529" lon="6.238028">
        <ele>55.841920</ele>
        <time>2026-09-05T14:36:21.000Z</time>
      </trkpt>
      <trkpt lat="51.926579" lon="6.238042">
        <ele>55.524935</ele>
        <time>2026-09-05T14:36:29.000Z</time>
      </trkpt>
      <trkpt lat="51.926590" lon="6.238044">
        <ele>55.455784</ele>
        <time>2026-09-05T14:36:30.000Z</time>
      </trkpt>
      <trkpt lat="51.926629" lon="6.238065">
        <ele>55.199061</ele>
        <time>2026-09-05T14:36:34.000Z</time>
      </trkpt>
      <trkpt lat="51.926699" lon="6.238115">
        <ele>54.459616</ele>
        <time>2026-09-05T14:36:41.000Z</time>
      </trkpt>
      <trkpt lat="51.926733" lon="6.238137">
        <ele>53.987172</ele>
        <time>2026-09-05T14:36:44.000Z</time>
      </trkpt>
      <trkpt lat="51.926813" lon="6.238183">
        <ele>52.891714</ele>
        <time>2026-09-05T14:36:51.000Z</time>
      </trkpt>
      <trkpt lat="51.926844" lon="6.238203">
        <ele>52.461130</ele>
        <time>2026-09-05T14:36:54.000Z</time>
      </trkpt>
      <trkpt lat="51.926903" lon="6.238212">
        <ele>51.696320</ele>
        <time>2026-09-05T14:37:03.000Z</time>
      </trkpt>
      <trkpt lat="51.926907" lon="6.238215">
        <ele>51.639442</ele>
        <time>2026-09-05T14:37:04.000Z</time>
      </trkpt>
      <trkpt lat="51.926949" lon="6.238255">
        <ele>51.010824</ele>
        <time>2026-09-05T14:37:10.000Z</time>
      </trkpt>
      <trkpt lat="51.926963" lon="6.238273">
        <ele>50.780241</ele>
        <time>2026-09-05T14:37:13.000Z</time>
      </trkpt>
      <trkpt lat="51.926983" lon="6.238295">
        <ele>50.468342</ele>
        <time>2026-09-05T14:37:16.000Z</time>
      </trkpt>
      <trkpt lat="51.927050" lon="6.238347">
        <ele>49.509712</ele>
        <time>2026-09-05T14:37:23.000Z</time>
      </trkpt>
      <trkpt lat="51.927086" lon="6.238360">
        <ele>49.033719</ele>
        <time>2026-09-05T14:37:27.000Z</time>
      </trkpt>
      <trkpt lat="51.927119" lon="6.238377">
        <ele>48.586850</ele>
        <time>2026-09-05T14:37:33.000Z</time>
      </trkpt>
      <trkpt lat="51.927142" lon="6.238381">
        <ele>48.288312</ele>
        <time>2026-09-05T14:37:38.000Z</time>
      </trkpt>
      <trkpt lat="51.927183" lon="6.238389">
        <ele>47.755353</ele>
        <time>2026-09-05T14:37:43.000Z</time>
      </trkpt>
      <trkpt lat="51.927274" lon="6.238447">
        <ele>46.493458</ele>
        <time>2026-09-05T14:37:54.000Z</time>
      </trkpt>
      <trkpt lat="51.927282" lon="6.238458">
        <ele>46.358092</ele>
        <time>2026-09-05T14:37:55.000Z</time>
      </trkpt>
      <trkpt lat="51.927345" lon="6.238534">
        <ele>45.344716</ele>
        <time>2026-09-05T14:38:01.000Z</time>
      </trkpt>
      <trkpt lat="51.927360" lon="6.238551">
        <ele>45.108535</ele>
        <time>2026-09-05T14:38:03.000Z</time>
      </trkpt>
      <trkpt lat="51.927388" lon="6.238584">
        <ele>44.661812</ele>
        <time>2026-09-05T14:38:07.000Z</time>
      </trkpt>
      <trkpt lat="51.927440" lon="6.238630">
        <ele>43.897345</ele>
        <time>2026-09-05T14:38:13.000Z</time>
      </trkpt>
      <trkpt lat="51.927450" lon="6.238643">
        <ele>43.731935</ele>
        <time>2026-09-05T14:38:15.000Z</time>
      </trkpt>
      <trkpt lat="51.927484" lon="6.238684">
        <ele>43.185110</ele>
        <time>2026-09-05T14:38:21.000Z</time>
      </trkpt>
      <trkpt lat="51.927510" lon="6.238727">
        <ele>42.705830</ele>
        <time>2026-09-05T14:38:24.000Z</time>
      </trkpt>
      <trkpt lat="51.927547" lon="6.238779">
        <ele>42.073935</ele>
        <time>2026-09-05T14:38:29.000Z</time>
      </trkpt>
      <trkpt lat="51.927568" lon="6.238806">
        <ele>41.728063</ele>
        <time>2026-09-05T14:38:32.000Z</time>
      </trkpt>
      <trkpt lat="51.927591" lon="6.238844">
        <ele>41.304304</ele>
        <time>2026-09-05T14:38:36.000Z</time>
      </trkpt>
      <trkpt lat="51.927621" lon="6.238894">
        <ele>40.749100</ele>
        <time>2026-09-05T14:38:40.000Z</time>
      </trkpt>
      <trkpt lat="51.927650" lon="6.238929">
        <ele>40.282551</ele>
        <time>2026-09-05T14:38:44.000Z</time>
      </trkpt>
      <trkpt lat="51.927655" lon="6.238934">
        <ele>40.206739</ele>
        <time>2026-09-05T14:38:45.000Z</time>
      </trkpt>
      <trkpt lat="51.927712" lon="6.238991">
        <ele>39.342478</ele>
        <time>2026-09-05T14:38:52.000Z</time>
      </trkpt>
      <trkpt lat="51.927736" lon="6.239026">
        <ele>38.925910</ele>
        <time>2026-09-05T14:38:55.000Z</time>
      </trkpt>
      <trkpt lat="51.927770" lon="6.239084">
        <ele>38.289032</ele>
        <time>2026-09-05T14:39:00.000Z</time>
      </trkpt>
      <trkpt lat="51.927813" lon="6.239134">
        <ele>37.606157</ele>
        <time>2026-09-05T14:39:04.000Z</time>
      </trkpt>
      <trkpt lat="51.927830" lon="6.239159">
        <ele>37.309977</ele>
        <time>2026-09-05T14:39:06.000Z</time>
      </trkpt>
      <trkpt lat="51.927863" lon="6.239210">
        <ele>36.721652</ele>
        <time>2026-09-05T14:39:12.000Z</time>
      </trkpt>
      <trkpt lat="51.927868" lon="6.239219">
        <ele>36.625244</ele>
        <time>2026-09-05T14:39:13.000Z</time>
      </trkpt>
      <trkpt lat="51.927901" lon="6.239285">
        <ele>35.949017</ele>
        <time>2026-09-05T14:39:19.000Z</time>
      </trkpt>
      <trkpt lat="51.927937" lon="6.239328">
        <ele>35.371976</ele>
        <time>2026-09-05T14:39:23.000Z</time>
      </trkpt>
      <trkpt lat="51.927983" lon="6.239365">
        <ele>34.709289</ele>
        <time>2026-09-05T14:39:28.000Z</time>
      </trkpt>
      <trkpt lat="51.927996" lon="6.239367">
        <ele>34.540759</ele>
        <time>2026-09-05T14:39:32.000Z</time>
      </trkpt>
      <trkpt lat="51.928039" lon="6.239409">
        <ele>33.892916</ele>
        <time>2026-09-05T14:39:38.000Z</time>
      </trkpt>
      <trkpt lat="51.928053" lon="6.239434">
        <ele>33.624156</ele>
        <time>2026-09-05T14:39:40.000Z</time>
      </trkpt>
      <trkpt lat="51.928134" lon="6.239561">
        <ele>32.170067</ele>
        <time>2026-09-05T14:39:50.000Z</time>
      </trkpt>
      <trkpt lat="51.928140" lon="6.239580">
        <ele>32.000183</ele>
        <time>2026-09-05T14:39:51.000Z</time>
      </trkpt>
      <trkpt lat="51.928133" lon="6.239606">
        <ele>31.774402</ele>
        <time>2026-09-05T14:39:56.000Z</time>
      </trkpt>
      <trkpt lat="51.928131" lon="6.239702">
        <ele>31.706574</ele>
        <time>2026-09-05T14:40:02.000Z</time>
      </trkpt>
      <trkpt lat="51.928085" lon="6.239712">
        <ele>31.668768</ele>
        <time>2026-09-05T14:40:08.000Z</time>
      </trkpt>
      <trkpt lat="51.928099" lon="6.239672">
        <ele>31.645665</ele>
        <time>2026-09-05T14:40:15.000Z</time>
      </trkpt>
      <trkpt lat="51.928109" lon="6.239661">
        <ele>31.635822</ele>
        <time>2026-09-05T14:40:16.000Z</time>
      </trkpt>
      <trkpt lat="51.928205" lon="6.239700">
        <ele>31.555206</ele>
        <time>2026-09-05T14:40:24.000Z</time>
      </trkpt>
      <trkpt lat="51.928219" lon="6.239855">
        <ele>31.476517</ele>
        <time>2026-09-05T14:40:32.000Z</time>
      </trkpt>
      <trkpt lat="51.928161" lon="6.239957">
        <ele>31.406823</ele>
        <time>2026-09-05T14:40:40.000Z</time>
      </trkpt>
      <trkpt lat="51.928100" lon="6.240053">
        <ele>31.337582</ele>
        <time>2026-09-05T14:40:47.000Z</time>
      </trkpt>
      <trkpt lat="51.928080" lon="6.240091">
        <ele>31.312487</ele>
        <time>2026-09-05T14:40:50.000Z</time>
      </trkpt>
      <trkpt lat="51.928028" lon="6.240163">
        <ele>31.256789</ele>
        <time>2026-09-05T14:40:58.000Z</time>
      </trkpt>
      <trkpt lat="51.928021" lon="6.240175">
        <ele>31.248492</ele>
        <time>2026-09-05T14:40:59.000Z</time>
      </trkpt>
      <trkpt lat="51.927975" lon="6.240241">
        <ele>31.198461</ele>
        <time>2026-09-05T14:41:08.000Z</time>
      </trkpt>
      <trkpt lat="51.927975" lon="6.240239">
        <ele>31.197456</ele>
        <time>2026-09-05T14:41:09.000Z</time>
      </trkpt>
      <trkpt lat="51.927972" lon="6.240238">
        <ele>31.194961</ele>
        <time>2026-09-05T14:41:13.000Z</time>
      </trkpt>
      <trkpt lat="51.927958" lon="6.240261">
        <ele>31.178727</ele>
        <time>2026-09-05T14:41:20.000Z</time>
      </trkpt>
      <trkpt lat="51.927945" lon="6.240291">
        <ele>31.160309</ele>
        <time>2026-09-05T14:41:26.000Z</time>
      </trkpt>
      <trkpt lat="51.927938" lon="6.240308">
        <ele>31.150041</ele>
        <time>2026-09-05T14:41:28.000Z</time>
      </trkpt>
      <trkpt lat="51.927931" lon="6.240317">
        <ele>31.142765</ele>
        <time>2026-09-05T14:41:29.000Z</time>
      </trkpt>
      <trkpt lat="51.927895" lon="6.240369">
        <ele>31.103494</ele>
        <time>2026-09-05T14:41:34.000Z</time>
      </trkpt>
      <trkpt lat="51.927853" lon="6.240446">
        <ele>31.051856</ele>
        <time>2026-09-05T14:41:41.000Z</time>
      </trkpt>
      <trkpt lat="51.927797" lon="6.240547">
        <ele>30.983630</ele>
        <time>2026-09-05T14:41:50.000Z</time>
      </trkpt>
      <trkpt lat="51.927711" lon="6.240696">
        <ele>30.881115</ele>
        <time>2026-09-05T14:42:02.000Z</time>
      </trkpt>
      <trkpt lat="51.927664" lon="6.240784">
        <ele>30.822637</ele>
        <time>2026-09-05T14:42:09.000Z</time>
      </trkpt>
      <trkpt lat="51.927648" lon="6.240844">
        <ele>30.789800</ele>
        <time>2026-09-05T14:42:13.000Z</time>
      </trkpt>
      <trkpt lat="51.927619" lon="6.240900">
        <ele>30.753067</ele>
        <time>2026-09-05T14:42:17.000Z</time>
      </trkpt>
      <trkpt lat="51.927568" lon="6.240998">
        <ele>30.688653</ele>
        <time>2026-09-05T14:42:25.000Z</time>
      </trkpt>
      <trkpt lat="51.927538" lon="6.241062">
        <ele>30.648271</ele>
        <time>2026-09-05T14:42:30.000Z</time>
      </trkpt>
      <trkpt lat="51.927503" lon="6.241113">
        <ele>30.609942</ele>
        <time>2026-09-05T14:42:35.000Z</time>
      </trkpt>
      <trkpt lat="51.927428" lon="6.241230">
        <ele>30.525169</ele>
        <time>2026-09-05T14:42:46.000Z</time>
      </trkpt>
      <trkpt lat="51.927411" lon="6.241257">
        <ele>30.505786</ele>
        <time>2026-09-05T14:42:48.000Z</time>
      </trkpt>
      <trkpt lat="51.927372" lon="6.241308">
        <ele>30.464975</ele>
        <time>2026-09-05T14:42:53.000Z</time>
      </trkpt>
      <trkpt lat="51.927350" lon="6.241336">
        <ele>30.442194</ele>
        <time>2026-09-05T14:42:56.000Z</time>
      </trkpt>
      <trkpt lat="51.927308" lon="6.241419">
        <ele>30.388261</ele>
        <time>2026-09-05T14:43:03.000Z</time>
      </trkpt>
      <trkpt lat="51.927291" lon="6.241451">
        <ele>30.367045</ele>
        <time>2026-09-05T14:43:05.000Z</time>
      </trkpt>
      <trkpt lat="51.927285" lon="6.241463">
        <ele>30.359284</ele>
        <time>2026-09-05T14:43:06.000Z</time>
      </trkpt>
      <trkpt lat="51.927261" lon="6.241483">
        <ele>30.337304</ele>
        <time>2026-09-05T14:43:13.000Z</time>
      </trkpt>
      <trkpt lat="51.927231" lon="6.241541">
        <ele>30.299278</ele>
        <time>2026-09-05T14:43:20.000Z</time>
      </trkpt>
      <trkpt lat="51.927175" lon="6.241606">
        <ele>30.380164</ele>
        <time>2026-09-05T14:43:27.000Z</time>
      </trkpt>
      <trkpt lat="51.927132" lon="6.241656">
        <ele>30.467726</ele>
        <time>2026-09-05T14:43:32.000Z</time>
      </trkpt>
      <trkpt lat="51.927055" lon="6.241762">
        <ele>30.634872</ele>
        <time>2026-09-05T14:43:42.000Z</time>
      </trkpt>
      <trkpt lat="51.927011" lon="6.241843">
        <ele>30.745029</ele>
        <time>2026-09-05T14:43:49.000Z</time>
      </trkpt>
      <trkpt lat="51.926984" lon="6.241899">
        <ele>30.817570</ele>
        <time>2026-09-05T14:43:53.000Z</time>
      </trkpt>
      <trkpt lat="51.926925" lon="6.242018">
        <ele>30.973391</ele>
        <time>2026-09-05T14:44:01.000Z</time>
      </trkpt>
      <trkpt lat="51.926866" lon="6.242117">
        <ele>31.113889</ele>
        <time>2026-09-05T14:44:09.000Z</time>
      </trkpt>
      <trkpt lat="51.926853" lon="6.242142">
        <ele>31.147261</ele>
        <time>2026-09-05T14:44:11.000Z</time>
      </trkpt>
      <trkpt lat="51.926791" lon="6.242252">
        <ele>31.299340</ele>
        <time>2026-09-05T14:44:19.000Z</time>
      </trkpt>
      <trkpt lat="51.926762" lon="6.242281">
        <ele>31.355722</ele>
        <time>2026-09-05T14:44:22.000Z</time>
      </trkpt>
      <trkpt lat="51.926721" lon="6.242310">
        <ele>31.429745</ele>
        <time>2026-09-05T14:44:26.000Z</time>
      </trkpt>
      <trkpt lat="51.926671" lon="6.242322">
        <ele>31.513389</ele>
        <time>2026-09-05T14:44:30.000Z</time>
      </trkpt>
      <trkpt lat="51.926638" lon="6.242328">
        <ele>31.568341</ele>
        <time>2026-09-05T14:44:33.000Z</time>
      </trkpt>
      <trkpt lat="51.926544" lon="6.242409">
        <ele>31.744496</ele>
        <time>2026-09-05T14:44:44.000Z</time>
      </trkpt>
      <trkpt lat="51.926484" lon="6.242495">
        <ele>31.877014</ele>
        <time>2026-09-05T14:44:53.000Z</time>
      </trkpt>
      <trkpt lat="51.926455" lon="6.242506">
        <ele>31.926300</ele>
        <time>2026-09-05T14:44:56.000Z</time>
      </trkpt>
      <trkpt lat="51.926376" lon="6.242571">
        <ele>32.072900</ele>
        <time>2026-09-05T14:45:02.000Z</time>
      </trkpt>
      <trkpt lat="51.926305" lon="6.242656">
        <ele>32.218945</ele>
        <time>2026-09-05T14:45:09.000Z</time>
      </trkpt>
      <trkpt lat="51.926275" lon="6.242687">
        <ele>32.277814</ele>
        <time>2026-09-05T14:45:12.000Z</time>
      </trkpt>
      <trkpt lat="51.926184" lon="6.242762">
        <ele>32.446740</ele>
        <time>2026-09-05T14:45:23.000Z</time>
      </trkpt>
      <trkpt lat="51.926086" lon="6.242893">
        <ele>32.656914</ele>
        <time>2026-09-05T14:45:34.000Z</time>
      </trkpt>
      <trkpt lat="51.925997" lon="6.242976">
        <ele>32.826815</ele>
        <time>2026-09-05T14:45:43.000Z</time>
      </trkpt>
      <trkpt lat="51.925959" lon="6.242994">
        <ele>32.892328</ele>
        <time>2026-09-05T14:45:47.000Z</time>
      </trkpt>
      <trkpt lat="51.925892" lon="6.243064">
        <ele>33.024223</ele>
        <time>2026-09-05T14:45:53.000Z</time>
      </trkpt>
      <trkpt lat="51.925810" lon="6.243105">
        <ele>33.166226</ele>
        <time>2026-09-05T14:46:02.000Z</time>
      </trkpt>
      <trkpt lat="51.925747" lon="6.243039">
        <ele>33.290692</ele>
        <time>2026-09-05T14:46:10.000Z</time>
      </trkpt>
      <trkpt lat="51.925675" lon="6.242953">
        <ele>33.440685</ele>
        <time>2026-09-05T14:46:19.000Z</time>
      </trkpt>
      <trkpt lat="51.925661" lon="6.242933">
        <ele>33.471980</ele>
        <time>2026-09-05T14:46:21.000Z</time>
      </trkpt>
      <trkpt lat="51.925636" lon="6.242867">
        <ele>33.552098</ele>
        <time>2026-09-05T14:46:25.000Z</time>
      </trkpt>
      <trkpt lat="51.925616" lon="6.242819">
        <ele>33.612019</ele>
        <time>2026-09-05T14:46:28.000Z</time>
      </trkpt>
      <trkpt lat="51.925603" lon="6.242789">
        <ele>33.649945</ele>
        <time>2026-09-05T14:46:30.000Z</time>
      </trkpt>
      <trkpt lat="51.925585" lon="6.242746">
        <ele>33.703702</ele>
        <time>2026-09-05T14:46:34.000Z</time>
      </trkpt>
      <trkpt lat="51.925574" lon="6.242703">
        <ele>33.751856</ele>
        <time>2026-09-05T14:46:38.000Z</time>
      </trkpt>
      <trkpt lat="51.925559" lon="6.242656">
        <ele>33.806596</ele>
        <time>2026-09-05T14:46:42.000Z</time>
      </trkpt>
      <trkpt lat="51.925520" lon="6.242598">
        <ele>33.895356</ele>
        <time>2026-09-05T14:46:50.000Z</time>
      </trkpt>
      <trkpt lat="51.925506" lon="6.242592">
        <ele>33.919645</ele>
        <time>2026-09-05T14:46:52.000Z</time>
      </trkpt>
      <trkpt lat="51.925479" lon="6.242621">
        <ele>33.973966</ele>
        <time>2026-09-05T14:46:57.000Z</time>
      </trkpt>
      <trkpt lat="51.925470" lon="6.242628">
        <ele>33.990709</ele>
        <time>2026-09-05T14:46:58.000Z</time>
      </trkpt>
      <trkpt lat="51.925465" lon="6.242635">
        <ele>34.001788</ele>
        <time>2026-09-05T14:46:59.000Z</time>
      </trkpt>
      <trkpt lat="51.925440" lon="6.242639">
        <ele>34.043925</ele>
        <time>2026-09-05T14:47:05.000Z</time>
      </trkpt>
      <trkpt lat="51.925430" lon="6.242640">
        <ele>34.060730</ele>
        <time>2026-09-05T14:47:06.000Z</time>
      </trkpt>
      <trkpt lat="51.925413" lon="6.242638">
        <ele>34.089319</ele>
        <time>2026-09-05T14:47:07.000Z</time>
      </trkpt>
      <trkpt lat="51.925309" lon="6.242700">
        <ele>34.275175</ele>
        <time>2026-09-05T14:47:18.000Z</time>
      </trkpt>
      <trkpt lat="51.925300" lon="6.242705">
        <ele>34.291133</ele>
        <time>2026-09-05T14:47:19.000Z</time>
      </trkpt>
      <trkpt lat="51.925228" lon="6.242780">
        <ele>34.434670</ele>
        <time>2026-09-05T14:47:28.000Z</time>
      </trkpt>
      <trkpt lat="51.925211" lon="6.242811">
        <ele>34.477581</ele>
        <time>2026-09-05T14:47:30.000Z</time>
      </trkpt>
      <trkpt lat="51.925193" lon="6.242862">
        <ele>34.538363</ele>
        <time>2026-09-05T14:47:34.000Z</time>
      </trkpt>
      <trkpt lat="51.925170" lon="6.242899">
        <ele>34.592705</ele>
        <time>2026-09-05T14:47:37.000Z</time>
      </trkpt>
      <trkpt lat="51.925125" lon="6.242970">
        <ele>34.698017</ele>
        <time>2026-09-05T14:47:43.000Z</time>
      </trkpt>
      <trkpt lat="51.925089" lon="6.243034">
        <ele>34.787620</ele>
        <time>2026-09-05T14:47:47.000Z</time>
      </trkpt>
      <trkpt lat="51.925059" lon="6.243102">
        <ele>34.874105</ele>
        <time>2026-09-05T14:47:52.000Z</time>
      </trkpt>
      <trkpt lat="51.925026" lon="6.243143">
        <ele>34.943835</ele>
        <time>2026-09-05T14:47:56.000Z</time>
      </trkpt>
      <trkpt lat="51.924936" lon="6.243259">
        <ele>35.136672</ele>
        <time>2026-09-05T14:48:06.000Z</time>
      </trkpt>
      <trkpt lat="51.924839" lon="6.243395">
        <ele>35.351756</ele>
        <time>2026-09-05T14:48:17.000Z</time>
      </trkpt>
      <trkpt lat="51.924782" lon="6.243458">
        <ele>35.467460</ele>
        <time>2026-09-05T14:48:26.000Z</time>
      </trkpt>
      <trkpt lat="51.924760" lon="6.243445">
        <ele>35.506735</ele>
        <time>2026-09-05T14:48:28.000Z</time>
      </trkpt>
      <trkpt lat="51.924727" lon="6.243410">
        <ele>35.572875</ele>
        <time>2026-09-05T14:48:33.000Z</time>
      </trkpt>
      <trkpt lat="51.924709" lon="6.243417">
        <ele>35.603922</ele>
        <time>2026-09-05T14:48:41.000Z</time>
      </trkpt>
      <trkpt lat="51.924640" lon="6.243504">
        <ele>35.750528</ele>
        <time>2026-09-05T14:48:50.000Z</time>
      </trkpt>
      <trkpt lat="51.924571" lon="6.243595">
        <ele>35.899709</ele>
        <time>2026-09-05T14:48:59.000Z</time>
      </trkpt>
      <trkpt lat="51.924459" lon="6.243731">
        <ele>36.134404</ele>
        <time>2026-09-05T14:49:10.000Z</time>
      </trkpt>
      <trkpt lat="51.924347" lon="6.243861">
        <ele>36.078146</ele>
        <time>2026-09-05T14:49:21.000Z</time>
      </trkpt>
      <trkpt lat="51.924297" lon="6.243924">
        <ele>35.819719</ele>
        <time>2026-09-05T14:49:30.000Z</time>
      </trkpt>
      <trkpt lat="51.924269" lon="6.243973">
        <ele>35.651586</ele>
        <time>2026-09-05T14:49:39.000Z</time>
      </trkpt>
      <trkpt lat="51.924241" lon="6.244089">
        <ele>35.338057</ele>
        <time>2026-09-05T14:49:47.000Z</time>
      </trkpt>
      <trkpt lat="51.924239" lon="6.244130">
        <ele>35.234541</ele>
        <time>2026-09-05T14:49:49.000Z</time>
      </trkpt>
      <trkpt lat="51.924243" lon="6.244274">
        <ele>34.871738</ele>
        <time>2026-09-05T14:49:58.000Z</time>
      </trkpt>
      <trkpt lat="51.924242" lon="6.244292">
        <ele>34.826250</ele>
        <time>2026-09-05T14:49:59.000Z</time>
      </trkpt>
      <trkpt lat="51.924216" lon="6.244419">
        <ele>34.489449</ele>
        <time>2026-09-05T14:50:07.000Z</time>
      </trkpt>
      <trkpt lat="51.924201" lon="6.244469">
        <ele>34.349503</ele>
        <time>2026-09-05T14:50:10.000Z</time>
      </trkpt>
      <trkpt lat="51.924181" lon="6.244529">
        <ele>34.177840</ele>
        <time>2026-09-05T14:50:15.000Z</time>
      </trkpt>
      <trkpt lat="51.924201" lon="6.244583">
        <ele>34.019300</ele>
        <time>2026-09-05T14:50:23.000Z</time>
      </trkpt>
      <trkpt lat="51.924213" lon="6.244617">
        <ele>33.920701</ele>
        <time>2026-09-05T14:50:26.000Z</time>
      </trkpt>
      <trkpt lat="51.924258" lon="6.244721">
        <ele>33.600940</ele>
        <time>2026-09-05T14:50:33.000Z</time>
      </trkpt>
      <trkpt lat="51.924266" lon="6.244733">
        <ele>33.556463</ele>
        <time>2026-09-05T14:50:34.000Z</time>
      </trkpt>
      <trkpt lat="51.924280" lon="6.244755">
        <ele>33.476897</ele>
        <time>2026-09-05T14:50:36.000Z</time>
      </trkpt>
      <trkpt lat="51.924323" lon="6.244852">
        <ele>33.176227</ele>
        <time>2026-09-05T14:50:44.000Z</time>
      </trkpt>
      <trkpt lat="51.924365" lon="6.244933">
        <ele>32.909872</ele>
        <time>2026-09-05T14:50:49.000Z</time>
      </trkpt>
      <trkpt lat="51.924402" lon="6.244976">
        <ele>32.724087</ele>
        <time>2026-09-05T14:50:54.000Z</time>
      </trkpt>
      <trkpt lat="51.924428" lon="6.245009">
        <ele>32.589334</ele>
        <time>2026-09-05T14:50:58.000Z</time>
      </trkpt>
      <trkpt lat="51.924467" lon="6.245073">
        <ele>32.362879</ele>
        <time>2026-09-05T14:51:04.000Z</time>
      </trkpt>
      <trkpt lat="51.924477" lon="6.245097">
        <ele>32.289978</ele>
        <time>2026-09-05T14:51:05.000Z</time>
      </trkpt>
      <trkpt lat="51.924505" lon="6.245279">
        <ele>31.817864</ele>
        <time>2026-09-05T14:51:14.000Z</time>
      </trkpt>
      <trkpt lat="51.924459" lon="6.245330">
        <ele>31.590439</ele>
        <time>2026-09-05T14:51:19.000Z</time>
      </trkpt>
      <trkpt lat="51.924417" lon="6.245348">
        <ele>31.413141</ele>
        <time>2026-09-05T14:51:22.000Z</time>
      </trkpt>
      <trkpt lat="51.924409" lon="6.245366">
        <ele>31.357297</ele>
        <time>2026-09-05T14:51:28.000Z</time>
      </trkpt>
      <trkpt lat="51.924336" lon="6.245381">
        <ele>31.056984</ele>
        <time>2026-09-05T14:51:35.000Z</time>
      </trkpt>
      <trkpt lat="51.924279" lon="6.245432">
        <ele>30.791289</ele>
        <time>2026-09-05T14:51:41.000Z</time>
      </trkpt>
      <trkpt lat="51.924259" lon="6.245458">
        <ele>30.686670</ele>
        <time>2026-09-05T14:51:43.000Z</time>
      </trkpt>
      <trkpt lat="51.924203" lon="6.245536">
        <ele>30.385379</ele>
        <time>2026-09-05T14:51:50.000Z</time>
      </trkpt>
      <trkpt lat="51.924091" lon="6.245631">
        <ele>29.869519</ele>
        <time>2026-09-05T14:52:02.000Z</time>
      </trkpt>
      <trkpt lat="51.923977" lon="6.245745">
        <ele>29.322896</ele>
        <time>2026-09-05T14:52:13.000Z</time>
      </trkpt>
      <trkpt lat="51.923957" lon="6.245761">
        <ele>29.231877</ele>
        <time>2026-09-05T14:52:20.000Z</time>
      </trkpt>
      <trkpt lat="51.923889" lon="6.245833">
        <ele>28.956562</ele>
        <time>2026-09-05T14:52:28.000Z</time>
      </trkpt>
      <trkpt lat="51.923798" lon="6.245910">
        <ele>29.116482</ele>
        <time>2026-09-05T14:52:38.000Z</time>
      </trkpt>
      <trkpt lat="51.923686" lon="6.246015">
        <ele>29.318043</ele>
        <time>2026-09-05T14:52:49.000Z</time>
      </trkpt>
      <trkpt lat="51.923603" lon="6.246073">
        <ele>29.458854</ele>
        <time>2026-09-05T14:52:57.000Z</time>
      </trkpt>
      <trkpt lat="51.923582" lon="6.246087">
        <ele>29.494229</ele>
        <time>2026-09-05T14:53:02.000Z</time>
      </trkpt>
      <trkpt lat="51.923550" lon="6.246112">
        <ele>29.549570</ele>
        <time>2026-09-05T14:53:09.000Z</time>
      </trkpt>
      <trkpt lat="51.923446" lon="6.246191">
        <ele>29.728499</ele>
        <time>2026-09-05T14:53:19.000Z</time>
      </trkpt>
      <trkpt lat="51.923325" lon="6.246276">
        <ele>29.933947</ele>
        <time>2026-09-05T14:53:30.000Z</time>
      </trkpt>
      <trkpt lat="51.923182" lon="6.246382">
        <ele>30.178917</ele>
        <time>2026-09-05T14:53:44.000Z</time>
      </trkpt>
      <trkpt lat="51.923069" lon="6.246463">
        <ele>30.371406</ele>
        <time>2026-09-05T14:53:55.000Z</time>
      </trkpt>
      <trkpt lat="51.922960" lon="6.246552">
        <ele>30.561543</ele>
        <time>2026-09-05T14:54:06.000Z</time>
      </trkpt>
      <trkpt lat="51.922869" lon="6.246611">
        <ele>30.714234</ele>
        <time>2026-09-05T14:54:14.000Z</time>
      </trkpt>
      <trkpt lat="51.922813" lon="6.246539">
        <ele>30.825581</ele>
        <time>2026-09-05T14:54:21.000Z</time>
      </trkpt>
      <trkpt lat="51.922757" lon="6.246427">
        <ele>30.964120</ele>
        <time>2026-09-05T14:54:30.000Z</time>
      </trkpt>
      <trkpt lat="51.922676" lon="6.246299">
        <ele>31.140336</ele>
        <time>2026-09-05T14:54:41.000Z</time>
      </trkpt>
      <trkpt lat="51.922634" lon="6.246218">
        <ele>31.242018</ele>
        <time>2026-09-05T14:54:47.000Z</time>
      </trkpt>
      <trkpt lat="51.922606" lon="6.246154">
        <ele>31.317415</ele>
        <time>2026-09-05T14:54:52.000Z</time>
      </trkpt>
      <trkpt lat="51.922583" lon="6.246105">
        <ele>31.376582</ele>
        <time>2026-09-05T14:54:56.000Z</time>
      </trkpt>
      <trkpt lat="51.922561" lon="6.246057">
        <ele>31.434045</ele>
        <time>2026-09-05T14:55:00.000Z</time>
      </trkpt>
      <trkpt lat="51.922554" lon="6.246040">
        <ele>31.453685</ele>
        <time>2026-09-05T14:55:01.000Z</time>
      </trkpt>
      <trkpt lat="51.922486" lon="6.245900">
        <ele>31.624915</ele>
        <time>2026-09-05T14:55:12.000Z</time>
      </trkpt>
      <trkpt lat="51.922463" lon="6.245846">
        <ele>31.687973</ele>
        <time>2026-09-05T14:55:20.000Z</time>
      </trkpt>
      <trkpt lat="51.922455" lon="6.245820">
        <ele>31.715892</ele>
        <time>2026-09-05T14:55:29.000Z</time>
      </trkpt>
      <trkpt lat="51.922409" lon="6.245731">
        <ele>32.209855</ele>
        <time>2026-09-05T14:55:38.000Z</time>
      </trkpt>
      <trkpt lat="51.922402" lon="6.245717">
        <ele>32.305873</ele>
        <time>2026-09-05T14:55:40.000Z</time>
      </trkpt>
      <trkpt lat="51.922371" lon="6.245637">
        <ele>32.809224</ele>
        <time>2026-09-05T14:55:46.000Z</time>
      </trkpt>
      <trkpt lat="51.922330" lon="6.245539">
        <ele>33.440119</ele>
        <time>2026-09-05T14:55:55.000Z</time>
      </trkpt>
      <trkpt lat="51.922316" lon="6.245516">
        <ele>33.612284</ele>
        <time>2026-09-05T14:55:57.000Z</time>
      </trkpt>
      <trkpt lat="51.922256" lon="6.245401">
        <ele>34.414783</ele>
        <time>2026-09-05T14:56:06.000Z</time>
      </trkpt>
      <trkpt lat="51.922248" lon="6.245388">
        <ele>34.512622</ele>
        <time>2026-09-05T14:56:07.000Z</time>
      </trkpt>
      <trkpt lat="51.922219" lon="6.245330">
        <ele>34.910413</ele>
        <time>2026-09-05T14:56:14.000Z</time>
      </trkpt>
      <trkpt lat="51.922197" lon="6.245245">
        <ele>35.401519</ele>
        <time>2026-09-05T14:56:20.000Z</time>
      </trkpt>
      <trkpt lat="51.922191" lon="6.245223">
        <ele>35.529674</ele>
        <time>2026-09-05T14:56:22.000Z</time>
      </trkpt>
      <trkpt lat="51.922137" lon="6.245116">
        <ele>36.266258</ele>
        <time>2026-09-05T14:56:31.000Z</time>
      </trkpt>
      <trkpt lat="51.922096" lon="6.245044">
        <ele>36.788349</ele>
        <time>2026-09-05T14:56:36.000Z</time>
      </trkpt>
      <trkpt lat="51.922073" lon="6.245004">
        <ele>37.079705</ele>
        <time>2026-09-05T14:56:39.000Z</time>
      </trkpt>
      <trkpt lat="51.922009" lon="6.244861">
        <ele>38.021013</ele>
        <time>2026-09-05T14:56:51.000Z</time>
      </trkpt>
      <trkpt lat="51.922005" lon="6.244856">
        <ele>38.064643</ele>
        <time>2026-09-05T14:56:52.000Z</time>
      </trkpt>
      <trkpt lat="51.921987" lon="6.244768">
        <ele>38.558584</ele>
        <time>2026-09-05T14:57:00.000Z</time>
      </trkpt>
      <trkpt lat="51.921985" lon="6.244762">
        <ele>38.594920</ele>
        <time>2026-09-05T14:57:01.000Z</time>
      </trkpt>
      <trkpt lat="51.921960" lon="6.244636">
        <ele>39.300082</ele>
        <time>2026-09-05T14:57:11.000Z</time>
      </trkpt>
      <trkpt lat="51.921921" lon="6.244525">
        <ele>39.980679</ele>
        <time>2026-09-05T14:57:21.000Z</time>
      </trkpt>
      <trkpt lat="51.921906" lon="6.244409">
        <ele>40.612119</ele>
        <time>2026-09-05T14:57:30.000Z</time>
      </trkpt>
      <trkpt lat="51.921908" lon="6.244383">
        <ele>40.751711</ele>
        <time>2026-09-05T14:57:33.000Z</time>
      </trkpt>
      <trkpt lat="51.921896" lon="6.244283">
        <ele>41.294463</ele>
        <time>2026-09-05T14:57:40.000Z</time>
      </trkpt>
      <trkpt lat="51.921891" lon="6.244258">
        <ele>41.434482</ele>
        <time>2026-09-05T14:57:41.000Z</time>
      </trkpt>
      <trkpt lat="51.921870" lon="6.244162">
        <ele>41.977151</ele>
        <time>2026-09-05T14:57:49.000Z</time>
      </trkpt>
      <trkpt lat="51.921864" lon="6.244088">
        <ele>42.374787</ele>
        <time>2026-09-05T14:57:59.000Z</time>
      </trkpt>
      <trkpt lat="51.921865" lon="6.244086">
        <ele>42.388504</ele>
        <time>2026-09-05T14:58:00.000Z</time>
      </trkpt>
      <trkpt lat="51.921836" lon="6.244034">
        <ele>42.762010</ele>
        <time>2026-09-05T14:58:05.000Z</time>
      </trkpt>
      <trkpt lat="51.921820" lon="6.244004">
        <ele>42.973312</ele>
        <time>2026-09-05T14:58:07.000Z</time>
      </trkpt>
      <trkpt lat="51.921785" lon="6.243906">
        <ele>43.576642</ele>
        <time>2026-09-05T14:58:14.000Z</time>
      </trkpt>
      <trkpt lat="51.921777" lon="6.243880">
        <ele>43.731443</ele>
        <time>2026-09-05T14:58:16.000Z</time>
      </trkpt>
      <trkpt lat="51.921762" lon="6.243836">
        <ele>43.999287</ele>
        <time>2026-09-05T14:58:22.000Z</time>
      </trkpt>
      <trkpt lat="51.921759" lon="6.243820">
        <ele>44.088382</ele>
        <time>2026-09-05T14:58:23.000Z</time>
      </trkpt>
      <trkpt lat="51.921731" lon="6.243757">
        <ele>44.502095</ele>
        <time>2026-09-05T14:58:31.000Z</time>
      </trkpt>
      <trkpt lat="51.921699" lon="6.243792">
        <ele>44.835536</ele>
        <time>2026-09-05T14:58:36.000Z</time>
      </trkpt>
      <trkpt lat="51.921681" lon="6.243823">
        <ele>45.062371</ele>
        <time>2026-09-05T14:58:40.000Z</time>
      </trkpt>
      <trkpt lat="51.921657" lon="6.243848">
        <ele>45.308790</ele>
        <time>2026-09-05T14:58:44.000Z</time>
      </trkpt>
      <trkpt lat="51.921616" lon="6.243874">
        <ele>45.689089</ele>
        <time>2026-09-05T14:58:51.000Z</time>
      </trkpt>
      <trkpt lat="51.921610" lon="6.243879">
        <ele>45.747364</ele>
        <time>2026-09-05T14:58:52.000Z</time>
      </trkpt>
      <trkpt lat="51.921580" lon="6.243908">
        <ele>46.049077</ele>
        <time>2026-09-05T14:58:59.000Z</time>
      </trkpt>
      <trkpt lat="51.921566" lon="6.243901">
        <ele>46.175635</ele>
        <time>2026-09-05T14:59:02.000Z</time>
      </trkpt>
      <trkpt lat="51.921527" lon="6.243925">
        <ele>46.535981</ele>
        <time>2026-09-05T14:59:08.000Z</time>
      </trkpt>
      <trkpt lat="51.921521" lon="6.243932">
        <ele>46.599834</ele>
        <time>2026-09-05T14:59:09.000Z</time>
      </trkpt>
      <trkpt lat="51.921502" lon="6.243957">
        <ele>46.811207</ele>
        <time>2026-09-05T14:59:12.000Z</time>
      </trkpt>
      <trkpt lat="51.921454" lon="6.244002">
        <ele>47.283025</ele>
        <time>2026-09-05T14:59:19.000Z</time>
      </trkpt>
      <trkpt lat="51.921430" lon="6.244028">
        <ele>47.343237</ele>
        <time>2026-09-05T14:59:22.000Z</time>
      </trkpt>
      <trkpt lat="51.921408" lon="6.244043">
        <ele>47.393023</ele>
        <time>2026-09-05T14:59:26.000Z</time>
      </trkpt>
      <trkpt lat="51.921368" lon="6.244077">
        <ele>47.487237</ele>
        <time>2026-09-05T14:59:32.000Z</time>
      </trkpt>
      <trkpt lat="51.921297" lon="6.244190">
        <ele>47.694777</ele>
        <time>2026-09-05T14:59:44.000Z</time>
      </trkpt>
      <trkpt lat="51.921271" lon="6.244190">
        <ele>47.749015</ele>
        <time>2026-09-05T14:59:49.000Z</time>
      </trkpt>
      <trkpt lat="51.921246" lon="6.244200">
        <ele>47.802730</ele>
        <time>2026-09-05T14:59:53.000Z</time>
      </trkpt>
      <trkpt lat="51.921221" lon="6.244231">
        <ele>47.868385</ele>
        <time>2026-09-05T14:59:57.000Z</time>
      </trkpt>
      <trkpt lat="51.921186" lon="6.244248">
        <ele>47.944603</ele>
        <time>2026-09-05T15:00:02.000Z</time>
      </trkpt>
      <trkpt lat="51.921170" lon="6.244243">
        <ele>47.978594</ele>
        <time>2026-09-05T15:00:04.000Z</time>
      </trkpt>
      <trkpt lat="51.921140" lon="6.244226">
        <ele>48.044888</ele>
        <time>2026-09-05T15:00:12.000Z</time>
      </trkpt>
      <trkpt lat="51.921141" lon="6.244231">
        <ele>48.051651</ele>
        <time>2026-09-05T15:00:13.000Z</time>
      </trkpt>
      <trkpt lat="51.921102" lon="6.244308">
        <ele>48.179843</ele>
        <time>2026-09-05T15:00:21.000Z</time>
      </trkpt>
      <trkpt lat="51.921092" lon="6.244322">
        <ele>48.207404</ele>
        <time>2026-09-05T15:00:23.000Z</time>
      </trkpt>
      <trkpt lat="51.921035" lon="6.244349">
        <ele>48.331280</ele>
        <time>2026-09-05T15:00:31.000Z</time>
      </trkpt>
      <trkpt lat="51.920976" lon="6.244377">
        <ele>48.459522</ele>
        <time>2026-09-05T15:00:38.000Z</time>
      </trkpt>
      <trkpt lat="51.920951" lon="6.244397">
        <ele>48.517676</ele>
        <time>2026-09-05T15:00:41.000Z</time>
      </trkpt>
      <trkpt lat="51.920908" lon="6.244427">
        <ele>48.615329</ele>
        <time>2026-09-05T15:00:46.000Z</time>
      </trkpt>
      <trkpt lat="51.920861" lon="6.244437">
        <ele>48.714215</ele>
        <time>2026-09-05T15:00:50.000Z</time>
      </trkpt>
      <trkpt lat="51.920840" lon="6.244443">
        <ele>48.758697</ele>
        <time>2026-09-05T15:00:52.000Z</time>
      </trkpt>
      <trkpt lat="51.920828" lon="6.244458">
        <ele>48.790306</ele>
        <time>2026-09-05T15:00:58.000Z</time>
      </trkpt>
      <trkpt lat="51.920832" lon="6.244469">
        <ele>48.806735</ele>
        <time>2026-09-05T15:01:01.000Z</time>
      </trkpt>
      <trkpt lat="51.920775" lon="6.244489">
        <ele>48.928393</ele>
        <time>2026-09-05T15:01:07.000Z</time>
      </trkpt>
      <trkpt lat="51.920739" lon="6.244519">
        <ele>49.012830</ele>
        <time>2026-09-05T15:01:11.000Z</time>
      </trkpt>
      <trkpt lat="51.920689" lon="6.244568">
        <ele>49.134706</ele>
        <time>2026-09-05T15:01:17.000Z</time>
      </trkpt>
      <trkpt lat="51.920681" lon="6.244574">
        <ele>49.153093</ele>
        <time>2026-09-05T15:01:18.000Z</time>
      </trkpt>
      <trkpt lat="51.920653" lon="6.244600">
        <ele>49.220404</ele>
        <time>2026-09-05T15:01:21.000Z</time>
      </trkpt>
      <trkpt lat="51.920582" lon="6.244641">
        <ele>49.377628</ele>
        <time>2026-09-05T15:01:28.000Z</time>
      </trkpt>
      <trkpt lat="51.920566" lon="6.244652">
        <ele>49.413882</ele>
        <time>2026-09-05T15:01:30.000Z</time>
      </trkpt>
      <trkpt lat="51.920465" lon="6.244722">
        <ele>49.643017</ele>
        <time>2026-09-05T15:01:39.000Z</time>
      </trkpt>
      <trkpt lat="51.920441" lon="6.244738">
        <ele>49.697149</ele>
        <time>2026-09-05T15:01:41.000Z</time>
      </trkpt>
      <trkpt lat="51.920350" lon="6.244809">
        <ele>49.907817</ele>
        <time>2026-09-05T15:01:51.000Z</time>
      </trkpt>
      <trkpt lat="51.920258" lon="6.244875">
        <ele>50.117682</ele>
        <time>2026-09-05T15:01:59.000Z</time>
      </trkpt>
      <trkpt lat="51.920223" lon="6.244899">
        <ele>50.196956</ele>
        <time>2026-09-05T15:02:03.000Z</time>
      </trkpt>
      <trkpt lat="51.920185" lon="6.244929">
        <ele>50.285124</ele>
        <time>2026-09-05T15:02:08.000Z</time>
      </trkpt>
      <trkpt lat="51.920105" lon="6.245014">
        <ele>50.484651</ele>
        <time>2026-09-05T15:02:18.000Z</time>
      </trkpt>
      <trkpt lat="51.920028" lon="6.245077">
        <ele>50.664571</ele>
        <time>2026-09-05T15:02:27.000Z</time>
      </trkpt>
      <trkpt lat="51.920009" lon="6.245097">
        <ele>50.711827</ele>
        <time>2026-09-05T15:02:35.000Z</time>
      </trkpt>
      <trkpt lat="51.919968" lon="6.245031">
        <ele>50.832350</ele>
        <time>2026-09-05T15:02:43.000Z</time>
      </trkpt>
      <trkpt lat="51.919952" lon="6.245002">
        <ele>50.882412</ele>
        <time>2026-09-05T15:02:45.000Z</time>
      </trkpt>
      <trkpt lat="51.919928" lon="6.244951">
        <ele>50.964948</ele>
        <time>2026-09-05T15:02:49.000Z</time>
      </trkpt>
      <trkpt lat="51.919906" lon="6.244917">
        <ele>51.028350</ele>
        <time>2026-09-05T15:02:54.000Z</time>
      </trkpt>
      <trkpt lat="51.919882" lon="6.244846">
        <ele>51.441913</ele>
        <time>2026-09-05T15:03:01.000Z</time>
      </trkpt>
      <trkpt lat="51.919875" lon="6.244834">
        <ele>51.529130</ele>
        <time>2026-09-05T15:03:03.000Z</time>
      </trkpt>
      <trkpt lat="51.919852" lon="6.244755">
        <ele>51.990427</ele>
        <time>2026-09-05T15:03:10.000Z</time>
      </trkpt>
      <trkpt lat="51.919843" lon="6.244728">
        <ele>52.152489</ele>
        <time>2026-09-05T15:03:12.000Z</time>
      </trkpt>
      <trkpt lat="51.919808" lon="6.244650">
        <ele>52.661835</ele>
        <time>2026-09-05T15:03:19.000Z</time>
      </trkpt>
      <trkpt lat="51.919795" lon="6.244620">
        <ele>52.855439</ele>
        <time>2026-09-05T15:03:22.000Z</time>
      </trkpt>
      <trkpt lat="51.919775" lon="6.244541">
        <ele>53.306371</ele>
        <time>2026-09-05T15:03:29.000Z</time>
      </trkpt>
      <trkpt lat="51.919764" lon="6.244504">
        <ele>53.523261</ele>
        <time>2026-09-05T15:03:32.000Z</time>
      </trkpt>
      <trkpt lat="51.919746" lon="6.244409">
        <ele>54.048043</ele>
        <time>2026-09-05T15:03:38.000Z</time>
      </trkpt>
      <trkpt lat="51.919720" lon="6.244354">
        <ele>54.413963</ele>
        <time>2026-09-05T15:03:43.000Z</time>
      </trkpt>
      <trkpt lat="51.919702" lon="6.244327">
        <ele>54.623907</ele>
        <time>2026-09-05T15:03:46.000Z</time>
      </trkpt>
      <trkpt lat="51.919688" lon="6.244305">
        <ele>54.790827</ele>
        <time>2026-09-05T15:03:49.000Z</time>
      </trkpt>
      <trkpt lat="51.919670" lon="6.244283">
        <ele>54.983816</ele>
        <time>2026-09-05T15:03:52.000Z</time>
      </trkpt>
      <trkpt lat="51.919625" lon="6.244199">
        <ele>55.571334</ele>
        <time>2026-09-05T15:04:00.000Z</time>
      </trkpt>
      <trkpt lat="51.919610" lon="6.244149">
        <ele>55.864934</ele>
        <time>2026-09-05T15:04:05.000Z</time>
      </trkpt>
      <trkpt lat="51.919599" lon="6.244108">
        <ele>56.101031</ele>
        <time>2026-09-05T15:04:10.000Z</time>
      </trkpt>
      <trkpt lat="51.919592" lon="6.244087">
        <ele>56.227079</ele>
        <time>2026-09-05T15:04:12.000Z</time>
      </trkpt>
      <trkpt lat="51.919569" lon="6.244020">
        <ele>56.631980</ele>
        <time>2026-09-05T15:04:17.000Z</time>
      </trkpt>
      <trkpt lat="51.919560" lon="6.244000">
        <ele>56.762712</ele>
        <time>2026-09-05T15:04:19.000Z</time>
      </trkpt>
      <trkpt lat="51.919533" lon="6.243974">
        <ele>57.031570</ele>
        <time>2026-09-05T15:04:23.000Z</time>
      </trkpt>
      <trkpt lat="51.919512" lon="6.243946">
        <ele>57.264349</ele>
        <time>2026-09-05T15:04:28.000Z</time>
      </trkpt>
      <trkpt lat="51.919538" lon="6.243922">
        <ele>57.520497</ele>
        <time>2026-09-05T15:04:37.000Z</time>
      </trkpt>
      <trkpt lat="51.919499" lon="6.243840">
        <ele>58.067286</ele>
        <time>2026-09-05T15:04:45.000Z</time>
      </trkpt>
      <trkpt lat="51.919473" lon="6.243821">
        <ele>58.311452</ele>
        <time>2026-09-05T15:04:49.000Z</time>
      </trkpt>
      <trkpt lat="51.919453" lon="6.243787">
        <ele>58.559552</ele>
        <time>2026-09-05T15:04:54.000Z</time>
      </trkpt>
      <trkpt lat="51.919446" lon="6.243760">
        <ele>58.714209</ele>
        <time>2026-09-05T15:04:57.000Z</time>
      </trkpt>
      <trkpt lat="51.919417" lon="6.243684">
        <ele>59.186122</ele>
        <time>2026-09-05T15:05:04.000Z</time>
      </trkpt>
      <trkpt lat="51.919413" lon="6.243672">
        <ele>59.258150</ele>
        <time>2026-09-05T15:05:05.000Z</time>
      </trkpt>
      <trkpt lat="51.919353" lon="6.243513">
        <ele>60.242431</ele>
        <time>2026-09-05T15:05:17.000Z</time>
      </trkpt>
      <trkpt lat="51.919330" lon="6.243466">
        <ele>60.559244</ele>
        <time>2026-09-05T15:05:21.000Z</time>
      </trkpt>
      <trkpt lat="51.919299" lon="6.243445">
        <ele>60.846887</ele>
        <time>2026-09-05T15:05:27.000Z</time>
      </trkpt>
      <trkpt lat="51.919277" lon="6.243476">
        <ele>61.096434</ele>
        <time>2026-09-05T15:05:32.000Z</time>
      </trkpt>
      <trkpt lat="51.919255" lon="6.243519">
        <ele>61.391450</ele>
        <time>2026-09-05T15:05:37.000Z</time>
      </trkpt>
      <trkpt lat="51.919182" lon="6.243598">
        <ele>62.142875</ele>
        <time>2026-09-05T15:05:46.000Z</time>
      </trkpt>
      <trkpt lat="51.919171" lon="6.243605">
        <ele>62.244046</ele>
        <time>2026-09-05T15:05:47.000Z</time>
      </trkpt>
      <trkpt lat="51.919115" lon="6.243658">
        <ele>62.799200</ele>
        <time>2026-09-05T15:05:54.000Z</time>
      </trkpt>
      <trkpt lat="51.919100" lon="6.243668">
        <ele>62.938055</ele>
        <time>2026-09-05T15:05:56.000Z</time>
      </trkpt>
      <trkpt lat="51.919078" lon="6.243653">
        <ele>63.142386</ele>
        <time>2026-09-05T15:06:05.000Z</time>
      </trkpt>
      <trkpt lat="51.919078" lon="6.243671">
        <ele>63.237436</ele>
        <time>2026-09-05T15:06:09.000Z</time>
      </trkpt>
      <trkpt lat="51.919062" lon="6.243708">
        <ele>63.476053</ele>
        <time>2026-09-05T15:06:13.000Z</time>
      </trkpt>
      <trkpt lat="51.919006" lon="6.243781">
        <ele>64.091247</ele>
        <time>2026-09-05T15:06:20.000Z</time>
      </trkpt>
      <trkpt lat="51.918996" lon="6.243769">
        <ele>64.197762</ele>
        <time>2026-09-05T15:06:22.000Z</time>
      </trkpt>
      <trkpt lat="51.918949" lon="6.243675">
        <ele>64.836749</ele>
        <time>2026-09-05T15:06:30.000Z</time>
      </trkpt>
      <trkpt lat="51.918941" lon="6.243657">
        <ele>64.953906</ele>
        <time>2026-09-05T15:06:31.000Z</time>
      </trkpt>
      <trkpt lat="51.918891" lon="6.243500">
        <ele>65.886950</ele>
        <time>2026-09-05T15:06:40.000Z</time>
      </trkpt>
      <trkpt lat="51.918839" lon="6.243390">
        <ele>66.321178</ele>
        <time>2026-09-05T15:06:50.000Z</time>
      </trkpt>
      <trkpt lat="51.918789" lon="6.243246">
        <ele>65.803333</ele>
        <time>2026-09-05T15:07:00.000Z</time>
      </trkpt>
      <trkpt lat="51.918722" lon="6.243107">
        <ele>65.250510</ele>
        <time>2026-09-05T15:07:11.000Z</time>
      </trkpt>
      <trkpt lat="51.918672" lon="6.242963">
        <ele>64.732663</ele>
        <time>2026-09-05T15:07:20.000Z</time>
      </trkpt>
      <trkpt lat="51.918673" lon="6.242925">
        <ele>64.613474</ele>
        <time>2026-09-05T15:07:27.000Z</time>
      </trkpt>
      <trkpt lat="51.918653" lon="6.242870">
        <ele>64.413396</ele>
        <time>2026-09-05T15:07:32.000Z</time>
      </trkpt>
      <trkpt lat="51.918632" lon="6.242812">
        <ele>64.202638</ele>
        <time>2026-09-05T15:07:37.000Z</time>
      </trkpt>
      <trkpt lat="51.918593" lon="6.242708">
        <ele>63.821222</ele>
        <time>2026-09-05T15:07:44.000Z</time>
      </trkpt>
      <trkpt lat="51.918571" lon="6.242667">
        <ele>63.650923</ele>
        <time>2026-09-05T15:07:47.000Z</time>
      </trkpt>
      <trkpt lat="51.918565" lon="6.242669">
        <ele>63.619801</ele>
        <time>2026-09-05T15:07:48.000Z</time>
      </trkpt>
      <trkpt lat="51.918539" lon="6.242587">
        <ele>63.330870</ele>
        <time>2026-09-05T15:07:54.000Z</time>
      </trkpt>
      <trkpt lat="51.918536" lon="6.242573">
        <ele>63.284426</ele>
        <time>2026-09-05T15:07:55.000Z</time>
      </trkpt>
      <trkpt lat="51.918509" lon="6.242481">
        <ele>62.965151</ele>
        <time>2026-09-05T15:08:00.000Z</time>
      </trkpt>
      <trkpt lat="51.918483" lon="6.242411">
        <ele>62.709086</ele>
        <time>2026-09-05T15:08:06.000Z</time>
      </trkpt>
      <trkpt lat="51.918470" lon="6.242369">
        <ele>62.561826</ele>
        <time>2026-09-05T15:08:08.000Z</time>
      </trkpt>
      <trkpt lat="51.918427" lon="6.242240">
        <ele>62.102317</ele>
        <time>2026-09-05T15:08:17.000Z</time>
      </trkpt>
      <trkpt lat="51.918423" lon="6.242222">
        <ele>62.042361</ele>
        <time>2026-09-05T15:08:18.000Z</time>
      </trkpt>
      <trkpt lat="51.918387" lon="6.242114">
        <ele>61.657655</ele>
        <time>2026-09-05T15:08:26.000Z</time>
      </trkpt>
      <trkpt lat="51.918372" lon="6.242077">
        <ele>61.518903</ele>
        <time>2026-09-05T15:08:29.000Z</time>
      </trkpt>
      <trkpt lat="51.918355" lon="6.242018">
        <ele>61.314834</ele>
        <time>2026-09-05T15:08:33.000Z</time>
      </trkpt>
      <trkpt lat="51.918322" lon="6.241942">
        <ele>61.023572</ele>
        <time>2026-09-05T15:08:38.000Z</time>
      </trkpt>
      <trkpt lat="51.918312" lon="6.241920">
        <ele>60.937931</ele>
        <time>2026-09-05T15:08:40.000Z</time>
      </trkpt>
      <trkpt lat="51.918268" lon="6.241844">
        <ele>60.611284</ele>
        <time>2026-09-05T15:08:47.000Z</time>
      </trkpt>
      <trkpt lat="51.918255" lon="6.241808">
        <ele>60.480556</ele>
        <time>2026-09-05T15:08:50.000Z</time>
      </trkpt>
      <trkpt lat="51.918231" lon="6.241765">
        <ele>60.298824</ele>
        <time>2026-09-05T15:08:56.000Z</time>
      </trkpt>
      <trkpt lat="51.918187" lon="6.241630">
        <ele>59.820335</ele>
        <time>2026-09-05T15:09:05.000Z</time>
      </trkpt>
      <trkpt lat="51.918182" lon="6.241614">
        <ele>59.764127</ele>
        <time>2026-09-05T15:09:06.000Z</time>
      </trkpt>
      <trkpt lat="51.918146" lon="6.241463">
        <ele>59.256812</ele>
        <time>2026-09-05T15:09:15.000Z</time>
      </trkpt>
      <trkpt lat="51.918106" lon="6.241359">
        <ele>58.872730</ele>
        <time>2026-09-05T15:09:23.000Z</time>
      </trkpt>
      <trkpt lat="51.918103" lon="6.241348">
        <ele>58.835039</ele>
        <time>2026-09-05T15:09:24.000Z</time>
      </trkpt>
      <trkpt lat="51.918053" lon="6.241245">
        <ele>58.424284</ele>
        <time>2026-09-05T15:09:32.000Z</time>
      </trkpt>
      <trkpt lat="51.918003" lon="6.241046">
        <ele>57.750910</ele>
        <time>2026-09-05T15:09:45.000Z</time>
      </trkpt>
      <trkpt lat="51.917895" lon="6.240991">
        <ele>57.205273</ele>
        <time>2026-09-05T15:09:55.000Z</time>
      </trkpt>
      <trkpt lat="51.917827" lon="6.241066">
        <ele>56.892122</ele>
        <time>2026-09-05T15:10:04.000Z</time>
      </trkpt>
      <trkpt lat="51.917718" lon="6.241185">
        <ele>56.391765</ele>
        <time>2026-09-05T15:10:15.000Z</time>
      </trkpt>
      <trkpt lat="51.917656" lon="6.241270">
        <ele>56.082605</ele>
        <time>2026-09-05T15:10:22.000Z</time>
      </trkpt>
      <trkpt lat="51.917630" lon="6.241314">
        <ele>55.939500</ele>
        <time>2026-09-05T15:10:26.000Z</time>
      </trkpt>
      <trkpt lat="51.917511" lon="6.241410">
        <ele>55.433399</ele>
        <time>2026-09-05T15:10:37.000Z</time>
      </trkpt>
      <trkpt lat="51.917450" lon="6.241476">
        <ele>55.154163</ele>
        <time>2026-09-05T15:10:44.000Z</time>
      </trkpt>
      <trkpt lat="51.917420" lon="6.241506">
        <ele>55.019953</ele>
        <time>2026-09-05T15:10:47.000Z</time>
      </trkpt>
      <trkpt lat="51.917341" lon="6.241583">
        <ele>54.668976</ele>
        <time>2026-09-05T15:10:55.000Z</time>
      </trkpt>
      <trkpt lat="51.917328" lon="6.241590">
        <ele>54.616819</ele>
        <time>2026-09-05T15:10:57.000Z</time>
      </trkpt>
      <trkpt lat="51.917233" lon="6.241660">
        <ele>54.219488</ele>
        <time>2026-09-05T15:11:06.000Z</time>
      </trkpt>
      <trkpt lat="51.917168" lon="6.241693">
        <ele>53.960141</ele>
        <time>2026-09-05T15:11:13.000Z</time>
      </trkpt>
      <trkpt lat="51.917134" lon="6.241705">
        <ele>53.827650</ele>
        <time>2026-09-05T15:11:17.000Z</time>
      </trkpt>
      <trkpt lat="51.917041" lon="6.241727">
        <ele>53.469790</ele>
        <time>2026-09-05T15:11:25.000Z</time>
      </trkpt>
      <trkpt lat="51.916955" lon="6.241788">
        <ele>53.112367</ele>
        <time>2026-09-05T15:11:34.000Z</time>
      </trkpt>
      <trkpt lat="51.916903" lon="6.241806">
        <ele>52.909908</ele>
        <time>2026-09-05T15:11:39.000Z</time>
      </trkpt>
      <trkpt lat="51.916865" lon="6.241819">
        <ele>52.762032</ele>
        <time>2026-09-05T15:11:44.000Z</time>
      </trkpt>
      <trkpt lat="51.916791" lon="6.241850">
        <ele>52.471013</ele>
        <time>2026-09-05T15:11:51.000Z</time>
      </trkpt>
      <trkpt lat="51.916773" lon="6.241853">
        <ele>52.402114</ele>
        <time>2026-09-05T15:11:53.000Z</time>
      </trkpt>
      <trkpt lat="51.916655" lon="6.241880">
        <ele>51.948361</ele>
        <time>2026-09-05T15:12:02.000Z</time>
      </trkpt>
      <trkpt lat="51.916568" lon="6.241934">
        <ele>51.593650</ele>
        <time>2026-09-05T15:12:11.000Z</time>
      </trkpt>
      <trkpt lat="51.916447" lon="6.241997">
        <ele>51.109751</ele>
        <time>2026-09-05T15:12:21.000Z</time>
      </trkpt>
      <trkpt lat="51.916437" lon="6.241997">
        <ele>51.071675</ele>
        <time>2026-09-05T15:12:22.000Z</time>
      </trkpt>
      <trkpt lat="51.916336" lon="6.242022">
        <ele>50.682648</ele>
        <time>2026-09-05T15:12:32.000Z</time>
      </trkpt>
      <trkpt lat="51.916217" lon="6.242086">
        <ele>50.233328</ele>
        <time>2026-09-05T15:12:43.000Z</time>
      </trkpt>
      <trkpt lat="51.916083" lon="6.242115">
        <ele>49.778851</ele>
        <time>2026-09-05T15:12:52.000Z</time>
      </trkpt>
      <trkpt lat="51.915974" lon="6.242174">
        <ele>49.392530</ele>
        <time>2026-09-05T15:13:03.000Z</time>
      </trkpt>
      <trkpt lat="51.915848" lon="6.242178">
        <ele>48.968862</ele>
        <time>2026-09-05T15:13:14.000Z</time>
      </trkpt>
      <trkpt lat="51.915728" lon="6.242188">
        <ele>48.564913</ele>
        <time>2026-09-05T15:13:24.000Z</time>
      </trkpt>
      <trkpt lat="51.915610" lon="6.242187">
        <ele>48.168214</ele>
        <time>2026-09-05T15:13:34.000Z</time>
      </trkpt>
      <trkpt lat="51.915530" lon="6.242185">
        <ele>47.899238</ele>
        <time>2026-09-05T15:13:43.000Z</time>
      </trkpt>
      <trkpt lat="51.915441" lon="6.242203">
        <ele>47.597719</ele>
        <time>2026-09-05T15:13:52.000Z</time>
      </trkpt>
      <trkpt lat="51.915430" lon="6.242206">
        <ele>47.560219</ele>
        <time>2026-09-05T15:13:53.000Z</time>
      </trkpt>
      <trkpt lat="51.915316" lon="6.242223">
        <ele>47.175356</ele>
        <time>2026-09-05T15:14:02.000Z</time>
      </trkpt>
      <trkpt lat="51.915234" lon="6.242230">
        <ele>46.899306</ele>
        <time>2026-09-05T15:14:07.000Z</time>
      </trkpt>
      <trkpt lat="51.915162" lon="6.242234">
        <ele>46.657114</ele>
        <time>2026-09-05T15:14:13.000Z</time>
      </trkpt>
      <trkpt lat="51.915045" lon="6.242233">
        <ele>46.263778</ele>
        <time>2026-09-05T15:14:21.000Z</time>
      </trkpt>
      <trkpt lat="51.915037" lon="6.242236">
        <ele>46.236173</ele>
        <time>2026-09-05T15:14:22.000Z</time>
      </trkpt>
      <trkpt lat="51.914918" lon="6.242238">
        <ele>45.836097</ele>
        <time>2026-09-05T15:14:35.000Z</time>
      </trkpt>
      <trkpt lat="51.914906" lon="6.242240">
        <ele>45.795543</ele>
        <time>2026-09-05T15:14:37.000Z</time>
      </trkpt>
      <trkpt lat="51.914844" lon="6.242237">
        <ele>45.587018</ele>
        <time>2026-09-05T15:14:45.000Z</time>
      </trkpt>
      <trkpt lat="51.914708" lon="6.242271">
        <ele>45.124409</ele>
        <time>2026-09-05T15:14:54.000Z</time>
      </trkpt>
      <trkpt lat="51.914584" lon="6.242320">
        <ele>44.695340</ele>
        <time>2026-09-05T15:15:04.000Z</time>
      </trkpt>
      <trkpt lat="51.914575" lon="6.242312">
        <ele>44.660834</ele>
        <time>2026-09-05T15:15:11.000Z</time>
      </trkpt>
      <trkpt lat="51.914512" lon="6.242335">
        <ele>44.443737</ele>
        <time>2026-09-05T15:15:20.000Z</time>
      </trkpt>
      <trkpt lat="51.914442" lon="6.242374">
        <ele>44.435609</ele>
        <time>2026-09-05T15:15:27.000Z</time>
      </trkpt>
      <trkpt lat="51.914396" lon="6.242382">
        <ele>44.464138</ele>
        <time>2026-09-05T15:15:31.000Z</time>
      </trkpt>
      <trkpt lat="51.914280" lon="6.242453">
        <ele>44.540599</ele>
        <time>2026-09-05T15:15:41.000Z</time>
      </trkpt>
      <trkpt lat="51.914213" lon="6.242494">
        <ele>44.584760</ele>
        <time>2026-09-05T15:15:46.000Z</time>
      </trkpt>
      <trkpt lat="51.914164" lon="6.242445">
        <ele>44.620263</ele>
        <time>2026-09-05T15:15:52.000Z</time>
      </trkpt>
      <trkpt lat="51.914169" lon="6.242279">
        <ele>44.683481</ele>
        <time>2026-09-05T15:16:00.000Z</time>
      </trkpt>
      <trkpt lat="51.914165" lon="6.242096">
        <ele>44.753134</ele>
        <time>2026-09-05T15:16:10.000Z</time>
      </trkpt>
      <trkpt lat="51.914162" lon="6.241974">
        <ele>44.799578</ele>
        <time>2026-09-05T15:16:16.000Z</time>
      </trkpt>
      <trkpt lat="51.914170" lon="6.241880">
        <ele>44.835672</ele>
        <time>2026-09-05T15:16:20.000Z</time>
      </trkpt>
      <trkpt lat="51.914169" lon="6.241743">
        <ele>44.887788</ele>
        <time>2026-09-05T15:16:30.000Z</time>
      </trkpt>
      <trkpt lat="51.914198" lon="6.241555">
        <ele>44.961502</ele>
        <time>2026-09-05T15:16:38.000Z</time>
      </trkpt>
      <trkpt lat="51.914205" lon="6.241431">
        <ele>45.008866</ele>
        <time>2026-09-05T15:16:47.000Z</time>
      </trkpt>
      <trkpt lat="51.914213" lon="6.241236">
        <ele>45.083204</ele>
        <time>2026-09-05T15:16:58.000Z</time>
      </trkpt>
      <trkpt lat="51.914220" lon="6.241103">
        <ele>45.133978</ele>
        <time>2026-09-05T15:17:07.000Z</time>
      </trkpt>
      <trkpt lat="51.914238" lon="6.240973">
        <ele>45.184658</ele>
        <time>2026-09-05T15:17:14.000Z</time>
      </trkpt>
      <trkpt lat="51.914244" lon="6.240932">
        <ele>45.200687</ele>
        <time>2026-09-05T15:17:16.000Z</time>
      </trkpt>
      <trkpt lat="51.914273" lon="6.240817">
        <ele>45.247945</ele>
        <time>2026-09-05T15:17:24.000Z</time>
      </trkpt>
      <trkpt lat="51.914292" lon="6.240679">
        <ele>45.301729</ele>
        <time>2026-09-05T15:17:31.000Z</time>
      </trkpt>
      <trkpt lat="51.914301" lon="6.240588">
        <ele>45.336785</ele>
        <time>2026-09-05T15:17:36.000Z</time>
      </trkpt>
      <trkpt lat="51.914300" lon="6.240498">
        <ele>45.371025</ele>
        <time>2026-09-05T15:17:41.000Z</time>
      </trkpt>
      <trkpt lat="51.914317" lon="6.240355">
        <ele>45.426420</ele>
        <time>2026-09-05T15:17:49.000Z</time>
      </trkpt>
      <trkpt lat="51.914322" lon="6.240311">
        <ele>45.443439</ele>
        <time>2026-09-05T15:17:52.000Z</time>
      </trkpt>
      <trkpt lat="51.914315" lon="6.240207">
        <ele>45.483233</ele>
        <time>2026-09-05T15:17:59.000Z</time>
      </trkpt>
      <trkpt lat="51.914327" lon="6.239978">
        <ele>45.784627</ele>
        <time>2026-09-05T15:18:10.000Z</time>
      </trkpt>
      <trkpt lat="51.914341" lon="6.239915">
        <ele>45.896329</ele>
        <time>2026-09-05T15:18:13.000Z</time>
      </trkpt>
      <trkpt lat="51.914348" lon="6.239866">
        <ele>45.980230</ele>
        <time>2026-09-05T15:18:16.000Z</time>
      </trkpt>
      <trkpt lat="51.914363" lon="6.239808">
        <ele>46.085139</ele>
        <time>2026-09-05T15:18:20.000Z</time>
      </trkpt>
      <trkpt lat="51.914368" lon="6.239772">
        <ele>46.146695</ele>
        <time>2026-09-05T15:18:22.000Z</time>
      </trkpt>
      <trkpt lat="51.914376" lon="6.239666">
        <ele>46.324832</ele>
        <time>2026-09-05T15:18:29.000Z</time>
      </trkpt>
      <trkpt lat="51.914370" lon="6.239637">
        <ele>46.375856</ele>
        <time>2026-09-05T15:18:31.000Z</time>
      </trkpt>
      <trkpt lat="51.914364" lon="6.239565">
        <ele>46.497051</ele>
        <time>2026-09-05T15:18:34.000Z</time>
      </trkpt>
      <trkpt lat="51.914374" lon="6.239451">
        <ele>46.689128</ele>
        <time>2026-09-05T15:18:40.000Z</time>
      </trkpt>
      <trkpt lat="51.914408" lon="6.239327">
        <ele>46.915488</ele>
        <time>2026-09-05T15:18:48.000Z</time>
      </trkpt>
      <trkpt lat="51.914424" lon="6.239164">
        <ele>47.190810</ele>
        <time>2026-09-05T15:18:57.000Z</time>
      </trkpt>
      <trkpt lat="51.914450" lon="6.238979">
        <ele>47.507318</ele>
        <time>2026-09-05T15:19:08.000Z</time>
      </trkpt>
      <trkpt lat="51.914480" lon="6.238897">
        <ele>47.666352</ele>
        <time>2026-09-05T15:19:13.000Z</time>
      </trkpt>
      <trkpt lat="51.914498" lon="6.238836">
        <ele>47.779150</ele>
        <time>2026-09-05T15:19:16.000Z</time>
      </trkpt>
      <trkpt lat="51.914519" lon="6.238672">
        <ele>48.058551</ele>
        <time>2026-09-05T15:19:26.000Z</time>
      </trkpt>
      <trkpt lat="51.914546" lon="6.238525">
        <ele>48.314401</ele>
        <time>2026-09-05T15:19:36.000Z</time>
      </trkpt>
      <trkpt lat="51.914582" lon="6.238365">
        <ele>48.598498</ele>
        <time>2026-09-05T15:19:44.000Z</time>
      </trkpt>
      <trkpt lat="51.914614" lon="6.238217">
        <ele>48.860104</ele>
        <time>2026-09-05T15:19:55.000Z</time>
      </trkpt>
      <trkpt lat="51.914626" lon="6.238104">
        <ele>49.051372</ele>
        <time>2026-09-05T15:20:01.000Z</time>
      </trkpt>
      <trkpt lat="51.914631" lon="6.238064">
        <ele>49.119452</ele>
        <time>2026-09-05T15:20:04.000Z</time>
      </trkpt>
      <trkpt lat="51.914667" lon="6.237906">
        <ele>49.400417</ele>
        <time>2026-09-05T15:20:13.000Z</time>
      </trkpt>
      <trkpt lat="51.914716" lon="6.237735">
        <ele>49.714937</ele>
        <time>2026-09-05T15:20:23.000Z</time>
      </trkpt>
      <trkpt lat="51.914783" lon="6.237598">
        <ele>50.006578</ele>
        <time>2026-09-05T15:20:33.000Z</time>
      </trkpt>
      <trkpt lat="51.914840" lon="6.237521">
        <ele>50.207222</ele>
        <time>2026-09-05T15:20:40.000Z</time>
      </trkpt>
      <trkpt lat="51.914866" lon="6.237496">
        <ele>50.288970</ele>
        <time>2026-09-05T15:20:43.000Z</time>
      </trkpt>
      <trkpt lat="51.914880" lon="6.237492">
        <ele>50.327413</ele>
        <time>2026-09-05T15:20:52.000Z</time>
      </trkpt>
      <trkpt lat="51.914950" lon="6.237385">
        <ele>50.896305</ele>
        <time>2026-09-05T15:21:02.000Z</time>
      </trkpt>
      <trkpt lat="51.915021" lon="6.237275">
        <ele>51.541292</ele>
        <time>2026-09-05T15:21:12.000Z</time>
      </trkpt>
      <trkpt lat="51.915084" lon="6.237226">
        <ele>52.000201</ele>
        <time>2026-09-05T15:21:18.000Z</time>
      </trkpt>
      <trkpt lat="51.915133" lon="6.237200">
        <ele>52.338809</ele>
        <time>2026-09-05T15:21:23.000Z</time>
      </trkpt>
      <trkpt lat="51.915163" lon="6.237090">
        <ele>52.826039</ele>
        <time>2026-09-05T15:21:32.000Z</time>
      </trkpt>
      <trkpt lat="51.915170" lon="6.237007">
        <ele>53.165405</ele>
        <time>2026-09-05T15:21:37.000Z</time>
      </trkpt>
      <trkpt lat="51.915182" lon="6.236943">
        <ele>53.436386</ele>
        <time>2026-09-05T15:21:42.000Z</time>
      </trkpt>
      <trkpt lat="51.915158" lon="6.236837">
        <ele>53.893812</ele>
        <time>2026-09-05T15:21:50.000Z</time>
      </trkpt>
      <trkpt lat="51.915153" lon="6.236824">
        <ele>53.955875</ele>
        <time>2026-09-05T15:21:52.000Z</time>
      </trkpt>
      <trkpt lat="51.915129" lon="6.236777">
        <ele>54.203052</ele>
        <time>2026-09-05T15:21:59.000Z</time>
      </trkpt>
      <trkpt lat="51.915111" lon="6.236726">
        <ele>54.441086</ele>
        <time>2026-09-05T15:22:08.000Z</time>
      </trkpt>
      <trkpt lat="51.915108" lon="6.236714">
        <ele>54.493540</ele>
        <time>2026-09-05T15:22:15.000Z</time>
      </trkpt>
      <trkpt lat="51.915101" lon="6.236685">
        <ele>54.619695</ele>
        <time>2026-09-05T15:22:17.000Z</time>
      </trkpt>
      <trkpt lat="51.915057" lon="6.236576">
        <ele>55.147412</ele>
        <time>2026-09-05T15:22:26.000Z</time>
      </trkpt>
      <trkpt lat="51.915047" lon="6.236550">
        <ele>55.271538</ele>
        <time>2026-09-05T15:22:28.000Z</time>
      </trkpt>
      <trkpt lat="51.914988" lon="6.236455">
        <ele>55.817666</ele>
        <time>2026-09-05T15:22:36.000Z</time>
      </trkpt>
      <trkpt lat="51.914962" lon="6.236383">
        <ele>56.155650</ele>
        <time>2026-09-05T15:22:42.000Z</time>
      </trkpt>
      <trkpt lat="51.914935" lon="6.236337">
        <ele>56.412886</ele>
        <time>2026-09-05T15:22:46.000Z</time>
      </trkpt>
      <trkpt lat="51.914849" lon="6.236233">
        <ele>57.117523</ele>
        <time>2026-09-05T15:22:57.000Z</time>
      </trkpt>
      <trkpt lat="51.914813" lon="6.236181">
        <ele>57.434188</ele>
        <time>2026-09-05T15:23:01.000Z</time>
      </trkpt>
      <trkpt lat="51.914770" lon="6.236119">
        <ele>57.812126</ele>
        <time>2026-09-05T15:23:07.000Z</time>
      </trkpt>
      <trkpt lat="51.914719" lon="6.235994">
        <ele>58.419264</ele>
        <time>2026-09-05T15:23:16.000Z</time>
      </trkpt>
      <trkpt lat="51.914698" lon="6.235950">
        <ele>58.644639</ele>
        <time>2026-09-05T15:23:19.000Z</time>
      </trkpt>
      <trkpt lat="51.914637" lon="6.235830">
        <ele>59.274576</ele>
        <time>2026-09-05T15:23:29.000Z</time>
      </trkpt>
      <trkpt lat="51.914619" lon="6.235798">
        <ele>59.450020</ele>
        <time>2026-09-05T15:23:32.000Z</time>
      </trkpt>
      <trkpt lat="51.914557" lon="6.235682">
        <ele>60.071820</ele>
        <time>2026-09-05T15:23:41.000Z</time>
      </trkpt>
      <trkpt lat="51.914551" lon="6.235673">
        <ele>60.125505</ele>
        <time>2026-09-05T15:23:42.000Z</time>
      </trkpt>
      <trkpt lat="51.914539" lon="6.235661">
        <ele>60.218103</ele>
        <time>2026-09-05T15:23:50.000Z</time>
      </trkpt>
      <trkpt lat="51.914513" lon="6.235603">
        <ele>60.508561</ele>
        <time>2026-09-05T15:23:58.000Z</time>
      </trkpt>
      <trkpt lat="51.914465" lon="6.235453">
        <ele>61.193132</ele>
        <time>2026-09-05T15:24:08.000Z</time>
      </trkpt>
      <trkpt lat="51.914463" lon="6.235444">
        <ele>61.231886</ele>
        <time>2026-09-05T15:24:09.000Z</time>
      </trkpt>
      <trkpt lat="51.914440" lon="6.235386">
        <ele>61.511217</ele>
        <time>2026-09-05T15:24:15.000Z</time>
      </trkpt>
      <trkpt lat="51.914401" lon="6.235305">
        <ele>61.927488</ele>
        <time>2026-09-05T15:24:21.000Z</time>
      </trkpt>
      <trkpt lat="51.914395" lon="6.235287">
        <ele>62.010374</ele>
        <time>2026-09-05T15:24:22.000Z</time>
      </trkpt>
      <trkpt lat="51.914339" lon="6.235154">
        <ele>62.609563</ele>
        <time>2026-09-05T15:24:32.000Z</time>
      </trkpt>
      <trkpt lat="51.914329" lon="6.235122">
        <ele>62.738740</ele>
        <time>2026-09-05T15:24:35.000Z</time>
      </trkpt>
      <trkpt lat="51.914298" lon="6.235072">
        <ele>62.994025</ele>
        <time>2026-09-05T15:24:40.000Z</time>
      </trkpt>
      <trkpt lat="51.914227" lon="6.234944">
        <ele>63.613912</ele>
        <time>2026-09-05T15:24:51.000Z</time>
      </trkpt>
      <trkpt lat="51.914185" lon="6.234879">
        <ele>63.952891</ele>
        <time>2026-09-05T15:25:00.000Z</time>
      </trkpt>
      <trkpt lat="51.914140" lon="6.234826">
        <ele>64.277605</ele>
        <time>2026-09-05T15:25:09.000Z</time>
      </trkpt>
      <trkpt lat="51.914117" lon="6.234786">
        <ele>64.474524</ele>
        <time>2026-09-05T15:25:12.000Z</time>
      </trkpt>
      <trkpt lat="51.914088" lon="6.234698">
        <ele>64.833804</ele>
        <time>2026-09-05T15:25:19.000Z</time>
      </trkpt>
      <trkpt lat="51.914056" lon="6.234622">
        <ele>65.165165</ele>
        <time>2026-09-05T15:25:25.000Z</time>
      </trkpt>
      <trkpt lat="51.914041" lon="6.234586">
        <ele>65.321607</ele>
        <time>2026-09-05T15:25:28.000Z</time>
      </trkpt>
      <trkpt lat="51.913976" lon="6.234453">
        <ele>65.932652</ele>
        <time>2026-09-05T15:25:40.000Z</time>
      </trkpt>
      <trkpt lat="51.913941" lon="6.234391">
        <ele>66.235301</ele>
        <time>2026-09-05T15:25:45.000Z</time>
      </trkpt>
      <trkpt lat="51.913909" lon="6.234330">
        <ele>66.523661</ele>
        <time>2026-09-05T15:25:50.000Z</time>
      </trkpt>
      <trkpt lat="51.913851" lon="6.234218">
        <ele>67.050268</ele>
        <time>2026-09-05T15:25:58.000Z</time>
      </trkpt>
      <trkpt lat="51.913827" lon="6.234174">
        <ele>67.261777</ele>
        <time>2026-09-05T15:26:01.000Z</time>
      </trkpt>
      <trkpt lat="51.913794" lon="6.234080">
        <ele>67.651260</ele>
        <time>2026-09-05T15:26:07.000Z</time>
      </trkpt>
      <trkpt lat="51.913768" lon="6.233993">
        <ele>67.999385</ele>
        <time>2026-09-05T15:26:17.000Z</time>
      </trkpt>
      <trkpt lat="51.913731" lon="6.233932">
        <ele>68.307460</ele>
        <time>2026-09-05T15:26:23.000Z</time>
      </trkpt>
      <trkpt lat="51.913714" lon="6.233923">
        <ele>68.411862</ele>
        <time>2026-09-05T15:26:25.000Z</time>
      </trkpt>
      <trkpt lat="51.913645" lon="6.233790">
        <ele>69.037678</ele>
        <time>2026-09-05T15:26:35.000Z</time>
      </trkpt>
      <trkpt lat="51.913636" lon="6.233763">
        <ele>69.148196</ele>
        <time>2026-09-05T15:26:37.000Z</time>
      </trkpt>
      <trkpt lat="51.913586" lon="6.233656">
        <ele>69.631591</ele>
        <time>2026-09-05T15:26:44.000Z</time>
      </trkpt>
      <trkpt lat="51.913526" lon="6.233549">
        <ele>70.152321</ele>
        <time>2026-09-05T15:26:54.000Z</time>
      </trkpt>
      <trkpt lat="51.913512" lon="6.233520">
        <ele>70.284933</ele>
        <time>2026-09-05T15:26:56.000Z</time>
      </trkpt>
      <trkpt lat="51.913474" lon="6.233444">
        <ele>70.637233</ele>
        <time>2026-09-05T15:27:04.000Z</time>
      </trkpt>
      <trkpt lat="51.913409" lon="6.233279">
        <ele>71.342247</ele>
        <time>2026-09-05T15:27:15.000Z</time>
      </trkpt>
      <trkpt lat="51.913378" lon="6.233179">
        <ele>71.745274</ele>
        <time>2026-09-05T15:27:25.000Z</time>
      </trkpt>
      <trkpt lat="51.913308" lon="6.233068">
        <ele>72.316917</ele>
        <time>2026-09-05T15:27:35.000Z</time>
      </trkpt>
      <trkpt lat="51.913236" lon="6.232924">
        <ele>72.743121</ele>
        <time>2026-09-05T15:27:45.000Z</time>
      </trkpt>
      <trkpt lat="51.913233" lon="6.232914">
        <ele>72.750953</ele>
        <time>2026-09-05T15:27:46.000Z</time>
      </trkpt>
      <trkpt lat="51.913188" lon="6.232807">
        <ele>72.842163</ele>
        <time>2026-09-05T15:27:55.000Z</time>
      </trkpt>
      <trkpt lat="51.913115" lon="6.232709">
        <ele>72.950383</ele>
        <time>2026-09-05T15:28:04.000Z</time>
      </trkpt>
      <trkpt lat="51.913045" lon="6.232581">
        <ele>73.070863</ele>
        <time>2026-09-05T15:28:13.000Z</time>
      </trkpt>
      <trkpt lat="51.913038" lon="6.232562">
        <ele>73.086450</ele>
        <time>2026-09-05T15:28:15.000Z</time>
      </trkpt>
      <trkpt lat="51.913005" lon="6.232484">
        <ele>73.153066</ele>
        <time>2026-09-05T15:28:21.000Z</time>
      </trkpt>
      <trkpt lat="51.912974" lon="6.232378">
        <ele>73.235689</ele>
        <time>2026-09-05T15:28:29.000Z</time>
      </trkpt>
      <trkpt lat="51.912920" lon="6.232259">
        <ele>73.339739</ele>
        <time>2026-09-05T15:28:38.000Z</time>
      </trkpt>
      <trkpt lat="51.912880" lon="6.232178">
        <ele>73.412818</ele>
        <time>2026-09-05T15:28:46.000Z</time>
      </trkpt>
      <trkpt lat="51.912822" lon="6.232051">
        <ele>73.524113</ele>
        <time>2026-09-05T15:28:54.000Z</time>
      </trkpt>
      <trkpt lat="51.912765" lon="6.231959">
        <ele>73.615951</ele>
        <time>2026-09-05T15:29:03.000Z</time>
      </trkpt>
      <trkpt lat="51.912700" lon="6.231841">
        <ele>73.727375</ele>
        <time>2026-09-05T15:29:12.000Z</time>
      </trkpt>
      <trkpt lat="51.912640" lon="6.231747">
        <ele>73.822646</ele>
        <time>2026-09-05T15:29:19.000Z</time>
      </trkpt>
      <trkpt lat="51.912622" lon="6.231708">
        <ele>73.856952</ele>
        <time>2026-09-05T15:29:22.000Z</time>
      </trkpt>
      <trkpt lat="51.912569" lon="6.231582">
        <ele>73.964365</ele>
        <time>2026-09-05T15:29:30.000Z</time>
      </trkpt>
      <trkpt lat="51.912528" lon="6.231459">
        <ele>74.062836</ele>
        <time>2026-09-05T15:29:39.000Z</time>
      </trkpt>
      <trkpt lat="51.912461" lon="6.231340">
        <ele>74.176313</ele>
        <time>2026-09-05T15:29:47.000Z</time>
      </trkpt>
      <trkpt lat="51.912412" lon="6.231228">
        <ele>74.273024</ele>
        <time>2026-09-05T15:29:55.000Z</time>
      </trkpt>
      <trkpt lat="51.912372" lon="6.231173">
        <ele>74.332911</ele>
        <time>2026-09-05T15:30:01.000Z</time>
      </trkpt>
      <trkpt lat="51.912348" lon="6.231129">
        <ele>74.374279</ele>
        <time>2026-09-05T15:30:04.000Z</time>
      </trkpt>
      <trkpt lat="51.912286" lon="6.231034">
        <ele>74.471688</ele>
        <time>2026-09-05T15:30:14.000Z</time>
      </trkpt>
      <trkpt lat="51.912223" lon="6.230877">
        <ele>74.603605</ele>
        <time>2026-09-05T15:30:23.000Z</time>
      </trkpt>
      <trkpt lat="51.912165" lon="6.230725">
        <ele>74.729489</ele>
        <time>2026-09-05T15:30:33.000Z</time>
      </trkpt>
      <trkpt lat="51.912109" lon="6.230607">
        <ele>74.741806</ele>
        <time>2026-09-05T15:30:43.000Z</time>
      </trkpt>
      <trkpt lat="51.912035" lon="6.230522">
        <ele>74.745783</ele>
        <time>2026-09-05T15:30:51.000Z</time>
      </trkpt>
      <trkpt lat="51.911979" lon="6.230358">
        <ele>74.750853</ele>
        <time>2026-09-05T15:31:01.000Z</time>
      </trkpt>
      <trkpt lat="51.911904" lon="6.230207">
        <ele>74.756097</ele>
        <time>2026-09-05T15:31:10.000Z</time>
      </trkpt>
      <trkpt lat="51.911849" lon="6.230102">
        <ele>74.759823</ele>
        <time>2026-09-05T15:31:18.000Z</time>
      </trkpt>
      <trkpt lat="51.911780" lon="6.229998">
        <ele>74.763954</ele>
        <time>2026-09-05T15:31:26.000Z</time>
      </trkpt>
      <trkpt lat="51.911757" lon="6.229908">
        <ele>74.766589</ele>
        <time>2026-09-05T15:31:35.000Z</time>
      </trkpt>
      <trkpt lat="51.911672" lon="6.229773">
        <ele>74.771807</ele>
        <time>2026-09-05T15:31:43.000Z</time>
      </trkpt>
      <trkpt lat="51.911622" lon="6.229643">
        <ele>74.775951</ele>
        <time>2026-09-05T15:31:52.000Z</time>
      </trkpt>
      <trkpt lat="51.911639" lon="6.229565">
        <ele>74.778188</ele>
        <time>2026-09-05T15:32:01.000Z</time>
      </trkpt>
      <trkpt lat="51.911647" lon="6.229571">
        <ele>74.778575</ele>
        <time>2026-09-05T15:32:02.000Z</time>
      </trkpt>
      <trkpt lat="51.911637" lon="6.229555">
        <ele>74.779191</ele>
        <time>2026-09-05T15:32:06.000Z</time>
      </trkpt>
      <trkpt lat="51.911642" lon="6.229545">
        <ele>74.779539</ele>
        <time>2026-09-05T15:32:07.000Z</time>
      </trkpt>
      <trkpt lat="51.911671" lon="6.229401">
        <ele>74.783636</ele>
        <time>2026-09-05T15:32:15.000Z</time>
      </trkpt>
      <trkpt lat="51.911671" lon="6.229276">
        <ele>74.787018</ele>
        <time>2026-09-05T15:32:23.000Z</time>
      </trkpt>
      <trkpt lat="51.911683" lon="6.229128">
        <ele>74.791055</ele>
        <time>2026-09-05T15:32:32.000Z</time>
      </trkpt>
      <trkpt lat="51.911682" lon="6.228999">
        <ele>74.794545</ele>
        <time>2026-09-05T15:32:40.000Z</time>
      </trkpt>
      <trkpt lat="51.911692" lon="6.228860">
        <ele>74.798330</ele>
        <time>2026-09-05T15:32:49.000Z</time>
      </trkpt>
      <trkpt lat="51.911674" lon="6.228701">
        <ele>74.802703</ele>
        <time>2026-09-05T15:32:58.000Z</time>
      </trkpt>
      <trkpt lat="51.911689" lon="6.228517">
        <ele>74.807723</ele>
        <time>2026-09-05T15:33:09.000Z</time>
      </trkpt>
      <trkpt lat="51.911698" lon="6.228351">
        <ele>74.812231</ele>
        <time>2026-09-05T15:33:19.000Z</time>
      </trkpt>
      <trkpt lat="51.911688" lon="6.228196">
        <ele>74.816446</ele>
        <time>2026-09-05T15:33:28.000Z</time>
      </trkpt>
      <trkpt lat="51.911664" lon="6.228065">
        <ele>74.629990</ele>
        <time>2026-09-05T15:33:36.000Z</time>
      </trkpt>
      <trkpt lat="51.911654" lon="6.227913">
        <ele>74.385689</ele>
        <time>2026-09-05T15:33:45.000Z</time>
      </trkpt>
      <trkpt lat="51.911653" lon="6.227855">
        <ele>74.292958</ele>
        <time>2026-09-05T15:33:48.000Z</time>
      </trkpt>
      <trkpt lat="51.911669" lon="6.227724">
        <ele>74.079532</ele>
        <time>2026-09-05T15:33:55.000Z</time>
      </trkpt>
      <trkpt lat="51.911680" lon="6.227501">
        <ele>73.721999</ele>
        <time>2026-09-05T15:34:06.000Z</time>
      </trkpt>
      <trkpt lat="51.911652" lon="6.227384">
        <ele>73.521434</ele>
        <time>2026-09-05T15:34:14.000Z</time>
      </trkpt>
      <trkpt lat="51.911657" lon="6.227301">
        <ele>73.388154</ele>
        <time>2026-09-05T15:34:19.000Z</time>
      </trkpt>
      <trkpt lat="51.911658" lon="6.227215">
        <ele>73.250685</ele>
        <time>2026-09-05T15:34:23.000Z</time>
      </trkpt>
      <trkpt lat="51.911649" lon="6.227139">
        <ele>73.127006</ele>
        <time>2026-09-05T15:34:27.000Z</time>
      </trkpt>
      <trkpt lat="51.911646" lon="6.227008">
        <ele>72.917500</ele>
        <time>2026-09-05T15:34:34.000Z</time>
      </trkpt>
      <trkpt lat="51.911650" lon="6.226834">
        <ele>72.639223</ele>
        <time>2026-09-05T15:34:43.000Z</time>
      </trkpt>
      <trkpt lat="51.911636" lon="6.226670">
        <ele>72.374623</ele>
        <time>2026-09-05T15:34:53.000Z</time>
      </trkpt>
      <trkpt lat="51.911629" lon="6.226557">
        <ele>72.193120</ele>
        <time>2026-09-05T15:35:00.000Z</time>
      </trkpt>
      <trkpt lat="51.911626" lon="6.226513">
        <ele>72.122371</ele>
        <time>2026-09-05T15:35:03.000Z</time>
      </trkpt>
      <trkpt lat="51.911630" lon="6.226340">
        <ele>71.845691</ele>
        <time>2026-09-05T15:35:12.000Z</time>
      </trkpt>
      <trkpt lat="51.911627" lon="6.226180">
        <ele>71.589864</ele>
        <time>2026-09-05T15:35:22.000Z</time>
      </trkpt>
      <trkpt lat="51.911623" lon="6.226139">
        <ele>71.523524</ele>
        <time>2026-09-05T15:35:25.000Z</time>
      </trkpt>
      <trkpt lat="51.911625" lon="6.226040">
        <ele>71.365219</ele>
        <time>2026-09-05T15:35:31.000Z</time>
      </trkpt>
      <trkpt lat="51.911612" lon="6.225909">
        <ele>71.153165</ele>
        <time>2026-09-05T15:35:40.000Z</time>
      </trkpt>
      <trkpt lat="51.911596" lon="6.225837">
        <ele>71.030857</ele>
        <time>2026-09-05T15:35:45.000Z</time>
      </trkpt>
      <trkpt lat="51.911589" lon="6.225781">
        <ele>70.939540</ele>
        <time>2026-09-05T15:35:49.000Z</time>
      </trkpt>
      <trkpt lat="51.911581" lon="6.225622">
        <ele>70.684584</ele>
        <time>2026-09-05T15:35:57.000Z</time>
      </trkpt>
      <trkpt lat="51.911568" lon="6.225495">
        <ele>70.478839</ele>
        <time>2026-09-05T15:36:04.000Z</time>
      </trkpt>
      <trkpt lat="51.911564" lon="6.225479">
        <ele>70.451248</ele>
        <time>2026-09-05T15:36:06.000Z</time>
      </trkpt>
      <trkpt lat="51.911571" lon="6.225359">
        <ele>70.258611</ele>
        <time>2026-09-05T15:36:14.000Z</time>
      </trkpt>
      <trkpt lat="51.911568" lon="6.225230">
        <ele>70.119790</ele>
        <time>2026-09-05T15:36:23.000Z</time>
      </trkpt>
      <trkpt lat="51.911565" lon="6.225198">
        <ele>70.101372</ele>
        <time>2026-09-05T15:36:25.000Z</time>
      </trkpt>
      <trkpt lat="51.911560" lon="6.225126">
        <ele>70.060143</ele>
        <time>2026-09-05T15:36:30.000Z</time>
      </trkpt>
      <trkpt lat="51.911556" lon="6.225076">
        <ele>70.031454</ele>
        <time>2026-09-05T15:36:33.000Z</time>
      </trkpt>
      <trkpt lat="51.911542" lon="6.224923">
        <ele>69.943439</ele>
        <time>2026-09-05T15:36:42.000Z</time>
      </trkpt>
      <trkpt lat="51.911526" lon="6.224781">
        <ele>69.861300</ele>
        <time>2026-09-05T15:36:51.000Z</time>
      </trkpt>
      <trkpt lat="51.911513" lon="6.224600">
        <ele>69.757609</ele>
        <time>2026-09-05T15:37:00.000Z</time>
      </trkpt>
      <trkpt lat="51.911492" lon="6.224424">
        <ele>69.655603</ele>
        <time>2026-09-05T15:37:11.000Z</time>
      </trkpt>
      <trkpt lat="51.911479" lon="6.224356">
        <ele>69.615093</ele>
        <time>2026-09-05T15:37:15.000Z</time>
      </trkpt>
      <trkpt lat="51.911451" lon="6.224232">
        <ele>69.539955</ele>
        <time>2026-09-05T15:37:21.000Z</time>
      </trkpt>
      <trkpt lat="51.911455" lon="6.224087">
        <ele>69.457363</ele>
        <time>2026-09-05T15:37:30.000Z</time>
      </trkpt>
      <trkpt lat="51.911452" lon="6.223942">
        <ele>69.374806</ele>
        <time>2026-09-05T15:37:39.000Z</time>
      </trkpt>
      <trkpt lat="51.911430" lon="6.223757">
        <ele>69.267597</ele>
        <time>2026-09-05T15:37:50.000Z</time>
      </trkpt>
      <trkpt lat="51.911395" lon="6.223594">
        <ele>69.169386</ele>
        <time>2026-09-05T15:37:59.000Z</time>
      </trkpt>
      <trkpt lat="51.911384" lon="6.223444">
        <ele>69.083430</ele>
        <time>2026-09-05T15:38:08.000Z</time>
      </trkpt>
      <trkpt lat="51.911375" lon="6.223285">
        <ele>68.992574</ele>
        <time>2026-09-05T15:38:16.000Z</time>
      </trkpt>
      <trkpt lat="51.911369" lon="6.223232">
        <ele>68.961911</ele>
        <time>2026-09-05T15:38:19.000Z</time>
      </trkpt>
      <trkpt lat="51.911366" lon="6.223168">
        <ele>68.925388</ele>
        <time>2026-09-05T15:38:23.000Z</time>
      </trkpt>
      <trkpt lat="51.911364" lon="6.223116">
        <ele>68.895741</ele>
        <time>2026-09-05T15:38:26.000Z</time>
      </trkpt>
      <trkpt lat="51.911337" lon="6.222962">
        <ele>68.804639</ele>
        <time>2026-09-05T15:38:35.000Z</time>
      </trkpt>
      <trkpt lat="51.911327" lon="6.222795">
        <ele>68.709164</ele>
        <time>2026-09-05T15:38:44.000Z</time>
      </trkpt>
      <trkpt lat="51.911334" lon="6.222652">
        <ele>68.627536</ele>
        <time>2026-09-05T15:38:53.000Z</time>
      </trkpt>
      <trkpt lat="51.911320" lon="6.222484">
        <ele>68.531070</ele>
        <time>2026-09-05T15:39:02.000Z</time>
      </trkpt>
      <trkpt lat="51.911296" lon="6.222299">
        <ele>68.530397</ele>
        <time>2026-09-05T15:39:12.000Z</time>
      </trkpt>
      <trkpt lat="51.911294" lon="6.222109">
        <ele>68.577481</ele>
        <time>2026-09-05T15:39:23.000Z</time>
      </trkpt>
      <trkpt lat="51.911316" lon="6.222101">
        <ele>68.586537</ele>
        <time>2026-09-05T15:39:30.000Z</time>
      </trkpt>
      <trkpt lat="51.911302" lon="6.222039">
        <ele>68.602895</ele>
        <time>2026-09-05T15:39:37.000Z</time>
      </trkpt>
      <trkpt lat="51.911287" lon="6.221883">
        <ele>68.642015</ele>
        <time>2026-09-05T15:39:46.000Z</time>
      </trkpt>
      <trkpt lat="51.911271" lon="6.221733">
        <ele>68.679732</ele>
        <time>2026-09-05T15:39:55.000Z</time>
      </trkpt>
      <trkpt lat="51.911245" lon="6.221676">
        <ele>68.697297</ele>
        <time>2026-09-05T15:40:03.000Z</time>
      </trkpt>
      <trkpt lat="51.911234" lon="6.221552">
        <ele>68.728337</ele>
        <time>2026-09-05T15:40:12.000Z</time>
      </trkpt>
      <trkpt lat="51.911228" lon="6.221406">
        <ele>68.764592</ele>
        <time>2026-09-05T15:40:20.000Z</time>
      </trkpt>
      <trkpt lat="51.911207" lon="6.221262">
        <ele>68.801255</ele>
        <time>2026-09-05T15:40:30.000Z</time>
      </trkpt>
      <trkpt lat="51.911197" lon="6.221032">
        <ele>68.858385</ele>
        <time>2026-09-05T15:40:41.000Z</time>
      </trkpt>
      <trkpt lat="51.911187" lon="6.220849">
        <ele>68.903905</ele>
        <time>2026-09-05T15:40:52.000Z</time>
      </trkpt>
      <trkpt lat="51.911178" lon="6.220651">
        <ele>68.953097</ele>
        <time>2026-09-05T15:41:02.000Z</time>
      </trkpt>
      <trkpt lat="51.911153" lon="6.220526">
        <ele>68.985656</ele>
        <time>2026-09-05T15:41:10.000Z</time>
      </trkpt>
      <trkpt lat="51.911176" lon="6.220477">
        <ele>69.000912</ele>
        <time>2026-09-05T15:41:17.000Z</time>
      </trkpt>
      <trkpt lat="51.911181" lon="6.220478">
        <ele>69.002936</ele>
        <time>2026-09-05T15:41:18.000Z</time>
      </trkpt>
      <trkpt lat="51.911178" lon="6.220445">
        <ele>69.011200</ele>
        <time>2026-09-05T15:41:23.000Z</time>
      </trkpt>
      <trkpt lat="51.911171" lon="6.220410">
        <ele>69.020317</ele>
        <time>2026-09-05T15:41:26.000Z</time>
      </trkpt>
      <trkpt lat="51.911195" lon="6.220334">
        <ele>69.041472</ele>
        <time>2026-09-05T15:41:34.000Z</time>
      </trkpt>
      <trkpt lat="51.911245" lon="6.220285">
        <ele>69.064939</ele>
        <time>2026-09-05T15:41:42.000Z</time>
      </trkpt>
      <trkpt lat="51.911253" lon="6.220282">
        <ele>69.068237</ele>
        <time>2026-09-05T15:41:46.000Z</time>
      </trkpt>
      <trkpt lat="51.911256" lon="6.220278">
        <ele>69.069797</ele>
        <time>2026-09-05T15:41:49.000Z</time>
      </trkpt>
      <trkpt lat="51.911256" lon="6.220275">
        <ele>69.070541</ele>
        <time>2026-09-05T15:41:58.000Z</time>
      </trkpt>
      <trkpt lat="51.911261" lon="6.220274">
        <ele>69.072564</ele>
        <time>2026-09-05T15:41:59.000Z</time>
      </trkpt>
      <trkpt lat="51.911290" lon="6.220271">
        <ele>69.084236</ele>
        <time>2026-09-05T15:42:08.000Z</time>
      </trkpt>
      <trkpt lat="51.911316" lon="6.220276">
        <ele>69.094752</ele>
        <time>2026-09-05T15:42:13.000Z</time>
      </trkpt>
      <trkpt lat="51.911279" lon="6.220278">
        <ele>69.109622</ele>
        <time>2026-09-05T15:42:20.000Z</time>
      </trkpt>
      <trkpt lat="51.911248" lon="6.220317">
        <ele>69.125383</ele>
        <time>2026-09-05T15:42:26.000Z</time>
      </trkpt>
      <trkpt lat="51.911252" lon="6.220317">
        <ele>69.126989</ele>
        <time>2026-09-05T15:42:29.000Z</time>
      </trkpt>
      <trkpt lat="51.911268" lon="6.220267">
        <ele>69.140946</ele>
        <time>2026-09-05T15:42:40.000Z</time>
      </trkpt>
      <trkpt lat="51.911306" lon="6.220240">
        <ele>69.157610</ele>
        <time>2026-09-05T15:42:48.000Z</time>
      </trkpt>
      <trkpt lat="51.911395" lon="6.220176">
        <ele>69.196717</ele>
        <time>2026-09-05T15:42:56.000Z</time>
      </trkpt>
      <trkpt lat="51.911420" lon="6.220165">
        <ele>69.207122</ele>
        <time>2026-09-05T15:42:59.000Z</time>
      </trkpt>
      <trkpt lat="51.911494" lon="6.220158">
        <ele>69.167779</ele>
        <time>2026-09-05T15:43:07.000Z</time>
      </trkpt>
      <trkpt lat="51.911534" lon="6.220147">
        <ele>69.115777</ele>
        <time>2026-09-05T15:43:10.000Z</time>
      </trkpt>
      <trkpt lat="51.911610" lon="6.220136">
        <ele>69.017976</ele>
        <time>2026-09-05T15:43:18.000Z</time>
      </trkpt>
      <trkpt lat="51.911626" lon="6.220129">
        <ele>68.996734</ele>
        <time>2026-09-05T15:43:22.000Z</time>
      </trkpt>
      <trkpt lat="51.911634" lon="6.220119">
        <ele>68.983786</ele>
        <time>2026-09-05T15:43:24.000Z</time>
      </trkpt>
      <trkpt lat="51.911651" lon="6.220061">
        <ele>68.933013</ele>
        <time>2026-09-05T15:43:29.000Z</time>
      </trkpt>
      <trkpt lat="51.911631" lon="6.219930">
        <ele>68.826308</ele>
        <time>2026-09-05T15:43:38.000Z</time>
      </trkpt>
      <trkpt lat="51.911625" lon="6.219873">
        <ele>68.780588</ele>
        <time>2026-09-05T15:43:42.000Z</time>
      </trkpt>
      <trkpt lat="51.911617" lon="6.219840">
        <ele>68.752553</ele>
        <time>2026-09-05T15:43:45.000Z</time>
      </trkpt>
      <trkpt lat="51.911612" lon="6.219794">
        <ele>68.715621</ele>
        <time>2026-09-05T15:43:49.000Z</time>
      </trkpt>
      <trkpt lat="51.911609" lon="6.219769">
        <ele>68.695484</ele>
        <time>2026-09-05T15:43:51.000Z</time>
      </trkpt>
      <trkpt lat="51.911605" lon="6.219752">
        <ele>68.681097</ele>
        <time>2026-09-05T15:43:52.000Z</time>
      </trkpt>
      <trkpt lat="51.911598" lon="6.219710">
        <ele>68.646698</ele>
        <time>2026-09-05T15:43:58.000Z</time>
      </trkpt>
      <trkpt lat="51.911575" lon="6.219581">
        <ele>68.540525</ele>
        <time>2026-09-05T15:44:07.000Z</time>
      </trkpt>
      <trkpt lat="51.911571" lon="6.219440">
        <ele>68.428921</ele>
        <time>2026-09-05T15:44:13.000Z</time>
      </trkpt>
      <trkpt lat="51.911566" lon="6.219416">
        <ele>68.408891</ele>
        <time>2026-09-05T15:44:14.000Z</time>
      </trkpt>
      <trkpt lat="51.911561" lon="6.219394">
        <ele>68.390353</ele>
        <time>2026-09-05T15:44:15.000Z</time>
      </trkpt>
      <trkpt lat="51.911549" lon="6.219336">
        <ele>68.341983</ele>
        <time>2026-09-05T15:44:19.000Z</time>
      </trkpt>
      <trkpt lat="51.911546" lon="6.219280">
        <ele>68.297538</ele>
        <time>2026-09-05T15:44:24.000Z</time>
      </trkpt>
      <trkpt lat="51.911547" lon="6.219122">
        <ele>68.172603</ele>
        <time>2026-09-05T15:44:33.000Z</time>
      </trkpt>
      <trkpt lat="51.911532" lon="6.218967">
        <ele>68.048548</ele>
        <time>2026-09-05T15:44:44.000Z</time>
      </trkpt>
      <trkpt lat="51.911512" lon="6.218818">
        <ele>67.927980</ele>
        <time>2026-09-05T15:44:53.000Z</time>
      </trkpt>
      <trkpt lat="51.911508" lon="6.218681">
        <ele>67.819535</ele>
        <time>2026-09-05T15:45:00.000Z</time>
      </trkpt>
      <trkpt lat="51.911506" lon="6.218633">
        <ele>67.781495</ele>
        <time>2026-09-05T15:45:03.000Z</time>
      </trkpt>
      <trkpt lat="51.911479" lon="6.218488">
        <ele>67.661737</ele>
        <time>2026-09-05T15:45:11.000Z</time>
      </trkpt>
      <trkpt lat="51.911430" lon="6.218318">
        <ele>67.513371</ele>
        <time>2026-09-05T15:45:21.000Z</time>
      </trkpt>
      <trkpt lat="51.911409" lon="6.218194">
        <ele>67.411698</ele>
        <time>2026-09-05T15:45:30.000Z</time>
      </trkpt>
      <trkpt lat="51.911396" lon="6.218133">
        <ele>67.360669</ele>
        <time>2026-09-05T15:45:33.000Z</time>
      </trkpt>
      <trkpt lat="51.911360" lon="6.217978">
        <ele>67.229714</ele>
        <time>2026-09-05T15:45:42.000Z</time>
      </trkpt>
      <trkpt lat="51.911317" lon="6.217823">
        <ele>67.095335</ele>
        <time>2026-09-05T15:45:54.000Z</time>
      </trkpt>
      <trkpt lat="51.911276" lon="6.217650">
        <ele>66.948798</ele>
        <time>2026-09-05T15:46:04.000Z</time>
      </trkpt>
      <trkpt lat="51.911270" lon="6.217631">
        <ele>66.931921</ele>
        <time>2026-09-05T15:46:05.000Z</time>
      </trkpt>
      <trkpt lat="51.911230" lon="6.217559">
        <ele>66.786335</ele>
        <time>2026-09-05T15:46:10.000Z</time>
      </trkpt>
      <trkpt lat="51.911216" lon="6.217524">
        <ele>66.715235</ele>
        <time>2026-09-05T15:46:12.000Z</time>
      </trkpt>
      <trkpt lat="51.911162" lon="6.217405">
        <ele>66.463435</ele>
        <time>2026-09-05T15:46:21.000Z</time>
      </trkpt>
      <trkpt lat="51.911114" lon="6.217412">
        <ele>66.330273</ele>
        <time>2026-09-05T15:46:28.000Z</time>
      </trkpt>
      <trkpt lat="51.911076" lon="6.217429">
        <ele>66.221352</ele>
        <time>2026-09-05T15:46:31.000Z</time>
      </trkpt>
      <trkpt lat="51.910999" lon="6.217482">
        <ele>65.990213</ele>
        <time>2026-09-05T15:46:40.000Z</time>
      </trkpt>
      <trkpt lat="51.910873" lon="6.217550">
        <ele>65.623282</ele>
        <time>2026-09-05T15:46:49.000Z</time>
      </trkpt>
      <trkpt lat="51.910828" lon="6.217558">
        <ele>65.498199</ele>
        <time>2026-09-05T15:46:52.000Z</time>
      </trkpt>
      <trkpt lat="51.910706" lon="6.217583">
        <ele>65.158424</ele>
        <time>2026-09-05T15:47:03.000Z</time>
      </trkpt>
      <trkpt lat="51.910579" lon="6.217637">
        <ele>64.795646</ele>
        <time>2026-09-05T15:47:14.000Z</time>
      </trkpt>
      <trkpt lat="51.910540" lon="6.217663">
        <ele>64.679130</ele>
        <time>2026-09-05T15:47:18.000Z</time>
      </trkpt>
      <trkpt lat="51.910479" lon="6.217683">
        <ele>64.507171</ele>
        <time>2026-09-05T15:47:24.000Z</time>
      </trkpt>
      <trkpt lat="51.910360" lon="6.217716">
        <ele>64.173592</ele>
        <time>2026-09-05T15:47:35.000Z</time>
      </trkpt>
      <trkpt lat="51.910233" lon="6.217745">
        <ele>63.819220</ele>
        <time>2026-09-05T15:47:46.000Z</time>
      </trkpt>
      <trkpt lat="51.910210" lon="6.217754">
        <ele>63.753844</ele>
        <time>2026-09-05T15:47:48.000Z</time>
      </trkpt>
      <trkpt lat="51.910153" lon="6.217771">
        <ele>63.593707</ele>
        <time>2026-09-05T15:47:56.000Z</time>
      </trkpt>
      <trkpt lat="51.910040" lon="6.217795">
        <ele>63.278814</ele>
        <time>2026-09-05T15:48:07.000Z</time>
      </trkpt>
      <trkpt lat="51.909901" lon="6.217851">
        <ele>62.883066</ele>
        <time>2026-09-05T15:48:17.000Z</time>
      </trkpt>
      <trkpt lat="51.909807" lon="6.217886">
        <ele>62.616576</ele>
        <time>2026-09-05T15:48:26.000Z</time>
      </trkpt>
      <trkpt lat="51.909719" lon="6.217911">
        <ele>62.369722</ele>
        <time>2026-09-05T15:48:33.000Z</time>
      </trkpt>
      <trkpt lat="51.909680" lon="6.217911">
        <ele>62.261963</ele>
        <time>2026-09-05T15:48:37.000Z</time>
      </trkpt>
      <trkpt lat="51.909591" lon="6.217942">
        <ele>62.010438</ele>
        <time>2026-09-05T15:48:46.000Z</time>
      </trkpt>
      <trkpt lat="51.909510" lon="6.217992">
        <ele>61.962926</ele>
        <time>2026-09-05T15:48:55.000Z</time>
      </trkpt>
      <trkpt lat="51.909414" lon="6.218035">
        <ele>61.990838</ele>
        <time>2026-09-05T15:49:04.000Z</time>
      </trkpt>
      <trkpt lat="51.909279" lon="6.218072">
        <ele>62.029207</ele>
        <time>2026-09-05T15:49:14.000Z</time>
      </trkpt>
      <trkpt lat="51.909191" lon="6.218119">
        <ele>62.055172</ele>
        <time>2026-09-05T15:49:25.000Z</time>
      </trkpt>
      <trkpt lat="51.909095" lon="6.218133">
        <ele>62.082184</ele>
        <time>2026-09-05T15:49:34.000Z</time>
      </trkpt>
      <trkpt lat="51.908992" lon="6.218186">
        <ele>62.112468</ele>
        <time>2026-09-05T15:49:44.000Z</time>
      </trkpt>
      <trkpt lat="51.908949" lon="6.218209">
        <ele>62.125158</ele>
        <time>2026-09-05T15:49:48.000Z</time>
      </trkpt>
      <trkpt lat="51.908910" lon="6.218225">
        <ele>62.136432</ele>
        <time>2026-09-05T15:49:52.000Z</time>
      </trkpt>
      <trkpt lat="51.908774" lon="6.218192">
        <ele>62.174969</ele>
        <time>2026-09-05T15:50:02.000Z</time>
      </trkpt>
      <trkpt lat="51.908775" lon="6.218158">
        <ele>62.180854</ele>
        <time>2026-09-05T15:50:08.000Z</time>
      </trkpt>
      <trkpt lat="51.908756" lon="6.218099">
        <ele>62.192360</ele>
        <time>2026-09-05T15:50:14.000Z</time>
      </trkpt>
      <trkpt lat="51.908737" lon="6.218041">
        <ele>62.203714</ele>
        <time>2026-09-05T15:50:20.000Z</time>
      </trkpt>
      <trkpt lat="51.908683" lon="6.217916">
        <ele>62.230096</ele>
        <time>2026-09-05T15:50:29.000Z</time>
      </trkpt>
      <trkpt lat="51.908638" lon="6.217796">
        <ele>62.254374</ele>
        <time>2026-09-05T15:50:38.000Z</time>
      </trkpt>
      <trkpt lat="51.908616" lon="6.217686">
        <ele>62.274366</ele>
        <time>2026-09-05T15:50:45.000Z</time>
      </trkpt>
      <trkpt lat="51.908581" lon="6.217587">
        <ele>62.294093</ele>
        <time>2026-09-05T15:50:53.000Z</time>
      </trkpt>
      <trkpt lat="51.908489" lon="6.217473">
        <ele>62.326546</ele>
        <time>2026-09-05T15:51:02.000Z</time>
      </trkpt>
      <trkpt lat="51.908397" lon="6.217293">
        <ele>62.366958</ele>
        <time>2026-09-05T15:51:14.000Z</time>
      </trkpt>
      <trkpt lat="51.908360" lon="6.217214">
        <ele>62.384106</ele>
        <time>2026-09-05T15:51:19.000Z</time>
      </trkpt>
      <trkpt lat="51.908336" lon="6.217158">
        <ele>62.395894</ele>
        <time>2026-09-05T15:51:23.000Z</time>
      </trkpt>
      <trkpt lat="51.908266" lon="6.217026">
        <ele>62.425988</ele>
        <time>2026-09-05T15:51:34.000Z</time>
      </trkpt>
      <trkpt lat="51.908252" lon="6.216998">
        <ele>62.432219</ele>
        <time>2026-09-05T15:51:36.000Z</time>
      </trkpt>
      <trkpt lat="51.908202" lon="6.216912">
        <ele>62.494007</ele>
        <time>2026-09-05T15:51:42.000Z</time>
      </trkpt>
      <trkpt lat="51.908119" lon="6.216803">
        <ele>62.893759</ele>
        <time>2026-09-05T15:51:53.000Z</time>
      </trkpt>
      <trkpt lat="51.908054" lon="6.216638">
        <ele>63.345731</ele>
        <time>2026-09-05T15:52:03.000Z</time>
      </trkpt>
      <trkpt lat="51.908037" lon="6.216591">
        <ele>63.471513</ele>
        <time>2026-09-05T15:52:06.000Z</time>
      </trkpt>
      <trkpt lat="51.907986" lon="6.216477">
        <ele>63.796620</ele>
        <time>2026-09-05T15:52:13.000Z</time>
      </trkpt>
      <trkpt lat="51.907932" lon="6.216344">
        <ele>64.164207</ele>
        <time>2026-09-05T15:52:22.000Z</time>
      </trkpt>
      <trkpt lat="51.907881" lon="6.216205">
        <ele>64.537580</ele>
        <time>2026-09-05T15:52:32.000Z</time>
      </trkpt>
      <trkpt lat="51.907867" lon="6.216170">
        <ele>64.633883</ele>
        <time>2026-09-05T15:52:35.000Z</time>
      </trkpt>
      <trkpt lat="51.907847" lon="6.216131">
        <ele>64.750968</ele>
        <time>2026-09-05T15:52:39.000Z</time>
      </trkpt>
      <trkpt lat="51.907841" lon="6.216124">
        <ele>64.778632</ele>
        <time>2026-09-05T15:52:40.000Z</time>
      </trkpt>
      <trkpt lat="51.907793" lon="6.216068">
        <ele>64.999949</ele>
        <time>2026-09-05T15:52:47.000Z</time>
      </trkpt>
      <trkpt lat="51.907789" lon="6.216070">
        <ele>65.015614</ele>
        <time>2026-09-05T15:52:48.000Z</time>
      </trkpt>
      <trkpt lat="51.907786" lon="6.216075">
        <ele>65.031717</ele>
        <time>2026-09-05T15:52:58.000Z</time>
      </trkpt>
      <trkpt lat="51.907798" lon="6.216116">
        <ele>65.136486</ele>
        <time>2026-09-05T15:53:05.000Z</time>
      </trkpt>
      <trkpt lat="51.907827" lon="6.216083">
        <ele>65.269083</ele>
        <time>2026-09-05T15:57:24.000Z</time>
      </trkpt>
      <trkpt lat="51.907824" lon="6.216080">
        <ele>65.282275</ele>
        <time>2026-09-05T15:57:25.000Z</time>
      </trkpt>
      <trkpt lat="51.907822" lon="6.216075">
        <ele>65.296032</ele>
        <time>2026-09-05T15:57:26.000Z</time>
      </trkpt>
      <trkpt lat="51.907794" lon="6.216053">
        <ele>65.412476</ele>
        <time>2026-09-05T15:57:35.000Z</time>
      </trkpt>
      <trkpt lat="51.907795" lon="6.216086">
        <ele>65.488755</ele>
        <time>2026-09-05T15:57:41.000Z</time>
      </trkpt>
      <trkpt lat="51.907791" lon="6.216086">
        <ele>65.503724</ele>
        <time>2026-09-05T15:57:42.000Z</time>
      </trkpt>
      <trkpt lat="51.907785" lon="6.216077">
        <ele>65.534316</ele>
        <time>2026-09-05T15:57:43.000Z</time>
      </trkpt>
      <trkpt lat="51.907727" lon="6.215987">
        <ele>65.834790</ele>
        <time>2026-09-05T15:57:50.000Z</time>
      </trkpt>
      <trkpt lat="51.907675" lon="6.215878">
        <ele>66.152902</ele>
        <time>2026-09-05T15:57:59.000Z</time>
      </trkpt>
      <trkpt lat="51.907639" lon="6.215745">
        <ele>66.488214</ele>
        <time>2026-09-05T15:58:08.000Z</time>
      </trkpt>
      <trkpt lat="51.907634" lon="6.215735">
        <ele>66.517931</ele>
        <time>2026-09-05T15:58:09.000Z</time>
      </trkpt>
      <trkpt lat="51.907577" lon="6.215649">
        <ele>66.809345</ele>
        <time>2026-09-05T15:58:17.000Z</time>
      </trkpt>
      <trkpt lat="51.907569" lon="6.215637">
        <ele>66.850135</ele>
        <time>2026-09-05T15:58:18.000Z</time>
      </trkpt>
      <trkpt lat="51.907532" lon="6.215567">
        <ele>67.062949</ele>
        <time>2026-09-05T15:58:23.000Z</time>
      </trkpt>
      <trkpt lat="51.907518" lon="6.215532">
        <ele>67.159252</ele>
        <time>2026-09-05T15:58:27.000Z</time>
      </trkpt>
      <trkpt lat="51.907524" lon="6.215476">
        <ele>67.290475</ele>
        <time>2026-09-05T15:58:34.000Z</time>
      </trkpt>
      <trkpt lat="51.907539" lon="6.215497">
        <ele>67.364648</ele>
        <time>2026-09-05T15:58:36.000Z</time>
      </trkpt>
      <trkpt lat="51.907541" lon="6.215468">
        <ele>67.432017</ele>
        <time>2026-09-05T15:58:40.000Z</time>
      </trkpt>
      <trkpt lat="51.907527" lon="6.215419">
        <ele>67.556687</ele>
        <time>2026-09-05T15:58:43.000Z</time>
      </trkpt>
      <trkpt lat="51.907487" lon="6.215340">
        <ele>67.792637</ele>
        <time>2026-09-05T15:58:51.000Z</time>
      </trkpt>
      <trkpt lat="51.907481" lon="6.215322">
        <ele>67.839872</ele>
        <time>2026-09-05T15:58:53.000Z</time>
      </trkpt>
      <trkpt lat="51.907437" lon="6.215165">
        <ele>68.237987</ele>
        <time>2026-09-05T15:59:02.000Z</time>
      </trkpt>
      <trkpt lat="51.907399" lon="6.214984">
        <ele>68.679399</ele>
        <time>2026-09-05T15:59:12.000Z</time>
      </trkpt>
      <trkpt lat="51.907377" lon="6.214867">
        <ele>68.961787</ele>
        <time>2026-09-05T15:59:21.000Z</time>
      </trkpt>
      <trkpt lat="51.907340" lon="6.214730">
        <ele>69.147482</ele>
        <time>2026-09-05T15:59:30.000Z</time>
      </trkpt>
      <trkpt lat="51.907298" lon="6.214532">
        <ele>69.022507</ele>
        <time>2026-09-05T15:59:41.000Z</time>
      </trkpt>
      <trkpt lat="51.907263" lon="6.214422">
        <ele>68.948632</ele>
        <time>2026-09-05T15:59:50.000Z</time>
      </trkpt>
      <trkpt lat="51.907258" lon="6.214408">
        <ele>68.938976</ele>
        <time>2026-09-05T15:59:51.000Z</time>
      </trkpt>
      <trkpt lat="51.907244" lon="6.214365">
        <ele>68.909955</ele>
        <time>2026-09-05T15:59:58.000Z</time>
      </trkpt>
      <trkpt lat="51.907229" lon="6.214273">
        <ele>68.853156</ele>
        <time>2026-09-05T16:00:07.000Z</time>
      </trkpt>
      <trkpt lat="51.907251" lon="6.214240">
        <ele>68.824156</ele>
        <time>2026-09-05T16:00:18.000Z</time>
      </trkpt>
      <trkpt lat="51.907218" lon="6.214206">
        <ele>68.786324</ele>
        <time>2026-09-05T16:00:27.000Z</time>
      </trkpt>
      <trkpt lat="51.907200" lon="6.214131">
        <ele>68.738289</ele>
        <time>2026-09-05T16:00:34.000Z</time>
      </trkpt>
      <trkpt lat="51.907191" lon="6.214078">
        <ele>68.705478</ele>
        <time>2026-09-05T16:00:37.000Z</time>
      </trkpt>
      <trkpt lat="51.907173" lon="6.213940">
        <ele>68.621286</ele>
        <time>2026-09-05T16:00:46.000Z</time>
      </trkpt>
      <trkpt lat="51.907164" lon="6.213877">
        <ele>68.582687</ele>
        <time>2026-09-05T16:00:50.000Z</time>
      </trkpt>
      <trkpt lat="51.907137" lon="6.213729">
        <ele>68.490566</ele>
        <time>2026-09-05T16:00:59.000Z</time>
      </trkpt>
      <trkpt lat="51.907102" lon="6.213591">
        <ele>68.401507</ele>
        <time>2026-09-05T16:01:08.000Z</time>
      </trkpt>
      <trkpt lat="51.907069" lon="6.213434">
        <ele>68.302505</ele>
        <time>2026-09-05T16:01:16.000Z</time>
      </trkpt>
      <trkpt lat="51.907025" lon="6.213250">
        <ele>68.184716</ele>
        <time>2026-09-05T16:01:27.000Z</time>
      </trkpt>
      <trkpt lat="51.906983" lon="6.213064">
        <ele>68.066491</ele>
        <time>2026-09-05T16:01:38.000Z</time>
      </trkpt>
      <trkpt lat="51.906945" lon="6.212897">
        <ele>67.960247</ele>
        <time>2026-09-05T16:01:48.000Z</time>
      </trkpt>
      <trkpt lat="51.906900" lon="6.212747">
        <ele>67.860688</ele>
        <time>2026-09-05T16:01:57.000Z</time>
      </trkpt>
      <trkpt lat="51.906872" lon="6.212526">
        <ele>67.726022</ele>
        <time>2026-09-05T16:02:09.000Z</time>
      </trkpt>
      <trkpt lat="51.906860" lon="6.212472">
        <ele>67.691763</ele>
        <time>2026-09-05T16:02:12.000Z</time>
      </trkpt>
      <trkpt lat="51.906842" lon="6.212378">
        <ele>67.633014</ele>
        <time>2026-09-05T16:02:18.000Z</time>
      </trkpt>
      <trkpt lat="51.906837" lon="6.212272">
        <ele>67.569559</ele>
        <time>2026-09-05T16:02:25.000Z</time>
      </trkpt>
      <trkpt lat="51.906832" lon="6.212235">
        <ele>67.546950</ele>
        <time>2026-09-05T16:02:27.000Z</time>
      </trkpt>
      <trkpt lat="51.906791" lon="6.212063">
        <ele>67.421518</ele>
        <time>2026-09-05T16:02:36.000Z</time>
      </trkpt>
      <trkpt lat="51.906777" lon="6.211912">
        <ele>66.890274</ele>
        <time>2026-09-05T16:02:46.000Z</time>
      </trkpt>
      <trkpt lat="51.906777" lon="6.211902">
        <ele>66.855482</ele>
        <time>2026-09-05T16:02:47.000Z</time>
      </trkpt>
      <trkpt lat="51.906778" lon="6.211700">
        <ele>66.152680</ele>
        <time>2026-09-05T16:02:57.000Z</time>
      </trkpt>
      <trkpt lat="51.906773" lon="6.211661">
        <ele>66.014096</ele>
        <time>2026-09-05T16:03:05.000Z</time>
      </trkpt>
      <trkpt lat="51.906744" lon="6.211628">
        <ele>65.814280</ele>
        <time>2026-09-05T16:03:15.000Z</time>
      </trkpt>
      <trkpt lat="51.906712" lon="6.211613">
        <ele>65.626429</ele>
        <time>2026-09-05T16:03:26.000Z</time>
      </trkpt>
      <trkpt lat="51.906716" lon="6.211609">
        <ele>65.599925</ele>
        <time>2026-09-05T16:03:27.000Z</time>
      </trkpt>
      <trkpt lat="51.906729" lon="6.211579">
        <ele>65.472378</ele>
        <time>2026-09-05T16:03:33.000Z</time>
      </trkpt>
      <trkpt lat="51.906761" lon="6.211513">
        <ele>65.180332</ele>
        <time>2026-09-05T16:03:38.000Z</time>
      </trkpt>
      <trkpt lat="51.906771" lon="6.211477">
        <ele>65.042974</ele>
        <time>2026-09-05T16:03:40.000Z</time>
      </trkpt>
      <trkpt lat="51.906772" lon="6.211364">
        <ele>64.649795</ele>
        <time>2026-09-05T16:03:48.000Z</time>
      </trkpt>
      <trkpt lat="51.906773" lon="6.211352">
        <ele>64.607666</ele>
        <time>2026-09-05T16:03:49.000Z</time>
      </trkpt>
      <trkpt lat="51.906778" lon="6.211236">
        <ele>64.203106</ele>
        <time>2026-09-05T16:04:01.000Z</time>
      </trkpt>
      <trkpt lat="51.906779" lon="6.211239">
        <ele>64.191243</ele>
        <time>2026-09-05T16:04:13.000Z</time>
      </trkpt>
      <trkpt lat="51.906775" lon="6.211245">
        <ele>64.160509</ele>
        <time>2026-09-05T16:04:23.000Z</time>
      </trkpt>
      <trkpt lat="51.906812" lon="6.211270">
        <ele>63.934453</ele>
        <time>2026-09-05T16:04:33.000Z</time>
      </trkpt>
      <trkpt lat="51.906789" lon="6.211276">
        <ele>63.803081</ele>
        <time>2026-09-05T16:04:45.000Z</time>
      </trkpt>
      <trkpt lat="51.906767" lon="6.211255">
        <ele>63.659102</ele>
        <time>2026-09-05T16:04:56.000Z</time>
      </trkpt>
      <trkpt lat="51.906667" lon="6.211126">
        <ele>62.938381</ele>
        <time>2026-09-05T16:05:05.000Z</time>
      </trkpt>
      <trkpt lat="51.906660" lon="6.211101">
        <ele>62.842864</ele>
        <time>2026-09-05T16:05:11.000Z</time>
      </trkpt>
      <trkpt lat="51.906666" lon="6.211123">
        <ele>62.759178</ele>
        <time>2026-09-05T16:05:14.000Z</time>
      </trkpt>
      <trkpt lat="51.906687" lon="6.211170">
        <ele>62.557281</ele>
        <time>2026-09-05T16:05:19.000Z</time>
      </trkpt>
      <trkpt lat="51.906702" lon="6.211198">
        <ele>62.428265</ele>
        <time>2026-09-05T16:05:22.000Z</time>
      </trkpt>
      <trkpt lat="51.906723" lon="6.211282">
        <ele>62.112937</ele>
        <time>2026-09-05T16:05:31.000Z</time>
      </trkpt>
      <trkpt lat="51.906723" lon="6.211297">
        <ele>62.060750</ele>
        <time>2026-09-05T16:05:40.000Z</time>
      </trkpt>
      <trkpt lat="51.906731" lon="6.211257">
        <ele>61.914456</ele>
        <time>2026-09-05T16:05:49.000Z</time>
      </trkpt>
      <trkpt lat="51.906781" lon="6.211251">
        <ele>61.631721</ele>
        <time>2026-09-05T16:06:00.000Z</time>
      </trkpt>
      <trkpt lat="51.906724" lon="6.211281">
        <ele>61.293762</ele>
        <time>2026-09-05T16:06:11.000Z</time>
      </trkpt>
      <trkpt lat="51.906729" lon="6.211242">
        <ele>61.155177</ele>
        <time>2026-09-05T16:06:20.000Z</time>
      </trkpt>
      <trkpt lat="51.906739" lon="6.211235">
        <ele>61.093751</ele>
        <time>2026-09-05T16:06:25.000Z</time>
      </trkpt>
      <trkpt lat="51.906746" lon="6.211198">
        <ele>60.959107</ele>
        <time>2026-09-05T16:06:28.000Z</time>
      </trkpt>
      <trkpt lat="51.906770" lon="6.211012">
        <ele>60.297991</ele>
        <time>2026-09-05T16:06:40.000Z</time>
      </trkpt>
      <trkpt lat="51.906764" lon="6.210837">
        <ele>59.688208</ele>
        <time>2026-09-05T16:06:51.000Z</time>
      </trkpt>
      <trkpt lat="51.906751" lon="6.210718">
        <ele>59.267753</ele>
        <time>2026-09-05T16:06:57.000Z</time>
      </trkpt>
      <trkpt lat="51.906756" lon="6.210636">
        <ele>58.981076</ele>
        <time>2026-09-05T16:07:02.000Z</time>
      </trkpt>
      <trkpt lat="51.906774" lon="6.210541">
        <ele>58.635325</ele>
        <time>2026-09-05T16:07:08.000Z</time>
      </trkpt>
      <trkpt lat="51.906782" lon="6.210461">
        <ele>58.353364</ele>
        <time>2026-09-05T16:07:12.000Z</time>
      </trkpt>
      <trkpt lat="51.906786" lon="6.210390">
        <ele>58.105319</ele>
        <time>2026-09-05T16:07:16.000Z</time>
      </trkpt>
      <trkpt lat="51.906788" lon="6.210326">
        <ele>57.882371</ele>
        <time>2026-09-05T16:07:21.000Z</time>
      </trkpt>
      <trkpt lat="51.906797" lon="6.210265">
        <ele>57.664161</ele>
        <time>2026-09-05T16:07:25.000Z</time>
      </trkpt>
      <trkpt lat="51.906814" lon="6.210160">
        <ele>57.284096</ele>
        <time>2026-09-05T16:07:31.000Z</time>
      </trkpt>
      <trkpt lat="51.906825" lon="6.210103">
        <ele>57.029248</ele>
        <time>2026-09-05T16:07:34.000Z</time>
      </trkpt>
      <trkpt lat="51.906845" lon="6.210015">
        <ele>56.629072</ele>
        <time>2026-09-05T16:07:39.000Z</time>
      </trkpt>
      <trkpt lat="51.906854" lon="6.209970">
        <ele>56.427213</ele>
        <time>2026-09-05T16:07:42.000Z</time>
      </trkpt>
      <trkpt lat="51.906862" lon="6.209902">
        <ele>56.131821</ele>
        <time>2026-09-05T16:07:46.000Z</time>
      </trkpt>
      <trkpt lat="51.906864" lon="6.209883">
        <ele>56.049574</ele>
        <time>2026-09-05T16:07:47.000Z</time>
      </trkpt>
      <trkpt lat="51.906877" lon="6.209807">
        <ele>55.713038</ele>
        <time>2026-09-05T16:07:51.000Z</time>
      </trkpt>
      <trkpt lat="51.906895" lon="6.209718">
        <ele>55.313379</ele>
        <time>2026-09-05T16:07:57.000Z</time>
      </trkpt>
      <trkpt lat="51.906905" lon="6.209665">
        <ele>55.076882</ele>
        <time>2026-09-05T16:08:00.000Z</time>
      </trkpt>
      <trkpt lat="51.906933" lon="6.209554">
        <ele>54.565169</ele>
        <time>2026-09-05T16:08:06.000Z</time>
      </trkpt>
      <trkpt lat="51.906940" lon="6.209519">
        <ele>54.408168</ele>
        <time>2026-09-05T16:08:08.000Z</time>
      </trkpt>
      <trkpt lat="51.906951" lon="6.209426">
        <ele>54.004100</ele>
        <time>2026-09-05T16:08:14.000Z</time>
      </trkpt>
      <trkpt lat="51.906958" lon="6.209319">
        <ele>53.544959</ele>
        <time>2026-09-05T16:08:20.000Z</time>
      </trkpt>
      <trkpt lat="51.906944" lon="6.209209">
        <ele>53.065693</ele>
        <time>2026-09-05T16:08:27.000Z</time>
      </trkpt>
      <trkpt lat="51.906941" lon="6.209171">
        <ele>52.902220</ele>
        <time>2026-09-05T16:08:30.000Z</time>
      </trkpt>
      <trkpt lat="51.906930" lon="6.209157">
        <ele>52.805487</ele>
        <time>2026-09-05T16:08:37.000Z</time>
      </trkpt>
      <trkpt lat="51.906930" lon="6.209139">
        <ele>52.728679</ele>
        <time>2026-09-05T16:08:38.000Z</time>
      </trkpt>
      <trkpt lat="51.906925" lon="6.209034">
        <ele>52.279299</ele>
        <time>2026-09-05T16:08:44.000Z</time>
      </trkpt>
      <trkpt lat="51.906934" lon="6.208997">
        <ele>52.109587</ele>
        <time>2026-09-05T16:08:46.000Z</time>
      </trkpt>
      <trkpt lat="51.906954" lon="6.208860">
        <ele>51.508849</ele>
        <time>2026-09-05T16:08:52.000Z</time>
      </trkpt>
      <trkpt lat="51.906957" lon="6.208777">
        <ele>51.154072</ele>
        <time>2026-09-05T16:08:56.000Z</time>
      </trkpt>
      <trkpt lat="51.906961" lon="6.208748">
        <ele>51.027271</ele>
        <time>2026-09-05T16:08:59.000Z</time>
      </trkpt>
      <trkpt lat="51.906984" lon="6.208610">
        <ele>50.417300</ele>
        <time>2026-09-05T16:09:06.000Z</time>
      </trkpt>
      <trkpt lat="51.906988" lon="6.208457">
        <ele>49.763847</ele>
        <time>2026-09-05T16:09:15.000Z</time>
      </trkpt>
      <trkpt lat="51.906984" lon="6.208404">
        <ele>49.536004</ele>
        <time>2026-09-05T16:09:17.000Z</time>
      </trkpt>
      <trkpt lat="51.906984" lon="6.208361">
        <ele>49.352518</ele>
        <time>2026-09-05T16:09:19.000Z</time>
      </trkpt>
      <trkpt lat="51.907041" lon="6.208214">
        <ele>48.611647</ele>
        <time>2026-09-05T16:09:27.000Z</time>
      </trkpt>
      <trkpt lat="51.907070" lon="6.208121">
        <ele>48.166996</ele>
        <time>2026-09-05T16:09:33.000Z</time>
      </trkpt>
      <trkpt lat="51.907062" lon="6.208057">
        <ele>47.888352</ele>
        <time>2026-09-05T16:09:37.000Z</time>
      </trkpt>
      <trkpt lat="51.907017" lon="6.207947">
        <ele>47.325154</ele>
        <time>2026-09-05T16:09:45.000Z</time>
      </trkpt>
      <trkpt lat="51.906994" lon="6.207899">
        <ele>47.065811</ele>
        <time>2026-09-05T16:09:48.000Z</time>
      </trkpt>
      <trkpt lat="51.906965" lon="6.207861">
        <ele>46.807887</ele>
        <time>2026-09-05T16:09:53.000Z</time>
      </trkpt>
      <trkpt lat="51.906880" lon="6.207772">
        <ele>46.107984</ele>
        <time>2026-09-05T16:10:02.000Z</time>
      </trkpt>
      <trkpt lat="51.906843" lon="6.207742">
        <ele>45.821839</ele>
        <time>2026-09-05T16:10:05.000Z</time>
      </trkpt>
      <trkpt lat="51.906794" lon="6.207686">
        <ele>45.407155</ele>
        <time>2026-09-05T16:10:10.000Z</time>
      </trkpt>
      <trkpt lat="51.906767" lon="6.207651">
        <ele>45.168032</ele>
        <time>2026-09-05T16:10:13.000Z</time>
      </trkpt>
      <trkpt lat="51.906745" lon="6.207598">
        <ele>44.895449</ele>
        <time>2026-09-05T16:10:16.000Z</time>
      </trkpt>
      <trkpt lat="51.906668" lon="6.207463">
        <ele>45.073586</ele>
        <time>2026-09-05T16:10:26.000Z</time>
      </trkpt>
      <trkpt lat="51.906651" lon="6.207440">
        <ele>45.118155</ele>
        <time>2026-09-05T16:10:28.000Z</time>
      </trkpt>
      <trkpt lat="51.906598" lon="6.207337">
        <ele>45.284702</ele>
        <time>2026-09-05T16:10:36.000Z</time>
      </trkpt>
      <trkpt lat="51.906531" lon="6.207207">
        <ele>45.495044</ele>
        <time>2026-09-05T16:10:45.000Z</time>
      </trkpt>
      <trkpt lat="51.906444" lon="6.207213">
        <ele>45.670309</ele>
        <time>2026-09-05T16:10:53.000Z</time>
      </trkpt>
      <trkpt lat="51.906428" lon="6.207213">
        <ele>45.702513</ele>
        <time>2026-09-05T16:10:54.000Z</time>
      </trkpt>
      <trkpt lat="51.906358" lon="6.207232">
        <ele>45.845366</ele>
        <time>2026-09-05T16:11:01.000Z</time>
      </trkpt>
      <trkpt lat="51.906292" lon="6.207240">
        <ele>45.978576</ele>
        <time>2026-09-05T16:11:11.000Z</time>
      </trkpt>
      <trkpt lat="51.906282" lon="6.207219">
        <ele>46.011517</ele>
        <time>2026-09-05T16:11:13.000Z</time>
      </trkpt>
      <trkpt lat="51.906261" lon="6.207197">
        <ele>46.061845</ele>
        <time>2026-09-05T16:11:16.000Z</time>
      </trkpt>
      <trkpt lat="51.906244" lon="6.207176">
        <ele>46.104865</ele>
        <time>2026-09-05T16:11:18.000Z</time>
      </trkpt>
      <trkpt lat="51.906213" lon="6.207144">
        <ele>46.178838</ele>
        <time>2026-09-05T16:11:22.000Z</time>
      </trkpt>
      <trkpt lat="51.906153" lon="6.207078">
        <ele>46.324785</ele>
        <time>2026-09-05T16:11:29.000Z</time>
      </trkpt>
      <trkpt lat="51.906128" lon="6.207044">
        <ele>46.390470</ele>
        <time>2026-09-05T16:11:33.000Z</time>
      </trkpt>
      <trkpt lat="51.906107" lon="6.207016">
        <ele>46.445200</ele>
        <time>2026-09-05T16:11:36.000Z</time>
      </trkpt>
      <trkpt lat="51.906089" lon="6.206995">
        <ele>46.489838</ele>
        <time>2026-09-05T16:11:38.000Z</time>
      </trkpt>
      <trkpt lat="51.906052" lon="6.206951">
        <ele>46.582202</ele>
        <time>2026-09-05T16:11:42.000Z</time>
      </trkpt>
      <trkpt lat="51.906018" lon="6.206904">
        <ele>46.672142</ele>
        <time>2026-09-05T16:11:46.000Z</time>
      </trkpt>
      <trkpt lat="51.905984" lon="6.206851">
        <ele>46.767087</ele>
        <time>2026-09-05T16:11:50.000Z</time>
      </trkpt>
      <trkpt lat="51.905960" lon="6.206796">
        <ele>46.850740</ele>
        <time>2026-09-05T16:11:55.000Z</time>
      </trkpt>
      <trkpt lat="51.905953" lon="6.206785">
        <ele>46.870363</ele>
        <time>2026-09-05T16:11:56.000Z</time>
      </trkpt>
      <trkpt lat="51.905884" lon="6.206722">
        <ele>47.029760</ele>
        <time>2026-09-05T16:12:04.000Z</time>
      </trkpt>
      <trkpt lat="51.905854" lon="6.206692">
        <ele>47.100708</ele>
        <time>2026-09-05T16:12:07.000Z</time>
      </trkpt>
      <trkpt lat="51.905773" lon="6.206626">
        <ele>47.283180</ele>
        <time>2026-09-05T16:12:14.000Z</time>
      </trkpt>
      <trkpt lat="51.905763" lon="6.206612">
        <ele>47.309776</ele>
        <time>2026-09-05T16:12:15.000Z</time>
      </trkpt>
      <trkpt lat="51.905710" lon="6.206513">
        <ele>47.472541</ele>
        <time>2026-09-05T16:12:24.000Z</time>
      </trkpt>
      <trkpt lat="51.905702" lon="6.206497">
        <ele>47.498115</ele>
        <time>2026-09-05T16:12:25.000Z</time>
      </trkpt>
      <trkpt lat="51.905664" lon="6.206440">
        <ele>47.602324</ele>
        <time>2026-09-05T16:12:30.000Z</time>
      </trkpt>
      <trkpt lat="51.905646" lon="6.206418">
        <ele>47.647699</ele>
        <time>2026-09-05T16:12:33.000Z</time>
      </trkpt>
      <trkpt lat="51.905562" lon="6.206314">
        <ele>47.860449</ele>
        <time>2026-09-05T16:12:41.000Z</time>
      </trkpt>
      <trkpt lat="51.905531" lon="6.206269">
        <ele>47.944208</ele>
        <time>2026-09-05T16:12:45.000Z</time>
      </trkpt>
      <trkpt lat="51.905501" lon="6.206228">
        <ele>48.023190</ele>
        <time>2026-09-05T16:12:49.000Z</time>
      </trkpt>
      <trkpt lat="51.905425" lon="6.206137">
        <ele>48.213369</ele>
        <time>2026-09-05T16:12:59.000Z</time>
      </trkpt>
      <trkpt lat="51.905370" lon="6.206060">
        <ele>48.359646</ele>
        <time>2026-09-05T16:13:06.000Z</time>
      </trkpt>
      <trkpt lat="51.905349" lon="6.206025">
        <ele>48.420272</ele>
        <time>2026-09-05T16:13:09.000Z</time>
      </trkpt>
      <trkpt lat="51.905264" lon="6.205947">
        <ele>48.702542</ele>
        <time>2026-09-05T16:13:21.000Z</time>
      </trkpt>
      <trkpt lat="51.905252" lon="6.205933">
        <ele>48.750499</ele>
        <time>2026-09-05T16:13:23.000Z</time>
      </trkpt>
      <trkpt lat="51.905206" lon="6.205884">
        <ele>48.929040</ele>
        <time>2026-09-05T16:13:28.000Z</time>
      </trkpt>
      <trkpt lat="51.905160" lon="6.205821">
        <ele>49.124375</ele>
        <time>2026-09-05T16:13:36.000Z</time>
      </trkpt>
      <trkpt lat="51.905149" lon="6.205810">
        <ele>49.166298</ele>
        <time>2026-09-05T16:13:38.000Z</time>
      </trkpt>
      <trkpt lat="51.905081" lon="6.205779">
        <ele>49.395417</ele>
        <time>2026-09-05T16:13:45.000Z</time>
      </trkpt>
      <trkpt lat="51.905004" lon="6.205786">
        <ele>49.645562</ele>
        <time>2026-09-05T16:13:53.000Z</time>
      </trkpt>
      <trkpt lat="51.904993" lon="6.205771">
        <ele>49.692189</ele>
        <time>2026-09-05T16:13:56.000Z</time>
      </trkpt>
      <trkpt lat="51.904942" lon="6.205763">
        <ele>49.858383</ele>
        <time>2026-09-05T16:14:02.000Z</time>
      </trkpt>
      <trkpt lat="51.904855" lon="6.205742">
        <ele>50.143683</ele>
        <time>2026-09-05T16:14:09.000Z</time>
      </trkpt>
      <trkpt lat="51.904756" lon="6.205716">
        <ele>50.468982</ele>
        <time>2026-09-05T16:14:19.000Z</time>
      </trkpt>
      <trkpt lat="51.904737" lon="6.205700">
        <ele>50.538431</ele>
        <time>2026-09-05T16:14:22.000Z</time>
      </trkpt>
      <trkpt lat="51.904728" lon="6.205676">
        <ele>50.594635</ele>
        <time>2026-09-05T16:14:28.000Z</time>
      </trkpt>
      <trkpt lat="51.904728" lon="6.205688">
        <ele>50.618649</ele>
        <time>2026-09-05T16:14:30.000Z</time>
      </trkpt>
      <trkpt lat="51.904709" lon="6.205698">
        <ele>50.683444</ele>
        <time>2026-09-05T16:14:33.000Z</time>
      </trkpt>
      <trkpt lat="51.904674" lon="6.205694">
        <ele>50.797250</ele>
        <time>2026-09-05T16:14:37.000Z</time>
      </trkpt>
      <trkpt lat="51.904591" lon="6.205695">
        <ele>51.066471</ele>
        <time>2026-09-05T16:14:44.000Z</time>
      </trkpt>
      <trkpt lat="51.904546" lon="6.205663">
        <ele>51.225861</ele>
        <time>2026-09-05T16:14:48.000Z</time>
      </trkpt>
      <trkpt lat="51.904507" lon="6.205635">
        <ele>51.364214</ele>
        <time>2026-09-05T16:14:52.000Z</time>
      </trkpt>
      <trkpt lat="51.904500" lon="6.205632">
        <ele>51.387699</ele>
        <time>2026-09-05T16:14:53.000Z</time>
      </trkpt>
      <trkpt lat="51.904402" lon="6.205549">
        <ele>51.746347</ele>
        <time>2026-09-05T16:15:03.000Z</time>
      </trkpt>
      <trkpt lat="51.904395" lon="6.205545">
        <ele>51.770421</ele>
        <time>2026-09-05T16:15:04.000Z</time>
      </trkpt>
      <trkpt lat="51.904345" lon="6.205510">
        <ele>51.947077</ele>
        <time>2026-09-05T16:15:11.000Z</time>
      </trkpt>
      <trkpt lat="51.904286" lon="6.205407">
        <ele>52.228340</ele>
        <time>2026-09-05T16:15:20.000Z</time>
      </trkpt>
      <trkpt lat="51.904246" lon="6.205366">
        <ele>52.381848</ele>
        <time>2026-09-05T16:15:24.000Z</time>
      </trkpt>
      <trkpt lat="51.904196" lon="6.205330">
        <ele>52.559307</ele>
        <time>2026-09-05T16:15:29.000Z</time>
      </trkpt>
      <trkpt lat="51.904160" lon="6.205292">
        <ele>52.698654</ele>
        <time>2026-09-05T16:15:32.000Z</time>
      </trkpt>
      <trkpt lat="51.904104" lon="6.205211">
        <ele>52.942104</ele>
        <time>2026-09-05T16:15:38.000Z</time>
      </trkpt>
      <trkpt lat="51.904088" lon="6.205186">
        <ele>53.014190</ele>
        <time>2026-09-05T16:15:40.000Z</time>
      </trkpt>
      <trkpt lat="51.904031" lon="6.205134">
        <ele>53.226346</ele>
        <time>2026-09-05T16:15:48.000Z</time>
      </trkpt>
      <trkpt lat="51.903935" lon="6.205069">
        <ele>53.563804</ele>
        <time>2026-09-05T16:15:57.000Z</time>
      </trkpt>
      <trkpt lat="51.903852" lon="6.204977">
        <ele>53.889953</ele>
        <time>2026-09-05T16:16:06.000Z</time>
      </trkpt>
      <trkpt lat="51.903746" lon="6.204834">
        <ele>54.225259</ele>
        <time>2026-09-05T16:16:17.000Z</time>
      </trkpt>
      <trkpt lat="51.903670" lon="6.204727">
        <ele>53.173214</ele>
        <time>2026-09-05T16:16:26.000Z</time>
      </trkpt>
      <trkpt lat="51.903660" lon="6.204719">
        <ele>53.056672</ele>
        <time>2026-09-05T16:16:27.000Z</time>
      </trkpt>
      <trkpt lat="51.903599" lon="6.204652">
        <ele>52.286601</ele>
        <time>2026-09-05T16:16:33.000Z</time>
      </trkpt>
      <trkpt lat="51.903591" lon="6.204626">
        <ele>52.099267</ele>
        <time>2026-09-05T16:16:35.000Z</time>
      </trkpt>
      <trkpt lat="51.903529" lon="6.204569">
        <ele>51.354357</ele>
        <time>2026-09-05T16:16:43.000Z</time>
      </trkpt>
      <trkpt lat="51.903509" lon="6.204544">
        <ele>51.090408</ele>
        <time>2026-09-05T16:16:46.000Z</time>
      </trkpt>
      <trkpt lat="51.903491" lon="6.204520">
        <ele>50.846826</ele>
        <time>2026-09-05T16:16:51.000Z</time>
      </trkpt>
      <trkpt lat="51.903394" lon="6.204455">
        <ele>49.749903</ele>
        <time>2026-09-05T16:17:00.000Z</time>
      </trkpt>
      <trkpt lat="51.903342" lon="6.204385">
        <ele>49.043483</ele>
        <time>2026-09-05T16:17:07.000Z</time>
      </trkpt>
      <trkpt lat="51.903343" lon="6.204379">
        <ele>49.003410</ele>
        <time>2026-09-05T16:17:08.000Z</time>
      </trkpt>
      <trkpt lat="51.903348" lon="6.204375">
        <ele>48.945139</ele>
        <time>2026-09-05T16:17:09.000Z</time>
      </trkpt>
      <trkpt lat="51.903348" lon="6.204365">
        <ele>48.880660</ele>
        <time>2026-09-05T16:17:20.000Z</time>
      </trkpt>
      <trkpt lat="51.903280" lon="6.204315">
        <ele>48.100315</ele>
        <time>2026-09-05T16:17:29.000Z</time>
      </trkpt>
      <trkpt lat="51.903265" lon="6.204265">
        <ele>47.741831</ele>
        <time>2026-09-05T16:17:32.000Z</time>
      </trkpt>
      <trkpt lat="51.903257" lon="6.204216">
        <ele>47.415011</ele>
        <time>2026-09-05T16:17:35.000Z</time>
      </trkpt>
      <trkpt lat="51.903260" lon="6.204166">
        <ele>47.091097</ele>
        <time>2026-09-05T16:17:40.000Z</time>
      </trkpt>
      <trkpt lat="51.903257" lon="6.204109">
        <ele>46.722233</ele>
        <time>2026-09-05T16:17:44.000Z</time>
      </trkpt>
      <trkpt lat="51.903250" lon="6.204040">
        <ele>46.271356</ele>
        <time>2026-09-05T16:17:50.000Z</time>
      </trkpt>
      <trkpt lat="51.903254" lon="6.204020">
        <ele>46.135793</ele>
        <time>2026-09-05T16:17:51.000Z</time>
      </trkpt>
      <trkpt lat="51.903261" lon="6.203982">
        <ele>45.880086</ele>
        <time>2026-09-05T16:17:54.000Z</time>
      </trkpt>
      <trkpt lat="51.903263" lon="6.203974">
        <ele>45.824430</ele>
        <time>2026-09-05T16:17:55.000Z</time>
      </trkpt>
      <trkpt lat="51.903268" lon="6.203946">
        <ele>45.636480</ele>
        <time>2026-09-05T16:18:01.000Z</time>
      </trkpt>
      <trkpt lat="51.903278" lon="6.203930">
        <ele>45.489631</ele>
        <time>2026-09-05T16:18:03.000Z</time>
      </trkpt>
      <trkpt lat="51.903313" lon="6.203879">
        <ele>44.997775</ele>
        <time>2026-09-05T16:18:10.000Z</time>
      </trkpt>
      <trkpt lat="51.903336" lon="6.203863">
        <ele>44.736208</ele>
        <time>2026-09-05T16:18:14.000Z</time>
      </trkpt>
      <trkpt lat="51.903350" lon="6.203854">
        <ele>44.578813</ele>
        <time>2026-09-05T16:18:16.000Z</time>
      </trkpt>
      <trkpt lat="51.903367" lon="6.203846">
        <ele>44.393817</ele>
        <time>2026-09-05T16:18:19.000Z</time>
      </trkpt>
      <trkpt lat="51.903396" lon="6.203863">
        <ele>44.071539</ele>
        <time>2026-09-05T16:18:24.000Z</time>
      </trkpt>
      <trkpt lat="51.903421" lon="6.203861">
        <ele>43.809958</ele>
        <time>2026-09-05T16:18:33.000Z</time>
      </trkpt>
      <trkpt lat="51.903421" lon="6.203843">
        <ele>43.693897</ele>
        <time>2026-09-05T16:18:37.000Z</time>
      </trkpt>
      <trkpt lat="51.903437" lon="6.203796">
        <ele>43.347780</ele>
        <time>2026-09-05T16:18:42.000Z</time>
      </trkpt>
      <trkpt lat="51.903447" lon="6.203775">
        <ele>43.176737</ele>
        <time>2026-09-05T16:18:44.000Z</time>
      </trkpt>
      <trkpt lat="51.903474" lon="6.203714">
        <ele>42.692675</ele>
        <time>2026-09-05T16:18:53.000Z</time>
      </trkpt>
      <trkpt lat="51.903484" lon="6.203631">
        <ele>42.147396</ele>
        <time>2026-09-05T16:18:59.000Z</time>
      </trkpt>
      <trkpt lat="51.903493" lon="6.203598">
        <ele>41.914757</ele>
        <time>2026-09-05T16:19:01.000Z</time>
      </trkpt>
      <trkpt lat="51.903516" lon="6.203528">
        <ele>41.403397</ele>
        <time>2026-09-05T16:19:06.000Z</time>
      </trkpt>
      <trkpt lat="51.903524" lon="6.203505">
        <ele>41.233154</ele>
        <time>2026-09-05T16:19:08.000Z</time>
      </trkpt>
      <trkpt lat="51.903536" lon="6.203422">
        <ele>40.683487</ele>
        <time>2026-09-05T16:19:14.000Z</time>
      </trkpt>
      <trkpt lat="51.903538" lon="6.203405">
        <ele>40.571899</ele>
        <time>2026-09-05T16:19:15.000Z</time>
      </trkpt>
      <trkpt lat="51.903544" lon="6.203315">
        <ele>39.988217</ele>
        <time>2026-09-05T16:19:21.000Z</time>
      </trkpt>
      <trkpt lat="51.903542" lon="6.203290">
        <ele>39.825671</ele>
        <time>2026-09-05T16:19:23.000Z</time>
      </trkpt>
      <trkpt lat="51.903530" lon="6.203241">
        <ele>39.485749</ele>
        <time>2026-09-05T16:19:27.000Z</time>
      </trkpt>
      <trkpt lat="51.903506" lon="6.203179">
        <ele>39.013818</ele>
        <time>2026-09-05T16:19:31.000Z</time>
      </trkpt>
      <trkpt lat="51.903486" lon="6.203074">
        <ele>38.305266</ele>
        <time>2026-09-05T16:19:37.000Z</time>
      </trkpt>
      <trkpt lat="51.903483" lon="6.203063">
        <ele>38.227720</ele>
        <time>2026-09-05T16:19:38.000Z</time>
      </trkpt>
      <trkpt lat="51.903482" lon="6.203065">
        <ele>38.211121</ele>
        <time>2026-09-05T16:19:43.000Z</time>
      </trkpt>
      <trkpt lat="51.903432" lon="6.202979">
        <ele>37.449203</ele>
        <time>2026-09-05T16:19:50.000Z</time>
      </trkpt>
      <trkpt lat="51.903383" lon="6.202908">
        <ele>36.762327</ele>
        <time>2026-09-05T16:19:56.000Z</time>
      </trkpt>
      <trkpt lat="51.903376" lon="6.202900">
        <ele>36.672816</ele>
        <time>2026-09-05T16:19:57.000Z</time>
      </trkpt>
      <trkpt lat="51.903273" lon="6.202789">
        <ele>35.481872</ele>
        <time>2026-09-05T16:20:08.000Z</time>
      </trkpt>
      <trkpt lat="51.903161" lon="6.202655">
        <ele>35.132464</ele>
        <time>2026-09-05T16:20:21.000Z</time>
      </trkpt>
      <trkpt lat="51.903071" lon="6.202561">
        <ele>34.863729</ele>
        <time>2026-09-05T16:20:31.000Z</time>
      </trkpt>
      <trkpt lat="51.903015" lon="6.202464">
        <ele>34.658008</ele>
        <time>2026-09-05T16:20:38.000Z</time>
      </trkpt>
      <trkpt lat="51.902987" lon="6.202429">
        <ele>34.569257</ele>
        <time>2026-09-05T16:20:41.000Z</time>
      </trkpt>
      <trkpt lat="51.902938" lon="6.202330">
        <ele>34.372710</ele>
        <time>2026-09-05T16:20:48.000Z</time>
      </trkpt>
      <trkpt lat="51.902890" lon="6.202225">
        <ele>34.170337</ele>
        <time>2026-09-05T16:20:55.000Z</time>
      </trkpt>
      <trkpt lat="51.902840" lon="6.202118">
        <ele>33.962474</ele>
        <time>2026-09-05T16:21:03.000Z</time>
      </trkpt>
      <trkpt lat="51.902793" lon="6.201998">
        <ele>33.742359</ele>
        <time>2026-09-05T16:21:11.000Z</time>
      </trkpt>
      <trkpt lat="51.902742" lon="6.201860">
        <ele>33.493245</ele>
        <time>2026-09-05T16:21:20.000Z</time>
      </trkpt>
      <trkpt lat="51.902668" lon="6.201713">
        <ele>33.199441</ele>
        <time>2026-09-05T16:21:30.000Z</time>
      </trkpt>
      <trkpt lat="51.902597" lon="6.201606">
        <ele>32.956100</ele>
        <time>2026-09-05T16:21:39.000Z</time>
      </trkpt>
      <trkpt lat="51.902530" lon="6.201482">
        <ele>32.700845</ele>
        <time>2026-09-05T16:21:50.000Z</time>
      </trkpt>
      <trkpt lat="51.902502" lon="6.201366">
        <ele>32.507946</ele>
        <time>2026-09-05T16:21:57.000Z</time>
      </trkpt>
      <trkpt lat="51.902519" lon="6.201259">
        <ele>32.336837</ele>
        <time>2026-09-05T16:22:04.000Z</time>
      </trkpt>
      <trkpt lat="51.902529" lon="6.201210">
        <ele>32.256911</ele>
        <time>2026-09-05T16:22:07.000Z</time>
      </trkpt>
      <trkpt lat="51.902546" lon="6.201131">
        <ele>32.127341</ele>
        <time>2026-09-05T16:22:13.000Z</time>
      </trkpt>
      <trkpt lat="51.902557" lon="6.201117">
        <ele>32.092237</ele>
        <time>2026-09-05T16:22:16.000Z</time>
      </trkpt>
      <trkpt lat="51.902591" lon="6.201047">
        <ele>31.954273</ele>
        <time>2026-09-05T16:22:22.000Z</time>
      </trkpt>
      <trkpt lat="51.902603" lon="6.200919">
        <ele>31.753773</ele>
        <time>2026-09-05T16:22:29.000Z</time>
      </trkpt>
      <trkpt lat="51.902584" lon="6.200903">
        <ele>31.700032</ele>
        <time>2026-09-05T16:22:33.000Z</time>
      </trkpt>
      <trkpt lat="51.902547" lon="6.200859">
        <ele>31.584847</ele>
        <time>2026-09-05T16:22:37.000Z</time>
      </trkpt>
      <trkpt lat="51.902514" lon="6.200710">
        <ele>31.339686</ele>
        <time>2026-09-05T16:22:46.000Z</time>
      </trkpt>
      <trkpt lat="51.902487" lon="6.200534">
        <ele>31.058828</ele>
        <time>2026-09-05T16:22:58.000Z</time>
      </trkpt>
      <trkpt lat="51.902453" lon="6.200385">
        <ele>30.999538</ele>
        <time>2026-09-05T16:23:06.000Z</time>
      </trkpt>
      <trkpt lat="51.902442" lon="6.200229">
        <ele>30.999538</ele>
        <time>2026-09-05T16:23:16.000Z</time>
      </trkpt>
      <trkpt lat="51.902443" lon="6.200161">
        <ele>30.999538</ele>
        <time>2026-09-05T16:23:20.000Z</time>
      </trkpt>
      <trkpt lat="51.902437" lon="6.200079">
        <ele>30.999538</ele>
        <time>2026-09-05T16:23:26.000Z</time>
      </trkpt>
      <trkpt lat="51.902444" lon="6.199937">
        <ele>30.999538</ele>
        <time>2026-09-05T16:23:33.000Z</time>
      </trkpt>
      <trkpt lat="51.902441" lon="6.199881">
        <ele>30.999538</ele>
        <time>2026-09-05T16:23:36.000Z</time>
      </trkpt>
      <trkpt lat="51.902447" lon="6.199724">
        <ele>30.999538</ele>
        <time>2026-09-05T16:23:45.000Z</time>
      </trkpt>
      <trkpt lat="51.902450" lon="6.199572">
        <ele>30.999538</ele>
        <time>2026-09-05T16:23:55.000Z</time>
      </trkpt>
      <trkpt lat="51.902460" lon="6.199551">
        <ele>30.999538</ele>
        <time>2026-09-05T16:23:59.000Z</time>
      </trkpt>
      <trkpt lat="51.902456" lon="6.199545">
        <ele>30.999538</ele>
        <time>2026-09-05T16:24:03.000Z</time>
      </trkpt>
      <trkpt lat="51.902454" lon="6.199532">
        <ele>30.999538</ele>
        <time>2026-09-05T16:24:05.000Z</time>
      </trkpt>
      <trkpt lat="51.902454" lon="6.199431">
        <ele>30.999538</ele>
        <time>2026-09-05T16:24:12.000Z</time>
      </trkpt>
      <trkpt lat="51.902495" lon="6.199297">
        <ele>30.999538</ele>
        <time>2026-09-05T16:24:19.000Z</time>
      </trkpt>
      <trkpt lat="51.902500" lon="6.199285">
        <ele>30.999538</ele>
        <time>2026-09-05T16:24:20.000Z</time>
      </trkpt>
      <trkpt lat="51.902554" lon="6.199158">
        <ele>30.999538</ele>
        <time>2026-09-05T16:24:28.000Z</time>
      </trkpt>
      <trkpt lat="51.902613" lon="6.199030">
        <ele>30.999538</ele>
        <time>2026-09-05T16:24:36.000Z</time>
      </trkpt>
      <trkpt lat="51.902617" lon="6.199022">
        <ele>30.999538</ele>
        <time>2026-09-05T16:24:37.000Z</time>
      </trkpt>
      <trkpt lat="51.902671" lon="6.198856">
        <ele>30.999538</ele>
        <time>2026-09-05T16:24:46.000Z</time>
      </trkpt>
      <trkpt lat="51.902676" lon="6.198845">
        <ele>30.999538</ele>
        <time>2026-09-05T16:24:47.000Z</time>
      </trkpt>
      <trkpt lat="51.902709" lon="6.198766">
        <ele>30.999538</ele>
        <time>2026-09-05T16:24:52.000Z</time>
      </trkpt>
      <trkpt lat="51.902722" lon="6.198731">
        <ele>30.999538</ele>
        <time>2026-09-05T16:24:54.000Z</time>
      </trkpt>
      <trkpt lat="51.902775" lon="6.198620">
        <ele>30.999538</ele>
        <time>2026-09-05T16:25:02.000Z</time>
      </trkpt>
      <trkpt lat="51.902800" lon="6.198545">
        <ele>30.999538</ele>
        <time>2026-09-05T16:25:07.000Z</time>
      </trkpt>
      <trkpt lat="51.902815" lon="6.198501">
        <ele>30.999538</ele>
        <time>2026-09-05T16:25:10.000Z</time>
      </trkpt>
      <trkpt lat="51.902854" lon="6.198361">
        <ele>30.999538</ele>
        <time>2026-09-05T16:25:20.000Z</time>
      </trkpt>
      <trkpt lat="51.902935" lon="6.198363">
        <ele>30.999538</ele>
        <time>2026-09-05T16:25:27.000Z</time>
      </trkpt>
      <trkpt lat="51.902980" lon="6.198323">
        <ele>30.999538</ele>
        <time>2026-09-05T16:25:33.000Z</time>
      </trkpt>
      <trkpt lat="51.902985" lon="6.198259">
        <ele>30.999538</ele>
        <time>2026-09-05T16:25:37.000Z</time>
      </trkpt>
      <trkpt lat="51.903003" lon="6.198186">
        <ele>30.999538</ele>
        <time>2026-09-05T16:25:41.000Z</time>
      </trkpt>
      <trkpt lat="51.903041" lon="6.198023">
        <ele>30.999538</ele>
        <time>2026-09-05T16:25:50.000Z</time>
      </trkpt>
      <trkpt lat="51.903048" lon="6.197994">
        <ele>30.999538</ele>
        <time>2026-09-05T16:25:52.000Z</time>
      </trkpt>
    </trkseg>
  </trk>
</gpx>