<?xml version="1.0" encoding="UTF-8"?>
<gpx creator="Garmin Connect" version="1.1"
  xsi:schemaLocation="http://www.topografix.com/GPX/1/1 http://www.topografix.com/GPX/11.xsd"
  xmlns:ns3="http://www.garmin.com/xmlschemas/TrackPointExtension/v1"
  xmlns="http://www.topografix.com/GPX/1/1"
  xmlns:xsi="http://www.w3.org/2001/XMLSchema-instance" xmlns:ns2="http://www.garmin.com/xmlschemas/GpxExtensions/v3">
  <metadata>
    <link href="connect.garmin.com">
      <text>Garmin Connect</text>
    </link>
    <time>2025-03-10T09:58:55.000Z</time>
  </metadata>
  <trk>
    <name>fen to fen</name>
    <type>walking</type>
    <trkseg>
      <trkpt lat="51.76583393476903438568115234375" lon="5.62155394814908504486083984375">
        <ele>10.19999980926513671875</ele>
        <time>2025-03-10T09:58:55.000Z</time>
        <extensions>
          <ns3:TrackPointExtension>
            <ns3:hr>121</ns3:hr>
          </ns3:TrackPointExtension>
        </extensions>
      </trkpt>
      <trkpt lat="51.7658601701259613037109375" lon="5.62152276746928691864013671875">
        <ele>10.19999980926513671875</ele>
        <time>2025-03-10T09:58:56.000Z</time>
        <extensions>
          <ns3:TrackPointExtension>
            <ns3:hr>121</ns3:hr>
          </ns3:TrackPointExtension>
        </extensions>
      </trkpt>
      <trkpt lat="51.76585279405117034912109375" lon="5.62152377329766750335693359375">
        <ele>10.19999980926513671875</ele>
        <time>2025-03-10T09:58:58.000Z</time>
        <extensions>
          <ns3:TrackPointExtension>
            <ns3:hr>121</ns3:hr>
          </ns3:TrackPointExtension>
        </extensions>
      </trkpt>
      <trkpt lat="51.7658392153680324554443359375" lon="5.6215220130980014801025390625">
        <ele>10.19999980926513671875</ele>
        <time>2025-03-10T09:59:01.000Z</time>
        <extensions>
          <ns3:TrackPointExtension>
            <ns3:hr>120</ns3:hr>
          </ns3:TrackPointExtension>
        </extensions>
      </trkpt>
      <trkpt lat="51.765833683311939239501953125" lon="5.62151019461452960968017578125">
        <ele>10.19999980926513671875</ele>
        <time>2025-03-10T09:59:05.000Z</time>
        <extensions>
          <ns3:TrackPointExtension>
            <ns3:hr>117</ns3:hr>
          </ns3:TrackPointExtension>
        </extensions>
      </trkpt>
      <trkpt lat="51.76582421176135540008544921875" lon="5.6214864738285541534423828125">
        <ele>10.19999980926513671875</ele>
        <time>2025-03-10T09:59:10.000Z</time>
        <extensions>
          <ns3:TrackPointExtension>
            <ns3:hr>119</ns3:hr>
          </ns3:TrackPointExtension>
        </extensions>
      </trkpt>
      <trkpt lat="51.76584114320576190948486328125" lon="5.6214703805744647979736328125">
        <ele>10.19999980926513671875</ele>
        <time>2025-03-10T09:59:17.000Z</time>
        <extensions>
          <ns3:TrackPointExtension>
            <ns3:hr>120</ns3:hr>
          </ns3:TrackPointExtension>
        </extensions>
      </trkpt>
      <trkpt lat="51.76587014459073543548583984375" lon="5.6214606575667858123779296875">
        <ele>9.80000019073486328125</ele>
        <time>2025-03-10T09:59:20.000Z</time>
        <extensions>
          <ns3:TrackPointExtension>
            <ns3:hr>123</ns3:hr>
          </ns3:TrackPointExtension>
        </extensions>
      </trkpt>
      <trkpt lat="51.7659057676792144775390625" lon="5.6214358471333980560302734375">
        <ele>9.3999996185302734375</ele>
        <time>2025-03-10T09:59:24.000Z</time>
        <extensions>
          <ns3:TrackPointExtension>
            <ns3:hr>122</ns3:hr>
          </ns3:TrackPointExtension>
        </extensions>
      </trkpt>
      <trkpt lat="51.76597642712295055389404296875" lon="5.62141430564224720001220703125">
        <ele>9.6000003814697265625</ele>
        <time>2025-03-10T09:59:31.000Z</time>
        <extensions>
          <ns3:TrackPointExtension>
            <ns3:hr>122</ns3:hr>
          </ns3:TrackPointExtension>
        </extensions>
      </trkpt>
      <trkpt lat="51.76599034108221530914306640625" lon="5.6213972903788089752197265625">
        <ele>9.6000003814697265625</ele>
        <time>2025-03-10T09:59:34.000Z</time>
        <extensions>
          <ns3:TrackPointExtension>
            <ns3:hr>118</ns3:hr>
          </ns3:TrackPointExtension>
        </extensions>
      </trkpt>
      <trkpt lat="51.765987910330295562744140625" lon="5.6213771738111972808837890625">
        <ele>9.80000019073486328125</ele>
        <time>2025-03-10T09:59:36.000Z</time>
        <extensions>
          <ns3:TrackPointExtension>
            <ns3:hr>117</ns3:hr>
          </ns3:TrackPointExtension>
        </extensions>
      </trkpt>
      <trkpt lat="51.7660246230661869049072265625" lon="5.621360242366790771484375">
        <ele>10.19999980926513671875</ele>
        <time>2025-03-10T09:59:40.000Z</time>
        <extensions>
          <ns3:TrackPointExtension>
            <ns3:hr>115</ns3:hr>
          </ns3:TrackPointExtension>
        </extensions>
      </trkpt>
      <trkpt lat="51.76604725420475006103515625" lon="5.62132763676345348358154296875">
        <ele>10.3999996185302734375</ele>
        <time>2025-03-10T09:59:49.000Z</time>
        <extensions>
          <ns3:TrackPointExtension>
            <ns3:hr>114</ns3:hr>
          </ns3:TrackPointExtension>
        </extensions>
      </trkpt>
      <trkpt lat="51.7660309933125972747802734375" lon="5.62135177664458751678466796875">
        <ele>10.6000003814697265625</ele>
        <time>2025-03-10T09:59:54.000Z</time>
        <extensions>
          <ns3:TrackPointExtension>
            <ns3:hr>119</ns3:hr>
          </ns3:TrackPointExtension>
        </extensions>
      </trkpt>
      <trkpt lat="51.76602780818939208984375" lon="5.621352531015872955322265625">
        <ele>10.80000019073486328125</ele>
        <time>2025-03-10T09:59:55.000Z</time>
        <extensions>
          <ns3:TrackPointExtension>
            <ns3:hr>128</ns3:hr>
          </ns3:TrackPointExtension>
        </extensions>
      </trkpt>
      <trkpt lat="51.76602588035166263580322265625" lon="5.62135127373039722442626953125">
        <ele>10.6000003814697265625</ele>
        <time>2025-03-10T09:59:56.000Z</time>
        <extensions>
          <ns3:TrackPointExtension>
            <ns3:hr>136</ns3:hr>
          </ns3:TrackPointExtension>
        </extensions>
      </trkpt>
      <trkpt lat="51.76603392697870731353759765625" lon="5.621345825493335723876953125">
        <ele>10.6000003814697265625</ele>
        <time>2025-03-10T09:59:57.000Z</time>
        <extensions>
          <ns3:TrackPointExtension>
            <ns3:hr>136</ns3:hr>
          </ns3:TrackPointExtension>
        </extensions>
      </trkpt>
      <trkpt lat="51.76604457199573516845703125" lon="5.62132881022989749908447265625">
        <ele>10.6000003814697265625</ele>
        <time>2025-03-10T09:59:59.000Z</time>
        <extensions>
          <ns3:TrackPointExtension>
            <ns3:hr>133</ns3:hr>
          </ns3:TrackPointExtension>
        </extensions>
      </trkpt>
      <trkpt lat="51.76604180596768856048583984375" lon="5.62127566896378993988037109375">
        <ele>10.3999996185302734375</ele>
        <time>2025-03-10T10:00:03.000Z</time>
        <extensions>
          <ns3:TrackPointExtension>
            <ns3:hr>134</ns3:hr>
          </ns3:TrackPointExtension>
        </extensions>
      </trkpt>
      <trkpt lat="51.76602789200842380523681640625" lon="5.62119838781654834747314453125">
        <ele>9.80000019073486328125</ele>
        <time>2025-03-10T10:00:07.000Z</time>
        <extensions>
          <ns3:TrackPointExtension>
            <ns3:hr>138</ns3:hr>
          </ns3:TrackPointExtension>
        </extensions>
      </trkpt>
      <trkpt lat="51.7660222761332988739013671875" lon="5.6211947835981845855712890625">
        <ele>9.80000019073486328125</ele>
        <time>2025-03-10T10:00:09.000Z</time>
        <extensions>
          <ns3:TrackPointExtension>
            <ns3:hr>139</ns3:hr>
          </ns3:TrackPointExtension>
        </extensions>
      </trkpt>
      <trkpt lat="51.76599302329123020172119140625" lon="5.62113787047564983367919921875">
        <ele>10</ele>
        <time>2025-03-10T10:00:14.000Z</time>
        <extensions>
          <ns3:TrackPointExtension>
            <ns3:hr>140</ns3:hr>
          </ns3:TrackPointExtension>
        </extensions>
      </trkpt>
      <trkpt lat="51.7659726552665233612060546875" lon="5.62103644944727420806884765625">
        <ele>9.80000019073486328125</ele>
        <time>2025-03-10T10:00:20.000Z</time>
        <extensions>
          <ns3:TrackPointExtension>
            <ns3:hr>142</ns3:hr>
          </ns3:TrackPointExtension>
        </extensions>
      </trkpt>
      <trkpt lat="51.76595195196568965911865234375" lon="5.62099470756947994232177734375">
        <ele>10</ele>
        <time>2025-03-10T10:00:25.000Z</time>
        <extensions>
          <ns3:TrackPointExtension>
            <ns3:hr>142</ns3:hr>
          </ns3:TrackPointExtension>
        </extensions>
      </trkpt>
      <trkpt lat="51.76595228724181652069091796875" lon="5.62098431400954723358154296875">
        <ele>10</ele>
        <time>2025-03-10T10:00:26.000Z</time>
        <extensions>
          <ns3:TrackPointExtension>
            <ns3:hr>141</ns3:hr>
          </ns3:TrackPointExtension>
        </extensions>
      </trkpt>
      <trkpt lat="51.76592496223747730255126953125" lon="5.620936453342437744140625">
        <ele>10</ele>
        <time>2025-03-10T10:00:30.000Z</time>
        <extensions>
          <ns3:TrackPointExtension>
            <ns3:hr>141</ns3:hr>
          </ns3:TrackPointExtension>
        </extensions>
      </trkpt>
      <trkpt lat="51.76591658033430576324462890625" lon="5.6209034286439418792724609375">
        <ele>10.19999980926513671875</ele>
        <time>2025-03-10T10:00:33.000Z</time>
        <extensions>
          <ns3:TrackPointExtension>
            <ns3:hr>142</ns3:hr>
          </ns3:TrackPointExtension>
        </extensions>
      </trkpt>
      <trkpt lat="51.7659210227429866790771484375" lon="5.62086336314678192138671875">
        <ele>10.19999980926513671875</ele>
        <time>2025-03-10T10:00:35.000Z</time>
        <extensions>
          <ns3:TrackPointExtension>
            <ns3:hr>141</ns3:hr>
          </ns3:TrackPointExtension>
        </extensions>
      </trkpt>
      <trkpt lat="51.7659076116979122161865234375" lon="5.62080712057650089263916015625">
        <ele>10.3999996185302734375</ele>
        <time>2025-03-10T10:00:40.000Z</time>
        <extensions>
          <ns3:TrackPointExtension>
            <ns3:hr>142</ns3:hr>
          </ns3:TrackPointExtension>
        </extensions>
      </trkpt>
      <trkpt lat="51.76590853370726108551025390625" lon="5.62080997042357921600341796875">
        <ele>10.80000019073486328125</ele>
        <time>2025-03-10T10:00:46.000Z</time>
        <extensions>
          <ns3:TrackPointExtension>
            <ns3:hr>143</ns3:hr>
          </ns3:TrackPointExtension>
        </extensions>
      </trkpt>
      <trkpt lat="51.76590082235634326934814453125" lon="5.62074727378785610198974609375">
        <ele>10.80000019073486328125</ele>
        <time>2025-03-10T10:00:50.000Z</time>
        <extensions>
          <ns3:TrackPointExtension>
            <ns3:hr>144</ns3:hr>
          </ns3:TrackPointExtension>
        </extensions>
      </trkpt>
      <trkpt lat="51.7658828012645244598388671875" lon="5.6206985749304294586181640625">
        <ele>10.80000019073486328125</ele>
        <time>2025-03-10T10:00:54.000Z</time>
        <extensions>
          <ns3:TrackPointExtension>
            <ns3:hr>143</ns3:hr>
          </ns3:TrackPointExtension>
        </extensions>
      </trkpt>
      <trkpt lat="51.76587819121778011322021484375" lon="5.62067535705864429473876953125">
        <ele>10.80000019073486328125</ele>
        <time>2025-03-10T10:00:56.000Z</time>
        <extensions>
          <ns3:TrackPointExtension>
            <ns3:hr>143</ns3:hr>
          </ns3:TrackPointExtension>
        </extensions>
      </trkpt>
      <trkpt lat="51.7658633552491664886474609375" lon="5.62057678587734699249267578125">
        <ele>10.6000003814697265625</ele>
        <time>2025-03-10T10:01:02.000Z</time>
        <extensions>
          <ns3:TrackPointExtension>
            <ns3:hr>143</ns3:hr>
          </ns3:TrackPointExtension>
        </extensions>
      </trkpt>
      <trkpt lat="51.7658301629126071929931640625" lon="5.620571672916412353515625">
        <ele>10.80000019073486328125</ele>
        <time>2025-03-10T10:01:06.000Z</time>
        <extensions>
          <ns3:TrackPointExtension>
            <ns3:hr>146</ns3:hr>
          </ns3:TrackPointExtension>
        </extensions>
      </trkpt>
      <trkpt lat="51.76582672633230686187744140625" lon="5.62057309783995151519775390625">
        <ele>10.80000019073486328125</ele>
        <time>2025-03-10T10:01:07.000Z</time>
        <extensions>
          <ns3:TrackPointExtension>
            <ns3:hr>147</ns3:hr>
          </ns3:TrackPointExtension>
        </extensions>
      </trkpt>
      <trkpt lat="51.76582572050392627716064453125" lon="5.62056371010839939117431640625">
        <ele>10.80000019073486328125</ele>
        <time>2025-03-10T10:01:08.000Z</time>
        <extensions>
          <ns3:TrackPointExtension>
            <ns3:hr>148</ns3:hr>
          </ns3:TrackPointExtension>
        </extensions>
      </trkpt>
      <trkpt lat="51.76581331528723239898681640625" lon="5.620536468923091888427734375">
        <ele>10.6000003814697265625</ele>
        <time>2025-03-10T10:01:12.000Z</time>
        <extensions>
          <ns3:TrackPointExtension>
            <ns3:hr>148</ns3:hr>
          </ns3:TrackPointExtension>
        </extensions>
      </trkpt>
      <trkpt lat="51.76579839549958705902099609375" lon="5.62048659659922122955322265625">
        <ele>11.19999980926513671875</ele>
        <time>2025-03-10T10:01:16.000Z</time>
        <extensions>
          <ns3:TrackPointExtension>
            <ns3:hr>148</ns3:hr>
          </ns3:TrackPointExtension>
        </extensions>
      </trkpt>
      <trkpt lat="51.7657835595309734344482421875" lon="5.620470754802227020263671875">
        <ele>11.19999980926513671875</ele>
        <time>2025-03-10T10:01:19.000Z</time>
        <extensions>
          <ns3:TrackPointExtension>
            <ns3:hr>148</ns3:hr>
          </ns3:TrackPointExtension>
        </extensions>
      </trkpt>
      <trkpt lat="51.76575145684182643890380859375" lon="5.6204444356262683868408203125">
        <ele>11.19999980926513671875</ele>
        <time>2025-03-10T10:01:26.000Z</time>
        <extensions>
          <ns3:TrackPointExtension>
            <ns3:hr>146</ns3:hr>
          </ns3:TrackPointExtension>
        </extensions>
      </trkpt>
      <trkpt lat="51.76575698889791965484619140625" lon="5.6204407475888729095458984375">
        <ele>11.19999980926513671875</ele>
        <time>2025-03-10T10:01:28.000Z</time>
        <extensions>
          <ns3:TrackPointExtension>
            <ns3:hr>143</ns3:hr>
          </ns3:TrackPointExtension>
        </extensions>
      </trkpt>
      <trkpt lat="51.765784732997417449951171875" lon="5.6204360537230968475341796875">
        <ele>11.3999996185302734375</ele>
        <time>2025-03-10T10:01:33.000Z</time>
        <extensions>
          <ns3:TrackPointExtension>
            <ns3:hr>140</ns3:hr>
          </ns3:TrackPointExtension>
        </extensions>
      </trkpt>
      <trkpt lat="51.7657862417399883270263671875" lon="5.620414428412914276123046875">
        <ele>11.3999996185302734375</ele>
        <time>2025-03-10T10:01:35.000Z</time>
        <extensions>
          <ns3:TrackPointExtension>
            <ns3:hr>137</ns3:hr>
          </ns3:TrackPointExtension>
        </extensions>
      </trkpt>
      <trkpt lat="51.76579403690993785858154296875" lon="5.62040830962359905242919921875">
        <ele>11.19999980926513671875</ele>
        <time>2025-03-10T10:01:36.000Z</time>
        <extensions>
          <ns3:TrackPointExtension>
            <ns3:hr>136</ns3:hr>
          </ns3:TrackPointExtension>
        </extensions>
      </trkpt>
      <trkpt lat="51.7658455856144428253173828125" lon="5.6204477883875370025634765625">
        <ele>11</ele>
        <time>2025-03-10T10:01:43.000Z</time>
        <extensions>
          <ns3:TrackPointExtension>
            <ns3:hr>137</ns3:hr>
          </ns3:TrackPointExtension>
        </extensions>
      </trkpt>
      <trkpt lat="51.7658425681293010711669921875" lon="5.62048248946666717529296875">
        <ele>11</ele>
        <time>2025-03-10T10:01:45.000Z</time>
        <extensions>
          <ns3:TrackPointExtension>
            <ns3:hr>141</ns3:hr>
          </ns3:TrackPointExtension>
        </extensions>
      </trkpt>
      <trkpt lat="51.76581582985818386077880859375" lon="5.6205212138593196868896484375">
        <ele>10.80000019073486328125</ele>
        <time>2025-03-10T10:01:48.000Z</time>
        <extensions>
          <ns3:TrackPointExtension>
            <ns3:hr>143</ns3:hr>
          </ns3:TrackPointExtension>
        </extensions>
      </trkpt>
      <trkpt lat="51.7657503671944141387939453125" lon="5.62061727046966552734375">
        <ele>10.6000003814697265625</ele>
        <time>2025-03-10T10:01:55.000Z</time>
        <extensions>
          <ns3:TrackPointExtension>
            <ns3:hr>143</ns3:hr>
          </ns3:TrackPointExtension>
        </extensions>
      </trkpt>
      <trkpt lat="51.7657302506268024444580078125" lon="5.620649121701717376708984375">
        <ele>10.80000019073486328125</ele>
        <time>2025-03-10T10:02:02.000Z</time>
        <extensions>
          <ns3:TrackPointExtension>
            <ns3:hr>141</ns3:hr>
          </ns3:TrackPointExtension>
        </extensions>
      </trkpt>
      <trkpt lat="51.76573988981544971466064453125" lon="5.62064015306532382965087890625">
        <ele>11</ele>
        <time>2025-03-10T10:02:07.000Z</time>
        <extensions>
          <ns3:TrackPointExtension>
            <ns3:hr>138</ns3:hr>
          </ns3:TrackPointExtension>
        </extensions>
      </trkpt>
      <trkpt lat="51.76574391312897205352783203125" lon="5.6206347048282623291015625">
        <ele>11</ele>
        <time>2025-03-10T10:02:10.000Z</time>
        <extensions>
          <ns3:TrackPointExtension>
            <ns3:hr>136</ns3:hr>
          </ns3:TrackPointExtension>
        </extensions>
      </trkpt>
      <trkpt lat="51.76574894227087497711181640625" lon="5.62062389217317104339599609375">
        <ele>11</ele>
        <time>2025-03-10T10:02:19.000Z</time>
        <extensions>
          <ns3:TrackPointExtension>
            <ns3:hr>135</ns3:hr>
          </ns3:TrackPointExtension>
        </extensions>
      </trkpt>
      <trkpt lat="51.7657289095222949981689453125" lon="5.620590783655643463134765625">
        <ele>11</ele>
        <time>2025-03-10T10:02:24.000Z</time>
        <extensions>
          <ns3:TrackPointExtension>
            <ns3:hr>134</ns3:hr>
          </ns3:TrackPointExtension>
        </extensions>
      </trkpt>
      <trkpt lat="51.76573620177805423736572265625" lon="5.620587430894374847412109375">
        <ele>11.19999980926513671875</ele>
        <time>2025-03-10T10:02:28.000Z</time>
        <extensions>
          <ns3:TrackPointExtension>
            <ns3:hr>130</ns3:hr>
          </ns3:TrackPointExtension>
        </extensions>
      </trkpt>
      <trkpt lat="51.76576537080109119415283203125" lon="5.62056404538452625274658203125">
        <ele>11.19999980926513671875</ele>
        <time>2025-03-10T10:02:31.000Z</time>
        <extensions>
          <ns3:TrackPointExtension>
            <ns3:hr>127</ns3:hr>
          </ns3:TrackPointExtension>
        </extensions>
      </trkpt>
      <trkpt lat="51.76580174826085567474365234375" lon="5.62048911117017269134521484375">
        <ele>10.19999980926513671875</ele>
        <time>2025-03-10T10:02:38.000Z</time>
        <extensions>
          <ns3:TrackPointExtension>
            <ns3:hr>129</ns3:hr>
          </ns3:TrackPointExtension>
        </extensions>
      </trkpt>
      <trkpt lat="51.76581549458205699920654296875" lon="5.6204508058726787567138671875">
        <ele>10.19999980926513671875</ele>
        <time>2025-03-10T10:02:41.000Z</time>
        <extensions>
          <ns3:TrackPointExtension>
            <ns3:hr>132</ns3:hr>
          </ns3:TrackPointExtension>
        </extensions>
      </trkpt>
      <trkpt lat="51.7658103816211223602294921875" lon="5.62040202319622039794921875">
        <ele>10.19999980926513671875</ele>
        <time>2025-03-10T10:02:44.000Z</time>
        <extensions>
          <ns3:TrackPointExtension>
            <ns3:hr>133</ns3:hr>
          </ns3:TrackPointExtension>
        </extensions>
      </trkpt>
      <trkpt lat="51.76579973660409450531005859375" lon="5.6202975846827030181884765625">
        <ele>10.3999996185302734375</ele>
        <time>2025-03-10T10:02:51.000Z</time>
        <extensions>
          <ns3:TrackPointExtension>
            <ns3:hr>132</ns3:hr>
          </ns3:TrackPointExtension>
        </extensions>
      </trkpt>
      <trkpt lat="51.7657743394374847412109375" lon="5.620238073170185089111328125">
        <ele>10.3999996185302734375</ele>
        <time>2025-03-10T10:02:56.000Z</time>
        <extensions>
          <ns3:TrackPointExtension>
            <ns3:hr>132</ns3:hr>
          </ns3:TrackPointExtension>
        </extensions>
      </trkpt>
      <trkpt lat="51.76574223674833774566650390625" lon="5.6201752088963985443115234375">
        <ele>10.3999996185302734375</ele>
        <time>2025-03-10T10:03:01.000Z</time>
        <extensions>
          <ns3:TrackPointExtension>
            <ns3:hr>132</ns3:hr>
          </ns3:TrackPointExtension>
        </extensions>
      </trkpt>
      <trkpt lat="51.7656992375850677490234375" lon="5.62015785835683345794677734375">
        <ele>10.3999996185302734375</ele>
        <time>2025-03-10T10:03:07.000Z</time>
        <extensions>
          <ns3:TrackPointExtension>
            <ns3:hr>135</ns3:hr>
          </ns3:TrackPointExtension>
        </extensions>
      </trkpt>
      <trkpt lat="51.76567652262747287750244140625" lon="5.62012315727770328521728515625">
        <ele>10.3999996185302734375</ele>
        <time>2025-03-10T10:03:10.000Z</time>
        <extensions>
          <ns3:TrackPointExtension>
            <ns3:hr>138</ns3:hr>
          </ns3:TrackPointExtension>
        </extensions>
      </trkpt>
      <trkpt lat="51.7656697332859039306640625" lon="5.6200893782079219818115234375">
        <ele>10.3999996185302734375</ele>
        <time>2025-03-10T10:03:12.000Z</time>
        <extensions>
          <ns3:TrackPointExtension>
            <ns3:hr>139</ns3:hr>
          </ns3:TrackPointExtension>
        </extensions>
      </trkpt>
      <trkpt lat="51.7656564898788928985595703125" lon="5.62001000158488750457763671875">
        <ele>10.3999996185302734375</ele>
        <time>2025-03-10T10:03:17.000Z</time>
        <extensions>
          <ns3:TrackPointExtension>
            <ns3:hr>139</ns3:hr>
          </ns3:TrackPointExtension>
        </extensions>
      </trkpt>
      <trkpt lat="51.765621788799762725830078125" lon="5.619912184774875640869140625">
        <ele>10.3999996185302734375</ele>
        <time>2025-03-10T10:03:23.000Z</time>
        <extensions>
          <ns3:TrackPointExtension>
            <ns3:hr>139</ns3:hr>
          </ns3:TrackPointExtension>
        </extensions>
      </trkpt>
      <trkpt lat="51.76559773273766040802001953125" lon="5.619818978011608123779296875">
        <ele>10.3999996185302734375</ele>
        <time>2025-03-10T10:03:30.000Z</time>
        <extensions>
          <ns3:TrackPointExtension>
            <ns3:hr>141</ns3:hr>
          </ns3:TrackPointExtension>
        </extensions>
      </trkpt>
      <trkpt lat="51.76556286402046680450439453125" lon="5.61975619755685329437255859375">
        <ele>10.3999996185302734375</ele>
        <time>2025-03-10T10:03:36.000Z</time>
        <extensions>
          <ns3:TrackPointExtension>
            <ns3:hr>142</ns3:hr>
          </ns3:TrackPointExtension>
        </extensions>
      </trkpt>
      <trkpt lat="51.765526570379734039306640625" lon="5.61963935382664203643798828125">
        <ele>11</ele>
        <time>2025-03-10T10:03:45.000Z</time>
        <extensions>
          <ns3:TrackPointExtension>
            <ns3:hr>142</ns3:hr>
          </ns3:TrackPointExtension>
        </extensions>
      </trkpt>
      <trkpt lat="51.76552883349359035491943359375" lon="5.61962175182998180389404296875">
        <ele>11.19999980926513671875</ele>
        <time>2025-03-10T10:03:51.000Z</time>
        <extensions>
          <ns3:TrackPointExtension>
            <ns3:hr>142</ns3:hr>
          </ns3:TrackPointExtension>
        </extensions>
      </trkpt>
      <trkpt lat="51.76551156677305698394775390625" lon="5.6195864640176296234130859375">
        <ele>11</ele>
        <time>2025-03-10T10:03:58.000Z</time>
        <extensions>
          <ns3:TrackPointExtension>
            <ns3:hr>141</ns3:hr>
          </ns3:TrackPointExtension>
        </extensions>
      </trkpt>
      <trkpt lat="51.76548759452998638153076171875" lon="5.619507841765880584716796875">
        <ele>11</ele>
        <time>2025-03-10T10:04:03.000Z</time>
        <extensions>
          <ns3:TrackPointExtension>
            <ns3:hr>140</ns3:hr>
          </ns3:TrackPointExtension>
        </extensions>
      </trkpt>
      <trkpt lat="51.76545557565987110137939453125" lon="5.6194359250366687774658203125">
        <ele>10.3999996185302734375</ele>
        <time>2025-03-10T10:04:08.000Z</time>
        <extensions>
          <ns3:TrackPointExtension>
            <ns3:hr>140</ns3:hr>
          </ns3:TrackPointExtension>
        </extensions>
      </trkpt>
      <trkpt lat="51.76543646492063999176025390625" lon="5.6193725578486919403076171875">
        <ele>10.19999980926513671875</ele>
        <time>2025-03-10T10:04:14.000Z</time>
        <extensions>
          <ns3:TrackPointExtension>
            <ns3:hr>140</ns3:hr>
          </ns3:TrackPointExtension>
        </extensions>
      </trkpt>
      <trkpt lat="51.7653872631490230560302734375" lon="5.6192632578313350677490234375">
        <ele>10.19999980926513671875</ele>
        <time>2025-03-10T10:04:21.000Z</time>
        <extensions>
          <ns3:TrackPointExtension>
            <ns3:hr>142</ns3:hr>
          </ns3:TrackPointExtension>
        </extensions>
      </trkpt>
      <trkpt lat="51.76537779159843921661376953125" lon="5.61924791894853115081787109375">
        <ele>10.19999980926513671875</ele>
        <time>2025-03-10T10:04:22.000Z</time>
        <extensions>
          <ns3:TrackPointExtension>
            <ns3:hr>142</ns3:hr>
          </ns3:TrackPointExtension>
        </extensions>
      </trkpt>
      <trkpt lat="51.76534342579543590545654296875" lon="5.6192052550613880157470703125">
        <ele>10.19999980926513671875</ele>
        <time>2025-03-10T10:04:28.000Z</time>
        <extensions>
          <ns3:TrackPointExtension>
            <ns3:hr>143</ns3:hr>
          </ns3:TrackPointExtension>
        </extensions>
      </trkpt>
      <trkpt lat="51.7653409950435161590576171875" lon="5.61919276602566242218017578125">
        <ele>10.19999980926513671875</ele>
        <time>2025-03-10T10:04:29.000Z</time>
        <extensions>
          <ns3:TrackPointExtension>
            <ns3:hr>144</ns3:hr>
          </ns3:TrackPointExtension>
        </extensions>
      </trkpt>
      <trkpt lat="51.7653158493340015411376953125" lon="5.61911582015454769134521484375">
        <ele>10.19999980926513671875</ele>
        <time>2025-03-10T10:04:34.000Z</time>
        <extensions>
          <ns3:TrackPointExtension>
            <ns3:hr>142</ns3:hr>
          </ns3:TrackPointExtension>
        </extensions>
      </trkpt>
      <trkpt lat="51.7652893625199794769287109375" lon="5.6190361082553863525390625">
        <ele>10.3999996185302734375</ele>
        <time>2025-03-10T10:04:39.000Z</time>
        <extensions>
          <ns3:TrackPointExtension>
            <ns3:hr>143</ns3:hr>
          </ns3:TrackPointExtension>
        </extensions>
      </trkpt>
      <trkpt lat="51.76526882685720920562744140625" lon="5.6189824640750885009765625">
        <ele>10.19999980926513671875</ele>
        <time>2025-03-10T10:04:45.000Z</time>
        <extensions>
          <ns3:TrackPointExtension>
            <ns3:hr>142</ns3:hr>
          </ns3:TrackPointExtension>
        </extensions>
      </trkpt>
      <trkpt lat="51.765232197940349578857421875" lon="5.6188582442700862884521484375">
        <ele>10.19999980926513671875</ele>
        <time>2025-03-10T10:04:51.000Z</time>
        <extensions>
          <ns3:TrackPointExtension>
            <ns3:hr>143</ns3:hr>
          </ns3:TrackPointExtension>
        </extensions>
      </trkpt>
      <trkpt lat="51.76519925706088542938232421875" lon="5.61878423206508159637451171875">
        <ele>10.3999996185302734375</ele>
        <time>2025-03-10T10:04:57.000Z</time>
        <extensions>
          <ns3:TrackPointExtension>
            <ns3:hr>144</ns3:hr>
          </ns3:TrackPointExtension>
        </extensions>
      </trkpt>
      <trkpt lat="51.76519095897674560546875" lon="5.61875187791883945465087890625">
        <ele>11</ele>
        <time>2025-03-10T10:05:04.000Z</time>
        <extensions>
          <ns3:TrackPointExtension>
            <ns3:hr>145</ns3:hr>
          </ns3:TrackPointExtension>
        </extensions>
      </trkpt>
      <trkpt lat="51.76519104279577732086181640625" lon="5.61875045299530029296875">
        <ele>11.19999980926513671875</ele>
        <time>2025-03-10T10:05:09.000Z</time>
        <extensions>
          <ns3:TrackPointExtension>
            <ns3:hr>142</ns3:hr>
          </ns3:TrackPointExtension>
        </extensions>
      </trkpt>
      <trkpt lat="51.76518769003450870513916015625" lon="5.6187016703188419342041015625">
        <ele>11.19999980926513671875</ele>
        <time>2025-03-10T10:05:13.000Z</time>
        <extensions>
          <ns3:TrackPointExtension>
            <ns3:hr>139</ns3:hr>
          </ns3:TrackPointExtension>
        </extensions>
      </trkpt>
      <trkpt lat="51.7651954852044582366943359375" lon="5.61870594508945941925048828125">
        <ele>11.19999980926513671875</ele>
        <time>2025-03-10T10:05:16.000Z</time>
        <extensions>
          <ns3:TrackPointExtension>
            <ns3:hr>136</ns3:hr>
          </ns3:TrackPointExtension>
        </extensions>
      </trkpt>
      <trkpt lat="51.765188612043857574462890625" lon="5.61868448741734027862548828125">
        <ele>10.80000019073486328125</ele>
        <time>2025-03-10T10:05:22.000Z</time>
        <extensions>
          <ns3:TrackPointExtension>
            <ns3:hr>135</ns3:hr>
          </ns3:TrackPointExtension>
        </extensions>
      </trkpt>
      <trkpt lat="51.765156425535678863525390625" lon="5.61860226094722747802734375">
        <ele>11</ele>
        <time>2025-03-10T10:05:30.000Z</time>
        <extensions>
          <ns3:TrackPointExtension>
            <ns3:hr>136</ns3:hr>
          </ns3:TrackPointExtension>
        </extensions>
      </trkpt>
      <trkpt lat="51.7651287652552127838134765625" lon="5.61854727566242218017578125">
        <ele>10.3999996185302734375</ele>
        <time>2025-03-10T10:05:34.000Z</time>
        <extensions>
          <ns3:TrackPointExtension>
            <ns3:hr>135</ns3:hr>
          </ns3:TrackPointExtension>
        </extensions>
      </trkpt>
      <trkpt lat="51.76512734033167362213134765625" lon="5.618536882102489471435546875">
        <ele>10.3999996185302734375</ele>
        <time>2025-03-10T10:05:35.000Z</time>
        <extensions>
          <ns3:TrackPointExtension>
            <ns3:hr>136</ns3:hr>
          </ns3:TrackPointExtension>
        </extensions>
      </trkpt>
      <trkpt lat="51.7651046253740787506103515625" lon="5.61848281882703304290771484375">
        <ele>10.3999996185302734375</ele>
        <time>2025-03-10T10:05:39.000Z</time>
        <extensions>
          <ns3:TrackPointExtension>
            <ns3:hr>136</ns3:hr>
          </ns3:TrackPointExtension>
        </extensions>
      </trkpt>
      <trkpt lat="51.7650895379483699798583984375" lon="5.6184515543282032012939453125">
        <ele>10.6000003814697265625</ele>
        <time>2025-03-10T10:05:44.000Z</time>
        <extensions>
          <ns3:TrackPointExtension>
            <ns3:hr>136</ns3:hr>
          </ns3:TrackPointExtension>
        </extensions>
      </trkpt>
      <trkpt lat="51.7650667391717433929443359375" lon="5.618379302322864532470703125">
        <ele>11</ele>
        <time>2025-03-10T10:05:49.000Z</time>
        <extensions>
          <ns3:TrackPointExtension>
            <ns3:hr>136</ns3:hr>
          </ns3:TrackPointExtension>
        </extensions>
      </trkpt>
      <trkpt lat="51.765059195458889007568359375" lon="5.618350468575954437255859375">
        <ele>11.6000003814697265625</ele>
        <time>2025-03-10T10:05:52.000Z</time>
        <extensions>
          <ns3:TrackPointExtension>
            <ns3:hr>139</ns3:hr>
          </ns3:TrackPointExtension>
        </extensions>
      </trkpt>
      <trkpt lat="51.765052489936351776123046875" lon="5.61832875944674015045166015625">
        <ele>12</ele>
        <time>2025-03-10T10:05:54.000Z</time>
        <extensions>
          <ns3:TrackPointExtension>
            <ns3:hr>140</ns3:hr>
          </ns3:TrackPointExtension>
        </extensions>
      </trkpt>
      <trkpt lat="51.76504318602383136749267578125" lon="5.61829506419599056243896484375">
        <ele>11.3999996185302734375</ele>
        <time>2025-03-10T10:05:58.000Z</time>
        <extensions>
          <ns3:TrackPointExtension>
            <ns3:hr>143</ns3:hr>
          </ns3:TrackPointExtension>
        </extensions>
      </trkpt>
      <trkpt lat="51.7650422640144824981689453125" lon="5.61827905476093292236328125">
        <ele>11.3999996185302734375</ele>
        <time>2025-03-10T10:05:59.000Z</time>
        <extensions>
          <ns3:TrackPointExtension>
            <ns3:hr>144</ns3:hr>
          </ns3:TrackPointExtension>
        </extensions>
      </trkpt>
      <trkpt lat="51.76503145135939121246337890625" lon="5.6182460300624370574951171875">
        <ele>11.3999996185302734375</ele>
        <time>2025-03-10T10:06:01.000Z</time>
        <extensions>
          <ns3:TrackPointExtension>
            <ns3:hr>148</ns3:hr>
          </ns3:TrackPointExtension>
        </extensions>
      </trkpt>
      <trkpt lat="51.76500529982149600982666015625" lon="5.61817788518965244293212890625">
        <ele>11.3999996185302734375</ele>
        <time>2025-03-10T10:06:05.000Z</time>
        <extensions>
          <ns3:TrackPointExtension>
            <ns3:hr>148</ns3:hr>
          </ns3:TrackPointExtension>
        </extensions>
      </trkpt>
      <trkpt lat="51.7649745382368564605712890625" lon="5.618060790002346038818359375">
        <ele>10.6000003814697265625</ele>
        <time>2025-03-10T10:06:11.000Z</time>
        <extensions>
          <ns3:TrackPointExtension>
            <ns3:hr>148</ns3:hr>
          </ns3:TrackPointExtension>
        </extensions>
      </trkpt>
      <trkpt lat="51.76496825180947780609130859375" lon="5.6180394999682903289794921875">
        <ele>10.6000003814697265625</ele>
        <time>2025-03-10T10:06:12.000Z</time>
        <extensions>
          <ns3:TrackPointExtension>
            <ns3:hr>149</ns3:hr>
          </ns3:TrackPointExtension>
        </extensions>
      </trkpt>
      <trkpt lat="51.76493589766323566436767578125" lon="5.61796657741069793701171875">
        <ele>10.6000003814697265625</ele>
        <time>2025-03-10T10:06:17.000Z</time>
        <extensions>
          <ns3:TrackPointExtension>
            <ns3:hr>149</ns3:hr>
          </ns3:TrackPointExtension>
        </extensions>
      </trkpt>
      <trkpt lat="51.7648890428245067596435546875" lon="5.6178889609873294830322265625">
        <ele>10.3999996185302734375</ele>
        <time>2025-03-10T10:06:24.000Z</time>
        <extensions>
          <ns3:TrackPointExtension>
            <ns3:hr>148</ns3:hr>
          </ns3:TrackPointExtension>
        </extensions>
      </trkpt>
      <trkpt lat="51.76486213691532611846923828125" lon="5.61783238314092159271240234375">
        <ele>10.19999980926513671875</ele>
        <time>2025-03-10T10:06:28.000Z</time>
        <extensions>
          <ns3:TrackPointExtension>
            <ns3:hr>147</ns3:hr>
          </ns3:TrackPointExtension>
        </extensions>
      </trkpt>
      <trkpt lat="51.7648558504879474639892578125" lon="5.61781830154359340667724609375">
        <ele>10.19999980926513671875</ele>
        <time>2025-03-10T10:06:29.000Z</time>
        <extensions>
          <ns3:TrackPointExtension>
            <ns3:hr>148</ns3:hr>
          </ns3:TrackPointExtension>
        </extensions>
      </trkpt>
      <trkpt lat="51.7648199759423732757568359375" lon="5.617725849151611328125">
        <ele>10</ele>
        <time>2025-03-10T10:06:34.000Z</time>
        <extensions>
          <ns3:TrackPointExtension>
            <ns3:hr>149</ns3:hr>
          </ns3:TrackPointExtension>
        </extensions>
      </trkpt>
      <trkpt lat="51.76479139365255832672119140625" lon="5.6176643259823322296142578125">
        <ele>10.19999980926513671875</ele>
        <time>2025-03-10T10:06:40.000Z</time>
        <extensions>
          <ns3:TrackPointExtension>
            <ns3:hr>149</ns3:hr>
          </ns3:TrackPointExtension>
        </extensions>
      </trkpt>
      <trkpt lat="51.7647857777774333953857421875" lon="5.61758729629218578338623046875">
        <ele>10.19999980926513671875</ele>
        <time>2025-03-10T10:06:46.000Z</time>
        <extensions>
          <ns3:TrackPointExtension>
            <ns3:hr>150</ns3:hr>
          </ns3:TrackPointExtension>
        </extensions>
      </trkpt>
      <trkpt lat="51.7647579498589038848876953125" lon="5.61743675731122493743896484375">
        <ele>10.3999996185302734375</ele>
        <time>2025-03-10T10:06:53.000Z</time>
        <extensions>
          <ns3:TrackPointExtension>
            <ns3:hr>150</ns3:hr>
          </ns3:TrackPointExtension>
        </extensions>
      </trkpt>
      <trkpt lat="51.76471947692334651947021484375" lon="5.6174034811556339263916015625">
        <ele>10.19999980926513671875</ele>
        <time>2025-03-10T10:06:59.000Z</time>
        <extensions>
          <ns3:TrackPointExtension>
            <ns3:hr>149</ns3:hr>
          </ns3:TrackPointExtension>
        </extensions>
      </trkpt>
      <trkpt lat="51.76467957906424999237060546875" lon="5.6173441372811794281005859375">
        <ele>10.19999980926513671875</ele>
        <time>2025-03-10T10:07:05.000Z</time>
        <extensions>
          <ns3:TrackPointExtension>
            <ns3:hr>149</ns3:hr>
          </ns3:TrackPointExtension>
        </extensions>
      </trkpt>
      <trkpt lat="51.76463683135807514190673828125" lon="5.617233999073505401611328125">
        <ele>10.3999996185302734375</ele>
        <time>2025-03-10T10:07:11.000Z</time>
        <extensions>
          <ns3:TrackPointExtension>
            <ns3:hr>147</ns3:hr>
          </ns3:TrackPointExtension>
        </extensions>
      </trkpt>
      <trkpt lat="51.76462392322719097137451171875" lon="5.617153532803058624267578125">
        <ele>10.19999980926513671875</ele>
        <time>2025-03-10T10:07:17.000Z</time>
        <extensions>
          <ns3:TrackPointExtension>
            <ns3:hr>148</ns3:hr>
          </ns3:TrackPointExtension>
        </extensions>
      </trkpt>
      <trkpt lat="51.76460380665957927703857421875" lon="5.61703660525381565093994140625">
        <ele>10.3999996185302734375</ele>
        <time>2025-03-10T10:07:22.000Z</time>
        <extensions>
          <ns3:TrackPointExtension>
            <ns3:hr>149</ns3:hr>
          </ns3:TrackPointExtension>
        </extensions>
      </trkpt>
      <trkpt lat="51.7645745538175106048583984375" lon="5.61696519143879413604736328125">
        <ele>10.3999996185302734375</ele>
        <time>2025-03-10T10:07:28.000Z</time>
        <extensions>
          <ns3:TrackPointExtension>
            <ns3:hr>150</ns3:hr>
          </ns3:TrackPointExtension>
        </extensions>
      </trkpt>
      <trkpt lat="51.7645698599517345428466796875" lon="5.61695345677435398101806640625">
        <ele>10.3999996185302734375</ele>
        <time>2025-03-10T10:07:29.000Z</time>
        <extensions>
          <ns3:TrackPointExtension>
            <ns3:hr>150</ns3:hr>
          </ns3:TrackPointExtension>
        </extensions>
      </trkpt>
      <trkpt lat="51.76455183885991573333740234375" lon="5.6168811209499835968017578125">
        <ele>10.6000003814697265625</ele>
        <time>2025-03-10T10:07:33.000Z</time>
        <extensions>
          <ns3:TrackPointExtension>
            <ns3:hr>151</ns3:hr>
          </ns3:TrackPointExtension>
        </extensions>
      </trkpt>
      <trkpt lat="51.764532811939716339111328125" lon="5.61682999134063720703125">
        <ele>10.3999996185302734375</ele>
        <time>2025-03-10T10:07:38.000Z</time>
        <extensions>
          <ns3:TrackPointExtension>
            <ns3:hr>152</ns3:hr>
          </ns3:TrackPointExtension>
        </extensions>
      </trkpt>
      <trkpt lat="51.76452065818011760711669921875" lon="5.616781711578369140625">
        <ele>10.3999996185302734375</ele>
        <time>2025-03-10T10:07:44.000Z</time>
        <extensions>
          <ns3:TrackPointExtension>
            <ns3:hr>149</ns3:hr>
          </ns3:TrackPointExtension>
        </extensions>
      </trkpt>
      <trkpt lat="51.764519400894641876220703125" lon="5.6167714856564998626708984375">
        <ele>10.3999996185302734375</ele>
        <time>2025-03-10T10:07:45.000Z</time>
        <extensions>
          <ns3:TrackPointExtension>
            <ns3:hr>149</ns3:hr>
          </ns3:TrackPointExtension>
        </extensions>
      </trkpt>
      <trkpt lat="51.76450523547828197479248046875" lon="5.61670887283980846405029296875">
        <ele>10.3999996185302734375</ele>
        <time>2025-03-10T10:07:49.000Z</time>
        <extensions>
          <ns3:TrackPointExtension>
            <ns3:hr>150</ns3:hr>
          </ns3:TrackPointExtension>
        </extensions>
      </trkpt>
      <trkpt lat="51.764514036476612091064453125" lon="5.61668037436902523040771484375">
        <ele>10.80000019073486328125</ele>
        <time>2025-03-10T10:07:54.000Z</time>
        <extensions>
          <ns3:TrackPointExtension>
            <ns3:hr>149</ns3:hr>
          </ns3:TrackPointExtension>
        </extensions>
      </trkpt>
      <trkpt lat="51.7644967697560787200927734375" lon="5.61671197414398193359375">
        <ele>11</ele>
        <time>2025-03-10T10:08:02.000Z</time>
        <extensions>
          <ns3:TrackPointExtension>
            <ns3:hr>146</ns3:hr>
          </ns3:TrackPointExtension>
        </extensions>
      </trkpt>
      <trkpt lat="51.7644950933754444122314453125" lon="5.616719685494899749755859375">
        <ele>11</ele>
        <time>2025-03-10T10:08:03.000Z</time>
        <extensions>
          <ns3:TrackPointExtension>
            <ns3:hr>144</ns3:hr>
          </ns3:TrackPointExtension>
        </extensions>
      </trkpt>
      <trkpt lat="51.76449266262352466583251953125" lon="5.61673167161643505096435546875">
        <ele>11</ele>
        <time>2025-03-10T10:08:06.000Z</time>
        <extensions>
          <ns3:TrackPointExtension>
            <ns3:hr>141</ns3:hr>
          </ns3:TrackPointExtension>
        </extensions>
      </trkpt>
      <trkpt lat="51.76449668593704700469970703125" lon="5.616714656352996826171875">
        <ele>11</ele>
        <time>2025-03-10T10:08:10.000Z</time>
        <extensions>
          <ns3:TrackPointExtension>
            <ns3:hr>138</ns3:hr>
          </ns3:TrackPointExtension>
        </extensions>
      </trkpt>
      <trkpt lat="51.764495261013507843017578125" lon="5.61670736409723758697509765625">
        <ele>10.80000019073486328125</ele>
        <time>2025-03-10T10:08:13.000Z</time>
        <extensions>
          <ns3:TrackPointExtension>
            <ns3:hr>136</ns3:hr>
          </ns3:TrackPointExtension>
        </extensions>
      </trkpt>
      <trkpt lat="51.764476485550403594970703125" lon="5.61671398580074310302734375">
        <ele>10.80000019073486328125</ele>
        <time>2025-03-10T10:08:20.000Z</time>
        <extensions>
          <ns3:TrackPointExtension>
            <ns3:hr>139</ns3:hr>
          </ns3:TrackPointExtension>
        </extensions>
      </trkpt>
      <trkpt lat="51.764474473893642425537109375" lon="5.61671423725783824920654296875">
        <ele>10.80000019073486328125</ele>
        <time>2025-03-10T10:08:21.000Z</time>
        <extensions>
          <ns3:TrackPointExtension>
            <ns3:hr>139</ns3:hr>
          </ns3:TrackPointExtension>
        </extensions>
      </trkpt>
      <trkpt lat="51.76448159851133823394775390625" lon="5.616719014942646026611328125">
        <ele>11</ele>
        <time>2025-03-10T10:08:28.000Z</time>
        <extensions>
          <ns3:TrackPointExtension>
            <ns3:hr>140</ns3:hr>
          </ns3:TrackPointExtension>
        </extensions>
      </trkpt>
      <trkpt lat="51.7644779942929744720458984375" lon="5.61675078235566616058349609375">
        <ele>10.6000003814697265625</ele>
        <time>2025-03-10T10:08:34.000Z</time>
        <extensions>
          <ns3:TrackPointExtension>
            <ns3:hr>140</ns3:hr>
          </ns3:TrackPointExtension>
        </extensions>
      </trkpt>
      <trkpt lat="51.7644344083964824676513671875" lon="5.61678632162511348724365234375">
        <ele>10.19999980926513671875</ele>
        <time>2025-03-10T10:08:40.000Z</time>
        <extensions>
          <ns3:TrackPointExtension>
            <ns3:hr>140</ns3:hr>
          </ns3:TrackPointExtension>
        </extensions>
      </trkpt>
      <trkpt lat="51.76441110670566558837890625" lon="5.61686594970524311065673828125">
        <ele>10</ele>
        <time>2025-03-10T10:08:46.000Z</time>
        <extensions>
          <ns3:TrackPointExtension>
            <ns3:hr>140</ns3:hr>
          </ns3:TrackPointExtension>
        </extensions>
      </trkpt>
      <trkpt lat="51.7643985338509082794189453125" lon="5.616939961910247802734375">
        <ele>10.3999996185302734375</ele>
        <time>2025-03-10T10:08:52.000Z</time>
        <extensions>
          <ns3:TrackPointExtension>
            <ns3:hr>140</ns3:hr>
          </ns3:TrackPointExtension>
        </extensions>
      </trkpt>
      <trkpt lat="51.76437967456877231597900390625" lon="5.61701782979071140289306640625">
        <ele>11</ele>
        <time>2025-03-10T10:08:59.000Z</time>
        <extensions>
          <ns3:TrackPointExtension>
            <ns3:hr>140</ns3:hr>
          </ns3:TrackPointExtension>
        </extensions>
      </trkpt>
      <trkpt lat="51.76435385830700397491455078125" lon="5.61709293164312839508056640625">
        <ele>10.19999980926513671875</ele>
        <time>2025-03-10T10:09:04.000Z</time>
        <extensions>
          <ns3:TrackPointExtension>
            <ns3:hr>144</ns3:hr>
          </ns3:TrackPointExtension>
        </extensions>
      </trkpt>
      <trkpt lat="51.7643271200358867645263671875" lon="5.61712377704679965972900390625">
        <ele>10.19999980926513671875</ele>
        <time>2025-03-10T10:09:06.000Z</time>
        <extensions>
          <ns3:TrackPointExtension>
            <ns3:hr>145</ns3:hr>
          </ns3:TrackPointExtension>
        </extensions>
      </trkpt>
      <trkpt lat="51.76428127102553844451904296875" lon="5.6171771697700023651123046875">
        <ele>10.19999980926513671875</ele>
        <time>2025-03-10T10:09:12.000Z</time>
        <extensions>
          <ns3:TrackPointExtension>
            <ns3:hr>146</ns3:hr>
          </ns3:TrackPointExtension>
        </extensions>
      </trkpt>
      <trkpt lat="51.7642868869006633758544921875" lon="5.6171647645533084869384765625">
        <ele>10.19999980926513671875</ele>
        <time>2025-03-10T10:09:16.000Z</time>
        <extensions>
          <ns3:TrackPointExtension>
            <ns3:hr>149</ns3:hr>
          </ns3:TrackPointExtension>
        </extensions>
      </trkpt>
      <trkpt lat="51.76429040729999542236328125" lon="5.61715546064078807830810546875">
        <ele>10.6000003814697265625</ele>
        <time>2025-03-10T10:09:19.000Z</time>
        <extensions>
          <ns3:TrackPointExtension>
            <ns3:hr>151</ns3:hr>
          </ns3:TrackPointExtension>
        </extensions>
      </trkpt>
      <trkpt lat="51.764254868030548095703125" lon="5.61717331409454345703125">
        <ele>10.6000003814697265625</ele>
        <time>2025-03-10T10:09:28.000Z</time>
        <extensions>
          <ns3:TrackPointExtension>
            <ns3:hr>149</ns3:hr>
          </ns3:TrackPointExtension>
        </extensions>
      </trkpt>
      <trkpt lat="51.76423450000584125518798828125" lon="5.61720558442175388336181640625">
        <ele>10.80000019073486328125</ele>
        <time>2025-03-10T10:09:35.000Z</time>
        <extensions>
          <ns3:TrackPointExtension>
            <ns3:hr>146</ns3:hr>
          </ns3:TrackPointExtension>
        </extensions>
      </trkpt>
      <trkpt lat="51.7642201669514179229736328125" lon="5.61724045313894748687744140625">
        <ele>10.80000019073486328125</ele>
        <time>2025-03-10T10:09:42.000Z</time>
        <extensions>
          <ns3:TrackPointExtension>
            <ns3:hr>144</ns3:hr>
          </ns3:TrackPointExtension>
        </extensions>
      </trkpt>
      <trkpt lat="51.76417968235909938812255859375" lon="5.61730985529720783233642578125">
        <ele>10.80000019073486328125</ele>
        <time>2025-03-10T10:09:46.000Z</time>
        <extensions>
          <ns3:TrackPointExtension>
            <ns3:hr>143</ns3:hr>
          </ns3:TrackPointExtension>
        </extensions>
      </trkpt>
      <trkpt lat="51.76415227353572845458984375" lon="5.61738587915897369384765625">
        <ele>10</ele>
        <time>2025-03-10T10:09:52.000Z</time>
        <extensions>
          <ns3:TrackPointExtension>
            <ns3:hr>144</ns3:hr>
          </ns3:TrackPointExtension>
        </extensions>
      </trkpt>
      <trkpt lat="51.7641403712332248687744140625" lon="5.61746458522975444793701171875">
        <ele>10</ele>
        <time>2025-03-10T10:09:58.000Z</time>
        <extensions>
          <ns3:TrackPointExtension>
            <ns3:hr>144</ns3:hr>
          </ns3:TrackPointExtension>
        </extensions>
      </trkpt>
      <trkpt lat="51.764098964631557464599609375" lon="5.617533735930919647216796875">
        <ele>10</ele>
        <time>2025-03-10T10:10:03.000Z</time>
        <extensions>
          <ns3:TrackPointExtension>
            <ns3:hr>147</ns3:hr>
          </ns3:TrackPointExtension>
        </extensions>
      </trkpt>
      <trkpt lat="51.76408194936811923980712890625" lon="5.61755745671689510345458984375">
        <ele>10.19999980926513671875</ele>
        <time>2025-03-10T10:10:05.000Z</time>
        <extensions>
          <ns3:TrackPointExtension>
            <ns3:hr>149</ns3:hr>
          </ns3:TrackPointExtension>
        </extensions>
      </trkpt>
      <trkpt lat="51.76405646838247776031494140625" lon="5.6176292896270751953125">
        <ele>10</ele>
        <time>2025-03-10T10:10:11.000Z</time>
        <extensions>
          <ns3:TrackPointExtension>
            <ns3:hr>149</ns3:hr>
          </ns3:TrackPointExtension>
        </extensions>
      </trkpt>
      <trkpt lat="51.76401087082922458648681640625" lon="5.61771118082106113433837890625">
        <ele>9.80000019073486328125</ele>
        <time>2025-03-10T10:10:18.000Z</time>
        <extensions>
          <ns3:TrackPointExtension>
            <ns3:hr>150</ns3:hr>
          </ns3:TrackPointExtension>
        </extensions>
      </trkpt>
      <trkpt lat="51.7640174925327301025390625" lon="5.617706067860126495361328125">
        <ele>10.6000003814697265625</ele>
        <time>2025-03-10T10:10:23.000Z</time>
        <extensions>
          <ns3:TrackPointExtension>
            <ns3:hr>147</ns3:hr>
          </ns3:TrackPointExtension>
        </extensions>
      </trkpt>
      <trkpt lat="51.764023192226886749267578125" lon="5.617691986262798309326171875">
        <ele>10.6000003814697265625</ele>
        <time>2025-03-10T10:10:25.000Z</time>
        <extensions>
          <ns3:TrackPointExtension>
            <ns3:hr>145</ns3:hr>
          </ns3:TrackPointExtension>
        </extensions>
      </trkpt>
      <trkpt lat="51.76402444951236248016357421875" lon="5.6176727078855037689208984375">
        <ele>10.3999996185302734375</ele>
        <time>2025-03-10T10:10:28.000Z</time>
        <extensions>
          <ns3:TrackPointExtension>
            <ns3:hr>142</ns3:hr>
          </ns3:TrackPointExtension>
        </extensions>
      </trkpt>
      <trkpt lat="51.76402897574007511138916015625" lon="5.61767823994159698486328125">
        <ele>10</ele>
        <time>2025-03-10T10:10:30.000Z</time>
        <extensions>
          <ns3:TrackPointExtension>
            <ns3:hr>142</ns3:hr>
          </ns3:TrackPointExtension>
        </extensions>
      </trkpt>
      <trkpt lat="51.76404423080384731292724609375" lon="5.617716126143932342529296875">
        <ele>10</ele>
        <time>2025-03-10T10:10:37.000Z</time>
        <extensions>
          <ns3:TrackPointExtension>
            <ns3:hr>143</ns3:hr>
          </ns3:TrackPointExtension>
        </extensions>
      </trkpt>
      <trkpt lat="51.7640498466789722442626953125" lon="5.61780153773725032806396484375">
        <ele>9.6000003814697265625</ele>
        <time>2025-03-10T10:10:43.000Z</time>
        <extensions>
          <ns3:TrackPointExtension>
            <ns3:hr>144</ns3:hr>
          </ns3:TrackPointExtension>
        </extensions>
      </trkpt>
      <trkpt lat="51.76405227743089199066162109375" lon="5.6178467161953449249267578125">
        <ele>9.6000003814697265625</ele>
        <time>2025-03-10T10:10:47.000Z</time>
        <extensions>
          <ns3:TrackPointExtension>
            <ns3:hr>145</ns3:hr>
          </ns3:TrackPointExtension>
        </extensions>
      </trkpt>
      <trkpt lat="51.7640508525073528289794921875" lon="5.6178631447255611419677734375">
        <ele>9.6000003814697265625</ele>
        <time>2025-03-10T10:10:48.000Z</time>
        <extensions>
          <ns3:TrackPointExtension>
            <ns3:hr>145</ns3:hr>
          </ns3:TrackPointExtension>
        </extensions>
      </trkpt>
      <trkpt lat="51.76402210257947444915771484375" lon="5.61791486106812953948974609375">
        <ele>9.3999996185302734375</ele>
        <time>2025-03-10T10:10:52.000Z</time>
        <extensions>
          <ns3:TrackPointExtension>
            <ns3:hr>143</ns3:hr>
          </ns3:TrackPointExtension>
        </extensions>
      </trkpt>
      <trkpt lat="51.76399176008999347686767578125" lon="5.6179466284811496734619140625">
        <ele>9.3999996185302734375</ele>
        <time>2025-03-10T10:10:57.000Z</time>
        <extensions>
          <ns3:TrackPointExtension>
            <ns3:hr>142</ns3:hr>
          </ns3:TrackPointExtension>
        </extensions>
      </trkpt>
      <trkpt lat="51.76399142481386661529541015625" lon="5.6179687567055225372314453125">
        <ele>9.3999996185302734375</ele>
        <time>2025-03-10T10:10:59.000Z</time>
        <extensions>
          <ns3:TrackPointExtension>
            <ns3:hr>141</ns3:hr>
          </ns3:TrackPointExtension>
        </extensions>
      </trkpt>
      <trkpt lat="51.7639888264238834381103515625" lon="5.6179811619222164154052734375">
        <ele>9.3999996185302734375</ele>
        <time>2025-03-10T10:11:02.000Z</time>
        <extensions>
          <ns3:TrackPointExtension>
            <ns3:hr>139</ns3:hr>
          </ns3:TrackPointExtension>
        </extensions>
      </trkpt>
      <trkpt lat="51.76399880088865756988525390625" lon="5.61804595403373241424560546875">
        <ele>9.19999980926513671875</ele>
        <time>2025-03-10T10:11:08.000Z</time>
        <extensions>
          <ns3:TrackPointExtension>
            <ns3:hr>138</ns3:hr>
          </ns3:TrackPointExtension>
        </extensions>
      </trkpt>
      <trkpt lat="51.76401657052338123321533203125" lon="5.61807118356227874755859375">
        <ele>9.6000003814697265625</ele>
        <time>2025-03-10T10:11:13.000Z</time>
        <extensions>
          <ns3:TrackPointExtension>
            <ns3:hr>137</ns3:hr>
          </ns3:TrackPointExtension>
        </extensions>
      </trkpt>
      <trkpt lat="51.76402486860752105712890625" lon="5.61809825710952281951904296875">
        <ele>9.6000003814697265625</ele>
        <time>2025-03-10T10:11:18.000Z</time>
        <extensions>
          <ns3:TrackPointExtension>
            <ns3:hr>138</ns3:hr>
          </ns3:TrackPointExtension>
        </extensions>
      </trkpt>
      <trkpt lat="51.764034591615200042724609375" lon="5.61814335174858570098876953125">
        <ele>9.3999996185302734375</ele>
        <time>2025-03-10T10:11:21.000Z</time>
        <extensions>
          <ns3:TrackPointExtension>
            <ns3:hr>141</ns3:hr>
          </ns3:TrackPointExtension>
        </extensions>
      </trkpt>
      <trkpt lat="51.76404825411736965179443359375" lon="5.61818241141736507415771484375">
        <ele>9.19999980926513671875</ele>
        <time>2025-03-10T10:11:24.000Z</time>
        <extensions>
          <ns3:TrackPointExtension>
            <ns3:hr>142</ns3:hr>
          </ns3:TrackPointExtension>
        </extensions>
      </trkpt>
      <trkpt lat="51.7640957795083522796630859375" lon="5.61821660958230495452880859375">
        <ele>9</ele>
        <time>2025-03-10T10:11:31.000Z</time>
        <extensions>
          <ns3:TrackPointExtension>
            <ns3:hr>143</ns3:hr>
          </ns3:TrackPointExtension>
        </extensions>
      </trkpt>
      <trkpt lat="51.7641101963818073272705078125" lon="5.6182205490767955780029296875">
        <ele>9</ele>
        <time>2025-03-10T10:11:33.000Z</time>
        <extensions>
          <ns3:TrackPointExtension>
            <ns3:hr>144</ns3:hr>
          </ns3:TrackPointExtension>
        </extensions>
      </trkpt>
      <trkpt lat="51.764147914946079254150390625" lon="5.618246532976627349853515625">
        <ele>9</ele>
        <time>2025-03-10T10:11:37.000Z</time>
        <extensions>
          <ns3:TrackPointExtension>
            <ns3:hr>145</ns3:hr>
          </ns3:TrackPointExtension>
        </extensions>
      </trkpt>
      <trkpt lat="51.76420390605926513671875" lon="5.61834686435759067535400390625">
        <ele>8.80000019073486328125</ele>
        <time>2025-03-10T10:11:43.000Z</time>
        <extensions>
          <ns3:TrackPointExtension>
            <ns3:hr>145</ns3:hr>
          </ns3:TrackPointExtension>
        </extensions>
      </trkpt>
      <trkpt lat="51.76423676311969757080078125" lon="5.61842733062803745269775390625">
        <ele>8.6000003814697265625</ele>
        <time>2025-03-10T10:11:50.000Z</time>
        <extensions>
          <ns3:TrackPointExtension>
            <ns3:hr>145</ns3:hr>
          </ns3:TrackPointExtension>
        </extensions>
      </trkpt>
      <trkpt lat="51.764270626008510589599609375" lon="5.61853143386542797088623046875">
        <ele>8.80000019073486328125</ele>
        <time>2025-03-10T10:11:57.000Z</time>
        <extensions>
          <ns3:TrackPointExtension>
            <ns3:hr>145</ns3:hr>
          </ns3:TrackPointExtension>
        </extensions>
      </trkpt>
      <trkpt lat="51.76429719664156436920166015625" lon="5.6186248920857906341552734375">
        <ele>9</ele>
        <time>2025-03-10T10:12:03.000Z</time>
        <extensions>
          <ns3:TrackPointExtension>
            <ns3:hr>145</ns3:hr>
          </ns3:TrackPointExtension>
        </extensions>
      </trkpt>
      <trkpt lat="51.76427339203655719757080078125" lon="5.61866126954555511474609375">
        <ele>9.19999980926513671875</ele>
        <time>2025-03-10T10:12:08.000Z</time>
        <extensions>
          <ns3:TrackPointExtension>
            <ns3:hr>145</ns3:hr>
          </ns3:TrackPointExtension>
        </extensions>
      </trkpt>
      <trkpt lat="51.76420013420283794403076171875" lon="5.61874215491116046905517578125">
        <ele>8.6000003814697265625</ele>
        <time>2025-03-10T10:12:16.000Z</time>
        <extensions>
          <ns3:TrackPointExtension>
            <ns3:hr>146</ns3:hr>
          </ns3:TrackPointExtension>
        </extensions>
      </trkpt>
      <trkpt lat="51.76415738649666309356689453125" lon="5.6187891773879528045654296875">
        <ele>8.6000003814697265625</ele>
        <time>2025-03-10T10:12:20.000Z</time>
        <extensions>
          <ns3:TrackPointExtension>
            <ns3:hr>147</ns3:hr>
          </ns3:TrackPointExtension>
        </extensions>
      </trkpt>
      <trkpt lat="51.764152944087982177734375" lon="5.61879596672952175140380859375">
        <ele>8.6000003814697265625</ele>
        <time>2025-03-10T10:12:21.000Z</time>
        <extensions>
          <ns3:TrackPointExtension>
            <ns3:hr>147</ns3:hr>
          </ns3:TrackPointExtension>
        </extensions>
      </trkpt>
      <trkpt lat="51.764149926602840423583984375" lon="5.6188081204891204833984375">
        <ele>8.80000019073486328125</ele>
        <time>2025-03-10T10:12:27.000Z</time>
        <extensions>
          <ns3:TrackPointExtension>
            <ns3:hr>147</ns3:hr>
          </ns3:TrackPointExtension>
        </extensions>
      </trkpt>
      <trkpt lat="51.76415738649666309356689453125" lon="5.61883670277893543243408203125">
        <ele>9</ele>
        <time>2025-03-10T10:12:34.000Z</time>
        <extensions>
          <ns3:TrackPointExtension>
            <ns3:hr>146</ns3:hr>
          </ns3:TrackPointExtension>
        </extensions>
      </trkpt>
      <trkpt lat="51.76415872760117053985595703125" lon="5.61893460340797901153564453125">
        <ele>8.6000003814697265625</ele>
        <time>2025-03-10T10:12:39.000Z</time>
        <extensions>
          <ns3:TrackPointExtension>
            <ns3:hr>144</ns3:hr>
          </ns3:TrackPointExtension>
        </extensions>
      </trkpt>
      <trkpt lat="51.7641554586589336395263671875" lon="5.618940889835357666015625">
        <ele>9.19999980926513671875</ele>
        <time>2025-03-10T10:12:45.000Z</time>
        <extensions>
          <ns3:TrackPointExtension>
            <ns3:hr>144</ns3:hr>
          </ns3:TrackPointExtension>
        </extensions>
      </trkpt>
      <trkpt lat="51.764152608811855316162109375" lon="5.61897584237158298492431640625">
        <ele>9.19999980926513671875</ele>
        <time>2025-03-10T10:12:54.000Z</time>
        <extensions>
          <ns3:TrackPointExtension>
            <ns3:hr>141</ns3:hr>
          </ns3:TrackPointExtension>
        </extensions>
      </trkpt>
      <trkpt lat="51.76415537483990192413330078125" lon="5.61896109022200107574462890625">
        <ele>9.19999980926513671875</ele>
        <time>2025-03-10T10:12:55.000Z</time>
        <extensions>
          <ns3:TrackPointExtension>
            <ns3:hr>141</ns3:hr>
          </ns3:TrackPointExtension>
        </extensions>
      </trkpt>
      <trkpt lat="51.76416032016277313232421875" lon="5.61892504803836345672607421875">
        <ele>9</ele>
        <time>2025-03-10T10:13:01.000Z</time>
        <extensions>
          <ns3:TrackPointExtension>
            <ns3:hr>139</ns3:hr>
          </ns3:TrackPointExtension>
        </extensions>
      </trkpt>
      <trkpt lat="51.764164678752422332763671875" lon="5.6189154088497161865234375">
        <ele>9</ele>
        <time>2025-03-10T10:13:06.000Z</time>
        <extensions>
          <ns3:TrackPointExtension>
            <ns3:hr>136</ns3:hr>
          </ns3:TrackPointExtension>
        </extensions>
      </trkpt>
      <trkpt lat="51.7641678638756275177001953125" lon="5.61893619596958160400390625">
        <ele>8.6000003814697265625</ele>
        <time>2025-03-10T10:13:08.000Z</time>
        <extensions>
          <ns3:TrackPointExtension>
            <ns3:hr>136</ns3:hr>
          </ns3:TrackPointExtension>
        </extensions>
      </trkpt>
      <trkpt lat="51.76416057161986827850341796875" lon="5.6190345995128154754638671875">
        <ele>7.80000019073486328125</ele>
        <time>2025-03-10T10:13:14.000Z</time>
        <extensions>
          <ns3:TrackPointExtension>
            <ns3:hr>136</ns3:hr>
          </ns3:TrackPointExtension>
        </extensions>
      </trkpt>
      <trkpt lat="51.764164008200168609619140625" lon="5.619057901203632354736328125">
        <ele>8</ele>
        <time>2025-03-10T10:13:19.000Z</time>
        <extensions>
          <ns3:TrackPointExtension>
            <ns3:hr>137</ns3:hr>
          </ns3:TrackPointExtension>
        </extensions>
      </trkpt>
      <trkpt lat="51.7641784250736236572265625" lon="5.61909310519695281982421875">
        <ele>8</ele>
        <time>2025-03-10T10:13:23.000Z</time>
        <extensions>
          <ns3:TrackPointExtension>
            <ns3:hr>137</ns3:hr>
          </ns3:TrackPointExtension>
        </extensions>
      </trkpt>
      <trkpt lat="51.76418052054941654205322265625" lon="5.61908849515020847320556640625">
        <ele>8</ele>
        <time>2025-03-10T10:13:32.000Z</time>
        <extensions>
          <ns3:TrackPointExtension>
            <ns3:hr>136</ns3:hr>
          </ns3:TrackPointExtension>
        </extensions>
      </trkpt>
      <trkpt lat="51.76416325382888317108154296875" lon="5.61910877935588359832763671875">
        <ele>8</ele>
        <time>2025-03-10T10:13:38.000Z</time>
        <extensions>
          <ns3:TrackPointExtension>
            <ns3:hr>135</ns3:hr>
          </ns3:TrackPointExtension>
        </extensions>
      </trkpt>
      <trkpt lat="51.764171384274959564208984375" lon="5.61914565972983837127685546875">
        <ele>8</ele>
        <time>2025-03-10T10:13:44.000Z</time>
        <extensions>
          <ns3:TrackPointExtension>
            <ns3:hr>134</ns3:hr>
          </ns3:TrackPointExtension>
        </extensions>
      </trkpt>
      <trkpt lat="51.76416778005659580230712890625" lon="5.61920751817524433135986328125">
        <ele>7.80000019073486328125</ele>
        <time>2025-03-10T10:13:49.000Z</time>
        <extensions>
          <ns3:TrackPointExtension>
            <ns3:hr>133</ns3:hr>
          </ns3:TrackPointExtension>
        </extensions>
      </trkpt>
      <trkpt lat="51.764142215251922607421875" lon="5.61919477768242359161376953125">
        <ele>7.80000019073486328125</ele>
        <time>2025-03-10T10:13:54.000Z</time>
        <extensions>
          <ns3:TrackPointExtension>
            <ns3:hr>133</ns3:hr>
          </ns3:TrackPointExtension>
        </extensions>
      </trkpt>
      <trkpt lat="51.7641247808933258056640625" lon="5.6191916763782501220703125">
        <ele>7.599999904632568359375</ele>
        <time>2025-03-10T10:13:57.000Z</time>
        <extensions>
          <ns3:TrackPointExtension>
            <ns3:hr>133</ns3:hr>
          </ns3:TrackPointExtension>
        </extensions>
      </trkpt>
      <trkpt lat="51.7641001380980014801025390625" lon="5.6191653572022914886474609375">
        <ele>7.400000095367431640625</ele>
        <time>2025-03-10T10:13:59.000Z</time>
        <extensions>
          <ns3:TrackPointExtension>
            <ns3:hr>133</ns3:hr>
          </ns3:TrackPointExtension>
        </extensions>
      </trkpt>
      <trkpt lat="51.7640686221420764923095703125" lon="5.61915789730846881866455078125">
        <ele>7.400000095367431640625</ele>
        <time>2025-03-10T10:14:05.000Z</time>
        <extensions>
          <ns3:TrackPointExtension>
            <ns3:hr>136</ns3:hr>
          </ns3:TrackPointExtension>
        </extensions>
      </trkpt>
      <trkpt lat="51.7640223540365695953369140625" lon="5.6191422231495380401611328125">
        <ele>7.400000095367431640625</ele>
        <time>2025-03-10T10:14:10.000Z</time>
        <extensions>
          <ns3:TrackPointExtension>
            <ns3:hr>138</ns3:hr>
          </ns3:TrackPointExtension>
        </extensions>
      </trkpt>
      <trkpt lat="51.76401707343757152557373046875" lon="5.61913325451314449310302734375">
        <ele>7.400000095367431640625</ele>
        <time>2025-03-10T10:14:11.000Z</time>
        <extensions>
          <ns3:TrackPointExtension>
            <ns3:hr>137</ns3:hr>
          </ns3:TrackPointExtension>
        </extensions>
      </trkpt>
      <trkpt lat="51.7639663629233837127685546875" lon="5.61912420205771923065185546875">
        <ele>7.400000095367431640625</ele>
        <time>2025-03-10T10:14:16.000Z</time>
        <extensions>
          <ns3:TrackPointExtension>
            <ns3:hr>134</ns3:hr>
          </ns3:TrackPointExtension>
        </extensions>
      </trkpt>
      <trkpt lat="51.76394146867096424102783203125" lon="5.61912151984870433807373046875">
        <ele>7.80000019073486328125</ele>
        <time>2025-03-10T10:14:21.000Z</time>
        <extensions>
          <ns3:TrackPointExtension>
            <ns3:hr>132</ns3:hr>
          </ns3:TrackPointExtension>
        </extensions>
      </trkpt>
      <trkpt lat="51.76392537541687488555908203125" lon="5.6191123835742473602294921875">
        <ele>8.3999996185302734375</ele>
        <time>2025-03-10T10:14:27.000Z</time>
        <extensions>
          <ns3:TrackPointExtension>
            <ns3:hr>133</ns3:hr>
          </ns3:TrackPointExtension>
        </extensions>
      </trkpt>
      <trkpt lat="51.76392470486462116241455078125" lon="5.61911280266940593719482421875">
        <ele>8.6000003814697265625</ele>
        <time>2025-03-10T10:14:28.000Z</time>
        <extensions>
          <ns3:TrackPointExtension>
            <ns3:hr>133</ns3:hr>
          </ns3:TrackPointExtension>
        </extensions>
      </trkpt>
      <trkpt lat="51.76392403431236743927001953125" lon="5.61912001110613346099853515625">
        <ele>9.19999980926513671875</ele>
        <time>2025-03-10T10:14:32.000Z</time>
        <extensions>
          <ns3:TrackPointExtension>
            <ns3:hr>132</ns3:hr>
          </ns3:TrackPointExtension>
        </extensions>
      </trkpt>
      <trkpt lat="51.76390576176345348358154296875" lon="5.61907927505671977996826171875">
        <ele>9</ele>
        <time>2025-03-10T10:14:38.000Z</time>
        <extensions>
          <ns3:TrackPointExtension>
            <ns3:hr>138</ns3:hr>
          </ns3:TrackPointExtension>
        </extensions>
      </trkpt>
      <trkpt lat="51.76390014588832855224609375" lon="5.6190573982894420623779296875">
        <ele>8.80000019073486328125</ele>
        <time>2025-03-10T10:14:40.000Z</time>
        <extensions>
          <ns3:TrackPointExtension>
            <ns3:hr>143</ns3:hr>
          </ns3:TrackPointExtension>
        </extensions>
      </trkpt>
      <trkpt lat="51.76389436237514019012451171875" lon="5.619005598127841949462890625">
        <ele>8.80000019073486328125</ele>
        <time>2025-03-10T10:14:42.000Z</time>
        <extensions>
          <ns3:TrackPointExtension>
            <ns3:hr>146</ns3:hr>
          </ns3:TrackPointExtension>
        </extensions>
      </trkpt>
      <trkpt lat="51.76388933323323726654052734375" lon="5.6189678795635700225830078125">
        <ele>8.6000003814697265625</ele>
        <time>2025-03-10T10:14:45.000Z</time>
        <extensions>
          <ns3:TrackPointExtension>
            <ns3:hr>148</ns3:hr>
          </ns3:TrackPointExtension>
        </extensions>
      </trkpt>
      <trkpt lat="51.763895452022552490234375" lon="5.61895363032817840576171875">
        <ele>8.6000003814697265625</ele>
        <time>2025-03-10T10:14:46.000Z</time>
        <extensions>
          <ns3:TrackPointExtension>
            <ns3:hr>149</ns3:hr>
          </ns3:TrackPointExtension>
        </extensions>
      </trkpt>
      <trkpt lat="51.76392772234976291656494140625" lon="5.6188498623669147491455078125">
        <ele>8.19999980926513671875</ele>
        <time>2025-03-10T10:14:52.000Z</time>
        <extensions>
          <ns3:TrackPointExtension>
            <ns3:hr>149</ns3:hr>
          </ns3:TrackPointExtension>
        </extensions>
      </trkpt>
      <trkpt lat="51.7639475874602794647216796875" lon="5.61872220598161220550537109375">
        <ele>8</ele>
        <time>2025-03-10T10:14:59.000Z</time>
        <extensions>
          <ns3:TrackPointExtension>
            <ns3:hr>148</ns3:hr>
          </ns3:TrackPointExtension>
        </extensions>
      </trkpt>
      <trkpt lat="51.76396460272371768951416015625" lon="5.61869689263403415679931640625">
        <ele>8</ele>
        <time>2025-03-10T10:15:01.000Z</time>
        <extensions>
          <ns3:TrackPointExtension>
            <ns3:hr>149</ns3:hr>
          </ns3:TrackPointExtension>
        </extensions>
      </trkpt>
      <trkpt lat="51.76398404873907566070556640625" lon="5.61868297867476940155029296875">
        <ele>8</ele>
        <time>2025-03-10T10:15:05.000Z</time>
        <extensions>
          <ns3:TrackPointExtension>
            <ns3:hr>147</ns3:hr>
          </ns3:TrackPointExtension>
        </extensions>
      </trkpt>
      <trkpt lat="51.76398606039583683013916015625" lon="5.6186668016016483306884765625">
        <ele>8</ele>
        <time>2025-03-10T10:15:06.000Z</time>
        <extensions>
          <ns3:TrackPointExtension>
            <ns3:hr>147</ns3:hr>
          </ns3:TrackPointExtension>
        </extensions>
      </trkpt>
      <trkpt lat="51.7639960348606109619140625" lon="5.61861441470682621002197265625">
        <ele>8</ele>
        <time>2025-03-10T10:15:09.000Z</time>
        <extensions>
          <ns3:TrackPointExtension>
            <ns3:hr>146</ns3:hr>
          </ns3:TrackPointExtension>
        </extensions>
      </trkpt>
      <trkpt lat="51.7640148103237152099609375" lon="5.61854459345340728759765625">
        <ele>8</ele>
        <time>2025-03-10T10:15:15.000Z</time>
        <extensions>
          <ns3:TrackPointExtension>
            <ns3:hr>145</ns3:hr>
          </ns3:TrackPointExtension>
        </extensions>
      </trkpt>
      <trkpt lat="51.7640280537307262420654296875" lon="5.618493966758251190185546875">
        <ele>8</ele>
        <time>2025-03-10T10:15:20.000Z</time>
        <extensions>
          <ns3:TrackPointExtension>
            <ns3:hr>144</ns3:hr>
          </ns3:TrackPointExtension>
        </extensions>
      </trkpt>
      <trkpt lat="51.76403115503489971160888671875" lon="5.6184126622974872589111328125">
        <ele>7.80000019073486328125</ele>
        <time>2025-03-10T10:15:26.000Z</time>
        <extensions>
          <ns3:TrackPointExtension>
            <ns3:hr>144</ns3:hr>
          </ns3:TrackPointExtension>
        </extensions>
      </trkpt>
      <trkpt lat="51.76401204429566860198974609375" lon="5.61833647079765796661376953125">
        <ele>7.80000019073486328125</ele>
        <time>2025-03-10T10:15:31.000Z</time>
        <extensions>
          <ns3:TrackPointExtension>
            <ns3:hr>144</ns3:hr>
          </ns3:TrackPointExtension>
        </extensions>
      </trkpt>
      <trkpt lat="51.76398622803390026092529296875" lon="5.6182537414133548736572265625">
        <ele>8</ele>
        <time>2025-03-10T10:15:37.000Z</time>
        <extensions>
          <ns3:TrackPointExtension>
            <ns3:hr>145</ns3:hr>
          </ns3:TrackPointExtension>
        </extensions>
      </trkpt>
      <trkpt lat="51.76397734321653842926025390625" lon="5.61818920075893402099609375">
        <ele>8</ele>
        <time>2025-03-10T10:15:42.000Z</time>
        <extensions>
          <ns3:TrackPointExtension>
            <ns3:hr>145</ns3:hr>
          </ns3:TrackPointExtension>
        </extensions>
      </trkpt>
      <trkpt lat="51.763964854180812835693359375" lon="5.618170090019702911376953125">
        <ele>8</ele>
        <time>2025-03-10T10:15:47.000Z</time>
        <extensions>
          <ns3:TrackPointExtension>
            <ns3:hr>145</ns3:hr>
          </ns3:TrackPointExtension>
        </extensions>
      </trkpt>
      <trkpt lat="51.76395915448665618896484375" lon="5.61817168258130550384521484375">
        <ele>8.6000003814697265625</ele>
        <time>2025-03-10T10:15:54.000Z</time>
        <extensions>
          <ns3:TrackPointExtension>
            <ns3:hr>142</ns3:hr>
          </ns3:TrackPointExtension>
        </extensions>
      </trkpt>
      <trkpt lat="51.76395110785961151123046875" lon="5.61817671172320842742919921875">
        <ele>8.6000003814697265625</ele>
        <time>2025-03-10T10:15:57.000Z</time>
        <extensions>
          <ns3:TrackPointExtension>
            <ns3:hr>141</ns3:hr>
          </ns3:TrackPointExtension>
        </extensions>
      </trkpt>
      <trkpt lat="51.76393526606261730194091796875" lon="5.6181642226874828338623046875">
        <ele>8.6000003814697265625</ele>
        <time>2025-03-10T10:16:00.000Z</time>
        <extensions>
          <ns3:TrackPointExtension>
            <ns3:hr>144</ns3:hr>
          </ns3:TrackPointExtension>
        </extensions>
      </trkpt>
      <trkpt lat="51.763916909694671630859375" lon="5.6181125901639461517333984375">
        <ele>8.6000003814697265625</ele>
        <time>2025-03-10T10:16:06.000Z</time>
        <extensions>
          <ns3:TrackPointExtension>
            <ns3:hr>145</ns3:hr>
          </ns3:TrackPointExtension>
        </extensions>
      </trkpt>
      <trkpt lat="51.76392453722655773162841796875" lon="5.61809926293790340423583984375">
        <ele>8.80000019073486328125</ele>
        <time>2025-03-10T10:16:12.000Z</time>
        <extensions>
          <ns3:TrackPointExtension>
            <ns3:hr>142</ns3:hr>
          </ns3:TrackPointExtension>
        </extensions>
      </trkpt>
      <trkpt lat="51.76393694244325160980224609375" lon="5.61809130012989044189453125">
        <ele>8.80000019073486328125</ele>
        <time>2025-03-10T10:16:16.000Z</time>
        <extensions>
          <ns3:TrackPointExtension>
            <ns3:hr>140</ns3:hr>
          </ns3:TrackPointExtension>
        </extensions>
      </trkpt>
      <trkpt lat="51.763952784240245819091796875" lon="5.61804444529116153717041015625">
        <ele>8.6000003814697265625</ele>
        <time>2025-03-10T10:16:22.000Z</time>
        <extensions>
          <ns3:TrackPointExtension>
            <ns3:hr>138</ns3:hr>
          </ns3:TrackPointExtension>
        </extensions>
      </trkpt>
      <trkpt lat="51.763948760926723480224609375" lon="5.61799733899533748626708984375">
        <ele>8</ele>
        <time>2025-03-10T10:16:29.000Z</time>
        <extensions>
          <ns3:TrackPointExtension>
            <ns3:hr>139</ns3:hr>
          </ns3:TrackPointExtension>
        </extensions>
      </trkpt>
      <trkpt lat="51.76394633017480373382568359375" lon="5.618047378957271575927734375">
        <ele>7.80000019073486328125</ele>
        <time>2025-03-10T10:16:35.000Z</time>
        <extensions>
          <ns3:TrackPointExtension>
            <ns3:hr>139</ns3:hr>
          </ns3:TrackPointExtension>
        </extensions>
      </trkpt>
      <trkpt lat="51.76390676759183406829833984375" lon="5.6181617081165313720703125">
        <ele>7.599999904632568359375</ele>
        <time>2025-03-10T10:16:42.000Z</time>
        <extensions>
          <ns3:TrackPointExtension>
            <ns3:hr>137</ns3:hr>
          </ns3:TrackPointExtension>
        </extensions>
      </trkpt>
      <trkpt lat="51.76388405263423919677734375" lon="5.618211328983306884765625">
        <ele>7.599999904632568359375</ele>
        <time>2025-03-10T10:16:47.000Z</time>
        <extensions>
          <ns3:TrackPointExtension>
            <ns3:hr>140</ns3:hr>
          </ns3:TrackPointExtension>
        </extensions>
      </trkpt>
      <trkpt lat="51.7638704739511013031005859375" lon="5.61822884716093540191650390625">
        <ele>7.599999904632568359375</ele>
        <time>2025-03-10T10:16:49.000Z</time>
        <extensions>
          <ns3:TrackPointExtension>
            <ns3:hr>140</ns3:hr>
          </ns3:TrackPointExtension>
        </extensions>
      </trkpt>
      <trkpt lat="51.76381297409534454345703125" lon="5.61834745109081268310546875">
        <ele>7.599999904632568359375</ele>
        <time>2025-03-10T10:16:55.000Z</time>
        <extensions>
          <ns3:TrackPointExtension>
            <ns3:hr>139</ns3:hr>
          </ns3:TrackPointExtension>
        </extensions>
      </trkpt>
      <trkpt lat="51.76379285752773284912109375" lon="5.6183915399014949798583984375">
        <ele>7.599999904632568359375</ele>
        <time>2025-03-10T10:16:59.000Z</time>
        <extensions>
          <ns3:TrackPointExtension>
            <ns3:hr>135</ns3:hr>
          </ns3:TrackPointExtension>
        </extensions>
      </trkpt>
      <trkpt lat="51.76379419863224029541015625" lon="5.6184059567749500274658203125">
        <ele>7.599999904632568359375</ele>
        <time>2025-03-10T10:17:01.000Z</time>
        <extensions>
          <ns3:TrackPointExtension>
            <ns3:hr>132</ns3:hr>
          </ns3:TrackPointExtension>
        </extensions>
      </trkpt>
      <trkpt lat="51.7637936957180500030517578125" lon="5.618406124413013458251953125">
        <ele>7.599999904632568359375</ele>
        <time>2025-03-10T10:17:02.000Z</time>
        <extensions>
          <ns3:TrackPointExtension>
            <ns3:hr>131</ns3:hr>
          </ns3:TrackPointExtension>
        </extensions>
      </trkpt>
      <trkpt lat="51.763758994638919830322265625" lon="5.61850964091718196868896484375">
        <ele>7.80000019073486328125</ele>
        <time>2025-03-10T10:17:08.000Z</time>
        <extensions>
          <ns3:TrackPointExtension>
            <ns3:hr>132</ns3:hr>
          </ns3:TrackPointExtension>
        </extensions>
      </trkpt>
      <trkpt lat="51.76373192109167575836181640625" lon="5.618571080267429351806640625">
        <ele>8</ele>
        <time>2025-03-10T10:17:14.000Z</time>
        <extensions>
          <ns3:TrackPointExtension>
            <ns3:hr>132</ns3:hr>
          </ns3:TrackPointExtension>
        </extensions>
      </trkpt>
      <trkpt lat="51.7637145705521106719970703125" lon="5.6186168454587459564208984375">
        <ele>8.19999980926513671875</ele>
        <time>2025-03-10T10:17:19.000Z</time>
        <extensions>
          <ns3:TrackPointExtension>
            <ns3:hr>133</ns3:hr>
          </ns3:TrackPointExtension>
        </extensions>
      </trkpt>
      <trkpt lat="51.7636835575103759765625" lon="5.61870728619396686553955078125">
        <ele>8.19999980926513671875</ele>
        <time>2025-03-10T10:17:25.000Z</time>
        <extensions>
          <ns3:TrackPointExtension>
            <ns3:hr>132</ns3:hr>
          </ns3:TrackPointExtension>
        </extensions>
      </trkpt>
      <trkpt lat="51.76366151310503482818603515625" lon="5.6188136525452136993408203125">
        <ele>8.19999980926513671875</ele>
        <time>2025-03-10T10:17:30.000Z</time>
        <extensions>
          <ns3:TrackPointExtension>
            <ns3:hr>131</ns3:hr>
          </ns3:TrackPointExtension>
        </extensions>
      </trkpt>
      <trkpt lat="51.7636532150208950042724609375" lon="5.61885950155556201934814453125">
        <ele>8.19999980926513671875</ele>
        <time>2025-03-10T10:17:35.000Z</time>
        <extensions>
          <ns3:TrackPointExtension>
            <ns3:hr>131</ns3:hr>
          </ns3:TrackPointExtension>
        </extensions>
      </trkpt>
      <trkpt lat="51.76364290527999401092529296875" lon="5.61896645464003086090087890625">
        <ele>8.19999980926513671875</ele>
        <time>2025-03-10T10:17:41.000Z</time>
        <extensions>
          <ns3:TrackPointExtension>
            <ns3:hr>132</ns3:hr>
          </ns3:TrackPointExtension>
        </extensions>
      </trkpt>
      <trkpt lat="51.76363284699618816375732421875" lon="5.6190158240497112274169921875">
        <ele>8.3999996185302734375</ele>
        <time>2025-03-10T10:17:43.000Z</time>
        <extensions>
          <ns3:TrackPointExtension>
            <ns3:hr>139</ns3:hr>
          </ns3:TrackPointExtension>
        </extensions>
      </trkpt>
      <trkpt lat="51.76362865604460239410400390625" lon="5.6190366111695766448974609375">
        <ele>8.3999996185302734375</ele>
        <time>2025-03-10T10:17:44.000Z</time>
        <extensions>
          <ns3:TrackPointExtension>
            <ns3:hr>143</ns3:hr>
          </ns3:TrackPointExtension>
        </extensions>
      </trkpt>
      <trkpt lat="51.7636267282068729400634765625" lon="5.61906896531581878662109375">
        <ele>8.3999996185302734375</ele>
        <time>2025-03-10T10:17:46.000Z</time>
        <extensions>
          <ns3:TrackPointExtension>
            <ns3:hr>146</ns3:hr>
          </ns3:TrackPointExtension>
        </extensions>
      </trkpt>
      <trkpt lat="51.76362681202590465545654296875" lon="5.61913241632282733917236328125">
        <ele>8.3999996185302734375</ele>
        <time>2025-03-10T10:17:51.000Z</time>
        <extensions>
          <ns3:TrackPointExtension>
            <ns3:hr>146</ns3:hr>
          </ns3:TrackPointExtension>
        </extensions>
      </trkpt>
      <trkpt lat="51.7636086232960224151611328125" lon="5.61919997446238994598388671875">
        <ele>8.3999996185302734375</ele>
        <time>2025-03-10T10:17:56.000Z</time>
        <extensions>
          <ns3:TrackPointExtension>
            <ns3:hr>146</ns3:hr>
          </ns3:TrackPointExtension>
        </extensions>
      </trkpt>
      <trkpt lat="51.76356486976146697998046875" lon="5.61932486481964588165283203125">
        <ele>8.3999996185302734375</ele>
        <time>2025-03-10T10:18:03.000Z</time>
        <extensions>
          <ns3:TrackPointExtension>
            <ns3:hr>146</ns3:hr>
          </ns3:TrackPointExtension>
        </extensions>
      </trkpt>
      <trkpt lat="51.76353192888200283050537109375" lon="5.61942075379192829132080078125">
        <ele>8.6000003814697265625</ele>
        <time>2025-03-10T10:18:10.000Z</time>
        <extensions>
          <ns3:TrackPointExtension>
            <ns3:hr>146</ns3:hr>
          </ns3:TrackPointExtension>
        </extensions>
      </trkpt>
      <trkpt lat="51.76350653171539306640625" lon="5.61947473324835300445556640625">
        <ele>8.3999996185302734375</ele>
        <time>2025-03-10T10:18:13.000Z</time>
        <extensions>
          <ns3:TrackPointExtension>
            <ns3:hr>149</ns3:hr>
          </ns3:TrackPointExtension>
        </extensions>
      </trkpt>
      <trkpt lat="51.76346068270504474639892578125" lon="5.6195390224456787109375">
        <ele>8.3999996185302734375</ele>
        <time>2025-03-10T10:18:17.000Z</time>
        <extensions>
          <ns3:TrackPointExtension>
            <ns3:hr>150</ns3:hr>
          </ns3:TrackPointExtension>
        </extensions>
      </trkpt>
      <trkpt lat="51.76343821920454502105712890625" lon="5.6195940077304840087890625">
        <ele>8.19999980926513671875</ele>
        <time>2025-03-10T10:18:23.000Z</time>
        <extensions>
          <ns3:TrackPointExtension>
            <ns3:hr>151</ns3:hr>
          </ns3:TrackPointExtension>
        </extensions>
      </trkpt>
      <trkpt lat="51.76340905018150806427001953125" lon="5.619669444859027862548828125">
        <ele>8.3999996185302734375</ele>
        <time>2025-03-10T10:18:28.000Z</time>
        <extensions>
          <ns3:TrackPointExtension>
            <ns3:hr>151</ns3:hr>
          </ns3:TrackPointExtension>
        </extensions>
      </trkpt>
      <trkpt lat="51.76339915953576564788818359375" lon="5.6196803413331508636474609375">
        <ele>8.3999996185302734375</ele>
        <time>2025-03-10T10:18:30.000Z</time>
        <extensions>
          <ns3:TrackPointExtension>
            <ns3:hr>151</ns3:hr>
          </ns3:TrackPointExtension>
        </extensions>
      </trkpt>
      <trkpt lat="51.76336797885596752166748046875" lon="5.6197242625057697296142578125">
        <ele>8.3999996185302734375</ele>
        <time>2025-03-10T10:18:33.000Z</time>
        <extensions>
          <ns3:TrackPointExtension>
            <ns3:hr>151</ns3:hr>
          </ns3:TrackPointExtension>
        </extensions>
      </trkpt>
      <trkpt lat="51.76332238130271434783935546875" lon="5.61980162747204303741455078125">
        <ele>8.3999996185302734375</ele>
        <time>2025-03-10T10:18:38.000Z</time>
        <extensions>
          <ns3:TrackPointExtension>
            <ns3:hr>150</ns3:hr>
          </ns3:TrackPointExtension>
        </extensions>
      </trkpt>
      <trkpt lat="51.76329991780221462249755859375" lon="5.61980791389942169189453125">
        <ele>8.3999996185302734375</ele>
        <time>2025-03-10T10:18:41.000Z</time>
        <extensions>
          <ns3:TrackPointExtension>
            <ns3:hr>149</ns3:hr>
          </ns3:TrackPointExtension>
        </extensions>
      </trkpt>
      <trkpt lat="51.76327007822692394256591796875" lon="5.6197748892009258270263671875">
        <ele>8.3999996185302734375</ele>
        <time>2025-03-10T10:18:44.000Z</time>
        <extensions>
          <ns3:TrackPointExtension>
            <ns3:hr>149</ns3:hr>
          </ns3:TrackPointExtension>
        </extensions>
      </trkpt>
      <trkpt lat="51.7632381431758403778076171875" lon="5.61967070214450359344482421875">
        <ele>8.6000003814697265625</ele>
        <time>2025-03-10T10:18:50.000Z</time>
        <extensions>
          <ns3:TrackPointExtension>
            <ns3:hr>148</ns3:hr>
          </ns3:TrackPointExtension>
        </extensions>
      </trkpt>
      <trkpt lat="51.76323738880455493927001953125" lon="5.61957783065736293792724609375">
        <ele>8.19999980926513671875</ele>
        <time>2025-03-10T10:18:56.000Z</time>
        <extensions>
          <ns3:TrackPointExtension>
            <ns3:hr>147</ns3:hr>
          </ns3:TrackPointExtension>
        </extensions>
      </trkpt>
      <trkpt lat="51.7632274143397808074951171875" lon="5.619475655257701873779296875">
        <ele>8.19999980926513671875</ele>
        <time>2025-03-10T10:19:02.000Z</time>
        <extensions>
          <ns3:TrackPointExtension>
            <ns3:hr>147</ns3:hr>
          </ns3:TrackPointExtension>
        </extensions>
      </trkpt>
      <trkpt lat="51.76323118619620800018310546875" lon="5.61943852342665195465087890625">
        <ele>8.19999980926513671875</ele>
        <time>2025-03-10T10:19:05.000Z</time>
        <extensions>
          <ns3:TrackPointExtension>
            <ns3:hr>148</ns3:hr>
          </ns3:TrackPointExtension>
        </extensions>
      </trkpt>
      <trkpt lat="51.763236634433269500732421875" lon="5.6193705461919307708740234375">
        <ele>8.19999980926513671875</ele>
        <time>2025-03-10T10:19:08.000Z</time>
        <extensions>
          <ns3:TrackPointExtension>
            <ns3:hr>148</ns3:hr>
          </ns3:TrackPointExtension>
        </extensions>
      </trkpt>
      <trkpt lat="51.76322950981557369232177734375" lon="5.61925110407173633575439453125">
        <ele>8.3999996185302734375</ele>
        <time>2025-03-10T10:19:14.000Z</time>
        <extensions>
          <ns3:TrackPointExtension>
            <ns3:hr>148</ns3:hr>
          </ns3:TrackPointExtension>
        </extensions>
      </trkpt>
      <trkpt lat="51.76321894861757755279541015625" lon="5.61918019317090511322021484375">
        <ele>8.3999996185302734375</ele>
        <time>2025-03-10T10:19:19.000Z</time>
        <extensions>
          <ns3:TrackPointExtension>
            <ns3:hr>149</ns3:hr>
          </ns3:TrackPointExtension>
        </extensions>
      </trkpt>
      <trkpt lat="51.76320469938218593597412109375" lon="5.619061924517154693603515625">
        <ele>8.3999996185302734375</ele>
        <time>2025-03-10T10:19:25.000Z</time>
        <extensions>
          <ns3:TrackPointExtension>
            <ns3:hr>148</ns3:hr>
          </ns3:TrackPointExtension>
        </extensions>
      </trkpt>
      <trkpt lat="51.76320687867701053619384765625" lon="5.618998892605304718017578125">
        <ele>8.3999996185302734375</ele>
        <time>2025-03-10T10:19:31.000Z</time>
        <extensions>
          <ns3:TrackPointExtension>
            <ns3:hr>150</ns3:hr>
          </ns3:TrackPointExtension>
        </extensions>
      </trkpt>
      <trkpt lat="51.76319765858352184295654296875" lon="5.6188850663602352142333984375">
        <ele>8.6000003814697265625</ele>
        <time>2025-03-10T10:19:38.000Z</time>
        <extensions>
          <ns3:TrackPointExtension>
            <ns3:hr>151</ns3:hr>
          </ns3:TrackPointExtension>
        </extensions>
      </trkpt>
      <trkpt lat="51.7631979100406169891357421875" lon="5.61880552209913730621337890625">
        <ele>8.6000003814697265625</ele>
        <time>2025-03-10T10:19:44.000Z</time>
        <extensions>
          <ns3:TrackPointExtension>
            <ns3:hr>151</ns3:hr>
          </ns3:TrackPointExtension>
        </extensions>
      </trkpt>
      <trkpt lat="51.7631801404058933258056640625" lon="5.61868934892117977142333984375">
        <ele>8.3999996185302734375</ele>
        <time>2025-03-10T10:19:50.000Z</time>
        <extensions>
          <ns3:TrackPointExtension>
            <ns3:hr>151</ns3:hr>
          </ns3:TrackPointExtension>
        </extensions>
      </trkpt>
      <trkpt lat="51.76317066885530948638916015625" lon="5.61863218434154987335205078125">
        <ele>8.3999996185302734375</ele>
        <time>2025-03-10T10:19:55.000Z</time>
        <extensions>
          <ns3:TrackPointExtension>
            <ns3:hr>152</ns3:hr>
          </ns3:TrackPointExtension>
        </extensions>
      </trkpt>
      <trkpt lat="51.76316714845597743988037109375" lon="5.6185393966734409332275390625">
        <ele>8.3999996185302734375</ele>
        <time>2025-03-10T10:20:02.000Z</time>
        <extensions>
          <ns3:TrackPointExtension>
            <ns3:hr>151</ns3:hr>
          </ns3:TrackPointExtension>
        </extensions>
      </trkpt>
      <trkpt lat="51.7631583474576473236083984375" lon="5.6184540688991546630859375">
        <ele>8.6000003814697265625</ele>
        <time>2025-03-10T10:20:08.000Z</time>
        <extensions>
          <ns3:TrackPointExtension>
            <ns3:hr>150</ns3:hr>
          </ns3:TrackPointExtension>
        </extensions>
      </trkpt>
      <trkpt lat="51.7631546594202518463134765625" lon="5.61844660900533199310302734375">
        <ele>8.6000003814697265625</ele>
        <time>2025-03-10T10:20:09.000Z</time>
        <extensions>
          <ns3:TrackPointExtension>
            <ns3:hr>146</ns3:hr>
          </ns3:TrackPointExtension>
        </extensions>
      </trkpt>
      <trkpt lat="51.7631538212299346923828125" lon="5.6184378080070018768310546875">
        <ele>9.19999980926513671875</ele>
        <time>2025-03-10T10:20:13.000Z</time>
        <extensions>
          <ns3:TrackPointExtension>
            <ns3:hr>144</ns3:hr>
          </ns3:TrackPointExtension>
        </extensions>
      </trkpt>
      <trkpt lat="51.763156168162822723388671875" lon="5.61850394122302532196044921875">
        <ele>9.3999996185302734375</ele>
        <time>2025-03-10T10:20:24.000Z</time>
        <extensions>
          <ns3:TrackPointExtension>
            <ns3:hr>141</ns3:hr>
          </ns3:TrackPointExtension>
        </extensions>
      </trkpt>
      <trkpt lat="51.76315524615347385406494140625" lon="5.6185062043368816375732421875">
        <ele>9.3999996185302734375</ele>
        <time>2025-03-10T10:20:26.000Z</time>
        <extensions>
          <ns3:TrackPointExtension>
            <ns3:hr>140</ns3:hr>
          </ns3:TrackPointExtension>
        </extensions>
      </trkpt>
      <trkpt lat="51.7631630413234233856201171875" lon="5.6184760294854640960693359375">
        <ele>9.3999996185302734375</ele>
        <time>2025-03-10T10:20:34.000Z</time>
        <extensions>
          <ns3:TrackPointExtension>
            <ns3:hr>140</ns3:hr>
          </ns3:TrackPointExtension>
        </extensions>
      </trkpt>
      <trkpt lat="51.76316061057150363922119140625" lon="5.618474185466766357421875">
        <ele>8.6000003814697265625</ele>
        <time>2025-03-10T10:20:42.000Z</time>
        <extensions>
          <ns3:TrackPointExtension>
            <ns3:hr>139</ns3:hr>
          </ns3:TrackPointExtension>
        </extensions>
      </trkpt>
      <trkpt lat="51.76314434967935085296630859375" lon="5.618469156324863433837890625">
        <ele>9</ele>
        <time>2025-03-10T10:20:54.000Z</time>
        <extensions>
          <ns3:TrackPointExtension>
            <ns3:hr>140</ns3:hr>
          </ns3:TrackPointExtension>
        </extensions>
      </trkpt>
      <trkpt lat="51.7631415836513042449951171875" lon="5.61837284825742244720458984375">
        <ele>8.3999996185302734375</ele>
        <time>2025-03-10T10:21:01.000Z</time>
        <extensions>
          <ns3:TrackPointExtension>
            <ns3:hr>139</ns3:hr>
          </ns3:TrackPointExtension>
        </extensions>
      </trkpt>
      <trkpt lat="51.76312959752976894378662109375" lon="5.61830931343138217926025390625">
        <ele>8.3999996185302734375</ele>
        <time>2025-03-10T10:21:05.000Z</time>
        <extensions>
          <ns3:TrackPointExtension>
            <ns3:hr>140</ns3:hr>
          </ns3:TrackPointExtension>
        </extensions>
      </trkpt>
      <trkpt lat="51.7631332017481327056884765625" lon="5.61830319464206695556640625">
        <ele>8.3999996185302734375</ele>
        <time>2025-03-10T10:21:06.000Z</time>
        <extensions>
          <ns3:TrackPointExtension>
            <ns3:hr>140</ns3:hr>
          </ns3:TrackPointExtension>
        </extensions>
      </trkpt>
      <trkpt lat="51.76313261501491069793701171875" lon="5.61828617937862873077392578125">
        <ele>8.19999980926513671875</ele>
        <time>2025-03-10T10:21:07.000Z</time>
        <extensions>
          <ns3:TrackPointExtension>
            <ns3:hr>140</ns3:hr>
          </ns3:TrackPointExtension>
        </extensions>
      </trkpt>
      <trkpt lat="51.76313797943294048309326171875" lon="5.6182114966213703155517578125">
        <ele>8.19999980926513671875</ele>
        <time>2025-03-10T10:21:12.000Z</time>
        <extensions>
          <ns3:TrackPointExtension>
            <ns3:hr>139</ns3:hr>
          </ns3:TrackPointExtension>
        </extensions>
      </trkpt>
      <trkpt lat="51.76315239630639553070068359375" lon="5.61814955435693264007568359375">
        <ele>8.3999996185302734375</ele>
        <time>2025-03-10T10:21:17.000Z</time>
        <extensions>
          <ns3:TrackPointExtension>
            <ns3:hr>139</ns3:hr>
          </ns3:TrackPointExtension>
        </extensions>
      </trkpt>
      <trkpt lat="51.76315625198185443878173828125" lon="5.618037320673465728759765625">
        <ele>8.3999996185302734375</ele>
        <time>2025-03-10T10:21:23.000Z</time>
        <extensions>
          <ns3:TrackPointExtension>
            <ns3:hr>139</ns3:hr>
          </ns3:TrackPointExtension>
        </extensions>
      </trkpt>
      <trkpt lat="51.76315859891474246978759765625" lon="5.61795593239367008209228515625">
        <ele>8.3999996185302734375</ele>
        <time>2025-03-10T10:21:28.000Z</time>
        <extensions>
          <ns3:TrackPointExtension>
            <ns3:hr>139</ns3:hr>
          </ns3:TrackPointExtension>
        </extensions>
      </trkpt>
      <trkpt lat="51.7631415836513042449951171875" lon="5.61787965707480907440185546875">
        <ele>8.6000003814697265625</ele>
        <time>2025-03-10T10:21:34.000Z</time>
        <extensions>
          <ns3:TrackPointExtension>
            <ns3:hr>140</ns3:hr>
          </ns3:TrackPointExtension>
        </extensions>
      </trkpt>
      <trkpt lat="51.7631288431584835052490234375" lon="5.61782366596162319183349609375">
        <ele>8.80000019073486328125</ele>
        <time>2025-03-10T10:21:39.000Z</time>
        <extensions>
          <ns3:TrackPointExtension>
            <ns3:hr>141</ns3:hr>
          </ns3:TrackPointExtension>
        </extensions>
      </trkpt>
      <trkpt lat="51.76312607713043689727783203125" lon="5.61784864403307437896728515625">
        <ele>9.6000003814697265625</ele>
        <time>2025-03-10T10:21:43.000Z</time>
        <extensions>
          <ns3:TrackPointExtension>
            <ns3:hr>141</ns3:hr>
          </ns3:TrackPointExtension>
        </extensions>
      </trkpt>
      <trkpt lat="51.7631332017481327056884765625" lon="5.61784663237631320953369140625">
        <ele>10</ele>
        <time>2025-03-10T10:21:47.000Z</time>
        <extensions>
          <ns3:TrackPointExtension>
            <ns3:hr>142</ns3:hr>
          </ns3:TrackPointExtension>
        </extensions>
      </trkpt>
      <trkpt lat="51.7631194554269313812255859375" lon="5.61780656687915325164794921875">
        <ele>10.19999980926513671875</ele>
        <time>2025-03-10T10:21:57.000Z</time>
        <extensions>
          <ns3:TrackPointExtension>
            <ns3:hr>144</ns3:hr>
          </ns3:TrackPointExtension>
        </extensions>
      </trkpt>
      <trkpt lat="51.76310562528669834136962890625" lon="5.6177558563649654388427734375">
        <ele>10</ele>
        <time>2025-03-10T10:22:01.000Z</time>
        <extensions>
          <ns3:TrackPointExtension>
            <ns3:hr>145</ns3:hr>
          </ns3:TrackPointExtension>
        </extensions>
      </trkpt>
      <trkpt lat="51.763078384101390838623046875" lon="5.61770212836563587188720703125">
        <ele>10.6000003814697265625</ele>
        <time>2025-03-10T10:22:07.000Z</time>
        <extensions>
          <ns3:TrackPointExtension>
            <ns3:hr>147</ns3:hr>
          </ns3:TrackPointExtension>
        </extensions>
      </trkpt>
      <trkpt lat="51.76307612098753452301025390625" lon="5.61769726686179637908935546875">
        <ele>10.80000019073486328125</ele>
        <time>2025-03-10T10:22:08.000Z</time>
        <extensions>
          <ns3:TrackPointExtension>
            <ns3:hr>149</ns3:hr>
          </ns3:TrackPointExtension>
        </extensions>
      </trkpt>
      <trkpt lat="51.76305902190506458282470703125" lon="5.6176546029746532440185546875">
        <ele>11.19999980926513671875</ele>
        <time>2025-03-10T10:22:12.000Z</time>
        <extensions>
          <ns3:TrackPointExtension>
            <ns3:hr>150</ns3:hr>
          </ns3:TrackPointExtension>
        </extensions>
      </trkpt>
      <trkpt lat="51.763054914772510528564453125" lon="5.6176274456083774566650390625">
        <ele>12</ele>
        <time>2025-03-10T10:22:15.000Z</time>
        <extensions>
          <ns3:TrackPointExtension>
            <ns3:hr>152</ns3:hr>
          </ns3:TrackPointExtension>
        </extensions>
      </trkpt>
      <trkpt lat="51.76304577849805355072021484375" lon="5.61760338954627513885498046875">
        <ele>12.19999980926513671875</ele>
        <time>2025-03-10T10:22:18.000Z</time>
        <extensions>
          <ns3:TrackPointExtension>
            <ns3:hr>152</ns3:hr>
          </ns3:TrackPointExtension>
        </extensions>
      </trkpt>
      <trkpt lat="51.76304343156516551971435546875" lon="5.61758025549352169036865234375">
        <ele>12.3999996185302734375</ele>
        <time>2025-03-10T10:22:22.000Z</time>
        <extensions>
          <ns3:TrackPointExtension>
            <ns3:hr>155</ns3:hr>
          </ns3:TrackPointExtension>
        </extensions>
      </trkpt>
      <trkpt lat="51.7630398273468017578125" lon="5.6175600551068782806396484375">
        <ele>12.80000019073486328125</ele>
        <time>2025-03-10T10:22:24.000Z</time>
        <extensions>
          <ns3:TrackPointExtension>
            <ns3:hr>155</ns3:hr>
          </ns3:TrackPointExtension>
        </extensions>
      </trkpt>
      <trkpt lat="51.7630384862422943115234375" lon="5.61755058355629444122314453125">
        <ele>13</ele>
        <time>2025-03-10T10:22:26.000Z</time>
        <extensions>
          <ns3:TrackPointExtension>
            <ns3:hr>155</ns3:hr>
          </ns3:TrackPointExtension>
        </extensions>
      </trkpt>
      <trkpt lat="51.76302834413945674896240234375" lon="5.61754488386213779449462890625">
        <ele>13.6000003814697265625</ele>
        <time>2025-03-10T10:22:30.000Z</time>
        <extensions>
          <ns3:TrackPointExtension>
            <ns3:hr>156</ns3:hr>
          </ns3:TrackPointExtension>
        </extensions>
      </trkpt>
      <trkpt lat="51.7630171962082386016845703125" lon="5.61753197573125362396240234375">
        <ele>13.80000019073486328125</ele>
        <time>2025-03-10T10:22:33.000Z</time>
        <extensions>
          <ns3:TrackPointExtension>
            <ns3:hr>160</ns3:hr>
          </ns3:TrackPointExtension>
        </extensions>
      </trkpt>
      <trkpt lat="51.76301426254212856292724609375" lon="5.61753071844577789306640625">
        <ele>14</ele>
        <time>2025-03-10T10:22:35.000Z</time>
        <extensions>
          <ns3:TrackPointExtension>
            <ns3:hr>162</ns3:hr>
          </ns3:TrackPointExtension>
        </extensions>
      </trkpt>
      <trkpt lat="51.7629917152225971221923828125" lon="5.6174960173666477203369140625">
        <ele>15</ele>
        <time>2025-03-10T10:22:41.000Z</time>
        <extensions>
          <ns3:TrackPointExtension>
            <ns3:hr>164</ns3:hr>
          </ns3:TrackPointExtension>
        </extensions>
      </trkpt>
      <trkpt lat="51.762990541756153106689453125" lon="5.61749425716698169708251953125">
        <ele>15.19999980926513671875</ele>
        <time>2025-03-10T10:22:42.000Z</time>
        <extensions>
          <ns3:TrackPointExtension>
            <ns3:hr>165</ns3:hr>
          </ns3:TrackPointExtension>
        </extensions>
      </trkpt>
      <trkpt lat="51.76297537051141262054443359375" lon="5.61745653860270977020263671875">
        <ele>15.6000003814697265625</ele>
        <time>2025-03-10T10:22:46.000Z</time>
        <extensions>
          <ns3:TrackPointExtension>
            <ns3:hr>168</ns3:hr>
          </ns3:TrackPointExtension>
        </extensions>
      </trkpt>
      <trkpt lat="51.7629752866923809051513671875" lon="5.6174541078507900238037109375">
        <ele>15.80000019073486328125</ele>
        <time>2025-03-10T10:22:47.000Z</time>
        <extensions>
          <ns3:TrackPointExtension>
            <ns3:hr>168</ns3:hr>
          </ns3:TrackPointExtension>
        </extensions>
      </trkpt>
      <trkpt lat="51.7629565112292766571044921875" lon="5.61742150224745273590087890625">
        <ele>16.200000762939453125</ele>
        <time>2025-03-10T10:22:51.000Z</time>
        <extensions>
          <ns3:TrackPointExtension>
            <ns3:hr>170</ns3:hr>
          </ns3:TrackPointExtension>
        </extensions>
      </trkpt>
      <trkpt lat="51.76295466721057891845703125" lon="5.61741404235363006591796875">
        <ele>16.200000762939453125</ele>
        <time>2025-03-10T10:22:52.000Z</time>
        <extensions>
          <ns3:TrackPointExtension>
            <ns3:hr>170</ns3:hr>
          </ns3:TrackPointExtension>
        </extensions>
      </trkpt>
      <trkpt lat="51.76294796168804168701171875" lon="5.6173729710280895233154296875">
        <ele>17</ele>
        <time>2025-03-10T10:22:58.000Z</time>
        <extensions>
          <ns3:TrackPointExtension>
            <ns3:hr>170</ns3:hr>
          </ns3:TrackPointExtension>
        </extensions>
      </trkpt>
      <trkpt lat="51.7629534937441349029541015625" lon="5.6173505075275897979736328125">
        <ele>17.6000003814697265625</ele>
        <time>2025-03-10T10:23:00.000Z</time>
        <extensions>
          <ns3:TrackPointExtension>
            <ns3:hr>172</ns3:hr>
          </ns3:TrackPointExtension>
        </extensions>
      </trkpt>
      <trkpt lat="51.762952320277690887451171875" lon="5.61733550392091274261474609375">
        <ele>17.6000003814697265625</ele>
        <time>2025-03-10T10:23:02.000Z</time>
        <extensions>
          <ns3:TrackPointExtension>
            <ns3:hr>173</ns3:hr>
          </ns3:TrackPointExtension>
        </extensions>
      </trkpt>
      <trkpt lat="51.76297134719789028167724609375" lon="5.61729745008051395416259765625">
        <ele>17.3999996185302734375</ele>
        <time>2025-03-10T10:23:07.000Z</time>
        <extensions>
          <ns3:TrackPointExtension>
            <ns3:hr>175</ns3:hr>
          </ns3:TrackPointExtension>
        </extensions>
      </trkpt>
      <trkpt lat="51.7629605345427989959716796875" lon="5.6172355078160762786865234375">
        <ele>17.3999996185302734375</ele>
        <time>2025-03-10T10:23:12.000Z</time>
        <extensions>
          <ns3:TrackPointExtension>
            <ns3:hr>175</ns3:hr>
          </ns3:TrackPointExtension>
        </extensions>
      </trkpt>
      <trkpt lat="51.7629414238035678863525390625" lon="5.61720508150756359100341796875">
        <ele>17.3999996185302734375</ele>
        <time>2025-03-10T10:23:18.000Z</time>
        <extensions>
          <ns3:TrackPointExtension>
            <ns3:hr>174</ns3:hr>
          </ns3:TrackPointExtension>
        </extensions>
      </trkpt>
      <trkpt lat="51.76293279044330120086669921875" lon="5.61719703488051891326904296875">
        <ele>17.799999237060546875</ele>
        <time>2025-03-10T10:23:25.000Z</time>
        <extensions>
          <ns3:TrackPointExtension>
            <ns3:hr>173</ns3:hr>
          </ns3:TrackPointExtension>
        </extensions>
      </trkpt>
      <trkpt lat="51.7629504762589931488037109375" lon="5.61719619669020175933837890625">
        <ele>18.3999996185302734375</ele>
        <time>2025-03-10T10:23:34.000Z</time>
        <extensions>
          <ns3:TrackPointExtension>
            <ns3:hr>173</ns3:hr>
          </ns3:TrackPointExtension>
        </extensions>
      </trkpt>
      <trkpt lat="51.762950979173183441162109375" lon="5.6172013096511363983154296875">
        <ele>18</ele>
        <time>2025-03-10T10:23:35.000Z</time>
        <extensions>
          <ns3:TrackPointExtension>
            <ns3:hr>169</ns3:hr>
          </ns3:TrackPointExtension>
        </extensions>
      </trkpt>
      <trkpt lat="51.762952990829944610595703125" lon="5.61721681617200374603271484375">
        <ele>17.799999237060546875</ele>
        <time>2025-03-10T10:23:39.000Z</time>
        <extensions>
          <ns3:TrackPointExtension>
            <ns3:hr>166</ns3:hr>
          </ns3:TrackPointExtension>
        </extensions>
      </trkpt>
      <trkpt lat="51.76295223645865917205810546875" lon="5.617227964103221893310546875">
        <ele>17.799999237060546875</ele>
        <time>2025-03-10T10:23:41.000Z</time>
        <extensions>
          <ns3:TrackPointExtension>
            <ns3:hr>165</ns3:hr>
          </ns3:TrackPointExtension>
        </extensions>
      </trkpt>
      <trkpt lat="51.76295592449605464935302734375" lon="5.6172522716224193572998046875">
        <ele>18.799999237060546875</ele>
        <time>2025-03-10T10:23:45.000Z</time>
        <extensions>
          <ns3:TrackPointExtension>
            <ns3:hr>164</ns3:hr>
          </ns3:TrackPointExtension>
        </extensions>
      </trkpt>
      <trkpt lat="51.76295642741024494171142578125" lon="5.6172658503055572509765625">
        <ele>19.799999237060546875</ele>
        <time>2025-03-10T10:23:49.000Z</time>
        <extensions>
          <ns3:TrackPointExtension>
            <ns3:hr>164</ns3:hr>
          </ns3:TrackPointExtension>
        </extensions>
      </trkpt>
      <trkpt lat="51.7629380710422992706298828125" lon="5.617262832820415496826171875">
        <ele>20.799999237060546875</ele>
        <time>2025-03-10T10:23:55.000Z</time>
        <extensions>
          <ns3:TrackPointExtension>
            <ns3:hr>164</ns3:hr>
          </ns3:TrackPointExtension>
        </extensions>
      </trkpt>
      <trkpt lat="51.7629317007958889007568359375" lon="5.61725671403110027313232421875">
        <ele>20.799999237060546875</ele>
        <time>2025-03-10T10:23:58.000Z</time>
        <extensions>
          <ns3:TrackPointExtension>
            <ns3:hr>165</ns3:hr>
          </ns3:TrackPointExtension>
        </extensions>
      </trkpt>
      <trkpt lat="51.7629293538630008697509765625" lon="5.61723701655864715576171875">
        <ele>21.200000762939453125</ele>
        <time>2025-03-10T10:24:00.000Z</time>
        <extensions>
          <ns3:TrackPointExtension>
            <ns3:hr>175</ns3:hr>
          </ns3:TrackPointExtension>
        </extensions>
      </trkpt>
      <trkpt lat="51.76292650401592254638671875" lon="5.61723341234028339385986328125">
        <ele>21.3999996185302734375</ele>
        <time>2025-03-10T10:24:01.000Z</time>
        <extensions>
          <ns3:TrackPointExtension>
            <ns3:hr>175</ns3:hr>
          </ns3:TrackPointExtension>
        </extensions>
      </trkpt>
      <trkpt lat="51.76292507909238338470458984375" lon="5.61722234822809696197509765625">
        <ele>21.799999237060546875</ele>
        <time>2025-03-10T10:24:03.000Z</time>
        <extensions>
          <ns3:TrackPointExtension>
            <ns3:hr>176</ns3:hr>
          </ns3:TrackPointExtension>
        </extensions>
      </trkpt>
      <trkpt lat="51.7629394121468067169189453125" lon="5.61719544231891632080078125">
        <ele>23</ele>
        <time>2025-03-10T10:24:08.000Z</time>
        <extensions>
          <ns3:TrackPointExtension>
            <ns3:hr>176</ns3:hr>
          </ns3:TrackPointExtension>
        </extensions>
      </trkpt>
      <trkpt lat="51.76294033415615558624267578125" lon="5.6171934306621551513671875">
        <ele>23.200000762939453125</ele>
        <time>2025-03-10T10:24:09.000Z</time>
        <extensions>
          <ns3:TrackPointExtension>
            <ns3:hr>176</ns3:hr>
          </ns3:TrackPointExtension>
        </extensions>
      </trkpt>
      <trkpt lat="51.76294569857418537139892578125" lon="5.6171956099569797515869140625">
        <ele>23.799999237060546875</ele>
        <time>2025-03-10T10:24:12.000Z</time>
        <extensions>
          <ns3:TrackPointExtension>
            <ns3:hr>180</ns3:hr>
          </ns3:TrackPointExtension>
        </extensions>
      </trkpt>
      <trkpt lat="51.76295600831508636474609375" lon="5.61720357276499271392822265625">
        <ele>24</ele>
        <time>2025-03-10T10:24:15.000Z</time>
        <extensions>
          <ns3:TrackPointExtension>
            <ns3:hr>183</ns3:hr>
          </ns3:TrackPointExtension>
        </extensions>
      </trkpt>
      <trkpt lat="51.76295944489538669586181640625" lon="5.61721689999103546142578125">
        <ele>24</ele>
        <time>2025-03-10T10:24:21.000Z</time>
        <extensions>
          <ns3:TrackPointExtension>
            <ns3:hr>185</ns3:hr>
          </ns3:TrackPointExtension>
        </extensions>
      </trkpt>
      <trkpt lat="51.762961037456989288330078125" lon="5.6172251142561435699462890625">
        <ele>24</ele>
        <time>2025-03-10T10:24:23.000Z</time>
        <extensions>
          <ns3:TrackPointExtension>
            <ns3:hr>185</ns3:hr>
          </ns3:TrackPointExtension>
        </extensions>
      </trkpt>
      <trkpt lat="51.76294469274580478668212890625" lon="5.617254786193370819091796875">
        <ele>25</ele>
        <time>2025-03-10T10:24:32.000Z</time>
        <extensions>
          <ns3:TrackPointExtension>
            <ns3:hr>183</ns3:hr>
          </ns3:TrackPointExtension>
        </extensions>
      </trkpt>
      <trkpt lat="51.76293966360390186309814453125" lon="5.61726392246782779693603515625">
        <ele>25.200000762939453125</ele>
        <time>2025-03-10T10:24:33.000Z</time>
        <extensions>
          <ns3:TrackPointExtension>
            <ns3:hr>183</ns3:hr>
          </ns3:TrackPointExtension>
        </extensions>
      </trkpt>
      <trkpt lat="51.7629231512546539306640625" lon="5.6172941811382770538330078125">
        <ele>26.3999996185302734375</ele>
        <time>2025-03-10T10:24:38.000Z</time>
        <extensions>
          <ns3:TrackPointExtension>
            <ns3:hr>183</ns3:hr>
          </ns3:TrackPointExtension>
        </extensions>
      </trkpt>
      <trkpt lat="51.76291971467435359954833984375" lon="5.61728873290121555328369140625">
        <ele>26.6000003814697265625</ele>
        <time>2025-03-10T10:24:39.000Z</time>
        <extensions>
          <ns3:TrackPointExtension>
            <ns3:hr>183</ns3:hr>
          </ns3:TrackPointExtension>
        </extensions>
      </trkpt>
      <trkpt lat="51.76292709074914455413818359375" lon="5.61728085391223430633544921875">
        <ele>26.799999237060546875</ele>
        <time>2025-03-10T10:24:44.000Z</time>
        <extensions>
          <ns3:TrackPointExtension>
            <ns3:hr>185</ns3:hr>
          </ns3:TrackPointExtension>
        </extensions>
      </trkpt>
      <trkpt lat="51.762930192053318023681640625" lon="5.61726308427751064300537109375">
        <ele>26.799999237060546875</ele>
        <time>2025-03-10T10:24:48.000Z</time>
        <extensions>
          <ns3:TrackPointExtension>
            <ns3:hr>188</ns3:hr>
          </ns3:TrackPointExtension>
        </extensions>
      </trkpt>
      <trkpt lat="51.76292943768203258514404296875" lon="5.61725470237433910369873046875">
        <ele>26.799999237060546875</ele>
        <time>2025-03-10T10:24:49.000Z</time>
        <extensions>
          <ns3:TrackPointExtension>
            <ns3:hr>188</ns3:hr>
          </ns3:TrackPointExtension>
        </extensions>
      </trkpt>
      <trkpt lat="51.76292843185365200042724609375" lon="5.6172422133386135101318359375">
        <ele>27.3999996185302734375</ele>
        <time>2025-03-10T10:24:54.000Z</time>
        <extensions>
          <ns3:TrackPointExtension>
            <ns3:hr>186</ns3:hr>
          </ns3:TrackPointExtension>
        </extensions>
      </trkpt>
      <trkpt lat="51.76292574964463710784912109375" lon="5.61723710037767887115478515625">
        <ele>27.6000003814697265625</ele>
        <time>2025-03-10T10:24:57.000Z</time>
        <extensions>
          <ns3:TrackPointExtension>
            <ns3:hr>185</ns3:hr>
          </ns3:TrackPointExtension>
        </extensions>
      </trkpt>
      <trkpt lat="51.76292574964463710784912109375" lon="5.61723710037767887115478515625">
        <ele>28.6000003814697265625</ele>
        <time>2025-03-10T10:25:04.000Z</time>
        <extensions>
          <ns3:TrackPointExtension>
            <ns3:hr>183</ns3:hr>
          </ns3:TrackPointExtension>
        </extensions>
      </trkpt>
      <trkpt lat="51.76292574964463710784912109375" lon="5.61723710037767887115478515625">
        <ele>29.799999237060546875</ele>
        <time>2025-03-10T10:25:09.000Z</time>
        <extensions>
          <ns3:TrackPointExtension>
            <ns3:hr>183</ns3:hr>
          </ns3:TrackPointExtension>
        </extensions>
      </trkpt>
      <trkpt lat="51.76292574964463710784912109375" lon="5.61723710037767887115478515625">
        <ele>30.3999996185302734375</ele>
        <time>2025-03-10T10:25:11.000Z</time>
        <extensions>
          <ns3:TrackPointExtension>
            <ns3:hr>184</ns3:hr>
          </ns3:TrackPointExtension>
        </extensions>
      </trkpt>
      <trkpt lat="51.76292574964463710784912109375" lon="5.61723710037767887115478515625">
        <ele>30.6000003814697265625</ele>
        <time>2025-03-10T10:25:19.000Z</time>
        <extensions>
          <ns3:TrackPointExtension>
            <ns3:hr>185</ns3:hr>
          </ns3:TrackPointExtension>
        </extensions>
      </trkpt>
      <trkpt lat="51.76292574964463710784912109375" lon="5.61723710037767887115478515625">
        <ele>30.6000003814697265625</ele>
        <time>2025-03-10T10:25:23.000Z</time>
        <extensions>
          <ns3:TrackPointExtension>
            <ns3:hr>181</ns3:hr>
          </ns3:TrackPointExtension>
        </extensions>
      </trkpt>
      <trkpt lat="51.76292574964463710784912109375" lon="5.61723710037767887115478515625">
        <ele>30.6000003814697265625</ele>
        <time>2025-03-10T10:25:27.000Z</time>
        <extensions>
          <ns3:TrackPointExtension>
            <ns3:hr>178</ns3:hr>
          </ns3:TrackPointExtension>
        </extensions>
      </trkpt>
      <trkpt lat="51.76292574964463710784912109375" lon="5.61723710037767887115478515625">
        <ele>30.3999996185302734375</ele>
        <time>2025-03-10T10:25:29.000Z</time>
        <extensions>
          <ns3:TrackPointExtension>
            <ns3:hr>177</ns3:hr>
          </ns3:TrackPointExtension>
        </extensions>
      </trkpt>
      <trkpt lat="51.76292574964463710784912109375" lon="5.61723710037767887115478515625">
        <ele>30.6000003814697265625</ele>
        <time>2025-03-10T10:25:35.000Z</time>
        <extensions>
          <ns3:TrackPointExtension>
            <ns3:hr>174</ns3:hr>
          </ns3:TrackPointExtension>
        </extensions>
      </trkpt>
      <trkpt lat="51.76292574964463710784912109375" lon="5.61723710037767887115478515625">
        <ele>30.6000003814697265625</ele>
        <time>2025-03-10T10:25:38.000Z</time>
        <extensions>
          <ns3:TrackPointExtension>
            <ns3:hr>173</ns3:hr>
          </ns3:TrackPointExtension>
        </extensions>
      </trkpt>
      <trkpt lat="51.76293597556650638580322265625" lon="5.61722385697066783905029296875">
        <ele>30.3999996185302734375</ele>
        <time>2025-03-10T10:25:43.000Z</time>
        <extensions>
          <ns3:TrackPointExtension>
            <ns3:hr>170</ns3:hr>
          </ns3:TrackPointExtension>
        </extensions>
      </trkpt>
      <trkpt lat="51.76293983124196529388427734375" lon="5.61722553335130214691162109375">
        <ele>30.3999996185302734375</ele>
        <time>2025-03-10T10:25:46.000Z</time>
        <extensions>
          <ns3:TrackPointExtension>
            <ns3:hr>167</ns3:hr>
          </ns3:TrackPointExtension>
        </extensions>
      </trkpt>
      <trkpt lat="51.76294117234647274017333984375" lon="5.61722720973193645477294921875">
        <ele>30</ele>
        <time>2025-03-10T10:25:53.000Z</time>
        <extensions>
          <ns3:TrackPointExtension>
            <ns3:hr>164</ns3:hr>
          </ns3:TrackPointExtension>
        </extensions>
      </trkpt>
      <trkpt lat="51.76294033415615558624267578125" lon="5.61722804792225360870361328125">
        <ele>30</ele>
        <time>2025-03-10T10:25:55.000Z</time>
        <extensions>
          <ns3:TrackPointExtension>
            <ns3:hr>164</ns3:hr>
          </ns3:TrackPointExtension>
        </extensions>
      </trkpt>
      <trkpt lat="51.76294905133545398712158203125" lon="5.61726124025881290435791015625">
        <ele>29.799999237060546875</ele>
        <time>2025-03-10T10:26:02.000Z</time>
        <extensions>
          <ns3:TrackPointExtension>
            <ns3:hr>162</ns3:hr>
          </ns3:TrackPointExtension>
        </extensions>
      </trkpt>
      <trkpt lat="51.76294553093612194061279296875" lon="5.6172871403396129608154296875">
        <ele>31</ele>
        <time>2025-03-10T10:26:09.000Z</time>
        <extensions>
          <ns3:TrackPointExtension>
            <ns3:hr>163</ns3:hr>
          </ns3:TrackPointExtension>
        </extensions>
      </trkpt>
      <trkpt lat="51.76294469274580478668212890625" lon="5.61730566434562206268310546875">
        <ele>31.799999237060546875</ele>
        <time>2025-03-10T10:26:12.000Z</time>
        <extensions>
          <ns3:TrackPointExtension>
            <ns3:hr>166</ns3:hr>
          </ns3:TrackPointExtension>
        </extensions>
      </trkpt>
      <trkpt lat="51.76294133998453617095947265625" lon="5.61730952002108097076416015625">
        <ele>32</ele>
        <time>2025-03-10T10:26:13.000Z</time>
        <extensions>
          <ns3:TrackPointExtension>
            <ns3:hr>167</ns3:hr>
          </ns3:TrackPointExtension>
        </extensions>
      </trkpt>
      <trkpt lat="51.76293790340423583984375" lon="5.617315135896205902099609375">
        <ele>32.200000762939453125</ele>
        <time>2025-03-10T10:26:14.000Z</time>
        <extensions>
          <ns3:TrackPointExtension>
            <ns3:hr>168</ns3:hr>
          </ns3:TrackPointExtension>
        </extensions>
      </trkpt>
      <trkpt lat="51.7629380710422992706298828125" lon="5.617315471172332763671875">
        <ele>32.59999847412109375</ele>
        <time>2025-03-10T10:26:16.000Z</time>
        <extensions>
          <ns3:TrackPointExtension>
            <ns3:hr>171</ns3:hr>
          </ns3:TrackPointExtension>
        </extensions>
      </trkpt>
      <trkpt lat="51.76294268108904361724853515625" lon="5.6173106096684932708740234375">
        <ele>33</ele>
        <time>2025-03-10T10:26:21.000Z</time>
        <extensions>
          <ns3:TrackPointExtension>
            <ns3:hr>174</ns3:hr>
          </ns3:TrackPointExtension>
        </extensions>
      </trkpt>
      <trkpt lat="51.76294838078320026397705078125" lon="5.6173129566013813018798828125">
        <ele>33.200000762939453125</ele>
        <time>2025-03-10T10:26:27.000Z</time>
        <extensions>
          <ns3:TrackPointExtension>
            <ns3:hr>173</ns3:hr>
          </ns3:TrackPointExtension>
        </extensions>
      </trkpt>
      <trkpt lat="51.76294854842126369476318359375" lon="5.61731052584946155548095703125">
        <ele>33.59999847412109375</ele>
        <time>2025-03-10T10:26:29.000Z</time>
        <extensions>
          <ns3:TrackPointExtension>
            <ns3:hr>170</ns3:hr>
          </ns3:TrackPointExtension>
        </extensions>
      </trkpt>
      <trkpt lat="51.76296631805598735809326171875" lon="5.61730952002108097076416015625">
        <ele>33.59999847412109375</ele>
        <time>2025-03-10T10:26:37.000Z</time>
        <extensions>
          <ns3:TrackPointExtension>
            <ns3:hr>169</ns3:hr>
          </ns3:TrackPointExtension>
        </extensions>
      </trkpt>
      <trkpt lat="51.7629419267177581787109375" lon="5.61729334294795989990234375">
        <ele>33.200000762939453125</ele>
        <time>2025-03-10T10:26:42.000Z</time>
        <extensions>
          <ns3:TrackPointExtension>
            <ns3:hr>165</ns3:hr>
          </ns3:TrackPointExtension>
        </extensions>
      </trkpt>
      <trkpt lat="51.7629420943558216094970703125" lon="5.61729309149086475372314453125">
        <ele>33.200000762939453125</ele>
        <time>2025-03-10T10:26:43.000Z</time>
        <extensions>
          <ns3:TrackPointExtension>
            <ns3:hr>163</ns3:hr>
          </ns3:TrackPointExtension>
        </extensions>
      </trkpt>
      <trkpt lat="51.7629338800907135009765625" lon="5.6172765791416168212890625">
        <ele>33</ele>
        <time>2025-03-10T10:26:47.000Z</time>
        <extensions>
          <ns3:TrackPointExtension>
            <ns3:hr>160</ns3:hr>
          </ns3:TrackPointExtension>
        </extensions>
      </trkpt>
      <trkpt lat="51.7629343830049037933349609375" lon="5.61727180145680904388427734375">
        <ele>33</ele>
        <time>2025-03-10T10:26:49.000Z</time>
        <extensions>
          <ns3:TrackPointExtension>
            <ns3:hr>160</ns3:hr>
          </ns3:TrackPointExtension>
        </extensions>
      </trkpt>
      <trkpt lat="51.7629390768706798553466796875" lon="5.61725336126983165740966796875">
        <ele>34.40000152587890625</ele>
        <time>2025-03-10T10:26:55.000Z</time>
        <extensions>
          <ns3:TrackPointExtension>
            <ns3:hr>160</ns3:hr>
          </ns3:TrackPointExtension>
        </extensions>
      </trkpt>
      <trkpt lat="51.76293916068971157073974609375" lon="5.61725302599370479583740234375">
        <ele>34.59999847412109375</ele>
        <time>2025-03-10T10:26:56.000Z</time>
        <extensions>
          <ns3:TrackPointExtension>
            <ns3:hr>161</ns3:hr>
          </ns3:TrackPointExtension>
        </extensions>
      </trkpt>
      <trkpt lat="51.7629494704306125640869140625" lon="5.61723458580672740936279296875">
        <ele>35</ele>
        <time>2025-03-10T10:26:58.000Z</time>
        <extensions>
          <ns3:TrackPointExtension>
            <ns3:hr>164</ns3:hr>
          </ns3:TrackPointExtension>
        </extensions>
      </trkpt>
      <trkpt lat="51.76295776851475238800048828125" lon="5.61722586862742900848388671875">
        <ele>35.40000152587890625</ele>
        <time>2025-03-10T10:27:00.000Z</time>
        <extensions>
          <ns3:TrackPointExtension>
            <ns3:hr>168</ns3:hr>
          </ns3:TrackPointExtension>
        </extensions>
      </trkpt>
      <trkpt lat="51.7629578523337841033935546875" lon="5.61723391525447368621826171875">
        <ele>35.799999237060546875</ele>
        <time>2025-03-10T10:27:03.000Z</time>
        <extensions>
          <ns3:TrackPointExtension>
            <ns3:hr>170</ns3:hr>
          </ns3:TrackPointExtension>
        </extensions>
      </trkpt>
      <trkpt lat="51.76294930279254913330078125" lon="5.617253780364990234375">
        <ele>35.799999237060546875</ele>
        <time>2025-03-10T10:27:11.000Z</time>
        <extensions>
          <ns3:TrackPointExtension>
            <ns3:hr>171</ns3:hr>
          </ns3:TrackPointExtension>
        </extensions>
      </trkpt>
      <trkpt lat="51.76293731667101383209228515625" lon="5.61728605069220066070556640625">
        <ele>36.59999847412109375</ele>
        <time>2025-03-10T10:27:16.000Z</time>
        <extensions>
          <ns3:TrackPointExtension>
            <ns3:hr>171</ns3:hr>
          </ns3:TrackPointExtension>
        </extensions>
      </trkpt>
      <trkpt lat="51.76293731667101383209228515625" lon="5.61728605069220066070556640625">
        <ele>37</ele>
        <time>2025-03-10T10:27:18.000Z</time>
        <extensions>
          <ns3:TrackPointExtension>
            <ns3:hr>172</ns3:hr>
          </ns3:TrackPointExtension>
        </extensions>
      </trkpt>
      <trkpt lat="51.76293731667101383209228515625" lon="5.61728605069220066070556640625">
        <ele>37.59999847412109375</ele>
        <time>2025-03-10T10:27:20.000Z</time>
        <extensions>
          <ns3:TrackPointExtension>
            <ns3:hr>175</ns3:hr>
          </ns3:TrackPointExtension>
        </extensions>
      </trkpt>
      <trkpt lat="51.76293731667101383209228515625" lon="5.61728605069220066070556640625">
        <ele>37.799999237060546875</ele>
        <time>2025-03-10T10:27:21.000Z</time>
        <extensions>
          <ns3:TrackPointExtension>
            <ns3:hr>176</ns3:hr>
          </ns3:TrackPointExtension>
        </extensions>
      </trkpt>
      <trkpt lat="51.76293731667101383209228515625" lon="5.61728605069220066070556640625">
        <ele>38.59999847412109375</ele>
        <time>2025-03-10T10:27:25.000Z</time>
        <extensions>
          <ns3:TrackPointExtension>
            <ns3:hr>178</ns3:hr>
          </ns3:TrackPointExtension>
        </extensions>
      </trkpt>
      <trkpt lat="51.76293731667101383209228515625" lon="5.61728605069220066070556640625">
        <ele>38.59999847412109375</ele>
        <time>2025-03-10T10:27:28.000Z</time>
        <extensions>
          <ns3:TrackPointExtension>
            <ns3:hr>181</ns3:hr>
          </ns3:TrackPointExtension>
        </extensions>
      </trkpt>
      <trkpt lat="51.76293731667101383209228515625" lon="5.61728605069220066070556640625">
        <ele>38.59999847412109375</ele>
        <time>2025-03-10T10:27:32.000Z</time>
        <extensions>
          <ns3:TrackPointExtension>
            <ns3:hr>182</ns3:hr>
          </ns3:TrackPointExtension>
        </extensions>
      </trkpt>
      <trkpt lat="51.76293731667101383209228515625" lon="5.61728605069220066070556640625">
        <ele>38</ele>
        <time>2025-03-10T10:27:39.000Z</time>
        <extensions>
          <ns3:TrackPointExtension>
            <ns3:hr>182</ns3:hr>
          </ns3:TrackPointExtension>
        </extensions>
      </trkpt>
      <trkpt lat="51.76293731667101383209228515625" lon="5.61728605069220066070556640625">
        <ele>38.59999847412109375</ele>
        <time>2025-03-10T10:27:47.000Z</time>
        <extensions>
          <ns3:TrackPointExtension>
            <ns3:hr>180</ns3:hr>
          </ns3:TrackPointExtension>
        </extensions>
      </trkpt>
      <trkpt lat="51.76293731667101383209228515625" lon="5.61728605069220066070556640625">
        <ele>38.799999237060546875</ele>
        <time>2025-03-10T10:27:49.000Z</time>
        <extensions>
          <ns3:TrackPointExtension>
            <ns3:hr>179</ns3:hr>
          </ns3:TrackPointExtension>
        </extensions>
      </trkpt>
      <trkpt lat="51.76293731667101383209228515625" lon="5.61728605069220066070556640625">
        <ele>39</ele>
        <time>2025-03-10T10:27:55.000Z</time>
        <extensions>
          <ns3:TrackPointExtension>
            <ns3:hr>176</ns3:hr>
          </ns3:TrackPointExtension>
        </extensions>
      </trkpt>
      <trkpt lat="51.76293731667101383209228515625" lon="5.61728605069220066070556640625">
        <ele>39.200000762939453125</ele>
        <time>2025-03-10T10:27:56.000Z</time>
        <extensions>
          <ns3:TrackPointExtension>
            <ns3:hr>173</ns3:hr>
          </ns3:TrackPointExtension>
        </extensions>
      </trkpt>
      <trkpt lat="51.76293731667101383209228515625" lon="5.61728605069220066070556640625">
        <ele>39.200000762939453125</ele>
        <time>2025-03-10T10:27:57.000Z</time>
        <extensions>
          <ns3:TrackPointExtension>
            <ns3:hr>170</ns3:hr>
          </ns3:TrackPointExtension>
        </extensions>
      </trkpt>
      <trkpt lat="51.76293731667101383209228515625" lon="5.61728605069220066070556640625">
        <ele>39.200000762939453125</ele>
        <time>2025-03-10T10:28:00.000Z</time>
        <extensions>
          <ns3:TrackPointExtension>
            <ns3:hr>167</ns3:hr>
          </ns3:TrackPointExtension>
        </extensions>
      </trkpt>
      <trkpt lat="51.76293731667101383209228515625" lon="5.61728605069220066070556640625">
        <ele>39</ele>
        <time>2025-03-10T10:28:04.000Z</time>
        <extensions>
          <ns3:TrackPointExtension>
            <ns3:hr>164</ns3:hr>
          </ns3:TrackPointExtension>
        </extensions>
      </trkpt>
      <trkpt lat="51.76293731667101383209228515625" lon="5.61728605069220066070556640625">
        <ele>39</ele>
        <time>2025-03-10T10:28:06.000Z</time>
        <extensions>
          <ns3:TrackPointExtension>
            <ns3:hr>163</ns3:hr>
          </ns3:TrackPointExtension>
        </extensions>
      </trkpt>
      <trkpt lat="51.76293731667101383209228515625" lon="5.61728605069220066070556640625">
        <ele>38.799999237060546875</ele>
        <time>2025-03-10T10:28:12.000Z</time>
        <extensions>
          <ns3:TrackPointExtension>
            <ns3:hr>160</ns3:hr>
          </ns3:TrackPointExtension>
        </extensions>
      </trkpt>
      <trkpt lat="51.76293731667101383209228515625" lon="5.61728605069220066070556640625">
        <ele>38.59999847412109375</ele>
        <time>2025-03-10T10:28:18.000Z</time>
        <extensions>
          <ns3:TrackPointExtension>
            <ns3:hr>157</ns3:hr>
          </ns3:TrackPointExtension>
        </extensions>
      </trkpt>
      <trkpt lat="51.76292994059622287750244140625" lon="5.6173052452504634857177734375">
        <ele>38.40000152587890625</ele>
        <time>2025-03-10T10:28:28.000Z</time>
        <extensions>
          <ns3:TrackPointExtension>
            <ns3:hr>156</ns3:hr>
          </ns3:TrackPointExtension>
        </extensions>
      </trkpt>
      <trkpt lat="51.76292910240590572357177734375" lon="5.6173049099743366241455078125">
        <ele>38.59999847412109375</ele>
        <time>2025-03-10T10:28:41.000Z</time>
        <extensions>
          <ns3:TrackPointExtension>
            <ns3:hr>154</ns3:hr>
          </ns3:TrackPointExtension>
        </extensions>
      </trkpt>
      <trkpt lat="51.76291468553245067596435546875" lon="5.61728789471089839935302734375">
        <ele>38.59999847412109375</ele>
        <time>2025-03-10T10:28:48.000Z</time>
        <extensions>
          <ns3:TrackPointExtension>
            <ns3:hr>153</ns3:hr>
          </ns3:TrackPointExtension>
        </extensions>
      </trkpt>
      <trkpt lat="51.76291468553245067596435546875" lon="5.61728789471089839935302734375">
        <ele>38.40000152587890625</ele>
        <time>2025-03-10T10:28:56.000Z</time>
        <extensions>
          <ns3:TrackPointExtension>
            <ns3:hr>154</ns3:hr>
          </ns3:TrackPointExtension>
        </extensions>
      </trkpt>
      <trkpt lat="51.762910075485706329345703125" lon="5.61728185974061489105224609375">
        <ele>38.59999847412109375</ele>
        <time>2025-03-10T10:29:02.000Z</time>
        <extensions>
          <ns3:TrackPointExtension>
            <ns3:hr>151</ns3:hr>
          </ns3:TrackPointExtension>
        </extensions>
      </trkpt>
      <trkpt lat="51.76291066221892833709716796875" lon="5.61728185974061489105224609375">
        <ele>38.59999847412109375</ele>
        <time>2025-03-10T10:29:07.000Z</time>
        <extensions>
          <ns3:TrackPointExtension>
            <ns3:hr>149</ns3:hr>
          </ns3:TrackPointExtension>
        </extensions>
      </trkpt>
      <trkpt lat="51.76291468553245067596435546875" lon="5.61728789471089839935302734375">
        <ele>38.40000152587890625</ele>
        <time>2025-03-10T10:29:16.000Z</time>
        <extensions>
          <ns3:TrackPointExtension>
            <ns3:hr>149</ns3:hr>
          </ns3:TrackPointExtension>
        </extensions>
      </trkpt>
      <trkpt lat="51.76292876712977886199951171875" lon="5.6172586418688297271728515625">
        <ele>37.59999847412109375</ele>
        <time>2025-03-10T10:29:20.000Z</time>
        <extensions>
          <ns3:TrackPointExtension>
            <ns3:hr>148</ns3:hr>
          </ns3:TrackPointExtension>
        </extensions>
      </trkpt>
      <trkpt lat="51.76293245516717433929443359375" lon="5.61724581755697727203369140625">
        <ele>37.40000152587890625</ele>
        <time>2025-03-10T10:29:21.000Z</time>
        <extensions>
          <ns3:TrackPointExtension>
            <ns3:hr>148</ns3:hr>
          </ns3:TrackPointExtension>
        </extensions>
      </trkpt>
      <trkpt lat="51.7629377357661724090576171875" lon="5.6172304786741733551025390625">
        <ele>37.799999237060546875</ele>
        <time>2025-03-10T10:29:29.000Z</time>
        <extensions>
          <ns3:TrackPointExtension>
            <ns3:hr>147</ns3:hr>
          </ns3:TrackPointExtension>
        </extensions>
      </trkpt>
      <trkpt lat="51.76293798722326755523681640625" lon="5.61723123304545879364013671875">
        <ele>38</ele>
        <time>2025-03-10T10:29:35.000Z</time>
        <extensions>
          <ns3:TrackPointExtension>
            <ns3:hr>144</ns3:hr>
          </ns3:TrackPointExtension>
        </extensions>
      </trkpt>
      <trkpt lat="51.76293245516717433929443359375" lon="5.61724581755697727203369140625">
        <ele>38.200000762939453125</ele>
        <time>2025-03-10T10:29:43.000Z</time>
        <extensions>
          <ns3:TrackPointExtension>
            <ns3:hr>142</ns3:hr>
          </ns3:TrackPointExtension>
        </extensions>
      </trkpt>
      <trkpt lat="51.7629481293261051177978515625" lon="5.6172495894134044647216796875">
        <ele>38.40000152587890625</ele>
        <time>2025-03-10T10:29:52.000Z</time>
        <extensions>
          <ns3:TrackPointExtension>
            <ns3:hr>141</ns3:hr>
          </ns3:TrackPointExtension>
        </extensions>
      </trkpt>
      <trkpt lat="51.7629481293261051177978515625" lon="5.6172495894134044647216796875">
        <ele>38.40000152587890625</ele>
        <time>2025-03-10T10:30:03.000Z</time>
        <extensions>
          <ns3:TrackPointExtension>
            <ns3:hr>141</ns3:hr>
          </ns3:TrackPointExtension>
        </extensions>
      </trkpt>
      <trkpt lat="51.7629481293261051177978515625" lon="5.6172495894134044647216796875">
        <ele>38.200000762939453125</ele>
        <time>2025-03-10T10:30:07.000Z</time>
        <extensions>
          <ns3:TrackPointExtension>
            <ns3:hr>142</ns3:hr>
          </ns3:TrackPointExtension>
        </extensions>
      </trkpt>
      <trkpt lat="51.7629481293261051177978515625" lon="5.6172495894134044647216796875">
        <ele>38.200000762939453125</ele>
        <time>2025-03-10T10:30:12.000Z</time>
        <extensions>
          <ns3:TrackPointExtension>
            <ns3:hr>145</ns3:hr>
          </ns3:TrackPointExtension>
        </extensions>
      </trkpt>
      <trkpt lat="51.7629481293261051177978515625" lon="5.6172495894134044647216796875">
        <ele>38.200000762939453125</ele>
        <time>2025-03-10T10:30:18.000Z</time>
        <extensions>
          <ns3:TrackPointExtension>
            <ns3:hr>145</ns3:hr>
          </ns3:TrackPointExtension>
        </extensions>
      </trkpt>
      <trkpt lat="51.76293849013745784759521484375" lon="5.61725939624011516571044921875">
        <ele>38.200000762939453125</ele>
        <time>2025-03-10T10:30:22.000Z</time>
        <extensions>
          <ns3:TrackPointExtension>
            <ns3:hr>142</ns3:hr>
          </ns3:TrackPointExtension>
        </extensions>
      </trkpt>
      <trkpt lat="51.76293815486133098602294921875" lon="5.61725922860205173492431640625">
        <ele>38.200000762939453125</ele>
        <time>2025-03-10T10:30:27.000Z</time>
        <extensions>
          <ns3:TrackPointExtension>
            <ns3:hr>142</ns3:hr>
          </ns3:TrackPointExtension>
        </extensions>
      </trkpt>
      <trkpt lat="51.76293052732944488525390625" lon="5.6172713823616504669189453125">
        <ele>38</ele>
        <time>2025-03-10T10:30:36.000Z</time>
        <extensions>
          <ns3:TrackPointExtension>
            <ns3:hr>141</ns3:hr>
          </ns3:TrackPointExtension>
        </extensions>
      </trkpt>
      <trkpt lat="51.76293186843395233154296875" lon="5.61725822277367115020751953125">
        <ele>37.799999237060546875</ele>
        <time>2025-03-10T10:30:41.000Z</time>
        <extensions>
          <ns3:TrackPointExtension>
            <ns3:hr>140</ns3:hr>
          </ns3:TrackPointExtension>
        </extensions>
      </trkpt>
      <trkpt lat="51.76293765194714069366455078125" lon="5.61726383864879608154296875">
        <ele>37.200000762939453125</ele>
        <time>2025-03-10T10:30:50.000Z</time>
        <extensions>
          <ns3:TrackPointExtension>
            <ns3:hr>141</ns3:hr>
          </ns3:TrackPointExtension>
        </extensions>
      </trkpt>
      <trkpt lat="51.7629327066242694854736328125" lon="5.61727322638034820556640625">
        <ele>37.200000762939453125</ele>
        <time>2025-03-10T10:30:58.000Z</time>
        <extensions>
          <ns3:TrackPointExtension>
            <ns3:hr>142</ns3:hr>
          </ns3:TrackPointExtension>
        </extensions>
      </trkpt>
      <trkpt lat="51.7629387415945529937744140625" lon="5.61730516143143177032470703125">
        <ele>37.40000152587890625</ele>
        <time>2025-03-10T10:31:03.000Z</time>
        <extensions>
          <ns3:TrackPointExtension>
            <ns3:hr>142</ns3:hr>
          </ns3:TrackPointExtension>
        </extensions>
      </trkpt>
      <trkpt lat="51.7629350535571575164794921875" lon="5.61727180145680904388427734375">
        <ele>37.200000762939453125</ele>
        <time>2025-03-10T10:31:09.000Z</time>
        <extensions>
          <ns3:TrackPointExtension>
            <ns3:hr>141</ns3:hr>
          </ns3:TrackPointExtension>
        </extensions>
      </trkpt>
      <trkpt lat="51.7629474587738513946533203125" lon="5.6172542832791805267333984375">
        <ele>36.200000762939453125</ele>
        <time>2025-03-10T10:31:12.000Z</time>
        <extensions>
          <ns3:TrackPointExtension>
            <ns3:hr>142</ns3:hr>
          </ns3:TrackPointExtension>
        </extensions>
      </trkpt>
      <trkpt lat="51.76295273937284946441650390625" lon="5.6172448955476284027099609375">
        <ele>35.200000762939453125</ele>
        <time>2025-03-10T10:31:15.000Z</time>
        <extensions>
          <ns3:TrackPointExtension>
            <ns3:hr>145</ns3:hr>
          </ns3:TrackPointExtension>
        </extensions>
      </trkpt>
      <trkpt lat="51.76294662058353424072265625" lon="5.6172459013760089874267578125">
        <ele>34.799999237060546875</ele>
        <time>2025-03-10T10:31:16.000Z</time>
        <extensions>
          <ns3:TrackPointExtension>
            <ns3:hr>146</ns3:hr>
          </ns3:TrackPointExtension>
        </extensions>
      </trkpt>
      <trkpt lat="51.76293195225298404693603515625" lon="5.6172656826674938201904296875">
        <ele>34.200000762939453125</ele>
        <time>2025-03-10T10:31:21.000Z</time>
        <extensions>
          <ns3:TrackPointExtension>
            <ns3:hr>146</ns3:hr>
          </ns3:TrackPointExtension>
        </extensions>
      </trkpt>
      <trkpt lat="51.76292826421558856964111328125" lon="5.617278255522251129150390625">
        <ele>34.200000762939453125</ele>
        <time>2025-03-10T10:31:23.000Z</time>
        <extensions>
          <ns3:TrackPointExtension>
            <ns3:hr>146</ns3:hr>
          </ns3:TrackPointExtension>
        </extensions>
      </trkpt>
      <trkpt lat="51.76291569136083126068115234375" lon="5.61730206012725830078125">
        <ele>33</ele>
        <time>2025-03-10T10:31:26.000Z</time>
        <extensions>
          <ns3:TrackPointExtension>
            <ns3:hr>146</ns3:hr>
          </ns3:TrackPointExtension>
        </extensions>
      </trkpt>
      <trkpt lat="51.76291451789438724517822265625" lon="5.6173159740865230560302734375">
        <ele>31.799999237060546875</ele>
        <time>2025-03-10T10:31:29.000Z</time>
        <extensions>
          <ns3:TrackPointExtension>
            <ns3:hr>147</ns3:hr>
          </ns3:TrackPointExtension>
        </extensions>
      </trkpt>
      <trkpt lat="51.762918122112751007080078125" lon="5.6173168122768402099609375">
        <ele>31.3999996185302734375</ele>
        <time>2025-03-10T10:31:30.000Z</time>
        <extensions>
          <ns3:TrackPointExtension>
            <ns3:hr>147</ns3:hr>
          </ns3:TrackPointExtension>
        </extensions>
      </trkpt>
      <trkpt lat="51.76293211989104747772216796875" lon="5.61729761771857738494873046875">
        <ele>31</ele>
        <time>2025-03-10T10:31:37.000Z</time>
        <extensions>
          <ns3:TrackPointExtension>
            <ns3:hr>148</ns3:hr>
          </ns3:TrackPointExtension>
        </extensions>
      </trkpt>
      <trkpt lat="51.76293446682393550872802734375" lon="5.61729376204311847686767578125">
        <ele>30.799999237060546875</ele>
        <time>2025-03-10T10:31:38.000Z</time>
        <extensions>
          <ns3:TrackPointExtension>
            <ns3:hr>148</ns3:hr>
          </ns3:TrackPointExtension>
        </extensions>
      </trkpt>
      <trkpt lat="51.76295156590640544891357421875" lon="5.617266185581684112548828125">
        <ele>29.3999996185302734375</ele>
        <time>2025-03-10T10:31:43.000Z</time>
        <extensions>
          <ns3:TrackPointExtension>
            <ns3:hr>149</ns3:hr>
          </ns3:TrackPointExtension>
        </extensions>
      </trkpt>
      <trkpt lat="51.7629508115351200103759765625" lon="5.61726073734462261199951171875">
        <ele>29.200000762939453125</ele>
        <time>2025-03-10T10:31:44.000Z</time>
        <extensions>
          <ns3:TrackPointExtension>
            <ns3:hr>151</ns3:hr>
          </ns3:TrackPointExtension>
        </extensions>
      </trkpt>
      <trkpt lat="51.76295676268637180328369140625" lon="5.6172425486147403717041015625">
        <ele>28.6000003814697265625</ele>
        <time>2025-03-10T10:31:47.000Z</time>
        <extensions>
          <ns3:TrackPointExtension>
            <ns3:hr>154</ns3:hr>
          </ns3:TrackPointExtension>
        </extensions>
      </trkpt>
      <trkpt lat="51.762955673038959503173828125" lon="5.6172412075102329254150390625">
        <ele>28.6000003814697265625</ele>
        <time>2025-03-10T10:31:49.000Z</time>
        <extensions>
          <ns3:TrackPointExtension>
            <ns3:hr>155</ns3:hr>
          </ns3:TrackPointExtension>
        </extensions>
      </trkpt>
      <trkpt lat="51.76294569857418537139892578125" lon="5.617234669625759124755859375">
        <ele>28.200000762939453125</ele>
        <time>2025-03-10T10:31:53.000Z</time>
        <extensions>
          <ns3:TrackPointExtension>
            <ns3:hr>155</ns3:hr>
          </ns3:TrackPointExtension>
        </extensions>
      </trkpt>
      <trkpt lat="51.76294368691742420196533203125" lon="5.61723911203444004058837890625">
        <ele>28</ele>
        <time>2025-03-10T10:31:56.000Z</time>
        <extensions>
          <ns3:TrackPointExtension>
            <ns3:hr>153</ns3:hr>
          </ns3:TrackPointExtension>
        </extensions>
      </trkpt>
      <trkpt lat="51.762926839292049407958984375" lon="5.61727196909487247467041015625">
        <ele>27.200000762939453125</ele>
        <time>2025-03-10T10:32:03.000Z</time>
        <extensions>
          <ns3:TrackPointExtension>
            <ns3:hr>152</ns3:hr>
          </ns3:TrackPointExtension>
        </extensions>
      </trkpt>
      <trkpt lat="51.7629263363778591156005859375" lon="5.61729124747216701507568359375">
        <ele>26</ele>
        <time>2025-03-10T10:32:06.000Z</time>
        <extensions>
          <ns3:TrackPointExtension>
            <ns3:hr>151</ns3:hr>
          </ns3:TrackPointExtension>
        </extensions>
      </trkpt>
      <trkpt lat="51.76293144933879375457763671875" lon="5.61730113811790943145751953125">
        <ele>25</ele>
        <time>2025-03-10T10:32:09.000Z</time>
        <extensions>
          <ns3:TrackPointExtension>
            <ns3:hr>150</ns3:hr>
          </ns3:TrackPointExtension>
        </extensions>
      </trkpt>
      <trkpt lat="51.7629276774823665618896484375" lon="5.61730415560305118560791015625">
        <ele>24.799999237060546875</ele>
        <time>2025-03-10T10:32:13.000Z</time>
        <extensions>
          <ns3:TrackPointExtension>
            <ns3:hr>153</ns3:hr>
          </ns3:TrackPointExtension>
        </extensions>
      </trkpt>
      <trkpt lat="51.762933544814586639404296875" lon="5.61729996465146541595458984375">
        <ele>24.799999237060546875</ele>
        <time>2025-03-10T10:32:18.000Z</time>
        <extensions>
          <ns3:TrackPointExtension>
            <ns3:hr>152</ns3:hr>
          </ns3:TrackPointExtension>
        </extensions>
      </trkpt>
      <trkpt lat="51.762939579784870147705078125" lon="5.61729066073894500732421875">
        <ele>24.6000003814697265625</ele>
        <time>2025-03-10T10:32:23.000Z</time>
        <extensions>
          <ns3:TrackPointExtension>
            <ns3:hr>149</ns3:hr>
          </ns3:TrackPointExtension>
        </extensions>
      </trkpt>
      <trkpt lat="51.762943267822265625" lon="5.6172898225486278533935546875">
        <ele>24.6000003814697265625</ele>
        <time>2025-03-10T10:32:24.000Z</time>
        <extensions>
          <ns3:TrackPointExtension>
            <ns3:hr>149</ns3:hr>
          </ns3:TrackPointExtension>
        </extensions>
      </trkpt>
      <trkpt lat="51.762946285307407379150390625" lon="5.6172733940184116363525390625">
        <ele>23.6000003814697265625</ele>
        <time>2025-03-10T10:32:28.000Z</time>
        <extensions>
          <ns3:TrackPointExtension>
            <ns3:hr>149</ns3:hr>
          </ns3:TrackPointExtension>
        </extensions>
      </trkpt>
      <trkpt lat="51.7629548348486423492431640625" lon="5.6172485835850238800048828125">
        <ele>22.6000003814697265625</ele>
        <time>2025-03-10T10:32:31.000Z</time>
        <extensions>
          <ns3:TrackPointExtension>
            <ns3:hr>149</ns3:hr>
          </ns3:TrackPointExtension>
        </extensions>
      </trkpt>
      <trkpt lat="51.76295408047735691070556640625" lon="5.61723944731056690216064453125">
        <ele>22.200000762939453125</ele>
        <time>2025-03-10T10:32:32.000Z</time>
        <extensions>
          <ns3:TrackPointExtension>
            <ns3:hr>149</ns3:hr>
          </ns3:TrackPointExtension>
        </extensions>
      </trkpt>
      <trkpt lat="51.76294284872710704803466796875" lon="5.617226622998714447021484375">
        <ele>21.6000003814697265625</ele>
        <time>2025-03-10T10:32:38.000Z</time>
        <extensions>
          <ns3:TrackPointExtension>
            <ns3:hr>152</ns3:hr>
          </ns3:TrackPointExtension>
        </extensions>
      </trkpt>
      <trkpt lat="51.76294117234647274017333984375" lon="5.61723508872091770172119140625">
        <ele>21.6000003814697265625</ele>
        <time>2025-03-10T10:32:39.000Z</time>
        <extensions>
          <ns3:TrackPointExtension>
            <ns3:hr>153</ns3:hr>
          </ns3:TrackPointExtension>
        </extensions>
      </trkpt>
      <trkpt lat="51.76293857395648956298828125" lon="5.6172422133386135101318359375">
        <ele>21.3999996185302734375</ele>
        <time>2025-03-10T10:32:40.000Z</time>
        <extensions>
          <ns3:TrackPointExtension>
            <ns3:hr>154</ns3:hr>
          </ns3:TrackPointExtension>
        </extensions>
      </trkpt>
      <trkpt lat="51.7629256658256053924560546875" lon="5.6172633357346057891845703125">
        <ele>20.3999996185302734375</ele>
        <time>2025-03-10T10:32:43.000Z</time>
        <extensions>
          <ns3:TrackPointExtension>
            <ns3:hr>153</ns3:hr>
          </ns3:TrackPointExtension>
        </extensions>
      </trkpt>
      <trkpt lat="51.7629182897508144378662109375" lon="5.617274902760982513427734375">
        <ele>19.6000003814697265625</ele>
        <time>2025-03-10T10:32:46.000Z</time>
        <extensions>
          <ns3:TrackPointExtension>
            <ns3:hr>154</ns3:hr>
          </ns3:TrackPointExtension>
        </extensions>
      </trkpt>
      <trkpt lat="51.7629169486463069915771484375" lon="5.6172767467796802520751953125">
        <ele>19.200000762939453125</ele>
        <time>2025-03-10T10:32:47.000Z</time>
        <extensions>
          <ns3:TrackPointExtension>
            <ns3:hr>155</ns3:hr>
          </ns3:TrackPointExtension>
        </extensions>
      </trkpt>
      <trkpt lat="51.7629186250269412994384765625" lon="5.61729694716632366180419921875">
        <ele>18.3999996185302734375</ele>
        <time>2025-03-10T10:32:52.000Z</time>
        <extensions>
          <ns3:TrackPointExtension>
            <ns3:hr>158</ns3:hr>
          </ns3:TrackPointExtension>
        </extensions>
      </trkpt>
      <trkpt lat="51.76291820593178272247314453125" lon="5.61727590858936309814453125">
        <ele>18</ele>
        <time>2025-03-10T10:33:01.000Z</time>
        <extensions>
          <ns3:TrackPointExtension>
            <ns3:hr>155</ns3:hr>
          </ns3:TrackPointExtension>
        </extensions>
      </trkpt>
      <trkpt lat="51.762916781008243560791015625" lon="5.617274232208728790283203125">
        <ele>17.6000003814697265625</ele>
        <time>2025-03-10T10:33:02.000Z</time>
        <extensions>
          <ns3:TrackPointExtension>
            <ns3:hr>153</ns3:hr>
          </ns3:TrackPointExtension>
        </extensions>
      </trkpt>
      <trkpt lat="51.76292382180690765380859375" lon="5.61726610176265239715576171875">
        <ele>16.799999237060546875</ele>
        <time>2025-03-10T10:33:05.000Z</time>
        <extensions>
          <ns3:TrackPointExtension>
            <ns3:hr>152</ns3:hr>
          </ns3:TrackPointExtension>
        </extensions>
      </trkpt>
      <trkpt lat="51.7629387415945529937744140625" lon="5.6172355078160762786865234375">
        <ele>15.80000019073486328125</ele>
        <time>2025-03-10T10:33:09.000Z</time>
        <extensions>
          <ns3:TrackPointExtension>
            <ns3:hr>155</ns3:hr>
          </ns3:TrackPointExtension>
        </extensions>
      </trkpt>
      <trkpt lat="51.76296195946633815765380859375" lon="5.617202818393707275390625">
        <ele>15.19999980926513671875</ele>
        <time>2025-03-10T10:33:17.000Z</time>
        <extensions>
          <ns3:TrackPointExtension>
            <ns3:hr>156</ns3:hr>
          </ns3:TrackPointExtension>
        </extensions>
      </trkpt>
      <trkpt lat="51.76298492588102817535400390625" lon="5.6172277964651584625244140625">
        <ele>15</ele>
        <time>2025-03-10T10:33:24.000Z</time>
        <extensions>
          <ns3:TrackPointExtension>
            <ns3:hr>154</ns3:hr>
          </ns3:TrackPointExtension>
        </extensions>
      </trkpt>
      <trkpt lat="51.7629843391478061676025390625" lon="5.61735025607049465179443359375">
        <ele>14.80000019073486328125</ele>
        <time>2025-03-10T10:33:30.000Z</time>
        <extensions>
          <ns3:TrackPointExtension>
            <ns3:hr>151</ns3:hr>
          </ns3:TrackPointExtension>
        </extensions>
      </trkpt>
      <trkpt lat="51.7629796452820301055908203125" lon="5.61741395853459835052490234375">
        <ele>15</ele>
        <time>2025-03-10T10:33:36.000Z</time>
        <extensions>
          <ns3:TrackPointExtension>
            <ns3:hr>151</ns3:hr>
          </ns3:TrackPointExtension>
        </extensions>
      </trkpt>
      <trkpt lat="51.76298014819622039794921875" lon="5.6174286268651485443115234375">
        <ele>15</ele>
        <time>2025-03-10T10:33:37.000Z</time>
        <extensions>
          <ns3:TrackPointExtension>
            <ns3:hr>148</ns3:hr>
          </ns3:TrackPointExtension>
        </extensions>
      </trkpt>
      <trkpt lat="51.7629806511104106903076171875" lon="5.61745838262140750885009765625">
        <ele>14.6000003814697265625</ele>
        <time>2025-03-10T10:33:42.000Z</time>
        <extensions>
          <ns3:TrackPointExtension>
            <ns3:hr>146</ns3:hr>
          </ns3:TrackPointExtension>
        </extensions>
      </trkpt>
      <trkpt lat="51.76298174075782299041748046875" lon="5.617465339601039886474609375">
        <ele>14.3999996185302734375</ele>
        <time>2025-03-10T10:33:43.000Z</time>
        <extensions>
          <ns3:TrackPointExtension>
            <ns3:hr>147</ns3:hr>
          </ns3:TrackPointExtension>
        </extensions>
      </trkpt>
      <trkpt lat="51.7630034498870372772216796875" lon="5.61750917695462703704833984375">
        <ele>13.80000019073486328125</ele>
        <time>2025-03-10T10:33:48.000Z</time>
        <extensions>
          <ns3:TrackPointExtension>
            <ns3:hr>147</ns3:hr>
          </ns3:TrackPointExtension>
        </extensions>
      </trkpt>
      <trkpt lat="51.763022057712078094482421875" lon="5.61751286499202251434326171875">
        <ele>13.6000003814697265625</ele>
        <time>2025-03-10T10:33:55.000Z</time>
        <extensions>
          <ns3:TrackPointExtension>
            <ns3:hr>147</ns3:hr>
          </ns3:TrackPointExtension>
        </extensions>
      </trkpt>
      <trkpt lat="51.76302163861691951751708984375" lon="5.61751873232424259185791015625">
        <ele>13.3999996185302734375</ele>
        <time>2025-03-10T10:33:56.000Z</time>
        <extensions>
          <ns3:TrackPointExtension>
            <ns3:hr>147</ns3:hr>
          </ns3:TrackPointExtension>
        </extensions>
      </trkpt>
      <trkpt lat="51.763028092682361602783203125" lon="5.6175345741212368011474609375">
        <ele>12.3999996185302734375</ele>
        <time>2025-03-10T10:33:59.000Z</time>
        <extensions>
          <ns3:TrackPointExtension>
            <ns3:hr>148</ns3:hr>
          </ns3:TrackPointExtension>
        </extensions>
      </trkpt>
      <trkpt lat="51.763039492070674896240234375" lon="5.61754069291055202484130859375">
        <ele>11.80000019073486328125</ele>
        <time>2025-03-10T10:34:03.000Z</time>
        <extensions>
          <ns3:TrackPointExtension>
            <ns3:hr>148</ns3:hr>
          </ns3:TrackPointExtension>
        </extensions>
      </trkpt>
      <trkpt lat="51.763043515384197235107421875" lon="5.61757899820804595947265625">
        <ele>11.3999996185302734375</ele>
        <time>2025-03-10T10:34:06.000Z</time>
        <extensions>
          <ns3:TrackPointExtension>
            <ns3:hr>147</ns3:hr>
          </ns3:TrackPointExtension>
        </extensions>
      </trkpt>
      <trkpt lat="51.763046868145465850830078125" lon="5.61760506592690944671630859375">
        <ele>11</ele>
        <time>2025-03-10T10:34:09.000Z</time>
        <extensions>
          <ns3:TrackPointExtension>
            <ns3:hr>146</ns3:hr>
          </ns3:TrackPointExtension>
        </extensions>
      </trkpt>
      <trkpt lat="51.76305902190506458282470703125" lon="5.617640353739261627197265625">
        <ele>10.3999996185302734375</ele>
        <time>2025-03-10T10:34:13.000Z</time>
        <extensions>
          <ns3:TrackPointExtension>
            <ns3:hr>147</ns3:hr>
          </ns3:TrackPointExtension>
        </extensions>
      </trkpt>
      <trkpt lat="51.7630626261234283447265625" lon="5.61765049584209918975830078125">
        <ele>10.19999980926513671875</ele>
        <time>2025-03-10T10:34:17.000Z</time>
        <extensions>
          <ns3:TrackPointExtension>
            <ns3:hr>146</ns3:hr>
          </ns3:TrackPointExtension>
        </extensions>
      </trkpt>
      <trkpt lat="51.7630644701421260833740234375" lon="5.61764747835695743560791015625">
        <ele>10.80000019073486328125</ele>
        <time>2025-03-10T10:34:25.000Z</time>
        <extensions>
          <ns3:TrackPointExtension>
            <ns3:hr>143</ns3:hr>
          </ns3:TrackPointExtension>
        </extensions>
      </trkpt>
      <trkpt lat="51.76304996944963932037353515625" lon="5.61761529184877872467041015625">
        <ele>10.80000019073486328125</ele>
        <time>2025-03-10T10:34:34.000Z</time>
        <extensions>
          <ns3:TrackPointExtension>
            <ns3:hr>142</ns3:hr>
          </ns3:TrackPointExtension>
        </extensions>
      </trkpt>
      <trkpt lat="51.76306053064763545989990234375" lon="5.61760774813592433929443359375">
        <ele>10.80000019073486328125</ele>
        <time>2025-03-10T10:34:42.000Z</time>
        <extensions>
          <ns3:TrackPointExtension>
            <ns3:hr>142</ns3:hr>
          </ns3:TrackPointExtension>
        </extensions>
      </trkpt>
      <trkpt lat="51.7630751989781856536865234375" lon="5.6176026351749897003173828125">
        <ele>10.6000003814697265625</ele>
        <time>2025-03-10T10:34:50.000Z</time>
        <extensions>
          <ns3:TrackPointExtension>
            <ns3:hr>141</ns3:hr>
          </ns3:TrackPointExtension>
        </extensions>
      </trkpt>
      <trkpt lat="51.76307578571140766143798828125" lon="5.61761629767715930938720703125">
        <ele>10.3999996185302734375</ele>
        <time>2025-03-10T10:34:58.000Z</time>
        <extensions>
          <ns3:TrackPointExtension>
            <ns3:hr>140</ns3:hr>
          </ns3:TrackPointExtension>
        </extensions>
      </trkpt>
      <trkpt lat="51.7630668170750141143798828125" lon="5.61768100596964359283447265625">
        <ele>10.19999980926513671875</ele>
        <time>2025-03-10T10:35:03.000Z</time>
        <extensions>
          <ns3:TrackPointExtension>
            <ns3:hr>140</ns3:hr>
          </ns3:TrackPointExtension>
        </extensions>
      </trkpt>
      <trkpt lat="51.763087771832942962646484375" lon="5.61773749999701976776123046875">
        <ele>9.80000019073486328125</ele>
        <time>2025-03-10T10:35:10.000Z</time>
        <extensions>
          <ns3:TrackPointExtension>
            <ns3:hr>138</ns3:hr>
          </ns3:TrackPointExtension>
        </extensions>
      </trkpt>
      <trkpt lat="51.76309741102159023284912109375" lon="5.6177400983870029449462890625">
        <ele>9.3999996185302734375</ele>
        <time>2025-03-10T10:35:13.000Z</time>
        <extensions>
          <ns3:TrackPointExtension>
            <ns3:hr>137</ns3:hr>
          </ns3:TrackPointExtension>
        </extensions>
      </trkpt>
      <trkpt lat="51.76309942267835140228271484375" lon="5.61773615889251232147216796875">
        <ele>9.19999980926513671875</ele>
        <time>2025-03-10T10:35:14.000Z</time>
        <extensions>
          <ns3:TrackPointExtension>
            <ns3:hr>136</ns3:hr>
          </ns3:TrackPointExtension>
        </extensions>
      </trkpt>
      <trkpt lat="51.76310679875314235687255859375" lon="5.61773330904543399810791015625">
        <ele>9</ele>
        <time>2025-03-10T10:35:17.000Z</time>
        <extensions>
          <ns3:TrackPointExtension>
            <ns3:hr>137</ns3:hr>
          </ns3:TrackPointExtension>
        </extensions>
      </trkpt>
      <trkpt lat="51.76310914568603038787841796875" lon="5.6177431158721446990966796875">
        <ele>8.3999996185302734375</ele>
        <time>2025-03-10T10:35:23.000Z</time>
        <extensions>
          <ns3:TrackPointExtension>
            <ns3:hr>136</ns3:hr>
          </ns3:TrackPointExtension>
        </extensions>
      </trkpt>
      <trkpt lat="51.7631135880947113037109375" lon="5.61773263849318027496337890625">
        <ele>8.19999980926513671875</ele>
        <time>2025-03-10T10:35:29.000Z</time>
        <extensions>
          <ns3:TrackPointExtension>
            <ns3:hr>136</ns3:hr>
          </ns3:TrackPointExtension>
        </extensions>
      </trkpt>
      <trkpt lat="51.76311316899955272674560546875" lon="5.6177330575883388519287109375">
        <ele>8.19999980926513671875</ele>
        <time>2025-03-10T10:35:32.000Z</time>
        <extensions>
          <ns3:TrackPointExtension>
            <ns3:hr>140</ns3:hr>
          </ns3:TrackPointExtension>
        </extensions>
      </trkpt>
      <trkpt lat="51.76311769522726535797119140625" lon="5.61772241257131099700927734375">
        <ele>8.19999980926513671875</ele>
        <time>2025-03-10T10:35:40.000Z</time>
        <extensions>
          <ns3:TrackPointExtension>
            <ns3:hr>142</ns3:hr>
          </ns3:TrackPointExtension>
        </extensions>
      </trkpt>
      <trkpt lat="51.7631189525127410888671875" lon="5.61771520413458347320556640625">
        <ele>8.3999996185302734375</ele>
        <time>2025-03-10T10:35:47.000Z</time>
        <extensions>
          <ns3:TrackPointExtension>
            <ns3:hr>144</ns3:hr>
          </ns3:TrackPointExtension>
        </extensions>
      </trkpt>
      <trkpt lat="51.76318290643393993377685546875" lon="5.61777320690453052520751953125">
        <ele>8</ele>
        <time>2025-03-10T10:35:56.000Z</time>
        <extensions>
          <ns3:TrackPointExtension>
            <ns3:hr>145</ns3:hr>
          </ns3:TrackPointExtension>
        </extensions>
      </trkpt>
      <trkpt lat="51.7631865106523036956787109375" lon="5.61776809394359588623046875">
        <ele>7.599999904632568359375</ele>
        <time>2025-03-10T10:36:02.000Z</time>
        <extensions>
          <ns3:TrackPointExtension>
            <ns3:hr>146</ns3:hr>
          </ns3:TrackPointExtension>
        </extensions>
      </trkpt>
      <trkpt lat="51.76318357698619365692138671875" lon="5.61775091104209423065185546875">
        <ele>8</ele>
        <time>2025-03-10T10:36:07.000Z</time>
        <extensions>
          <ns3:TrackPointExtension>
            <ns3:hr>142</ns3:hr>
          </ns3:TrackPointExtension>
        </extensions>
      </trkpt>
      <trkpt lat="51.76318206824362277984619140625" lon="5.6177540123462677001953125">
        <ele>7.400000095367431640625</ele>
        <time>2025-03-10T10:36:12.000Z</time>
        <extensions>
          <ns3:TrackPointExtension>
            <ns3:hr>139</ns3:hr>
          </ns3:TrackPointExtension>
        </extensions>
      </trkpt>
      <trkpt lat="51.76318491809070110321044921875" lon="5.6177781522274017333984375">
        <ele>7.400000095367431640625</ele>
        <time>2025-03-10T10:36:23.000Z</time>
        <extensions>
          <ns3:TrackPointExtension>
            <ns3:hr>139</ns3:hr>
          </ns3:TrackPointExtension>
        </extensions>
      </trkpt>
      <trkpt lat="51.763187684118747711181640625" lon="5.6177915632724761962890625">
        <ele>7.400000095367431640625</ele>
        <time>2025-03-10T10:36:31.000Z</time>
        <extensions>
          <ns3:TrackPointExtension>
            <ns3:hr>139</ns3:hr>
          </ns3:TrackPointExtension>
        </extensions>
      </trkpt>
      <trkpt lat="51.7631737701594829559326171875" lon="5.61778678558766841888427734375">
        <ele>7.599999904632568359375</ele>
        <time>2025-03-10T10:36:37.000Z</time>
        <extensions>
          <ns3:TrackPointExtension>
            <ns3:hr>139</ns3:hr>
          </ns3:TrackPointExtension>
        </extensions>
      </trkpt>
      <trkpt lat="51.76317871548235416412353515625" lon="5.61786792241036891937255859375">
        <ele>7.19999980926513671875</ele>
        <time>2025-03-10T10:36:43.000Z</time>
        <extensions>
          <ns3:TrackPointExtension>
            <ns3:hr>143</ns3:hr>
          </ns3:TrackPointExtension>
        </extensions>
      </trkpt>
      <trkpt lat="51.7631858401000499725341796875" lon="5.6178839318454265594482421875">
        <ele>7</ele>
        <time>2025-03-10T10:36:44.000Z</time>
        <extensions>
          <ns3:TrackPointExtension>
            <ns3:hr>143</ns3:hr>
          </ns3:TrackPointExtension>
        </extensions>
      </trkpt>
      <trkpt lat="51.7631975747644901275634765625" lon="5.61790681444108486175537109375">
        <ele>6.80000019073486328125</ele>
        <time>2025-03-10T10:36:49.000Z</time>
        <extensions>
          <ns3:TrackPointExtension>
            <ns3:hr>144</ns3:hr>
          </ns3:TrackPointExtension>
        </extensions>
      </trkpt>
      <trkpt lat="51.76318508572876453399658203125" lon="5.61788049526512622833251953125">
        <ele>7.400000095367431640625</ele>
        <time>2025-03-10T10:36:56.000Z</time>
        <extensions>
          <ns3:TrackPointExtension>
            <ns3:hr>141</ns3:hr>
          </ns3:TrackPointExtension>
        </extensions>
      </trkpt>
      <trkpt lat="51.7631844989955425262451171875" lon="5.61788854189217090606689453125">
        <ele>7.400000095367431640625</ele>
        <time>2025-03-10T10:36:57.000Z</time>
        <extensions>
          <ns3:TrackPointExtension>
            <ns3:hr>141</ns3:hr>
          </ns3:TrackPointExtension>
        </extensions>
      </trkpt>
      <trkpt lat="51.76321215927600860595703125" lon="5.61791620217263698577880859375">
        <ele>6.80000019073486328125</ele>
        <time>2025-03-10T10:37:02.000Z</time>
        <extensions>
          <ns3:TrackPointExtension>
            <ns3:hr>141</ns3:hr>
          </ns3:TrackPointExtension>
        </extensions>
      </trkpt>
      <trkpt lat="51.7632351256906986236572265625" lon="5.61792232096195220947265625">
        <ele>7.400000095367431640625</ele>
        <time>2025-03-10T10:37:09.000Z</time>
        <extensions>
          <ns3:TrackPointExtension>
            <ns3:hr>141</ns3:hr>
          </ns3:TrackPointExtension>
        </extensions>
      </trkpt>
      <trkpt lat="51.7632404901087284088134765625" lon="5.6179419346153736114501953125">
        <ele>7.599999904632568359375</ele>
        <time>2025-03-10T10:37:17.000Z</time>
        <extensions>
          <ns3:TrackPointExtension>
            <ns3:hr>142</ns3:hr>
          </ns3:TrackPointExtension>
        </extensions>
      </trkpt>
      <trkpt lat="51.76323906518518924713134765625" lon="5.6179471313953399658203125">
        <ele>7</ele>
        <time>2025-03-10T10:37:26.000Z</time>
        <extensions>
          <ns3:TrackPointExtension>
            <ns3:hr>140</ns3:hr>
          </ns3:TrackPointExtension>
        </extensions>
      </trkpt>
      <trkpt lat="51.763239316642284393310546875" lon="5.6179419346153736114501953125">
        <ele>7</ele>
        <time>2025-03-10T10:37:33.000Z</time>
        <extensions>
          <ns3:TrackPointExtension>
            <ns3:hr>138</ns3:hr>
          </ns3:TrackPointExtension>
        </extensions>
      </trkpt>
      <trkpt lat="51.76323839463293552398681640625" lon="5.6179617159068584442138671875">
        <ele>7</ele>
        <time>2025-03-10T10:37:40.000Z</time>
        <extensions>
          <ns3:TrackPointExtension>
            <ns3:hr>135</ns3:hr>
          </ns3:TrackPointExtension>
        </extensions>
      </trkpt>
      <trkpt lat="51.763240657746791839599609375" lon="5.6179846823215484619140625">
        <ele>7</ele>
        <time>2025-03-10T10:37:42.000Z</time>
        <extensions>
          <ns3:TrackPointExtension>
            <ns3:hr>135</ns3:hr>
          </ns3:TrackPointExtension>
        </extensions>
      </trkpt>
      <trkpt lat="51.76322800107300281524658203125" lon="5.61806908808648586273193359375">
        <ele>7</ele>
        <time>2025-03-10T10:37:48.000Z</time>
        <extensions>
          <ns3:TrackPointExtension>
            <ns3:hr>134</ns3:hr>
          </ns3:TrackPointExtension>
        </extensions>
      </trkpt>
      <trkpt lat="51.76318726502358913421630859375" lon="5.61818894930183887481689453125">
        <ele>6.80000019073486328125</ele>
        <time>2025-03-10T10:37:55.000Z</time>
        <extensions>
          <ns3:TrackPointExtension>
            <ns3:hr>134</ns3:hr>
          </ns3:TrackPointExtension>
        </extensions>
      </trkpt>
      <trkpt lat="51.76319849677383899688720703125" lon="5.61827360652387142181396484375">
        <ele>6.599999904632568359375</ele>
        <time>2025-03-10T10:38:01.000Z</time>
        <extensions>
          <ns3:TrackPointExtension>
            <ns3:hr>134</ns3:hr>
          </ns3:TrackPointExtension>
        </extensions>
      </trkpt>
      <trkpt lat="51.76319816149771213531494140625" lon="5.61827092431485652923583984375">
        <ele>7.400000095367431640625</ele>
        <time>2025-03-10T10:38:08.000Z</time>
        <extensions>
          <ns3:TrackPointExtension>
            <ns3:hr>135</ns3:hr>
          </ns3:TrackPointExtension>
        </extensions>
      </trkpt>
      <trkpt lat="51.763195730745792388916015625" lon="5.61825692653656005859375">
        <ele>7.400000095367431640625</ele>
        <time>2025-03-10T10:38:10.000Z</time>
        <extensions>
          <ns3:TrackPointExtension>
            <ns3:hr>138</ns3:hr>
          </ns3:TrackPointExtension>
        </extensions>
      </trkpt>
      <trkpt lat="51.76319329999387264251708984375" lon="5.61825491487979888916015625">
        <ele>7.400000095367431640625</ele>
        <time>2025-03-10T10:38:11.000Z</time>
        <extensions>
          <ns3:TrackPointExtension>
            <ns3:hr>141</ns3:hr>
          </ns3:TrackPointExtension>
        </extensions>
      </trkpt>
      <trkpt lat="51.7631851695477962493896484375" lon="5.6182440184056758880615234375">
        <ele>7.400000095367431640625</ele>
        <time>2025-03-10T10:38:14.000Z</time>
        <extensions>
          <ns3:TrackPointExtension>
            <ns3:hr>144</ns3:hr>
          </ns3:TrackPointExtension>
        </extensions>
      </trkpt>
      <trkpt lat="51.76318575628101825714111328125" lon="5.61824426986277103424072265625">
        <ele>7.400000095367431640625</ele>
        <time>2025-03-10T10:38:15.000Z</time>
        <extensions>
          <ns3:TrackPointExtension>
            <ns3:hr>144</ns3:hr>
          </ns3:TrackPointExtension>
        </extensions>
      </trkpt>
      <trkpt lat="51.7631700821220874786376953125" lon="5.61822482384741306304931640625">
        <ele>7.19999980926513671875</ele>
        <time>2025-03-10T10:38:26.000Z</time>
        <extensions>
          <ns3:TrackPointExtension>
            <ns3:hr>145</ns3:hr>
          </ns3:TrackPointExtension>
        </extensions>
      </trkpt>
      <trkpt lat="51.7631610296666622161865234375" lon="5.6181863509118556976318359375">
        <ele>6.599999904632568359375</ele>
        <time>2025-03-10T10:38:35.000Z</time>
        <extensions>
          <ns3:TrackPointExtension>
            <ns3:hr>145</ns3:hr>
          </ns3:TrackPointExtension>
        </extensions>
      </trkpt>
      <trkpt lat="51.7631503008306026458740234375" lon="5.61812424100935459136962890625">
        <ele>6.80000019073486328125</ele>
        <time>2025-03-10T10:38:41.000Z</time>
        <extensions>
          <ns3:TrackPointExtension>
            <ns3:hr>144</ns3:hr>
          </ns3:TrackPointExtension>
        </extensions>
      </trkpt>
      <trkpt lat="51.7631430923938751220703125" lon="5.618029944598674774169921875">
        <ele>6.80000019073486328125</ele>
        <time>2025-03-10T10:38:47.000Z</time>
        <extensions>
          <ns3:TrackPointExtension>
            <ns3:hr>145</ns3:hr>
          </ns3:TrackPointExtension>
        </extensions>
      </trkpt>
      <trkpt lat="51.7631365545094013214111328125" lon="5.617960877716541290283203125">
        <ele>6.80000019073486328125</ele>
        <time>2025-03-10T10:38:53.000Z</time>
        <extensions>
          <ns3:TrackPointExtension>
            <ns3:hr>145</ns3:hr>
          </ns3:TrackPointExtension>
        </extensions>
      </trkpt>
      <trkpt lat="51.763136051595211029052734375" lon="5.617888458073139190673828125">
        <ele>7</ele>
        <time>2025-03-10T10:38:59.000Z</time>
        <extensions>
          <ns3:TrackPointExtension>
            <ns3:hr>146</ns3:hr>
          </ns3:TrackPointExtension>
        </extensions>
      </trkpt>
      <trkpt lat="51.76312708295881748199462890625" lon="5.61781310476362705230712890625">
        <ele>7.599999904632568359375</ele>
        <time>2025-03-10T10:39:04.000Z</time>
        <extensions>
          <ns3:TrackPointExtension>
            <ns3:hr>148</ns3:hr>
          </ns3:TrackPointExtension>
        </extensions>
      </trkpt>
      <trkpt lat="51.7631135880947113037109375" lon="5.617771111428737640380859375">
        <ele>8.19999980926513671875</ele>
        <time>2025-03-10T10:39:09.000Z</time>
        <extensions>
          <ns3:TrackPointExtension>
            <ns3:hr>150</ns3:hr>
          </ns3:TrackPointExtension>
        </extensions>
      </trkpt>
      <trkpt lat="51.76311048679053783416748046875" lon="5.61776046641170978546142578125">
        <ele>8.3999996185302734375</ele>
        <time>2025-03-10T10:39:10.000Z</time>
        <extensions>
          <ns3:TrackPointExtension>
            <ns3:hr>151</ns3:hr>
          </ns3:TrackPointExtension>
        </extensions>
      </trkpt>
      <trkpt lat="51.76309674046933650970458984375" lon="5.6177347339689731597900390625">
        <ele>9.19999980926513671875</ele>
        <time>2025-03-10T10:39:17.000Z</time>
        <extensions>
          <ns3:TrackPointExtension>
            <ns3:hr>156</ns3:hr>
          </ns3:TrackPointExtension>
        </extensions>
      </trkpt>
      <trkpt lat="51.76309506408870220184326171875" lon="5.61773263849318027496337890625">
        <ele>9.3999996185302734375</ele>
        <time>2025-03-10T10:39:18.000Z</time>
        <extensions>
          <ns3:TrackPointExtension>
            <ns3:hr>158</ns3:hr>
          </ns3:TrackPointExtension>
        </extensions>
      </trkpt>
      <trkpt lat="51.7630953155457973480224609375" lon="5.6177320517599582672119140625">
        <ele>9.3999996185302734375</ele>
        <time>2025-03-10T10:39:19.000Z</time>
        <extensions>
          <ns3:TrackPointExtension>
            <ns3:hr>158</ns3:hr>
          </ns3:TrackPointExtension>
        </extensions>
      </trkpt>
      <trkpt lat="51.76307176239788532257080078125" lon="5.61770916916429996490478515625">
        <ele>9.80000019073486328125</ele>
        <time>2025-03-10T10:39:27.000Z</time>
        <extensions>
          <ns3:TrackPointExtension>
            <ns3:hr>158</ns3:hr>
          </ns3:TrackPointExtension>
        </extensions>
      </trkpt>
      <trkpt lat="51.76306170411407947540283203125" lon="5.6176971830427646636962890625">
        <ele>10.3999996185302734375</ele>
        <time>2025-03-10T10:39:33.000Z</time>
        <extensions>
          <ns3:TrackPointExtension>
            <ns3:hr>160</ns3:hr>
          </ns3:TrackPointExtension>
        </extensions>
      </trkpt>
      <trkpt lat="51.76305952481925487518310546875" lon="5.6177008710801601409912109375">
        <ele>10.3999996185302734375</ele>
        <time>2025-03-10T10:39:34.000Z</time>
        <extensions>
          <ns3:TrackPointExtension>
            <ns3:hr>161</ns3:hr>
          </ns3:TrackPointExtension>
        </extensions>
      </trkpt>
      <trkpt lat="51.76304644905030727386474609375" lon="5.617679916322231292724609375">
        <ele>10.6000003814697265625</ele>
        <time>2025-03-10T10:39:37.000Z</time>
        <extensions>
          <ns3:TrackPointExtension>
            <ns3:hr>164</ns3:hr>
          </ns3:TrackPointExtension>
        </extensions>
      </trkpt>
      <trkpt lat="51.76304678432643413543701171875" lon="5.61765502206981182098388671875">
        <ele>10.80000019073486328125</ele>
        <time>2025-03-10T10:39:40.000Z</time>
        <extensions>
          <ns3:TrackPointExtension>
            <ns3:hr>164</ns3:hr>
          </ns3:TrackPointExtension>
        </extensions>
      </trkpt>
      <trkpt lat="51.763037480413913726806640625" lon="5.6176271103322505950927734375">
        <ele>11.3999996185302734375</ele>
        <time>2025-03-10T10:39:44.000Z</time>
        <extensions>
          <ns3:TrackPointExtension>
            <ns3:hr>164</ns3:hr>
          </ns3:TrackPointExtension>
        </extensions>
      </trkpt>
      <trkpt lat="51.763031780719757080078125" lon="5.61760070733726024627685546875">
        <ele>11.80000019073486328125</ele>
        <time>2025-03-10T10:39:47.000Z</time>
        <extensions>
          <ns3:TrackPointExtension>
            <ns3:hr>166</ns3:hr>
          </ns3:TrackPointExtension>
        </extensions>
      </trkpt>
      <trkpt lat="51.76301962696015834808349609375" lon="5.61758260242640972137451171875">
        <ele>12.3999996185302734375</ele>
        <time>2025-03-10T10:39:53.000Z</time>
        <extensions>
          <ns3:TrackPointExtension>
            <ns3:hr>169</ns3:hr>
          </ns3:TrackPointExtension>
        </extensions>
      </trkpt>
      <trkpt lat="51.76300118677318096160888671875" lon="5.6175340712070465087890625">
        <ele>13.19999980926513671875</ele>
        <time>2025-03-10T10:40:00.000Z</time>
        <extensions>
          <ns3:TrackPointExtension>
            <ns3:hr>170</ns3:hr>
          </ns3:TrackPointExtension>
        </extensions>
      </trkpt>
      <trkpt lat="51.76298811100423336029052734375" lon="5.61751998960971832275390625">
        <ele>13.6000003814697265625</ele>
        <time>2025-03-10T10:40:04.000Z</time>
        <extensions>
          <ns3:TrackPointExtension>
            <ns3:hr>171</ns3:hr>
          </ns3:TrackPointExtension>
        </extensions>
      </trkpt>
      <trkpt lat="51.762979142367839813232421875" lon="5.6175144575536251068115234375">
        <ele>13.80000019073486328125</ele>
        <time>2025-03-10T10:40:06.000Z</time>
        <extensions>
          <ns3:TrackPointExtension>
            <ns3:hr>171</ns3:hr>
          </ns3:TrackPointExtension>
        </extensions>
      </trkpt>
      <trkpt lat="51.76295391283929347991943359375" lon="5.6174976937472820281982421875">
        <ele>14.3999996185302734375</ele>
        <time>2025-03-10T10:40:13.000Z</time>
        <extensions>
          <ns3:TrackPointExtension>
            <ns3:hr>172</ns3:hr>
          </ns3:TrackPointExtension>
        </extensions>
      </trkpt>
      <trkpt lat="51.7629467882215976715087890625" lon="5.617498867213726043701171875">
        <ele>14.6000003814697265625</ele>
        <time>2025-03-10T10:40:16.000Z</time>
        <extensions>
          <ns3:TrackPointExtension>
            <ns3:hr>173</ns3:hr>
          </ns3:TrackPointExtension>
        </extensions>
      </trkpt>
      <trkpt lat="51.76295307464897632598876953125" lon="5.61751621775329113006591796875">
        <ele>14.80000019073486328125</ele>
        <time>2025-03-10T10:40:21.000Z</time>
        <extensions>
          <ns3:TrackPointExtension>
            <ns3:hr>174</ns3:hr>
          </ns3:TrackPointExtension>
        </extensions>
      </trkpt>
      <trkpt lat="51.762947626411914825439453125" lon="5.6175228394567966461181640625">
        <ele>14.80000019073486328125</ele>
        <time>2025-03-10T10:40:29.000Z</time>
        <extensions>
          <ns3:TrackPointExtension>
            <ns3:hr>175</ns3:hr>
          </ns3:TrackPointExtension>
        </extensions>
      </trkpt>
      <trkpt lat="51.7629772983491420745849609375" lon="5.61752057634294033050537109375">
        <ele>15.3999996185302734375</ele>
        <time>2025-03-10T10:40:37.000Z</time>
        <extensions>
          <ns3:TrackPointExtension>
            <ns3:hr>175</ns3:hr>
          </ns3:TrackPointExtension>
        </extensions>
      </trkpt>
      <trkpt lat="51.76300571300089359283447265625" lon="5.6175084225833415985107421875">
        <ele>15.3999996185302734375</ele>
        <time>2025-03-10T10:40:41.000Z</time>
        <extensions>
          <ns3:TrackPointExtension>
            <ns3:hr>171</ns3:hr>
          </ns3:TrackPointExtension>
        </extensions>
      </trkpt>
      <trkpt lat="51.76302683539688587188720703125" lon="5.61749878339469432830810546875">
        <ele>15.3999996185302734375</ele>
        <time>2025-03-10T10:40:45.000Z</time>
        <extensions>
          <ns3:TrackPointExtension>
            <ns3:hr>170</ns3:hr>
          </ns3:TrackPointExtension>
        </extensions>
      </trkpt>
      <trkpt lat="51.7630316130816936492919921875" lon="5.61749895103275775909423828125">
        <ele>15.80000019073486328125</ele>
        <time>2025-03-10T10:40:47.000Z</time>
        <extensions>
          <ns3:TrackPointExtension>
            <ns3:hr>170</ns3:hr>
          </ns3:TrackPointExtension>
        </extensions>
      </trkpt>
      <trkpt lat="51.76304980181157588958740234375" lon="5.61751755885779857635498046875">
        <ele>16</ele>
        <time>2025-03-10T10:40:54.000Z</time>
        <extensions>
          <ns3:TrackPointExtension>
            <ns3:hr>167</ns3:hr>
          </ns3:TrackPointExtension>
        </extensions>
      </trkpt>
      <trkpt lat="51.7630460299551486968994140625" lon="5.61751596629619598388671875">
        <ele>15.80000019073486328125</ele>
        <time>2025-03-10T10:40:57.000Z</time>
        <extensions>
          <ns3:TrackPointExtension>
            <ns3:hr>164</ns3:hr>
          </ns3:TrackPointExtension>
        </extensions>
      </trkpt>
      <trkpt lat="51.76303152926266193389892578125" lon="5.61753968708217144012451171875">
        <ele>15.3999996185302734375</ele>
        <time>2025-03-10T10:41:02.000Z</time>
        <extensions>
          <ns3:TrackPointExtension>
            <ns3:hr>161</ns3:hr>
          </ns3:TrackPointExtension>
        </extensions>
      </trkpt>
      <trkpt lat="51.7630081437528133392333984375" lon="5.61759098432958126068115234375">
        <ele>15.3999996185302734375</ele>
        <time>2025-03-10T10:41:06.000Z</time>
        <extensions>
          <ns3:TrackPointExtension>
            <ns3:hr>157</ns3:hr>
          </ns3:TrackPointExtension>
        </extensions>
      </trkpt>
      <trkpt lat="51.762985177338123321533203125" lon="5.6176592968404293060302734375">
        <ele>15.6000003814697265625</ele>
        <time>2025-03-10T10:41:12.000Z</time>
        <extensions>
          <ns3:TrackPointExtension>
            <ns3:hr>158</ns3:hr>
          </ns3:TrackPointExtension>
        </extensions>
      </trkpt>
      <trkpt lat="51.76296539604663848876953125" lon="5.61769642867147922515869140625">
        <ele>15.80000019073486328125</ele>
        <time>2025-03-10T10:41:18.000Z</time>
        <extensions>
          <ns3:TrackPointExtension>
            <ns3:hr>158</ns3:hr>
          </ns3:TrackPointExtension>
        </extensions>
      </trkpt>
      <trkpt lat="51.762953661382198333740234375" lon="5.61770497821271419525146484375">
        <ele>16.6000003814697265625</ele>
        <time>2025-03-10T10:41:24.000Z</time>
        <extensions>
          <ns3:TrackPointExtension>
            <ns3:hr>155</ns3:hr>
          </ns3:TrackPointExtension>
        </extensions>
      </trkpt>
      <trkpt lat="51.762939579784870147705078125" lon="5.617718137800693511962890625">
        <ele>16.6000003814697265625</ele>
        <time>2025-03-10T10:41:28.000Z</time>
        <extensions>
          <ns3:TrackPointExtension>
            <ns3:hr>155</ns3:hr>
          </ns3:TrackPointExtension>
        </extensions>
      </trkpt>
      <trkpt lat="51.76291116513311862945556640625" lon="5.61771369539201259613037109375">
        <ele>16.6000003814697265625</ele>
        <time>2025-03-10T10:41:34.000Z</time>
        <extensions>
          <ns3:TrackPointExtension>
            <ns3:hr>152</ns3:hr>
          </ns3:TrackPointExtension>
        </extensions>
      </trkpt>
      <trkpt lat="51.76290479488670825958251953125" lon="5.61770816333591938018798828125">
        <ele>16.6000003814697265625</ele>
        <time>2025-03-10T10:41:38.000Z</time>
        <extensions>
          <ns3:TrackPointExtension>
            <ns3:hr>150</ns3:hr>
          </ns3:TrackPointExtension>
        </extensions>
      </trkpt>
      <trkpt lat="51.7629021964967250823974609375" lon="5.61768569983541965484619140625">
        <ele>16.3999996185302734375</ele>
        <time>2025-03-10T10:41:43.000Z</time>
        <extensions>
          <ns3:TrackPointExtension>
            <ns3:hr>147</ns3:hr>
          </ns3:TrackPointExtension>
        </extensions>
      </trkpt>
      <trkpt lat="51.7629082314670085906982421875" lon="5.61765812337398529052734375">
        <ele>16.3999996185302734375</ele>
        <time>2025-03-10T10:41:46.000Z</time>
        <extensions>
          <ns3:TrackPointExtension>
            <ns3:hr>146</ns3:hr>
          </ns3:TrackPointExtension>
        </extensions>
      </trkpt>
      <trkpt lat="51.76289540715515613555908203125" lon="5.61773565597832202911376953125">
        <ele>16</ele>
        <time>2025-03-10T10:41:51.000Z</time>
        <extensions>
          <ns3:TrackPointExtension>
            <ns3:hr>145</ns3:hr>
          </ns3:TrackPointExtension>
        </extensions>
      </trkpt>
      <trkpt lat="51.762902699410915374755859375" lon="5.61782299540936946868896484375">
        <ele>15.3999996185302734375</ele>
        <time>2025-03-10T10:41:56.000Z</time>
        <extensions>
          <ns3:TrackPointExtension>
            <ns3:hr>146</ns3:hr>
          </ns3:TrackPointExtension>
        </extensions>
      </trkpt>
      <trkpt lat="51.762906052172183990478515625" lon="5.6178825907409191131591796875">
        <ele>15.3999996185302734375</ele>
        <time>2025-03-10T10:42:01.000Z</time>
        <extensions>
          <ns3:TrackPointExtension>
            <ns3:hr>146</ns3:hr>
          </ns3:TrackPointExtension>
        </extensions>
      </trkpt>
      <trkpt lat="51.76289658062160015106201171875" lon="5.6178939901292324066162109375">
        <ele>15.3999996185302734375</ele>
        <time>2025-03-10T10:42:02.000Z</time>
        <extensions>
          <ns3:TrackPointExtension>
            <ns3:hr>146</ns3:hr>
          </ns3:TrackPointExtension>
        </extensions>
      </trkpt>
      <trkpt lat="51.76288216374814510345458984375" lon="5.61796045862138271331787109375">
        <ele>15.3999996185302734375</ele>
        <time>2025-03-10T10:42:06.000Z</time>
        <extensions>
          <ns3:TrackPointExtension>
            <ns3:hr>146</ns3:hr>
          </ns3:TrackPointExtension>
        </extensions>
      </trkpt>
      <trkpt lat="51.7628609575331211090087890625" lon="5.61803304590284824371337890625">
        <ele>15.19999980926513671875</ele>
        <time>2025-03-10T10:42:13.000Z</time>
        <extensions>
          <ns3:TrackPointExtension>
            <ns3:hr>146</ns3:hr>
          </ns3:TrackPointExtension>
        </extensions>
      </trkpt>
      <trkpt lat="51.76284092478454113006591796875" lon="5.61810244806110858917236328125">
        <ele>15</ele>
        <time>2025-03-10T10:42:17.000Z</time>
        <extensions>
          <ns3:TrackPointExtension>
            <ns3:hr>149</ns3:hr>
          </ns3:TrackPointExtension>
        </extensions>
      </trkpt>
      <trkpt lat="51.76283187232911586761474609375" lon="5.61814234592020511627197265625">
        <ele>14.80000019073486328125</ele>
        <time>2025-03-10T10:42:19.000Z</time>
        <extensions>
          <ns3:TrackPointExtension>
            <ns3:hr>150</ns3:hr>
          </ns3:TrackPointExtension>
        </extensions>
      </trkpt>
      <trkpt lat="51.762833297252655029296875" lon="5.61816682107746601104736328125">
        <ele>14.6000003814697265625</ele>
        <time>2025-03-10T10:42:21.000Z</time>
        <extensions>
          <ns3:TrackPointExtension>
            <ns3:hr>150</ns3:hr>
          </ns3:TrackPointExtension>
        </extensions>
      </trkpt>
      <trkpt lat="51.7628358118236064910888671875" lon="5.618241168558597564697265625">
        <ele>14.19999980926513671875</ele>
        <time>2025-03-10T10:42:26.000Z</time>
        <extensions>
          <ns3:TrackPointExtension>
            <ns3:hr>149</ns3:hr>
          </ns3:TrackPointExtension>
        </extensions>
      </trkpt>
      <trkpt lat="51.762828938663005828857421875" lon="5.61827444471418857574462890625">
        <ele>14.80000019073486328125</ele>
        <time>2025-03-10T10:42:32.000Z</time>
        <extensions>
          <ns3:TrackPointExtension>
            <ns3:hr>149</ns3:hr>
          </ns3:TrackPointExtension>
        </extensions>
      </trkpt>
      <trkpt lat="51.76281116902828216552734375" lon="5.61832062900066375732421875">
        <ele>15.19999980926513671875</ele>
        <time>2025-03-10T10:42:37.000Z</time>
        <extensions>
          <ns3:TrackPointExtension>
            <ns3:hr>152</ns3:hr>
          </ns3:TrackPointExtension>
        </extensions>
      </trkpt>
      <trkpt lat="51.76280756480991840362548828125" lon="5.61834208667278289794921875">
        <ele>15.19999980926513671875</ele>
        <time>2025-03-10T10:42:38.000Z</time>
        <extensions>
          <ns3:TrackPointExtension>
            <ns3:hr>152</ns3:hr>
          </ns3:TrackPointExtension>
        </extensions>
      </trkpt>
      <trkpt lat="51.76280572079122066497802734375" lon="5.618401430547237396240234375">
        <ele>14.80000019073486328125</ele>
        <time>2025-03-10T10:42:45.000Z</time>
        <extensions>
          <ns3:TrackPointExtension>
            <ns3:hr>153</ns3:hr>
          </ns3:TrackPointExtension>
        </extensions>
      </trkpt>
      <trkpt lat="51.7628024518489837646484375" lon="5.61846957542002201080322265625">
        <ele>14.3999996185302734375</ele>
        <time>2025-03-10T10:42:53.000Z</time>
        <extensions>
          <ns3:TrackPointExtension>
            <ns3:hr>151</ns3:hr>
          </ns3:TrackPointExtension>
        </extensions>
      </trkpt>
      <trkpt lat="51.76277068443596363067626953125" lon="5.618548952043056488037109375">
        <ele>15</ele>
        <time>2025-03-10T10:42:59.000Z</time>
        <extensions>
          <ns3:TrackPointExtension>
            <ns3:hr>151</ns3:hr>
          </ns3:TrackPointExtension>
        </extensions>
      </trkpt>
      <trkpt lat="51.762763559818267822265625" lon="5.61855758540332317352294921875">
        <ele>14.80000019073486328125</ele>
        <time>2025-03-10T10:43:00.000Z</time>
        <extensions>
          <ns3:TrackPointExtension>
            <ns3:hr>151</ns3:hr>
          </ns3:TrackPointExtension>
        </extensions>
      </trkpt>
      <trkpt lat="51.762751154601573944091796875" lon="5.61856362037360668182373046875">
        <ele>14.6000003814697265625</ele>
        <time>2025-03-10T10:43:02.000Z</time>
        <extensions>
          <ns3:TrackPointExtension>
            <ns3:hr>156</ns3:hr>
          </ns3:TrackPointExtension>
        </extensions>
      </trkpt>
      <trkpt lat="51.7627194710075855255126953125" lon="5.61860561370849609375">
        <ele>14.80000019073486328125</ele>
        <time>2025-03-10T10:43:06.000Z</time>
        <extensions>
          <ns3:TrackPointExtension>
            <ns3:hr>156</ns3:hr>
          </ns3:TrackPointExtension>
        </extensions>
      </trkpt>
      <trkpt lat="51.76269977353513240814208984375" lon="5.61862279660999774932861328125">
        <ele>14.80000019073486328125</ele>
        <time>2025-03-10T10:43:08.000Z</time>
        <extensions>
          <ns3:TrackPointExtension>
            <ns3:hr>149</ns3:hr>
          </ns3:TrackPointExtension>
        </extensions>
      </trkpt>
      <trkpt lat="51.7626916430890560150146484375" lon="5.61863034032285213470458984375">
        <ele>14.80000019073486328125</ele>
        <time>2025-03-10T10:43:09.000Z</time>
        <extensions>
          <ns3:TrackPointExtension>
            <ns3:hr>149</ns3:hr>
          </ns3:TrackPointExtension>
        </extensions>
      </trkpt>
      <trkpt lat="51.7626554332673549652099609375" lon="5.61865800060331821441650390625">
        <ele>14.80000019073486328125</ele>
        <time>2025-03-10T10:43:12.000Z</time>
        <extensions>
          <ns3:TrackPointExtension>
            <ns3:hr>152</ns3:hr>
          </ns3:TrackPointExtension>
        </extensions>
      </trkpt>
      <trkpt lat="51.7626420222222805023193359375" lon="5.618666298687458038330078125">
        <ele>14.80000019073486328125</ele>
        <time>2025-03-10T10:43:13.000Z</time>
        <extensions>
          <ns3:TrackPointExtension>
            <ns3:hr>152</ns3:hr>
          </ns3:TrackPointExtension>
        </extensions>
      </trkpt>
      <trkpt lat="51.762612350285053253173828125" lon="5.6186872534453868865966796875">
        <ele>15.19999980926513671875</ele>
        <time>2025-03-10T10:43:17.000Z</time>
        <extensions>
          <ns3:TrackPointExtension>
            <ns3:hr>153</ns3:hr>
          </ns3:TrackPointExtension>
        </extensions>
      </trkpt>
      <trkpt lat="51.76259600557386875152587890625" lon="5.6186906062066555023193359375">
        <ele>15.19999980926513671875</ele>
        <time>2025-03-10T10:43:19.000Z</time>
        <extensions>
          <ns3:TrackPointExtension>
            <ns3:hr>153</ns3:hr>
          </ns3:TrackPointExtension>
        </extensions>
      </trkpt>
      <trkpt lat="51.76254940219223499298095703125" lon="5.6187026761472225189208984375">
        <ele>15.80000019073486328125</ele>
        <time>2025-03-10T10:43:24.000Z</time>
        <extensions>
          <ns3:TrackPointExtension>
            <ns3:hr>154</ns3:hr>
          </ns3:TrackPointExtension>
        </extensions>
      </trkpt>
      <trkpt lat="51.7625421099364757537841796875" lon="5.61870292760431766510009765625">
        <ele>15.80000019073486328125</ele>
        <time>2025-03-10T10:43:25.000Z</time>
        <extensions>
          <ns3:TrackPointExtension>
            <ns3:hr>155</ns3:hr>
          </ns3:TrackPointExtension>
        </extensions>
      </trkpt>
      <trkpt lat="51.76253431476652622222900390625" lon="5.6187170930206775665283203125">
        <ele>15.80000019073486328125</ele>
        <time>2025-03-10T10:43:26.000Z</time>
        <extensions>
          <ns3:TrackPointExtension>
            <ns3:hr>155</ns3:hr>
          </ns3:TrackPointExtension>
        </extensions>
      </trkpt>
      <trkpt lat="51.76252325065433979034423828125" lon="5.61872405000030994415283203125">
        <ele>15.3999996185302734375</ele>
        <time>2025-03-10T10:43:27.000Z</time>
        <extensions>
          <ns3:TrackPointExtension>
            <ns3:hr>156</ns3:hr>
          </ns3:TrackPointExtension>
        </extensions>
      </trkpt>
      <trkpt lat="51.76248972304165363311767578125" lon="5.6187305040657520294189453125">
        <ele>15</ele>
        <time>2025-03-10T10:43:31.000Z</time>
        <extensions>
          <ns3:TrackPointExtension>
            <ns3:hr>158</ns3:hr>
          </ns3:TrackPointExtension>
        </extensions>
      </trkpt>
      <trkpt lat="51.76247312687337398529052734375" lon="5.618703179061412811279296875">
        <ele>15</ele>
        <time>2025-03-10T10:43:35.000Z</time>
        <extensions>
          <ns3:TrackPointExtension>
            <ns3:hr>158</ns3:hr>
          </ns3:TrackPointExtension>
        </extensions>
      </trkpt>
      <trkpt lat="51.762460134923458099365234375" lon="5.61869136057794094085693359375">
        <ele>15.6000003814697265625</ele>
        <time>2025-03-10T10:43:41.000Z</time>
        <extensions>
          <ns3:TrackPointExtension>
            <ns3:hr>157</ns3:hr>
          </ns3:TrackPointExtension>
        </extensions>
      </trkpt>
      <trkpt lat="51.7624566145241260528564453125" lon="5.6186771951615810394287109375">
        <ele>15.19999980926513671875</ele>
        <time>2025-03-10T10:43:48.000Z</time>
        <extensions>
          <ns3:TrackPointExtension>
            <ns3:hr>152</ns3:hr>
          </ns3:TrackPointExtension>
        </extensions>
      </trkpt>
      <trkpt lat="51.7624556086957454681396484375" lon="5.61867577023804187774658203125">
        <ele>15.19999980926513671875</ele>
        <time>2025-03-10T10:43:49.000Z</time>
        <extensions>
          <ns3:TrackPointExtension>
            <ns3:hr>152</ns3:hr>
          </ns3:TrackPointExtension>
        </extensions>
      </trkpt>
      <trkpt lat="51.7624338157474994659423828125" lon="5.61865531839430332183837890625">
        <ele>15.3999996185302734375</ele>
        <time>2025-03-10T10:43:55.000Z</time>
        <extensions>
          <ns3:TrackPointExtension>
            <ns3:hr>150</ns3:hr>
          </ns3:TrackPointExtension>
        </extensions>
      </trkpt>
      <trkpt lat="51.76239450462162494659423828125" lon="5.61862061731517314910888671875">
        <ele>15.80000019073486328125</ele>
        <time>2025-03-10T10:44:01.000Z</time>
        <extensions>
          <ns3:TrackPointExtension>
            <ns3:hr>152</ns3:hr>
          </ns3:TrackPointExtension>
        </extensions>
      </trkpt>
      <trkpt lat="51.7623704485595226287841796875" lon="5.6185923703014850616455078125">
        <ele>16.200000762939453125</ele>
        <time>2025-03-10T10:44:06.000Z</time>
        <extensions>
          <ns3:TrackPointExtension>
            <ns3:hr>153</ns3:hr>
          </ns3:TrackPointExtension>
        </extensions>
      </trkpt>
      <trkpt lat="51.7623432911932468414306640625" lon="5.6185863353312015533447265625">
        <ele>16.3999996185302734375</ele>
        <time>2025-03-10T10:44:11.000Z</time>
        <extensions>
          <ns3:TrackPointExtension>
            <ns3:hr>154</ns3:hr>
          </ns3:TrackPointExtension>
        </extensions>
      </trkpt>
      <trkpt lat="51.7622955143451690673828125" lon="5.6185640394687652587890625">
        <ele>16.799999237060546875</ele>
        <time>2025-03-10T10:44:16.000Z</time>
        <extensions>
          <ns3:TrackPointExtension>
            <ns3:hr>154</ns3:hr>
          </ns3:TrackPointExtension>
        </extensions>
      </trkpt>
      <trkpt lat="51.76228470169007778167724609375" lon="5.6185645423829555511474609375">
        <ele>16.799999237060546875</ele>
        <time>2025-03-10T10:44:17.000Z</time>
        <extensions>
          <ns3:TrackPointExtension>
            <ns3:hr>154</ns3:hr>
          </ns3:TrackPointExtension>
        </extensions>
      </trkpt>
      <trkpt lat="51.762252934277057647705078125" lon="5.61853629536926746368408203125">
        <ele>17.799999237060546875</ele>
        <time>2025-03-10T10:44:23.000Z</time>
        <extensions>
          <ns3:TrackPointExtension>
            <ns3:hr>153</ns3:hr>
          </ns3:TrackPointExtension>
        </extensions>
      </trkpt>
      <trkpt lat="51.762248910963535308837890625" lon="5.61853579245507717132568359375">
        <ele>17.799999237060546875</ele>
        <time>2025-03-10T10:44:24.000Z</time>
        <extensions>
          <ns3:TrackPointExtension>
            <ns3:hr>153</ns3:hr>
          </ns3:TrackPointExtension>
        </extensions>
      </trkpt>
      <trkpt lat="51.76224119961261749267578125" lon="5.618517436087131500244140625">
        <ele>18</ele>
        <time>2025-03-10T10:44:32.000Z</time>
        <extensions>
          <ns3:TrackPointExtension>
            <ns3:hr>154</ns3:hr>
          </ns3:TrackPointExtension>
        </extensions>
      </trkpt>
      <trkpt lat="51.76223323680460453033447265625" lon="5.61853654682636260986328125">
        <ele>17.799999237060546875</ele>
        <time>2025-03-10T10:44:37.000Z</time>
        <extensions>
          <ns3:TrackPointExtension>
            <ns3:hr>153</ns3:hr>
          </ns3:TrackPointExtension>
        </extensions>
      </trkpt>
      <trkpt lat="51.76223591901361942291259765625" lon="5.61856898479163646697998046875">
        <ele>17.799999237060546875</ele>
        <time>2025-03-10T10:44:44.000Z</time>
        <extensions>
          <ns3:TrackPointExtension>
            <ns3:hr>154</ns3:hr>
          </ns3:TrackPointExtension>
        </extensions>
      </trkpt>
      <trkpt lat="51.76219291985034942626953125" lon="5.61858507804572582244873046875">
        <ele>17</ele>
        <time>2025-03-10T10:44:50.000Z</time>
        <extensions>
          <ns3:TrackPointExtension>
            <ns3:hr>155</ns3:hr>
          </ns3:TrackPointExtension>
        </extensions>
      </trkpt>
      <trkpt lat="51.7621828615665435791015625" lon="5.61857988126575946807861328125">
        <ele>16.799999237060546875</ele>
        <time>2025-03-10T10:44:51.000Z</time>
        <extensions>
          <ns3:TrackPointExtension>
            <ns3:hr>155</ns3:hr>
          </ns3:TrackPointExtension>
        </extensions>
      </trkpt>
      <trkpt lat="51.7621645890176296234130859375" lon="5.61856630258262157440185546875">
        <ele>16.6000003814697265625</ele>
        <time>2025-03-10T10:44:55.000Z</time>
        <extensions>
          <ns3:TrackPointExtension>
            <ns3:hr>155</ns3:hr>
          </ns3:TrackPointExtension>
        </extensions>
      </trkpt>
      <trkpt lat="51.76216551102697849273681640625" lon="5.618571080267429351806640625">
        <ele>16.6000003814697265625</ele>
        <time>2025-03-10T10:44:58.000Z</time>
        <extensions>
          <ns3:TrackPointExtension>
            <ns3:hr>152</ns3:hr>
          </ns3:TrackPointExtension>
        </extensions>
      </trkpt>
      <trkpt lat="51.7621444724500179290771484375" lon="5.618547610938549041748046875">
        <ele>16.6000003814697265625</ele>
        <time>2025-03-10T10:45:02.000Z</time>
        <extensions>
          <ns3:TrackPointExtension>
            <ns3:hr>149</ns3:hr>
          </ns3:TrackPointExtension>
        </extensions>
      </trkpt>
      <trkpt lat="51.762075237929821014404296875" lon="5.61853344552218914031982421875">
        <ele>16.799999237060546875</ele>
        <time>2025-03-10T10:45:09.000Z</time>
        <extensions>
          <ns3:TrackPointExtension>
            <ns3:hr>148</ns3:hr>
          </ns3:TrackPointExtension>
        </extensions>
      </trkpt>
      <trkpt lat="51.7620425485074520111083984375" lon="5.61852850019931793212890625">
        <ele>16.6000003814697265625</ele>
        <time>2025-03-10T10:45:14.000Z</time>
        <extensions>
          <ns3:TrackPointExtension>
            <ns3:hr>148</ns3:hr>
          </ns3:TrackPointExtension>
        </extensions>
      </trkpt>
      <trkpt lat="51.76200927235186100006103515625" lon="5.6185266561806201934814453125">
        <ele>16.6000003814697265625</ele>
        <time>2025-03-10T10:45:22.000Z</time>
        <extensions>
          <ns3:TrackPointExtension>
            <ns3:hr>147</ns3:hr>
          </ns3:TrackPointExtension>
        </extensions>
      </trkpt>
      <trkpt lat="51.76197021268308162689208984375" lon="5.6185316853225231170654296875">
        <ele>16</ele>
        <time>2025-03-10T10:45:27.000Z</time>
        <extensions>
          <ns3:TrackPointExtension>
            <ns3:hr>146</ns3:hr>
          </ns3:TrackPointExtension>
        </extensions>
      </trkpt>
      <trkpt lat="51.7619240283966064453125" lon="5.6185211241245269775390625">
        <ele>15.80000019073486328125</ele>
        <time>2025-03-10T10:45:31.000Z</time>
        <extensions>
          <ns3:TrackPointExtension>
            <ns3:hr>146</ns3:hr>
          </ns3:TrackPointExtension>
        </extensions>
      </trkpt>
      <trkpt lat="51.76189242862164974212646484375" lon="5.61850570142269134521484375">
        <ele>15.6000003814697265625</ele>
        <time>2025-03-10T10:45:33.000Z</time>
        <extensions>
          <ns3:TrackPointExtension>
            <ns3:hr>145</ns3:hr>
          </ns3:TrackPointExtension>
        </extensions>
      </trkpt>
      <trkpt lat="51.761857308447360992431640625" lon="5.618496648967266082763671875">
        <ele>15.6000003814697265625</ele>
        <time>2025-03-10T10:45:38.000Z</time>
        <extensions>
          <ns3:TrackPointExtension>
            <ns3:hr>147</ns3:hr>
          </ns3:TrackPointExtension>
        </extensions>
      </trkpt>
      <trkpt lat="51.76180559210479259490966796875" lon="5.6184606067836284637451171875">
        <ele>15</ele>
        <time>2025-03-10T10:45:44.000Z</time>
        <extensions>
          <ns3:TrackPointExtension>
            <ns3:hr>147</ns3:hr>
          </ns3:TrackPointExtension>
        </extensions>
      </trkpt>
      <trkpt lat="51.7617733217775821685791015625" lon="5.6184257380664348602294921875">
        <ele>14.80000019073486328125</ele>
        <time>2025-03-10T10:45:48.000Z</time>
        <extensions>
          <ns3:TrackPointExtension>
            <ns3:hr>148</ns3:hr>
          </ns3:TrackPointExtension>
        </extensions>
      </trkpt>
      <trkpt lat="51.7617644369602203369140625" lon="5.61839145608246326446533203125">
        <ele>14.6000003814697265625</ele>
        <time>2025-03-10T10:45:51.000Z</time>
        <extensions>
          <ns3:TrackPointExtension>
            <ns3:hr>149</ns3:hr>
          </ns3:TrackPointExtension>
        </extensions>
      </trkpt>
      <trkpt lat="51.7617538757622241973876953125" lon="5.61836144886910915374755859375">
        <ele>14.6000003814697265625</ele>
        <time>2025-03-10T10:45:52.000Z</time>
        <extensions>
          <ns3:TrackPointExtension>
            <ns3:hr>149</ns3:hr>
          </ns3:TrackPointExtension>
        </extensions>
      </trkpt>
      <trkpt lat="51.7617270536720752716064453125" lon="5.61829372309148311614990234375">
        <ele>14.3999996185302734375</ele>
        <time>2025-03-10T10:45:57.000Z</time>
        <extensions>
          <ns3:TrackPointExtension>
            <ns3:hr>149</ns3:hr>
          </ns3:TrackPointExtension>
        </extensions>
      </trkpt>
      <trkpt lat="51.76171724684536457061767578125" lon="5.61828182078897953033447265625">
        <ele>14.6000003814697265625</ele>
        <time>2025-03-10T10:46:01.000Z</time>
        <extensions>
          <ns3:TrackPointExtension>
            <ns3:hr>145</ns3:hr>
          </ns3:TrackPointExtension>
        </extensions>
      </trkpt>
      <trkpt lat="51.76170903258025646209716796875" lon="5.618281401693820953369140625">
        <ele>14.80000019073486328125</ele>
        <time>2025-03-10T10:46:03.000Z</time>
        <extensions>
          <ns3:TrackPointExtension>
            <ns3:hr>143</ns3:hr>
          </ns3:TrackPointExtension>
        </extensions>
      </trkpt>
      <trkpt lat="51.76170484162867069244384765625" lon="5.6182762049138545989990234375">
        <ele>14.80000019073486328125</ele>
        <time>2025-03-10T10:46:04.000Z</time>
        <extensions>
          <ns3:TrackPointExtension>
            <ns3:hr>143</ns3:hr>
          </ns3:TrackPointExtension>
        </extensions>
      </trkpt>
      <trkpt lat="51.761654131114482879638671875" lon="5.6182544119656085968017578125">
        <ele>15</ele>
        <time>2025-03-10T10:46:12.000Z</time>
        <extensions>
          <ns3:TrackPointExtension>
            <ns3:hr>142</ns3:hr>
          </ns3:TrackPointExtension>
        </extensions>
      </trkpt>
      <trkpt lat="51.7616237886250019073486328125" lon="5.61822935007512569427490234375">
        <ele>15.80000019073486328125</ele>
        <time>2025-03-10T10:46:17.000Z</time>
        <extensions>
          <ns3:TrackPointExtension>
            <ns3:hr>144</ns3:hr>
          </ns3:TrackPointExtension>
        </extensions>
      </trkpt>
      <trkpt lat="51.7616144008934497833251953125" lon="5.61822096817195415496826171875">
        <ele>15.80000019073486328125</ele>
        <time>2025-03-10T10:46:18.000Z</time>
        <extensions>
          <ns3:TrackPointExtension>
            <ns3:hr>144</ns3:hr>
          </ns3:TrackPointExtension>
        </extensions>
      </trkpt>
      <trkpt lat="51.76159068010747432708740234375" lon="5.61820655129849910736083984375">
        <ele>16</ele>
        <time>2025-03-10T10:46:21.000Z</time>
        <extensions>
          <ns3:TrackPointExtension>
            <ns3:hr>153</ns3:hr>
          </ns3:TrackPointExtension>
        </extensions>
      </trkpt>
      <trkpt lat="51.76158715970814228057861328125" lon="5.61820202507078647613525390625">
        <ele>16.200000762939453125</ele>
        <time>2025-03-10T10:46:22.000Z</time>
        <extensions>
          <ns3:TrackPointExtension>
            <ns3:hr>156</ns3:hr>
          </ns3:TrackPointExtension>
        </extensions>
      </trkpt>
      <trkpt lat="51.76156989298760890960693359375" lon="5.6181900389492511749267578125">
        <ele>16.3999996185302734375</ele>
        <time>2025-03-10T10:46:24.000Z</time>
        <extensions>
          <ns3:TrackPointExtension>
            <ns3:hr>156</ns3:hr>
          </ns3:TrackPointExtension>
        </extensions>
      </trkpt>
      <trkpt lat="51.761514656245708465576171875" lon="5.61819196678698062896728515625">
        <ele>16.3999996185302734375</ele>
        <time>2025-03-10T10:46:31.000Z</time>
        <extensions>
          <ns3:TrackPointExtension>
            <ns3:hr>155</ns3:hr>
          </ns3:TrackPointExtension>
        </extensions>
      </trkpt>
      <trkpt lat="51.761459670960903167724609375" lon="5.61817537061870098114013671875">
        <ele>16.3999996185302734375</ele>
        <time>2025-03-10T10:46:38.000Z</time>
        <extensions>
          <ns3:TrackPointExtension>
            <ns3:hr>155</ns3:hr>
          </ns3:TrackPointExtension>
        </extensions>
      </trkpt>
      <trkpt lat="51.7614175938069820404052734375" lon="5.61817386187613010406494140625">
        <ele>16.3999996185302734375</ele>
        <time>2025-03-10T10:46:43.000Z</time>
        <extensions>
          <ns3:TrackPointExtension>
            <ns3:hr>155</ns3:hr>
          </ns3:TrackPointExtension>
        </extensions>
      </trkpt>
      <trkpt lat="51.761359758675098419189453125" lon="5.618166066706180572509765625">
        <ele>16.6000003814697265625</ele>
        <time>2025-03-10T10:46:49.000Z</time>
        <extensions>
          <ns3:TrackPointExtension>
            <ns3:hr>156</ns3:hr>
          </ns3:TrackPointExtension>
        </extensions>
      </trkpt>
      <trkpt lat="51.761331595480442047119140625" lon="5.61813228763639926910400390625">
        <ele>16.799999237060546875</ele>
        <time>2025-03-10T10:46:55.000Z</time>
        <extensions>
          <ns3:TrackPointExtension>
            <ns3:hr>156</ns3:hr>
          </ns3:TrackPointExtension>
        </extensions>
      </trkpt>
      <trkpt lat="51.7612995766103267669677734375" lon="5.61812424100935459136962890625">
        <ele>16.799999237060546875</ele>
        <time>2025-03-10T10:47:00.000Z</time>
        <extensions>
          <ns3:TrackPointExtension>
            <ns3:hr>157</ns3:hr>
          </ns3:TrackPointExtension>
        </extensions>
      </trkpt>
      <trkpt lat="51.76124199293553829193115234375" lon="5.6180892884731292724609375">
        <ele>16.6000003814697265625</ele>
        <time>2025-03-10T10:47:06.000Z</time>
        <extensions>
          <ns3:TrackPointExtension>
            <ns3:hr>156</ns3:hr>
          </ns3:TrackPointExtension>
        </extensions>
      </trkpt>
      <trkpt lat="51.76120410673320293426513671875" lon="5.6180840916931629180908203125">
        <ele>16.799999237060546875</ele>
        <time>2025-03-10T10:47:11.000Z</time>
        <extensions>
          <ns3:TrackPointExtension>
            <ns3:hr>157</ns3:hr>
          </ns3:TrackPointExtension>
        </extensions>
      </trkpt>
      <trkpt lat="51.761180721223354339599609375" lon="5.61808601953089237213134765625">
        <ele>16.6000003814697265625</ele>
        <time>2025-03-10T10:47:16.000Z</time>
        <extensions>
          <ns3:TrackPointExtension>
            <ns3:hr>157</ns3:hr>
          </ns3:TrackPointExtension>
        </extensions>
      </trkpt>
      <trkpt lat="51.76116487942636013031005859375" lon="5.61808048747479915618896484375">
        <ele>16.6000003814697265625</ele>
        <time>2025-03-10T10:47:22.000Z</time>
        <extensions>
          <ns3:TrackPointExtension>
            <ns3:hr>156</ns3:hr>
          </ns3:TrackPointExtension>
        </extensions>
      </trkpt>
      <trkpt lat="51.7611389793455600738525390625" lon="5.61804628930985927581787109375">
        <ele>16.6000003814697265625</ele>
        <time>2025-03-10T10:47:26.000Z</time>
        <extensions>
          <ns3:TrackPointExtension>
            <ns3:hr>157</ns3:hr>
          </ns3:TrackPointExtension>
        </extensions>
      </trkpt>
      <trkpt lat="51.76111207343637943267822265625" lon="5.6180257536470890045166015625">
        <ele>16.3999996185302734375</ele>
        <time>2025-03-10T10:47:31.000Z</time>
        <extensions>
          <ns3:TrackPointExtension>
            <ns3:hr>157</ns3:hr>
          </ns3:TrackPointExtension>
        </extensions>
      </trkpt>
      <trkpt lat="51.76108458079397678375244140625" lon="5.618009157478809356689453125">
        <ele>16.799999237060546875</ele>
        <time>2025-03-10T10:47:38.000Z</time>
        <extensions>
          <ns3:TrackPointExtension>
            <ns3:hr>157</ns3:hr>
          </ns3:TrackPointExtension>
        </extensions>
      </trkpt>
      <trkpt lat="51.7610276676714420318603515625" lon="5.61796833761036396026611328125">
        <ele>17.200000762939453125</ele>
        <time>2025-03-10T10:47:46.000Z</time>
        <extensions>
          <ns3:TrackPointExtension>
            <ns3:hr>156</ns3:hr>
          </ns3:TrackPointExtension>
        </extensions>
      </trkpt>
      <trkpt lat="51.760969497263431549072265625" lon="5.617948807775974273681640625">
        <ele>17.200000762939453125</ele>
        <time>2025-03-10T10:47:52.000Z</time>
        <extensions>
          <ns3:TrackPointExtension>
            <ns3:hr>156</ns3:hr>
          </ns3:TrackPointExtension>
        </extensions>
      </trkpt>
      <trkpt lat="51.7609341256320476531982421875" lon="5.6179439462721347808837890625">
        <ele>17.6000003814697265625</ele>
        <time>2025-03-10T10:47:57.000Z</time>
        <extensions>
          <ns3:TrackPointExtension>
            <ns3:hr>156</ns3:hr>
          </ns3:TrackPointExtension>
        </extensions>
      </trkpt>
      <trkpt lat="51.7608784697949886322021484375" lon="5.61793665401637554168701171875">
        <ele>17.3999996185302734375</ele>
        <time>2025-03-10T10:48:03.000Z</time>
        <extensions>
          <ns3:TrackPointExtension>
            <ns3:hr>156</ns3:hr>
          </ns3:TrackPointExtension>
        </extensions>
      </trkpt>
      <trkpt lat="51.760837398469448089599609375" lon="5.61793380416929721832275390625">
        <ele>17.3999996185302734375</ele>
        <time>2025-03-10T10:48:08.000Z</time>
        <extensions>
          <ns3:TrackPointExtension>
            <ns3:hr>156</ns3:hr>
          </ns3:TrackPointExtension>
        </extensions>
      </trkpt>
      <trkpt lat="51.76078853197395801544189453125" lon="5.6179310381412506103515625">
        <ele>17.3999996185302734375</ele>
        <time>2025-03-10T10:48:13.000Z</time>
        <extensions>
          <ns3:TrackPointExtension>
            <ns3:hr>156</ns3:hr>
          </ns3:TrackPointExtension>
        </extensions>
      </trkpt>
      <trkpt lat="51.76075081340968608856201171875" lon="5.61789977364242076873779296875">
        <ele>17.3999996185302734375</ele>
        <time>2025-03-10T10:48:20.000Z</time>
        <extensions>
          <ns3:TrackPointExtension>
            <ns3:hr>155</ns3:hr>
          </ns3:TrackPointExtension>
        </extensions>
      </trkpt>
      <trkpt lat="51.76072985865175724029541015625" lon="5.61784051358699798583984375">
        <ele>17.3999996185302734375</ele>
        <time>2025-03-10T10:48:26.000Z</time>
        <extensions>
          <ns3:TrackPointExtension>
            <ns3:hr>152</ns3:hr>
          </ns3:TrackPointExtension>
        </extensions>
      </trkpt>
      <trkpt lat="51.7607138492166996002197265625" lon="5.6178359873592853546142578125">
        <ele>17.799999237060546875</ele>
        <time>2025-03-10T10:48:29.000Z</time>
        <extensions>
          <ns3:TrackPointExtension>
            <ns3:hr>152</ns3:hr>
          </ns3:TrackPointExtension>
        </extensions>
      </trkpt>
      <trkpt lat="51.76068828441202640533447265625" lon="5.617820061743259429931640625">
        <ele>18.200000762939453125</ele>
        <time>2025-03-10T10:48:32.000Z</time>
        <extensions>
          <ns3:TrackPointExtension>
            <ns3:hr>153</ns3:hr>
          </ns3:TrackPointExtension>
        </extensions>
      </trkpt>
      <trkpt lat="51.76063497550785541534423828125" lon="5.617811344563961029052734375">
        <ele>18.799999237060546875</ele>
        <time>2025-03-10T10:48:39.000Z</time>
        <extensions>
          <ns3:TrackPointExtension>
            <ns3:hr>154</ns3:hr>
          </ns3:TrackPointExtension>
        </extensions>
      </trkpt>
      <trkpt lat="51.7606280185282230377197265625" lon="5.61781293712556362152099609375">
        <ele>19</ele>
        <time>2025-03-10T10:48:40.000Z</time>
        <extensions>
          <ns3:TrackPointExtension>
            <ns3:hr>155</ns3:hr>
          </ns3:TrackPointExtension>
        </extensions>
      </trkpt>
      <trkpt lat="51.76061871461570262908935546875" lon="5.61780069954693317413330078125">
        <ele>19.200000762939453125</ele>
        <time>2025-03-10T10:48:44.000Z</time>
        <extensions>
          <ns3:TrackPointExtension>
            <ns3:hr>158</ns3:hr>
          </ns3:TrackPointExtension>
        </extensions>
      </trkpt>
      <trkpt lat="51.760621480643749237060546875" lon="5.617800615727901458740234375">
        <ele>19.3999996185302734375</ele>
        <time>2025-03-10T10:48:45.000Z</time>
        <extensions>
          <ns3:TrackPointExtension>
            <ns3:hr>158</ns3:hr>
          </ns3:TrackPointExtension>
        </extensions>
      </trkpt>
      <trkpt lat="51.760613434016704559326171875" lon="5.61778091825544834136962890625">
        <ele>19.200000762939453125</ele>
        <time>2025-03-10T10:48:50.000Z</time>
        <extensions>
          <ns3:TrackPointExtension>
            <ns3:hr>161</ns3:hr>
          </ns3:TrackPointExtension>
        </extensions>
      </trkpt>
      <trkpt lat="51.760620139539241790771484375" lon="5.617771781980991363525390625">
        <ele>19.200000762939453125</ele>
        <time>2025-03-10T10:48:52.000Z</time>
        <extensions>
          <ns3:TrackPointExtension>
            <ns3:hr>160</ns3:hr>
          </ns3:TrackPointExtension>
        </extensions>
      </trkpt>
      <trkpt lat="51.7605924792587757110595703125" lon="5.617725849151611328125">
        <ele>18.200000762939453125</ele>
        <time>2025-03-10T10:48:59.000Z</time>
        <extensions>
          <ns3:TrackPointExtension>
            <ns3:hr>159</ns3:hr>
          </ns3:TrackPointExtension>
        </extensions>
      </trkpt>
      <trkpt lat="51.76059859804809093475341796875" lon="5.61769969761371612548828125">
        <ele>17.799999237060546875</ele>
        <time>2025-03-10T10:49:01.000Z</time>
        <extensions>
          <ns3:TrackPointExtension>
            <ns3:hr>160</ns3:hr>
          </ns3:TrackPointExtension>
        </extensions>
      </trkpt>
      <trkpt lat="51.760601364076137542724609375" lon="5.617680251598358154296875">
        <ele>17.6000003814697265625</ele>
        <time>2025-03-10T10:49:02.000Z</time>
        <extensions>
          <ns3:TrackPointExtension>
            <ns3:hr>160</ns3:hr>
          </ns3:TrackPointExtension>
        </extensions>
      </trkpt>
      <trkpt lat="51.76059407182037830352783203125" lon="5.61766692437231540679931640625">
        <ele>17.3999996185302734375</ele>
        <time>2025-03-10T10:49:05.000Z</time>
        <extensions>
          <ns3:TrackPointExtension>
            <ns3:hr>162</ns3:hr>
          </ns3:TrackPointExtension>
        </extensions>
      </trkpt>
      <trkpt lat="51.760583929717540740966796875" lon="5.61766072176396846771240234375">
        <ele>16.799999237060546875</ele>
        <time>2025-03-10T10:49:07.000Z</time>
        <extensions>
          <ns3:TrackPointExtension>
            <ns3:hr>162</ns3:hr>
          </ns3:TrackPointExtension>
        </extensions>
      </trkpt>
      <trkpt lat="51.76059608347713947296142578125" lon="5.6176224164664745330810546875">
        <ele>16.3999996185302734375</ele>
        <time>2025-03-10T10:49:10.000Z</time>
        <extensions>
          <ns3:TrackPointExtension>
            <ns3:hr>161</ns3:hr>
          </ns3:TrackPointExtension>
        </extensions>
      </trkpt>
      <trkpt lat="51.76059507764875888824462890625" lon="5.617586039006710052490234375">
        <ele>15.80000019073486328125</ele>
        <time>2025-03-10T10:49:13.000Z</time>
        <extensions>
          <ns3:TrackPointExtension>
            <ns3:hr>161</ns3:hr>
          </ns3:TrackPointExtension>
        </extensions>
      </trkpt>
      <trkpt lat="51.76059298217296600341796875" lon="5.61757354997098445892333984375">
        <ele>15.6000003814697265625</ele>
        <time>2025-03-10T10:49:16.000Z</time>
        <extensions>
          <ns3:TrackPointExtension>
            <ns3:hr>160</ns3:hr>
          </ns3:TrackPointExtension>
        </extensions>
      </trkpt>
      <trkpt lat="51.76059725694358348846435546875" lon="5.6175474822521209716796875">
        <ele>15</ele>
        <time>2025-03-10T10:49:19.000Z</time>
        <extensions>
          <ns3:TrackPointExtension>
            <ns3:hr>164</ns3:hr>
          </ns3:TrackPointExtension>
        </extensions>
      </trkpt>
      <trkpt lat="51.7605988495051860809326171875" lon="5.617523677647113800048828125">
        <ele>15</ele>
        <time>2025-03-10T10:49:20.000Z</time>
        <extensions>
          <ns3:TrackPointExtension>
            <ns3:hr>164</ns3:hr>
          </ns3:TrackPointExtension>
        </extensions>
      </trkpt>
      <trkpt lat="51.76061569713056087493896484375" lon="5.61746525578200817108154296875">
        <ele>14.6000003814697265625</ele>
        <time>2025-03-10T10:49:24.000Z</time>
        <extensions>
          <ns3:TrackPointExtension>
            <ns3:hr>164</ns3:hr>
          </ns3:TrackPointExtension>
        </extensions>
      </trkpt>
      <trkpt lat="51.76062726415693759918212890625" lon="5.61744497157633304595947265625">
        <ele>14.19999980926513671875</ele>
        <time>2025-03-10T10:49:26.000Z</time>
        <extensions>
          <ns3:TrackPointExtension>
            <ns3:hr>163</ns3:hr>
          </ns3:TrackPointExtension>
        </extensions>
      </trkpt>
      <trkpt lat="51.7606377415359020233154296875" lon="5.617438852787017822265625">
        <ele>14.19999980926513671875</ele>
        <time>2025-03-10T10:49:32.000Z</time>
        <extensions>
          <ns3:TrackPointExtension>
            <ns3:hr>163</ns3:hr>
          </ns3:TrackPointExtension>
        </extensions>
      </trkpt>
      <trkpt lat="51.76064151339232921600341796875" lon="5.61744363047182559967041015625">
        <ele>14.6000003814697265625</ele>
        <time>2025-03-10T10:49:39.000Z</time>
        <extensions>
          <ns3:TrackPointExtension>
            <ns3:hr>160</ns3:hr>
          </ns3:TrackPointExtension>
        </extensions>
      </trkpt>
      <trkpt lat="51.76063455641269683837890625" lon="5.61745469458401203155517578125">
        <ele>14.6000003814697265625</ele>
        <time>2025-03-10T10:49:41.000Z</time>
        <extensions>
          <ns3:TrackPointExtension>
            <ns3:hr>156</ns3:hr>
          </ns3:TrackPointExtension>
        </extensions>
      </trkpt>
      <trkpt lat="51.76063363440334796905517578125" lon="5.6174591369926929473876953125">
        <ele>14.6000003814697265625</ele>
        <time>2025-03-10T10:49:42.000Z</time>
        <extensions>
          <ns3:TrackPointExtension>
            <ns3:hr>152</ns3:hr>
          </ns3:TrackPointExtension>
        </extensions>
      </trkpt>
      <trkpt lat="51.760634221136569976806640625" lon="5.617458634078502655029296875">
        <ele>14.6000003814697265625</ele>
        <time>2025-03-10T10:49:43.000Z</time>
        <extensions>
          <ns3:TrackPointExtension>
            <ns3:hr>147</ns3:hr>
          </ns3:TrackPointExtension>
        </extensions>
      </trkpt>
      <trkpt lat="51.76063128747045993804931640625" lon="5.61746659688651561737060546875">
        <ele>14.6000003814697265625</ele>
        <time>2025-03-10T10:49:44.000Z</time>
        <extensions>
          <ns3:TrackPointExtension>
            <ns3:hr>147</ns3:hr>
          </ns3:TrackPointExtension>
        </extensions>
      </trkpt>
      <trkpt lat="51.760628856718540191650390625" lon="5.6174668483436107635498046875">
        <ele>14.19999980926513671875</ele>
        <time>2025-03-10T10:49:48.000Z</time>
        <extensions>
          <ns3:TrackPointExtension>
            <ns3:hr>146</ns3:hr>
          </ns3:TrackPointExtension>
        </extensions>
      </trkpt>
      <trkpt lat="51.7606008611619472503662109375" lon="5.61745829880237579345703125">
        <ele>14.19999980926513671875</ele>
        <time>2025-03-10T10:49:57.000Z</time>
        <extensions>
          <ns3:TrackPointExtension>
            <ns3:hr>146</ns3:hr>
          </ns3:TrackPointExtension>
        </extensions>
      </trkpt>
      <trkpt lat="51.76059440709650516510009765625" lon="5.61741613782942295074462890625">
        <ele>13.80000019073486328125</ele>
        <time>2025-03-10T10:50:01.000Z</time>
        <extensions>
          <ns3:TrackPointExtension>
            <ns3:hr>146</ns3:hr>
          </ns3:TrackPointExtension>
        </extensions>
      </trkpt>
      <trkpt lat="51.76059826277196407318115234375" lon="5.61739753000438213348388671875">
        <ele>13.6000003814697265625</ele>
        <time>2025-03-10T10:50:03.000Z</time>
        <extensions>
          <ns3:TrackPointExtension>
            <ns3:hr>146</ns3:hr>
          </ns3:TrackPointExtension>
        </extensions>
      </trkpt>
      <trkpt lat="51.76059298217296600341796875" lon="5.61737573705613613128662109375">
        <ele>13.3999996185302734375</ele>
        <time>2025-03-10T10:50:05.000Z</time>
        <extensions>
          <ns3:TrackPointExtension>
            <ns3:hr>144</ns3:hr>
          </ns3:TrackPointExtension>
        </extensions>
      </trkpt>
      <trkpt lat="51.76057127304375171661376953125" lon="5.6173263676464557647705078125">
        <ele>12.80000019073486328125</ele>
        <time>2025-03-10T10:50:09.000Z</time>
        <extensions>
          <ns3:TrackPointExtension>
            <ns3:hr>144</ns3:hr>
          </ns3:TrackPointExtension>
        </extensions>
      </trkpt>
      <trkpt lat="51.76056657917797565460205078125" lon="5.6173280440270900726318359375">
        <ele>12.3999996185302734375</ele>
        <time>2025-03-10T10:50:12.000Z</time>
        <extensions>
          <ns3:TrackPointExtension>
            <ns3:hr>147</ns3:hr>
          </ns3:TrackPointExtension>
        </extensions>
      </trkpt>
      <trkpt lat="51.76056238822638988494873046875" lon="5.61730247922241687774658203125">
        <ele>11.80000019073486328125</ele>
        <time>2025-03-10T10:50:15.000Z</time>
        <extensions>
          <ns3:TrackPointExtension>
            <ns3:hr>148</ns3:hr>
          </ns3:TrackPointExtension>
        </extensions>
      </trkpt>
      <trkpt lat="51.7605566047132015228271484375" lon="5.6172529421746730804443359375">
        <ele>11.80000019073486328125</ele>
        <time>2025-03-10T10:50:23.000Z</time>
        <extensions>
          <ns3:TrackPointExtension>
            <ns3:hr>148</ns3:hr>
          </ns3:TrackPointExtension>
        </extensions>
      </trkpt>
      <trkpt lat="51.76055316813290119171142578125" lon="5.61725939624011516571044921875">
        <ele>11.19999980926513671875</ele>
        <time>2025-03-10T10:50:25.000Z</time>
        <extensions>
          <ns3:TrackPointExtension>
            <ns3:hr>148</ns3:hr>
          </ns3:TrackPointExtension>
        </extensions>
      </trkpt>
      <trkpt lat="51.76055048592388629913330078125" lon="5.61724682338535785675048828125">
        <ele>11</ele>
        <time>2025-03-10T10:50:27.000Z</time>
        <extensions>
          <ns3:TrackPointExtension>
            <ns3:hr>148</ns3:hr>
          </ns3:TrackPointExtension>
        </extensions>
      </trkpt>
      <trkpt lat="51.7605405114591121673583984375" lon="5.61722100712358951568603515625">
        <ele>10.19999980926513671875</ele>
        <time>2025-03-10T10:50:30.000Z</time>
        <extensions>
          <ns3:TrackPointExtension>
            <ns3:hr>147</ns3:hr>
          </ns3:TrackPointExtension>
        </extensions>
      </trkpt>
      <trkpt lat="51.7605274356901645660400390625" lon="5.61718412674963474273681640625">
        <ele>10</ele>
        <time>2025-03-10T10:50:33.000Z</time>
        <extensions>
          <ns3:TrackPointExtension>
            <ns3:hr>148</ns3:hr>
          </ns3:TrackPointExtension>
        </extensions>
      </trkpt>
      <trkpt lat="51.7605260945856571197509765625" lon="5.6171687878668308258056640625">
        <ele>10.19999980926513671875</ele>
        <time>2025-03-10T10:50:39.000Z</time>
        <extensions>
          <ns3:TrackPointExtension>
            <ns3:hr>147</ns3:hr>
          </ns3:TrackPointExtension>
        </extensions>
      </trkpt>
      <trkpt lat="51.760516203939914703369140625" lon="5.6171728111803531646728515625">
        <ele>10.19999980926513671875</ele>
        <time>2025-03-10T10:50:42.000Z</time>
        <extensions>
          <ns3:TrackPointExtension>
            <ns3:hr>144</ns3:hr>
          </ns3:TrackPointExtension>
        </extensions>
      </trkpt>
      <trkpt lat="51.7604865320026874542236328125" lon="5.61717666685581207275390625">
        <ele>10</ele>
        <time>2025-03-10T10:50:45.000Z</time>
        <extensions>
          <ns3:TrackPointExtension>
            <ns3:hr>143</ns3:hr>
          </ns3:TrackPointExtension>
        </extensions>
      </trkpt>
      <trkpt lat="51.76045778207480907440185546875" lon="5.61718739569187164306640625">
        <ele>10</ele>
        <time>2025-03-10T10:50:50.000Z</time>
        <extensions>
          <ns3:TrackPointExtension>
            <ns3:hr>145</ns3:hr>
          </ns3:TrackPointExtension>
        </extensions>
      </trkpt>
      <trkpt lat="51.7604204826056957244873046875" lon="5.617181360721588134765625">
        <ele>10</ele>
        <time>2025-03-10T10:50:55.000Z</time>
        <extensions>
          <ns3:TrackPointExtension>
            <ns3:hr>145</ns3:hr>
          </ns3:TrackPointExtension>
        </extensions>
      </trkpt>
      <trkpt lat="51.7604171298444271087646484375" lon="5.6171687878668308258056640625">
        <ele>10.80000019073486328125</ele>
        <time>2025-03-10T10:51:01.000Z</time>
        <extensions>
          <ns3:TrackPointExtension>
            <ns3:hr>144</ns3:hr>
          </ns3:TrackPointExtension>
        </extensions>
      </trkpt>
      <trkpt lat="51.760371364653110504150390625" lon="5.6171245314180850982666015625">
        <ele>11</ele>
        <time>2025-03-10T10:51:07.000Z</time>
        <extensions>
          <ns3:TrackPointExtension>
            <ns3:hr>147</ns3:hr>
          </ns3:TrackPointExtension>
        </extensions>
      </trkpt>
      <trkpt lat="51.76036239601671695709228515625" lon="5.6171188317239284515380859375">
        <ele>10.6000003814697265625</ele>
        <time>2025-03-10T10:51:08.000Z</time>
        <extensions>
          <ns3:TrackPointExtension>
            <ns3:hr>148</ns3:hr>
          </ns3:TrackPointExtension>
        </extensions>
      </trkpt>
      <trkpt lat="51.76034697331488132476806640625" lon="5.6171231903135776519775390625">
        <ele>10.3999996185302734375</ele>
        <time>2025-03-10T10:51:10.000Z</time>
        <extensions>
          <ns3:TrackPointExtension>
            <ns3:hr>150</ns3:hr>
          </ns3:TrackPointExtension>
        </extensions>
      </trkpt>
      <trkpt lat="51.76032953895628452301025390625" lon="5.61710751615464687347412109375">
        <ele>10.3999996185302734375</ele>
        <time>2025-03-10T10:51:12.000Z</time>
        <extensions>
          <ns3:TrackPointExtension>
            <ns3:hr>151</ns3:hr>
          </ns3:TrackPointExtension>
        </extensions>
      </trkpt>
      <trkpt lat="51.7603198997676372528076171875" lon="5.6170993857085704803466796875">
        <ele>10.3999996185302734375</ele>
        <time>2025-03-10T10:51:13.000Z</time>
        <extensions>
          <ns3:TrackPointExtension>
            <ns3:hr>152</ns3:hr>
          </ns3:TrackPointExtension>
        </extensions>
      </trkpt>
      <trkpt lat="51.76027773879468441009521484375" lon="5.61705990694463253021240234375">
        <ele>10.6000003814697265625</ele>
        <time>2025-03-10T10:51:18.000Z</time>
        <extensions>
          <ns3:TrackPointExtension>
            <ns3:hr>152</ns3:hr>
          </ns3:TrackPointExtension>
        </extensions>
      </trkpt>
      <trkpt lat="51.760272793471813201904296875" lon="5.61704582534730434417724609375">
        <ele>10.6000003814697265625</ele>
        <time>2025-03-10T10:51:19.000Z</time>
        <extensions>
          <ns3:TrackPointExtension>
            <ns3:hr>152</ns3:hr>
          </ns3:TrackPointExtension>
        </extensions>
      </trkpt>
      <trkpt lat="51.7602763138711452484130859375" lon="5.61702118255198001861572265625">
        <ele>10.80000019073486328125</ele>
        <time>2025-03-10T10:51:21.000Z</time>
        <extensions>
          <ns3:TrackPointExtension>
            <ns3:hr>152</ns3:hr>
          </ns3:TrackPointExtension>
        </extensions>
      </trkpt>
      <trkpt lat="51.7602813430130481719970703125" lon="5.6170048378407955169677734375">
        <ele>10.80000019073486328125</ele>
        <time>2025-03-10T10:51:23.000Z</time>
        <extensions>
          <ns3:TrackPointExtension>
            <ns3:hr>151</ns3:hr>
          </ns3:TrackPointExtension>
        </extensions>
      </trkpt>
      <trkpt lat="51.76027924753725528717041015625" lon="5.616991259157657623291015625">
        <ele>10.80000019073486328125</ele>
        <time>2025-03-10T10:51:24.000Z</time>
        <extensions>
          <ns3:TrackPointExtension>
            <ns3:hr>151</ns3:hr>
          </ns3:TrackPointExtension>
        </extensions>
      </trkpt>
      <trkpt lat="51.760273464024066925048828125" lon="5.6169761717319488525390625">
        <ele>11</ele>
        <time>2025-03-10T10:51:26.000Z</time>
        <extensions>
          <ns3:TrackPointExtension>
            <ns3:hr>147</ns3:hr>
          </ns3:TrackPointExtension>
        </extensions>
      </trkpt>
      <trkpt lat="51.76027539186179637908935546875" lon="5.61695178039371967315673828125">
        <ele>11</ele>
        <time>2025-03-10T10:51:32.000Z</time>
        <extensions>
          <ns3:TrackPointExtension>
            <ns3:hr>145</ns3:hr>
          </ns3:TrackPointExtension>
        </extensions>
      </trkpt>
      <trkpt lat="51.7602779902517795562744140625" lon="5.61695002019405364990234375">
        <ele>11.19999980926513671875</ele>
        <time>2025-03-10T10:51:34.000Z</time>
        <extensions>
          <ns3:TrackPointExtension>
            <ns3:hr>149</ns3:hr>
          </ns3:TrackPointExtension>
        </extensions>
      </trkpt>
      <trkpt lat="51.76026835106313228607177734375" lon="5.61693568713963031768798828125">
        <ele>11.6000003814697265625</ele>
        <time>2025-03-10T10:51:42.000Z</time>
        <extensions>
          <ns3:TrackPointExtension>
            <ns3:hr>152</ns3:hr>
          </ns3:TrackPointExtension>
        </extensions>
      </trkpt>
      <trkpt lat="51.76026399247348308563232421875" lon="5.6169260479509830474853515625">
        <ele>11.6000003814697265625</ele>
        <time>2025-03-10T10:51:48.000Z</time>
        <extensions>
          <ns3:TrackPointExtension>
            <ns3:hr>152</ns3:hr>
          </ns3:TrackPointExtension>
        </extensions>
      </trkpt>
      <trkpt lat="51.76025502383708953857421875" lon="5.61691640876233577728271484375">
        <ele>11.6000003814697265625</ele>
        <time>2025-03-10T10:51:52.000Z</time>
        <extensions>
          <ns3:TrackPointExtension>
            <ns3:hr>147</ns3:hr>
          </ns3:TrackPointExtension>
        </extensions>
      </trkpt>
      <trkpt lat="51.76023893058300018310546875" lon="5.616919510066509246826171875">
        <ele>11.6000003814697265625</ele>
        <time>2025-03-10T10:51:59.000Z</time>
        <extensions>
          <ns3:TrackPointExtension>
            <ns3:hr>148</ns3:hr>
          </ns3:TrackPointExtension>
        </extensions>
      </trkpt>
      <trkpt lat="51.76025041379034519195556640625" lon="5.61693199910223484039306640625">
        <ele>11.3999996185302734375</ele>
        <time>2025-03-10T10:52:06.000Z</time>
        <extensions>
          <ns3:TrackPointExtension>
            <ns3:hr>149</ns3:hr>
          </ns3:TrackPointExtension>
        </extensions>
      </trkpt>
      <trkpt lat="51.7602464742958545684814453125" lon="5.6169347651302814483642578125">
        <ele>11.3999996185302734375</ele>
        <time>2025-03-10T10:52:08.000Z</time>
        <extensions>
          <ns3:TrackPointExtension>
            <ns3:hr>146</ns3:hr>
          </ns3:TrackPointExtension>
        </extensions>
      </trkpt>
      <trkpt lat="51.76026172935962677001953125" lon="5.6169599108397960662841796875">
        <ele>11.3999996185302734375</ele>
        <time>2025-03-10T10:52:14.000Z</time>
        <extensions>
          <ns3:TrackPointExtension>
            <ns3:hr>144</ns3:hr>
          </ns3:TrackPointExtension>
        </extensions>
      </trkpt>
      <trkpt lat="51.76026047207415103912353515625" lon="5.6169654428958892822265625">
        <ele>11.3999996185302734375</ele>
        <time>2025-03-10T10:52:17.000Z</time>
        <extensions>
          <ns3:TrackPointExtension>
            <ns3:hr>141</ns3:hr>
          </ns3:TrackPointExtension>
        </extensions>
      </trkpt>
      <trkpt lat="51.76025728695094585418701171875" lon="5.61695697717368602752685546875">
        <ele>11.19999980926513671875</ele>
        <time>2025-03-10T10:52:20.000Z</time>
        <extensions>
          <ns3:TrackPointExtension>
            <ns3:hr>138</ns3:hr>
          </ns3:TrackPointExtension>
        </extensions>
      </trkpt>
      <trkpt lat="51.76025477237999439239501953125" lon="5.61695278622210025787353515625">
        <ele>11.19999980926513671875</ele>
        <time>2025-03-10T10:52:22.000Z</time>
        <extensions>
          <ns3:TrackPointExtension>
            <ns3:hr>138</ns3:hr>
          </ns3:TrackPointExtension>
        </extensions>
      </trkpt>
      <trkpt lat="51.76026734523475170135498046875" lon="5.6169605813920497894287109375">
        <ele>11.80000019073486328125</ele>
        <time>2025-03-10T10:52:33.000Z</time>
        <extensions>
          <ns3:TrackPointExtension>
            <ns3:hr>139</ns3:hr>
          </ns3:TrackPointExtension>
        </extensions>
      </trkpt>
      <trkpt lat="51.760274469852447509765625" lon="5.61695345677435398101806640625">
        <ele>11.6000003814697265625</ele>
        <time>2025-03-10T10:52:40.000Z</time>
        <extensions>
          <ns3:TrackPointExtension>
            <ns3:hr>138</ns3:hr>
          </ns3:TrackPointExtension>
        </extensions>
      </trkpt>
      <trkpt lat="51.7602800019085407257080078125" lon="5.61695580370724201202392578125">
        <ele>11.3999996185302734375</ele>
        <time>2025-03-10T10:52:42.000Z</time>
        <extensions>
          <ns3:TrackPointExtension>
            <ns3:hr>135</ns3:hr>
          </ns3:TrackPointExtension>
        </extensions>
      </trkpt>
      <trkpt lat="51.7602960951626300811767578125" lon="5.616956390440464019775390625">
        <ele>11.19999980926513671875</ele>
        <time>2025-03-10T10:52:50.000Z</time>
        <extensions>
          <ns3:TrackPointExtension>
            <ns3:hr>135</ns3:hr>
          </ns3:TrackPointExtension>
        </extensions>
      </trkpt>
      <trkpt lat="51.7603068239986896514892578125" lon="5.61698086559772491455078125">
        <ele>11.80000019073486328125</ele>
        <time>2025-03-10T10:52:59.000Z</time>
        <extensions>
          <ns3:TrackPointExtension>
            <ns3:hr>136</ns3:hr>
          </ns3:TrackPointExtension>
        </extensions>
      </trkpt>
      <trkpt lat="51.76031009294092655181884765625" lon="5.61698782257735729217529296875">
        <ele>12</ele>
        <time>2025-03-10T10:53:06.000Z</time>
        <extensions>
          <ns3:TrackPointExtension>
            <ns3:hr>137</ns3:hr>
          </ns3:TrackPointExtension>
        </extensions>
      </trkpt>
      <trkpt lat="51.76030389033257961273193359375" lon="5.61698597855865955352783203125">
        <ele>12</ele>
        <time>2025-03-10T10:53:10.000Z</time>
        <extensions>
          <ns3:TrackPointExtension>
            <ns3:hr>140</ns3:hr>
          </ns3:TrackPointExtension>
        </extensions>
      </trkpt>
      <trkpt lat="51.760272122919559478759765625" lon="5.61696946620941162109375">
        <ele>12</ele>
        <time>2025-03-10T10:53:16.000Z</time>
        <extensions>
          <ns3:TrackPointExtension>
            <ns3:hr>139</ns3:hr>
          </ns3:TrackPointExtension>
        </extensions>
      </trkpt>
      <trkpt lat="51.76026751287281513214111328125" lon="5.61696234159171581268310546875">
        <ele>12</ele>
        <time>2025-03-10T10:53:21.000Z</time>
        <extensions>
          <ns3:TrackPointExtension>
            <ns3:hr>136</ns3:hr>
          </ns3:TrackPointExtension>
        </extensions>
      </trkpt>
      <trkpt lat="51.76026902161538600921630859375" lon="5.616961754858493804931640625">
        <ele>12</ele>
        <time>2025-03-10T10:53:24.000Z</time>
        <extensions>
          <ns3:TrackPointExtension>
            <ns3:hr>134</ns3:hr>
          </ns3:TrackPointExtension>
        </extensions>
      </trkpt>
      <trkpt lat="51.76024639047682285308837890625" lon="5.61696938239037990570068359375">
        <ele>12</ele>
        <time>2025-03-10T10:53:34.000Z</time>
        <extensions>
          <ns3:TrackPointExtension>
            <ns3:hr>134</ns3:hr>
          </ns3:TrackPointExtension>
        </extensions>
      </trkpt>
      <trkpt lat="51.760267429053783416748046875" lon="5.6170085258781909942626953125">
        <ele>12.19999980926513671875</ele>
        <time>2025-03-10T10:53:43.000Z</time>
        <extensions>
          <ns3:TrackPointExtension>
            <ns3:hr>135</ns3:hr>
          </ns3:TrackPointExtension>
        </extensions>
      </trkpt>
      <trkpt lat="51.76026181317865848541259765625" lon="5.6169662810862064361572265625">
        <ele>12.19999980926513671875</ele>
        <time>2025-03-10T10:53:52.000Z</time>
        <extensions>
          <ns3:TrackPointExtension>
            <ns3:hr>133</ns3:hr>
          </ns3:TrackPointExtension>
        </extensions>
      </trkpt>
      <trkpt lat="51.76026432774960994720458984375" lon="5.61693065799772739410400390625">
        <ele>12</ele>
        <time>2025-03-10T10:54:01.000Z</time>
        <extensions>
          <ns3:TrackPointExtension>
            <ns3:hr>131</ns3:hr>
          </ns3:TrackPointExtension>
        </extensions>
      </trkpt>
      <trkpt lat="51.76027270965278148651123046875" lon="5.61694465577602386474609375">
        <ele>12</ele>
        <time>2025-03-10T10:54:10.000Z</time>
        <extensions>
          <ns3:TrackPointExtension>
            <ns3:hr>132</ns3:hr>
          </ns3:TrackPointExtension>
        </extensions>
      </trkpt>
      <trkpt lat="51.760297603905200958251953125" lon="5.6169582344591617584228515625">
        <ele>11.80000019073486328125</ele>
        <time>2025-03-10T10:54:20.000Z</time>
        <extensions>
          <ns3:TrackPointExtension>
            <ns3:hr>133</ns3:hr>
          </ns3:TrackPointExtension>
        </extensions>
      </trkpt>
      <trkpt lat="51.76026281900703907012939453125" lon="5.6168851442635059356689453125">
        <ele>11.80000019073486328125</ele>
        <time>2025-03-10T10:54:30.000Z</time>
        <extensions>
          <ns3:TrackPointExtension>
            <ns3:hr>132</ns3:hr>
          </ns3:TrackPointExtension>
        </extensions>
      </trkpt>
      <trkpt lat="51.76024689339101314544677734375" lon="5.6168589927256107330322265625">
        <ele>11.80000019073486328125</ele>
        <time>2025-03-10T10:54:37.000Z</time>
        <extensions>
          <ns3:TrackPointExtension>
            <ns3:hr>133</ns3:hr>
          </ns3:TrackPointExtension>
        </extensions>
      </trkpt>
      <trkpt lat="51.76021956838667392730712890625" lon="5.616854466497898101806640625">
        <ele>11.80000019073486328125</ele>
        <time>2025-03-10T10:54:43.000Z</time>
        <extensions>
          <ns3:TrackPointExtension>
            <ns3:hr>136</ns3:hr>
          </ns3:TrackPointExtension>
        </extensions>
      </trkpt>
      <trkpt lat="51.76021277904510498046875" lon="5.6168568134307861328125">
        <ele>11.80000019073486328125</ele>
        <time>2025-03-10T10:54:45.000Z</time>
        <extensions>
          <ns3:TrackPointExtension>
            <ns3:hr>137</ns3:hr>
          </ns3:TrackPointExtension>
        </extensions>
      </trkpt>
      <trkpt lat="51.76018939353525638580322265625" lon="5.616855137050151824951171875">
        <ele>12</ele>
        <time>2025-03-10T10:54:54.000Z</time>
        <extensions>
          <ns3:TrackPointExtension>
            <ns3:hr>136</ns3:hr>
          </ns3:TrackPointExtension>
        </extensions>
      </trkpt>
      <trkpt lat="51.760195679962635040283203125" lon="5.6168536283075809478759765625">
        <ele>12</ele>
        <time>2025-03-10T10:55:00.000Z</time>
        <extensions>
          <ns3:TrackPointExtension>
            <ns3:hr>135</ns3:hr>
          </ns3:TrackPointExtension>
        </extensions>
      </trkpt>
      <trkpt lat="51.76021881401538848876953125" lon="5.61686393804848194122314453125">
        <ele>12</ele>
        <time>2025-03-10T10:55:09.000Z</time>
        <extensions>
          <ns3:TrackPointExtension>
            <ns3:hr>136</ns3:hr>
          </ns3:TrackPointExtension>
        </extensions>
      </trkpt>
      <trkpt lat="51.76024823449552059173583984375" lon="5.61688791029155254364013671875">
        <ele>12</ele>
        <time>2025-03-10T10:55:17.000Z</time>
        <extensions>
          <ns3:TrackPointExtension>
            <ns3:hr>134</ns3:hr>
          </ns3:TrackPointExtension>
        </extensions>
      </trkpt>
      <trkpt lat="51.76026684232056140899658203125" lon="5.61692680232226848602294921875">
        <ele>11.6000003814697265625</ele>
        <time>2025-03-10T10:55:24.000Z</time>
        <extensions>
          <ns3:TrackPointExtension>
            <ns3:hr>135</ns3:hr>
          </ns3:TrackPointExtension>
        </extensions>
      </trkpt>
      <trkpt lat="51.7602766491472721099853515625" lon="5.61694138683378696441650390625">
        <ele>11.19999980926513671875</ele>
        <time>2025-03-10T10:55:33.000Z</time>
        <extensions>
          <ns3:TrackPointExtension>
            <ns3:hr>134</ns3:hr>
          </ns3:TrackPointExtension>
        </extensions>
      </trkpt>
      <trkpt lat="51.76025904715061187744140625" lon="5.616904087364673614501953125">
        <ele>11.6000003814697265625</ele>
        <time>2025-03-10T10:55:40.000Z</time>
        <extensions>
          <ns3:TrackPointExtension>
            <ns3:hr>136</ns3:hr>
          </ns3:TrackPointExtension>
        </extensions>
      </trkpt>
      <trkpt lat="51.76024504937231540679931640625" lon="5.61685270629823207855224609375">
        <ele>10.80000019073486328125</ele>
        <time>2025-03-10T10:55:44.000Z</time>
        <extensions>
          <ns3:TrackPointExtension>
            <ns3:hr>135</ns3:hr>
          </ns3:TrackPointExtension>
        </extensions>
      </trkpt>
      <trkpt lat="51.76024823449552059173583984375" lon="5.616849772632122039794921875">
        <ele>10</ele>
        <time>2025-03-10T10:55:46.000Z</time>
        <extensions>
          <ns3:TrackPointExtension>
            <ns3:hr>135</ns3:hr>
          </ns3:TrackPointExtension>
        </extensions>
      </trkpt>
      <trkpt lat="51.76025745458900928497314453125" lon="5.6168071925640106201171875">
        <ele>9.80000019073486328125</ele>
        <time>2025-03-10T10:55:50.000Z</time>
        <extensions>
          <ns3:TrackPointExtension>
            <ns3:hr>136</ns3:hr>
          </ns3:TrackPointExtension>
        </extensions>
      </trkpt>
      <trkpt lat="51.7602712847292423248291015625" lon="5.61673351563513278961181640625">
        <ele>9.80000019073486328125</ele>
        <time>2025-03-10T10:55:57.000Z</time>
        <extensions>
          <ns3:TrackPointExtension>
            <ns3:hr>138</ns3:hr>
          </ns3:TrackPointExtension>
        </extensions>
      </trkpt>
      <trkpt lat="51.7602672614157199859619140625" lon="5.61670937575399875640869140625">
        <ele>9.80000019073486328125</ele>
        <time>2025-03-10T10:55:59.000Z</time>
        <extensions>
          <ns3:TrackPointExtension>
            <ns3:hr>141</ns3:hr>
          </ns3:TrackPointExtension>
        </extensions>
      </trkpt>
      <trkpt lat="51.7602659203112125396728515625" lon="5.61666838824748992919921875">
        <ele>10.19999980926513671875</ele>
        <time>2025-03-10T10:56:02.000Z</time>
        <extensions>
          <ns3:TrackPointExtension>
            <ns3:hr>141</ns3:hr>
          </ns3:TrackPointExtension>
        </extensions>
      </trkpt>
      <trkpt lat="51.76026868633925914764404296875" lon="5.616591274738311767578125">
        <ele>10</ele>
        <time>2025-03-10T10:56:06.000Z</time>
        <extensions>
          <ns3:TrackPointExtension>
            <ns3:hr>141</ns3:hr>
          </ns3:TrackPointExtension>
        </extensions>
      </trkpt>
      <trkpt lat="51.76027053035795688629150390625" lon="5.61653427779674530029296875">
        <ele>9.6000003814697265625</ele>
        <time>2025-03-10T10:56:12.000Z</time>
        <extensions>
          <ns3:TrackPointExtension>
            <ns3:hr>141</ns3:hr>
          </ns3:TrackPointExtension>
        </extensions>
      </trkpt>
      <trkpt lat="51.7602662555873394012451171875" lon="5.61645657755434513092041015625">
        <ele>9.6000003814697265625</ele>
        <time>2025-03-10T10:56:16.000Z</time>
        <extensions>
          <ns3:TrackPointExtension>
            <ns3:hr>141</ns3:hr>
          </ns3:TrackPointExtension>
        </extensions>
      </trkpt>
      <trkpt lat="51.76025594584643840789794921875" lon="5.61638281680643558502197265625">
        <ele>9.3999996185302734375</ele>
        <time>2025-03-10T10:56:23.000Z</time>
        <extensions>
          <ns3:TrackPointExtension>
            <ns3:hr>141</ns3:hr>
          </ns3:TrackPointExtension>
        </extensions>
      </trkpt>
      <trkpt lat="51.760256700217723846435546875" lon="5.6163352914154529571533203125">
        <ele>9.3999996185302734375</ele>
        <time>2025-03-10T10:56:25.000Z</time>
        <extensions>
          <ns3:TrackPointExtension>
            <ns3:hr>144</ns3:hr>
          </ns3:TrackPointExtension>
        </extensions>
      </trkpt>
      <trkpt lat="51.7602541856467723846435546875" lon="5.61628994531929492950439453125">
        <ele>9.3999996185302734375</ele>
        <time>2025-03-10T10:56:28.000Z</time>
        <extensions>
          <ns3:TrackPointExtension>
            <ns3:hr>146</ns3:hr>
          </ns3:TrackPointExtension>
        </extensions>
      </trkpt>
      <trkpt lat="51.760284192860126495361328125" lon="5.61621375381946563720703125">
        <ele>9.6000003814697265625</ele>
        <time>2025-03-10T10:56:33.000Z</time>
        <extensions>
          <ns3:TrackPointExtension>
            <ns3:hr>146</ns3:hr>
          </ns3:TrackPointExtension>
        </extensions>
      </trkpt>
      <trkpt lat="51.76033909432590007781982421875" lon="5.6161525659263134002685546875">
        <ele>9.3999996185302734375</ele>
        <time>2025-03-10T10:56:39.000Z</time>
        <extensions>
          <ns3:TrackPointExtension>
            <ns3:hr>146</ns3:hr>
          </ns3:TrackPointExtension>
        </extensions>
      </trkpt>
      <trkpt lat="51.76039290614426136016845703125" lon="5.61615047045052051544189453125">
        <ele>9.3999996185302734375</ele>
        <time>2025-03-10T10:56:45.000Z</time>
        <extensions>
          <ns3:TrackPointExtension>
            <ns3:hr>145</ns3:hr>
          </ns3:TrackPointExtension>
        </extensions>
      </trkpt>
      <trkpt lat="51.7603976838290691375732421875" lon="5.61615315265953540802001953125">
        <ele>9.3999996185302734375</ele>
        <time>2025-03-10T10:56:46.000Z</time>
        <extensions>
          <ns3:TrackPointExtension>
            <ns3:hr>145</ns3:hr>
          </ns3:TrackPointExtension>
        </extensions>
      </trkpt>
      <trkpt lat="51.76039927639067173004150390625" lon="5.61616153456270694732666015625">
        <ele>9.6000003814697265625</ele>
        <time>2025-03-10T10:56:49.000Z</time>
        <extensions>
          <ns3:TrackPointExtension>
            <ns3:hr>144</ns3:hr>
          </ns3:TrackPointExtension>
        </extensions>
      </trkpt>
      <trkpt lat="51.760387457907199859619140625" lon="5.61615985818207263946533203125">
        <ele>9.80000019073486328125</ele>
        <time>2025-03-10T10:56:51.000Z</time>
        <extensions>
          <ns3:TrackPointExtension>
            <ns3:hr>145</ns3:hr>
          </ns3:TrackPointExtension>
        </extensions>
      </trkpt>
      <trkpt lat="51.76038603298366069793701171875" lon="5.61608232557773590087890625">
        <ele>9.80000019073486328125</ele>
        <time>2025-03-10T10:56:56.000Z</time>
        <extensions>
          <ns3:TrackPointExtension>
            <ns3:hr>145</ns3:hr>
          </ns3:TrackPointExtension>
        </extensions>
      </trkpt>
      <trkpt lat="51.7603903077542781829833984375" lon="5.616031028330326080322265625">
        <ele>9.6000003814697265625</ele>
        <time>2025-03-10T10:57:01.000Z</time>
        <extensions>
          <ns3:TrackPointExtension>
            <ns3:hr>146</ns3:hr>
          </ns3:TrackPointExtension>
        </extensions>
      </trkpt>
      <trkpt lat="51.7604053951799869537353515625" lon="5.61595198698341846466064453125">
        <ele>9.80000019073486328125</ele>
        <time>2025-03-10T10:57:06.000Z</time>
        <extensions>
          <ns3:TrackPointExtension>
            <ns3:hr>149</ns3:hr>
          </ns3:TrackPointExtension>
        </extensions>
      </trkpt>
      <trkpt lat="51.760411597788333892822265625" lon="5.61590890400111675262451171875">
        <ele>10.19999980926513671875</ele>
        <time>2025-03-10T10:57:11.000Z</time>
        <extensions>
          <ns3:TrackPointExtension>
            <ns3:hr>149</ns3:hr>
          </ns3:TrackPointExtension>
        </extensions>
      </trkpt>
      <trkpt lat="51.760408245027065277099609375" lon="5.6158199720084667205810546875">
        <ele>10.19999980926513671875</ele>
        <time>2025-03-10T10:57:16.000Z</time>
        <extensions>
          <ns3:TrackPointExtension>
            <ns3:hr>149</ns3:hr>
          </ns3:TrackPointExtension>
        </extensions>
      </trkpt>
      <trkpt lat="51.7604097537696361541748046875" lon="5.61580245383083820343017578125">
        <ele>10</ele>
        <time>2025-03-10T10:57:18.000Z</time>
        <extensions>
          <ns3:TrackPointExtension>
            <ns3:hr>149</ns3:hr>
          </ns3:TrackPointExtension>
        </extensions>
      </trkpt>
      <trkpt lat="51.76041369326412677764892578125" lon="5.61577362008392810821533203125">
        <ele>10</ele>
        <time>2025-03-10T10:57:20.000Z</time>
        <extensions>
          <ns3:TrackPointExtension>
            <ns3:hr>149</ns3:hr>
          </ns3:TrackPointExtension>
        </extensions>
      </trkpt>
      <trkpt lat="51.76042039878666400909423828125" lon="5.6157157011330127716064453125">
        <ele>9.80000019073486328125</ele>
        <time>2025-03-10T10:57:25.000Z</time>
        <extensions>
          <ns3:TrackPointExtension>
            <ns3:hr>149</ns3:hr>
          </ns3:TrackPointExtension>
        </extensions>
      </trkpt>
      <trkpt lat="51.760427691042423248291015625" lon="5.615662224590778350830078125">
        <ele>9.80000019073486328125</ele>
        <time>2025-03-10T10:57:31.000Z</time>
        <extensions>
          <ns3:TrackPointExtension>
            <ns3:hr>150</ns3:hr>
          </ns3:TrackPointExtension>
        </extensions>
      </trkpt>
      <trkpt lat="51.76042073406279087066650390625" lon="5.61566390097141265869140625">
        <ele>9.80000019073486328125</ele>
        <time>2025-03-10T10:57:36.000Z</time>
        <extensions>
          <ns3:TrackPointExtension>
            <ns3:hr>147</ns3:hr>
          </ns3:TrackPointExtension>
        </extensions>
      </trkpt>
      <trkpt lat="51.7604198120534420013427734375" lon="5.615648142993450164794921875">
        <ele>9.80000019073486328125</ele>
        <time>2025-03-10T10:57:37.000Z</time>
        <extensions>
          <ns3:TrackPointExtension>
            <ns3:hr>147</ns3:hr>
          </ns3:TrackPointExtension>
        </extensions>
      </trkpt>
      <trkpt lat="51.76040397025644779205322265625" lon="5.61558150686323642730712890625">
        <ele>9.80000019073486328125</ele>
        <time>2025-03-10T10:57:42.000Z</time>
        <extensions>
          <ns3:TrackPointExtension>
            <ns3:hr>147</ns3:hr>
          </ns3:TrackPointExtension>
        </extensions>
      </trkpt>
      <trkpt lat="51.76038837991654872894287109375" lon="5.61550422571599483489990234375">
        <ele>9.3999996185302734375</ele>
        <time>2025-03-10T10:57:48.000Z</time>
        <extensions>
          <ns3:TrackPointExtension>
            <ns3:hr>148</ns3:hr>
          </ns3:TrackPointExtension>
        </extensions>
      </trkpt>
      <trkpt lat="51.7603790760040283203125" lon="5.615471117198467254638671875">
        <ele>9.19999980926513671875</ele>
        <time>2025-03-10T10:57:51.000Z</time>
        <extensions>
          <ns3:TrackPointExtension>
            <ns3:hr>154</ns3:hr>
          </ns3:TrackPointExtension>
        </extensions>
      </trkpt>
      <trkpt lat="51.760373376309871673583984375" lon="5.61545561067759990692138671875">
        <ele>9.19999980926513671875</ele>
        <time>2025-03-10T10:57:52.000Z</time>
        <extensions>
          <ns3:TrackPointExtension>
            <ns3:hr>154</ns3:hr>
          </ns3:TrackPointExtension>
        </extensions>
      </trkpt>
      <trkpt lat="51.76035166718065738677978515625" lon="5.61541705392301082611083984375">
        <ele>9.19999980926513671875</ele>
        <time>2025-03-10T10:57:55.000Z</time>
        <extensions>
          <ns3:TrackPointExtension>
            <ns3:hr>155</ns3:hr>
          </ns3:TrackPointExtension>
        </extensions>
      </trkpt>
      <trkpt lat="51.76034563221037387847900390625" lon="5.61541269533336162567138671875">
        <ele>9.19999980926513671875</ele>
        <time>2025-03-10T10:57:56.000Z</time>
        <extensions>
          <ns3:TrackPointExtension>
            <ns3:hr>155</ns3:hr>
          </ns3:TrackPointExtension>
        </extensions>
      </trkpt>
      <trkpt lat="51.76032518036663532257080078125" lon="5.61538872309029102325439453125">
        <ele>9.19999980926513671875</ele>
        <time>2025-03-10T10:58:01.000Z</time>
        <extensions>
          <ns3:TrackPointExtension>
            <ns3:hr>156</ns3:hr>
          </ns3:TrackPointExtension>
        </extensions>
      </trkpt>
      <trkpt lat="51.76032383926212787628173828125" lon="5.61537547968327999114990234375">
        <ele>9.6000003814697265625</ele>
        <time>2025-03-10T10:58:08.000Z</time>
        <extensions>
          <ns3:TrackPointExtension>
            <ns3:hr>158</ns3:hr>
          </ns3:TrackPointExtension>
        </extensions>
      </trkpt>
      <trkpt lat="51.76032987423241138458251953125" lon="5.6153784133493900299072265625">
        <ele>9.80000019073486328125</ele>
        <time>2025-03-10T10:58:10.000Z</time>
        <extensions>
          <ns3:TrackPointExtension>
            <ns3:hr>154</ns3:hr>
          </ns3:TrackPointExtension>
        </extensions>
      </trkpt>
      <trkpt lat="51.760329790413379669189453125" lon="5.6153829395771026611328125">
        <ele>9.80000019073486328125</ele>
        <time>2025-03-10T10:58:11.000Z</time>
        <extensions>
          <ns3:TrackPointExtension>
            <ns3:hr>146</ns3:hr>
          </ns3:TrackPointExtension>
        </extensions>
      </trkpt>
      <trkpt lat="51.76033146679401397705078125" lon="5.615383274853229522705078125">
        <ele>9.80000019073486328125</ele>
        <time>2025-03-10T10:58:12.000Z</time>
        <extensions>
          <ns3:TrackPointExtension>
            <ns3:hr>138</ns3:hr>
          </ns3:TrackPointExtension>
        </extensions>
      </trkpt>
      <trkpt lat="51.76032970659434795379638671875" lon="5.61538369394838809967041015625">
        <ele>9.80000019073486328125</ele>
        <time>2025-03-10T10:58:13.000Z</time>
        <extensions>
          <ns3:TrackPointExtension>
            <ns3:hr>138</ns3:hr>
          </ns3:TrackPointExtension>
        </extensions>
      </trkpt>
      <trkpt lat="51.760331802070140838623046875" lon="5.6153861247003078460693359375">
        <ele>9.80000019073486328125</ele>
        <time>2025-03-10T10:58:14.000Z</time>
        <extensions>
          <ns3:TrackPointExtension>
            <ns3:hr>138</ns3:hr>
          </ns3:TrackPointExtension>
        </extensions>
      </trkpt>
      <trkpt lat="51.7603222467005252838134765625" lon="5.61537330038845539093017578125">
        <ele>9.6000003814697265625</ele>
        <time>2025-03-10T10:58:20.000Z</time>
        <extensions>
          <ns3:TrackPointExtension>
            <ns3:hr>137</ns3:hr>
          </ns3:TrackPointExtension>
        </extensions>
      </trkpt>
      <trkpt lat="51.7603158764541149139404296875" lon="5.61535385437309741973876953125">
        <ele>9</ele>
        <time>2025-03-10T10:58:24.000Z</time>
        <extensions>
          <ns3:TrackPointExtension>
            <ns3:hr>137</ns3:hr>
          </ns3:TrackPointExtension>
        </extensions>
      </trkpt>
      <trkpt lat="51.7603108473122119903564453125" lon="5.61534605920314788818359375">
        <ele>9</ele>
        <time>2025-03-10T10:58:25.000Z</time>
        <extensions>
          <ns3:TrackPointExtension>
            <ns3:hr>137</ns3:hr>
          </ns3:TrackPointExtension>
        </extensions>
      </trkpt>
      <trkpt lat="51.7602867074310779571533203125" lon="5.6153267808258533477783203125">
        <ele>8.80000019073486328125</ele>
        <time>2025-03-10T10:58:29.000Z</time>
        <extensions>
          <ns3:TrackPointExtension>
            <ns3:hr>139</ns3:hr>
          </ns3:TrackPointExtension>
        </extensions>
      </trkpt>
      <trkpt lat="51.7602521739900112152099609375" lon="5.6152925826609134674072265625">
        <ele>8.80000019073486328125</ele>
        <time>2025-03-10T10:58:34.000Z</time>
        <extensions>
          <ns3:TrackPointExtension>
            <ns3:hr>140</ns3:hr>
          </ns3:TrackPointExtension>
        </extensions>
      </trkpt>
      <trkpt lat="51.760227195918560028076171875" lon="5.615269280970096588134765625">
        <ele>9</ele>
        <time>2025-03-10T10:58:37.000Z</time>
        <extensions>
          <ns3:TrackPointExtension>
            <ns3:hr>136</ns3:hr>
          </ns3:TrackPointExtension>
        </extensions>
      </trkpt>
      <trkpt lat="51.76021638326346874237060546875" lon="5.615234076976776123046875">
        <ele>9</ele>
        <time>2025-03-10T10:58:40.000Z</time>
        <extensions>
          <ns3:TrackPointExtension>
            <ns3:hr>133</ns3:hr>
          </ns3:TrackPointExtension>
        </extensions>
      </trkpt>
      <trkpt lat="51.7602032236754894256591796875" lon="5.61523047275841236114501953125">
        <ele>8.80000019073486328125</ele>
        <time>2025-03-10T10:58:41.000Z</time>
        <extensions>
          <ns3:TrackPointExtension>
            <ns3:hr>134</ns3:hr>
          </ns3:TrackPointExtension>
        </extensions>
      </trkpt>
      <trkpt lat="51.76019735634326934814453125" lon="5.61522460542619228363037109375">
        <ele>8.80000019073486328125</ele>
        <time>2025-03-10T10:58:42.000Z</time>
        <extensions>
          <ns3:TrackPointExtension>
            <ns3:hr>137</ns3:hr>
          </ns3:TrackPointExtension>
        </extensions>
      </trkpt>
      <trkpt lat="51.76018260419368743896484375" lon="5.6152218393981456756591796875">
        <ele>9.6000003814697265625</ele>
        <time>2025-03-10T10:58:49.000Z</time>
        <extensions>
          <ns3:TrackPointExtension>
            <ns3:hr>137</ns3:hr>
          </ns3:TrackPointExtension>
        </extensions>
      </trkpt>
      <trkpt lat="51.7601968534290790557861328125" lon="5.61523080803453922271728515625">
        <ele>9.80000019073486328125</ele>
        <time>2025-03-10T10:58:56.000Z</time>
        <extensions>
          <ns3:TrackPointExtension>
            <ns3:hr>140</ns3:hr>
          </ns3:TrackPointExtension>
        </extensions>
      </trkpt>
      <trkpt lat="51.7601980268955230712890625" lon="5.61522175557911396026611328125">
        <ele>9.80000019073486328125</ele>
        <time>2025-03-10T10:58:57.000Z</time>
        <extensions>
          <ns3:TrackPointExtension>
            <ns3:hr>140</ns3:hr>
          </ns3:TrackPointExtension>
        </extensions>
      </trkpt>
      <trkpt lat="51.760174222290515899658203125" lon="5.6151641719043254852294921875">
        <ele>9.3999996185302734375</ele>
        <time>2025-03-10T10:59:03.000Z</time>
        <extensions>
          <ns3:TrackPointExtension>
            <ns3:hr>140</ns3:hr>
          </ns3:TrackPointExtension>
        </extensions>
      </trkpt>
      <trkpt lat="51.7601365037262439727783203125" lon="5.6150826998054981231689453125">
        <ele>9</ele>
        <time>2025-03-10T10:59:09.000Z</time>
        <extensions>
          <ns3:TrackPointExtension>
            <ns3:hr>142</ns3:hr>
          </ns3:TrackPointExtension>
        </extensions>
      </trkpt>
      <trkpt lat="51.7601120285689830780029296875" lon="5.615019835531711578369140625">
        <ele>9</ele>
        <time>2025-03-10T10:59:15.000Z</time>
        <extensions>
          <ns3:TrackPointExtension>
            <ns3:hr>142</ns3:hr>
          </ns3:TrackPointExtension>
        </extensions>
      </trkpt>
      <trkpt lat="51.76010138355195522308349609375" lon="5.61498463153839111328125">
        <ele>9</ele>
        <time>2025-03-10T10:59:18.000Z</time>
        <extensions>
          <ns3:TrackPointExtension>
            <ns3:hr>139</ns3:hr>
          </ns3:TrackPointExtension>
        </extensions>
      </trkpt>
      <trkpt lat="51.76009551621973514556884765625" lon="5.61496878974139690399169921875">
        <ele>9</ele>
        <time>2025-03-10T10:59:20.000Z</time>
        <extensions>
          <ns3:TrackPointExtension>
            <ns3:hr>137</ns3:hr>
          </ns3:TrackPointExtension>
        </extensions>
      </trkpt>
      <trkpt lat="51.7600687779486179351806640625" lon="5.6148842163383960723876953125">
        <ele>9</ele>
        <time>2025-03-10T10:59:25.000Z</time>
        <extensions>
          <ns3:TrackPointExtension>
            <ns3:hr>137</ns3:hr>
          </ns3:TrackPointExtension>
        </extensions>
      </trkpt>
      <trkpt lat="51.76004908047616481781005859375" lon="5.6148402951657772064208984375">
        <ele>9.19999980926513671875</ele>
        <time>2025-03-10T10:59:30.000Z</time>
        <extensions>
          <ns3:TrackPointExtension>
            <ns3:hr>139</ns3:hr>
          </ns3:TrackPointExtension>
        </extensions>
      </trkpt>
      <trkpt lat="51.760043464601039886474609375" lon="5.61481925658881664276123046875">
        <ele>9.19999980926513671875</ele>
        <time>2025-03-10T10:59:35.000Z</time>
        <extensions>
          <ns3:TrackPointExtension>
            <ns3:hr>142</ns3:hr>
          </ns3:TrackPointExtension>
        </extensions>
      </trkpt>
      <trkpt lat="51.76004086621105670928955078125" lon="5.61481523327529430389404296875">
        <ele>9.19999980926513671875</ele>
        <time>2025-03-10T10:59:36.000Z</time>
        <extensions>
          <ns3:TrackPointExtension>
            <ns3:hr>142</ns3:hr>
          </ns3:TrackPointExtension>
        </extensions>
      </trkpt>
      <trkpt lat="51.760042123496532440185546875" lon="5.61478505842387676239013671875">
        <ele>9.19999980926513671875</ele>
        <time>2025-03-10T10:59:39.000Z</time>
        <extensions>
          <ns3:TrackPointExtension>
            <ns3:hr>137</ns3:hr>
          </ns3:TrackPointExtension>
        </extensions>
      </trkpt>
      <trkpt lat="51.76003432832658290863037109375" lon="5.6147571466863155364990234375">
        <ele>9</ele>
        <time>2025-03-10T10:59:42.000Z</time>
        <extensions>
          <ns3:TrackPointExtension>
            <ns3:hr>138</ns3:hr>
          </ns3:TrackPointExtension>
        </extensions>
      </trkpt>
      <trkpt lat="51.760011948645114898681640625" lon="5.61472118832170963287353515625">
        <ele>9</ele>
        <time>2025-03-10T10:59:46.000Z</time>
        <extensions>
          <ns3:TrackPointExtension>
            <ns3:hr>141</ns3:hr>
          </ns3:TrackPointExtension>
        </extensions>
      </trkpt>
      <trkpt lat="51.76000683568418025970458984375" lon="5.614699982106685638427734375">
        <ele>9</ele>
        <time>2025-03-10T10:59:48.000Z</time>
        <extensions>
          <ns3:TrackPointExtension>
            <ns3:hr>142</ns3:hr>
          </ns3:TrackPointExtension>
        </extensions>
      </trkpt>
      <trkpt lat="51.75999577157199382781982421875" lon="5.614671148359775543212890625">
        <ele>9</ele>
        <time>2025-03-10T10:59:53.000Z</time>
        <extensions>
          <ns3:TrackPointExtension>
            <ns3:hr>144</ns3:hr>
          </ns3:TrackPointExtension>
        </extensions>
      </trkpt>
      <trkpt lat="51.7599963583052158355712890625" lon="5.6146696396172046661376953125">
        <ele>9</ele>
        <time>2025-03-10T10:59:55.000Z</time>
        <extensions>
          <ns3:TrackPointExtension>
            <ns3:hr>141</ns3:hr>
          </ns3:TrackPointExtension>
        </extensions>
      </trkpt>
      <trkpt lat="51.759996525943279266357421875" lon="5.61466888524591922760009765625">
        <ele>9</ele>
        <time>2025-03-10T10:59:56.000Z</time>
        <extensions>
          <ns3:TrackPointExtension>
            <ns3:hr>137</ns3:hr>
          </ns3:TrackPointExtension>
        </extensions>
      </trkpt>
      <trkpt lat="51.75999325700104236602783203125" lon="5.614670477807521820068359375">
        <ele>9</ele>
        <time>2025-03-10T10:59:57.000Z</time>
        <extensions>
          <ns3:TrackPointExtension>
            <ns3:hr>132</ns3:hr>
          </ns3:TrackPointExtension>
        </extensions>
      </trkpt>
      <trkpt lat="51.759985797107219696044921875" lon="5.614673830568790435791015625">
        <ele>9</ele>
        <time>2025-03-10T11:00:00.000Z</time>
        <extensions>
          <ns3:TrackPointExtension>
            <ns3:hr>130</ns3:hr>
          </ns3:TrackPointExtension>
        </extensions>
      </trkpt>
      <trkpt lat="51.7599485814571380615234375" lon="5.6146535463631153106689453125">
        <ele>9</ele>
        <time>2025-03-10T11:00:06.000Z</time>
        <extensions>
          <ns3:TrackPointExtension>
            <ns3:hr>131</ns3:hr>
          </ns3:TrackPointExtension>
        </extensions>
      </trkpt>
      <trkpt lat="51.7599189095199108123779296875" lon="5.6146062724292278289794921875">
        <ele>9</ele>
        <time>2025-03-10T11:00:11.000Z</time>
        <extensions>
          <ns3:TrackPointExtension>
            <ns3:hr>134</ns3:hr>
          </ns3:TrackPointExtension>
        </extensions>
      </trkpt>
      <trkpt lat="51.7599152214825153350830078125" lon="5.61459772288799285888671875">
        <ele>9</ele>
        <time>2025-03-10T11:00:12.000Z</time>
        <extensions>
          <ns3:TrackPointExtension>
            <ns3:hr>136</ns3:hr>
          </ns3:TrackPointExtension>
        </extensions>
      </trkpt>
      <trkpt lat="51.7599058337509632110595703125" lon="5.61457651667296886444091796875">
        <ele>8.80000019073486328125</ele>
        <time>2025-03-10T11:00:14.000Z</time>
        <extensions>
          <ns3:TrackPointExtension>
            <ns3:hr>142</ns3:hr>
          </ns3:TrackPointExtension>
        </extensions>
      </trkpt>
      <trkpt lat="51.7598976194858551025390625" lon="5.61455891467630863189697265625">
        <ele>8.80000019073486328125</ele>
        <time>2025-03-10T11:00:15.000Z</time>
        <extensions>
          <ns3:TrackPointExtension>
            <ns3:hr>146</ns3:hr>
          </ns3:TrackPointExtension>
        </extensions>
      </trkpt>
      <trkpt lat="51.759893260896205902099609375" lon="5.61453645117580890655517578125">
        <ele>8.80000019073486328125</ele>
        <time>2025-03-10T11:00:18.000Z</time>
        <extensions>
          <ns3:TrackPointExtension>
            <ns3:hr>148</ns3:hr>
          </ns3:TrackPointExtension>
        </extensions>
      </trkpt>
      <trkpt lat="51.75987171940505504608154296875" lon="5.61445766128599643707275390625">
        <ele>8.80000019073486328125</ele>
        <time>2025-03-10T11:00:23.000Z</time>
        <extensions>
          <ns3:TrackPointExtension>
            <ns3:hr>149</ns3:hr>
          </ns3:TrackPointExtension>
        </extensions>
      </trkpt>
      <trkpt lat="51.75984808243811130523681640625" lon="5.614420361816883087158203125">
        <ele>9</ele>
        <time>2025-03-10T11:00:28.000Z</time>
        <extensions>
          <ns3:TrackPointExtension>
            <ns3:hr>149</ns3:hr>
          </ns3:TrackPointExtension>
        </extensions>
      </trkpt>
      <trkpt lat="51.759829223155975341796875" lon="5.61437082476913928985595703125">
        <ele>9</ele>
        <time>2025-03-10T11:00:34.000Z</time>
        <extensions>
          <ns3:TrackPointExtension>
            <ns3:hr>149</ns3:hr>
          </ns3:TrackPointExtension>
        </extensions>
      </trkpt>
      <trkpt lat="51.75981103442609310150146484375" lon="5.61431768350303173065185546875">
        <ele>9</ele>
        <time>2025-03-10T11:00:39.000Z</time>
        <extensions>
          <ns3:TrackPointExtension>
            <ns3:hr>152</ns3:hr>
          </ns3:TrackPointExtension>
        </extensions>
      </trkpt>
      <trkpt lat="51.75980851985514163970947265625" lon="5.6143159233033657073974609375">
        <ele>9</ele>
        <time>2025-03-10T11:00:41.000Z</time>
        <extensions>
          <ns3:TrackPointExtension>
            <ns3:hr>150</ns3:hr>
          </ns3:TrackPointExtension>
        </extensions>
      </trkpt>
      <trkpt lat="51.75981740467250347137451171875" lon="5.61428767628967761993408203125">
        <ele>9</ele>
        <time>2025-03-10T11:00:45.000Z</time>
        <extensions>
          <ns3:TrackPointExtension>
            <ns3:hr>147</ns3:hr>
          </ns3:TrackPointExtension>
        </extensions>
      </trkpt>
      <trkpt lat="51.7598250322043895721435546875" lon="5.6142874248325824737548828125">
        <ele>9</ele>
        <time>2025-03-10T11:00:47.000Z</time>
        <extensions>
          <ns3:TrackPointExtension>
            <ns3:hr>145</ns3:hr>
          </ns3:TrackPointExtension>
        </extensions>
      </trkpt>
      <trkpt lat="51.75984841771423816680908203125" lon="5.6142877601087093353271484375">
        <ele>9.80000019073486328125</ele>
        <time>2025-03-10T11:00:53.000Z</time>
        <extensions>
          <ns3:TrackPointExtension>
            <ns3:hr>145</ns3:hr>
          </ns3:TrackPointExtension>
        </extensions>
      </trkpt>
      <trkpt lat="51.7598438076674938201904296875" lon="5.61427242122590541839599609375">
        <ele>9.19999980926513671875</ele>
        <time>2025-03-10T11:00:57.000Z</time>
        <extensions>
          <ns3:TrackPointExtension>
            <ns3:hr>145</ns3:hr>
          </ns3:TrackPointExtension>
        </extensions>
      </trkpt>
      <trkpt lat="51.759834252297878265380859375" lon="5.6142579205334186553955078125">
        <ele>9.19999980926513671875</ele>
        <time>2025-03-10T11:00:59.000Z</time>
        <extensions>
          <ns3:TrackPointExtension>
            <ns3:hr>148</ns3:hr>
          </ns3:TrackPointExtension>
        </extensions>
      </trkpt>
      <trkpt lat="51.75982913933694362640380859375" lon="5.61424878425896167755126953125">
        <ele>9.19999980926513671875</ele>
        <time>2025-03-10T11:01:01.000Z</time>
        <extensions>
          <ns3:TrackPointExtension>
            <ns3:hr>151</ns3:hr>
          </ns3:TrackPointExtension>
        </extensions>
      </trkpt>
      <trkpt lat="51.75981958396732807159423828125" lon="5.6142005883157253265380859375">
        <ele>9.3999996185302734375</ele>
        <time>2025-03-10T11:01:07.000Z</time>
        <extensions>
          <ns3:TrackPointExtension>
            <ns3:hr>149</ns3:hr>
          </ns3:TrackPointExtension>
        </extensions>
      </trkpt>
      <trkpt lat="51.7598079331219196319580078125" lon="5.614195056259632110595703125">
        <ele>9.3999996185302734375</ele>
        <time>2025-03-10T11:01:13.000Z</time>
        <extensions>
          <ns3:TrackPointExtension>
            <ns3:hr>147</ns3:hr>
          </ns3:TrackPointExtension>
        </extensions>
      </trkpt>
      <trkpt lat="51.75980173051357269287109375" lon="5.6141908653080463409423828125">
        <ele>9.3999996185302734375</ele>
        <time>2025-03-10T11:01:17.000Z</time>
        <extensions>
          <ns3:TrackPointExtension>
            <ns3:hr>144</ns3:hr>
          </ns3:TrackPointExtension>
        </extensions>
      </trkpt>
      <trkpt lat="51.75979712046682834625244140625" lon="5.61420285142958164215087890625">
        <ele>9.3999996185302734375</ele>
        <time>2025-03-10T11:01:20.000Z</time>
        <extensions>
          <ns3:TrackPointExtension>
            <ns3:hr>143</ns3:hr>
          </ns3:TrackPointExtension>
        </extensions>
      </trkpt>
      <trkpt lat="51.75978203304111957550048828125" lon="5.61420368961989879608154296875">
        <ele>9.3999996185302734375</ele>
        <time>2025-03-10T11:01:24.000Z</time>
        <extensions>
          <ns3:TrackPointExtension>
            <ns3:hr>144</ns3:hr>
          </ns3:TrackPointExtension>
        </extensions>
      </trkpt>
      <trkpt lat="51.75976225174963474273681640625" lon="5.6141553260385990142822265625">
        <ele>9.3999996185302734375</ele>
        <time>2025-03-10T11:01:29.000Z</time>
        <extensions>
          <ns3:TrackPointExtension>
            <ns3:hr>143</ns3:hr>
          </ns3:TrackPointExtension>
        </extensions>
      </trkpt>
      <trkpt lat="51.759748756885528564453125" lon="5.614118278026580810546875">
        <ele>9.19999980926513671875</ele>
        <time>2025-03-10T11:01:34.000Z</time>
        <extensions>
          <ns3:TrackPointExtension>
            <ns3:hr>143</ns3:hr>
          </ns3:TrackPointExtension>
        </extensions>
      </trkpt>
      <trkpt lat="51.7597286403179168701171875" lon="5.61406941153109073638916015625">
        <ele>9.3999996185302734375</ele>
        <time>2025-03-10T11:01:39.000Z</time>
        <extensions>
          <ns3:TrackPointExtension>
            <ns3:hr>143</ns3:hr>
          </ns3:TrackPointExtension>
        </extensions>
      </trkpt>
      <trkpt lat="51.75971179269254207611083984375" lon="5.61401291750371456146240234375">
        <ele>9.3999996185302734375</ele>
        <time>2025-03-10T11:01:44.000Z</time>
        <extensions>
          <ns3:TrackPointExtension>
            <ns3:hr>143</ns3:hr>
          </ns3:TrackPointExtension>
        </extensions>
      </trkpt>
      <trkpt lat="51.75968798808753490447998046875" lon="5.6139719299972057342529296875">
        <ele>9.3999996185302734375</ele>
        <time>2025-03-10T11:01:48.000Z</time>
        <extensions>
          <ns3:TrackPointExtension>
            <ns3:hr>143</ns3:hr>
          </ns3:TrackPointExtension>
        </extensions>
      </trkpt>
      <trkpt lat="51.7596674524247646331787109375" lon="5.613945610821247100830078125">
        <ele>9.6000003814697265625</ele>
        <time>2025-03-10T11:01:53.000Z</time>
        <extensions>
          <ns3:TrackPointExtension>
            <ns3:hr>143</ns3:hr>
          </ns3:TrackPointExtension>
        </extensions>
      </trkpt>
      <trkpt lat="51.75965848378837108612060546875" lon="5.613928847014904022216796875">
        <ele>9.6000003814697265625</ele>
        <time>2025-03-10T11:01:59.000Z</time>
        <extensions>
          <ns3:TrackPointExtension>
            <ns3:hr>145</ns3:hr>
          </ns3:TrackPointExtension>
        </extensions>
      </trkpt>
      <trkpt lat="51.75964859314262866973876953125" lon="5.61388920061290264129638671875">
        <ele>9.80000019073486328125</ele>
        <time>2025-03-10T11:02:04.000Z</time>
        <extensions>
          <ns3:TrackPointExtension>
            <ns3:hr>147</ns3:hr>
          </ns3:TrackPointExtension>
        </extensions>
      </trkpt>
      <trkpt lat="51.7596295662224292755126953125" lon="5.6138488836586475372314453125">
        <ele>9.80000019073486328125</ele>
        <time>2025-03-10T11:02:10.000Z</time>
        <extensions>
          <ns3:TrackPointExtension>
            <ns3:hr>148</ns3:hr>
          </ns3:TrackPointExtension>
        </extensions>
      </trkpt>
      <trkpt lat="51.75959092564880847930908203125" lon="5.6137590296566486358642578125">
        <ele>9.6000003814697265625</ele>
        <time>2025-03-10T11:02:17.000Z</time>
        <extensions>
          <ns3:TrackPointExtension>
            <ns3:hr>149</ns3:hr>
          </ns3:TrackPointExtension>
        </extensions>
      </trkpt>
      <trkpt lat="51.75957466475665569305419921875" lon="5.613705553114414215087890625">
        <ele>10</ele>
        <time>2025-03-10T11:02:22.000Z</time>
        <extensions>
          <ns3:TrackPointExtension>
            <ns3:hr>148</ns3:hr>
          </ns3:TrackPointExtension>
        </extensions>
      </trkpt>
      <trkpt lat="51.75957231782376766204833984375" lon="5.61368769966065883636474609375">
        <ele>10</ele>
        <time>2025-03-10T11:02:23.000Z</time>
        <extensions>
          <ns3:TrackPointExtension>
            <ns3:hr>148</ns3:hr>
          </ns3:TrackPointExtension>
        </extensions>
      </trkpt>
      <trkpt lat="51.75959494896233081817626953125" lon="5.6136379949748516082763671875">
        <ele>10</ele>
        <time>2025-03-10T11:02:29.000Z</time>
        <extensions>
          <ns3:TrackPointExtension>
            <ns3:hr>148</ns3:hr>
          </ns3:TrackPointExtension>
        </extensions>
      </trkpt>
      <trkpt lat="51.7596159875392913818359375" lon="5.61361142434179782867431640625">
        <ele>9.80000019073486328125</ele>
        <time>2025-03-10T11:02:35.000Z</time>
        <extensions>
          <ns3:TrackPointExtension>
            <ns3:hr>149</ns3:hr>
          </ns3:TrackPointExtension>
        </extensions>
      </trkpt>
      <trkpt lat="51.7596168257296085357666015625" lon="5.61357990838587284088134765625">
        <ele>9.80000019073486328125</ele>
        <time>2025-03-10T11:02:40.000Z</time>
        <extensions>
          <ns3:TrackPointExtension>
            <ns3:hr>148</ns3:hr>
          </ns3:TrackPointExtension>
        </extensions>
      </trkpt>
      <trkpt lat="51.75962260924279689788818359375" lon="5.61353623867034912109375">
        <ele>10</ele>
        <time>2025-03-10T11:02:43.000Z</time>
        <extensions>
          <ns3:TrackPointExtension>
            <ns3:hr>144</ns3:hr>
          </ns3:TrackPointExtension>
        </extensions>
      </trkpt>
      <trkpt lat="51.759627051651477813720703125" lon="5.61351654119789600372314453125">
        <ele>10</ele>
        <time>2025-03-10T11:02:45.000Z</time>
        <extensions>
          <ns3:TrackPointExtension>
            <ns3:hr>144</ns3:hr>
          </ns3:TrackPointExtension>
        </extensions>
      </trkpt>
      <trkpt lat="51.759650520980358123779296875" lon="5.6134589575231075286865234375">
        <ele>10.19999980926513671875</ele>
        <time>2025-03-10T11:02:51.000Z</time>
        <extensions>
          <ns3:TrackPointExtension>
            <ns3:hr>144</ns3:hr>
          </ns3:TrackPointExtension>
        </extensions>
      </trkpt>
      <trkpt lat="51.7596607469022274017333984375" lon="5.61344529502093791961669921875">
        <ele>10.19999980926513671875</ele>
        <time>2025-03-10T11:02:53.000Z</time>
        <extensions>
          <ns3:TrackPointExtension>
            <ns3:hr>148</ns3:hr>
          </ns3:TrackPointExtension>
        </extensions>
      </trkpt>
      <trkpt lat="51.7596776783466339111328125" lon="5.61342501081526279449462890625">
        <ele>10.80000019073486328125</ele>
        <time>2025-03-10T11:03:00.000Z</time>
        <extensions>
          <ns3:TrackPointExtension>
            <ns3:hr>147</ns3:hr>
          </ns3:TrackPointExtension>
        </extensions>
      </trkpt>
      <trkpt lat="51.75973593257367610931396484375" lon="5.6133949197828769683837890625">
        <ele>10.3999996185302734375</ele>
        <time>2025-03-10T11:03:06.000Z</time>
        <extensions>
          <ns3:TrackPointExtension>
            <ns3:hr>145</ns3:hr>
          </ns3:TrackPointExtension>
        </extensions>
      </trkpt>
      <trkpt lat="51.75976241938769817352294921875" lon="5.6133707799017429351806640625">
        <ele>10</ele>
        <time>2025-03-10T11:03:11.000Z</time>
        <extensions>
          <ns3:TrackPointExtension>
            <ns3:hr>145</ns3:hr>
          </ns3:TrackPointExtension>
        </extensions>
      </trkpt>
      <trkpt lat="51.7598404549062252044677734375" lon="5.61333800666034221649169921875">
        <ele>10</ele>
        <time>2025-03-10T11:03:19.000Z</time>
        <extensions>
          <ns3:TrackPointExtension>
            <ns3:hr>145</ns3:hr>
          </ns3:TrackPointExtension>
        </extensions>
      </trkpt>
      <trkpt lat="51.75987389869987964630126953125" lon="5.61331294476985931396484375">
        <ele>10</ele>
        <time>2025-03-10T11:03:24.000Z</time>
        <extensions>
          <ns3:TrackPointExtension>
            <ns3:hr>146</ns3:hr>
          </ns3:TrackPointExtension>
        </extensions>
      </trkpt>
      <trkpt lat="51.75986937247216701507568359375" lon="5.6133256852626800537109375">
        <ele>10.6000003814697265625</ele>
        <time>2025-03-10T11:03:29.000Z</time>
        <extensions>
          <ns3:TrackPointExtension>
            <ns3:hr>149</ns3:hr>
          </ns3:TrackPointExtension>
        </extensions>
      </trkpt>
      <trkpt lat="51.75986417569220066070556640625" lon="5.61333146877586841583251953125">
        <ele>10.80000019073486328125</ele>
        <time>2025-03-10T11:03:31.000Z</time>
        <extensions>
          <ns3:TrackPointExtension>
            <ns3:hr>149</ns3:hr>
          </ns3:TrackPointExtension>
        </extensions>
      </trkpt>
      <trkpt lat="51.759869791567325592041015625" lon="5.6133530102670192718505859375">
        <ele>10.80000019073486328125</ele>
        <time>2025-03-10T11:03:37.000Z</time>
        <extensions>
          <ns3:TrackPointExtension>
            <ns3:hr>145</ns3:hr>
          </ns3:TrackPointExtension>
        </extensions>
      </trkpt>
      <trkpt lat="51.75987473689019680023193359375" lon="5.6133483164012432098388671875">
        <ele>10.80000019073486328125</ele>
        <time>2025-03-10T11:03:38.000Z</time>
        <extensions>
          <ns3:TrackPointExtension>
            <ns3:hr>142</ns3:hr>
          </ns3:TrackPointExtension>
        </extensions>
      </trkpt>
      <trkpt lat="51.75987842492759227752685546875" lon="5.61332099139690399169921875">
        <ele>10.80000019073486328125</ele>
        <time>2025-03-10T11:03:43.000Z</time>
        <extensions>
          <ns3:TrackPointExtension>
            <ns3:hr>141</ns3:hr>
          </ns3:TrackPointExtension>
        </extensions>
      </trkpt>
      <trkpt lat="51.7598868906497955322265625" lon="5.6133650802075862884521484375">
        <ele>10.80000019073486328125</ele>
        <time>2025-03-10T11:03:51.000Z</time>
        <extensions>
          <ns3:TrackPointExtension>
            <ns3:hr>140</ns3:hr>
          </ns3:TrackPointExtension>
        </extensions>
      </trkpt>
      <trkpt lat="51.759887225925922393798828125" lon="5.6133248470723628997802734375">
        <ele>10.80000019073486328125</ele>
        <time>2025-03-10T11:03:54.000Z</time>
        <extensions>
          <ns3:TrackPointExtension>
            <ns3:hr>137</ns3:hr>
          </ns3:TrackPointExtension>
        </extensions>
      </trkpt>
      <trkpt lat="51.75988798029720783233642578125" lon="5.61329006217420101165771484375">
        <ele>10.80000019073486328125</ele>
        <time>2025-03-10T11:03:56.000Z</time>
        <extensions>
          <ns3:TrackPointExtension>
            <ns3:hr>137</ns3:hr>
          </ns3:TrackPointExtension>
        </extensions>
      </trkpt>
      <trkpt lat="51.75988412462174892425537109375" lon="5.61325301416218280792236328125">
        <ele>10.19999980926513671875</ele>
        <time>2025-03-10T11:03:58.000Z</time>
        <extensions>
          <ns3:TrackPointExtension>
            <ns3:hr>137</ns3:hr>
          </ns3:TrackPointExtension>
        </extensions>
      </trkpt>
      <trkpt lat="51.7598790116608142852783203125" lon="5.61323809437453746795654296875">
        <ele>10</ele>
        <time>2025-03-10T11:04:00.000Z</time>
        <extensions>
          <ns3:TrackPointExtension>
            <ns3:hr>140</ns3:hr>
          </ns3:TrackPointExtension>
        </extensions>
      </trkpt>
      <trkpt lat="51.759867109358310699462890625" lon="5.61321311630308628082275390625">
        <ele>10</ele>
        <time>2025-03-10T11:04:02.000Z</time>
        <extensions>
          <ns3:TrackPointExtension>
            <ns3:hr>142</ns3:hr>
          </ns3:TrackPointExtension>
        </extensions>
      </trkpt>
      <trkpt lat="51.75987389869987964630126953125" lon="5.61321680434048175811767578125">
        <ele>10.19999980926513671875</ele>
        <time>2025-03-10T11:04:10.000Z</time>
        <extensions>
          <ns3:TrackPointExtension>
            <ns3:hr>142</ns3:hr>
          </ns3:TrackPointExtension>
        </extensions>
      </trkpt>
      <trkpt lat="51.75984087400138378143310546875" lon="5.61317615211009979248046875">
        <ele>10.19999980926513671875</ele>
        <time>2025-03-10T11:04:15.000Z</time>
        <extensions>
          <ns3:TrackPointExtension>
            <ns3:hr>142</ns3:hr>
          </ns3:TrackPointExtension>
        </extensions>
      </trkpt>
      <trkpt lat="51.75980935804545879364013671875" lon="5.61311152763664722442626953125">
        <ele>10</ele>
        <time>2025-03-10T11:04:21.000Z</time>
        <extensions>
          <ns3:TrackPointExtension>
            <ns3:hr>142</ns3:hr>
          </ns3:TrackPointExtension>
        </extensions>
      </trkpt>
      <trkpt lat="51.75976962782442569732666015625" lon="5.613070540130138397216796875">
        <ele>9.80000019073486328125</ele>
        <time>2025-03-10T11:04:26.000Z</time>
        <extensions>
          <ns3:TrackPointExtension>
            <ns3:hr>143</ns3:hr>
          </ns3:TrackPointExtension>
        </extensions>
      </trkpt>
      <trkpt lat="51.7597620002925395965576171875" lon="5.61307230032980442047119140625">
        <ele>9.80000019073486328125</ele>
        <time>2025-03-10T11:04:27.000Z</time>
        <extensions>
          <ns3:TrackPointExtension>
            <ns3:hr>143</ns3:hr>
          </ns3:TrackPointExtension>
        </extensions>
      </trkpt>
      <trkpt lat="51.75975118763744831085205078125" lon="5.61305436305701732635498046875">
        <ele>9.80000019073486328125</ele>
        <time>2025-03-10T11:04:29.000Z</time>
        <extensions>
          <ns3:TrackPointExtension>
            <ns3:hr>143</ns3:hr>
          </ns3:TrackPointExtension>
        </extensions>
      </trkpt>
      <trkpt lat="51.75972201861441135406494140625" lon="5.61300943605601787567138671875">
        <ele>9.80000019073486328125</ele>
        <time>2025-03-10T11:04:32.000Z</time>
        <extensions>
          <ns3:TrackPointExtension>
            <ns3:hr>143</ns3:hr>
          </ns3:TrackPointExtension>
        </extensions>
      </trkpt>
      <trkpt lat="51.75970072858035564422607421875" lon="5.61296501196920871734619140625">
        <ele>10</ele>
        <time>2025-03-10T11:04:36.000Z</time>
        <extensions>
          <ns3:TrackPointExtension>
            <ns3:hr>143</ns3:hr>
          </ns3:TrackPointExtension>
        </extensions>
      </trkpt>
      <trkpt lat="51.7596972920000553131103515625" lon="5.61294816434383392333984375">
        <ele>10</ele>
        <time>2025-03-10T11:04:37.000Z</time>
        <extensions>
          <ns3:TrackPointExtension>
            <ns3:hr>144</ns3:hr>
          </ns3:TrackPointExtension>
        </extensions>
      </trkpt>
      <trkpt lat="51.75967969000339508056640625" lon="5.61287130229175090789794921875">
        <ele>10</ele>
        <time>2025-03-10T11:04:42.000Z</time>
        <extensions>
          <ns3:TrackPointExtension>
            <ns3:hr>144</ns3:hr>
          </ns3:TrackPointExtension>
        </extensions>
      </trkpt>
      <trkpt lat="51.75968128256499767303466796875" lon="5.6128182448446750640869140625">
        <ele>10.19999980926513671875</ele>
        <time>2025-03-10T11:04:46.000Z</time>
        <extensions>
          <ns3:TrackPointExtension>
            <ns3:hr>141</ns3:hr>
          </ns3:TrackPointExtension>
        </extensions>
      </trkpt>
      <trkpt lat="51.75968044437468051910400390625" lon="5.61281816102564334869384765625">
        <ele>10.19999980926513671875</ele>
        <time>2025-03-10T11:04:47.000Z</time>
        <extensions>
          <ns3:TrackPointExtension>
            <ns3:hr>142</ns3:hr>
          </ns3:TrackPointExtension>
        </extensions>
      </trkpt>
      <trkpt lat="51.7596749961376190185546875" lon="5.61282168142497539520263671875">
        <ele>11</ele>
        <time>2025-03-10T11:04:51.000Z</time>
        <extensions>
          <ns3:TrackPointExtension>
            <ns3:hr>142</ns3:hr>
          </ns3:TrackPointExtension>
        </extensions>
      </trkpt>
      <trkpt lat="51.75967273302376270294189453125" lon="5.61280827037990093231201171875">
        <ele>11.19999980926513671875</ele>
        <time>2025-03-10T11:04:55.000Z</time>
        <extensions>
          <ns3:TrackPointExtension>
            <ns3:hr>142</ns3:hr>
          </ns3:TrackPointExtension>
        </extensions>
      </trkpt>
      <trkpt lat="51.7596724815666675567626953125" lon="5.61283593066036701202392578125">
        <ele>11.19999980926513671875</ele>
        <time>2025-03-10T11:05:05.000Z</time>
        <extensions>
          <ns3:TrackPointExtension>
            <ns3:hr>140</ns3:hr>
          </ns3:TrackPointExtension>
        </extensions>
      </trkpt>
      <trkpt lat="51.75967608578503131866455078125" lon="5.61284758150577545166015625">
        <ele>11.19999980926513671875</ele>
        <time>2025-03-10T11:05:12.000Z</time>
        <extensions>
          <ns3:TrackPointExtension>
            <ns3:hr>137</ns3:hr>
          </ns3:TrackPointExtension>
        </extensions>
      </trkpt>
      <trkpt lat="51.7596761696040630340576171875" lon="5.612849257886409759521484375">
        <ele>11.19999980926513671875</ele>
        <time>2025-03-10T11:05:13.000Z</time>
        <extensions>
          <ns3:TrackPointExtension>
            <ns3:hr>137</ns3:hr>
          </ns3:TrackPointExtension>
        </extensions>
      </trkpt>
      <trkpt lat="51.75967273302376270294189453125" lon="5.61283458955585956573486328125">
        <ele>10.80000019073486328125</ele>
        <time>2025-03-10T11:05:20.000Z</time>
        <extensions>
          <ns3:TrackPointExtension>
            <ns3:hr>137</ns3:hr>
          </ns3:TrackPointExtension>
        </extensions>
      </trkpt>
      <trkpt lat="51.75965010188519954681396484375" lon="5.61282805167138576507568359375">
        <ele>10.6000003814697265625</ele>
        <time>2025-03-10T11:05:28.000Z</time>
        <extensions>
          <ns3:TrackPointExtension>
            <ns3:hr>136</ns3:hr>
          </ns3:TrackPointExtension>
        </extensions>
      </trkpt>
      <trkpt lat="51.75960836000740528106689453125" lon="5.612767450511455535888671875">
        <ele>10</ele>
        <time>2025-03-10T11:05:33.000Z</time>
        <extensions>
          <ns3:TrackPointExtension>
            <ns3:hr>139</ns3:hr>
          </ns3:TrackPointExtension>
        </extensions>
      </trkpt>
      <trkpt lat="51.7595993913710117340087890625" lon="5.6127612479031085968017578125">
        <ele>10</ele>
        <time>2025-03-10T11:05:34.000Z</time>
        <extensions>
          <ns3:TrackPointExtension>
            <ns3:hr>140</ns3:hr>
          </ns3:TrackPointExtension>
        </extensions>
      </trkpt>
      <trkpt lat="51.7595863156020641326904296875" lon="5.6127599067986011505126953125">
        <ele>10</ele>
        <time>2025-03-10T11:05:36.000Z</time>
        <extensions>
          <ns3:TrackPointExtension>
            <ns3:hr>143</ns3:hr>
          </ns3:TrackPointExtension>
        </extensions>
      </trkpt>
      <trkpt lat="51.759555302560329437255859375" lon="5.61272629536688327789306640625">
        <ele>10.19999980926513671875</ele>
        <time>2025-03-10T11:05:40.000Z</time>
        <extensions>
          <ns3:TrackPointExtension>
            <ns3:hr>145</ns3:hr>
          </ns3:TrackPointExtension>
        </extensions>
      </trkpt>
      <trkpt lat="51.7595199309289455413818359375" lon="5.6126375310122966766357421875">
        <ele>10</ele>
        <time>2025-03-10T11:05:46.000Z</time>
        <extensions>
          <ns3:TrackPointExtension>
            <ns3:hr>145</ns3:hr>
          </ns3:TrackPointExtension>
        </extensions>
      </trkpt>
      <trkpt lat="51.75950190983712673187255859375" lon="5.612567961215972900390625">
        <ele>10</ele>
        <time>2025-03-10T11:05:51.000Z</time>
        <extensions>
          <ns3:TrackPointExtension>
            <ns3:hr>145</ns3:hr>
          </ns3:TrackPointExtension>
        </extensions>
      </trkpt>
      <trkpt lat="51.75949000753462314605712890625" lon="5.61253200285136699676513671875">
        <ele>10</ele>
        <time>2025-03-10T11:05:54.000Z</time>
        <extensions>
          <ns3:TrackPointExtension>
            <ns3:hr>142</ns3:hr>
          </ns3:TrackPointExtension>
        </extensions>
      </trkpt>
      <trkpt lat="51.75948833115398883819580078125" lon="5.61252571642398834228515625">
        <ele>10</ele>
        <time>2025-03-10T11:05:56.000Z</time>
        <extensions>
          <ns3:TrackPointExtension>
            <ns3:hr>142</ns3:hr>
          </ns3:TrackPointExtension>
        </extensions>
      </trkpt>
      <trkpt lat="51.75946385599672794342041015625" lon="5.61245975084602832794189453125">
        <ele>10.19999980926513671875</ele>
        <time>2025-03-10T11:06:01.000Z</time>
        <extensions>
          <ns3:TrackPointExtension>
            <ns3:hr>143</ns3:hr>
          </ns3:TrackPointExtension>
        </extensions>
      </trkpt>
      <trkpt lat="51.759448684751987457275390625" lon="5.612393282353878021240234375">
        <ele>10</ele>
        <time>2025-03-10T11:06:07.000Z</time>
        <extensions>
          <ns3:TrackPointExtension>
            <ns3:hr>144</ns3:hr>
          </ns3:TrackPointExtension>
        </extensions>
      </trkpt>
      <trkpt lat="51.75945564173161983489990234375" lon="5.61235296539962291717529296875">
        <ele>10</ele>
        <time>2025-03-10T11:06:12.000Z</time>
        <extensions>
          <ns3:TrackPointExtension>
            <ns3:hr>141</ns3:hr>
          </ns3:TrackPointExtension>
        </extensions>
      </trkpt>
      <trkpt lat="51.7594523727893829345703125" lon="5.612334944307804107666015625">
        <ele>10.80000019073486328125</ele>
        <time>2025-03-10T11:06:21.000Z</time>
        <extensions>
          <ns3:TrackPointExtension>
            <ns3:hr>140</ns3:hr>
          </ns3:TrackPointExtension>
        </extensions>
      </trkpt>
      <trkpt lat="51.7594646103680133819580078125" lon="5.6123689748346805572509765625">
        <ele>11</ele>
        <time>2025-03-10T11:06:31.000Z</time>
        <extensions>
          <ns3:TrackPointExtension>
            <ns3:hr>138</ns3:hr>
          </ns3:TrackPointExtension>
        </extensions>
      </trkpt>
      <trkpt lat="51.7594505287706851959228515625" lon="5.61239051632583141326904296875">
        <ele>11</ele>
        <time>2025-03-10T11:06:39.000Z</time>
        <extensions>
          <ns3:TrackPointExtension>
            <ns3:hr>135</ns3:hr>
          </ns3:TrackPointExtension>
        </extensions>
      </trkpt>
      <trkpt lat="51.75944910384714603424072265625" lon="5.61239688657224178314208984375">
        <ele>11</ele>
        <time>2025-03-10T11:06:40.000Z</time>
        <extensions>
          <ns3:TrackPointExtension>
            <ns3:hr>135</ns3:hr>
          </ns3:TrackPointExtension>
        </extensions>
      </trkpt>
      <trkpt lat="51.759458743035793304443359375" lon="5.6124360300600528717041015625">
        <ele>10.80000019073486328125</ele>
        <time>2025-03-10T11:06:49.000Z</time>
        <extensions>
          <ns3:TrackPointExtension>
            <ns3:hr>136</ns3:hr>
          </ns3:TrackPointExtension>
        </extensions>
      </trkpt>
      <trkpt lat="51.759457401931285858154296875" lon="5.61243527568876743316650390625">
        <ele>10.80000019073486328125</ele>
        <time>2025-03-10T11:06:53.000Z</time>
        <extensions>
          <ns3:TrackPointExtension>
            <ns3:hr>131</ns3:hr>
          </ns3:TrackPointExtension>
        </extensions>
      </trkpt>
      <trkpt lat="51.75945782102644443511962890625" lon="5.612432844936847686767578125">
        <ele>10.80000019073486328125</ele>
        <time>2025-03-10T11:06:55.000Z</time>
        <extensions>
          <ns3:TrackPointExtension>
            <ns3:hr>128</ns3:hr>
          </ns3:TrackPointExtension>
        </extensions>
      </trkpt>
      <trkpt lat="51.7594568990170955657958984375" lon="5.61242580413818359375">
        <ele>10.80000019073486328125</ele>
        <time>2025-03-10T11:06:57.000Z</time>
        <extensions>
          <ns3:TrackPointExtension>
            <ns3:hr>128</ns3:hr>
          </ns3:TrackPointExtension>
        </extensions>
      </trkpt>
      <trkpt lat="51.75944340415298938751220703125" lon="5.61240694485604763031005859375">
        <ele>10.6000003814697265625</ele>
        <time>2025-03-10T11:07:07.000Z</time>
        <extensions>
          <ns3:TrackPointExtension>
            <ns3:hr>129</ns3:hr>
          </ns3:TrackPointExtension>
        </extensions>
      </trkpt>
      <trkpt lat="51.75948514603078365325927734375" lon="5.6123900972306728363037109375">
        <ele>10.3999996185302734375</ele>
        <time>2025-03-10T11:07:17.000Z</time>
        <extensions>
          <ns3:TrackPointExtension>
            <ns3:hr>130</ns3:hr>
          </ns3:TrackPointExtension>
        </extensions>
      </trkpt>
      <trkpt lat="51.7594719864428043365478515625" lon="5.61235539615154266357421875">
        <ele>10.6000003814697265625</ele>
        <time>2025-03-10T11:07:25.000Z</time>
        <extensions>
          <ns3:TrackPointExtension>
            <ns3:hr>129</ns3:hr>
          </ns3:TrackPointExtension>
        </extensions>
      </trkpt>
      <trkpt lat="51.75944072194397449493408203125" lon="5.6123270653188228607177734375">
        <ele>10</ele>
        <time>2025-03-10T11:07:29.000Z</time>
        <extensions>
          <ns3:TrackPointExtension>
            <ns3:hr>129</ns3:hr>
          </ns3:TrackPointExtension>
        </extensions>
      </trkpt>
      <trkpt lat="51.75943200476467609405517578125" lon="5.61231273226439952850341796875">
        <ele>9.80000019073486328125</ele>
        <time>2025-03-10T11:07:31.000Z</time>
        <extensions>
          <ns3:TrackPointExtension>
            <ns3:hr>129</ns3:hr>
          </ns3:TrackPointExtension>
        </extensions>
      </trkpt>
      <trkpt lat="51.759403757750988006591796875" lon="5.6122147478163242340087890625">
        <ele>9.80000019073486328125</ele>
        <time>2025-03-10T11:07:36.000Z</time>
        <extensions>
          <ns3:TrackPointExtension>
            <ns3:hr>129</ns3:hr>
          </ns3:TrackPointExtension>
        </extensions>
      </trkpt>
      <trkpt lat="51.75939680077135562896728515625" lon="5.61211257241666316986083984375">
        <ele>9.6000003814697265625</ele>
        <time>2025-03-10T11:07:41.000Z</time>
        <extensions>
          <ns3:TrackPointExtension>
            <ns3:hr>129</ns3:hr>
          </ns3:TrackPointExtension>
        </extensions>
      </trkpt>
      <trkpt lat="51.759384982287883758544921875" lon="5.61205456964671611785888671875">
        <ele>9.3999996185302734375</ele>
        <time>2025-03-10T11:07:46.000Z</time>
        <extensions>
          <ns3:TrackPointExtension>
            <ns3:hr>129</ns3:hr>
          </ns3:TrackPointExtension>
        </extensions>
      </trkpt>
      <trkpt lat="51.759370230138301849365234375" lon="5.61196940951049327850341796875">
        <ele>9.3999996185302734375</ele>
        <time>2025-03-10T11:07:52.000Z</time>
        <extensions>
          <ns3:TrackPointExtension>
            <ns3:hr>129</ns3:hr>
          </ns3:TrackPointExtension>
        </extensions>
      </trkpt>
      <trkpt lat="51.75936629064381122589111328125" lon="5.6118714250624179840087890625">
        <ele>9.3999996185302734375</ele>
        <time>2025-03-10T11:07:57.000Z</time>
        <extensions>
          <ns3:TrackPointExtension>
            <ns3:hr>129</ns3:hr>
          </ns3:TrackPointExtension>
        </extensions>
      </trkpt>
      <trkpt lat="51.7593589983880519866943359375" lon="5.61181954108178615570068359375">
        <ele>9.3999996185302734375</ele>
        <time>2025-03-10T11:08:01.000Z</time>
        <extensions>
          <ns3:TrackPointExtension>
            <ns3:hr>129</ns3:hr>
          </ns3:TrackPointExtension>
        </extensions>
      </trkpt>
      <trkpt lat="51.75935790874063968658447265625" lon="5.61180043034255504608154296875">
        <ele>9.3999996185302734375</ele>
        <time>2025-03-10T11:08:02.000Z</time>
        <extensions>
          <ns3:TrackPointExtension>
            <ns3:hr>129</ns3:hr>
          </ns3:TrackPointExtension>
        </extensions>
      </trkpt>
      <trkpt lat="51.75936318933963775634765625" lon="5.6117440201342105865478515625">
        <ele>9.3999996185302734375</ele>
        <time>2025-03-10T11:08:05.000Z</time>
        <extensions>
          <ns3:TrackPointExtension>
            <ns3:hr>132</ns3:hr>
          </ns3:TrackPointExtension>
        </extensions>
      </trkpt>
      <trkpt lat="51.75936209969222545623779296875" lon="5.6117342971265316009521484375">
        <ele>9.3999996185302734375</ele>
        <time>2025-03-10T11:08:06.000Z</time>
        <extensions>
          <ns3:TrackPointExtension>
            <ns3:hr>138</ns3:hr>
          </ns3:TrackPointExtension>
        </extensions>
      </trkpt>
      <trkpt lat="51.75936612300574779510498046875" lon="5.6117208860814571380615234375">
        <ele>9.3999996185302734375</ele>
        <time>2025-03-10T11:08:07.000Z</time>
        <extensions>
          <ns3:TrackPointExtension>
            <ns3:hr>143</ns3:hr>
          </ns3:TrackPointExtension>
        </extensions>
      </trkpt>
      <trkpt lat="51.7593787796795368194580078125" lon="5.6116695888340473175048828125">
        <ele>9.19999980926513671875</ele>
        <time>2025-03-10T11:08:10.000Z</time>
        <extensions>
          <ns3:TrackPointExtension>
            <ns3:hr>146</ns3:hr>
          </ns3:TrackPointExtension>
        </extensions>
      </trkpt>
      <trkpt lat="51.75938607193529605865478515625" lon="5.61165307648479938507080078125">
        <ele>9.19999980926513671875</ele>
        <time>2025-03-10T11:08:12.000Z</time>
        <extensions>
          <ns3:TrackPointExtension>
            <ns3:hr>147</ns3:hr>
          </ns3:TrackPointExtension>
        </extensions>
      </trkpt>
      <trkpt lat="51.75939864479005336761474609375" lon="5.611571185290813446044921875">
        <ele>9.6000003814697265625</ele>
        <time>2025-03-10T11:08:17.000Z</time>
        <extensions>
          <ns3:TrackPointExtension>
            <ns3:hr>148</ns3:hr>
          </ns3:TrackPointExtension>
        </extensions>
      </trkpt>
      <trkpt lat="51.7593978904187679290771484375" lon="5.61154696159064769744873046875">
        <ele>10</ele>
        <time>2025-03-10T11:08:24.000Z</time>
        <extensions>
          <ns3:TrackPointExtension>
            <ns3:hr>147</ns3:hr>
          </ns3:TrackPointExtension>
        </extensions>
      </trkpt>
      <trkpt lat="51.7594035901129245758056640625" lon="5.6115351431071758270263671875">
        <ele>10</ele>
        <time>2025-03-10T11:08:29.000Z</time>
        <extensions>
          <ns3:TrackPointExtension>
            <ns3:hr>144</ns3:hr>
          </ns3:TrackPointExtension>
        </extensions>
      </trkpt>
      <trkpt lat="51.75939931534230709075927734375" lon="5.61152952723205089569091796875">
        <ele>10</ele>
        <time>2025-03-10T11:08:32.000Z</time>
        <extensions>
          <ns3:TrackPointExtension>
            <ns3:hr>141</ns3:hr>
          </ns3:TrackPointExtension>
        </extensions>
      </trkpt>
      <trkpt lat="51.75939814187586307525634765625" lon="5.61152919195592403411865234375">
        <ele>10</ele>
        <time>2025-03-10T11:08:34.000Z</time>
        <extensions>
          <ns3:TrackPointExtension>
            <ns3:hr>139</ns3:hr>
          </ns3:TrackPointExtension>
        </extensions>
      </trkpt>
      <trkpt lat="51.759399734437465667724609375" lon="5.61152516864240169525146484375">
        <ele>10</ele>
        <time>2025-03-10T11:08:38.000Z</time>
        <extensions>
          <ns3:TrackPointExtension>
            <ns3:hr>135</ns3:hr>
          </ns3:TrackPointExtension>
        </extensions>
      </trkpt>
      <trkpt lat="51.7593942023813724517822265625" lon="5.61153438873589038848876953125">
        <ele>10</ele>
        <time>2025-03-10T11:08:44.000Z</time>
        <extensions>
          <ns3:TrackPointExtension>
            <ns3:hr>134</ns3:hr>
          </ns3:TrackPointExtension>
        </extensions>
      </trkpt>
      <trkpt lat="51.75939160399138927459716796875" lon="5.611534304916858673095703125">
        <ele>10</ele>
        <time>2025-03-10T11:08:54.000Z</time>
        <extensions>
          <ns3:TrackPointExtension>
            <ns3:hr>134</ns3:hr>
          </ns3:TrackPointExtension>
        </extensions>
      </trkpt>
      <trkpt lat="51.759399734437465667724609375" lon="5.61153287999331951141357421875">
        <ele>9.6000003814697265625</ele>
        <time>2025-03-10T11:08:58.000Z</time>
        <extensions>
          <ns3:TrackPointExtension>
            <ns3:hr>134</ns3:hr>
          </ns3:TrackPointExtension>
        </extensions>
      </trkpt>
      <trkpt lat="51.75940484739840030670166015625" lon="5.61150589026510715484619140625">
        <ele>9</ele>
        <time>2025-03-10T11:09:03.000Z</time>
        <extensions>
          <ns3:TrackPointExtension>
            <ns3:hr>134</ns3:hr>
          </ns3:TrackPointExtension>
        </extensions>
      </trkpt>
      <trkpt lat="51.75940610468387603759765625" lon="5.61147051863372325897216796875">
        <ele>9.6000003814697265625</ele>
        <time>2025-03-10T11:09:12.000Z</time>
        <extensions>
          <ns3:TrackPointExtension>
            <ns3:hr>134</ns3:hr>
          </ns3:TrackPointExtension>
        </extensions>
      </trkpt>
      <trkpt lat="51.75939898006618022918701171875" lon="5.611419640481472015380859375">
        <ele>9.3999996185302734375</ele>
        <time>2025-03-10T11:09:18.000Z</time>
        <extensions>
          <ns3:TrackPointExtension>
            <ns3:hr>134</ns3:hr>
          </ns3:TrackPointExtension>
        </extensions>
      </trkpt>
      <trkpt lat="51.7593995667994022369384765625" lon="5.61135216616094112396240234375">
        <ele>9.19999980926513671875</ele>
        <time>2025-03-10T11:09:23.000Z</time>
        <extensions>
          <ns3:TrackPointExtension>
            <ns3:hr>135</ns3:hr>
          </ns3:TrackPointExtension>
        </extensions>
      </trkpt>
      <trkpt lat="51.75941976718604564666748046875" lon="5.611256025731563568115234375">
        <ele>9.3999996185302734375</ele>
        <time>2025-03-10T11:09:28.000Z</time>
        <extensions>
          <ns3:TrackPointExtension>
            <ns3:hr>135</ns3:hr>
          </ns3:TrackPointExtension>
        </extensions>
      </trkpt>
      <trkpt lat="51.759438626468181610107421875" lon="5.6112370826303958892822265625">
        <ele>9.3999996185302734375</ele>
        <time>2025-03-10T11:09:31.000Z</time>
        <extensions>
          <ns3:TrackPointExtension>
            <ns3:hr>136</ns3:hr>
          </ns3:TrackPointExtension>
        </extensions>
      </trkpt>
      <trkpt lat="51.7594401352107524871826171875" lon="5.61118503101170063018798828125">
        <ele>9.3999996185302734375</ele>
        <time>2025-03-10T11:09:36.000Z</time>
        <extensions>
          <ns3:TrackPointExtension>
            <ns3:hr>137</ns3:hr>
          </ns3:TrackPointExtension>
        </extensions>
      </trkpt>
      <trkpt lat="51.7594669573009014129638671875" lon="5.611119903624057769775390625">
        <ele>9.3999996185302734375</ele>
        <time>2025-03-10T11:09:41.000Z</time>
        <extensions>
          <ns3:TrackPointExtension>
            <ns3:hr>138</ns3:hr>
          </ns3:TrackPointExtension>
        </extensions>
      </trkpt>
      <trkpt lat="51.75947726704180240631103515625" lon="5.611106492578983306884765625">
        <ele>9.3999996185302734375</ele>
        <time>2025-03-10T11:09:48.000Z</time>
        <extensions>
          <ns3:TrackPointExtension>
            <ns3:hr>140</ns3:hr>
          </ns3:TrackPointExtension>
        </extensions>
      </trkpt>
      <trkpt lat="51.75948254764080047607421875" lon="5.61109065078198909759521484375">
        <ele>10.19999980926513671875</ele>
        <time>2025-03-10T11:09:56.000Z</time>
        <extensions>
          <ns3:TrackPointExtension>
            <ns3:hr>141</ns3:hr>
          </ns3:TrackPointExtension>
        </extensions>
      </trkpt>
      <trkpt lat="51.75949034281075000762939453125" lon="5.61107464134693145751953125">
        <ele>10.3999996185302734375</ele>
        <time>2025-03-10T11:09:59.000Z</time>
        <extensions>
          <ns3:TrackPointExtension>
            <ns3:hr>144</ns3:hr>
          </ns3:TrackPointExtension>
        </extensions>
      </trkpt>
      <trkpt lat="51.75949805416166782379150390625" lon="5.61103834770619869232177734375">
        <ele>10.19999980926513671875</ele>
        <time>2025-03-10T11:10:06.000Z</time>
        <extensions>
          <ns3:TrackPointExtension>
            <ns3:hr>141</ns3:hr>
          </ns3:TrackPointExtension>
        </extensions>
      </trkpt>
      <trkpt lat="51.7595004849135875701904296875" lon="5.6110315583646297454833984375">
        <ele>10.19999980926513671875</ele>
        <time>2025-03-10T11:10:14.000Z</time>
        <extensions>
          <ns3:TrackPointExtension>
            <ns3:hr>141</ns3:hr>
          </ns3:TrackPointExtension>
        </extensions>
      </trkpt>
      <trkpt lat="51.759530492126941680908203125" lon="5.610969029366970062255859375">
        <ele>9.3999996185302734375</ele>
        <time>2025-03-10T11:10:19.000Z</time>
        <extensions>
          <ns3:TrackPointExtension>
            <ns3:hr>140</ns3:hr>
          </ns3:TrackPointExtension>
        </extensions>
      </trkpt>
      <trkpt lat="51.75955069251358509063720703125" lon="5.61089920811355113983154296875">
        <ele>9.3999996185302734375</ele>
        <time>2025-03-10T11:10:24.000Z</time>
        <extensions>
          <ns3:TrackPointExtension>
            <ns3:hr>141</ns3:hr>
          </ns3:TrackPointExtension>
        </extensions>
      </trkpt>
      <trkpt lat="51.75958321429789066314697265625" lon="5.6108263693749904632568359375">
        <ele>9.3999996185302734375</ele>
        <time>2025-03-10T11:10:31.000Z</time>
        <extensions>
          <ns3:TrackPointExtension>
            <ns3:hr>140</ns3:hr>
          </ns3:TrackPointExtension>
        </extensions>
      </trkpt>
      <trkpt lat="51.75960148684680461883544921875" lon="5.610752105712890625">
        <ele>9.3999996185302734375</ele>
        <time>2025-03-10T11:10:37.000Z</time>
        <extensions>
          <ns3:TrackPointExtension>
            <ns3:hr>139</ns3:hr>
          </ns3:TrackPointExtension>
        </extensions>
      </trkpt>
      <trkpt lat="51.759603582322597503662109375" lon="5.61073324643075466156005859375">
        <ele>9.3999996185302734375</ele>
        <time>2025-03-10T11:10:39.000Z</time>
        <extensions>
          <ns3:TrackPointExtension>
            <ns3:hr>139</ns3:hr>
          </ns3:TrackPointExtension>
        </extensions>
      </trkpt>
      <trkpt lat="51.75961774773895740509033203125" lon="5.6107043288648128509521484375">
        <ele>9.3999996185302734375</ele>
        <time>2025-03-10T11:10:41.000Z</time>
        <extensions>
          <ns3:TrackPointExtension>
            <ns3:hr>138</ns3:hr>
          </ns3:TrackPointExtension>
        </extensions>
      </trkpt>
      <trkpt lat="51.7596255429089069366455078125" lon="5.61066024005413055419921875">
        <ele>9.6000003814697265625</ele>
        <time>2025-03-10T11:10:45.000Z</time>
        <extensions>
          <ns3:TrackPointExtension>
            <ns3:hr>138</ns3:hr>
          </ns3:TrackPointExtension>
        </extensions>
      </trkpt>
      <trkpt lat="51.7596255429089069366455078125" lon="5.61066024005413055419921875">
        <ele>9.6000003814697265625</ele>
        <time>2025-03-10T11:10:46.000Z</time>
        <extensions>
          <ns3:TrackPointExtension>
            <ns3:hr>138</ns3:hr>
          </ns3:TrackPointExtension>
        </extensions>
      </trkpt>
      <trkpt lat="51.75964213907718658447265625" lon="5.61061824671924114227294921875">
        <ele>9.80000019073486328125</ele>
        <time>2025-03-10T11:10:51.000Z</time>
        <extensions>
          <ns3:TrackPointExtension>
            <ns3:hr>138</ns3:hr>
          </ns3:TrackPointExtension>
        </extensions>
      </trkpt>
      <trkpt lat="51.75965781323611736297607421875" lon="5.6105876527726650238037109375">
        <ele>10.19999980926513671875</ele>
        <time>2025-03-10T11:10:54.000Z</time>
        <extensions>
          <ns3:TrackPointExtension>
            <ns3:hr>133</ns3:hr>
          </ns3:TrackPointExtension>
        </extensions>
      </trkpt>
      <trkpt lat="51.75965781323611736297607421875" lon="5.6105876527726650238037109375">
        <ele>10.19999980926513671875</ele>
        <time>2025-03-10T11:10:55.000Z</time>
        <extensions>
          <ns3:TrackPointExtension>
            <ns3:hr>133</ns3:hr>
          </ns3:TrackPointExtension>
        </extensions>
      </trkpt>
      <trkpt lat="51.75966284237802028656005859375" lon="5.6105791032314300537109375">
        <ele>10.3999996185302734375</ele>
        <time>2025-03-10T11:10:59.000Z</time>
        <extensions>
          <ns3:TrackPointExtension>
            <ns3:hr>137</ns3:hr>
          </ns3:TrackPointExtension>
        </extensions>
      </trkpt>
      <trkpt lat="51.75966560840606689453125" lon="5.6105812825262546539306640625">
        <ele>10.3999996185302734375</ele>
        <time>2025-03-10T11:11:01.000Z</time>
        <extensions>
          <ns3:TrackPointExtension>
            <ns3:hr>142</ns3:hr>
          </ns3:TrackPointExtension>
        </extensions>
      </trkpt>
      <trkpt lat="51.75966535694897174835205078125" lon="5.61058086343109607696533203125">
        <ele>10.3999996185302734375</ele>
        <time>2025-03-10T11:11:02.000Z</time>
        <extensions>
          <ns3:TrackPointExtension>
            <ns3:hr>142</ns3:hr>
          </ns3:TrackPointExtension>
        </extensions>
      </trkpt>
      <trkpt lat="51.7596654407680034637451171875" lon="5.6105796061456203460693359375">
        <ele>10</ele>
        <time>2025-03-10T11:11:07.000Z</time>
        <extensions>
          <ns3:TrackPointExtension>
            <ns3:hr>141</ns3:hr>
          </ns3:TrackPointExtension>
        </extensions>
      </trkpt>
      <trkpt lat="51.75968430005013942718505859375" lon="5.61056896112859249114990234375">
        <ele>9.80000019073486328125</ele>
        <time>2025-03-10T11:11:13.000Z</time>
        <extensions>
          <ns3:TrackPointExtension>
            <ns3:hr>140</ns3:hr>
          </ns3:TrackPointExtension>
        </extensions>
      </trkpt>
      <trkpt lat="51.759679019451141357421875" lon="5.610562004148960113525390625">
        <ele>9.6000003814697265625</ele>
        <time>2025-03-10T11:11:15.000Z</time>
        <extensions>
          <ns3:TrackPointExtension>
            <ns3:hr>140</ns3:hr>
          </ns3:TrackPointExtension>
        </extensions>
      </trkpt>
      <trkpt lat="51.7596925981342792510986328125" lon="5.61055026948451995849609375">
        <ele>9.3999996185302734375</ele>
        <time>2025-03-10T11:11:18.000Z</time>
        <extensions>
          <ns3:TrackPointExtension>
            <ns3:hr>141</ns3:hr>
          </ns3:TrackPointExtension>
        </extensions>
      </trkpt>
      <trkpt lat="51.7597170732915401458740234375" lon="5.610534511506557464599609375">
        <ele>9.19999980926513671875</ele>
        <time>2025-03-10T11:11:23.000Z</time>
        <extensions>
          <ns3:TrackPointExtension>
            <ns3:hr>142</ns3:hr>
          </ns3:TrackPointExtension>
        </extensions>
      </trkpt>
      <trkpt lat="51.759743057191371917724609375" lon="5.61046603135764598846435546875">
        <ele>9.19999980926513671875</ele>
        <time>2025-03-10T11:11:28.000Z</time>
        <extensions>
          <ns3:TrackPointExtension>
            <ns3:hr>141</ns3:hr>
          </ns3:TrackPointExtension>
        </extensions>
      </trkpt>
      <trkpt lat="51.75974565558135509490966796875" lon="5.61041842214763164520263671875">
        <ele>9.19999980926513671875</ele>
        <time>2025-03-10T11:11:32.000Z</time>
        <extensions>
          <ns3:TrackPointExtension>
            <ns3:hr>141</ns3:hr>
          </ns3:TrackPointExtension>
        </extensions>
      </trkpt>
      <trkpt lat="51.75975101999938488006591796875" lon="5.61040434055030345916748046875">
        <ele>9.19999980926513671875</ele>
        <time>2025-03-10T11:11:33.000Z</time>
        <extensions>
          <ns3:TrackPointExtension>
            <ns3:hr>141</ns3:hr>
          </ns3:TrackPointExtension>
        </extensions>
      </trkpt>
      <trkpt lat="51.75978387705981731414794921875" lon="5.610325299203395843505859375">
        <ele>9.19999980926513671875</ele>
        <time>2025-03-10T11:11:38.000Z</time>
        <extensions>
          <ns3:TrackPointExtension>
            <ns3:hr>142</ns3:hr>
          </ns3:TrackPointExtension>
        </extensions>
      </trkpt>
      <trkpt lat="51.75980097614228725433349609375" lon="5.61027995310723781585693359375">
        <ele>9.19999980926513671875</ele>
        <time>2025-03-10T11:11:42.000Z</time>
        <extensions>
          <ns3:TrackPointExtension>
            <ns3:hr>145</ns3:hr>
          </ns3:TrackPointExtension>
        </extensions>
      </trkpt>
      <trkpt lat="51.75980751402676105499267578125" lon="5.61026486568152904510498046875">
        <ele>9.19999980926513671875</ele>
        <time>2025-03-10T11:11:43.000Z</time>
        <extensions>
          <ns3:TrackPointExtension>
            <ns3:hr>145</ns3:hr>
          </ns3:TrackPointExtension>
        </extensions>
      </trkpt>
      <trkpt lat="51.75981958396732807159423828125" lon="5.610236115753650665283203125">
        <ele>9.19999980926513671875</ele>
        <time>2025-03-10T11:11:47.000Z</time>
        <extensions>
          <ns3:TrackPointExtension>
            <ns3:hr>142</ns3:hr>
          </ns3:TrackPointExtension>
        </extensions>
      </trkpt>
      <trkpt lat="51.75982612185180187225341796875" lon="5.61022329144179821014404296875">
        <ele>9.3999996185302734375</ele>
        <time>2025-03-10T11:11:48.000Z</time>
        <extensions>
          <ns3:TrackPointExtension>
            <ns3:hr>141</ns3:hr>
          </ns3:TrackPointExtension>
        </extensions>
      </trkpt>
      <trkpt lat="51.75985126756131649017333984375" lon="5.61017601750791072845458984375">
        <ele>9.3999996185302734375</ele>
        <time>2025-03-10T11:11:53.000Z</time>
        <extensions>
          <ns3:TrackPointExtension>
            <ns3:hr>142</ns3:hr>
          </ns3:TrackPointExtension>
        </extensions>
      </trkpt>
      <trkpt lat="51.759863086044788360595703125" lon="5.61012111604213714599609375">
        <ele>9.3999996185302734375</ele>
        <time>2025-03-10T11:11:58.000Z</time>
        <extensions>
          <ns3:TrackPointExtension>
            <ns3:hr>144</ns3:hr>
          </ns3:TrackPointExtension>
        </extensions>
      </trkpt>
      <trkpt lat="51.7598907463252544403076171875" lon="5.61009337194263935089111328125">
        <ele>9.6000003814697265625</ele>
        <time>2025-03-10T11:12:03.000Z</time>
        <extensions>
          <ns3:TrackPointExtension>
            <ns3:hr>145</ns3:hr>
          </ns3:TrackPointExtension>
        </extensions>
      </trkpt>
      <trkpt lat="51.75989703275263309478759765625" lon="5.61004869639873504638671875">
        <ele>9.6000003814697265625</ele>
        <time>2025-03-10T11:12:09.000Z</time>
        <extensions>
          <ns3:TrackPointExtension>
            <ns3:hr>145</ns3:hr>
          </ns3:TrackPointExtension>
        </extensions>
      </trkpt>
      <trkpt lat="51.75990893505513668060302734375" lon="5.609989352524280548095703125">
        <ele>9.80000019073486328125</ele>
        <time>2025-03-10T11:12:14.000Z</time>
        <extensions>
          <ns3:TrackPointExtension>
            <ns3:hr>144</ns3:hr>
          </ns3:TrackPointExtension>
        </extensions>
      </trkpt>
      <trkpt lat="51.7599316500127315521240234375" lon="5.60995222069323062896728515625">
        <ele>9.80000019073486328125</ele>
        <time>2025-03-10T11:12:19.000Z</time>
        <extensions>
          <ns3:TrackPointExtension>
            <ns3:hr>145</ns3:hr>
          </ns3:TrackPointExtension>
        </extensions>
      </trkpt>
      <trkpt lat="51.75994246266782283782958984375" lon="5.60995808802545070648193359375">
        <ele>10.19999980926513671875</ele>
        <time>2025-03-10T11:12:25.000Z</time>
        <extensions>
          <ns3:TrackPointExtension>
            <ns3:hr>147</ns3:hr>
          </ns3:TrackPointExtension>
        </extensions>
      </trkpt>
      <trkpt lat="51.75994548015296459197998046875" lon="5.60994870029389858245849609375">
        <ele>10.3999996185302734375</ele>
        <time>2025-03-10T11:12:32.000Z</time>
        <extensions>
          <ns3:TrackPointExtension>
            <ns3:hr>144</ns3:hr>
          </ns3:TrackPointExtension>
        </extensions>
      </trkpt>
      <trkpt lat="51.7599477432668209075927734375" lon="5.6099482811987400054931640625">
        <ele>10.3999996185302734375</ele>
        <time>2025-03-10T11:12:34.000Z</time>
        <extensions>
          <ns3:TrackPointExtension>
            <ns3:hr>142</ns3:hr>
          </ns3:TrackPointExtension>
        </extensions>
      </trkpt>
      <trkpt lat="51.759947575628757476806640625" lon="5.60994618572294712066650390625">
        <ele>10.3999996185302734375</ele>
        <time>2025-03-10T11:12:42.000Z</time>
        <extensions>
          <ns3:TrackPointExtension>
            <ns3:hr>139</ns3:hr>
          </ns3:TrackPointExtension>
        </extensions>
      </trkpt>
      <trkpt lat="51.7599450610578060150146484375" lon="5.60993579216301441192626953125">
        <ele>10.3999996185302734375</ele>
        <time>2025-03-10T11:12:44.000Z</time>
        <extensions>
          <ns3:TrackPointExtension>
            <ns3:hr>137</ns3:hr>
          </ns3:TrackPointExtension>
        </extensions>
      </trkpt>
      <trkpt lat="51.75994179211556911468505859375" lon="5.60989555902779102325439453125">
        <ele>10</ele>
        <time>2025-03-10T11:12:50.000Z</time>
        <extensions>
          <ns3:TrackPointExtension>
            <ns3:hr>136</ns3:hr>
          </ns3:TrackPointExtension>
        </extensions>
      </trkpt>
      <trkpt lat="51.75993894226849079132080078125" lon="5.60989572666585445404052734375">
        <ele>10.19999980926513671875</ele>
        <time>2025-03-10T11:12:59.000Z</time>
        <extensions>
          <ns3:TrackPointExtension>
            <ns3:hr>137</ns3:hr>
          </ns3:TrackPointExtension>
        </extensions>
      </trkpt>
      <trkpt lat="51.759930811822414398193359375" lon="5.60986806638538837432861328125">
        <ele>10</ele>
        <time>2025-03-10T11:13:03.000Z</time>
        <extensions>
          <ns3:TrackPointExtension>
            <ns3:hr>136</ns3:hr>
          </ns3:TrackPointExtension>
        </extensions>
      </trkpt>
      <trkpt lat="51.75990725867450237274169921875" lon="5.60975256375968456268310546875">
        <ele>9.3999996185302734375</ele>
        <time>2025-03-10T11:13:07.000Z</time>
        <extensions>
          <ns3:TrackPointExtension>
            <ns3:hr>136</ns3:hr>
          </ns3:TrackPointExtension>
        </extensions>
      </trkpt>
      <trkpt lat="51.7598984576761722564697265625" lon="5.60975055210292339324951171875">
        <ele>9.3999996185302734375</ele>
        <time>2025-03-10T11:13:10.000Z</time>
        <extensions>
          <ns3:TrackPointExtension>
            <ns3:hr>139</ns3:hr>
          </ns3:TrackPointExtension>
        </extensions>
      </trkpt>
      <trkpt lat="51.75990692339837551116943359375" lon="5.609723143279552459716796875">
        <ele>9.3999996185302734375</ele>
        <time>2025-03-10T11:13:12.000Z</time>
        <extensions>
          <ns3:TrackPointExtension>
            <ns3:hr>138</ns3:hr>
          </ns3:TrackPointExtension>
        </extensions>
      </trkpt>
      <trkpt lat="51.7599008046090602874755859375" lon="5.6096827425062656402587890625">
        <ele>9.19999980926513671875</ele>
        <time>2025-03-10T11:13:17.000Z</time>
        <extensions>
          <ns3:TrackPointExtension>
            <ns3:hr>138</ns3:hr>
          </ns3:TrackPointExtension>
        </extensions>
      </trkpt>
      <trkpt lat="51.759881190955638885498046875" lon="5.60964192263782024383544921875">
        <ele>9</ele>
        <time>2025-03-10T11:13:22.000Z</time>
        <extensions>
          <ns3:TrackPointExtension>
            <ns3:hr>137</ns3:hr>
          </ns3:TrackPointExtension>
        </extensions>
      </trkpt>
      <trkpt lat="51.75983928143978118896484375" lon="5.60963454656302928924560546875">
        <ele>9</ele>
        <time>2025-03-10T11:13:27.000Z</time>
        <extensions>
          <ns3:TrackPointExtension>
            <ns3:hr>138</ns3:hr>
          </ns3:TrackPointExtension>
        </extensions>
      </trkpt>
      <trkpt lat="51.75982427783310413360595703125" lon="5.60962465591728687286376953125">
        <ele>9</ele>
        <time>2025-03-10T11:13:29.000Z</time>
        <extensions>
          <ns3:TrackPointExtension>
            <ns3:hr>138</ns3:hr>
          </ns3:TrackPointExtension>
        </extensions>
      </trkpt>
      <trkpt lat="51.7597985453903675079345703125" lon="5.60957117937505245208740234375">
        <ele>9.19999980926513671875</ele>
        <time>2025-03-10T11:13:32.000Z</time>
        <extensions>
          <ns3:TrackPointExtension>
            <ns3:hr>138</ns3:hr>
          </ns3:TrackPointExtension>
        </extensions>
      </trkpt>
      <trkpt lat="51.75977515988051891326904296875" lon="5.60954603366553783416748046875">
        <ele>9.19999980926513671875</ele>
        <time>2025-03-10T11:13:37.000Z</time>
        <extensions>
          <ns3:TrackPointExtension>
            <ns3:hr>141</ns3:hr>
          </ns3:TrackPointExtension>
        </extensions>
      </trkpt>
      <trkpt lat="51.75976627506315708160400390625" lon="5.609531700611114501953125">
        <ele>9.19999980926513671875</ele>
        <time>2025-03-10T11:13:39.000Z</time>
        <extensions>
          <ns3:TrackPointExtension>
            <ns3:hr>145</ns3:hr>
          </ns3:TrackPointExtension>
        </extensions>
      </trkpt>
      <trkpt lat="51.75975806079804897308349609375" lon="5.60953237116336822509765625">
        <ele>9.19999980926513671875</ele>
        <time>2025-03-10T11:13:41.000Z</time>
        <extensions>
          <ns3:TrackPointExtension>
            <ns3:hr>150</ns3:hr>
          </ns3:TrackPointExtension>
        </extensions>
      </trkpt>
      <trkpt lat="51.7597318254411220550537109375" lon="5.60952692292630672454833984375">
        <ele>9.19999980926513671875</ele>
        <time>2025-03-10T11:13:43.000Z</time>
        <extensions>
          <ns3:TrackPointExtension>
            <ns3:hr>152</ns3:hr>
          </ns3:TrackPointExtension>
        </extensions>
      </trkpt>
      <trkpt lat="51.75965487957000732421875" lon="5.60948115773499011993408203125">
        <ele>9.19999980926513671875</ele>
        <time>2025-03-10T11:13:49.000Z</time>
        <extensions>
          <ns3:TrackPointExtension>
            <ns3:hr>149</ns3:hr>
          </ns3:TrackPointExtension>
        </extensions>
      </trkpt>
      <trkpt lat="51.7596067674458026885986328125" lon="5.6094594486057758331298828125">
        <ele>9.19999980926513671875</ele>
        <time>2025-03-10T11:13:55.000Z</time>
        <extensions>
          <ns3:TrackPointExtension>
            <ns3:hr>148</ns3:hr>
          </ns3:TrackPointExtension>
        </extensions>
      </trkpt>
      <trkpt lat="51.75956879742443561553955078125" lon="5.6094064749777317047119140625">
        <ele>9.19999980926513671875</ele>
        <time>2025-03-10T11:14:01.000Z</time>
        <extensions>
          <ns3:TrackPointExtension>
            <ns3:hr>148</ns3:hr>
          </ns3:TrackPointExtension>
        </extensions>
      </trkpt>
      <trkpt lat="51.75957181490957736968994140625" lon="5.60939599759876728057861328125">
        <ele>9.3999996185302734375</ele>
        <time>2025-03-10T11:14:02.000Z</time>
        <extensions>
          <ns3:TrackPointExtension>
            <ns3:hr>148</ns3:hr>
          </ns3:TrackPointExtension>
        </extensions>
      </trkpt>
      <trkpt lat="51.75955840386450290679931640625" lon="5.6093528307974338531494140625">
        <ele>9.3999996185302734375</ele>
        <time>2025-03-10T11:14:06.000Z</time>
        <extensions>
          <ns3:TrackPointExtension>
            <ns3:hr>148</ns3:hr>
          </ns3:TrackPointExtension>
        </extensions>
      </trkpt>
      <trkpt lat="51.7595581524074077606201171875" lon="5.60931351967155933380126953125">
        <ele>9.3999996185302734375</ele>
        <time>2025-03-10T11:14:11.000Z</time>
        <extensions>
          <ns3:TrackPointExtension>
            <ns3:hr>148</ns3:hr>
          </ns3:TrackPointExtension>
        </extensions>
      </trkpt>
      <trkpt lat="51.75953744910657405853271484375" lon="5.609281919896602630615234375">
        <ele>10</ele>
        <time>2025-03-10T11:14:19.000Z</time>
        <extensions>
          <ns3:TrackPointExtension>
            <ns3:hr>145</ns3:hr>
          </ns3:TrackPointExtension>
        </extensions>
      </trkpt>
      <trkpt lat="51.7595343478024005889892578125" lon="5.60927814804017543792724609375">
        <ele>10</ele>
        <time>2025-03-10T11:14:21.000Z</time>
        <extensions>
          <ns3:TrackPointExtension>
            <ns3:hr>143</ns3:hr>
          </ns3:TrackPointExtension>
        </extensions>
      </trkpt>
      <trkpt lat="51.75953225232660770416259765625" lon="5.60927848331630229949951171875">
        <ele>10</ele>
        <time>2025-03-10T11:14:24.000Z</time>
        <extensions>
          <ns3:TrackPointExtension>
            <ns3:hr>140</ns3:hr>
          </ns3:TrackPointExtension>
        </extensions>
      </trkpt>
      <trkpt lat="51.759528815746307373046875" lon="5.6093048863112926483154296875">
        <ele>10</ele>
        <time>2025-03-10T11:14:29.000Z</time>
        <extensions>
          <ns3:TrackPointExtension>
            <ns3:hr>138</ns3:hr>
          </ns3:TrackPointExtension>
        </extensions>
      </trkpt>
      <trkpt lat="51.7595551349222660064697265625" lon="5.60932315886020660400390625">
        <ele>10</ele>
        <time>2025-03-10T11:14:36.000Z</time>
        <extensions>
          <ns3:TrackPointExtension>
            <ns3:hr>139</ns3:hr>
          </ns3:TrackPointExtension>
        </extensions>
      </trkpt>
      <trkpt lat="51.75958338193595409393310546875" lon="5.60934872366487979888916015625">
        <ele>9.6000003814697265625</ele>
        <time>2025-03-10T11:14:44.000Z</time>
        <extensions>
          <ns3:TrackPointExtension>
            <ns3:hr>141</ns3:hr>
          </ns3:TrackPointExtension>
        </extensions>
      </trkpt>
      <trkpt lat="51.7595889978110790252685546875" lon="5.6093598715960979461669921875">
        <ele>9.6000003814697265625</ele>
        <time>2025-03-10T11:14:49.000Z</time>
        <extensions>
          <ns3:TrackPointExtension>
            <ns3:hr>137</ns3:hr>
          </ns3:TrackPointExtension>
        </extensions>
      </trkpt>
      <trkpt lat="51.75961707718670368194580078125" lon="5.6093712709844112396240234375">
        <ele>9.6000003814697265625</ele>
        <time>2025-03-10T11:14:54.000Z</time>
        <extensions>
          <ns3:TrackPointExtension>
            <ns3:hr>137</ns3:hr>
          </ns3:TrackPointExtension>
        </extensions>
      </trkpt>
      <trkpt lat="51.7596905864775180816650390625" lon="5.60938350856304168701171875">
        <ele>9</ele>
        <time>2025-03-10T11:15:00.000Z</time>
        <extensions>
          <ns3:TrackPointExtension>
            <ns3:hr>139</ns3:hr>
          </ns3:TrackPointExtension>
        </extensions>
      </trkpt>
      <trkpt lat="51.759704835712909698486328125" lon="5.6093823350965976715087890625">
        <ele>8.80000019073486328125</ele>
        <time>2025-03-10T11:15:01.000Z</time>
        <extensions>
          <ns3:TrackPointExtension>
            <ns3:hr>140</ns3:hr>
          </ns3:TrackPointExtension>
        </extensions>
      </trkpt>
      <trkpt lat="51.75974481739103794097900390625" lon="5.6093890406191349029541015625">
        <ele>8.6000003814697265625</ele>
        <time>2025-03-10T11:15:05.000Z</time>
        <extensions>
          <ns3:TrackPointExtension>
            <ns3:hr>142</ns3:hr>
          </ns3:TrackPointExtension>
        </extensions>
      </trkpt>
      <trkpt lat="51.75977767445147037506103515625" lon="5.60940924100577831268310546875">
        <ele>8.6000003814697265625</ele>
        <time>2025-03-10T11:15:08.000Z</time>
        <extensions>
          <ns3:TrackPointExtension>
            <ns3:hr>142</ns3:hr>
          </ns3:TrackPointExtension>
        </extensions>
      </trkpt>
      <trkpt lat="51.75982880406081676483154296875" lon="5.6094470433890819549560546875">
        <ele>8.80000019073486328125</ele>
        <time>2025-03-10T11:15:14.000Z</time>
        <extensions>
          <ns3:TrackPointExtension>
            <ns3:hr>143</ns3:hr>
          </ns3:TrackPointExtension>
        </extensions>
      </trkpt>
      <trkpt lat="51.7598759941756725311279296875" lon="5.60949037782847881317138671875">
        <ele>9</ele>
        <time>2025-03-10T11:15:19.000Z</time>
        <extensions>
          <ns3:TrackPointExtension>
            <ns3:hr>143</ns3:hr>
          </ns3:TrackPointExtension>
        </extensions>
      </trkpt>
      <trkpt lat="51.75991597585380077362060546875" lon="5.60950286686420440673828125">
        <ele>9</ele>
        <time>2025-03-10T11:15:24.000Z</time>
        <extensions>
          <ns3:TrackPointExtension>
            <ns3:hr>143</ns3:hr>
          </ns3:TrackPointExtension>
        </extensions>
      </trkpt>
      <trkpt lat="51.75996878184378147125244140625" lon="5.6095083989202976226806640625">
        <ele>9</ele>
        <time>2025-03-10T11:15:30.000Z</time>
        <extensions>
          <ns3:TrackPointExtension>
            <ns3:hr>144</ns3:hr>
          </ns3:TrackPointExtension>
        </extensions>
      </trkpt>
      <trkpt lat="51.76002703607082366943359375" lon="5.6095191277563571929931640625">
        <ele>9.19999980926513671875</ele>
        <time>2025-03-10T11:15:36.000Z</time>
        <extensions>
          <ns3:TrackPointExtension>
            <ns3:hr>145</ns3:hr>
          </ns3:TrackPointExtension>
        </extensions>
      </trkpt>
      <trkpt lat="51.76006592810153961181640625" lon="5.60950219631195068359375">
        <ele>9.19999980926513671875</ele>
        <time>2025-03-10T11:15:42.000Z</time>
        <extensions>
          <ns3:TrackPointExtension>
            <ns3:hr>146</ns3:hr>
          </ns3:TrackPointExtension>
        </extensions>
      </trkpt>
      <trkpt lat="51.7600915767252445220947265625" lon="5.60945928096771240234375">
        <ele>9.19999980926513671875</ele>
        <time>2025-03-10T11:15:47.000Z</time>
        <extensions>
          <ns3:TrackPointExtension>
            <ns3:hr>147</ns3:hr>
          </ns3:TrackPointExtension>
        </extensions>
      </trkpt>
      <trkpt lat="51.76013558171689510345458984375" lon="5.60939901508390903472900390625">
        <ele>9</ele>
        <time>2025-03-10T11:15:54.000Z</time>
        <extensions>
          <ns3:TrackPointExtension>
            <ns3:hr>148</ns3:hr>
          </ns3:TrackPointExtension>
        </extensions>
      </trkpt>
      <trkpt lat="51.7601371742784976959228515625" lon="5.60933263041079044342041015625">
        <ele>8.80000019073486328125</ele>
        <time>2025-03-10T11:15:59.000Z</time>
        <extensions>
          <ns3:TrackPointExtension>
            <ns3:hr>151</ns3:hr>
          </ns3:TrackPointExtension>
        </extensions>
      </trkpt>
      <trkpt lat="51.76013700664043426513671875" lon="5.6093263439834117889404296875">
        <ele>8.80000019073486328125</ele>
        <time>2025-03-10T11:16:00.000Z</time>
        <extensions>
          <ns3:TrackPointExtension>
            <ns3:hr>154</ns3:hr>
          </ns3:TrackPointExtension>
        </extensions>
      </trkpt>
      <trkpt lat="51.7601365037262439727783203125" lon="5.60931318439543247222900390625">
        <ele>8.80000019073486328125</ele>
        <time>2025-03-10T11:16:02.000Z</time>
        <extensions>
          <ns3:TrackPointExtension>
            <ns3:hr>157</ns3:hr>
          </ns3:TrackPointExtension>
        </extensions>
      </trkpt>
      <trkpt lat="51.76012921147048473358154296875" lon="5.60931603424251079559326171875">
        <ele>9.19999980926513671875</ele>
        <time>2025-03-10T11:16:05.000Z</time>
        <extensions>
          <ns3:TrackPointExtension>
            <ns3:hr>158</ns3:hr>
          </ns3:TrackPointExtension>
        </extensions>
      </trkpt>
      <trkpt lat="51.760130636394023895263671875" lon="5.6092703528702259063720703125">
        <ele>9.19999980926513671875</ele>
        <time>2025-03-10T11:16:09.000Z</time>
        <extensions>
          <ns3:TrackPointExtension>
            <ns3:hr>157</ns3:hr>
          </ns3:TrackPointExtension>
        </extensions>
      </trkpt>
      <trkpt lat="51.76015016622841358184814453125" lon="5.609171949326992034912109375">
        <ele>8.6000003814697265625</ele>
        <time>2025-03-10T11:16:14.000Z</time>
        <extensions>
          <ns3:TrackPointExtension>
            <ns3:hr>155</ns3:hr>
          </ns3:TrackPointExtension>
        </extensions>
      </trkpt>
      <trkpt lat="51.760162822902202606201171875" lon="5.6091127730906009674072265625">
        <ele>8.6000003814697265625</ele>
        <time>2025-03-10T11:16:19.000Z</time>
        <extensions>
          <ns3:TrackPointExtension>
            <ns3:hr>153</ns3:hr>
          </ns3:TrackPointExtension>
        </extensions>
      </trkpt>
      <trkpt lat="51.760168187320232391357421875" lon="5.609033145010471343994140625">
        <ele>8.6000003814697265625</ele>
        <time>2025-03-10T11:16:24.000Z</time>
        <extensions>
          <ns3:TrackPointExtension>
            <ns3:hr>151</ns3:hr>
          </ns3:TrackPointExtension>
        </extensions>
      </trkpt>
      <trkpt lat="51.76016994751989841461181640625" lon="5.608976818621158599853515625">
        <ele>8.3999996185302734375</ele>
        <time>2025-03-10T11:16:29.000Z</time>
        <extensions>
          <ns3:TrackPointExtension>
            <ns3:hr>151</ns3:hr>
          </ns3:TrackPointExtension>
        </extensions>
      </trkpt>
      <trkpt lat="51.76017799414694309234619140625" lon="5.60891806147992610931396484375">
        <ele>8.6000003814697265625</ele>
        <time>2025-03-10T11:16:34.000Z</time>
        <extensions>
          <ns3:TrackPointExtension>
            <ns3:hr>151</ns3:hr>
          </ns3:TrackPointExtension>
        </extensions>
      </trkpt>
      <trkpt lat="51.7601844482123851776123046875" lon="5.60892141424119472503662109375">
        <ele>8.6000003814697265625</ele>
        <time>2025-03-10T11:16:35.000Z</time>
        <extensions>
          <ns3:TrackPointExtension>
            <ns3:hr>151</ns3:hr>
          </ns3:TrackPointExtension>
        </extensions>
      </trkpt>
      <trkpt lat="51.76017682068049907684326171875" lon="5.6089079193770885467529296875">
        <ele>8.6000003814697265625</ele>
        <time>2025-03-10T11:16:36.000Z</time>
        <extensions>
          <ns3:TrackPointExtension>
            <ns3:hr>151</ns3:hr>
          </ns3:TrackPointExtension>
        </extensions>
      </trkpt>
      <trkpt lat="51.7601760663092136383056640625" lon="5.6089000403881072998046875">
        <ele>8.6000003814697265625</ele>
        <time>2025-03-10T11:16:39.000Z</time>
        <extensions>
          <ns3:TrackPointExtension>
            <ns3:hr>151</ns3:hr>
          </ns3:TrackPointExtension>
        </extensions>
      </trkpt>
      <trkpt lat="51.76016290672123432159423828125" lon="5.6088945083320140838623046875">
        <ele>9.3999996185302734375</ele>
        <time>2025-03-10T11:16:46.000Z</time>
        <extensions>
          <ns3:TrackPointExtension>
            <ns3:hr>149</ns3:hr>
          </ns3:TrackPointExtension>
        </extensions>
      </trkpt>
      <trkpt lat="51.76015553064644336700439453125" lon="5.60889400541782379150390625">
        <ele>9.3999996185302734375</ele>
        <time>2025-03-10T11:16:48.000Z</time>
        <extensions>
          <ns3:TrackPointExtension>
            <ns3:hr>145</ns3:hr>
          </ns3:TrackPointExtension>
        </extensions>
      </trkpt>
      <trkpt lat="51.7601551115512847900390625" lon="5.60889425687491893768310546875">
        <ele>9.3999996185302734375</ele>
        <time>2025-03-10T11:16:49.000Z</time>
        <extensions>
          <ns3:TrackPointExtension>
            <ns3:hr>142</ns3:hr>
          </ns3:TrackPointExtension>
        </extensions>
      </trkpt>
      <trkpt lat="51.7601566202938556671142578125" lon="5.60889341868460178375244140625">
        <ele>9.3999996185302734375</ele>
        <time>2025-03-10T11:16:53.000Z</time>
        <extensions>
          <ns3:TrackPointExtension>
            <ns3:hr>139</ns3:hr>
          </ns3:TrackPointExtension>
        </extensions>
      </trkpt>
      <trkpt lat="51.76015301607549190521240234375" lon="5.60889459215104579925537109375">
        <ele>9.3999996185302734375</ele>
        <time>2025-03-10T11:16:54.000Z</time>
        <extensions>
          <ns3:TrackPointExtension>
            <ns3:hr>139</ns3:hr>
          </ns3:TrackPointExtension>
        </extensions>
      </trkpt>
      <trkpt lat="51.760165505111217498779296875" lon="5.60889576561748981475830078125">
        <ele>9.3999996185302734375</ele>
        <time>2025-03-10T11:17:00.000Z</time>
        <extensions>
          <ns3:TrackPointExtension>
            <ns3:hr>137</ns3:hr>
          </ns3:TrackPointExtension>
        </extensions>
      </trkpt>
      <trkpt lat="51.7601817660033702850341796875" lon="5.6088569574058055877685546875">
        <ele>9</ele>
        <time>2025-03-10T11:17:06.000Z</time>
        <extensions>
          <ns3:TrackPointExtension>
            <ns3:hr>137</ns3:hr>
          </ns3:TrackPointExtension>
        </extensions>
      </trkpt>
      <trkpt lat="51.76018302328884601593017578125" lon="5.60878613032400608062744140625">
        <ele>9.19999980926513671875</ele>
        <time>2025-03-10T11:17:11.000Z</time>
        <extensions>
          <ns3:TrackPointExtension>
            <ns3:hr>139</ns3:hr>
          </ns3:TrackPointExtension>
        </extensions>
      </trkpt>
      <trkpt lat="51.76017631776630878448486328125" lon="5.6087779998779296875">
        <ele>8.6000003814697265625</ele>
        <time>2025-03-10T11:17:16.000Z</time>
        <extensions>
          <ns3:TrackPointExtension>
            <ns3:hr>139</ns3:hr>
          </ns3:TrackPointExtension>
        </extensions>
      </trkpt>
      <trkpt lat="51.7601658403873443603515625" lon="5.6086883135139942169189453125">
        <ele>8.3999996185302734375</ele>
        <time>2025-03-10T11:17:21.000Z</time>
        <extensions>
          <ns3:TrackPointExtension>
            <ns3:hr>138</ns3:hr>
          </ns3:TrackPointExtension>
        </extensions>
      </trkpt>
      <trkpt lat="51.76015402190387248992919921875" lon="5.60864481143653392791748046875">
        <ele>8.3999996185302734375</ele>
        <time>2025-03-10T11:17:26.000Z</time>
        <extensions>
          <ns3:TrackPointExtension>
            <ns3:hr>138</ns3:hr>
          </ns3:TrackPointExtension>
        </extensions>
      </trkpt>
      <trkpt lat="51.76013566553592681884765625" lon="5.60855193994939327239990234375">
        <ele>8.80000019073486328125</ele>
        <time>2025-03-10T11:17:32.000Z</time>
        <extensions>
          <ns3:TrackPointExtension>
            <ns3:hr>138</ns3:hr>
          </ns3:TrackPointExtension>
        </extensions>
      </trkpt>
      <trkpt lat="51.76013172604143619537353515625" lon="5.6085082702338695526123046875">
        <ele>8.6000003814697265625</ele>
        <time>2025-03-10T11:17:35.000Z</time>
        <extensions>
          <ns3:TrackPointExtension>
            <ns3:hr>143</ns3:hr>
          </ns3:TrackPointExtension>
        </extensions>
      </trkpt>
      <trkpt lat="51.76013298332691192626953125" lon="5.60849175788462162017822265625">
        <ele>8.6000003814697265625</ele>
        <time>2025-03-10T11:17:38.000Z</time>
        <extensions>
          <ns3:TrackPointExtension>
            <ns3:hr>144</ns3:hr>
          </ns3:TrackPointExtension>
        </extensions>
      </trkpt>
      <trkpt lat="51.760138683021068572998046875" lon="5.60847331769764423370361328125">
        <ele>8.3999996185302734375</ele>
        <time>2025-03-10T11:17:45.000Z</time>
        <extensions>
          <ns3:TrackPointExtension>
            <ns3:hr>142</ns3:hr>
          </ns3:TrackPointExtension>
        </extensions>
      </trkpt>
      <trkpt lat="51.76013030111789703369140625" lon="5.608467869460582733154296875">
        <ele>9.3999996185302734375</ele>
        <time>2025-03-10T11:17:54.000Z</time>
        <extensions>
          <ns3:TrackPointExtension>
            <ns3:hr>140</ns3:hr>
          </ns3:TrackPointExtension>
        </extensions>
      </trkpt>
      <trkpt lat="51.76011554896831512451171875" lon="5.6084090285003185272216796875">
        <ele>9.3999996185302734375</ele>
        <time>2025-03-10T11:18:01.000Z</time>
        <extensions>
          <ns3:TrackPointExtension>
            <ns3:hr>138</ns3:hr>
          </ns3:TrackPointExtension>
        </extensions>
      </trkpt>
      <trkpt lat="51.76007389090955257415771484375" lon="5.60831305570900440216064453125">
        <ele>8.6000003814697265625</ele>
        <time>2025-03-10T11:18:06.000Z</time>
        <extensions>
          <ns3:TrackPointExtension>
            <ns3:hr>138</ns3:hr>
          </ns3:TrackPointExtension>
        </extensions>
      </trkpt>
      <trkpt lat="51.76006936468183994293212890625" lon="5.6083020754158496856689453125">
        <ele>8.3999996185302734375</ele>
        <time>2025-03-10T11:18:07.000Z</time>
        <extensions>
          <ns3:TrackPointExtension>
            <ns3:hr>139</ns3:hr>
          </ns3:TrackPointExtension>
        </extensions>
      </trkpt>
      <trkpt lat="51.76006802357733249664306640625" lon="5.608270056545734405517578125">
        <ele>8.3999996185302734375</ele>
        <time>2025-03-10T11:18:11.000Z</time>
        <extensions>
          <ns3:TrackPointExtension>
            <ns3:hr>138</ns3:hr>
          </ns3:TrackPointExtension>
        </extensions>
      </trkpt>
      <trkpt lat="51.7600630782544612884521484375" lon="5.60825069434940814971923828125">
        <ele>8.3999996185302734375</ele>
        <time>2025-03-10T11:18:12.000Z</time>
        <extensions>
          <ns3:TrackPointExtension>
            <ns3:hr>138</ns3:hr>
          </ns3:TrackPointExtension>
        </extensions>
      </trkpt>
      <trkpt lat="51.76004111766815185546875" lon="5.6081827171146869659423828125">
        <ele>8.3999996185302734375</ele>
        <time>2025-03-10T11:18:17.000Z</time>
        <extensions>
          <ns3:TrackPointExtension>
            <ns3:hr>141</ns3:hr>
          </ns3:TrackPointExtension>
        </extensions>
      </trkpt>
      <trkpt lat="51.7600215040147304534912109375" lon="5.608115494251251220703125">
        <ele>8.3999996185302734375</ele>
        <time>2025-03-10T11:18:22.000Z</time>
        <extensions>
          <ns3:TrackPointExtension>
            <ns3:hr>142</ns3:hr>
          </ns3:TrackPointExtension>
        </extensions>
      </trkpt>
      <trkpt lat="51.75998068414628505706787109375" lon="5.608051121234893798828125">
        <ele>9</ele>
        <time>2025-03-10T11:18:29.000Z</time>
        <extensions>
          <ns3:TrackPointExtension>
            <ns3:hr>142</ns3:hr>
          </ns3:TrackPointExtension>
        </extensions>
      </trkpt>
      <trkpt lat="51.75993827171623706817626953125" lon="5.60794995166361331939697265625">
        <ele>8.3999996185302734375</ele>
        <time>2025-03-10T11:18:36.000Z</time>
        <extensions>
          <ns3:TrackPointExtension>
            <ns3:hr>143</ns3:hr>
          </ns3:TrackPointExtension>
        </extensions>
      </trkpt>
      <trkpt lat="51.75993307493627071380615234375" lon="5.60791231691837310791015625">
        <ele>8.6000003814697265625</ele>
        <time>2025-03-10T11:18:39.000Z</time>
        <extensions>
          <ns3:TrackPointExtension>
            <ns3:hr>144</ns3:hr>
          </ns3:TrackPointExtension>
        </extensions>
      </trkpt>
      <trkpt lat="51.75992787815630435943603515625" lon="5.607851631939411163330078125">
        <ele>8.6000003814697265625</ele>
        <time>2025-03-10T11:18:42.000Z</time>
        <extensions>
          <ns3:TrackPointExtension>
            <ns3:hr>144</ns3:hr>
          </ns3:TrackPointExtension>
        </extensions>
      </trkpt>
      <trkpt lat="51.75992838107049465179443359375" lon="5.60779941268265247344970703125">
        <ele>9</ele>
        <time>2025-03-10T11:18:47.000Z</time>
        <extensions>
          <ns3:TrackPointExtension>
            <ns3:hr>144</ns3:hr>
          </ns3:TrackPointExtension>
        </extensions>
      </trkpt>
      <trkpt lat="51.75992452539503574371337890625" lon="5.60775968246161937713623046875">
        <ele>9</ele>
        <time>2025-03-10T11:18:49.000Z</time>
        <extensions>
          <ns3:TrackPointExtension>
            <ns3:hr>145</ns3:hr>
          </ns3:TrackPointExtension>
        </extensions>
      </trkpt>
      <trkpt lat="51.75992335192859172821044921875" lon="5.607694052159786224365234375">
        <ele>8.6000003814697265625</ele>
        <time>2025-03-10T11:18:54.000Z</time>
        <extensions>
          <ns3:TrackPointExtension>
            <ns3:hr>145</ns3:hr>
          </ns3:TrackPointExtension>
        </extensions>
      </trkpt>
      <trkpt lat="51.759930141270160675048828125" lon="5.60768038965761661529541015625">
        <ele>8.6000003814697265625</ele>
        <time>2025-03-10T11:18:56.000Z</time>
        <extensions>
          <ns3:TrackPointExtension>
            <ns3:hr>145</ns3:hr>
          </ns3:TrackPointExtension>
        </extensions>
      </trkpt>
      <trkpt lat="51.759933494031429290771484375" lon="5.60763294808566570281982421875">
        <ele>8.80000019073486328125</ele>
        <time>2025-03-10T11:19:00.000Z</time>
        <extensions>
          <ns3:TrackPointExtension>
            <ns3:hr>148</ns3:hr>
          </ns3:TrackPointExtension>
        </extensions>
      </trkpt>
      <trkpt lat="51.7599353380501270294189453125" lon="5.6076150946319103240966796875">
        <ele>8.80000019073486328125</ele>
        <time>2025-03-10T11:19:01.000Z</time>
        <extensions>
          <ns3:TrackPointExtension>
            <ns3:hr>148</ns3:hr>
          </ns3:TrackPointExtension>
        </extensions>
      </trkpt>
      <trkpt lat="51.75993978045880794525146484375" lon="5.60754217207431793212890625">
        <ele>9</ele>
        <time>2025-03-10T11:19:06.000Z</time>
        <extensions>
          <ns3:TrackPointExtension>
            <ns3:hr>149</ns3:hr>
          </ns3:TrackPointExtension>
        </extensions>
      </trkpt>
      <trkpt lat="51.759936511516571044921875" lon="5.60754024423658847808837890625">
        <ele>9.19999980926513671875</ele>
        <time>2025-03-10T11:19:07.000Z</time>
        <extensions>
          <ns3:TrackPointExtension>
            <ns3:hr>149</ns3:hr>
          </ns3:TrackPointExtension>
        </extensions>
      </trkpt>
      <trkpt lat="51.75993760116398334503173828125" lon="5.6075616180896759033203125">
        <ele>10</ele>
        <time>2025-03-10T11:19:12.000Z</time>
        <extensions>
          <ns3:TrackPointExtension>
            <ns3:hr>149</ns3:hr>
          </ns3:TrackPointExtension>
        </extensions>
      </trkpt>
      <trkpt lat="51.75993558950722217559814453125" lon="5.607554577291011810302734375">
        <ele>10.19999980926513671875</ele>
        <time>2025-03-10T11:19:16.000Z</time>
        <extensions>
          <ns3:TrackPointExtension>
            <ns3:hr>149</ns3:hr>
          </ns3:TrackPointExtension>
        </extensions>
      </trkpt>
      <trkpt lat="51.75993961282074451446533203125" lon="5.60753555037081241607666015625">
        <ele>10</ele>
        <time>2025-03-10T11:19:19.000Z</time>
        <extensions>
          <ns3:TrackPointExtension>
            <ns3:hr>146</ns3:hr>
          </ns3:TrackPointExtension>
        </extensions>
      </trkpt>
      <trkpt lat="51.75994011573493480682373046875" lon="5.60747033916413784027099609375">
        <ele>9.80000019073486328125</ele>
        <time>2025-03-10T11:19:24.000Z</time>
        <extensions>
          <ns3:TrackPointExtension>
            <ns3:hr>145</ns3:hr>
          </ns3:TrackPointExtension>
        </extensions>
      </trkpt>
      <trkpt lat="51.7599356733262538909912109375" lon="5.607393644750118255615234375">
        <ele>9.19999980926513671875</ele>
        <time>2025-03-10T11:19:29.000Z</time>
        <extensions>
          <ns3:TrackPointExtension>
            <ns3:hr>146</ns3:hr>
          </ns3:TrackPointExtension>
        </extensions>
      </trkpt>
      <trkpt lat="51.75994916819036006927490234375" lon="5.60732164420187473297119140625">
        <ele>9.19999980926513671875</ele>
        <time>2025-03-10T11:19:34.000Z</time>
        <extensions>
          <ns3:TrackPointExtension>
            <ns3:hr>147</ns3:hr>
          </ns3:TrackPointExtension>
        </extensions>
      </trkpt>
      <trkpt lat="51.7599745653569698333740234375" lon="5.60723547823727130889892578125">
        <ele>9.19999980926513671875</ele>
        <time>2025-03-10T11:19:39.000Z</time>
        <extensions>
          <ns3:TrackPointExtension>
            <ns3:hr>146</ns3:hr>
          </ns3:TrackPointExtension>
        </extensions>
      </trkpt>
      <trkpt lat="51.75999225117266178131103515625" lon="5.607209913432598114013671875">
        <ele>9</ele>
        <time>2025-03-10T11:19:42.000Z</time>
        <extensions>
          <ns3:TrackPointExtension>
            <ns3:hr>146</ns3:hr>
          </ns3:TrackPointExtension>
        </extensions>
      </trkpt>
      <trkpt lat="51.75999443046748638153076171875" lon="5.60717781074345111846923828125">
        <ele>9</ele>
        <time>2025-03-10T11:19:44.000Z</time>
        <extensions>
          <ns3:TrackPointExtension>
            <ns3:hr>146</ns3:hr>
          </ns3:TrackPointExtension>
        </extensions>
      </trkpt>
      <trkpt lat="51.75999996252357959747314453125" lon="5.6071537546813488006591796875">
        <ele>9</ele>
        <time>2025-03-10T11:19:45.000Z</time>
        <extensions>
          <ns3:TrackPointExtension>
            <ns3:hr>147</ns3:hr>
          </ns3:TrackPointExtension>
        </extensions>
      </trkpt>
      <trkpt lat="51.7600022256374359130859375" lon="5.60713623650372028350830078125">
        <ele>9</ele>
        <time>2025-03-10T11:19:46.000Z</time>
        <extensions>
          <ns3:TrackPointExtension>
            <ns3:hr>147</ns3:hr>
          </ns3:TrackPointExtension>
        </extensions>
      </trkpt>
      <trkpt lat="51.7600023932754993438720703125" lon="5.60708393342792987823486328125">
        <ele>9</ele>
        <time>2025-03-10T11:19:49.000Z</time>
        <extensions>
          <ns3:TrackPointExtension>
            <ns3:hr>150</ns3:hr>
          </ns3:TrackPointExtension>
        </extensions>
      </trkpt>
      <trkpt lat="51.76000046543776988983154296875" lon="5.6070573627948760986328125">
        <ele>9</ele>
        <time>2025-03-10T11:19:51.000Z</time>
        <extensions>
          <ns3:TrackPointExtension>
            <ns3:hr>154</ns3:hr>
          </ns3:TrackPointExtension>
        </extensions>
      </trkpt>
      <trkpt lat="51.7599968612194061279296875" lon="5.60703313909471035003662109375">
        <ele>9</ele>
        <time>2025-03-10T11:19:53.000Z</time>
        <extensions>
          <ns3:TrackPointExtension>
            <ns3:hr>157</ns3:hr>
          </ns3:TrackPointExtension>
        </extensions>
      </trkpt>
      <trkpt lat="51.7600064165890216827392578125" lon="5.6069898046553134918212890625">
        <ele>9</ele>
        <time>2025-03-10T11:19:55.000Z</time>
        <extensions>
          <ns3:TrackPointExtension>
            <ns3:hr>158</ns3:hr>
          </ns3:TrackPointExtension>
        </extensions>
      </trkpt>
      <trkpt lat="51.7600127868354320526123046875" lon="5.60690741054713726043701171875">
        <ele>9</ele>
        <time>2025-03-10T11:20:00.000Z</time>
        <extensions>
          <ns3:TrackPointExtension>
            <ns3:hr>158</ns3:hr>
          </ns3:TrackPointExtension>
        </extensions>
      </trkpt>
      <trkpt lat="51.76001085899770259857177734375" lon="5.60690891928970813751220703125">
        <ele>9</ele>
        <time>2025-03-10T11:20:04.000Z</time>
        <extensions>
          <ns3:TrackPointExtension>
            <ns3:hr>157</ns3:hr>
          </ns3:TrackPointExtension>
        </extensions>
      </trkpt>
      <trkpt lat="51.76000691950321197509765625" lon="5.6068902276456356048583984375">
        <ele>9.80000019073486328125</ele>
        <time>2025-03-10T11:20:11.000Z</time>
        <extensions>
          <ns3:TrackPointExtension>
            <ns3:hr>153</ns3:hr>
          </ns3:TrackPointExtension>
        </extensions>
      </trkpt>
      <trkpt lat="51.7600057460367679595947265625" lon="5.60687539167702198028564453125">
        <ele>9.80000019073486328125</ele>
        <time>2025-03-10T11:20:12.000Z</time>
        <extensions>
          <ns3:TrackPointExtension>
            <ns3:hr>149</ns3:hr>
          </ns3:TrackPointExtension>
        </extensions>
      </trkpt>
      <trkpt lat="51.7599983699619770050048828125" lon="5.60685661621391773223876953125">
        <ele>9.6000003814697265625</ele>
        <time>2025-03-10T11:20:14.000Z</time>
        <extensions>
          <ns3:TrackPointExtension>
            <ns3:hr>146</ns3:hr>
          </ns3:TrackPointExtension>
        </extensions>
      </trkpt>
      <trkpt lat="51.759999878704547882080078125" lon="5.6068379245698451995849609375">
        <ele>9</ele>
        <time>2025-03-10T11:20:16.000Z</time>
        <extensions>
          <ns3:TrackPointExtension>
            <ns3:hr>144</ns3:hr>
          </ns3:TrackPointExtension>
        </extensions>
      </trkpt>
      <trkpt lat="51.760003566741943359375" lon="5.60671110637485980987548828125">
        <ele>8.80000019073486328125</ele>
        <time>2025-03-10T11:20:21.000Z</time>
        <extensions>
          <ns3:TrackPointExtension>
            <ns3:hr>145</ns3:hr>
          </ns3:TrackPointExtension>
        </extensions>
      </trkpt>
      <trkpt lat="51.759997196495532989501953125" lon="5.606665425002574920654296875">
        <ele>8.80000019073486328125</ele>
        <time>2025-03-10T11:20:26.000Z</time>
        <extensions>
          <ns3:TrackPointExtension>
            <ns3:hr>147</ns3:hr>
          </ns3:TrackPointExtension>
        </extensions>
      </trkpt>
      <trkpt lat="51.75998738966882228851318359375" lon="5.60659040696918964385986328125">
        <ele>8.80000019073486328125</ele>
        <time>2025-03-10T11:20:30.000Z</time>
        <extensions>
          <ns3:TrackPointExtension>
            <ns3:hr>147</ns3:hr>
          </ns3:TrackPointExtension>
        </extensions>
      </trkpt>
      <trkpt lat="51.759968362748622894287109375" lon="5.60657716356217861175537109375">
        <ele>9.6000003814697265625</ele>
        <time>2025-03-10T11:20:35.000Z</time>
        <extensions>
          <ns3:TrackPointExtension>
            <ns3:hr>148</ns3:hr>
          </ns3:TrackPointExtension>
        </extensions>
      </trkpt>
      <trkpt lat="51.75997674465179443359375" lon="5.606598369777202606201171875">
        <ele>9.6000003814697265625</ele>
        <time>2025-03-10T11:20:37.000Z</time>
        <extensions>
          <ns3:TrackPointExtension>
            <ns3:hr>149</ns3:hr>
          </ns3:TrackPointExtension>
        </extensions>
      </trkpt>
      <trkpt lat="51.7599769122898578643798828125" lon="5.60659803450107574462890625">
        <ele>9.6000003814697265625</ele>
        <time>2025-03-10T11:20:40.000Z</time>
        <extensions>
          <ns3:TrackPointExtension>
            <ns3:hr>148</ns3:hr>
          </ns3:TrackPointExtension>
        </extensions>
      </trkpt>
      <trkpt lat="51.7599712125957012176513671875" lon="5.6065539456903934478759765625">
        <ele>9.3999996185302734375</ele>
        <time>2025-03-10T11:20:43.000Z</time>
        <extensions>
          <ns3:TrackPointExtension>
            <ns3:hr>149</ns3:hr>
          </ns3:TrackPointExtension>
        </extensions>
      </trkpt>
      <trkpt lat="51.75996928475797176361083984375" lon="5.60652804560959339141845703125">
        <ele>9</ele>
        <time>2025-03-10T11:20:46.000Z</time>
        <extensions>
          <ns3:TrackPointExtension>
            <ns3:hr>145</ns3:hr>
          </ns3:TrackPointExtension>
        </extensions>
      </trkpt>
      <trkpt lat="51.7599619925022125244140625" lon="5.60649502091109752655029296875">
        <ele>9</ele>
        <time>2025-03-10T11:20:48.000Z</time>
        <extensions>
          <ns3:TrackPointExtension>
            <ns3:hr>144</ns3:hr>
          </ns3:TrackPointExtension>
        </extensions>
      </trkpt>
      <trkpt lat="51.75991438329219818115234375" lon="5.606398545205593109130859375">
        <ele>8.80000019073486328125</ele>
        <time>2025-03-10T11:20:55.000Z</time>
        <extensions>
          <ns3:TrackPointExtension>
            <ns3:hr>143</ns3:hr>
          </ns3:TrackPointExtension>
        </extensions>
      </trkpt>
      <trkpt lat="51.7598796822130680084228515625" lon="5.60632118023931980133056640625">
        <ele>8.80000019073486328125</ele>
        <time>2025-03-10T11:21:01.000Z</time>
        <extensions>
          <ns3:TrackPointExtension>
            <ns3:hr>146</ns3:hr>
          </ns3:TrackPointExtension>
        </extensions>
      </trkpt>
      <trkpt lat="51.75985679961740970611572265625" lon="5.60624507255852222442626953125">
        <ele>8.80000019073486328125</ele>
        <time>2025-03-10T11:21:07.000Z</time>
        <extensions>
          <ns3:TrackPointExtension>
            <ns3:hr>148</ns3:hr>
          </ns3:TrackPointExtension>
        </extensions>
      </trkpt>
      <trkpt lat="51.75985193811357021331787109375" lon="5.60612806119024753570556640625">
        <ele>8.6000003814697265625</ele>
        <time>2025-03-10T11:21:12.000Z</time>
        <extensions>
          <ns3:TrackPointExtension>
            <ns3:hr>148</ns3:hr>
          </ns3:TrackPointExtension>
        </extensions>
      </trkpt>
      <trkpt lat="51.75984925590455532073974609375" lon="5.60606553219258785247802734375">
        <ele>8.6000003814697265625</ele>
        <time>2025-03-10T11:21:16.000Z</time>
        <extensions>
          <ns3:TrackPointExtension>
            <ns3:hr>148</ns3:hr>
          </ns3:TrackPointExtension>
        </extensions>
      </trkpt>
      <trkpt lat="51.75985177047550678253173828125" lon="5.60600350610911846160888671875">
        <ele>8.6000003814697265625</ele>
        <time>2025-03-10T11:21:20.000Z</time>
        <extensions>
          <ns3:TrackPointExtension>
            <ns3:hr>148</ns3:hr>
          </ns3:TrackPointExtension>
        </extensions>
      </trkpt>
      <trkpt lat="51.75984925590455532073974609375" lon="5.6059849821031093597412109375">
        <ele>8.6000003814697265625</ele>
        <time>2025-03-10T11:21:21.000Z</time>
        <extensions>
          <ns3:TrackPointExtension>
            <ns3:hr>148</ns3:hr>
          </ns3:TrackPointExtension>
        </extensions>
      </trkpt>
      <trkpt lat="51.75982880406081676483154296875" lon="5.60594399459660053253173828125">
        <ele>8.80000019073486328125</ele>
        <time>2025-03-10T11:21:26.000Z</time>
        <extensions>
          <ns3:TrackPointExtension>
            <ns3:hr>147</ns3:hr>
          </ns3:TrackPointExtension>
        </extensions>
      </trkpt>
      <trkpt lat="51.7598091065883636474609375" lon="5.6058676354587078094482421875">
        <ele>8.80000019073486328125</ele>
        <time>2025-03-10T11:21:32.000Z</time>
        <extensions>
          <ns3:TrackPointExtension>
            <ns3:hr>146</ns3:hr>
          </ns3:TrackPointExtension>
        </extensions>
      </trkpt>
      <trkpt lat="51.75977666862308979034423828125" lon="5.60580275952816009521484375">
        <ele>9</ele>
        <time>2025-03-10T11:21:37.000Z</time>
        <extensions>
          <ns3:TrackPointExtension>
            <ns3:hr>147</ns3:hr>
          </ns3:TrackPointExtension>
        </extensions>
      </trkpt>
      <trkpt lat="51.75975001417100429534912109375" lon="5.605727992951869964599609375">
        <ele>9</ele>
        <time>2025-03-10T11:21:43.000Z</time>
        <extensions>
          <ns3:TrackPointExtension>
            <ns3:hr>147</ns3:hr>
          </ns3:TrackPointExtension>
        </extensions>
      </trkpt>
      <trkpt lat="51.7597489245235919952392578125" lon="5.60570376925170421600341796875">
        <ele>9.19999980926513671875</ele>
        <time>2025-03-10T11:21:47.000Z</time>
        <extensions>
          <ns3:TrackPointExtension>
            <ns3:hr>147</ns3:hr>
          </ns3:TrackPointExtension>
        </extensions>
      </trkpt>
      <trkpt lat="51.75972796976566314697265625" lon="5.60565733350813388824462890625">
        <ele>9.3999996185302734375</ele>
        <time>2025-03-10T11:21:55.000Z</time>
        <extensions>
          <ns3:TrackPointExtension>
            <ns3:hr>145</ns3:hr>
          </ns3:TrackPointExtension>
        </extensions>
      </trkpt>
      <trkpt lat="51.75970642827451229095458984375" lon="5.605558343231678009033203125">
        <ele>9.19999980926513671875</ele>
        <time>2025-03-10T11:22:01.000Z</time>
        <extensions>
          <ns3:TrackPointExtension>
            <ns3:hr>147</ns3:hr>
          </ns3:TrackPointExtension>
        </extensions>
      </trkpt>
      <trkpt lat="51.75968027673661708831787109375" lon="5.60546614229679107666015625">
        <ele>9.19999980926513671875</ele>
        <time>2025-03-10T11:22:07.000Z</time>
        <extensions>
          <ns3:TrackPointExtension>
            <ns3:hr>149</ns3:hr>
          </ns3:TrackPointExtension>
        </extensions>
      </trkpt>
      <trkpt lat="51.75967541523277759552001953125" lon="5.60544124804437160491943359375">
        <ele>9</ele>
        <time>2025-03-10T11:22:10.000Z</time>
        <extensions>
          <ns3:TrackPointExtension>
            <ns3:hr>148</ns3:hr>
          </ns3:TrackPointExtension>
        </extensions>
      </trkpt>
      <trkpt lat="51.759676001965999603271484375" lon="5.60540034435689449310302734375">
        <ele>9</ele>
        <time>2025-03-10T11:22:12.000Z</time>
        <extensions>
          <ns3:TrackPointExtension>
            <ns3:hr>147</ns3:hr>
          </ns3:TrackPointExtension>
        </extensions>
      </trkpt>
      <trkpt lat="51.759673990309238433837890625" lon="5.6053085625171661376953125">
        <ele>9.3999996185302734375</ele>
        <time>2025-03-10T11:22:18.000Z</time>
        <extensions>
          <ns3:TrackPointExtension>
            <ns3:hr>147</ns3:hr>
          </ns3:TrackPointExtension>
        </extensions>
      </trkpt>
      <trkpt lat="51.7596701346337795257568359375" lon="5.60520906932651996612548828125">
        <ele>9.80000019073486328125</ele>
        <time>2025-03-10T11:22:25.000Z</time>
        <extensions>
          <ns3:TrackPointExtension>
            <ns3:hr>147</ns3:hr>
          </ns3:TrackPointExtension>
        </extensions>
      </trkpt>
      <trkpt lat="51.75967256538569927215576171875" lon="5.60510513372719287872314453125">
        <ele>9.3999996185302734375</ele>
        <time>2025-03-10T11:22:30.000Z</time>
        <extensions>
          <ns3:TrackPointExtension>
            <ns3:hr>147</ns3:hr>
          </ns3:TrackPointExtension>
        </extensions>
      </trkpt>
      <trkpt lat="51.759661920368671417236328125" lon="5.605050735175609588623046875">
        <ele>9.3999996185302734375</ele>
        <time>2025-03-10T11:22:34.000Z</time>
        <extensions>
          <ns3:TrackPointExtension>
            <ns3:hr>146</ns3:hr>
          </ns3:TrackPointExtension>
        </extensions>
      </trkpt>
      <trkpt lat="51.7596597410738468170166015625" lon="5.605039335787296295166015625">
        <ele>9.3999996185302734375</ele>
        <time>2025-03-10T11:22:35.000Z</time>
        <extensions>
          <ns3:TrackPointExtension>
            <ns3:hr>146</ns3:hr>
          </ns3:TrackPointExtension>
        </extensions>
      </trkpt>
      <trkpt lat="51.75965613685548305511474609375" lon="5.60494369827210903167724609375">
        <ele>9.3999996185302734375</ele>
        <time>2025-03-10T11:22:40.000Z</time>
        <extensions>
          <ns3:TrackPointExtension>
            <ns3:hr>146</ns3:hr>
          </ns3:TrackPointExtension>
        </extensions>
      </trkpt>
      <trkpt lat="51.759631074965000152587890625" lon="5.6048713624477386474609375">
        <ele>9.3999996185302734375</ele>
        <time>2025-03-10T11:22:46.000Z</time>
        <extensions>
          <ns3:TrackPointExtension>
            <ns3:hr>147</ns3:hr>
          </ns3:TrackPointExtension>
        </extensions>
      </trkpt>
      <trkpt lat="51.75960500724613666534423828125" lon="5.60480355285108089447021484375">
        <ele>9.3999996185302734375</ele>
        <time>2025-03-10T11:22:52.000Z</time>
        <extensions>
          <ns3:TrackPointExtension>
            <ns3:hr>147</ns3:hr>
          </ns3:TrackPointExtension>
        </extensions>
      </trkpt>
      <trkpt lat="51.75960467197000980377197265625" lon="5.6047748029232025146484375">
        <ele>9.3999996185302734375</ele>
        <time>2025-03-10T11:22:55.000Z</time>
        <extensions>
          <ns3:TrackPointExtension>
            <ns3:hr>147</ns3:hr>
          </ns3:TrackPointExtension>
        </extensions>
      </trkpt>
      <trkpt lat="51.7595936916768550872802734375" lon="5.60471671633422374725341796875">
        <ele>9.19999980926513671875</ele>
        <time>2025-03-10T11:22:58.000Z</time>
        <extensions>
          <ns3:TrackPointExtension>
            <ns3:hr>147</ns3:hr>
          </ns3:TrackPointExtension>
        </extensions>
      </trkpt>
      <trkpt lat="51.75957131199538707733154296875" lon="5.60465879738330841064453125">
        <ele>9.19999980926513671875</ele>
        <time>2025-03-10T11:23:03.000Z</time>
        <extensions>
          <ns3:TrackPointExtension>
            <ns3:hr>148</ns3:hr>
          </ns3:TrackPointExtension>
        </extensions>
      </trkpt>
      <trkpt lat="51.75952102057635784149169921875" lon="5.604545809328556060791015625">
        <ele>9</ele>
        <time>2025-03-10T11:23:10.000Z</time>
        <extensions>
          <ns3:TrackPointExtension>
            <ns3:hr>146</ns3:hr>
          </ns3:TrackPointExtension>
        </extensions>
      </trkpt>
      <trkpt lat="51.7594899237155914306640625" lon="5.60442745685577392578125">
        <ele>8.80000019073486328125</ele>
        <time>2025-03-10T11:23:16.000Z</time>
        <extensions>
          <ns3:TrackPointExtension>
            <ns3:hr>146</ns3:hr>
          </ns3:TrackPointExtension>
        </extensions>
      </trkpt>
      <trkpt lat="51.759462095797061920166015625" lon="5.60435629449784755706787109375">
        <ele>8.80000019073486328125</ele>
        <time>2025-03-10T11:23:23.000Z</time>
        <extensions>
          <ns3:TrackPointExtension>
            <ns3:hr>148</ns3:hr>
          </ns3:TrackPointExtension>
        </extensions>
      </trkpt>
      <trkpt lat="51.75944206304848194122314453125" lon="5.60428806580603122711181640625">
        <ele>8.80000019073486328125</ele>
        <time>2025-03-10T11:23:29.000Z</time>
        <extensions>
          <ns3:TrackPointExtension>
            <ns3:hr>151</ns3:hr>
          </ns3:TrackPointExtension>
        </extensions>
      </trkpt>
      <trkpt lat="51.75944189541041851043701171875" lon="5.604245401918888092041015625">
        <ele>8.80000019073486328125</ele>
        <time>2025-03-10T11:23:31.000Z</time>
        <extensions>
          <ns3:TrackPointExtension>
            <ns3:hr>154</ns3:hr>
          </ns3:TrackPointExtension>
        </extensions>
      </trkpt>
      <trkpt lat="51.7594367824494838714599609375" lon="5.6042088568210601806640625">
        <ele>8.80000019073486328125</ele>
        <time>2025-03-10T11:23:33.000Z</time>
        <extensions>
          <ns3:TrackPointExtension>
            <ns3:hr>155</ns3:hr>
          </ns3:TrackPointExtension>
        </extensions>
      </trkpt>
      <trkpt lat="51.75941423512995243072509765625" lon="5.60411673970520496368408203125">
        <ele>9</ele>
        <time>2025-03-10T11:23:39.000Z</time>
        <extensions>
          <ns3:TrackPointExtension>
            <ns3:hr>154</ns3:hr>
          </ns3:TrackPointExtension>
        </extensions>
      </trkpt>
      <trkpt lat="51.75938925705850124359130859375" lon="5.6040527857840061187744140625">
        <ele>9</ele>
        <time>2025-03-10T11:23:45.000Z</time>
        <extensions>
          <ns3:TrackPointExtension>
            <ns3:hr>153</ns3:hr>
          </ns3:TrackPointExtension>
        </extensions>
      </trkpt>
      <trkpt lat="51.75937131978571414947509765625" lon="5.60398153960704803466796875">
        <ele>9</ele>
        <time>2025-03-10T11:23:49.000Z</time>
        <extensions>
          <ns3:TrackPointExtension>
            <ns3:hr>153</ns3:hr>
          </ns3:TrackPointExtension>
        </extensions>
      </trkpt>
      <trkpt lat="51.75935111939907073974609375" lon="5.6039460003376007080078125">
        <ele>9</ele>
        <time>2025-03-10T11:23:53.000Z</time>
        <extensions>
          <ns3:TrackPointExtension>
            <ns3:hr>150</ns3:hr>
          </ns3:TrackPointExtension>
        </extensions>
      </trkpt>
      <trkpt lat="51.75934919156134128570556640625" lon="5.6039347685873508453369140625">
        <ele>9</ele>
        <time>2025-03-10T11:23:54.000Z</time>
        <extensions>
          <ns3:TrackPointExtension>
            <ns3:hr>147</ns3:hr>
          </ns3:TrackPointExtension>
        </extensions>
      </trkpt>
      <trkpt lat="51.759342737495899200439453125" lon="5.6038361974060535430908203125">
        <ele>8.80000019073486328125</ele>
        <time>2025-03-10T11:23:59.000Z</time>
        <extensions>
          <ns3:TrackPointExtension>
            <ns3:hr>146</ns3:hr>
          </ns3:TrackPointExtension>
        </extensions>
      </trkpt>
      <trkpt lat="51.7593160830438137054443359375" lon="5.60377492569386959075927734375">
        <ele>9</ele>
        <time>2025-03-10T11:24:05.000Z</time>
        <extensions>
          <ns3:TrackPointExtension>
            <ns3:hr>147</ns3:hr>
          </ns3:TrackPointExtension>
        </extensions>
      </trkpt>
      <trkpt lat="51.7593048512935638427734375" lon="5.60375816188752651214599609375">
        <ele>9</ele>
        <time>2025-03-10T11:24:06.000Z</time>
        <extensions>
          <ns3:TrackPointExtension>
            <ns3:hr>147</ns3:hr>
          </ns3:TrackPointExtension>
        </extensions>
      </trkpt>
      <trkpt lat="51.759284399449825286865234375" lon="5.60371943749487400054931640625">
        <ele>9</ele>
        <time>2025-03-10T11:24:10.000Z</time>
        <extensions>
          <ns3:TrackPointExtension>
            <ns3:hr>147</ns3:hr>
          </ns3:TrackPointExtension>
        </extensions>
      </trkpt>
      <trkpt lat="51.75926528871059417724609375" lon="5.60364282689988613128662109375">
        <ele>9</ele>
        <time>2025-03-10T11:24:15.000Z</time>
        <extensions>
          <ns3:TrackPointExtension>
            <ns3:hr>147</ns3:hr>
          </ns3:TrackPointExtension>
        </extensions>
      </trkpt>
      <trkpt lat="51.75924114882946014404296875" lon="5.60359203256666660308837890625">
        <ele>9</ele>
        <time>2025-03-10T11:24:21.000Z</time>
        <extensions>
          <ns3:TrackPointExtension>
            <ns3:hr>147</ns3:hr>
          </ns3:TrackPointExtension>
        </extensions>
      </trkpt>
      <trkpt lat="51.75919747911393642425537109375" lon="5.6035517156124114990234375">
        <ele>9.19999980926513671875</ele>
        <time>2025-03-10T11:24:27.000Z</time>
        <extensions>
          <ns3:TrackPointExtension>
            <ns3:hr>148</ns3:hr>
          </ns3:TrackPointExtension>
        </extensions>
      </trkpt>
      <trkpt lat="51.7591387219727039337158203125" lon="5.60350100509822368621826171875">
        <ele>9.19999980926513671875</ele>
        <time>2025-03-10T11:24:32.000Z</time>
        <extensions>
          <ns3:TrackPointExtension>
            <ns3:hr>148</ns3:hr>
          </ns3:TrackPointExtension>
        </extensions>
      </trkpt>
      <trkpt lat="51.7591256462037563323974609375" lon="5.60348398983478546142578125">
        <ele>9.3999996185302734375</ele>
        <time>2025-03-10T11:24:35.000Z</time>
        <extensions>
          <ns3:TrackPointExtension>
            <ns3:hr>149</ns3:hr>
          </ns3:TrackPointExtension>
        </extensions>
      </trkpt>
      <trkpt lat="51.75910661928355693817138671875" lon="5.60342271812260150909423828125">
        <ele>9.19999980926513671875</ele>
        <time>2025-03-10T11:24:38.000Z</time>
        <extensions>
          <ns3:TrackPointExtension>
            <ns3:hr>150</ns3:hr>
          </ns3:TrackPointExtension>
        </extensions>
      </trkpt>
      <trkpt lat="51.75908046774566173553466796875" lon="5.60335658490657806396484375">
        <ele>9.3999996185302734375</ele>
        <time>2025-03-10T11:24:44.000Z</time>
        <extensions>
          <ns3:TrackPointExtension>
            <ns3:hr>150</ns3:hr>
          </ns3:TrackPointExtension>
        </extensions>
      </trkpt>
      <trkpt lat="51.75905599258840084075927734375" lon="5.60329162515699863433837890625">
        <ele>9.3999996185302734375</ele>
        <time>2025-03-10T11:24:50.000Z</time>
        <extensions>
          <ns3:TrackPointExtension>
            <ns3:hr>151</ns3:hr>
          </ns3:TrackPointExtension>
        </extensions>
      </trkpt>
      <trkpt lat="51.759011484682559967041015625" lon="5.60321652330458164215087890625">
        <ele>9.6000003814697265625</ele>
        <time>2025-03-10T11:24:56.000Z</time>
        <extensions>
          <ns3:TrackPointExtension>
            <ns3:hr>149</ns3:hr>
          </ns3:TrackPointExtension>
        </extensions>
      </trkpt>
      <trkpt lat="51.75898742862045764923095703125" lon="5.60322054661810398101806640625">
        <ele>9.6000003814697265625</ele>
        <time>2025-03-10T11:25:00.000Z</time>
        <extensions>
          <ns3:TrackPointExtension>
            <ns3:hr>149</ns3:hr>
          </ns3:TrackPointExtension>
        </extensions>
      </trkpt>
      <trkpt lat="51.75896312110126018524169921875" lon="5.60321518220007419586181640625">
        <ele>9.80000019073486328125</ele>
        <time>2025-03-10T11:25:02.000Z</time>
        <extensions>
          <ns3:TrackPointExtension>
            <ns3:hr>150</ns3:hr>
          </ns3:TrackPointExtension>
        </extensions>
      </trkpt>
      <trkpt lat="51.758952476084232330322265625" lon="5.6031928025186061859130859375">
        <ele>9.80000019073486328125</ele>
        <time>2025-03-10T11:25:05.000Z</time>
        <extensions>
          <ns3:TrackPointExtension>
            <ns3:hr>150</ns3:hr>
          </ns3:TrackPointExtension>
        </extensions>
      </trkpt>
      <trkpt lat="51.75894920714199542999267578125" lon="5.60319020412862300872802734375">
        <ele>10</ele>
        <time>2025-03-10T11:25:07.000Z</time>
        <extensions>
          <ns3:TrackPointExtension>
            <ns3:hr>149</ns3:hr>
          </ns3:TrackPointExtension>
        </extensions>
      </trkpt>
      <trkpt lat="51.75892540253698825836181640625" lon="5.60315902344882488250732421875">
        <ele>10</ele>
        <time>2025-03-10T11:25:13.000Z</time>
        <extensions>
          <ns3:TrackPointExtension>
            <ns3:hr>148</ns3:hr>
          </ns3:TrackPointExtension>
        </extensions>
      </trkpt>
      <trkpt lat="51.7589373886585235595703125" lon="5.6030982546508312225341796875">
        <ele>10</ele>
        <time>2025-03-10T11:25:17.000Z</time>
        <extensions>
          <ns3:TrackPointExtension>
            <ns3:hr>148</ns3:hr>
          </ns3:TrackPointExtension>
        </extensions>
      </trkpt>
      <trkpt lat="51.758957169950008392333984375" lon="5.60301334597170352935791015625">
        <ele>9.80000019073486328125</ele>
        <time>2025-03-10T11:25:23.000Z</time>
        <extensions>
          <ns3:TrackPointExtension>
            <ns3:hr>148</ns3:hr>
          </ns3:TrackPointExtension>
        </extensions>
      </trkpt>
      <trkpt lat="51.7589881829917430877685546875" lon="5.60293841175734996795654296875">
        <ele>9.3999996185302734375</ele>
        <time>2025-03-10T11:25:29.000Z</time>
        <extensions>
          <ns3:TrackPointExtension>
            <ns3:hr>148</ns3:hr>
          </ns3:TrackPointExtension>
        </extensions>
      </trkpt>
      <trkpt lat="51.75902598537504673004150390625" lon="5.60285241343080997467041015625">
        <ele>9</ele>
        <time>2025-03-10T11:25:34.000Z</time>
        <extensions>
          <ns3:TrackPointExtension>
            <ns3:hr>148</ns3:hr>
          </ns3:TrackPointExtension>
        </extensions>
      </trkpt>
      <trkpt lat="51.75902791321277618408203125" lon="5.60284520499408245086669921875">
        <ele>9</ele>
        <time>2025-03-10T11:25:35.000Z</time>
        <extensions>
          <ns3:TrackPointExtension>
            <ns3:hr>148</ns3:hr>
          </ns3:TrackPointExtension>
        </extensions>
      </trkpt>
      <trkpt lat="51.75903755240142345428466796875" lon="5.60280815698206424713134765625">
        <ele>8.80000019073486328125</ele>
        <time>2025-03-10T11:25:39.000Z</time>
        <extensions>
          <ns3:TrackPointExtension>
            <ns3:hr>148</ns3:hr>
          </ns3:TrackPointExtension>
        </extensions>
      </trkpt>
      <trkpt lat="51.759027577936649322509765625" lon="5.6026989407837390899658203125">
        <ele>8.80000019073486328125</ele>
        <time>2025-03-10T11:25:44.000Z</time>
        <extensions>
          <ns3:TrackPointExtension>
            <ns3:hr>146</ns3:hr>
          </ns3:TrackPointExtension>
        </extensions>
      </trkpt>
      <trkpt lat="51.759012155234813690185546875" lon="5.60268008150160312652587890625">
        <ele>8.80000019073486328125</ele>
        <time>2025-03-10T11:25:46.000Z</time>
        <extensions>
          <ns3:TrackPointExtension>
            <ns3:hr>145</ns3:hr>
          </ns3:TrackPointExtension>
        </extensions>
      </trkpt>
      <trkpt lat="51.75899798981845378875732421875" lon="5.60260958969593048095703125">
        <ele>8.80000019073486328125</ele>
        <time>2025-03-10T11:25:50.000Z</time>
        <extensions>
          <ns3:TrackPointExtension>
            <ns3:hr>144</ns3:hr>
          </ns3:TrackPointExtension>
        </extensions>
      </trkpt>
      <trkpt lat="51.7589694075286388397216796875" lon="5.60255720280110836029052734375">
        <ele>8.80000019073486328125</ele>
        <time>2025-03-10T11:25:54.000Z</time>
        <extensions>
          <ns3:TrackPointExtension>
            <ns3:hr>143</ns3:hr>
          </ns3:TrackPointExtension>
        </extensions>
      </trkpt>
      <trkpt lat="51.75895758904516696929931640625" lon="5.6025554426014423370361328125">
        <ele>8.80000019073486328125</ele>
        <time>2025-03-10T11:25:56.000Z</time>
        <extensions>
          <ns3:TrackPointExtension>
            <ns3:hr>143</ns3:hr>
          </ns3:TrackPointExtension>
        </extensions>
      </trkpt>
      <trkpt lat="51.75895356573164463043212890625" lon="5.60254387557506561279296875">
        <ele>8.80000019073486328125</ele>
        <time>2025-03-10T11:25:57.000Z</time>
        <extensions>
          <ns3:TrackPointExtension>
            <ns3:hr>143</ns3:hr>
          </ns3:TrackPointExtension>
        </extensions>
      </trkpt>
      <trkpt lat="51.7589442618191242218017578125" lon="5.60248143039643764495849609375">
        <ele>8.80000019073486328125</ele>
        <time>2025-03-10T11:26:00.000Z</time>
        <extensions>
          <ns3:TrackPointExtension>
            <ns3:hr>144</ns3:hr>
          </ns3:TrackPointExtension>
        </extensions>
      </trkpt>
      <trkpt lat="51.7589144222438335418701171875" lon="5.60242317616939544677734375">
        <ele>8.80000019073486328125</ele>
        <time>2025-03-10T11:26:05.000Z</time>
        <extensions>
          <ns3:TrackPointExtension>
            <ns3:hr>144</ns3:hr>
          </ns3:TrackPointExtension>
        </extensions>
      </trkpt>
      <trkpt lat="51.7589073814451694488525390625" lon="5.602423846721649169921875">
        <ele>8.80000019073486328125</ele>
        <time>2025-03-10T11:26:06.000Z</time>
        <extensions>
          <ns3:TrackPointExtension>
            <ns3:hr>144</ns3:hr>
          </ns3:TrackPointExtension>
        </extensions>
      </trkpt>
      <trkpt lat="51.75887930206954479217529296875" lon="5.6024122796952724456787109375">
        <ele>8.80000019073486328125</ele>
        <time>2025-03-10T11:26:10.000Z</time>
        <extensions>
          <ns3:TrackPointExtension>
            <ns3:hr>144</ns3:hr>
          </ns3:TrackPointExtension>
        </extensions>
      </trkpt>
      <trkpt lat="51.7588555812835693359375" lon="5.602387972176074981689453125">
        <ele>8.80000019073486328125</ele>
        <time>2025-03-10T11:26:12.000Z</time>
        <extensions>
          <ns3:TrackPointExtension>
            <ns3:hr>144</ns3:hr>
          </ns3:TrackPointExtension>
        </extensions>
      </trkpt>
      <trkpt lat="51.7587833292782306671142578125" lon="5.602329634130001068115234375">
        <ele>9</ele>
        <time>2025-03-10T11:26:19.000Z</time>
        <extensions>
          <ns3:TrackPointExtension>
            <ns3:hr>144</ns3:hr>
          </ns3:TrackPointExtension>
        </extensions>
      </trkpt>
      <trkpt lat="51.7587766237556934356689453125" lon="5.60233273543417453765869140625">
        <ele>9.19999980926513671875</ele>
        <time>2025-03-10T11:26:20.000Z</time>
        <extensions>
          <ns3:TrackPointExtension>
            <ns3:hr>144</ns3:hr>
          </ns3:TrackPointExtension>
        </extensions>
      </trkpt>
      <trkpt lat="51.7587702535092830657958984375" lon="5.60230742208659648895263671875">
        <ele>9.3999996185302734375</ele>
        <time>2025-03-10T11:26:22.000Z</time>
        <extensions>
          <ns3:TrackPointExtension>
            <ns3:hr>144</ns3:hr>
          </ns3:TrackPointExtension>
        </extensions>
      </trkpt>
      <trkpt lat="51.7587702535092830657958984375" lon="5.602273978292942047119140625">
        <ele>9.3999996185302734375</ele>
        <time>2025-03-10T11:26:24.000Z</time>
        <extensions>
          <ns3:TrackPointExtension>
            <ns3:hr>144</ns3:hr>
          </ns3:TrackPointExtension>
        </extensions>
      </trkpt>
      <trkpt lat="51.758755333721637725830078125" lon="5.60220633633434772491455078125">
        <ele>9.6000003814697265625</ele>
        <time>2025-03-10T11:26:29.000Z</time>
        <extensions>
          <ns3:TrackPointExtension>
            <ns3:hr>144</ns3:hr>
          </ns3:TrackPointExtension>
        </extensions>
      </trkpt>
      <trkpt lat="51.75876237452030181884765625" lon="5.6021125428378582000732421875">
        <ele>9.3999996185302734375</ele>
        <time>2025-03-10T11:26:34.000Z</time>
        <extensions>
          <ns3:TrackPointExtension>
            <ns3:hr>144</ns3:hr>
          </ns3:TrackPointExtension>
        </extensions>
      </trkpt>
      <trkpt lat="51.75876916386187076568603515625" lon="5.60205462388694286346435546875">
        <ele>9.3999996185302734375</ele>
        <time>2025-03-10T11:26:39.000Z</time>
        <extensions>
          <ns3:TrackPointExtension>
            <ns3:hr>145</ns3:hr>
          </ns3:TrackPointExtension>
        </extensions>
      </trkpt>
      <trkpt lat="51.7587715946137905120849609375" lon="5.6019697152078151702880859375">
        <ele>9.19999980926513671875</ele>
        <time>2025-03-10T11:26:44.000Z</time>
        <extensions>
          <ns3:TrackPointExtension>
            <ns3:hr>147</ns3:hr>
          </ns3:TrackPointExtension>
        </extensions>
      </trkpt>
      <trkpt lat="51.758778132498264312744140625" lon="5.601888410747051239013671875">
        <ele>9.6000003814697265625</ele>
        <time>2025-03-10T11:26:50.000Z</time>
        <extensions>
          <ns3:TrackPointExtension>
            <ns3:hr>145</ns3:hr>
          </ns3:TrackPointExtension>
        </extensions>
      </trkpt>
      <trkpt lat="51.75876765511929988861083984375" lon="5.60186821036040782928466796875">
        <ele>9.80000019073486328125</ele>
        <time>2025-03-10T11:26:57.000Z</time>
        <extensions>
          <ns3:TrackPointExtension>
            <ns3:hr>145</ns3:hr>
          </ns3:TrackPointExtension>
        </extensions>
      </trkpt>
      <trkpt lat="51.7587508074939250946044921875" lon="5.60185781680047512054443359375">
        <ele>9.80000019073486328125</ele>
        <time>2025-03-10T11:27:02.000Z</time>
        <extensions>
          <ns3:TrackPointExtension>
            <ns3:hr>142</ns3:hr>
          </ns3:TrackPointExtension>
        </extensions>
      </trkpt>
      <trkpt lat="51.75875005312263965606689453125" lon="5.6018540449440479278564453125">
        <ele>9.80000019073486328125</ele>
        <time>2025-03-10T11:27:07.000Z</time>
        <extensions>
          <ns3:TrackPointExtension>
            <ns3:hr>141</ns3:hr>
          </ns3:TrackPointExtension>
        </extensions>
      </trkpt>
      <trkpt lat="51.75875273533165454864501953125" lon="5.60185991227626800537109375">
        <ele>9.6000003814697265625</ele>
        <time>2025-03-10T11:27:14.000Z</time>
        <extensions>
          <ns3:TrackPointExtension>
            <ns3:hr>140</ns3:hr>
          </ns3:TrackPointExtension>
        </extensions>
      </trkpt>
      <trkpt lat="51.75874703563749790191650390625" lon="5.60180400498211383819580078125">
        <ele>9.3999996185302734375</ele>
        <time>2025-03-10T11:27:19.000Z</time>
        <extensions>
          <ns3:TrackPointExtension>
            <ns3:hr>141</ns3:hr>
          </ns3:TrackPointExtension>
        </extensions>
      </trkpt>
      <trkpt lat="51.75873152911663055419921875" lon="5.60170711018145084381103515625">
        <ele>9.19999980926513671875</ele>
        <time>2025-03-10T11:27:26.000Z</time>
        <extensions>
          <ns3:TrackPointExtension>
            <ns3:hr>141</ns3:hr>
          </ns3:TrackPointExtension>
        </extensions>
      </trkpt>
      <trkpt lat="51.75872121937572956085205078125" lon="5.60159035027027130126953125">
        <ele>8.80000019073486328125</ele>
        <time>2025-03-10T11:27:33.000Z</time>
        <extensions>
          <ns3:TrackPointExtension>
            <ns3:hr>142</ns3:hr>
          </ns3:TrackPointExtension>
        </extensions>
      </trkpt>
      <trkpt lat="51.758707053959369659423828125" lon="5.6015070341527462005615234375">
        <ele>8.80000019073486328125</ele>
        <time>2025-03-10T11:27:39.000Z</time>
        <extensions>
          <ns3:TrackPointExtension>
            <ns3:hr>143</ns3:hr>
          </ns3:TrackPointExtension>
        </extensions>
      </trkpt>
      <trkpt lat="51.75869775004684925079345703125" lon="5.60142195783555507659912109375">
        <ele>9</ele>
        <time>2025-03-10T11:27:44.000Z</time>
        <extensions>
          <ns3:TrackPointExtension>
            <ns3:hr>144</ns3:hr>
          </ns3:TrackPointExtension>
        </extensions>
      </trkpt>
      <trkpt lat="51.75866774283349514007568359375" lon="5.6013417430222034454345703125">
        <ele>8.80000019073486328125</ele>
        <time>2025-03-10T11:27:50.000Z</time>
        <extensions>
          <ns3:TrackPointExtension>
            <ns3:hr>144</ns3:hr>
          </ns3:TrackPointExtension>
        </extensions>
      </trkpt>
      <trkpt lat="51.75864477641880512237548828125" lon="5.60129664838314056396484375">
        <ele>8.80000019073486328125</ele>
        <time>2025-03-10T11:27:55.000Z</time>
        <extensions>
          <ns3:TrackPointExtension>
            <ns3:hr>144</ns3:hr>
          </ns3:TrackPointExtension>
        </extensions>
      </trkpt>
      <trkpt lat="51.7586180381476879119873046875" lon="5.6012208759784698486328125">
        <ele>8.80000019073486328125</ele>
        <time>2025-03-10T11:28:02.000Z</time>
        <extensions>
          <ns3:TrackPointExtension>
            <ns3:hr>145</ns3:hr>
          </ns3:TrackPointExtension>
        </extensions>
      </trkpt>
      <trkpt lat="51.758577637374401092529296875" lon="5.6011824868619441986083984375">
        <ele>8.80000019073486328125</ele>
        <time>2025-03-10T11:28:07.000Z</time>
        <extensions>
          <ns3:TrackPointExtension>
            <ns3:hr>143</ns3:hr>
          </ns3:TrackPointExtension>
        </extensions>
      </trkpt>
      <trkpt lat="51.75856866873800754547119140625" lon="5.60116245411336421966552734375">
        <ele>8.80000019073486328125</ele>
        <time>2025-03-10T11:28:09.000Z</time>
        <extensions>
          <ns3:TrackPointExtension>
            <ns3:hr>143</ns3:hr>
          </ns3:TrackPointExtension>
        </extensions>
      </trkpt>
      <trkpt lat="51.7585536651313304901123046875" lon="5.60113160870969295501708984375">
        <ele>8.80000019073486328125</ele>
        <time>2025-03-10T11:28:12.000Z</time>
        <extensions>
          <ns3:TrackPointExtension>
            <ns3:hr>147</ns3:hr>
          </ns3:TrackPointExtension>
        </extensions>
      </trkpt>
      <trkpt lat="51.75855156965553760528564453125" lon="5.60112523846328258514404296875">
        <ele>9</ele>
        <time>2025-03-10T11:28:13.000Z</time>
        <extensions>
          <ns3:TrackPointExtension>
            <ns3:hr>148</ns3:hr>
          </ns3:TrackPointExtension>
        </extensions>
      </trkpt>
      <trkpt lat="51.758506558835506439208984375" lon="5.601054914295673370361328125">
        <ele>9</ele>
        <time>2025-03-10T11:28:20.000Z</time>
        <extensions>
          <ns3:TrackPointExtension>
            <ns3:hr>147</ns3:hr>
          </ns3:TrackPointExtension>
        </extensions>
      </trkpt>
      <trkpt lat="51.7584654875099658966064453125" lon="5.60099850408732891082763671875">
        <ele>9</ele>
        <time>2025-03-10T11:28:26.000Z</time>
        <extensions>
          <ns3:TrackPointExtension>
            <ns3:hr>147</ns3:hr>
          </ns3:TrackPointExtension>
        </extensions>
      </trkpt>
      <trkpt lat="51.7584688402712345123291015625" lon="5.60098743997514247894287109375">
        <ele>9</ele>
        <time>2025-03-10T11:28:27.000Z</time>
        <extensions>
          <ns3:TrackPointExtension>
            <ns3:hr>147</ns3:hr>
          </ns3:TrackPointExtension>
        </extensions>
      </trkpt>
      <trkpt lat="51.75845702178776264190673828125" lon="5.60098224319517612457275390625">
        <ele>9</ele>
        <time>2025-03-10T11:28:30.000Z</time>
        <extensions>
          <ns3:TrackPointExtension>
            <ns3:hr>147</ns3:hr>
          </ns3:TrackPointExtension>
        </extensions>
      </trkpt>
      <trkpt lat="51.75842332653701305389404296875" lon="5.6009477935731410980224609375">
        <ele>9.19999980926513671875</ele>
        <time>2025-03-10T11:28:36.000Z</time>
        <extensions>
          <ns3:TrackPointExtension>
            <ns3:hr>147</ns3:hr>
          </ns3:TrackPointExtension>
        </extensions>
      </trkpt>
      <trkpt lat="51.75839365459978580474853515625" lon="5.60090613551437854766845703125">
        <ele>9.19999980926513671875</ele>
        <time>2025-03-10T11:28:40.000Z</time>
        <extensions>
          <ns3:TrackPointExtension>
            <ns3:hr>146</ns3:hr>
          </ns3:TrackPointExtension>
        </extensions>
      </trkpt>
      <trkpt lat="51.758360378444194793701171875" lon="5.60087042860686779022216796875">
        <ele>9.19999980926513671875</ele>
        <time>2025-03-10T11:28:44.000Z</time>
        <extensions>
          <ns3:TrackPointExtension>
            <ns3:hr>149</ns3:hr>
          </ns3:TrackPointExtension>
        </extensions>
      </trkpt>
      <trkpt lat="51.7583392560482025146484375" lon="5.60083639807999134063720703125">
        <ele>9.19999980926513671875</ele>
        <time>2025-03-10T11:28:47.000Z</time>
        <extensions>
          <ns3:TrackPointExtension>
            <ns3:hr>153</ns3:hr>
          </ns3:TrackPointExtension>
        </extensions>
      </trkpt>
      <trkpt lat="51.75830346532166004180908203125" lon="5.60073866508901119232177734375">
        <ele>9.19999980926513671875</ele>
        <time>2025-03-10T11:28:53.000Z</time>
        <extensions>
          <ns3:TrackPointExtension>
            <ns3:hr>156</ns3:hr>
          </ns3:TrackPointExtension>
        </extensions>
      </trkpt>
      <trkpt lat="51.7582750506699085235595703125" lon="5.60068686492741107940673828125">
        <ele>9.19999980926513671875</ele>
        <time>2025-03-10T11:28:58.000Z</time>
        <extensions>
          <ns3:TrackPointExtension>
            <ns3:hr>155</ns3:hr>
          </ns3:TrackPointExtension>
        </extensions>
      </trkpt>
      <trkpt lat="51.7582639865577220916748046875" lon="5.60064084827899932861328125">
        <ele>9.19999980926513671875</ele>
        <time>2025-03-10T11:29:01.000Z</time>
        <extensions>
          <ns3:TrackPointExtension>
            <ns3:hr>155</ns3:hr>
          </ns3:TrackPointExtension>
        </extensions>
      </trkpt>
      <trkpt lat="51.75825820304453372955322265625" lon="5.6006094999611377716064453125">
        <ele>9.19999980926513671875</ele>
        <time>2025-03-10T11:29:03.000Z</time>
        <extensions>
          <ns3:TrackPointExtension>
            <ns3:hr>155</ns3:hr>
          </ns3:TrackPointExtension>
        </extensions>
      </trkpt>
      <trkpt lat="51.7582180537283420562744140625" lon="5.600549317896366119384765625">
        <ele>9</ele>
        <time>2025-03-10T11:29:08.000Z</time>
        <extensions>
          <ns3:TrackPointExtension>
            <ns3:hr>153</ns3:hr>
          </ns3:TrackPointExtension>
        </extensions>
      </trkpt>
      <trkpt lat="51.75819533877074718475341796875" lon="5.60050967149436473846435546875">
        <ele>9</ele>
        <time>2025-03-10T11:29:12.000Z</time>
        <extensions>
          <ns3:TrackPointExtension>
            <ns3:hr>150</ns3:hr>
          </ns3:TrackPointExtension>
        </extensions>
      </trkpt>
      <trkpt lat="51.7581878788769245147705078125" lon="5.6004851125180721282958984375">
        <ele>9</ele>
        <time>2025-03-10T11:29:13.000Z</time>
        <extensions>
          <ns3:TrackPointExtension>
            <ns3:hr>149</ns3:hr>
          </ns3:TrackPointExtension>
        </extensions>
      </trkpt>
      <trkpt lat="51.75817891024053096771240234375" lon="5.60045971535146236419677734375">
        <ele>9</ele>
        <time>2025-03-10T11:29:18.000Z</time>
        <extensions>
          <ns3:TrackPointExtension>
            <ns3:hr>149</ns3:hr>
          </ns3:TrackPointExtension>
        </extensions>
      </trkpt>
      <trkpt lat="51.75814856775104999542236328125" lon="5.60042685829102993011474609375">
        <ele>9</ele>
        <time>2025-03-10T11:29:22.000Z</time>
        <extensions>
          <ns3:TrackPointExtension>
            <ns3:hr>146</ns3:hr>
          </ns3:TrackPointExtension>
        </extensions>
      </trkpt>
      <trkpt lat="51.758128702640533447265625" lon="5.60036164708435535430908203125">
        <ele>9</ele>
        <time>2025-03-10T11:29:27.000Z</time>
        <extensions>
          <ns3:TrackPointExtension>
            <ns3:hr>144</ns3:hr>
          </ns3:TrackPointExtension>
        </extensions>
      </trkpt>
      <trkpt lat="51.75809894688427448272705078125" lon="5.60031923465430736541748046875">
        <ele>9</ele>
        <time>2025-03-10T11:29:32.000Z</time>
        <extensions>
          <ns3:TrackPointExtension>
            <ns3:hr>143</ns3:hr>
          </ns3:TrackPointExtension>
        </extensions>
      </trkpt>
      <trkpt lat="51.75807748921215534210205078125" lon="5.6002705357968807220458984375">
        <ele>9.19999980926513671875</ele>
        <time>2025-03-10T11:29:36.000Z</time>
        <extensions>
          <ns3:TrackPointExtension>
            <ns3:hr>146</ns3:hr>
          </ns3:TrackPointExtension>
        </extensions>
      </trkpt>
      <trkpt lat="51.75806391052901744842529296875" lon="5.60024254024028778076171875">
        <ele>9.3999996185302734375</ele>
        <time>2025-03-10T11:29:41.000Z</time>
        <extensions>
          <ns3:TrackPointExtension>
            <ns3:hr>146</ns3:hr>
          </ns3:TrackPointExtension>
        </extensions>
      </trkpt>
      <trkpt lat="51.75803742371499538421630859375" lon="5.60020708478987216949462890625">
        <ele>9.19999980926513671875</ele>
        <time>2025-03-10T11:29:45.000Z</time>
        <extensions>
          <ns3:TrackPointExtension>
            <ns3:hr>148</ns3:hr>
          </ns3:TrackPointExtension>
        </extensions>
      </trkpt>
      <trkpt lat="51.7580172233283519744873046875" lon="5.6001639179885387420654296875">
        <ele>9.19999980926513671875</ele>
        <time>2025-03-10T11:29:49.000Z</time>
        <extensions>
          <ns3:TrackPointExtension>
            <ns3:hr>149</ns3:hr>
          </ns3:TrackPointExtension>
        </extensions>
      </trkpt>
      <trkpt lat="51.75800691358745098114013671875" lon="5.60012519359588623046875">
        <ele>9.19999980926513671875</ele>
        <time>2025-03-10T11:29:55.000Z</time>
        <extensions>
          <ns3:TrackPointExtension>
            <ns3:hr>149</ns3:hr>
          </ns3:TrackPointExtension>
        </extensions>
      </trkpt>
      <trkpt lat="51.75798679701983928680419921875" lon="5.6000516004860401153564453125">
        <ele>9</ele>
        <time>2025-03-10T11:30:01.000Z</time>
        <extensions>
          <ns3:TrackPointExtension>
            <ns3:hr>149</ns3:hr>
          </ns3:TrackPointExtension>
        </extensions>
      </trkpt>
      <trkpt lat="51.7579984478652477264404296875" lon="5.59996216557919979095458984375">
        <ele>9.3999996185302734375</ele>
        <time>2025-03-10T11:30:07.000Z</time>
        <extensions>
          <ns3:TrackPointExtension>
            <ns3:hr>149</ns3:hr>
          </ns3:TrackPointExtension>
        </extensions>
      </trkpt>
      <trkpt lat="51.75801143981516361236572265625" lon="5.5999111197888851165771484375">
        <ele>9.19999980926513671875</ele>
        <time>2025-03-10T11:30:12.000Z</time>
        <extensions>
          <ns3:TrackPointExtension>
            <ns3:hr>149</ns3:hr>
          </ns3:TrackPointExtension>
        </extensions>
      </trkpt>
      <trkpt lat="51.75802476704120635986328125" lon="5.599885471165180206298828125">
        <ele>9.19999980926513671875</ele>
        <time>2025-03-10T11:30:15.000Z</time>
        <extensions>
          <ns3:TrackPointExtension>
            <ns3:hr>146</ns3:hr>
          </ns3:TrackPointExtension>
        </extensions>
      </trkpt>
      <trkpt lat="51.7580339871346950531005859375" lon="5.59988446533679962158203125">
        <ele>9.19999980926513671875</ele>
        <time>2025-03-10T11:30:17.000Z</time>
        <extensions>
          <ns3:TrackPointExtension>
            <ns3:hr>146</ns3:hr>
          </ns3:TrackPointExtension>
        </extensions>
      </trkpt>
      <trkpt lat="51.758058629930019378662109375" lon="5.5998467467725276947021484375">
        <ele>9.19999980926513671875</ele>
        <time>2025-03-10T11:30:23.000Z</time>
        <extensions>
          <ns3:TrackPointExtension>
            <ns3:hr>146</ns3:hr>
          </ns3:TrackPointExtension>
        </extensions>
      </trkpt>
      <trkpt lat="51.7580817639827728271484375" lon="5.59977776370942592620849609375">
        <ele>9</ele>
        <time>2025-03-10T11:30:28.000Z</time>
        <extensions>
          <ns3:TrackPointExtension>
            <ns3:hr>145</ns3:hr>
          </ns3:TrackPointExtension>
        </extensions>
      </trkpt>
      <trkpt lat="51.7580886371433734893798828125" lon="5.59977114200592041015625">
        <ele>9</ele>
        <time>2025-03-10T11:30:29.000Z</time>
        <extensions>
          <ns3:TrackPointExtension>
            <ns3:hr>146</ns3:hr>
          </ns3:TrackPointExtension>
        </extensions>
      </trkpt>
      <trkpt lat="51.7580983601510524749755859375" lon="5.5997578985989093780517578125">
        <ele>9</ele>
        <time>2025-03-10T11:30:31.000Z</time>
        <extensions>
          <ns3:TrackPointExtension>
            <ns3:hr>143</ns3:hr>
          </ns3:TrackPointExtension>
        </extensions>
      </trkpt>
      <trkpt lat="51.7581090889871120452880859375" lon="5.5997263826429843902587890625">
        <ele>9</ele>
        <time>2025-03-10T11:30:34.000Z</time>
        <extensions>
          <ns3:TrackPointExtension>
            <ns3:hr>142</ns3:hr>
          </ns3:TrackPointExtension>
        </extensions>
      </trkpt>
      <trkpt lat="51.75813264213502407073974609375" lon="5.59967282228171825408935546875">
        <ele>9.19999980926513671875</ele>
        <time>2025-03-10T11:30:40.000Z</time>
        <extensions>
          <ns3:TrackPointExtension>
            <ns3:hr>142</ns3:hr>
          </ns3:TrackPointExtension>
        </extensions>
      </trkpt>
      <trkpt lat="51.75815074704587459564208984375" lon="5.5996546335518360137939453125">
        <ele>9.19999980926513671875</ele>
        <time>2025-03-10T11:30:42.000Z</time>
        <extensions>
          <ns3:TrackPointExtension>
            <ns3:hr>145</ns3:hr>
          </ns3:TrackPointExtension>
        </extensions>
      </trkpt>
      <trkpt lat="51.758173964917659759521484375" lon="5.599628984928131103515625">
        <ele>9</ele>
        <time>2025-03-10T11:30:45.000Z</time>
        <extensions>
          <ns3:TrackPointExtension>
            <ns3:hr>148</ns3:hr>
          </ns3:TrackPointExtension>
        </extensions>
      </trkpt>
      <trkpt lat="51.75822299905121326446533203125" lon="5.59958430938422679901123046875">
        <ele>8.80000019073486328125</ele>
        <time>2025-03-10T11:30:51.000Z</time>
        <extensions>
          <ns3:TrackPointExtension>
            <ns3:hr>149</ns3:hr>
          </ns3:TrackPointExtension>
        </extensions>
      </trkpt>
      <trkpt lat="51.758284270763397216796875" lon="5.59954139403998851776123046875">
        <ele>8.6000003814697265625</ele>
        <time>2025-03-10T11:30:57.000Z</time>
        <extensions>
          <ns3:TrackPointExtension>
            <ns3:hr>148</ns3:hr>
          </ns3:TrackPointExtension>
        </extensions>
      </trkpt>
      <trkpt lat="51.75831050612032413482666015625" lon="5.5995205231010913848876953125">
        <ele>8.80000019073486328125</ele>
        <time>2025-03-10T11:31:02.000Z</time>
        <extensions>
          <ns3:TrackPointExtension>
            <ns3:hr>147</ns3:hr>
          </ns3:TrackPointExtension>
        </extensions>
      </trkpt>
      <trkpt lat="51.75833724439144134521484375" lon="5.59949981980025768280029296875">
        <ele>8.80000019073486328125</ele>
        <time>2025-03-10T11:31:08.000Z</time>
        <extensions>
          <ns3:TrackPointExtension>
            <ns3:hr>146</ns3:hr>
          </ns3:TrackPointExtension>
        </extensions>
      </trkpt>
      <trkpt lat="51.75836741924285888671875" lon="5.59948473237454891204833984375">
        <ele>8.80000019073486328125</ele>
        <time>2025-03-10T11:31:13.000Z</time>
        <extensions>
          <ns3:TrackPointExtension>
            <ns3:hr>144</ns3:hr>
          </ns3:TrackPointExtension>
        </extensions>
      </trkpt>
      <trkpt lat="51.75839600153267383575439453125" lon="5.59945992194116115570068359375">
        <ele>9</ele>
        <time>2025-03-10T11:31:18.000Z</time>
        <extensions>
          <ns3:TrackPointExtension>
            <ns3:hr>143</ns3:hr>
          </ns3:TrackPointExtension>
        </extensions>
      </trkpt>
      <trkpt lat="51.7584249190986156463623046875" lon="5.5994125641882419586181640625">
        <ele>9</ele>
        <time>2025-03-10T11:31:23.000Z</time>
        <extensions>
          <ns3:TrackPointExtension>
            <ns3:hr>143</ns3:hr>
          </ns3:TrackPointExtension>
        </extensions>
      </trkpt>
      <trkpt lat="51.75845257937908172607421875" lon="5.59935414232313632965087890625">
        <ele>9.6000003814697265625</ele>
        <time>2025-03-10T11:31:29.000Z</time>
        <extensions>
          <ns3:TrackPointExtension>
            <ns3:hr>146</ns3:hr>
          </ns3:TrackPointExtension>
        </extensions>
      </trkpt>
      <trkpt lat="51.7584607936441898345947265625" lon="5.59934525750577449798583984375">
        <ele>9.6000003814697265625</ele>
        <time>2025-03-10T11:31:31.000Z</time>
        <extensions>
          <ns3:TrackPointExtension>
            <ns3:hr>150</ns3:hr>
          </ns3:TrackPointExtension>
        </extensions>
      </trkpt>
      <trkpt lat="51.75848049111664295196533203125" lon="5.59931986033916473388671875">
        <ele>9.80000019073486328125</ele>
        <time>2025-03-10T11:31:34.000Z</time>
        <extensions>
          <ns3:TrackPointExtension>
            <ns3:hr>152</ns3:hr>
          </ns3:TrackPointExtension>
        </extensions>
      </trkpt>
      <trkpt lat="51.758519299328327178955078125" lon="5.599295385181903839111328125">
        <ele>10</ele>
        <time>2025-03-10T11:31:38.000Z</time>
        <extensions>
          <ns3:TrackPointExtension>
            <ns3:hr>152</ns3:hr>
          </ns3:TrackPointExtension>
        </extensions>
      </trkpt>
      <trkpt lat="51.75853145308792591094970703125" lon="5.5992925353348255157470703125">
        <ele>10</ele>
        <time>2025-03-10T11:31:40.000Z</time>
        <extensions>
          <ns3:TrackPointExtension>
            <ns3:hr>152</ns3:hr>
          </ns3:TrackPointExtension>
        </extensions>
      </trkpt>
      <trkpt lat="51.7585489712655544281005859375" lon="5.5992938764393329620361328125">
        <ele>10</ele>
        <time>2025-03-10T11:31:42.000Z</time>
        <extensions>
          <ns3:TrackPointExtension>
            <ns3:hr>155</ns3:hr>
          </ns3:TrackPointExtension>
        </extensions>
      </trkpt>
      <trkpt lat="51.75856431014835834503173828125" lon="5.5992787890136241912841796875">
        <ele>10.80000019073486328125</ele>
        <time>2025-03-10T11:31:45.000Z</time>
        <extensions>
          <ns3:TrackPointExtension>
            <ns3:hr>155</ns3:hr>
          </ns3:TrackPointExtension>
        </extensions>
      </trkpt>
      <trkpt lat="51.75862281583249568939208984375" lon="5.5992653779685497283935546875">
        <ele>10.19999980926513671875</ele>
        <time>2025-03-10T11:31:50.000Z</time>
        <extensions>
          <ns3:TrackPointExtension>
            <ns3:hr>155</ns3:hr>
          </ns3:TrackPointExtension>
        </extensions>
      </trkpt>
      <trkpt lat="51.758688278496265411376953125" lon="5.59924609959125518798828125">
        <ele>10</ele>
        <time>2025-03-10T11:31:56.000Z</time>
        <extensions>
          <ns3:TrackPointExtension>
            <ns3:hr>154</ns3:hr>
          </ns3:TrackPointExtension>
        </extensions>
      </trkpt>
      <trkpt lat="51.7587201297283172607421875" lon="5.5992331914603710174560546875">
        <ele>10</ele>
        <time>2025-03-10T11:32:00.000Z</time>
        <extensions>
          <ns3:TrackPointExtension>
            <ns3:hr>152</ns3:hr>
          </ns3:TrackPointExtension>
        </extensions>
      </trkpt>
      <trkpt lat="51.75876011140644550323486328125" lon="5.59921030886471271514892578125">
        <ele>10.19999980926513671875</ele>
        <time>2025-03-10T11:32:06.000Z</time>
        <extensions>
          <ns3:TrackPointExtension>
            <ns3:hr>152</ns3:hr>
          </ns3:TrackPointExtension>
        </extensions>
      </trkpt>
      <trkpt lat="51.758802942931652069091796875" lon="5.5991689860820770263671875">
        <ele>9.80000019073486328125</ele>
        <time>2025-03-10T11:32:12.000Z</time>
        <extensions>
          <ns3:TrackPointExtension>
            <ns3:hr>152</ns3:hr>
          </ns3:TrackPointExtension>
        </extensions>
      </trkpt>
      <trkpt lat="51.7588262446224689483642578125" lon="5.5991560779511928558349609375">
        <ele>9.3999996185302734375</ele>
        <time>2025-03-10T11:32:16.000Z</time>
        <extensions>
          <ns3:TrackPointExtension>
            <ns3:hr>155</ns3:hr>
          </ns3:TrackPointExtension>
        </extensions>
      </trkpt>
      <trkpt lat="51.75885130651295185089111328125" lon="5.59914886951446533203125">
        <ele>9.19999980926513671875</ele>
        <time>2025-03-10T11:32:18.000Z</time>
        <extensions>
          <ns3:TrackPointExtension>
            <ns3:hr>155</ns3:hr>
          </ns3:TrackPointExtension>
        </extensions>
      </trkpt>
      <trkpt lat="51.7589025199413299560546875" lon="5.59909866191446781158447265625">
        <ele>9.3999996185302734375</ele>
        <time>2025-03-10T11:32:25.000Z</time>
        <extensions>
          <ns3:TrackPointExtension>
            <ns3:hr>156</ns3:hr>
          </ns3:TrackPointExtension>
        </extensions>
      </trkpt>
      <trkpt lat="51.75894635729491710662841796875" lon="5.59907443821430206298828125">
        <ele>9.3999996185302734375</ele>
        <time>2025-03-10T11:32:31.000Z</time>
        <extensions>
          <ns3:TrackPointExtension>
            <ns3:hr>155</ns3:hr>
          </ns3:TrackPointExtension>
        </extensions>
      </trkpt>
      <trkpt lat="51.75898902118206024169921875" lon="5.59904887340962886810302734375">
        <ele>9.3999996185302734375</ele>
        <time>2025-03-10T11:32:36.000Z</time>
        <extensions>
          <ns3:TrackPointExtension>
            <ns3:hr>153</ns3:hr>
          </ns3:TrackPointExtension>
        </extensions>
      </trkpt>
      <trkpt lat="51.75901810638606548309326171875" lon="5.59902079403400421142578125">
        <ele>9.3999996185302734375</ele>
        <time>2025-03-10T11:32:40.000Z</time>
        <extensions>
          <ns3:TrackPointExtension>
            <ns3:hr>153</ns3:hr>
          </ns3:TrackPointExtension>
        </extensions>
      </trkpt>
      <trkpt lat="51.75900938920676708221435546875" lon="5.59902138076722621917724609375">
        <ele>10</ele>
        <time>2025-03-10T11:32:46.000Z</time>
        <extensions>
          <ns3:TrackPointExtension>
            <ns3:hr>153</ns3:hr>
          </ns3:TrackPointExtension>
        </extensions>
      </trkpt>
      <trkpt lat="51.75900553353130817413330078125" lon="5.59901786036789417266845703125">
        <ele>10.3999996185302734375</ele>
        <time>2025-03-10T11:32:50.000Z</time>
        <extensions>
          <ns3:TrackPointExtension>
            <ns3:hr>149</ns3:hr>
          </ns3:TrackPointExtension>
        </extensions>
      </trkpt>
      <trkpt lat="51.7590036056935787200927734375" lon="5.59901366941630840301513671875">
        <ele>10.3999996185302734375</ele>
        <time>2025-03-10T11:32:52.000Z</time>
        <extensions>
          <ns3:TrackPointExtension>
            <ns3:hr>148</ns3:hr>
          </ns3:TrackPointExtension>
        </extensions>
      </trkpt>
      <trkpt lat="51.75900436006486415863037109375" lon="5.5990169383585453033447265625">
        <ele>10.6000003814697265625</ele>
        <time>2025-03-10T11:32:58.000Z</time>
        <extensions>
          <ns3:TrackPointExtension>
            <ns3:hr>151</ns3:hr>
          </ns3:TrackPointExtension>
        </extensions>
      </trkpt>
      <trkpt lat="51.75900243222713470458984375" lon="5.5990212969481945037841796875">
        <ele>10.6000003814697265625</ele>
        <time>2025-03-10T11:33:01.000Z</time>
        <extensions>
          <ns3:TrackPointExtension>
            <ns3:hr>151</ns3:hr>
          </ns3:TrackPointExtension>
        </extensions>
      </trkpt>
      <trkpt lat="51.75902380608022212982177734375" lon="5.59900344349443912506103515625">
        <ele>10.19999980926513671875</ele>
        <time>2025-03-10T11:33:05.000Z</time>
        <extensions>
          <ns3:TrackPointExtension>
            <ns3:hr>150</ns3:hr>
          </ns3:TrackPointExtension>
        </extensions>
      </trkpt>
      <trkpt lat="51.7590636201202869415283203125" lon="5.59895642101764678955078125">
        <ele>9</ele>
        <time>2025-03-10T11:33:10.000Z</time>
        <extensions>
          <ns3:TrackPointExtension>
            <ns3:hr>149</ns3:hr>
          </ns3:TrackPointExtension>
        </extensions>
      </trkpt>
      <trkpt lat="51.7590971477329730987548828125" lon="5.598939992487430572509765625">
        <ele>8.6000003814697265625</ele>
        <time>2025-03-10T11:33:13.000Z</time>
        <extensions>
          <ns3:TrackPointExtension>
            <ns3:hr>149</ns3:hr>
          </ns3:TrackPointExtension>
        </extensions>
      </trkpt>
      <trkpt lat="51.75911567173898220062255859375" lon="5.59891040436923503875732421875">
        <ele>8.6000003814697265625</ele>
        <time>2025-03-10T11:33:15.000Z</time>
        <extensions>
          <ns3:TrackPointExtension>
            <ns3:hr>149</ns3:hr>
          </ns3:TrackPointExtension>
        </extensions>
      </trkpt>
      <trkpt lat="51.75913444720208644866943359375" lon="5.5988576821982860565185546875">
        <ele>8.6000003814697265625</ele>
        <time>2025-03-10T11:33:18.000Z</time>
        <extensions>
          <ns3:TrackPointExtension>
            <ns3:hr>149</ns3:hr>
          </ns3:TrackPointExtension>
        </extensions>
      </trkpt>
      <trkpt lat="51.75913075916469097137451171875" lon="5.59881853871047496795654296875">
        <ele>8.6000003814697265625</ele>
        <time>2025-03-10T11:33:22.000Z</time>
        <extensions>
          <ns3:TrackPointExtension>
            <ns3:hr>149</ns3:hr>
          </ns3:TrackPointExtension>
        </extensions>
      </trkpt>
      <trkpt lat="51.759122796356678009033203125" lon="5.5987604521214962005615234375">
        <ele>8.80000019073486328125</ele>
        <time>2025-03-10T11:33:27.000Z</time>
        <extensions>
          <ns3:TrackPointExtension>
            <ns3:hr>149</ns3:hr>
          </ns3:TrackPointExtension>
        </extensions>
      </trkpt>
      <trkpt lat="51.75914215855300426483154296875" lon="5.5987353064119815826416015625">
        <ele>9.19999980926513671875</ele>
        <time>2025-03-10T11:33:32.000Z</time>
        <extensions>
          <ns3:TrackPointExtension>
            <ns3:hr>149</ns3:hr>
          </ns3:TrackPointExtension>
        </extensions>
      </trkpt>
      <trkpt lat="51.75913989543914794921875" lon="5.5987192131578922271728515625">
        <ele>9</ele>
        <time>2025-03-10T11:33:35.000Z</time>
        <extensions>
          <ns3:TrackPointExtension>
            <ns3:hr>146</ns3:hr>
          </ns3:TrackPointExtension>
        </extensions>
      </trkpt>
      <trkpt lat="51.75913612358272075653076171875" lon="5.59868677519261837005615234375">
        <ele>9</ele>
        <time>2025-03-10T11:33:37.000Z</time>
        <extensions>
          <ns3:TrackPointExtension>
            <ns3:hr>144</ns3:hr>
          </ns3:TrackPointExtension>
        </extensions>
      </trkpt>
      <trkpt lat="51.7591165937483310699462890625" lon="5.5986239947378635406494140625">
        <ele>9</ele>
        <time>2025-03-10T11:33:42.000Z</time>
        <extensions>
          <ns3:TrackPointExtension>
            <ns3:hr>142</ns3:hr>
          </ns3:TrackPointExtension>
        </extensions>
      </trkpt>
      <trkpt lat="51.75909941084682941436767578125" lon="5.598591305315494537353515625">
        <ele>9</ele>
        <time>2025-03-10T11:33:45.000Z</time>
        <extensions>
          <ns3:TrackPointExtension>
            <ns3:hr>145</ns3:hr>
          </ns3:TrackPointExtension>
        </extensions>
      </trkpt>
      <trkpt lat="51.759090609848499298095703125" lon="5.59855786152184009552001953125">
        <ele>9</ele>
        <time>2025-03-10T11:33:47.000Z</time>
        <extensions>
          <ns3:TrackPointExtension>
            <ns3:hr>146</ns3:hr>
          </ns3:TrackPointExtension>
        </extensions>
      </trkpt>
      <trkpt lat="51.7590849101543426513671875" lon="5.5985274352133274078369140625">
        <ele>9</ele>
        <time>2025-03-10T11:33:49.000Z</time>
        <extensions>
          <ns3:TrackPointExtension>
            <ns3:hr>150</ns3:hr>
          </ns3:TrackPointExtension>
        </extensions>
      </trkpt>
      <trkpt lat="51.7590760253369808197021484375" lon="5.59850446879863739013671875">
        <ele>9.6000003814697265625</ele>
        <time>2025-03-10T11:33:54.000Z</time>
        <extensions>
          <ns3:TrackPointExtension>
            <ns3:hr>147</ns3:hr>
          </ns3:TrackPointExtension>
        </extensions>
      </trkpt>
      <trkpt lat="51.75907812081277370452880859375" lon="5.59849776327610015869140625">
        <ele>9.6000003814697265625</ele>
        <time>2025-03-10T11:33:58.000Z</time>
        <extensions>
          <ns3:TrackPointExtension>
            <ns3:hr>144</ns3:hr>
          </ns3:TrackPointExtension>
        </extensions>
      </trkpt>
      <trkpt lat="51.759072504937648773193359375" lon="5.5984902195632457733154296875">
        <ele>9.6000003814697265625</ele>
        <time>2025-03-10T11:34:01.000Z</time>
        <extensions>
          <ns3:TrackPointExtension>
            <ns3:hr>143</ns3:hr>
          </ns3:TrackPointExtension>
        </extensions>
      </trkpt>
      <trkpt lat="51.75906403921544551849365234375" lon="5.5984456278383731842041015625">
        <ele>9.6000003814697265625</ele>
        <time>2025-03-10T11:34:10.000Z</time>
        <extensions>
          <ns3:TrackPointExtension>
            <ns3:hr>143</ns3:hr>
          </ns3:TrackPointExtension>
        </extensions>
      </trkpt>
      <trkpt lat="51.759028248488903045654296875" lon="5.59838804416358470916748046875">
        <ele>8.80000019073486328125</ele>
        <time>2025-03-10T11:34:16.000Z</time>
        <extensions>
          <ns3:TrackPointExtension>
            <ns3:hr>143</ns3:hr>
          </ns3:TrackPointExtension>
        </extensions>
      </trkpt>
      <trkpt lat="51.75899882800877094268798828125" lon="5.59835518710315227508544921875">
        <ele>8.6000003814697265625</ele>
        <time>2025-03-10T11:34:21.000Z</time>
        <extensions>
          <ns3:TrackPointExtension>
            <ns3:hr>143</ns3:hr>
          </ns3:TrackPointExtension>
        </extensions>
      </trkpt>
      <trkpt lat="51.7589737661182880401611328125" lon="5.5982846952974796295166015625">
        <ele>8.6000003814697265625</ele>
        <time>2025-03-10T11:34:26.000Z</time>
        <extensions>
          <ns3:TrackPointExtension>
            <ns3:hr>144</ns3:hr>
          </ns3:TrackPointExtension>
        </extensions>
      </trkpt>
      <trkpt lat="51.75894971005618572235107421875" lon="5.5982481501996517181396484375">
        <ele>8.6000003814697265625</ele>
        <time>2025-03-10T11:34:30.000Z</time>
        <extensions>
          <ns3:TrackPointExtension>
            <ns3:hr>146</ns3:hr>
          </ns3:TrackPointExtension>
        </extensions>
      </trkpt>
      <trkpt lat="51.7589454352855682373046875" lon="5.59823666699230670928955078125">
        <ele>8.80000019073486328125</ele>
        <time>2025-03-10T11:34:31.000Z</time>
        <extensions>
          <ns3:TrackPointExtension>
            <ns3:hr>145</ns3:hr>
          </ns3:TrackPointExtension>
        </extensions>
      </trkpt>
      <trkpt lat="51.7589373886585235595703125" lon="5.59820967726409435272216796875">
        <ele>8.80000019073486328125</ele>
        <time>2025-03-10T11:34:32.000Z</time>
        <extensions>
          <ns3:TrackPointExtension>
            <ns3:hr>148</ns3:hr>
          </ns3:TrackPointExtension>
        </extensions>
      </trkpt>
      <trkpt lat="51.758922971785068511962890625" lon="5.59817732311785221099853515625">
        <ele>8.6000003814697265625</ele>
        <time>2025-03-10T11:34:34.000Z</time>
        <extensions>
          <ns3:TrackPointExtension>
            <ns3:hr>151</ns3:hr>
          </ns3:TrackPointExtension>
        </extensions>
      </trkpt>
      <trkpt lat="51.7589177750051021575927734375" lon="5.59817095287144184112548828125">
        <ele>8.6000003814697265625</ele>
        <time>2025-03-10T11:34:35.000Z</time>
        <extensions>
          <ns3:TrackPointExtension>
            <ns3:hr>152</ns3:hr>
          </ns3:TrackPointExtension>
        </extensions>
      </trkpt>
      <trkpt lat="51.75890193320810794830322265625" lon="5.5981502495706081390380859375">
        <ele>8.6000003814697265625</ele>
        <time>2025-03-10T11:34:39.000Z</time>
        <extensions>
          <ns3:TrackPointExtension>
            <ns3:hr>149</ns3:hr>
          </ns3:TrackPointExtension>
        </extensions>
      </trkpt>
      <trkpt lat="51.75890059210360050201416015625" lon="5.59814178384840488433837890625">
        <ele>8.6000003814697265625</ele>
        <time>2025-03-10T11:34:40.000Z</time>
        <extensions>
          <ns3:TrackPointExtension>
            <ns3:hr>149</ns3:hr>
          </ns3:TrackPointExtension>
        </extensions>
      </trkpt>
      <trkpt lat="51.75889313220977783203125" lon="5.59812669642269611358642578125">
        <ele>8.6000003814697265625</ele>
        <time>2025-03-10T11:34:41.000Z</time>
        <extensions>
          <ns3:TrackPointExtension>
            <ns3:hr>147</ns3:hr>
          </ns3:TrackPointExtension>
        </extensions>
      </trkpt>
      <trkpt lat="51.7588735185563564300537109375" lon="5.59806902892887592315673828125">
        <ele>8.6000003814697265625</ele>
        <time>2025-03-10T11:34:46.000Z</time>
        <extensions>
          <ns3:TrackPointExtension>
            <ns3:hr>149</ns3:hr>
          </ns3:TrackPointExtension>
        </extensions>
      </trkpt>
      <trkpt lat="51.75886957906186580657958984375" lon="5.5980831943452358245849609375">
        <ele>9.3999996185302734375</ele>
        <time>2025-03-10T11:34:52.000Z</time>
        <extensions>
          <ns3:TrackPointExtension>
            <ns3:hr>149</ns3:hr>
          </ns3:TrackPointExtension>
        </extensions>
      </trkpt>
      <trkpt lat="51.75885851494967937469482421875" lon="5.59807053767144680023193359375">
        <ele>9.3999996185302734375</ele>
        <time>2025-03-10T11:34:54.000Z</time>
        <extensions>
          <ns3:TrackPointExtension>
            <ns3:hr>146</ns3:hr>
          </ns3:TrackPointExtension>
        </extensions>
      </trkpt>
      <trkpt lat="51.75884015858173370361328125" lon="5.59803776443004608154296875">
        <ele>9</ele>
        <time>2025-03-10T11:34:58.000Z</time>
        <extensions>
          <ns3:TrackPointExtension>
            <ns3:hr>144</ns3:hr>
          </ns3:TrackPointExtension>
        </extensions>
      </trkpt>
      <trkpt lat="51.75880252383649349212646484375" lon="5.5979477427899837493896484375">
        <ele>8.6000003814697265625</ele>
        <time>2025-03-10T11:35:03.000Z</time>
        <extensions>
          <ns3:TrackPointExtension>
            <ns3:hr>144</ns3:hr>
          </ns3:TrackPointExtension>
        </extensions>
      </trkpt>
      <trkpt lat="51.75878542475402355194091796875" lon="5.59793173335492610931396484375">
        <ele>8.3999996185302734375</ele>
        <time>2025-03-10T11:35:06.000Z</time>
        <extensions>
          <ns3:TrackPointExtension>
            <ns3:hr>144</ns3:hr>
          </ns3:TrackPointExtension>
        </extensions>
      </trkpt>
      <trkpt lat="51.75878156907856464385986328125" lon="5.59792016632854938507080078125">
        <ele>8.3999996185302734375</ele>
        <time>2025-03-10T11:35:07.000Z</time>
        <extensions>
          <ns3:TrackPointExtension>
            <ns3:hr>145</ns3:hr>
          </ns3:TrackPointExtension>
        </extensions>
      </trkpt>
      <trkpt lat="51.75874955020844936370849609375" lon="5.59784657321870326995849609375">
        <ele>8.6000003814697265625</ele>
        <time>2025-03-10T11:35:13.000Z</time>
        <extensions>
          <ns3:TrackPointExtension>
            <ns3:hr>145</ns3:hr>
          </ns3:TrackPointExtension>
        </extensions>
      </trkpt>
      <trkpt lat="51.7587075568735599517822265625" lon="5.59776174835860729217529296875">
        <ele>8.3999996185302734375</ele>
        <time>2025-03-10T11:35:20.000Z</time>
        <extensions>
          <ns3:TrackPointExtension>
            <ns3:hr>144</ns3:hr>
          </ns3:TrackPointExtension>
        </extensions>
      </trkpt>
      <trkpt lat="51.7586924694478511810302734375" lon="5.5977254547178745269775390625">
        <ele>8.3999996185302734375</ele>
        <time>2025-03-10T11:35:25.000Z</time>
        <extensions>
          <ns3:TrackPointExtension>
            <ns3:hr>145</ns3:hr>
          </ns3:TrackPointExtension>
        </extensions>
      </trkpt>
      <trkpt lat="51.758653409779071807861328125" lon="5.59764624573290348052978515625">
        <ele>8.3999996185302734375</ele>
        <time>2025-03-10T11:35:29.000Z</time>
        <extensions>
          <ns3:TrackPointExtension>
            <ns3:hr>144</ns3:hr>
          </ns3:TrackPointExtension>
        </extensions>
      </trkpt>
      <trkpt lat="51.75861862488090991973876953125" lon="5.59757952578365802764892578125">
        <ele>8.3999996185302734375</ele>
        <time>2025-03-10T11:35:35.000Z</time>
        <extensions>
          <ns3:TrackPointExtension>
            <ns3:hr>145</ns3:hr>
          </ns3:TrackPointExtension>
        </extensions>
      </trkpt>
      <trkpt lat="51.75859800539910793304443359375" lon="5.59752889908850193023681640625">
        <ele>8.3999996185302734375</ele>
        <time>2025-03-10T11:35:40.000Z</time>
        <extensions>
          <ns3:TrackPointExtension>
            <ns3:hr>146</ns3:hr>
          </ns3:TrackPointExtension>
        </extensions>
      </trkpt>
      <trkpt lat="51.75859331153333187103271484375" lon="5.59753929264843463897705078125">
        <ele>8</ele>
        <time>2025-03-10T11:35:47.000Z</time>
        <extensions>
          <ns3:TrackPointExtension>
            <ns3:hr>147</ns3:hr>
          </ns3:TrackPointExtension>
        </extensions>
      </trkpt>
      <trkpt lat="51.7585751228034496307373046875" lon="5.5974827148020267486572265625">
        <ele>8.3999996185302734375</ele>
        <time>2025-03-10T11:35:53.000Z</time>
        <extensions>
          <ns3:TrackPointExtension>
            <ns3:hr>144</ns3:hr>
          </ns3:TrackPointExtension>
        </extensions>
      </trkpt>
      <trkpt lat="51.75856925547122955322265625" lon="5.59746352024376392364501953125">
        <ele>8.3999996185302734375</ele>
        <time>2025-03-10T11:35:54.000Z</time>
        <extensions>
          <ns3:TrackPointExtension>
            <ns3:hr>143</ns3:hr>
          </ns3:TrackPointExtension>
        </extensions>
      </trkpt>
      <trkpt lat="51.75853581167757511138916015625" lon="5.597362183034420013427734375">
        <ele>8.3999996185302734375</ele>
        <time>2025-03-10T11:36:01.000Z</time>
        <extensions>
          <ns3:TrackPointExtension>
            <ns3:hr>144</ns3:hr>
          </ns3:TrackPointExtension>
        </extensions>
      </trkpt>
      <trkpt lat="51.75852625630795955657958984375" lon="5.5972976423799991607666015625">
        <ele>8.3999996185302734375</ele>
        <time>2025-03-10T11:36:08.000Z</time>
        <extensions>
          <ns3:TrackPointExtension>
            <ns3:hr>146</ns3:hr>
          </ns3:TrackPointExtension>
        </extensions>
      </trkpt>
      <trkpt lat="51.7585318721830844879150390625" lon="5.5972952954471111297607421875">
        <ele>9.19999980926513671875</ele>
        <time>2025-03-10T11:36:16.000Z</time>
        <extensions>
          <ns3:TrackPointExtension>
            <ns3:hr>145</ns3:hr>
          </ns3:TrackPointExtension>
        </extensions>
      </trkpt>
      <trkpt lat="51.758536398410797119140625" lon="5.59728716500103473663330078125">
        <ele>9</ele>
        <time>2025-03-10T11:36:24.000Z</time>
        <extensions>
          <ns3:TrackPointExtension>
            <ns3:hr>144</ns3:hr>
          </ns3:TrackPointExtension>
        </extensions>
      </trkpt>
      <trkpt lat="51.75848501734435558319091796875" lon="5.59716428630053997039794921875">
        <ele>8.3999996185302734375</ele>
        <time>2025-03-10T11:36:30.000Z</time>
        <extensions>
          <ns3:TrackPointExtension>
            <ns3:hr>143</ns3:hr>
          </ns3:TrackPointExtension>
        </extensions>
      </trkpt>
      <trkpt lat="51.75846674479544162750244140625" lon="5.5971236340701580047607421875">
        <ele>8.19999980926513671875</ele>
        <time>2025-03-10T11:36:36.000Z</time>
        <extensions>
          <ns3:TrackPointExtension>
            <ns3:hr>144</ns3:hr>
          </ns3:TrackPointExtension>
        </extensions>
      </trkpt>
      <trkpt lat="51.7584406770765781402587890625" lon="5.597073845565319061279296875">
        <ele>8.3999996185302734375</ele>
        <time>2025-03-10T11:36:40.000Z</time>
        <extensions>
          <ns3:TrackPointExtension>
            <ns3:hr>143</ns3:hr>
          </ns3:TrackPointExtension>
        </extensions>
      </trkpt>
      <trkpt lat="51.75842835567891597747802734375" lon="5.59701944701373577117919921875">
        <ele>8.3999996185302734375</ele>
        <time>2025-03-10T11:36:45.000Z</time>
        <extensions>
          <ns3:TrackPointExtension>
            <ns3:hr>142</ns3:hr>
          </ns3:TrackPointExtension>
        </extensions>
      </trkpt>
      <trkpt lat="51.75840153358876705169677734375" lon="5.59695004485547542572021484375">
        <ele>8.3999996185302734375</ele>
        <time>2025-03-10T11:36:50.000Z</time>
        <extensions>
          <ns3:TrackPointExtension>
            <ns3:hr>145</ns3:hr>
          </ns3:TrackPointExtension>
        </extensions>
      </trkpt>
      <trkpt lat="51.7583967559039592742919921875" lon="5.596929006278514862060546875">
        <ele>8.3999996185302734375</ele>
        <time>2025-03-10T11:36:51.000Z</time>
        <extensions>
          <ns3:TrackPointExtension>
            <ns3:hr>146</ns3:hr>
          </ns3:TrackPointExtension>
        </extensions>
      </trkpt>
      <trkpt lat="51.7583786509931087493896484375" lon="5.59688030742108821868896484375">
        <ele>8.6000003814697265625</ele>
        <time>2025-03-10T11:36:54.000Z</time>
        <extensions>
          <ns3:TrackPointExtension>
            <ns3:hr>149</ns3:hr>
          </ns3:TrackPointExtension>
        </extensions>
      </trkpt>
      <trkpt lat="51.7583820037543773651123046875" lon="5.59688298963010311126708984375">
        <ele>8.6000003814697265625</ele>
        <time>2025-03-10T11:36:56.000Z</time>
        <extensions>
          <ns3:TrackPointExtension>
            <ns3:hr>148</ns3:hr>
          </ns3:TrackPointExtension>
        </extensions>
      </trkpt>
      <trkpt lat="51.7583927325904369354248046875" lon="5.59687024913728237152099609375">
        <ele>8.6000003814697265625</ele>
        <time>2025-03-10T11:37:00.000Z</time>
        <extensions>
          <ns3:TrackPointExtension>
            <ns3:hr>150</ns3:hr>
          </ns3:TrackPointExtension>
        </extensions>
      </trkpt>
      <trkpt lat="51.758392564952373504638671875" lon="5.5968802236020565032958984375">
        <ele>8.6000003814697265625</ele>
        <time>2025-03-10T11:37:03.000Z</time>
        <extensions>
          <ns3:TrackPointExtension>
            <ns3:hr>146</ns3:hr>
          </ns3:TrackPointExtension>
        </extensions>
      </trkpt>
      <trkpt lat="51.7583853565156459808349609375" lon="5.59685750864446163177490234375">
        <ele>8.6000003814697265625</ele>
        <time>2025-03-10T11:37:05.000Z</time>
        <extensions>
          <ns3:TrackPointExtension>
            <ns3:hr>145</ns3:hr>
          </ns3:TrackPointExtension>
        </extensions>
      </trkpt>
      <trkpt lat="51.7583682574331760406494140625" lon="5.596796572208404541015625">
        <ele>8.6000003814697265625</ele>
        <time>2025-03-10T11:37:10.000Z</time>
        <extensions>
          <ns3:TrackPointExtension>
            <ns3:hr>143</ns3:hr>
          </ns3:TrackPointExtension>
        </extensions>
      </trkpt>
      <trkpt lat="51.75835040397942066192626953125" lon="5.5967377312481403350830078125">
        <ele>8.6000003814697265625</ele>
        <time>2025-03-10T11:37:16.000Z</time>
        <extensions>
          <ns3:TrackPointExtension>
            <ns3:hr>143</ns3:hr>
          </ns3:TrackPointExtension>
        </extensions>
      </trkpt>
      <trkpt lat="51.7583498172461986541748046875" lon="5.59673211537301540374755859375">
        <ele>8.6000003814697265625</ele>
        <time>2025-03-10T11:37:18.000Z</time>
        <extensions>
          <ns3:TrackPointExtension>
            <ns3:hr>148</ns3:hr>
          </ns3:TrackPointExtension>
        </extensions>
      </trkpt>
      <trkpt lat="51.75835409201681613922119140625" lon="5.59674091637134552001953125">
        <ele>9.3999996185302734375</ele>
        <time>2025-03-10T11:37:25.000Z</time>
        <extensions>
          <ns3:TrackPointExtension>
            <ns3:hr>144</ns3:hr>
          </ns3:TrackPointExtension>
        </extensions>
      </trkpt>
      <trkpt lat="51.7583464644849300384521484375" lon="5.596743263304233551025390625">
        <ele>9.3999996185302734375</ele>
        <time>2025-03-10T11:37:26.000Z</time>
        <extensions>
          <ns3:TrackPointExtension>
            <ns3:hr>141</ns3:hr>
          </ns3:TrackPointExtension>
        </extensions>
      </trkpt>
      <trkpt lat="51.75834721885621547698974609375" lon="5.5967270024120807647705078125">
        <ele>9.3999996185302734375</ele>
        <time>2025-03-10T11:37:27.000Z</time>
        <extensions>
          <ns3:TrackPointExtension>
            <ns3:hr>141</ns3:hr>
          </ns3:TrackPointExtension>
        </extensions>
      </trkpt>
      <trkpt lat="51.7583367414772510528564453125" lon="5.5966866016387939453125">
        <ele>9.3999996185302734375</ele>
        <time>2025-03-10T11:37:29.000Z</time>
        <extensions>
          <ns3:TrackPointExtension>
            <ns3:hr>140</ns3:hr>
          </ns3:TrackPointExtension>
        </extensions>
      </trkpt>
      <trkpt lat="51.7582975141704082489013671875" lon="5.59659733437001705169677734375">
        <ele>8.80000019073486328125</ele>
        <time>2025-03-10T11:37:35.000Z</time>
        <extensions>
          <ns3:TrackPointExtension>
            <ns3:hr>142</ns3:hr>
          </ns3:TrackPointExtension>
        </extensions>
      </trkpt>
      <trkpt lat="51.75828091800212860107421875" lon="5.59652558527886867523193359375">
        <ele>8.80000019073486328125</ele>
        <time>2025-03-10T11:37:40.000Z</time>
        <extensions>
          <ns3:TrackPointExtension>
            <ns3:hr>142</ns3:hr>
          </ns3:TrackPointExtension>
        </extensions>
      </trkpt>
      <trkpt lat="51.75825937651097774505615234375" lon="5.59644310735166072845458984375">
        <ele>8.80000019073486328125</ele>
        <time>2025-03-10T11:37:46.000Z</time>
        <extensions>
          <ns3:TrackPointExtension>
            <ns3:hr>142</ns3:hr>
          </ns3:TrackPointExtension>
        </extensions>
      </trkpt>
      <trkpt lat="51.75823255442082881927490234375" lon="5.59634889476001262664794921875">
        <ele>8.80000019073486328125</ele>
        <time>2025-03-10T11:37:53.000Z</time>
        <extensions>
          <ns3:TrackPointExtension>
            <ns3:hr>142</ns3:hr>
          </ns3:TrackPointExtension>
        </extensions>
      </trkpt>
      <trkpt lat="51.75821386277675628662109375" lon="5.5963005311787128448486328125">
        <ele>9</ele>
        <time>2025-03-10T11:37:58.000Z</time>
        <extensions>
          <ns3:TrackPointExtension>
            <ns3:hr>141</ns3:hr>
          </ns3:TrackPointExtension>
        </extensions>
      </trkpt>
      <trkpt lat="51.75821646116673946380615234375" lon="5.59626507572829723358154296875">
        <ele>8.80000019073486328125</ele>
        <time>2025-03-10T11:38:01.000Z</time>
        <extensions>
          <ns3:TrackPointExtension>
            <ns3:hr>144</ns3:hr>
          </ns3:TrackPointExtension>
        </extensions>
      </trkpt>
      <trkpt lat="51.75821059383451938629150390625" lon="5.596265159547328948974609375">
        <ele>8.80000019073486328125</ele>
        <time>2025-03-10T11:38:03.000Z</time>
        <extensions>
          <ns3:TrackPointExtension>
            <ns3:hr>143</ns3:hr>
          </ns3:TrackPointExtension>
        </extensions>
      </trkpt>
      <trkpt lat="51.75819617696106433868408203125" lon="5.59623389504849910736083984375">
        <ele>8.80000019073486328125</ele>
        <time>2025-03-10T11:38:08.000Z</time>
        <extensions>
          <ns3:TrackPointExtension>
            <ns3:hr>143</ns3:hr>
          </ns3:TrackPointExtension>
        </extensions>
      </trkpt>
      <trkpt lat="51.75816331990063190460205078125" lon="5.596182346343994140625">
        <ele>8.80000019073486328125</ele>
        <time>2025-03-10T11:38:14.000Z</time>
        <extensions>
          <ns3:TrackPointExtension>
            <ns3:hr>142</ns3:hr>
          </ns3:TrackPointExtension>
        </extensions>
      </trkpt>
      <trkpt lat="51.75814504735171794891357421875" lon="5.59608486481010913848876953125">
        <ele>8.80000019073486328125</ele>
        <time>2025-03-10T11:38:20.000Z</time>
        <extensions>
          <ns3:TrackPointExtension>
            <ns3:hr>144</ns3:hr>
          </ns3:TrackPointExtension>
        </extensions>
      </trkpt>
      <trkpt lat="51.75815124996006488800048828125" lon="5.5960413627326488494873046875">
        <ele>8.80000019073486328125</ele>
        <time>2025-03-10T11:38:25.000Z</time>
        <extensions>
          <ns3:TrackPointExtension>
            <ns3:hr>144</ns3:hr>
          </ns3:TrackPointExtension>
        </extensions>
      </trkpt>
      <trkpt lat="51.7581553570926189422607421875" lon="5.59604932554066181182861328125">
        <ele>8.80000019073486328125</ele>
        <time>2025-03-10T11:38:27.000Z</time>
        <extensions>
          <ns3:TrackPointExtension>
            <ns3:hr>145</ns3:hr>
          </ns3:TrackPointExtension>
        </extensions>
      </trkpt>
      <trkpt lat="51.75816264934837818145751953125" lon="5.5961895547807216644287109375">
        <ele>8.6000003814697265625</ele>
        <time>2025-03-10T11:44:38.000Z</time>
        <extensions>
          <ns3:TrackPointExtension>
            <ns3:hr>116</ns3:hr>
          </ns3:TrackPointExtension>
        </extensions>
      </trkpt>
      <trkpt lat="51.7581634037196636199951171875" lon="5.5961922369897365570068359375">
        <ele>8.6000003814697265625</ele>
        <time>2025-03-10T11:44:39.000Z</time>
        <extensions>
          <ns3:TrackPointExtension>
            <ns3:hr>116</ns3:hr>
          </ns3:TrackPointExtension>
        </extensions>
      </trkpt>
      <trkpt lat="51.75814772956073284149169921875" lon="5.5961059033870697021484375">
        <ele>8.6000003814697265625</ele>
        <time>2025-03-10T11:44:44.000Z</time>
        <extensions>
          <ns3:TrackPointExtension>
            <ns3:hr>117</ns3:hr>
          </ns3:TrackPointExtension>
        </extensions>
      </trkpt>
      <trkpt lat="51.75815108232200145721435546875" lon="5.59602116234600543975830078125">
        <ele>8.3999996185302734375</ele>
        <time>2025-03-10T11:44:47.000Z</time>
        <extensions>
          <ns3:TrackPointExtension>
            <ns3:hr>117</ns3:hr>
          </ns3:TrackPointExtension>
        </extensions>
      </trkpt>
      <trkpt lat="51.7581556923687458038330078125" lon="5.5960061587393283843994140625">
        <ele>8.3999996185302734375</ele>
        <time>2025-03-10T11:44:49.000Z</time>
        <extensions>
          <ns3:TrackPointExtension>
            <ns3:hr>118</ns3:hr>
          </ns3:TrackPointExtension>
        </extensions>
      </trkpt>
      <trkpt lat="51.75815619528293609619140625" lon="5.596003644168376922607421875">
        <ele>8.6000003814697265625</ele>
        <time>2025-03-10T11:44:50.000Z</time>
        <extensions>
          <ns3:TrackPointExtension>
            <ns3:hr>118</ns3:hr>
          </ns3:TrackPointExtension>
        </extensions>
      </trkpt>
      <trkpt lat="51.75815544091165065765380859375" lon="5.59593021869659423828125">
        <ele>9</ele>
        <time>2025-03-10T11:44:56.000Z</time>
        <extensions>
          <ns3:TrackPointExtension>
            <ns3:hr>119</ns3:hr>
          </ns3:TrackPointExtension>
        </extensions>
      </trkpt>
      <trkpt lat="51.7581771500408649444580078125" lon="5.5958740599453449249267578125">
        <ele>8</ele>
        <time>2025-03-10T11:45:01.000Z</time>
        <extensions>
          <ns3:TrackPointExtension>
            <ns3:hr>120</ns3:hr>
          </ns3:TrackPointExtension>
        </extensions>
      </trkpt>
      <trkpt lat="51.75819332711398601531982421875" lon="5.59581815265119075775146484375">
        <ele>8</ele>
        <time>2025-03-10T11:45:06.000Z</time>
        <extensions>
          <ns3:TrackPointExtension>
            <ns3:hr>121</ns3:hr>
          </ns3:TrackPointExtension>
        </extensions>
      </trkpt>
      <trkpt lat="51.758192740380764007568359375" lon="5.5958090163767337799072265625">
        <ele>8</ele>
        <time>2025-03-10T11:45:07.000Z</time>
        <extensions>
          <ns3:TrackPointExtension>
            <ns3:hr>121</ns3:hr>
          </ns3:TrackPointExtension>
        </extensions>
      </trkpt>
      <trkpt lat="51.75820439122617244720458984375" lon="5.59576769359409809112548828125">
        <ele>8</ele>
        <time>2025-03-10T11:45:11.000Z</time>
        <extensions>
          <ns3:TrackPointExtension>
            <ns3:hr>122</ns3:hr>
          </ns3:TrackPointExtension>
        </extensions>
      </trkpt>
      <trkpt lat="51.75822081975638866424560546875" lon="5.59573617763817310333251953125">
        <ele>8</ele>
        <time>2025-03-10T11:45:15.000Z</time>
        <extensions>
          <ns3:TrackPointExtension>
            <ns3:hr>121</ns3:hr>
          </ns3:TrackPointExtension>
        </extensions>
      </trkpt>
      <trkpt lat="51.7582431994378566741943359375" lon="5.595667026937007904052734375">
        <ele>7.80000019073486328125</ele>
        <time>2025-03-10T11:45:21.000Z</time>
        <extensions>
          <ns3:TrackPointExtension>
            <ns3:hr>121</ns3:hr>
          </ns3:TrackPointExtension>
        </extensions>
      </trkpt>
      <trkpt lat="51.75825250335037708282470703125" lon="5.595635510981082916259765625">
        <ele>7.80000019073486328125</ele>
        <time>2025-03-10T11:45:25.000Z</time>
        <extensions>
          <ns3:TrackPointExtension>
            <ns3:hr>122</ns3:hr>
          </ns3:TrackPointExtension>
        </extensions>
      </trkpt>
      <trkpt lat="51.75827697850763797760009765625" lon="5.5956014804542064666748046875">
        <ele>7.80000019073486328125</ele>
        <time>2025-03-10T11:45:31.000Z</time>
        <extensions>
          <ns3:TrackPointExtension>
            <ns3:hr>123</ns3:hr>
          </ns3:TrackPointExtension>
        </extensions>
      </trkpt>
      <trkpt lat="51.75828888081014156341552734375" lon="5.59559804387390613555908203125">
        <ele>8.19999980926513671875</ele>
        <time>2025-03-10T11:45:35.000Z</time>
        <extensions>
          <ns3:TrackPointExtension>
            <ns3:hr>128</ns3:hr>
          </ns3:TrackPointExtension>
        </extensions>
      </trkpt>
      <trkpt lat="51.75828703679144382476806640625" lon="5.59559955261647701263427734375">
        <ele>8.6000003814697265625</ele>
        <time>2025-03-10T11:45:38.000Z</time>
        <extensions>
          <ns3:TrackPointExtension>
            <ns3:hr>131</ns3:hr>
          </ns3:TrackPointExtension>
        </extensions>
      </trkpt>
      <trkpt lat="51.7582871206104755401611328125" lon="5.5955998040735721588134765625">
        <ele>8.80000019073486328125</ele>
        <time>2025-03-10T11:45:41.000Z</time>
        <extensions>
          <ns3:TrackPointExtension>
            <ns3:hr>128</ns3:hr>
          </ns3:TrackPointExtension>
        </extensions>
      </trkpt>
      <trkpt lat="51.7582844384014606475830078125" lon="5.59559821151196956634521484375">
        <ele>8.6000003814697265625</ele>
        <time>2025-03-10T11:45:48.000Z</time>
        <extensions>
          <ns3:TrackPointExtension>
            <ns3:hr>130</ns3:hr>
          </ns3:TrackPointExtension>
        </extensions>
      </trkpt>
      <trkpt lat="51.7582881264388561248779296875" lon="5.595510117709636688232421875">
        <ele>7.80000019073486328125</ele>
        <time>2025-03-10T11:45:53.000Z</time>
        <extensions>
          <ns3:TrackPointExtension>
            <ns3:hr>131</ns3:hr>
          </ns3:TrackPointExtension>
        </extensions>
      </trkpt>
      <trkpt lat="51.75831134431064128875732421875" lon="5.59542990289628505706787109375">
        <ele>7.599999904632568359375</ele>
        <time>2025-03-10T11:45:59.000Z</time>
        <extensions>
          <ns3:TrackPointExtension>
            <ns3:hr>132</ns3:hr>
          </ns3:TrackPointExtension>
        </extensions>
      </trkpt>
      <trkpt lat="51.7583250068128108978271484375" lon="5.59539034031331539154052734375">
        <ele>7.599999904632568359375</ele>
        <time>2025-03-10T11:46:03.000Z</time>
        <extensions>
          <ns3:TrackPointExtension>
            <ns3:hr>135</ns3:hr>
          </ns3:TrackPointExtension>
        </extensions>
      </trkpt>
      <trkpt lat="51.75833112560212612152099609375" lon="5.59537843801081180572509765625">
        <ele>7.599999904632568359375</ele>
        <time>2025-03-10T11:46:04.000Z</time>
        <extensions>
          <ns3:TrackPointExtension>
            <ns3:hr>134</ns3:hr>
          </ns3:TrackPointExtension>
        </extensions>
      </trkpt>
      <trkpt lat="51.75834889523684978485107421875" lon="5.59530467726290225982666015625">
        <ele>7.599999904632568359375</ele>
        <time>2025-03-10T11:46:09.000Z</time>
        <extensions>
          <ns3:TrackPointExtension>
            <ns3:hr>133</ns3:hr>
          </ns3:TrackPointExtension>
        </extensions>
      </trkpt>
      <trkpt lat="51.75837219692766666412353515625" lon="5.59527416713535785675048828125">
        <ele>7.599999904632568359375</ele>
        <time>2025-03-10T11:46:13.000Z</time>
        <extensions>
          <ns3:TrackPointExtension>
            <ns3:hr>133</ns3:hr>
          </ns3:TrackPointExtension>
        </extensions>
      </trkpt>
      <trkpt lat="51.7583991028368473052978515625" lon="5.59519730508327484130859375">
        <ele>7.400000095367431640625</ele>
        <time>2025-03-10T11:46:18.000Z</time>
        <extensions>
          <ns3:TrackPointExtension>
            <ns3:hr>133</ns3:hr>
          </ns3:TrackPointExtension>
        </extensions>
      </trkpt>
      <trkpt lat="51.75842433236539363861083984375" lon="5.59511273168027400970458984375">
        <ele>7.599999904632568359375</ele>
        <time>2025-03-10T11:46:24.000Z</time>
        <extensions>
          <ns3:TrackPointExtension>
            <ns3:hr>136</ns3:hr>
          </ns3:TrackPointExtension>
        </extensions>
      </trkpt>
      <trkpt lat="51.75843514502048492431640625" lon="5.595061518251895904541015625">
        <ele>7.599999904632568359375</ele>
        <time>2025-03-10T11:46:28.000Z</time>
        <extensions>
          <ns3:TrackPointExtension>
            <ns3:hr>139</ns3:hr>
          </ns3:TrackPointExtension>
        </extensions>
      </trkpt>
      <trkpt lat="51.75843941979110240936279296875" lon="5.59503947384655475616455078125">
        <ele>7.599999904632568359375</ele>
        <time>2025-03-10T11:46:30.000Z</time>
        <extensions>
          <ns3:TrackPointExtension>
            <ns3:hr>139</ns3:hr>
          </ns3:TrackPointExtension>
        </extensions>
      </trkpt>
      <trkpt lat="51.7584430240094661712646484375" lon="5.5950294993817806243896484375">
        <ele>7.599999904632568359375</ele>
        <time>2025-03-10T11:46:31.000Z</time>
        <extensions>
          <ns3:TrackPointExtension>
            <ns3:hr>139</ns3:hr>
          </ns3:TrackPointExtension>
        </extensions>
      </trkpt>
      <trkpt lat="51.7584584467113018035888671875" lon="5.59496370144188404083251953125">
        <ele>7.80000019073486328125</ele>
        <time>2025-03-10T11:46:37.000Z</time>
        <extensions>
          <ns3:TrackPointExtension>
            <ns3:hr>139</ns3:hr>
          </ns3:TrackPointExtension>
        </extensions>
      </trkpt>
      <trkpt lat="51.7584822513163089752197265625" lon="5.59489949606359004974365234375">
        <ele>7.80000019073486328125</ele>
        <time>2025-03-10T11:46:42.000Z</time>
        <extensions>
          <ns3:TrackPointExtension>
            <ns3:hr>137</ns3:hr>
          </ns3:TrackPointExtension>
        </extensions>
      </trkpt>
      <trkpt lat="51.758508570492267608642578125" lon="5.59485356323421001434326171875">
        <ele>7.599999904632568359375</ele>
        <time>2025-03-10T11:46:47.000Z</time>
        <extensions>
          <ns3:TrackPointExtension>
            <ns3:hr>140</ns3:hr>
          </ns3:TrackPointExtension>
        </extensions>
      </trkpt>
      <trkpt lat="51.758507899940013885498046875" lon="5.59484685771167278289794921875">
        <ele>7.599999904632568359375</ele>
        <time>2025-03-10T11:46:48.000Z</time>
        <extensions>
          <ns3:TrackPointExtension>
            <ns3:hr>140</ns3:hr>
          </ns3:TrackPointExtension>
        </extensions>
      </trkpt>
      <trkpt lat="51.75853832624852657318115234375" lon="5.5947941355407238006591796875">
        <ele>7.599999904632568359375</ele>
        <time>2025-03-10T11:46:53.000Z</time>
        <extensions>
          <ns3:TrackPointExtension>
            <ns3:hr>138</ns3:hr>
          </ns3:TrackPointExtension>
        </extensions>
      </trkpt>
      <trkpt lat="51.75855986773967742919921875" lon="5.594744347035884857177734375">
        <ele>7.80000019073486328125</ele>
        <time>2025-03-10T11:46:59.000Z</time>
        <extensions>
          <ns3:TrackPointExtension>
            <ns3:hr>138</ns3:hr>
          </ns3:TrackPointExtension>
        </extensions>
      </trkpt>
      <trkpt lat="51.7585999332368373870849609375" lon="5.59471190907061100006103515625">
        <ele>7.80000019073486328125</ele>
        <time>2025-03-10T11:47:05.000Z</time>
        <extensions>
          <ns3:TrackPointExtension>
            <ns3:hr>139</ns3:hr>
          </ns3:TrackPointExtension>
        </extensions>
      </trkpt>
      <trkpt lat="51.75862499512732028961181640625" lon="5.59470721520483493804931640625">
        <ele>8.80000019073486328125</ele>
        <time>2025-03-10T11:47:14.000Z</time>
        <extensions>
          <ns3:TrackPointExtension>
            <ns3:hr>139</ns3:hr>
          </ns3:TrackPointExtension>
        </extensions>
      </trkpt>
      <trkpt lat="51.75862499512732028961181640625" lon="5.59470721520483493804931640625">
        <ele>9</ele>
        <time>2025-03-10T11:47:16.000Z</time>
        <extensions>
          <ns3:TrackPointExtension>
            <ns3:hr>140</ns3:hr>
          </ns3:TrackPointExtension>
        </extensions>
      </trkpt>
      <trkpt lat="51.75863186828792095184326171875" lon="5.5946761183440685272216796875">
        <ele>8.6000003814697265625</ele>
        <time>2025-03-10T11:47:23.000Z</time>
        <extensions>
          <ns3:TrackPointExtension>
            <ns3:hr>136</ns3:hr>
          </ns3:TrackPointExtension>
        </extensions>
      </trkpt>
      <trkpt lat="51.75863186828792095184326171875" lon="5.5946761183440685272216796875">
        <ele>8.6000003814697265625</ele>
        <time>2025-03-10T11:47:24.000Z</time>
        <extensions>
          <ns3:TrackPointExtension>
            <ns3:hr>133</ns3:hr>
          </ns3:TrackPointExtension>
        </extensions>
      </trkpt>
      <trkpt lat="51.75863186828792095184326171875" lon="5.5946761183440685272216796875">
        <ele>8.6000003814697265625</ele>
        <time>2025-03-10T11:47:25.000Z</time>
        <extensions>
          <ns3:TrackPointExtension>
            <ns3:hr>133</ns3:hr>
          </ns3:TrackPointExtension>
        </extensions>
      </trkpt>
      <trkpt lat="51.75863186828792095184326171875" lon="5.5946761183440685272216796875">
        <ele>8.80000019073486328125</ele>
        <time>2025-03-10T11:47:31.000Z</time>
        <extensions>
          <ns3:TrackPointExtension>
            <ns3:hr>130</ns3:hr>
          </ns3:TrackPointExtension>
        </extensions>
      </trkpt>
      <trkpt lat="51.75863186828792095184326171875" lon="5.5946761183440685272216796875">
        <ele>8.80000019073486328125</ele>
        <time>2025-03-10T11:47:34.000Z</time>
        <extensions>
          <ns3:TrackPointExtension>
            <ns3:hr>127</ns3:hr>
          </ns3:TrackPointExtension>
        </extensions>
      </trkpt>
      <trkpt lat="51.75863186828792095184326171875" lon="5.5946761183440685272216796875">
        <ele>9</ele>
        <time>2025-03-10T11:47:42.000Z</time>
        <extensions>
          <ns3:TrackPointExtension>
            <ns3:hr>125</ns3:hr>
          </ns3:TrackPointExtension>
        </extensions>
      </trkpt>
      <trkpt lat="51.75863186828792095184326171875" lon="5.5946761183440685272216796875">
        <ele>9</ele>
        <time>2025-03-10T11:47:51.000Z</time>
        <extensions>
          <ns3:TrackPointExtension>
            <ns3:hr>126</ns3:hr>
          </ns3:TrackPointExtension>
        </extensions>
      </trkpt>
      <trkpt lat="51.75863186828792095184326171875" lon="5.5946761183440685272216796875">
        <ele>9</ele>
        <time>2025-03-10T11:47:59.000Z</time>
        <extensions>
          <ns3:TrackPointExtension>
            <ns3:hr>127</ns3:hr>
          </ns3:TrackPointExtension>
        </extensions>
      </trkpt>
      <trkpt lat="51.75863186828792095184326171875" lon="5.5946761183440685272216796875">
        <ele>8.6000003814697265625</ele>
        <time>2025-03-10T11:48:09.000Z</time>
        <extensions>
          <ns3:TrackPointExtension>
            <ns3:hr>128</ns3:hr>
          </ns3:TrackPointExtension>
        </extensions>
      </trkpt>
      <trkpt lat="51.75862197764217853546142578125" lon="5.5946670658886432647705078125">
        <ele>8.6000003814697265625</ele>
        <time>2025-03-10T11:48:18.000Z</time>
        <extensions>
          <ns3:TrackPointExtension>
            <ns3:hr>128</ns3:hr>
          </ns3:TrackPointExtension>
        </extensions>
      </trkpt>
      <trkpt lat="51.75861795432865619659423828125" lon="5.59466849081218242645263671875">
        <ele>8.80000019073486328125</ele>
        <time>2025-03-10T11:48:25.000Z</time>
        <extensions>
          <ns3:TrackPointExtension>
            <ns3:hr>128</ns3:hr>
          </ns3:TrackPointExtension>
        </extensions>
      </trkpt>
      <trkpt lat="51.75858560018241405487060546875" lon="5.5946486257016658782958984375">
        <ele>8.19999980926513671875</ele>
        <time>2025-03-10T11:48:29.000Z</time>
        <extensions>
          <ns3:TrackPointExtension>
            <ns3:hr>130</ns3:hr>
          </ns3:TrackPointExtension>
        </extensions>
      </trkpt>
      <trkpt lat="51.7585985921323299407958984375" lon="5.59461786411702632904052734375">
        <ele>8.19999980926513671875</ele>
        <time>2025-03-10T11:48:31.000Z</time>
        <extensions>
          <ns3:TrackPointExtension>
            <ns3:hr>131</ns3:hr>
          </ns3:TrackPointExtension>
        </extensions>
      </trkpt>
      <trkpt lat="51.75864041782915592193603515625" lon="5.5945711769163608551025390625">
        <ele>8</ele>
        <time>2025-03-10T11:48:36.000Z</time>
        <extensions>
          <ns3:TrackPointExtension>
            <ns3:hr>131</ns3:hr>
          </ns3:TrackPointExtension>
        </extensions>
      </trkpt>
      <trkpt lat="51.7586545832455158233642578125" lon="5.59455801732838153839111328125">
        <ele>8.19999980926513671875</ele>
        <time>2025-03-10T11:48:43.000Z</time>
        <extensions>
          <ns3:TrackPointExtension>
            <ns3:hr>131</ns3:hr>
          </ns3:TrackPointExtension>
        </extensions>
      </trkpt>
      <trkpt lat="51.75864972174167633056640625" lon="5.59457628987729549407958984375">
        <ele>8</ele>
        <time>2025-03-10T11:48:49.000Z</time>
        <extensions>
          <ns3:TrackPointExtension>
            <ns3:hr>134</ns3:hr>
          </ns3:TrackPointExtension>
        </extensions>
      </trkpt>
      <trkpt lat="51.75865014083683490753173828125" lon="5.5945812352001667022705078125">
        <ele>8</ele>
        <time>2025-03-10T11:48:51.000Z</time>
        <extensions>
          <ns3:TrackPointExtension>
            <ns3:hr>134</ns3:hr>
          </ns3:TrackPointExtension>
        </extensions>
      </trkpt>
      <trkpt lat="51.7586629651486873626708984375" lon="5.5945594422519207000732421875">
        <ele>8</ele>
        <time>2025-03-10T11:48:58.000Z</time>
        <extensions>
          <ns3:TrackPointExtension>
            <ns3:hr>134</ns3:hr>
          </ns3:TrackPointExtension>
        </extensions>
      </trkpt>
      <trkpt lat="51.7586941458284854888916015625" lon="5.59448190964758396148681640625">
        <ele>8.6000003814697265625</ele>
        <time>2025-03-10T11:49:05.000Z</time>
        <extensions>
          <ns3:TrackPointExtension>
            <ns3:hr>133</ns3:hr>
          </ns3:TrackPointExtension>
        </extensions>
      </trkpt>
      <trkpt lat="51.75868970341980457305908203125" lon="5.5944819934666156768798828125">
        <ele>8</ele>
        <time>2025-03-10T11:49:10.000Z</time>
        <extensions>
          <ns3:TrackPointExtension>
            <ns3:hr>132</ns3:hr>
          </ns3:TrackPointExtension>
        </extensions>
      </trkpt>
      <trkpt lat="51.7586884461343288421630859375" lon="5.59448023326694965362548828125">
        <ele>8</ele>
        <time>2025-03-10T11:49:13.000Z</time>
        <extensions>
          <ns3:TrackPointExtension>
            <ns3:hr>129</ns3:hr>
          </ns3:TrackPointExtension>
        </extensions>
      </trkpt>
      <trkpt lat="51.758688278496265411376953125" lon="5.59447755105793476104736328125">
        <ele>8</ele>
        <time>2025-03-10T11:49:15.000Z</time>
        <extensions>
          <ns3:TrackPointExtension>
            <ns3:hr>126</ns3:hr>
          </ns3:TrackPointExtension>
        </extensions>
      </trkpt>
      <trkpt lat="51.75868987105786800384521484375" lon="5.59447620995342731475830078125">
        <ele>8</ele>
        <time>2025-03-10T11:49:16.000Z</time>
        <extensions>
          <ns3:TrackPointExtension>
            <ns3:hr>126</ns3:hr>
          </ns3:TrackPointExtension>
        </extensions>
      </trkpt>
      <trkpt lat="51.7586894519627094268798828125" lon="5.5944732762873172760009765625">
        <ele>8.6000003814697265625</ele>
        <time>2025-03-10T11:49:19.000Z</time>
        <extensions>
          <ns3:TrackPointExtension>
            <ns3:hr>123</ns3:hr>
          </ns3:TrackPointExtension>
        </extensions>
      </trkpt>
      <trkpt lat="51.7586743645370006561279296875" lon="5.59447051025927066802978515625">
        <ele>8.80000019073486328125</ele>
        <time>2025-03-10T11:49:25.000Z</time>
        <extensions>
          <ns3:TrackPointExtension>
            <ns3:hr>123</ns3:hr>
          </ns3:TrackPointExtension>
        </extensions>
      </trkpt>
      <trkpt lat="51.7586907930672168731689453125" lon="5.59443446807563304901123046875">
        <ele>8.6000003814697265625</ele>
        <time>2025-03-10T11:49:29.000Z</time>
        <extensions>
          <ns3:TrackPointExtension>
            <ns3:hr>123</ns3:hr>
          </ns3:TrackPointExtension>
        </extensions>
      </trkpt>
      <trkpt lat="51.7586954869329929351806640625" lon="5.5944005213677883148193359375">
        <ele>7.80000019073486328125</ele>
        <time>2025-03-10T11:49:32.000Z</time>
        <extensions>
          <ns3:TrackPointExtension>
            <ns3:hr>124</ns3:hr>
          </ns3:TrackPointExtension>
        </extensions>
      </trkpt>
      <trkpt lat="51.75871677696704864501953125" lon="5.594339333474636077880859375">
        <ele>7.599999904632568359375</ele>
        <time>2025-03-10T11:49:36.000Z</time>
        <extensions>
          <ns3:TrackPointExtension>
            <ns3:hr>124</ns3:hr>
          </ns3:TrackPointExtension>
        </extensions>
      </trkpt>
      <trkpt lat="51.758744604885578155517578125" lon="5.59427655301988124847412109375">
        <ele>7.599999904632568359375</ele>
        <time>2025-03-10T11:49:40.000Z</time>
        <extensions>
          <ns3:TrackPointExtension>
            <ns3:hr>121</ns3:hr>
          </ns3:TrackPointExtension>
        </extensions>
      </trkpt>
      <trkpt lat="51.758763380348682403564453125" lon="5.59421695768833160400390625">
        <ele>7.599999904632568359375</ele>
        <time>2025-03-10T11:49:44.000Z</time>
        <extensions>
          <ns3:TrackPointExtension>
            <ns3:hr>120</ns3:hr>
          </ns3:TrackPointExtension>
        </extensions>
      </trkpt>
      <trkpt lat="51.75876966677606105804443359375" lon="5.594193153083324432373046875">
        <ele>7.599999904632568359375</ele>
        <time>2025-03-10T11:49:47.000Z</time>
        <extensions>
          <ns3:TrackPointExtension>
            <ns3:hr>123</ns3:hr>
          </ns3:TrackPointExtension>
        </extensions>
      </trkpt>
      <trkpt lat="51.758772097527980804443359375" lon="5.5941762216389179229736328125">
        <ele>7.599999904632568359375</ele>
        <time>2025-03-10T11:49:49.000Z</time>
        <extensions>
          <ns3:TrackPointExtension>
            <ns3:hr>125</ns3:hr>
          </ns3:TrackPointExtension>
        </extensions>
      </trkpt>
      <trkpt lat="51.7587710916996002197265625" lon="5.5941577814519405364990234375">
        <ele>7.599999904632568359375</ele>
        <time>2025-03-10T11:49:52.000Z</time>
        <extensions>
          <ns3:TrackPointExtension>
            <ns3:hr>128</ns3:hr>
          </ns3:TrackPointExtension>
        </extensions>
      </trkpt>
      <trkpt lat="51.758772097527980804443359375" lon="5.59414244256913661956787109375">
        <ele>7.599999904632568359375</ele>
        <time>2025-03-10T11:49:53.000Z</time>
        <extensions>
          <ns3:TrackPointExtension>
            <ns3:hr>131</ns3:hr>
          </ns3:TrackPointExtension>
        </extensions>
      </trkpt>
      <trkpt lat="51.7587729357182979583740234375" lon="5.59412442147731781005859375">
        <ele>7.599999904632568359375</ele>
        <time>2025-03-10T11:49:54.000Z</time>
        <extensions>
          <ns3:TrackPointExtension>
            <ns3:hr>132</ns3:hr>
          </ns3:TrackPointExtension>
        </extensions>
      </trkpt>
      <trkpt lat="51.758788861334323883056640625" lon="5.59410053305327892303466796875">
        <ele>7.599999904632568359375</ele>
        <time>2025-03-10T11:49:57.000Z</time>
        <extensions>
          <ns3:TrackPointExtension>
            <ns3:hr>133</ns3:hr>
          </ns3:TrackPointExtension>
        </extensions>
      </trkpt>
      <trkpt lat="51.75880520604550838470458984375" lon="5.59406985528767108917236328125">
        <ele>7.599999904632568359375</ele>
        <time>2025-03-10T11:49:59.000Z</time>
        <extensions>
          <ns3:TrackPointExtension>
            <ns3:hr>133</ns3:hr>
          </ns3:TrackPointExtension>
        </extensions>
      </trkpt>
      <trkpt lat="51.7588212154805660247802734375" lon="5.5940343998372554779052734375">
        <ele>7.599999904632568359375</ele>
        <time>2025-03-10T11:50:01.000Z</time>
        <extensions>
          <ns3:TrackPointExtension>
            <ns3:hr>130</ns3:hr>
          </ns3:TrackPointExtension>
        </extensions>
      </trkpt>
      <trkpt lat="51.7588255740702152252197265625" lon="5.5940218269824981689453125">
        <ele>7.599999904632568359375</ele>
        <time>2025-03-10T11:50:02.000Z</time>
        <extensions>
          <ns3:TrackPointExtension>
            <ns3:hr>126</ns3:hr>
          </ns3:TrackPointExtension>
        </extensions>
      </trkpt>
      <trkpt lat="51.758831776678562164306640625" lon="5.5940149538218975067138671875">
        <ele>7.599999904632568359375</ele>
        <time>2025-03-10T11:50:03.000Z</time>
        <extensions>
          <ns3:TrackPointExtension>
            <ns3:hr>123</ns3:hr>
          </ns3:TrackPointExtension>
        </extensions>
      </trkpt>
      <trkpt lat="51.75883638672530651092529296875" lon="5.594004057347774505615234375">
        <ele>7.599999904632568359375</ele>
        <time>2025-03-10T11:50:04.000Z</time>
        <extensions>
          <ns3:TrackPointExtension>
            <ns3:hr>120</ns3:hr>
          </ns3:TrackPointExtension>
        </extensions>
      </trkpt>
      <trkpt lat="51.75884610973298549652099609375" lon="5.593987293541431427001953125">
        <ele>7.400000095367431640625</ele>
        <time>2025-03-10T11:50:06.000Z</time>
        <extensions>
          <ns3:TrackPointExtension>
            <ns3:hr>119</ns3:hr>
          </ns3:TrackPointExtension>
        </extensions>
      </trkpt>
      <trkpt lat="51.75888148136436939239501953125" lon="5.59389417059719562530517578125">
        <ele>7.400000095367431640625</ele>
        <time>2025-03-10T11:50:12.000Z</time>
        <extensions>
          <ns3:TrackPointExtension>
            <ns3:hr>119</ns3:hr>
          </ns3:TrackPointExtension>
        </extensions>
      </trkpt>
      <trkpt lat="51.758908890187740325927734375" lon="5.5938124470412731170654296875">
        <ele>7.400000095367431640625</ele>
        <time>2025-03-10T11:50:18.000Z</time>
        <extensions>
          <ns3:TrackPointExtension>
            <ns3:hr>119</ns3:hr>
          </ns3:TrackPointExtension>
        </extensions>
      </trkpt>
      <trkpt lat="51.75893093459308147430419921875" lon="5.59374178759753704071044921875">
        <ele>7.400000095367431640625</ele>
        <time>2025-03-10T11:50:24.000Z</time>
        <extensions>
          <ns3:TrackPointExtension>
            <ns3:hr>120</ns3:hr>
          </ns3:TrackPointExtension>
        </extensions>
      </trkpt>
      <trkpt lat="51.7589677311480045318603515625" lon="5.59367640875279903411865234375">
        <ele>7.80000019073486328125</ele>
        <time>2025-03-10T11:50:30.000Z</time>
        <extensions>
          <ns3:TrackPointExtension>
            <ns3:hr>121</ns3:hr>
          </ns3:TrackPointExtension>
        </extensions>
      </trkpt>
      <trkpt lat="51.75898022018373012542724609375" lon="5.59364606626331806182861328125">
        <ele>8</ele>
        <time>2025-03-10T11:50:33.000Z</time>
        <extensions>
          <ns3:TrackPointExtension>
            <ns3:hr>130</ns3:hr>
          </ns3:TrackPointExtension>
        </extensions>
      </trkpt>
      <trkpt lat="51.7589841596782207489013671875" lon="5.59364019893109798431396484375">
        <ele>8</ele>
        <time>2025-03-10T11:50:34.000Z</time>
        <extensions>
          <ns3:TrackPointExtension>
            <ns3:hr>138</ns3:hr>
          </ns3:TrackPointExtension>
        </extensions>
      </trkpt>
      <trkpt lat="51.75900251604616641998291015625" lon="5.59360248036682605743408203125">
        <ele>8</ele>
        <time>2025-03-10T11:50:40.000Z</time>
        <extensions>
          <ns3:TrackPointExtension>
            <ns3:hr>140</ns3:hr>
          </ns3:TrackPointExtension>
        </extensions>
      </trkpt>
      <trkpt lat="51.75902514718472957611083984375" lon="5.59355176985263824462890625">
        <ele>8.19999980926513671875</ele>
        <time>2025-03-10T11:50:45.000Z</time>
        <extensions>
          <ns3:TrackPointExtension>
            <ns3:hr>141</ns3:hr>
          </ns3:TrackPointExtension>
        </extensions>
      </trkpt>
      <trkpt lat="51.75905649550259113311767578125" lon="5.59355034492909908294677734375">
        <ele>8.3999996185302734375</ele>
        <time>2025-03-10T11:50:51.000Z</time>
        <extensions>
          <ns3:TrackPointExtension>
            <ns3:hr>142</ns3:hr>
          </ns3:TrackPointExtension>
        </extensions>
      </trkpt>
      <trkpt lat="51.7590807192027568817138671875" lon="5.593520589172840118408203125">
        <ele>8.6000003814697265625</ele>
        <time>2025-03-10T11:50:56.000Z</time>
        <extensions>
          <ns3:TrackPointExtension>
            <ns3:hr>142</ns3:hr>
          </ns3:TrackPointExtension>
        </extensions>
      </trkpt>
      <trkpt lat="51.759094633162021636962890625" lon="5.593517236411571502685546875">
        <ele>9</ele>
        <time>2025-03-10T11:51:01.000Z</time>
        <extensions>
          <ns3:TrackPointExtension>
            <ns3:hr>142</ns3:hr>
          </ns3:TrackPointExtension>
        </extensions>
      </trkpt>
      <trkpt lat="51.75910033285617828369140625" lon="5.59351447038352489471435546875">
        <ele>9</ele>
        <time>2025-03-10T11:51:03.000Z</time>
        <extensions>
          <ns3:TrackPointExtension>
            <ns3:hr>139</ns3:hr>
          </ns3:TrackPointExtension>
        </extensions>
      </trkpt>
      <trkpt lat="51.7591105587780475616455078125" lon="5.59349007904529571533203125">
        <ele>9</ele>
        <time>2025-03-10T11:51:07.000Z</time>
        <extensions>
          <ns3:TrackPointExtension>
            <ns3:hr>139</ns3:hr>
          </ns3:TrackPointExtension>
        </extensions>
      </trkpt>
      <trkpt lat="51.75911366008222103118896484375" lon="5.593464262783527374267578125">
        <ele>9.19999980926513671875</ele>
        <time>2025-03-10T11:51:10.000Z</time>
        <extensions>
          <ns3:TrackPointExtension>
            <ns3:hr>143</ns3:hr>
          </ns3:TrackPointExtension>
        </extensions>
      </trkpt>
      <trkpt lat="51.75912447273731231689453125" lon="5.5934456549584865570068359375">
        <ele>9.3999996185302734375</ele>
        <time>2025-03-10T11:51:12.000Z</time>
        <extensions>
          <ns3:TrackPointExtension>
            <ns3:hr>143</ns3:hr>
          </ns3:TrackPointExtension>
        </extensions>
      </trkpt>
      <trkpt lat="51.75915020518004894256591796875" lon="5.59341137297451496124267578125">
        <ele>9.80000019073486328125</ele>
        <time>2025-03-10T11:51:16.000Z</time>
        <extensions>
          <ns3:TrackPointExtension>
            <ns3:hr>140</ns3:hr>
          </ns3:TrackPointExtension>
        </extensions>
      </trkpt>
      <trkpt lat="51.75915556959807872772216796875" lon="5.593406595289707183837890625">
        <ele>9.80000019073486328125</ele>
        <time>2025-03-10T11:51:17.000Z</time>
        <extensions>
          <ns3:TrackPointExtension>
            <ns3:hr>138</ns3:hr>
          </ns3:TrackPointExtension>
        </extensions>
      </trkpt>
      <trkpt lat="51.759167723357677459716796875" lon="5.5934035778045654296875">
        <ele>10</ele>
        <time>2025-03-10T11:51:18.000Z</time>
        <extensions>
          <ns3:TrackPointExtension>
            <ns3:hr>138</ns3:hr>
          </ns3:TrackPointExtension>
        </extensions>
      </trkpt>
      <trkpt lat="51.75920250825583934783935546875" lon="5.59340558946132659912109375">
        <ele>10.6000003814697265625</ele>
        <time>2025-03-10T11:51:23.000Z</time>
        <extensions>
          <ns3:TrackPointExtension>
            <ns3:hr>139</ns3:hr>
          </ns3:TrackPointExtension>
        </extensions>
      </trkpt>
      <trkpt lat="51.75924140028655529022216796875" lon="5.59342260472476482391357421875">
        <ele>10.80000019073486328125</ele>
        <time>2025-03-10T11:51:30.000Z</time>
        <extensions>
          <ns3:TrackPointExtension>
            <ns3:hr>137</ns3:hr>
          </ns3:TrackPointExtension>
        </extensions>
      </trkpt>
      <trkpt lat="51.75926805473864078521728515625" lon="5.59343534521758556365966796875">
        <ele>10.3999996185302734375</ele>
        <time>2025-03-10T11:51:35.000Z</time>
        <extensions>
          <ns3:TrackPointExtension>
            <ns3:hr>138</ns3:hr>
          </ns3:TrackPointExtension>
        </extensions>
      </trkpt>
      <trkpt lat="51.75926587544381618499755859375" lon="5.59342595748603343963623046875">
        <ele>11</ele>
        <time>2025-03-10T11:51:42.000Z</time>
        <extensions>
          <ns3:TrackPointExtension>
            <ns3:hr>142</ns3:hr>
          </ns3:TrackPointExtension>
        </extensions>
      </trkpt>
      <trkpt lat="51.75926906056702136993408203125" lon="5.5934298969805240631103515625">
        <ele>11</ele>
        <time>2025-03-10T11:51:43.000Z</time>
        <extensions>
          <ns3:TrackPointExtension>
            <ns3:hr>148</ns3:hr>
          </ns3:TrackPointExtension>
        </extensions>
      </trkpt>
      <trkpt lat="51.759275682270526885986328125" lon="5.5934429727494716644287109375">
        <ele>11</ele>
        <time>2025-03-10T11:51:52.000Z</time>
        <extensions>
          <ns3:TrackPointExtension>
            <ns3:hr>148</ns3:hr>
          </ns3:TrackPointExtension>
        </extensions>
      </trkpt>
      <trkpt lat="51.75927341915667057037353515625" lon="5.59344272129237651824951171875">
        <ele>11</ele>
        <time>2025-03-10T11:51:53.000Z</time>
        <extensions>
          <ns3:TrackPointExtension>
            <ns3:hr>147</ns3:hr>
          </ns3:TrackPointExtension>
        </extensions>
      </trkpt>
      <trkpt lat="51.7592694796621799468994140625" lon="5.59344448149204254150390625">
        <ele>11.19999980926513671875</ele>
        <time>2025-03-10T11:51:55.000Z</time>
        <extensions>
          <ns3:TrackPointExtension>
            <ns3:hr>144</ns3:hr>
          </ns3:TrackPointExtension>
        </extensions>
      </trkpt>
      <trkpt lat="51.7592996545135974884033203125" lon="5.5934852175414562225341796875">
        <ele>11.19999980926513671875</ele>
        <time>2025-03-10T11:52:02.000Z</time>
        <extensions>
          <ns3:TrackPointExtension>
            <ns3:hr>144</ns3:hr>
          </ns3:TrackPointExtension>
        </extensions>
      </trkpt>
      <trkpt lat="51.759347431361675262451171875" lon="5.593531988561153411865234375">
        <ele>10.3999996185302734375</ele>
        <time>2025-03-10T11:52:07.000Z</time>
        <extensions>
          <ns3:TrackPointExtension>
            <ns3:hr>145</ns3:hr>
          </ns3:TrackPointExtension>
        </extensions>
      </trkpt>
      <trkpt lat="51.7593532986938953399658203125" lon="5.5935355089604854583740234375">
        <ele>10.3999996185302734375</ele>
        <time>2025-03-10T11:52:08.000Z</time>
        <extensions>
          <ns3:TrackPointExtension>
            <ns3:hr>145</ns3:hr>
          </ns3:TrackPointExtension>
        </extensions>
      </trkpt>
      <trkpt lat="51.7593767680227756500244140625" lon="5.59353291057050228118896484375">
        <ele>10.3999996185302734375</ele>
        <time>2025-03-10T11:52:13.000Z</time>
        <extensions>
          <ns3:TrackPointExtension>
            <ns3:hr>144</ns3:hr>
          </ns3:TrackPointExtension>
        </extensions>
      </trkpt>
      <trkpt lat="51.75941281020641326904296875" lon="5.59356710873544216156005859375">
        <ele>10.6000003814697265625</ele>
        <time>2025-03-10T11:52:18.000Z</time>
        <extensions>
          <ns3:TrackPointExtension>
            <ns3:hr>141</ns3:hr>
          </ns3:TrackPointExtension>
        </extensions>
      </trkpt>
      <trkpt lat="51.7594210244715213775634765625" lon="5.5935792624950408935546875">
        <ele>10.6000003814697265625</ele>
        <time>2025-03-10T11:52:19.000Z</time>
        <extensions>
          <ns3:TrackPointExtension>
            <ns3:hr>141</ns3:hr>
          </ns3:TrackPointExtension>
        </extensions>
      </trkpt>
      <trkpt lat="51.75943099893629550933837890625" lon="5.59358420781791210174560546875">
        <ele>10.80000019073486328125</ele>
        <time>2025-03-10T11:52:24.000Z</time>
        <extensions>
          <ns3:TrackPointExtension>
            <ns3:hr>138</ns3:hr>
          </ns3:TrackPointExtension>
        </extensions>
      </trkpt>
      <trkpt lat="51.75942462868988513946533203125" lon="5.5935821123421192169189453125">
        <ele>11.19999980926513671875</ele>
        <time>2025-03-10T11:52:25.000Z</time>
        <extensions>
          <ns3:TrackPointExtension>
            <ns3:hr>138</ns3:hr>
          </ns3:TrackPointExtension>
        </extensions>
      </trkpt>
      <trkpt lat="51.75939110107719898223876953125" lon="5.593544729053974151611328125">
        <ele>11.6000003814697265625</ele>
        <time>2025-03-10T11:52:33.000Z</time>
        <extensions>
          <ns3:TrackPointExtension>
            <ns3:hr>135</ns3:hr>
          </ns3:TrackPointExtension>
        </extensions>
      </trkpt>
      <trkpt lat="51.75939579494297504425048828125" lon="5.5935465730726718902587890625">
        <ele>11.6000003814697265625</ele>
        <time>2025-03-10T11:52:35.000Z</time>
        <extensions>
          <ns3:TrackPointExtension>
            <ns3:hr>132</ns3:hr>
          </ns3:TrackPointExtension>
        </extensions>
      </trkpt>
      <trkpt lat="51.75943502224981784820556640625" lon="5.59356023557484149932861328125">
        <ele>11.3999996185302734375</ele>
        <time>2025-03-10T11:52:42.000Z</time>
        <extensions>
          <ns3:TrackPointExtension>
            <ns3:hr>134</ns3:hr>
          </ns3:TrackPointExtension>
        </extensions>
      </trkpt>
      <trkpt lat="51.7594733275473117828369140625" lon="5.59362812899053096771240234375">
        <ele>11.19999980926513671875</ele>
        <time>2025-03-10T11:52:49.000Z</time>
        <extensions>
          <ns3:TrackPointExtension>
            <ns3:hr>136</ns3:hr>
          </ns3:TrackPointExtension>
        </extensions>
      </trkpt>
      <trkpt lat="51.759502328932285308837890625" lon="5.59366785921156406402587890625">
        <ele>10.6000003814697265625</ele>
        <time>2025-03-10T11:52:53.000Z</time>
        <extensions>
          <ns3:TrackPointExtension>
            <ns3:hr>139</ns3:hr>
          </ns3:TrackPointExtension>
        </extensions>
      </trkpt>
      <trkpt lat="51.7595060169696807861328125" lon="5.5936816893517971038818359375">
        <ele>10.6000003814697265625</ele>
        <time>2025-03-10T11:52:54.000Z</time>
        <extensions>
          <ns3:TrackPointExtension>
            <ns3:hr>139</ns3:hr>
          </ns3:TrackPointExtension>
        </extensions>
      </trkpt>
      <trkpt lat="51.75950978882610797882080078125" lon="5.59368831105530261993408203125">
        <ele>10.6000003814697265625</ele>
        <time>2025-03-10T11:52:55.000Z</time>
        <extensions>
          <ns3:TrackPointExtension>
            <ns3:hr>140</ns3:hr>
          </ns3:TrackPointExtension>
        </extensions>
      </trkpt>
      <trkpt lat="51.7595323361456394195556640625" lon="5.5937235988676548004150390625">
        <ele>11</ele>
        <time>2025-03-10T11:52:59.000Z</time>
        <extensions>
          <ns3:TrackPointExtension>
            <ns3:hr>143</ns3:hr>
          </ns3:TrackPointExtension>
        </extensions>
      </trkpt>
      <trkpt lat="51.7595454119145870208740234375" lon="5.59375427663326263427734375">
        <ele>11</ele>
        <time>2025-03-10T11:53:01.000Z</time>
        <extensions>
          <ns3:TrackPointExtension>
            <ns3:hr>143</ns3:hr>
          </ns3:TrackPointExtension>
        </extensions>
      </trkpt>
      <trkpt lat="51.75956108607351779937744140625" lon="5.59379962272942066192626953125">
        <ele>11</ele>
        <time>2025-03-10T11:53:06.000Z</time>
        <extensions>
          <ns3:TrackPointExtension>
            <ns3:hr>140</ns3:hr>
          </ns3:TrackPointExtension>
        </extensions>
      </trkpt>
      <trkpt lat="51.75956242717802524566650390625" lon="5.59380523860454559326171875">
        <ele>11</ele>
        <time>2025-03-10T11:53:07.000Z</time>
        <extensions>
          <ns3:TrackPointExtension>
            <ns3:hr>140</ns3:hr>
          </ns3:TrackPointExtension>
        </extensions>
      </trkpt>
      <trkpt lat="51.75956510938704013824462890625" lon="5.59383516199886798858642578125">
        <ele>11</ele>
        <time>2025-03-10T11:53:13.000Z</time>
        <extensions>
          <ns3:TrackPointExtension>
            <ns3:hr>137</ns3:hr>
          </ns3:TrackPointExtension>
        </extensions>
      </trkpt>
      <trkpt lat="51.7595645226538181304931640625" lon="5.5938313901424407958984375">
        <ele>11</ele>
        <time>2025-03-10T11:53:18.000Z</time>
        <extensions>
          <ns3:TrackPointExtension>
            <ns3:hr>138</ns3:hr>
          </ns3:TrackPointExtension>
        </extensions>
      </trkpt>
      <trkpt lat="51.7595655284821987152099609375" lon="5.5938037298619747161865234375">
        <ele>11</ele>
        <time>2025-03-10T11:53:25.000Z</time>
        <extensions>
          <ns3:TrackPointExtension>
            <ns3:hr>138</ns3:hr>
          </ns3:TrackPointExtension>
        </extensions>
      </trkpt>
      <trkpt lat="51.7595596611499786376953125" lon="5.59380850754678249359130859375">
        <ele>11</ele>
        <time>2025-03-10T11:53:33.000Z</time>
        <extensions>
          <ns3:TrackPointExtension>
            <ns3:hr>135</ns3:hr>
          </ns3:TrackPointExtension>
        </extensions>
      </trkpt>
      <trkpt lat="51.75956033170223236083984375" lon="5.59380968101322650909423828125">
        <ele>11</ele>
        <time>2025-03-10T11:53:35.000Z</time>
        <extensions>
          <ns3:TrackPointExtension>
            <ns3:hr>135</ns3:hr>
          </ns3:TrackPointExtension>
        </extensions>
      </trkpt>
      <trkpt lat="51.7595628462731838226318359375" lon="5.59381554834544658660888671875">
        <ele>11</ele>
        <time>2025-03-10T11:53:44.000Z</time>
        <extensions>
          <ns3:TrackPointExtension>
            <ns3:hr>135</ns3:hr>
          </ns3:TrackPointExtension>
        </extensions>
      </trkpt>
      <trkpt lat="51.7595517821609973907470703125" lon="5.593781433999538421630859375">
        <ele>11.80000019073486328125</ele>
        <time>2025-03-10T11:53:52.000Z</time>
        <extensions>
          <ns3:TrackPointExtension>
            <ns3:hr>134</ns3:hr>
          </ns3:TrackPointExtension>
        </extensions>
      </trkpt>
      <trkpt lat="51.7595464177429676055908203125" lon="5.59376425109803676605224609375">
        <ele>11.80000019073486328125</ele>
        <time>2025-03-10T11:53:54.000Z</time>
        <extensions>
          <ns3:TrackPointExtension>
            <ns3:hr>129</ns3:hr>
          </ns3:TrackPointExtension>
        </extensions>
      </trkpt>
      <trkpt lat="51.75954046659171581268310546875" lon="5.5937373451888561248779296875">
        <ele>11.80000019073486328125</ele>
        <time>2025-03-10T11:54:00.000Z</time>
        <extensions>
          <ns3:TrackPointExtension>
            <ns3:hr>130</ns3:hr>
          </ns3:TrackPointExtension>
        </extensions>
      </trkpt>
      <trkpt lat="51.7595936916768550872802734375" lon="5.5938094295561313629150390625">
        <ele>11.3999996185302734375</ele>
        <time>2025-03-10T11:54:06.000Z</time>
        <extensions>
          <ns3:TrackPointExtension>
            <ns3:hr>130</ns3:hr>
          </ns3:TrackPointExtension>
        </extensions>
      </trkpt>
      <trkpt lat="51.7596027441322803497314453125" lon="5.59384304098784923553466796875">
        <ele>11.6000003814697265625</ele>
        <time>2025-03-10T11:54:12.000Z</time>
        <extensions>
          <ns3:TrackPointExtension>
            <ns3:hr>133</ns3:hr>
          </ns3:TrackPointExtension>
        </extensions>
      </trkpt>
      <trkpt lat="51.75961959175765514373779296875" lon="5.5938657559454441070556640625">
        <ele>11</ele>
        <time>2025-03-10T11:54:19.000Z</time>
        <extensions>
          <ns3:TrackPointExtension>
            <ns3:hr>131</ns3:hr>
          </ns3:TrackPointExtension>
        </extensions>
      </trkpt>
      <trkpt lat="51.75964306108653545379638671875" lon="5.59389919973909854888916015625">
        <ele>11</ele>
        <time>2025-03-10T11:54:24.000Z</time>
        <extensions>
          <ns3:TrackPointExtension>
            <ns3:hr>133</ns3:hr>
          </ns3:TrackPointExtension>
        </extensions>
      </trkpt>
      <trkpt lat="51.75966904498636722564697265625" lon="5.59392451308667659759521484375">
        <ele>11</ele>
        <time>2025-03-10T11:54:29.000Z</time>
        <extensions>
          <ns3:TrackPointExtension>
            <ns3:hr>133</ns3:hr>
          </ns3:TrackPointExtension>
        </extensions>
      </trkpt>
      <trkpt lat="51.75969536416232585906982421875" lon="5.5939217470586299896240234375">
        <ele>11.19999980926513671875</ele>
        <time>2025-03-10T11:54:34.000Z</time>
        <extensions>
          <ns3:TrackPointExtension>
            <ns3:hr>133</ns3:hr>
          </ns3:TrackPointExtension>
        </extensions>
      </trkpt>
      <trkpt lat="51.75974314101040363311767578125" lon="5.59397413395345211029052734375">
        <ele>11</ele>
        <time>2025-03-10T11:54:39.000Z</time>
        <extensions>
          <ns3:TrackPointExtension>
            <ns3:hr>135</ns3:hr>
          </ns3:TrackPointExtension>
        </extensions>
      </trkpt>
      <trkpt lat="51.75978069193661212921142578125" lon="5.593993328511714935302734375">
        <ele>11.6000003814697265625</ele>
        <time>2025-03-10T11:54:46.000Z</time>
        <extensions>
          <ns3:TrackPointExtension>
            <ns3:hr>135</ns3:hr>
          </ns3:TrackPointExtension>
        </extensions>
      </trkpt>
      <trkpt lat="51.7597822844982147216796875" lon="5.593987964093685150146484375">
        <ele>11.6000003814697265625</ele>
        <time>2025-03-10T11:54:50.000Z</time>
        <extensions>
          <ns3:TrackPointExtension>
            <ns3:hr>132</ns3:hr>
          </ns3:TrackPointExtension>
        </extensions>
      </trkpt>
      <trkpt lat="51.759771220386028289794921875" lon="5.5939975194633007049560546875">
        <ele>11.6000003814697265625</ele>
        <time>2025-03-10T11:54:55.000Z</time>
        <extensions>
          <ns3:TrackPointExtension>
            <ns3:hr>131</ns3:hr>
          </ns3:TrackPointExtension>
        </extensions>
      </trkpt>
      <trkpt lat="51.7597378604114055633544921875" lon="5.59400699101388454437255859375">
        <ele>11.80000019073486328125</ele>
        <time>2025-03-10T11:55:05.000Z</time>
        <extensions>
          <ns3:TrackPointExtension>
            <ns3:hr>131</ns3:hr>
          </ns3:TrackPointExtension>
        </extensions>
      </trkpt>
      <trkpt lat="51.75973157398402690887451171875" lon="5.59404236264526844024658203125">
        <ele>11.19999980926513671875</ele>
        <time>2025-03-10T11:55:13.000Z</time>
        <extensions>
          <ns3:TrackPointExtension>
            <ns3:hr>131</ns3:hr>
          </ns3:TrackPointExtension>
        </extensions>
      </trkpt>
      <trkpt lat="51.759742386639118194580078125" lon="5.5940635688602924346923828125">
        <ele>11.6000003814697265625</ele>
        <time>2025-03-10T11:55:19.000Z</time>
        <extensions>
          <ns3:TrackPointExtension>
            <ns3:hr>131</ns3:hr>
          </ns3:TrackPointExtension>
        </extensions>
      </trkpt>
      <trkpt lat="51.759732328355312347412109375" lon="5.59405778534710407257080078125">
        <ele>11.80000019073486328125</ele>
        <time>2025-03-10T11:55:28.000Z</time>
        <extensions>
          <ns3:TrackPointExtension>
            <ns3:hr>129</ns3:hr>
          </ns3:TrackPointExtension>
        </extensions>
      </trkpt>
      <trkpt lat="51.75975822843611240386962890625" lon="5.59408628381788730621337890625">
        <ele>11</ele>
        <time>2025-03-10T11:55:35.000Z</time>
        <extensions>
          <ns3:TrackPointExtension>
            <ns3:hr>129</ns3:hr>
          </ns3:TrackPointExtension>
        </extensions>
      </trkpt>
      <trkpt lat="51.7598015628755092620849609375" lon="5.59414110146462917327880859375">
        <ele>10.80000019073486328125</ele>
        <time>2025-03-10T11:55:42.000Z</time>
        <extensions>
          <ns3:TrackPointExtension>
            <ns3:hr>130</ns3:hr>
          </ns3:TrackPointExtension>
        </extensions>
      </trkpt>
      <trkpt lat="51.75983517430722713470458984375" lon="5.59419088996946811676025390625">
        <ele>11.19999980926513671875</ele>
        <time>2025-03-10T11:55:48.000Z</time>
        <extensions>
          <ns3:TrackPointExtension>
            <ns3:hr>131</ns3:hr>
          </ns3:TrackPointExtension>
        </extensions>
      </trkpt>
      <trkpt lat="51.7598493397235870361328125" lon="5.59421687386929988861083984375">
        <ele>11.3999996185302734375</ele>
        <time>2025-03-10T11:55:57.000Z</time>
        <extensions>
          <ns3:TrackPointExtension>
            <ns3:hr>132</ns3:hr>
          </ns3:TrackPointExtension>
        </extensions>
      </trkpt>
      <trkpt lat="51.75984422676265239715576171875" lon="5.594216622412204742431640625">
        <ele>10.6000003814697265625</ele>
        <time>2025-03-10T11:56:04.000Z</time>
        <extensions>
          <ns3:TrackPointExtension>
            <ns3:hr>134</ns3:hr>
          </ns3:TrackPointExtension>
        </extensions>
      </trkpt>
      <trkpt lat="51.75983483903110027313232421875" lon="5.594192482531070709228515625">
        <ele>11.6000003814697265625</ele>
        <time>2025-03-10T11:56:13.000Z</time>
        <extensions>
          <ns3:TrackPointExtension>
            <ns3:hr>136</ns3:hr>
          </ns3:TrackPointExtension>
        </extensions>
      </trkpt>
      <trkpt lat="51.7598438076674938201904296875" lon="5.59419088996946811676025390625">
        <ele>11.80000019073486328125</ele>
        <time>2025-03-10T11:56:19.000Z</time>
        <extensions>
          <ns3:TrackPointExtension>
            <ns3:hr>133</ns3:hr>
          </ns3:TrackPointExtension>
        </extensions>
      </trkpt>
      <trkpt lat="51.75984573550522327423095703125" lon="5.594189800322055816650390625">
        <ele>11.80000019073486328125</ele>
        <time>2025-03-10T11:56:20.000Z</time>
        <extensions>
          <ns3:TrackPointExtension>
            <ns3:hr>132</ns3:hr>
          </ns3:TrackPointExtension>
        </extensions>
      </trkpt>
      <trkpt lat="51.759849674999713897705078125" lon="5.594195164740085601806640625">
        <ele>11.80000019073486328125</ele>
        <time>2025-03-10T11:56:24.000Z</time>
        <extensions>
          <ns3:TrackPointExtension>
            <ns3:hr>129</ns3:hr>
          </ns3:TrackPointExtension>
        </extensions>
      </trkpt>
      <trkpt lat="51.759850680828094482421875" lon="5.59420622885227203369140625">
        <ele>11.3999996185302734375</ele>
        <time>2025-03-10T11:56:28.000Z</time>
        <extensions>
          <ns3:TrackPointExtension>
            <ns3:hr>128</ns3:hr>
          </ns3:TrackPointExtension>
        </extensions>
      </trkpt>
      <trkpt lat="51.75985847599804401397705078125" lon="5.5942167900502681732177734375">
        <ele>10.80000019073486328125</ele>
        <time>2025-03-10T11:56:37.000Z</time>
        <extensions>
          <ns3:TrackPointExtension>
            <ns3:hr>127</ns3:hr>
          </ns3:TrackPointExtension>
        </extensions>
      </trkpt>
      <trkpt lat="51.7598820291459560394287109375" lon="5.594270266592502593994140625">
        <ele>10.80000019073486328125</ele>
        <time>2025-03-10T11:56:41.000Z</time>
        <extensions>
          <ns3:TrackPointExtension>
            <ns3:hr>127</ns3:hr>
          </ns3:TrackPointExtension>
        </extensions>
      </trkpt>
      <trkpt lat="51.75987574271857738494873046875" lon="5.59427864849567413330078125">
        <ele>10.80000019073486328125</ele>
        <time>2025-03-10T11:56:45.000Z</time>
        <extensions>
          <ns3:TrackPointExtension>
            <ns3:hr>130</ns3:hr>
          </ns3:TrackPointExtension>
        </extensions>
      </trkpt>
      <trkpt lat="51.759875155985355377197265625" lon="5.594290383160114288330078125">
        <ele>11</ele>
        <time>2025-03-10T11:56:47.000Z</time>
        <extensions>
          <ns3:TrackPointExtension>
            <ns3:hr>132</ns3:hr>
          </ns3:TrackPointExtension>
        </extensions>
      </trkpt>
      <trkpt lat="51.75987205468118190765380859375" lon="5.59428401291370391845703125">
        <ele>11.6000003814697265625</ele>
        <time>2025-03-10T11:56:52.000Z</time>
        <extensions>
          <ns3:TrackPointExtension>
            <ns3:hr>129</ns3:hr>
          </ns3:TrackPointExtension>
        </extensions>
      </trkpt>
      <trkpt lat="51.7598766647279262542724609375" lon="5.59430052526295185089111328125">
        <ele>11.6000003814697265625</ele>
        <time>2025-03-10T11:56:54.000Z</time>
        <extensions>
          <ns3:TrackPointExtension>
            <ns3:hr>127</ns3:hr>
          </ns3:TrackPointExtension>
        </extensions>
      </trkpt>
      <trkpt lat="51.75988077186048030853271484375" lon="5.59429247863590717315673828125">
        <ele>11.6000003814697265625</ele>
        <time>2025-03-10T11:56:59.000Z</time>
        <extensions>
          <ns3:TrackPointExtension>
            <ns3:hr>127</ns3:hr>
          </ns3:TrackPointExtension>
        </extensions>
      </trkpt>
      <trkpt lat="51.759891249239444732666015625" lon="5.5943160317838191986083984375">
        <ele>11.3999996185302734375</ele>
        <time>2025-03-10T11:57:03.000Z</time>
        <extensions>
          <ns3:TrackPointExtension>
            <ns3:hr>130</ns3:hr>
          </ns3:TrackPointExtension>
        </extensions>
      </trkpt>
      <trkpt lat="51.7599041573703289031982421875" lon="5.59432416222989559173583984375">
        <ele>11.19999980926513671875</ele>
        <time>2025-03-10T11:57:05.000Z</time>
        <extensions>
          <ns3:TrackPointExtension>
            <ns3:hr>128</ns3:hr>
          </ns3:TrackPointExtension>
        </extensions>
      </trkpt>
      <trkpt lat="51.75992435775697231292724609375" lon="5.594344697892665863037109375">
        <ele>10.80000019073486328125</ele>
        <time>2025-03-10T11:57:13.000Z</time>
        <extensions>
          <ns3:TrackPointExtension>
            <ns3:hr>127</ns3:hr>
          </ns3:TrackPointExtension>
        </extensions>
      </trkpt>
      <trkpt lat="51.7599457316100597381591796875" lon="5.59434662573039531707763671875">
        <ele>11.3999996185302734375</ele>
        <time>2025-03-10T11:57:22.000Z</time>
        <extensions>
          <ns3:TrackPointExtension>
            <ns3:hr>130</ns3:hr>
          </ns3:TrackPointExtension>
        </extensions>
      </trkpt>
      <trkpt lat="51.759950928390026092529296875" lon="5.59435735456645488739013671875">
        <ele>11.3999996185302734375</ele>
        <time>2025-03-10T11:57:23.000Z</time>
        <extensions>
          <ns3:TrackPointExtension>
            <ns3:hr>129</ns3:hr>
          </ns3:TrackPointExtension>
        </extensions>
      </trkpt>
      <trkpt lat="51.75997951067984104156494140625" lon="5.594403035938739776611328125">
        <ele>10.6000003814697265625</ele>
        <time>2025-03-10T11:57:27.000Z</time>
        <extensions>
          <ns3:TrackPointExtension>
            <ns3:hr>128</ns3:hr>
          </ns3:TrackPointExtension>
        </extensions>
      </trkpt>
      <trkpt lat="51.76001572050154209136962890625" lon="5.5944853462278842926025390625">
        <ele>11.19999980926513671875</ele>
        <time>2025-03-10T11:57:33.000Z</time>
        <extensions>
          <ns3:TrackPointExtension>
            <ns3:hr>130</ns3:hr>
          </ns3:TrackPointExtension>
        </extensions>
      </trkpt>
      <trkpt lat="51.7600211687386035919189453125" lon="5.59450454078614711761474609375">
        <ele>12.19999980926513671875</ele>
        <time>2025-03-10T11:57:39.000Z</time>
        <extensions>
          <ns3:TrackPointExtension>
            <ns3:hr>129</ns3:hr>
          </ns3:TrackPointExtension>
        </extensions>
      </trkpt>
      <trkpt lat="51.760031394660472869873046875" lon="5.59453345835208892822265625">
        <ele>12.19999980926513671875</ele>
        <time>2025-03-10T11:57:42.000Z</time>
        <extensions>
          <ns3:TrackPointExtension>
            <ns3:hr>132</ns3:hr>
          </ns3:TrackPointExtension>
        </extensions>
      </trkpt>
      <trkpt lat="51.760038435459136962890625" lon="5.59454309754073619842529296875">
        <ele>12</ele>
        <time>2025-03-10T11:57:44.000Z</time>
        <extensions>
          <ns3:TrackPointExtension>
            <ns3:hr>136</ns3:hr>
          </ns3:TrackPointExtension>
        </extensions>
      </trkpt>
      <trkpt lat="51.76004170440137386322021484375" lon="5.5945403315126895904541015625">
        <ele>11.80000019073486328125</ele>
        <time>2025-03-10T11:57:46.000Z</time>
        <extensions>
          <ns3:TrackPointExtension>
            <ns3:hr>141</ns3:hr>
          </ns3:TrackPointExtension>
        </extensions>
      </trkpt>
      <trkpt lat="51.76006433553993701934814453125" lon="5.594575703144073486328125">
        <ele>11.80000019073486328125</ele>
        <time>2025-03-10T11:57:49.000Z</time>
        <extensions>
          <ns3:TrackPointExtension>
            <ns3:hr>141</ns3:hr>
          </ns3:TrackPointExtension>
        </extensions>
      </trkpt>
      <trkpt lat="51.76009048707783222198486328125" lon="5.59460830874741077423095703125">
        <ele>11.3999996185302734375</ele>
        <time>2025-03-10T11:57:54.000Z</time>
        <extensions>
          <ns3:TrackPointExtension>
            <ns3:hr>142</ns3:hr>
          </ns3:TrackPointExtension>
        </extensions>
      </trkpt>
      <trkpt lat="51.76011630333960056304931640625" lon="5.59468056075274944305419921875">
        <ele>11.3999996185302734375</ele>
        <time>2025-03-10T11:58:00.000Z</time>
        <extensions>
          <ns3:TrackPointExtension>
            <ns3:hr>144</ns3:hr>
          </ns3:TrackPointExtension>
        </extensions>
      </trkpt>
      <trkpt lat="51.76012988202273845672607421875" lon="5.59472448192536830902099609375">
        <ele>11.3999996185302734375</ele>
        <time>2025-03-10T11:58:04.000Z</time>
        <extensions>
          <ns3:TrackPointExtension>
            <ns3:hr>146</ns3:hr>
          </ns3:TrackPointExtension>
        </extensions>
      </trkpt>
      <trkpt lat="51.76013206131756305694580078125" lon="5.59474057517945766448974609375">
        <ele>11.3999996185302734375</ele>
        <time>2025-03-10T11:58:05.000Z</time>
        <extensions>
          <ns3:TrackPointExtension>
            <ns3:hr>146</ns3:hr>
          </ns3:TrackPointExtension>
        </extensions>
      </trkpt>
      <trkpt lat="51.76014966331422328948974609375" lon="5.5948008410632610321044921875">
        <ele>11.6000003814697265625</ele>
        <time>2025-03-10T11:58:10.000Z</time>
        <extensions>
          <ns3:TrackPointExtension>
            <ns3:hr>146</ns3:hr>
          </ns3:TrackPointExtension>
        </extensions>
      </trkpt>
      <trkpt lat="51.76015955395996570587158203125" lon="5.5948169343173503875732421875">
        <ele>11.6000003814697265625</ele>
        <time>2025-03-10T11:58:12.000Z</time>
        <extensions>
          <ns3:TrackPointExtension>
            <ns3:hr>146</ns3:hr>
          </ns3:TrackPointExtension>
        </extensions>
      </trkpt>
      <trkpt lat="51.760171540081501007080078125" lon="5.59485934674739837646484375">
        <ele>11.19999980926513671875</ele>
        <time>2025-03-10T11:58:15.000Z</time>
        <extensions>
          <ns3:TrackPointExtension>
            <ns3:hr>146</ns3:hr>
          </ns3:TrackPointExtension>
        </extensions>
      </trkpt>
      <trkpt lat="51.7601787485182285308837890625" lon="5.5948943831026554107666015625">
        <ele>11</ele>
        <time>2025-03-10T11:58:18.000Z</time>
        <extensions>
          <ns3:TrackPointExtension>
            <ns3:hr>145</ns3:hr>
          </ns3:TrackPointExtension>
        </extensions>
      </trkpt>
      <trkpt lat="51.76019408740103244781494140625" lon="5.5948554910719394683837890625">
        <ele>12</ele>
        <time>2025-03-10T11:58:25.000Z</time>
        <extensions>
          <ns3:TrackPointExtension>
            <ns3:hr>143</ns3:hr>
          </ns3:TrackPointExtension>
        </extensions>
      </trkpt>
      <trkpt lat="51.7602095939218997955322265625" lon="5.59491760097444057464599609375">
        <ele>11.80000019073486328125</ele>
        <time>2025-03-10T11:58:28.000Z</time>
        <extensions>
          <ns3:TrackPointExtension>
            <ns3:hr>142</ns3:hr>
          </ns3:TrackPointExtension>
        </extensions>
      </trkpt>
      <trkpt lat="51.7602307163178920745849609375" lon="5.59498867951333522796630859375">
        <ele>11.19999980926513671875</ele>
        <time>2025-03-10T11:58:33.000Z</time>
        <extensions>
          <ns3:TrackPointExtension>
            <ns3:hr>141</ns3:hr>
          </ns3:TrackPointExtension>
        </extensions>
      </trkpt>
      <trkpt lat="51.76024169661104679107666015625" lon="5.595005191862583160400390625">
        <ele>11.19999980926513671875</ele>
        <time>2025-03-10T11:58:36.000Z</time>
        <extensions>
          <ns3:TrackPointExtension>
            <ns3:hr>143</ns3:hr>
          </ns3:TrackPointExtension>
        </extensions>
      </trkpt>
      <trkpt lat="51.76025996915996074676513671875" lon="5.595040060579776763916015625">
        <ele>11.3999996185302734375</ele>
        <time>2025-03-10T11:58:39.000Z</time>
        <extensions>
          <ns3:TrackPointExtension>
            <ns3:hr>145</ns3:hr>
          </ns3:TrackPointExtension>
        </extensions>
      </trkpt>
      <trkpt lat="51.76029098220169544219970703125" lon="5.5951082892715930938720703125">
        <ele>11.6000003814697265625</ele>
        <time>2025-03-10T11:58:44.000Z</time>
        <extensions>
          <ns3:TrackPointExtension>
            <ns3:hr>147</ns3:hr>
          </ns3:TrackPointExtension>
        </extensions>
      </trkpt>
      <trkpt lat="51.76029215566813945770263671875" lon="5.59512044303119182586669921875">
        <ele>11.80000019073486328125</ele>
        <time>2025-03-10T11:58:45.000Z</time>
        <extensions>
          <ns3:TrackPointExtension>
            <ns3:hr>147</ns3:hr>
          </ns3:TrackPointExtension>
        </extensions>
      </trkpt>
      <trkpt lat="51.760309673845767974853515625" lon="5.59516671113669872283935546875">
        <ele>12.19999980926513671875</ele>
        <time>2025-03-10T11:58:50.000Z</time>
        <extensions>
          <ns3:TrackPointExtension>
            <ns3:hr>147</ns3:hr>
          </ns3:TrackPointExtension>
        </extensions>
      </trkpt>
      <trkpt lat="51.76032015122473239898681640625" lon="5.5951778590679168701171875">
        <ele>12.19999980926513671875</ele>
        <time>2025-03-10T11:58:51.000Z</time>
        <extensions>
          <ns3:TrackPointExtension>
            <ns3:hr>147</ns3:hr>
          </ns3:TrackPointExtension>
        </extensions>
      </trkpt>
      <trkpt lat="51.76034890115261077880859375" lon="5.59522890485823154449462890625">
        <ele>12</ele>
        <time>2025-03-10T11:58:56.000Z</time>
        <extensions>
          <ns3:TrackPointExtension>
            <ns3:hr>146</ns3:hr>
          </ns3:TrackPointExtension>
        </extensions>
      </trkpt>
      <trkpt lat="51.760349236428737640380859375" lon="5.59524432756006717681884765625">
        <ele>12</ele>
        <time>2025-03-10T11:58:57.000Z</time>
        <extensions>
          <ns3:TrackPointExtension>
            <ns3:hr>146</ns3:hr>
          </ns3:TrackPointExtension>
        </extensions>
      </trkpt>
      <trkpt lat="51.76036926917731761932373046875" lon="5.59526176191866397857666015625">
        <ele>12</ele>
        <time>2025-03-10T11:58:59.000Z</time>
        <extensions>
          <ns3:TrackPointExtension>
            <ns3:hr>146</ns3:hr>
          </ns3:TrackPointExtension>
        </extensions>
      </trkpt>
      <trkpt lat="51.7603876255452632904052734375" lon="5.595285482704639434814453125">
        <ele>12.19999980926513671875</ele>
        <time>2025-03-10T11:59:02.000Z</time>
        <extensions>
          <ns3:TrackPointExtension>
            <ns3:hr>146</ns3:hr>
          </ns3:TrackPointExtension>
        </extensions>
      </trkpt>
      <trkpt lat="51.76038376986980438232421875" lon="5.595299899578094482421875">
        <ele>12.6000003814697265625</ele>
        <time>2025-03-10T11:59:09.000Z</time>
        <extensions>
          <ns3:TrackPointExtension>
            <ns3:hr>147</ns3:hr>
          </ns3:TrackPointExtension>
        </extensions>
      </trkpt>
      <trkpt lat="51.760412938892841339111328125" lon="5.59535094536840915679931640625">
        <ele>12.19999980926513671875</ele>
        <time>2025-03-10T11:59:15.000Z</time>
        <extensions>
          <ns3:TrackPointExtension>
            <ns3:hr>147</ns3:hr>
          </ns3:TrackPointExtension>
        </extensions>
      </trkpt>
      <trkpt lat="51.76048343069851398468017578125" lon="5.59541590511798858642578125">
        <ele>11.3999996185302734375</ele>
        <time>2025-03-10T11:59:22.000Z</time>
        <extensions>
          <ns3:TrackPointExtension>
            <ns3:hr>148</ns3:hr>
          </ns3:TrackPointExtension>
        </extensions>
      </trkpt>
      <trkpt lat="51.76049642264842987060546875" lon="5.5954273045063018798828125">
        <ele>11.19999980926513671875</ele>
        <time>2025-03-10T11:59:23.000Z</time>
        <extensions>
          <ns3:TrackPointExtension>
            <ns3:hr>149</ns3:hr>
          </ns3:TrackPointExtension>
        </extensions>
      </trkpt>
      <trkpt lat="51.76053372211754322052001953125" lon="5.595460832118988037109375">
        <ele>10.80000019073486328125</ele>
        <time>2025-03-10T11:59:28.000Z</time>
        <extensions>
          <ns3:TrackPointExtension>
            <ns3:hr>150</ns3:hr>
          </ns3:TrackPointExtension>
        </extensions>
      </trkpt>
      <trkpt lat="51.76054176874458789825439453125" lon="5.5954764224588871002197265625">
        <ele>10.80000019073486328125</ele>
        <time>2025-03-10T11:59:29.000Z</time>
        <extensions>
          <ns3:TrackPointExtension>
            <ns3:hr>150</ns3:hr>
          </ns3:TrackPointExtension>
        </extensions>
      </trkpt>
      <trkpt lat="51.7605596221983432769775390625" lon="5.59552252292633056640625">
        <ele>10.6000003814697265625</ele>
        <time>2025-03-10T11:59:32.000Z</time>
        <extensions>
          <ns3:TrackPointExtension>
            <ns3:hr>150</ns3:hr>
          </ns3:TrackPointExtension>
        </extensions>
      </trkpt>
      <trkpt lat="51.76057244651019573211669921875" lon="5.59556837193667888641357421875">
        <ele>10.6000003814697265625</ele>
        <time>2025-03-10T11:59:35.000Z</time>
        <extensions>
          <ns3:TrackPointExtension>
            <ns3:hr>146</ns3:hr>
          </ns3:TrackPointExtension>
        </extensions>
      </trkpt>
      <trkpt lat="51.76057688891887664794921875" lon="5.59561313129961490631103515625">
        <ele>10.6000003814697265625</ele>
        <time>2025-03-10T11:59:38.000Z</time>
        <extensions>
          <ns3:TrackPointExtension>
            <ns3:hr>146</ns3:hr>
          </ns3:TrackPointExtension>
        </extensions>
      </trkpt>
      <trkpt lat="51.76057194359600543975830078125" lon="5.59569996781647205352783203125">
        <ele>10.6000003814697265625</ele>
        <time>2025-03-10T11:59:44.000Z</time>
        <extensions>
          <ns3:TrackPointExtension>
            <ns3:hr>147</ns3:hr>
          </ns3:TrackPointExtension>
        </extensions>
      </trkpt>
      <trkpt lat="51.76058418117463588714599609375" lon="5.59576970525085926055908203125">
        <ele>10.6000003814697265625</ele>
        <time>2025-03-10T11:59:49.000Z</time>
        <extensions>
          <ns3:TrackPointExtension>
            <ns3:hr>147</ns3:hr>
          </ns3:TrackPointExtension>
        </extensions>
      </trkpt>
      <trkpt lat="51.76058351062238216400146484375" lon="5.59578898362815380096435546875">
        <ele>10.6000003814697265625</ele>
        <time>2025-03-10T11:59:50.000Z</time>
        <extensions>
          <ns3:TrackPointExtension>
            <ns3:hr>146</ns3:hr>
          </ns3:TrackPointExtension>
        </extensions>
      </trkpt>
      <trkpt lat="51.76058770157396793365478515625" lon="5.59585352428257465362548828125">
        <ele>10.6000003814697265625</ele>
        <time>2025-03-10T11:59:54.000Z</time>
        <extensions>
          <ns3:TrackPointExtension>
            <ns3:hr>146</ns3:hr>
          </ns3:TrackPointExtension>
        </extensions>
      </trkpt>
      <trkpt lat="51.7606085725128650665283203125" lon="5.5959250219166278839111328125">
        <ele>11</ele>
        <time>2025-03-10T12:00:00.000Z</time>
        <extensions>
          <ns3:TrackPointExtension>
            <ns3:hr>145</ns3:hr>
          </ns3:TrackPointExtension>
        </extensions>
      </trkpt>
      <trkpt lat="51.76061921752989292144775390625" lon="5.59596232138574123382568359375">
        <ele>11</ele>
        <time>2025-03-10T12:00:04.000Z</time>
        <extensions>
          <ns3:TrackPointExtension>
            <ns3:hr>145</ns3:hr>
          </ns3:TrackPointExtension>
        </extensions>
      </trkpt>
      <trkpt lat="51.7606193013489246368408203125" lon="5.5959679372608661651611328125">
        <ele>11</ele>
        <time>2025-03-10T12:00:06.000Z</time>
        <extensions>
          <ns3:TrackPointExtension>
            <ns3:hr>145</ns3:hr>
          </ns3:TrackPointExtension>
        </extensions>
      </trkpt>
      <trkpt lat="51.7606246657669544219970703125" lon="5.5959779955446720123291015625">
        <ele>11</ele>
        <time>2025-03-10T12:00:07.000Z</time>
        <extensions>
          <ns3:TrackPointExtension>
            <ns3:hr>145</ns3:hr>
          </ns3:TrackPointExtension>
        </extensions>
      </trkpt>
      <trkpt lat="51.76065408624708652496337890625" lon="5.59600909240543842315673828125">
        <ele>11.19999980926513671875</ele>
        <time>2025-03-10T12:00:11.000Z</time>
        <extensions>
          <ns3:TrackPointExtension>
            <ns3:hr>143</ns3:hr>
          </ns3:TrackPointExtension>
        </extensions>
      </trkpt>
      <trkpt lat="51.7606950737535953521728515625" lon="5.596059300005435943603515625">
        <ele>11.19999980926513671875</ele>
        <time>2025-03-10T12:00:16.000Z</time>
        <extensions>
          <ns3:TrackPointExtension>
            <ns3:hr>142</ns3:hr>
          </ns3:TrackPointExtension>
        </extensions>
      </trkpt>
      <trkpt lat="51.76072063855826854705810546875" lon="5.5961191467940807342529296875">
        <ele>11.19999980926513671875</ele>
        <time>2025-03-10T12:00:21.000Z</time>
        <extensions>
          <ns3:TrackPointExtension>
            <ns3:hr>142</ns3:hr>
          </ns3:TrackPointExtension>
        </extensions>
      </trkpt>
      <trkpt lat="51.760706640779972076416015625" lon="5.596194751560688018798828125">
        <ele>11</ele>
        <time>2025-03-10T12:00:26.000Z</time>
        <extensions>
          <ns3:TrackPointExtension>
            <ns3:hr>139</ns3:hr>
          </ns3:TrackPointExtension>
        </extensions>
      </trkpt>
      <trkpt lat="51.7607034556567668914794921875" lon="5.5961962603032588958740234375">
        <ele>11</ele>
        <time>2025-03-10T12:00:28.000Z</time>
        <extensions>
          <ns3:TrackPointExtension>
            <ns3:hr>136</ns3:hr>
          </ns3:TrackPointExtension>
        </extensions>
      </trkpt>
      <trkpt lat="51.76070622168481349945068359375" lon="5.596205480396747589111328125">
        <ele>11</ele>
        <time>2025-03-10T12:00:29.000Z</time>
        <extensions>
          <ns3:TrackPointExtension>
            <ns3:hr>136</ns3:hr>
          </ns3:TrackPointExtension>
        </extensions>
      </trkpt>
      <trkpt lat="51.76072617061436176300048828125" lon="5.596236325800418853759765625">
        <ele>11</ele>
        <time>2025-03-10T12:00:33.000Z</time>
        <extensions>
          <ns3:TrackPointExtension>
            <ns3:hr>137</ns3:hr>
          </ns3:TrackPointExtension>
        </extensions>
      </trkpt>
      <trkpt lat="51.76073924638330936431884765625" lon="5.5962763912975788116455078125">
        <ele>11.19999980926513671875</ele>
        <time>2025-03-10T12:00:39.000Z</time>
        <extensions>
          <ns3:TrackPointExtension>
            <ns3:hr>140</ns3:hr>
          </ns3:TrackPointExtension>
        </extensions>
      </trkpt>
      <trkpt lat="51.76073689945042133331298828125" lon="5.5962750501930713653564453125">
        <ele>11.3999996185302734375</ele>
        <time>2025-03-10T12:00:40.000Z</time>
        <extensions>
          <ns3:TrackPointExtension>
            <ns3:hr>140</ns3:hr>
          </ns3:TrackPointExtension>
        </extensions>
      </trkpt>
      <trkpt lat="51.760738156735897064208984375" lon="5.5962395109236240386962890625">
        <ele>11.3999996185302734375</ele>
        <time>2025-03-10T12:00:43.000Z</time>
        <extensions>
          <ns3:TrackPointExtension>
            <ns3:hr>140</ns3:hr>
          </ns3:TrackPointExtension>
        </extensions>
      </trkpt>
      <trkpt lat="51.760736815631389617919921875" lon="5.5962453782558441162109375">
        <ele>11.19999980926513671875</ele>
        <time>2025-03-10T12:00:46.000Z</time>
        <extensions>
          <ns3:TrackPointExtension>
            <ns3:hr>141</ns3:hr>
          </ns3:TrackPointExtension>
        </extensions>
      </trkpt>
      <trkpt lat="51.7607577703893184661865234375" lon="5.59630279429256916046142578125">
        <ele>10.6000003814697265625</ele>
        <time>2025-03-10T12:00:51.000Z</time>
        <extensions>
          <ns3:TrackPointExtension>
            <ns3:hr>143</ns3:hr>
          </ns3:TrackPointExtension>
        </extensions>
      </trkpt>
      <trkpt lat="51.76076992414891719818115234375" lon="5.5963736213743686676025390625">
        <ele>10.6000003814697265625</ele>
        <time>2025-03-10T12:00:57.000Z</time>
        <extensions>
          <ns3:TrackPointExtension>
            <ns3:hr>143</ns3:hr>
          </ns3:TrackPointExtension>
        </extensions>
      </trkpt>
      <trkpt lat="51.76076330244541168212890625" lon="5.5963893793523311614990234375">
        <ele>10.6000003814697265625</ele>
        <time>2025-03-10T12:01:04.000Z</time>
        <extensions>
          <ns3:TrackPointExtension>
            <ns3:hr>144</ns3:hr>
          </ns3:TrackPointExtension>
        </extensions>
      </trkpt>
      <trkpt lat="51.7607988417148590087890625" lon="5.596418045461177825927734375">
        <ele>10.6000003814697265625</ele>
        <time>2025-03-10T12:01:09.000Z</time>
        <extensions>
          <ns3:TrackPointExtension>
            <ns3:hr>143</ns3:hr>
          </ns3:TrackPointExtension>
        </extensions>
      </trkpt>
      <trkpt lat="51.76083865575492382049560546875" lon="5.5964574404060840606689453125">
        <ele>10.3999996185302734375</ele>
        <time>2025-03-10T12:01:14.000Z</time>
        <extensions>
          <ns3:TrackPointExtension>
            <ns3:hr>144</ns3:hr>
          </ns3:TrackPointExtension>
        </extensions>
      </trkpt>
      <trkpt lat="51.76087997853755950927734375" lon="5.59654486365616321563720703125">
        <ele>10.3999996185302734375</ele>
        <time>2025-03-10T12:01:20.000Z</time>
        <extensions>
          <ns3:TrackPointExtension>
            <ns3:hr>144</ns3:hr>
          </ns3:TrackPointExtension>
        </extensions>
      </trkpt>
      <trkpt lat="51.7608875222504138946533203125" lon="5.59658442623913288116455078125">
        <ele>10.3999996185302734375</ele>
        <time>2025-03-10T12:01:24.000Z</time>
        <extensions>
          <ns3:TrackPointExtension>
            <ns3:hr>144</ns3:hr>
          </ns3:TrackPointExtension>
        </extensions>
      </trkpt>
      <trkpt lat="51.76090277731418609619140625" lon="5.59661191888153553009033203125">
        <ele>10.3999996185302734375</ele>
        <time>2025-03-10T12:01:26.000Z</time>
        <extensions>
          <ns3:TrackPointExtension>
            <ns3:hr>143</ns3:hr>
          </ns3:TrackPointExtension>
        </extensions>
      </trkpt>
      <trkpt lat="51.76093622110784053802490234375" lon="5.5966995097696781158447265625">
        <ele>10.3999996185302734375</ele>
        <time>2025-03-10T12:01:33.000Z</time>
        <extensions>
          <ns3:TrackPointExtension>
            <ns3:hr>143</ns3:hr>
          </ns3:TrackPointExtension>
        </extensions>
      </trkpt>
      <trkpt lat="51.76094829104840755462646484375" lon="5.59683135710656642913818359375">
        <ele>10.3999996185302734375</ele>
        <time>2025-03-10T12:01:40.000Z</time>
        <extensions>
          <ns3:TrackPointExtension>
            <ns3:hr>141</ns3:hr>
          </ns3:TrackPointExtension>
        </extensions>
      </trkpt>
      <trkpt lat="51.7609552480280399322509765625" lon="5.5968892760574817657470703125">
        <ele>10.19999980926513671875</ele>
        <time>2025-03-10T12:01:44.000Z</time>
        <extensions>
          <ns3:TrackPointExtension>
            <ns3:hr>141</ns3:hr>
          </ns3:TrackPointExtension>
        </extensions>
      </trkpt>
      <trkpt lat="51.76095264963805675506591796875" lon="5.596923641860485076904296875">
        <ele>10.19999980926513671875</ele>
        <time>2025-03-10T12:01:46.000Z</time>
        <extensions>
          <ns3:TrackPointExtension>
            <ns3:hr>141</ns3:hr>
          </ns3:TrackPointExtension>
        </extensions>
      </trkpt>
      <trkpt lat="51.76095080561935901641845703125" lon="5.5970237217843532562255859375">
        <ele>10.3999996185302734375</ele>
        <time>2025-03-10T12:01:52.000Z</time>
        <extensions>
          <ns3:TrackPointExtension>
            <ns3:hr>140</ns3:hr>
          </ns3:TrackPointExtension>
        </extensions>
      </trkpt>
      <trkpt lat="51.76095415838062763214111328125" lon="5.59710913337767124176025390625">
        <ele>10.3999996185302734375</ele>
        <time>2025-03-10T12:01:58.000Z</time>
        <extensions>
          <ns3:TrackPointExtension>
            <ns3:hr>137</ns3:hr>
          </ns3:TrackPointExtension>
        </extensions>
      </trkpt>
      <trkpt lat="51.76095642149448394775390625" lon="5.59713117778301239013671875">
        <ele>10.3999996185302734375</ele>
        <time>2025-03-10T12:01:59.000Z</time>
        <extensions>
          <ns3:TrackPointExtension>
            <ns3:hr>137</ns3:hr>
          </ns3:TrackPointExtension>
        </extensions>
      </trkpt>
      <trkpt lat="51.76096086390316486358642578125" lon="5.597172081470489501953125">
        <ele>10.6000003814697265625</ele>
        <time>2025-03-10T12:02:04.000Z</time>
        <extensions>
          <ns3:TrackPointExtension>
            <ns3:hr>139</ns3:hr>
          </ns3:TrackPointExtension>
        </extensions>
      </trkpt>
      <trkpt lat="51.76098098047077655792236328125" lon="5.59724240563809871673583984375">
        <ele>10.80000019073486328125</ele>
        <time>2025-03-10T12:02:10.000Z</time>
        <extensions>
          <ns3:TrackPointExtension>
            <ns3:hr>140</ns3:hr>
          </ns3:TrackPointExtension>
        </extensions>
      </trkpt>
      <trkpt lat="51.76099623553454875946044921875" lon="5.5973378755152225494384765625">
        <ele>10.19999980926513671875</ele>
        <time>2025-03-10T12:02:16.000Z</time>
        <extensions>
          <ns3:TrackPointExtension>
            <ns3:hr>144</ns3:hr>
          </ns3:TrackPointExtension>
        </extensions>
      </trkpt>
      <trkpt lat="51.76099958829581737518310546875" lon="5.59737869538366794586181640625">
        <ele>10</ele>
        <time>2025-03-10T12:02:18.000Z</time>
        <extensions>
          <ns3:TrackPointExtension>
            <ns3:hr>147</ns3:hr>
          </ns3:TrackPointExtension>
        </extensions>
      </trkpt>
      <trkpt lat="51.76101274788379669189453125" lon="5.59742898680269718170166015625">
        <ele>10</ele>
        <time>2025-03-10T12:02:22.000Z</time>
        <extensions>
          <ns3:TrackPointExtension>
            <ns3:hr>149</ns3:hr>
          </ns3:TrackPointExtension>
        </extensions>
      </trkpt>
      <trkpt lat="51.761021800339221954345703125" lon="5.59743753634393215179443359375">
        <ele>10.19999980926513671875</ele>
        <time>2025-03-10T12:02:23.000Z</time>
        <extensions>
          <ns3:TrackPointExtension>
            <ns3:hr>150</ns3:hr>
          </ns3:TrackPointExtension>
        </extensions>
      </trkpt>
      <trkpt lat="51.7610518075525760650634765625" lon="5.597518421709537506103515625">
        <ele>9.80000019073486328125</ele>
        <time>2025-03-10T12:02:28.000Z</time>
        <extensions>
          <ns3:TrackPointExtension>
            <ns3:hr>150</ns3:hr>
          </ns3:TrackPointExtension>
        </extensions>
      </trkpt>
      <trkpt lat="51.76108156330883502960205078125" lon="5.59757508337497711181640625">
        <ele>10</ele>
        <time>2025-03-10T12:02:34.000Z</time>
        <extensions>
          <ns3:TrackPointExtension>
            <ns3:hr>150</ns3:hr>
          </ns3:TrackPointExtension>
        </extensions>
      </trkpt>
      <trkpt lat="51.76111056469380855560302734375" lon="5.597645156085491180419921875">
        <ele>10</ele>
        <time>2025-03-10T12:02:40.000Z</time>
        <extensions>
          <ns3:TrackPointExtension>
            <ns3:hr>152</ns3:hr>
          </ns3:TrackPointExtension>
        </extensions>
      </trkpt>
      <trkpt lat="51.7611098103225231170654296875" lon="5.59765529818832874298095703125">
        <ele>11</ele>
        <time>2025-03-10T12:02:47.000Z</time>
        <extensions>
          <ns3:TrackPointExtension>
            <ns3:hr>152</ns3:hr>
          </ns3:TrackPointExtension>
        </extensions>
      </trkpt>
      <trkpt lat="51.7611155100166797637939453125" lon="5.5976607464253902435302734375">
        <ele>11.19999980926513671875</ele>
        <time>2025-03-10T12:02:49.000Z</time>
        <extensions>
          <ns3:TrackPointExtension>
            <ns3:hr>151</ns3:hr>
          </ns3:TrackPointExtension>
        </extensions>
      </trkpt>
      <trkpt lat="51.7611245624721050262451171875" lon="5.5976832099258899688720703125">
        <ele>11.19999980926513671875</ele>
        <time>2025-03-10T12:02:54.000Z</time>
        <extensions>
          <ns3:TrackPointExtension>
            <ns3:hr>148</ns3:hr>
          </ns3:TrackPointExtension>
        </extensions>
      </trkpt>
      <trkpt lat="51.7611228860914707183837890625" lon="5.59768731705844402313232421875">
        <ele>11.19999980926513671875</ele>
        <time>2025-03-10T12:02:56.000Z</time>
        <extensions>
          <ns3:TrackPointExtension>
            <ns3:hr>148</ns3:hr>
          </ns3:TrackPointExtension>
        </extensions>
      </trkpt>
      <trkpt lat="51.76110872067511081695556640625" lon="5.5976937711238861083984375">
        <ele>10.6000003814697265625</ele>
        <time>2025-03-10T12:03:02.000Z</time>
        <extensions>
          <ns3:TrackPointExtension>
            <ns3:hr>146</ns3:hr>
          </ns3:TrackPointExtension>
        </extensions>
      </trkpt>
      <trkpt lat="51.76110838539898395538330078125" lon="5.597676001489162445068359375">
        <ele>10.6000003814697265625</ele>
        <time>2025-03-10T12:03:11.000Z</time>
        <extensions>
          <ns3:TrackPointExtension>
            <ns3:hr>146</ns3:hr>
          </ns3:TrackPointExtension>
        </extensions>
      </trkpt>
      <trkpt lat="51.761100590229034423828125" lon="5.597755126655101776123046875">
        <ele>10</ele>
        <time>2025-03-10T12:03:19.000Z</time>
        <extensions>
          <ns3:TrackPointExtension>
            <ns3:hr>144</ns3:hr>
          </ns3:TrackPointExtension>
        </extensions>
      </trkpt>
      <trkpt lat="51.7610967345535755157470703125" lon="5.597791336476802825927734375">
        <ele>9.80000019073486328125</ele>
        <time>2025-03-10T12:03:23.000Z</time>
        <extensions>
          <ns3:TrackPointExtension>
            <ns3:hr>147</ns3:hr>
          </ns3:TrackPointExtension>
        </extensions>
      </trkpt>
      <trkpt lat="51.76109883002936840057373046875" lon="5.59779913164675235748291015625">
        <ele>9.80000019073486328125</ele>
        <time>2025-03-10T12:03:25.000Z</time>
        <extensions>
          <ns3:TrackPointExtension>
            <ns3:hr>149</ns3:hr>
          </ns3:TrackPointExtension>
        </extensions>
      </trkpt>
      <trkpt lat="51.76109732128679752349853515625" lon="5.59785931371152400970458984375">
        <ele>9.80000019073486328125</ele>
        <time>2025-03-10T12:03:28.000Z</time>
        <extensions>
          <ns3:TrackPointExtension>
            <ns3:hr>146</ns3:hr>
          </ns3:TrackPointExtension>
        </extensions>
      </trkpt>
      <trkpt lat="51.76109530963003635406494140625" lon="5.5978749878704547882080078125">
        <ele>9.80000019073486328125</ele>
        <time>2025-03-10T12:03:29.000Z</time>
        <extensions>
          <ns3:TrackPointExtension>
            <ns3:hr>145</ns3:hr>
          </ns3:TrackPointExtension>
        </extensions>
      </trkpt>
      <trkpt lat="51.7610930465161800384521484375" lon="5.59795193374156951904296875">
        <ele>10</ele>
        <time>2025-03-10T12:03:35.000Z</time>
        <extensions>
          <ns3:TrackPointExtension>
            <ns3:hr>143</ns3:hr>
          </ns3:TrackPointExtension>
        </extensions>
      </trkpt>
      <trkpt lat="51.76109028048813343048095703125" lon="5.597999207675457000732421875">
        <ele>9.80000019073486328125</ele>
        <time>2025-03-10T12:03:40.000Z</time>
        <extensions>
          <ns3:TrackPointExtension>
            <ns3:hr>144</ns3:hr>
          </ns3:TrackPointExtension>
        </extensions>
      </trkpt>
      <trkpt lat="51.7610917054116725921630859375" lon="5.598011277616024017333984375">
        <ele>9.80000019073486328125</ele>
        <time>2025-03-10T12:03:41.000Z</time>
        <extensions>
          <ns3:TrackPointExtension>
            <ns3:hr>150</ns3:hr>
          </ns3:TrackPointExtension>
        </extensions>
      </trkpt>
      <trkpt lat="51.761089861392974853515625" lon="5.5980842001736164093017578125">
        <ele>9.3999996185302734375</ele>
        <time>2025-03-10T12:03:45.000Z</time>
        <extensions>
          <ns3:TrackPointExtension>
            <ns3:hr>150</ns3:hr>
          </ns3:TrackPointExtension>
        </extensions>
      </trkpt>
      <trkpt lat="51.76108508370816707611083984375" lon="5.5980848707258701324462890625">
        <ele>9.3999996185302734375</ele>
        <time>2025-03-10T12:03:46.000Z</time>
        <extensions>
          <ns3:TrackPointExtension>
            <ns3:hr>147</ns3:hr>
          </ns3:TrackPointExtension>
        </extensions>
      </trkpt>
      <trkpt lat="51.76107904873788356781005859375" lon="5.5980848707258701324462890625">
        <ele>9.6000003814697265625</ele>
        <time>2025-03-10T12:03:47.000Z</time>
        <extensions>
          <ns3:TrackPointExtension>
            <ns3:hr>143</ns3:hr>
          </ns3:TrackPointExtension>
        </extensions>
      </trkpt>
      <trkpt lat="51.761078797280788421630859375" lon="5.5981029756367206573486328125">
        <ele>9.80000019073486328125</ele>
        <time>2025-03-10T12:03:50.000Z</time>
        <extensions>
          <ns3:TrackPointExtension>
            <ns3:hr>141</ns3:hr>
          </ns3:TrackPointExtension>
        </extensions>
      </trkpt>
      <trkpt lat="51.76111576147377490997314453125" lon="5.59808948077261447906494140625">
        <ele>10.3999996185302734375</ele>
        <time>2025-03-10T12:03:58.000Z</time>
        <extensions>
          <ns3:TrackPointExtension>
            <ns3:hr>142</ns3:hr>
          </ns3:TrackPointExtension>
        </extensions>
      </trkpt>
      <trkpt lat="51.7611205391585826873779296875" lon="5.59807539917528629302978515625">
        <ele>10.19999980926513671875</ele>
        <time>2025-03-10T12:04:06.000Z</time>
        <extensions>
          <ns3:TrackPointExtension>
            <ns3:hr>141</ns3:hr>
          </ns3:TrackPointExtension>
        </extensions>
      </trkpt>
      <trkpt lat="51.76111928187310695648193359375" lon="5.59811957180500030517578125">
        <ele>9.80000019073486328125</ele>
        <time>2025-03-10T12:04:13.000Z</time>
        <extensions>
          <ns3:TrackPointExtension>
            <ns3:hr>142</ns3:hr>
          </ns3:TrackPointExtension>
        </extensions>
      </trkpt>
      <trkpt lat="51.7611074633896350860595703125" lon="5.59819526039063930511474609375">
        <ele>9.19999980926513671875</ele>
        <time>2025-03-10T12:04:18.000Z</time>
        <extensions>
          <ns3:TrackPointExtension>
            <ns3:hr>141</ns3:hr>
          </ns3:TrackPointExtension>
        </extensions>
      </trkpt>
      <trkpt lat="51.7610860057175159454345703125" lon="5.598296262323856353759765625">
        <ele>9.19999980926513671875</ele>
        <time>2025-03-10T12:04:24.000Z</time>
        <extensions>
          <ns3:TrackPointExtension>
            <ns3:hr>142</ns3:hr>
          </ns3:TrackPointExtension>
        </extensions>
      </trkpt>
      <trkpt lat="51.76106831990182399749755859375" lon="5.5983554385602474212646484375">
        <ele>9.3999996185302734375</ele>
        <time>2025-03-10T12:04:30.000Z</time>
        <extensions>
          <ns3:TrackPointExtension>
            <ns3:hr>141</ns3:hr>
          </ns3:TrackPointExtension>
        </extensions>
      </trkpt>
      <trkpt lat="51.7610709182918071746826171875" lon="5.59842928312718868255615234375">
        <ele>9.3999996185302734375</ele>
        <time>2025-03-10T12:04:36.000Z</time>
        <extensions>
          <ns3:TrackPointExtension>
            <ns3:hr>141</ns3:hr>
          </ns3:TrackPointExtension>
        </extensions>
      </trkpt>
      <trkpt lat="51.76106010563671588897705078125" lon="5.59848912991583347320556640625">
        <ele>9.19999980926513671875</ele>
        <time>2025-03-10T12:04:41.000Z</time>
        <extensions>
          <ns3:TrackPointExtension>
            <ns3:hr>146</ns3:hr>
          </ns3:TrackPointExtension>
        </extensions>
      </trkpt>
      <trkpt lat="51.76104761660099029541015625" lon="5.59851695783436298370361328125">
        <ele>9.19999980926513671875</ele>
        <time>2025-03-10T12:04:43.000Z</time>
        <extensions>
          <ns3:TrackPointExtension>
            <ns3:hr>146</ns3:hr>
          </ns3:TrackPointExtension>
        </extensions>
      </trkpt>
      <trkpt lat="51.76103982143104076385498046875" lon="5.5985267646610736846923828125">
        <ele>9.19999980926513671875</ele>
        <time>2025-03-10T12:04:44.000Z</time>
        <extensions>
          <ns3:TrackPointExtension>
            <ns3:hr>143</ns3:hr>
          </ns3:TrackPointExtension>
        </extensions>
      </trkpt>
      <trkpt lat="51.76102473400533199310302734375" lon="5.5985555984079837799072265625">
        <ele>9.19999980926513671875</ele>
        <time>2025-03-10T12:04:47.000Z</time>
        <extensions>
          <ns3:TrackPointExtension>
            <ns3:hr>140</ns3:hr>
          </ns3:TrackPointExtension>
        </extensions>
      </trkpt>
      <trkpt lat="51.76101132296025753021240234375" lon="5.59855878353118896484375">
        <ele>9.19999980926513671875</ele>
        <time>2025-03-10T12:04:48.000Z</time>
        <extensions>
          <ns3:TrackPointExtension>
            <ns3:hr>139</ns3:hr>
          </ns3:TrackPointExtension>
        </extensions>
      </trkpt>
      <trkpt lat="51.76099807955324649810791015625" lon="5.59856523759663105010986328125">
        <ele>9.19999980926513671875</ele>
        <time>2025-03-10T12:04:49.000Z</time>
        <extensions>
          <ns3:TrackPointExtension>
            <ns3:hr>138</ns3:hr>
          </ns3:TrackPointExtension>
        </extensions>
      </trkpt>
      <trkpt lat="51.76096522249281406402587890625" lon="5.59858518652617931365966796875">
        <ele>9.19999980926513671875</ele>
        <time>2025-03-10T12:04:53.000Z</time>
        <extensions>
          <ns3:TrackPointExtension>
            <ns3:hr>141</ns3:hr>
          </ns3:TrackPointExtension>
        </extensions>
      </trkpt>
      <trkpt lat="51.76093898713588714599609375" lon="5.598604045808315277099609375">
        <ele>9.19999980926513671875</ele>
        <time>2025-03-10T12:04:55.000Z</time>
        <extensions>
          <ns3:TrackPointExtension>
            <ns3:hr>141</ns3:hr>
          </ns3:TrackPointExtension>
        </extensions>
      </trkpt>
      <trkpt lat="51.76091216504573822021484375" lon="5.59864302165806293487548828125">
        <ele>9.19999980926513671875</ele>
        <time>2025-03-10T12:05:00.000Z</time>
        <extensions>
          <ns3:TrackPointExtension>
            <ns3:hr>141</ns3:hr>
          </ns3:TrackPointExtension>
        </extensions>
      </trkpt>
      <trkpt lat="51.7608900368213653564453125" lon="5.598683841526508331298828125">
        <ele>9</ele>
        <time>2025-03-10T12:05:04.000Z</time>
        <extensions>
          <ns3:TrackPointExtension>
            <ns3:hr>141</ns3:hr>
          </ns3:TrackPointExtension>
        </extensions>
      </trkpt>
      <trkpt lat="51.76088936626911163330078125" lon="5.59869415126740932464599609375">
        <ele>9</ele>
        <time>2025-03-10T12:05:05.000Z</time>
        <extensions>
          <ns3:TrackPointExtension>
            <ns3:hr>141</ns3:hr>
          </ns3:TrackPointExtension>
        </extensions>
      </trkpt>
      <trkpt lat="51.76086463965475559234619140625" lon="5.5987436883151531219482421875">
        <ele>9.19999980926513671875</ele>
        <time>2025-03-10T12:05:11.000Z</time>
        <extensions>
          <ns3:TrackPointExtension>
            <ns3:hr>140</ns3:hr>
          </ns3:TrackPointExtension>
        </extensions>
      </trkpt>
      <trkpt lat="51.76078333519399166107177734375" lon="5.59875265695154666900634765625">
        <ele>9</ele>
        <time>2025-03-10T12:05:18.000Z</time>
        <extensions>
          <ns3:TrackPointExtension>
            <ns3:hr>139</ns3:hr>
          </ns3:TrackPointExtension>
        </extensions>
      </trkpt>
      <trkpt lat="51.760754249989986419677734375" lon="5.5987671576440334320068359375">
        <ele>9</ele>
        <time>2025-03-10T12:05:22.000Z</time>
        <extensions>
          <ns3:TrackPointExtension>
            <ns3:hr>142</ns3:hr>
          </ns3:TrackPointExtension>
        </extensions>
      </trkpt>
      <trkpt lat="51.76074963994324207305908203125" lon="5.59876942075788974761962890625">
        <ele>8.80000019073486328125</ele>
        <time>2025-03-10T12:05:24.000Z</time>
        <extensions>
          <ns3:TrackPointExtension>
            <ns3:hr>143</ns3:hr>
          </ns3:TrackPointExtension>
        </extensions>
      </trkpt>
      <trkpt lat="51.7607329599559307098388671875" lon="5.59878216125071048736572265625">
        <ele>9.6000003814697265625</ele>
        <time>2025-03-10T12:05:31.000Z</time>
        <extensions>
          <ns3:TrackPointExtension>
            <ns3:hr>143</ns3:hr>
          </ns3:TrackPointExtension>
        </extensions>
      </trkpt>
      <trkpt lat="51.7607242427766323089599609375" lon="5.59879682958126068115234375">
        <ele>9.80000019073486328125</ele>
        <time>2025-03-10T12:05:37.000Z</time>
        <extensions>
          <ns3:TrackPointExtension>
            <ns3:hr>139</ns3:hr>
          </ns3:TrackPointExtension>
        </extensions>
      </trkpt>
      <trkpt lat="51.76072332076728343963623046875" lon="5.59879523701965808868408203125">
        <ele>9.80000019073486328125</ele>
        <time>2025-03-10T12:05:38.000Z</time>
        <extensions>
          <ns3:TrackPointExtension>
            <ns3:hr>139</ns3:hr>
          </ns3:TrackPointExtension>
        </extensions>
      </trkpt>
      <trkpt lat="51.76073304377496242523193359375" lon="5.5987969972193241119384765625">
        <ele>9.80000019073486328125</ele>
        <time>2025-03-10T12:05:41.000Z</time>
        <extensions>
          <ns3:TrackPointExtension>
            <ns3:hr>140</ns3:hr>
          </ns3:TrackPointExtension>
        </extensions>
      </trkpt>
      <trkpt lat="51.76076464354991912841796875" lon="5.5988409183919429779052734375">
        <ele>9.19999980926513671875</ele>
        <time>2025-03-10T12:05:49.000Z</time>
        <extensions>
          <ns3:TrackPointExtension>
            <ns3:hr>139</ns3:hr>
          </ns3:TrackPointExtension>
        </extensions>
      </trkpt>
      <trkpt lat="51.7607420124113559722900390625" lon="5.59891124255955219268798828125">
        <ele>9.3999996185302734375</ele>
        <time>2025-03-10T12:05:57.000Z</time>
        <extensions>
          <ns3:TrackPointExtension>
            <ns3:hr>142</ns3:hr>
          </ns3:TrackPointExtension>
        </extensions>
      </trkpt>
      <trkpt lat="51.76073379814624786376953125" lon="5.598927922546863555908203125">
        <ele>9.3999996185302734375</ele>
        <time>2025-03-10T12:05:58.000Z</time>
        <extensions>
          <ns3:TrackPointExtension>
            <ns3:hr>143</ns3:hr>
          </ns3:TrackPointExtension>
        </extensions>
      </trkpt>
      <trkpt lat="51.7606890387833118438720703125" lon="5.5990092270076274871826171875">
        <ele>9.19999980926513671875</ele>
        <time>2025-03-10T12:06:05.000Z</time>
        <extensions>
          <ns3:TrackPointExtension>
            <ns3:hr>143</ns3:hr>
          </ns3:TrackPointExtension>
        </extensions>
      </trkpt>
      <trkpt lat="51.76069884561002254486083984375" lon="5.598993636667728424072265625">
        <ele>9.3999996185302734375</ele>
        <time>2025-03-10T12:06:10.000Z</time>
        <extensions>
          <ns3:TrackPointExtension>
            <ns3:hr>139</ns3:hr>
          </ns3:TrackPointExtension>
        </extensions>
      </trkpt>
      <trkpt lat="51.76069951616227626800537109375" lon="5.59898902662098407745361328125">
        <ele>9.6000003814697265625</ele>
        <time>2025-03-10T12:06:11.000Z</time>
        <extensions>
          <ns3:TrackPointExtension>
            <ns3:hr>138</ns3:hr>
          </ns3:TrackPointExtension>
        </extensions>
      </trkpt>
      <trkpt lat="51.76069884561002254486083984375" lon="5.59900914318859577178955078125">
        <ele>9.3999996185302734375</ele>
        <time>2025-03-10T12:06:17.000Z</time>
        <extensions>
          <ns3:TrackPointExtension>
            <ns3:hr>134</ns3:hr>
          </ns3:TrackPointExtension>
        </extensions>
      </trkpt>
      <trkpt lat="51.76070152781903743743896484375" lon="5.599011741578578948974609375">
        <ele>9</ele>
        <time>2025-03-10T12:06:18.000Z</time>
        <extensions>
          <ns3:TrackPointExtension>
            <ns3:hr>131</ns3:hr>
          </ns3:TrackPointExtension>
        </extensions>
      </trkpt>
      <trkpt lat="51.7607051320374011993408203125" lon="5.59901467524468898773193359375">
        <ele>9</ele>
        <time>2025-03-10T12:06:19.000Z</time>
        <extensions>
          <ns3:TrackPointExtension>
            <ns3:hr>131</ns3:hr>
          </ns3:TrackPointExtension>
        </extensions>
      </trkpt>
      <trkpt lat="51.76073153503239154815673828125" lon="5.5990890227258205413818359375">
        <ele>8.80000019073486328125</ele>
        <time>2025-03-10T12:06:24.000Z</time>
        <extensions>
          <ns3:TrackPointExtension>
            <ns3:hr>132</ns3:hr>
          </ns3:TrackPointExtension>
        </extensions>
      </trkpt>
      <trkpt lat="51.76075433380901813507080078125" lon="5.59913621284067630767822265625">
        <ele>9.3999996185302734375</ele>
        <time>2025-03-10T12:06:29.000Z</time>
        <extensions>
          <ns3:TrackPointExtension>
            <ns3:hr>133</ns3:hr>
          </ns3:TrackPointExtension>
        </extensions>
      </trkpt>
      <trkpt lat="51.76077646203339099884033203125" lon="5.59917493723332881927490234375">
        <ele>9.80000019073486328125</ele>
        <time>2025-03-10T12:06:35.000Z</time>
        <extensions>
          <ns3:TrackPointExtension>
            <ns3:hr>134</ns3:hr>
          </ns3:TrackPointExtension>
        </extensions>
      </trkpt>
      <trkpt lat="51.7608201317489147186279296875" lon="5.5992476083338260650634765625">
        <ele>9.80000019073486328125</ele>
        <time>2025-03-10T12:06:41.000Z</time>
        <extensions>
          <ns3:TrackPointExtension>
            <ns3:hr>134</ns3:hr>
          </ns3:TrackPointExtension>
        </extensions>
      </trkpt>
      <trkpt lat="51.760830692946910858154296875" lon="5.59926479123532772064208984375">
        <ele>9.80000019073486328125</ele>
        <time>2025-03-10T12:06:43.000Z</time>
        <extensions>
          <ns3:TrackPointExtension>
            <ns3:hr>139</ns3:hr>
          </ns3:TrackPointExtension>
        </extensions>
      </trkpt>
      <trkpt lat="51.76083915866911411285400390625" lon="5.59927786700427532196044921875">
        <ele>10</ele>
        <time>2025-03-10T12:06:44.000Z</time>
        <extensions>
          <ns3:TrackPointExtension>
            <ns3:hr>143</ns3:hr>
          </ns3:TrackPointExtension>
        </extensions>
      </trkpt>
      <trkpt lat="51.7608613707125186920166015625" lon="5.59930653311312198638916015625">
        <ele>10</ele>
        <time>2025-03-10T12:06:46.000Z</time>
        <extensions>
          <ns3:TrackPointExtension>
            <ns3:hr>147</ns3:hr>
          </ns3:TrackPointExtension>
        </extensions>
      </trkpt>
      <trkpt lat="51.76087134517729282379150390625" lon="5.59931575320661067962646484375">
        <ele>10</ele>
        <time>2025-03-10T12:06:47.000Z</time>
        <extensions>
          <ns3:TrackPointExtension>
            <ns3:hr>148</ns3:hr>
          </ns3:TrackPointExtension>
        </extensions>
      </trkpt>
      <trkpt lat="51.7609227262437343597412109375" lon="5.5994293279945850372314453125">
        <ele>10</ele>
        <time>2025-03-10T12:06:54.000Z</time>
        <extensions>
          <ns3:TrackPointExtension>
            <ns3:hr>143</ns3:hr>
          </ns3:TrackPointExtension>
        </extensions>
      </trkpt>
      <trkpt lat="51.76092624664306640625" lon="5.599434189498424530029296875">
        <ele>10</ele>
        <time>2025-03-10T12:06:55.000Z</time>
        <extensions>
          <ns3:TrackPointExtension>
            <ns3:hr>140</ns3:hr>
          </ns3:TrackPointExtension>
        </extensions>
      </trkpt>
      <trkpt lat="51.7609307728707790374755859375" lon="5.59943896718323230743408203125">
        <ele>10</ele>
        <time>2025-03-10T12:06:56.000Z</time>
        <extensions>
          <ns3:TrackPointExtension>
            <ns3:hr>140</ns3:hr>
          </ns3:TrackPointExtension>
        </extensions>
      </trkpt>
      <trkpt lat="51.7609358020126819610595703125" lon="5.59948607347905635833740234375">
        <ele>10.19999980926513671875</ele>
        <time>2025-03-10T12:07:00.000Z</time>
        <extensions>
          <ns3:TrackPointExtension>
            <ns3:hr>139</ns3:hr>
          </ns3:TrackPointExtension>
        </extensions>
      </trkpt>
      <trkpt lat="51.76096857525408267974853515625" lon="5.59957223944365978240966796875">
        <ele>10.3999996185302734375</ele>
        <time>2025-03-10T12:07:06.000Z</time>
        <extensions>
          <ns3:TrackPointExtension>
            <ns3:hr>140</ns3:hr>
          </ns3:TrackPointExtension>
        </extensions>
      </trkpt>
      <trkpt lat="51.7609750293195247650146484375" lon="5.5995959602296352386474609375">
        <ele>10.3999996185302734375</ele>
        <time>2025-03-10T12:07:08.000Z</time>
        <extensions>
          <ns3:TrackPointExtension>
            <ns3:hr>143</ns3:hr>
          </ns3:TrackPointExtension>
        </extensions>
      </trkpt>
      <trkpt lat="51.76098332740366458892822265625" lon="5.59962638653814792633056640625">
        <ele>10.6000003814697265625</ele>
        <time>2025-03-10T12:07:10.000Z</time>
        <extensions>
          <ns3:TrackPointExtension>
            <ns3:hr>146</ns3:hr>
          </ns3:TrackPointExtension>
        </extensions>
      </trkpt>
      <trkpt lat="51.7609924636781215667724609375" lon="5.59966326691210269927978515625">
        <ele>10.6000003814697265625</ele>
        <time>2025-03-10T12:07:12.000Z</time>
        <extensions>
          <ns3:TrackPointExtension>
            <ns3:hr>150</ns3:hr>
          </ns3:TrackPointExtension>
        </extensions>
      </trkpt>
      <trkpt lat="51.7609974928200244903564453125" lon="5.599682964384555816650390625">
        <ele>10.6000003814697265625</ele>
        <time>2025-03-10T12:07:13.000Z</time>
        <extensions>
          <ns3:TrackPointExtension>
            <ns3:hr>152</ns3:hr>
          </ns3:TrackPointExtension>
        </extensions>
      </trkpt>
      <trkpt lat="51.7610119096934795379638671875" lon="5.59972328133881092071533203125">
        <ele>11.19999980926513671875</ele>
        <time>2025-03-10T12:07:17.000Z</time>
        <extensions>
          <ns3:TrackPointExtension>
            <ns3:hr>153</ns3:hr>
          </ns3:TrackPointExtension>
        </extensions>
      </trkpt>
      <trkpt lat="51.761014424264430999755859375" lon="5.5997387878596782684326171875">
        <ele>11.19999980926513671875</ele>
        <time>2025-03-10T12:07:18.000Z</time>
        <extensions>
          <ns3:TrackPointExtension>
            <ns3:hr>153</ns3:hr>
          </ns3:TrackPointExtension>
        </extensions>
      </trkpt>
      <trkpt lat="51.7610524781048297882080078125" lon="5.599846579134464263916015625">
        <ele>10.80000019073486328125</ele>
        <time>2025-03-10T12:07:25.000Z</time>
        <extensions>
          <ns3:TrackPointExtension>
            <ns3:hr>153</ns3:hr>
          </ns3:TrackPointExtension>
        </extensions>
      </trkpt>
      <trkpt lat="51.761091537773609161376953125" lon="5.59992872178554534912109375">
        <ele>10.80000019073486328125</ele>
        <time>2025-03-10T12:07:31.000Z</time>
        <extensions>
          <ns3:TrackPointExtension>
            <ns3:hr>153</ns3:hr>
          </ns3:TrackPointExtension>
        </extensions>
      </trkpt>
      <trkpt lat="51.7611205391585826873779296875" lon="5.60002402402460575103759765625">
        <ele>10.80000019073486328125</ele>
        <time>2025-03-10T12:07:37.000Z</time>
        <extensions>
          <ns3:TrackPointExtension>
            <ns3:hr>154</ns3:hr>
          </ns3:TrackPointExtension>
        </extensions>
      </trkpt>
      <trkpt lat="51.76115448586642742156982421875" lon="5.60009342618286609649658203125">
        <ele>10.80000019073486328125</ele>
        <time>2025-03-10T12:07:43.000Z</time>
        <extensions>
          <ns3:TrackPointExtension>
            <ns3:hr>154</ns3:hr>
          </ns3:TrackPointExtension>
        </extensions>
      </trkpt>
      <trkpt lat="51.7611711658537387847900390625" lon="5.60017053969204425811767578125">
        <ele>10.80000019073486328125</ele>
        <time>2025-03-10T12:07:48.000Z</time>
        <extensions>
          <ns3:TrackPointExtension>
            <ns3:hr>153</ns3:hr>
          </ns3:TrackPointExtension>
        </extensions>
      </trkpt>
      <trkpt lat="51.7612127400934696197509765625" lon="5.60029911808669567108154296875">
        <ele>10.80000019073486328125</ele>
        <time>2025-03-10T12:07:55.000Z</time>
        <extensions>
          <ns3:TrackPointExtension>
            <ns3:hr>153</ns3:hr>
          </ns3:TrackPointExtension>
        </extensions>
      </trkpt>
      <trkpt lat="51.76122891716659069061279296875" lon="5.60038545168936252593994140625">
        <ele>11</ele>
        <time>2025-03-10T12:08:00.000Z</time>
        <extensions>
          <ns3:TrackPointExtension>
            <ns3:hr>152</ns3:hr>
          </ns3:TrackPointExtension>
        </extensions>
      </trkpt>
      <trkpt lat="51.76124987192451953887939453125" lon="5.60049458406865596771240234375">
        <ele>11</ele>
        <time>2025-03-10T12:08:06.000Z</time>
        <extensions>
          <ns3:TrackPointExtension>
            <ns3:hr>153</ns3:hr>
          </ns3:TrackPointExtension>
        </extensions>
      </trkpt>
      <trkpt lat="51.76127702929079532623291015625" lon="5.60057890601456165313720703125">
        <ele>10.80000019073486328125</ele>
        <time>2025-03-10T12:08:12.000Z</time>
        <extensions>
          <ns3:TrackPointExtension>
            <ns3:hr>153</ns3:hr>
          </ns3:TrackPointExtension>
        </extensions>
      </trkpt>
      <trkpt lat="51.7612922005355358123779296875" lon="5.60063741169869899749755859375">
        <ele>11</ele>
        <time>2025-03-10T12:08:16.000Z</time>
        <extensions>
          <ns3:TrackPointExtension>
            <ns3:hr>153</ns3:hr>
          </ns3:TrackPointExtension>
        </extensions>
      </trkpt>
      <trkpt lat="51.7613032646477222442626953125" lon="5.6006953306496143341064453125">
        <ele>11</ele>
        <time>2025-03-10T12:08:19.000Z</time>
        <extensions>
          <ns3:TrackPointExtension>
            <ns3:hr>153</ns3:hr>
          </ns3:TrackPointExtension>
        </extensions>
      </trkpt>
      <trkpt lat="51.7613223753869533538818359375" lon="5.60076599009335041046142578125">
        <ele>11.19999980926513671875</ele>
        <time>2025-03-10T12:08:25.000Z</time>
        <extensions>
          <ns3:TrackPointExtension>
            <ns3:hr>153</ns3:hr>
          </ns3:TrackPointExtension>
        </extensions>
      </trkpt>
      <trkpt lat="51.76134576089680194854736328125" lon="5.600859113037586212158203125">
        <ele>11.19999980926513671875</ele>
        <time>2025-03-10T12:08:30.000Z</time>
        <extensions>
          <ns3:TrackPointExtension>
            <ns3:hr>152</ns3:hr>
          </ns3:TrackPointExtension>
        </extensions>
      </trkpt>
      <trkpt lat="51.76136185415089130401611328125" lon="5.60092859901487827301025390625">
        <ele>11.19999980926513671875</ele>
        <time>2025-03-10T12:08:37.000Z</time>
        <extensions>
          <ns3:TrackPointExtension>
            <ns3:hr>153</ns3:hr>
          </ns3:TrackPointExtension>
        </extensions>
      </trkpt>
      <trkpt lat="51.7613911069929599761962890625" lon="5.60103622265160083770751953125">
        <ele>11.19999980926513671875</ele>
        <time>2025-03-10T12:08:43.000Z</time>
        <extensions>
          <ns3:TrackPointExtension>
            <ns3:hr>156</ns3:hr>
          </ns3:TrackPointExtension>
        </extensions>
      </trkpt>
      <trkpt lat="51.76139353774487972259521484375" lon="5.60105164535343647003173828125">
        <ele>11.19999980926513671875</ele>
        <time>2025-03-10T12:08:44.000Z</time>
        <extensions>
          <ns3:TrackPointExtension>
            <ns3:hr>156</ns3:hr>
          </ns3:TrackPointExtension>
        </extensions>
      </trkpt>
      <trkpt lat="51.76141583360731601715087890625" lon="5.60113362036645412445068359375">
        <ele>11.19999980926513671875</ele>
        <time>2025-03-10T12:08:50.000Z</time>
        <extensions>
          <ns3:TrackPointExtension>
            <ns3:hr>155</ns3:hr>
          </ns3:TrackPointExtension>
        </extensions>
      </trkpt>
      <trkpt lat="51.7614407278597354888916015625" lon="5.60123587958514690399169921875">
        <ele>11</ele>
        <time>2025-03-10T12:08:56.000Z</time>
        <extensions>
          <ns3:TrackPointExtension>
            <ns3:hr>154</ns3:hr>
          </ns3:TrackPointExtension>
        </extensions>
      </trkpt>
      <trkpt lat="51.76145103760063648223876953125" lon="5.6013214588165283203125">
        <ele>11</ele>
        <time>2025-03-10T12:09:02.000Z</time>
        <extensions>
          <ns3:TrackPointExtension>
            <ns3:hr>153</ns3:hr>
          </ns3:TrackPointExtension>
        </extensions>
      </trkpt>
      <trkpt lat="51.7614688910543918609619140625" lon="5.60142078436911106109619140625">
        <ele>10.80000019073486328125</ele>
        <time>2025-03-10T12:09:08.000Z</time>
        <extensions>
          <ns3:TrackPointExtension>
            <ns3:hr>152</ns3:hr>
          </ns3:TrackPointExtension>
        </extensions>
      </trkpt>
      <trkpt lat="51.76147165708243846893310546875" lon="5.60149773024022579193115234375">
        <ele>10.6000003814697265625</ele>
        <time>2025-03-10T12:09:13.000Z</time>
        <extensions>
          <ns3:TrackPointExtension>
            <ns3:hr>152</ns3:hr>
          </ns3:TrackPointExtension>
        </extensions>
      </trkpt>
      <trkpt lat="51.76149554550647735595703125" lon="5.60160988010466098785400390625">
        <ele>10.19999980926513671875</ele>
        <time>2025-03-10T12:09:20.000Z</time>
        <extensions>
          <ns3:TrackPointExtension>
            <ns3:hr>152</ns3:hr>
          </ns3:TrackPointExtension>
        </extensions>
      </trkpt>
      <trkpt lat="51.76150761544704437255859375" lon="5.60170141048729419708251953125">
        <ele>10</ele>
        <time>2025-03-10T12:09:26.000Z</time>
        <extensions>
          <ns3:TrackPointExtension>
            <ns3:hr>149</ns3:hr>
          </ns3:TrackPointExtension>
        </extensions>
      </trkpt>
      <trkpt lat="51.761514656245708465576171875" lon="5.601740889251232147216796875">
        <ele>10</ele>
        <time>2025-03-10T12:09:28.000Z</time>
        <extensions>
          <ns3:TrackPointExtension>
            <ns3:hr>149</ns3:hr>
          </ns3:TrackPointExtension>
        </extensions>
      </trkpt>
      <trkpt lat="51.76152178086340427398681640625" lon="5.60184708796441555023193359375">
        <ele>9.80000019073486328125</ele>
        <time>2025-03-10T12:09:35.000Z</time>
        <extensions>
          <ns3:TrackPointExtension>
            <ns3:hr>149</ns3:hr>
          </ns3:TrackPointExtension>
        </extensions>
      </trkpt>
      <trkpt lat="51.76152236759662628173828125" lon="5.60192034579813480377197265625">
        <ele>9.80000019073486328125</ele>
        <time>2025-03-10T12:09:40.000Z</time>
        <extensions>
          <ns3:TrackPointExtension>
            <ns3:hr>149</ns3:hr>
          </ns3:TrackPointExtension>
        </extensions>
      </trkpt>
      <trkpt lat="51.7615201883018016815185546875" lon="5.601958818733692169189453125">
        <ele>9.80000019073486328125</ele>
        <time>2025-03-10T12:09:43.000Z</time>
        <extensions>
          <ns3:TrackPointExtension>
            <ns3:hr>149</ns3:hr>
          </ns3:TrackPointExtension>
        </extensions>
      </trkpt>
      <trkpt lat="51.76152965985238552093505859375" lon="5.60201346874237060546875">
        <ele>9.80000019073486328125</ele>
        <time>2025-03-10T12:09:46.000Z</time>
        <extensions>
          <ns3:TrackPointExtension>
            <ns3:hr>149</ns3:hr>
          </ns3:TrackPointExtension>
        </extensions>
      </trkpt>
      <trkpt lat="51.76153049804270267486572265625" lon="5.6021071784198284149169921875">
        <ele>9.80000019073486328125</ele>
        <time>2025-03-10T12:09:52.000Z</time>
        <extensions>
          <ns3:TrackPointExtension>
            <ns3:hr>148</ns3:hr>
          </ns3:TrackPointExtension>
        </extensions>
      </trkpt>
      <trkpt lat="51.76154323853552341461181640625" lon="5.60221438296139240264892578125">
        <ele>9.80000019073486328125</ele>
        <time>2025-03-10T12:09:58.000Z</time>
        <extensions>
          <ns3:TrackPointExtension>
            <ns3:hr>148</ns3:hr>
          </ns3:TrackPointExtension>
        </extensions>
      </trkpt>
      <trkpt lat="51.76155162043869495391845703125" lon="5.60227557085454463958740234375">
        <ele>9.80000019073486328125</ele>
        <time>2025-03-10T12:10:03.000Z</time>
        <extensions>
          <ns3:TrackPointExtension>
            <ns3:hr>148</ns3:hr>
          </ns3:TrackPointExtension>
        </extensions>
      </trkpt>
      <trkpt lat="51.7615627683699131011962890625" lon="5.6023717112839221954345703125">
        <ele>9.6000003814697265625</ele>
        <time>2025-03-10T12:10:08.000Z</time>
        <extensions>
          <ns3:TrackPointExtension>
            <ns3:hr>149</ns3:hr>
          </ns3:TrackPointExtension>
        </extensions>
      </trkpt>
      <trkpt lat="51.7615711502730846405029296875" lon="5.60241521336138248443603515625">
        <ele>9.3999996185302734375</ele>
        <time>2025-03-10T12:10:12.000Z</time>
        <extensions>
          <ns3:TrackPointExtension>
            <ns3:hr>152</ns3:hr>
          </ns3:TrackPointExtension>
        </extensions>
      </trkpt>
      <trkpt lat="51.761570312082767486572265625" lon="5.60243532992899417877197265625">
        <ele>9.3999996185302734375</ele>
        <time>2025-03-10T12:10:13.000Z</time>
        <extensions>
          <ns3:TrackPointExtension>
            <ns3:hr>152</ns3:hr>
          </ns3:TrackPointExtension>
        </extensions>
      </trkpt>
      <trkpt lat="51.76156838424503803253173828125" lon="5.60245645232498645782470703125">
        <ele>9.3999996185302734375</ele>
        <time>2025-03-10T12:10:14.000Z</time>
        <extensions>
          <ns3:TrackPointExtension>
            <ns3:hr>152</ns3:hr>
          </ns3:TrackPointExtension>
        </extensions>
      </trkpt>
      <trkpt lat="51.7615795321762561798095703125" lon="5.60254932381212711334228515625">
        <ele>9.3999996185302734375</ele>
        <time>2025-03-10T12:10:20.000Z</time>
        <extensions>
          <ns3:TrackPointExtension>
            <ns3:hr>151</ns3:hr>
          </ns3:TrackPointExtension>
        </extensions>
      </trkpt>
      <trkpt lat="51.76157810725271701812744140625" lon="5.60264856554567813873291015625">
        <ele>9.3999996185302734375</ele>
        <time>2025-03-10T12:10:26.000Z</time>
        <extensions>
          <ns3:TrackPointExtension>
            <ns3:hr>151</ns3:hr>
          </ns3:TrackPointExtension>
        </extensions>
      </trkpt>
      <trkpt lat="51.7615825496613979339599609375" lon="5.60268008150160312652587890625">
        <ele>9.19999980926513671875</ele>
        <time>2025-03-10T12:10:28.000Z</time>
        <extensions>
          <ns3:TrackPointExtension>
            <ns3:hr>151</ns3:hr>
          </ns3:TrackPointExtension>
        </extensions>
      </trkpt>
      <trkpt lat="51.7615852318704128265380859375" lon="5.6027160398662090301513671875">
        <ele>9</ele>
        <time>2025-03-10T12:10:31.000Z</time>
        <extensions>
          <ns3:TrackPointExtension>
            <ns3:hr>151</ns3:hr>
          </ns3:TrackPointExtension>
        </extensions>
      </trkpt>
      <trkpt lat="51.76159269176423549652099609375" lon="5.60279809869825839996337890625">
        <ele>9</ele>
        <time>2025-03-10T12:10:35.000Z</time>
        <extensions>
          <ns3:TrackPointExtension>
            <ns3:hr>151</ns3:hr>
          </ns3:TrackPointExtension>
        </extensions>
      </trkpt>
      <trkpt lat="51.761604845523834228515625" lon="5.60287303291261196136474609375">
        <ele>9</ele>
        <time>2025-03-10T12:10:41.000Z</time>
        <extensions>
          <ns3:TrackPointExtension>
            <ns3:hr>152</ns3:hr>
          </ns3:TrackPointExtension>
        </extensions>
      </trkpt>
      <trkpt lat="51.76161297596991062164306640625" lon="5.60296657495200634002685546875">
        <ele>9</ele>
        <time>2025-03-10T12:10:46.000Z</time>
        <extensions>
          <ns3:TrackPointExtension>
            <ns3:hr>152</ns3:hr>
          </ns3:TrackPointExtension>
        </extensions>
      </trkpt>
      <trkpt lat="51.7616117186844348907470703125" lon="5.6029842607676982879638671875">
        <ele>8.80000019073486328125</ele>
        <time>2025-03-10T12:10:48.000Z</time>
        <extensions>
          <ns3:TrackPointExtension>
            <ns3:hr>151</ns3:hr>
          </ns3:TrackPointExtension>
        </extensions>
      </trkpt>
      <trkpt lat="51.76161481998860836029052734375" lon="5.60304737649857997894287109375">
        <ele>8.80000019073486328125</ele>
        <time>2025-03-10T12:10:52.000Z</time>
        <extensions>
          <ns3:TrackPointExtension>
            <ns3:hr>149</ns3:hr>
          </ns3:TrackPointExtension>
        </extensions>
      </trkpt>
      <trkpt lat="51.7616261355578899383544921875" lon="5.60313739813864231109619140625">
        <ele>8.80000019073486328125</ele>
        <time>2025-03-10T12:10:58.000Z</time>
        <extensions>
          <ns3:TrackPointExtension>
            <ns3:hr>148</ns3:hr>
          </ns3:TrackPointExtension>
        </extensions>
      </trkpt>
      <trkpt lat="51.76163979806005954742431640625" lon="5.6031881086528301239013671875">
        <ele>8.80000019073486328125</ele>
        <time>2025-03-10T12:11:03.000Z</time>
        <extensions>
          <ns3:TrackPointExtension>
            <ns3:hr>147</ns3:hr>
          </ns3:TrackPointExtension>
        </extensions>
      </trkpt>
      <trkpt lat="51.7616502754390239715576171875" lon="5.60328559018671512603759765625">
        <ele>9</ele>
        <time>2025-03-10T12:11:10.000Z</time>
        <extensions>
          <ns3:TrackPointExtension>
            <ns3:hr>147</ns3:hr>
          </ns3:TrackPointExtension>
        </extensions>
      </trkpt>
      <trkpt lat="51.7616314999759197235107421875" lon="5.603365637362003326416015625">
        <ele>9</ele>
        <time>2025-03-10T12:11:15.000Z</time>
        <extensions>
          <ns3:TrackPointExtension>
            <ns3:hr>148</ns3:hr>
          </ns3:TrackPointExtension>
        </extensions>
      </trkpt>
      <trkpt lat="51.7615741677582263946533203125" lon="5.60342975892126560211181640625">
        <ele>9</ele>
        <time>2025-03-10T12:11:20.000Z</time>
        <extensions>
          <ns3:TrackPointExtension>
            <ns3:hr>146</ns3:hr>
          </ns3:TrackPointExtension>
        </extensions>
      </trkpt>
      <trkpt lat="51.76156167872250080108642578125" lon="5.603435374796390533447265625">
        <ele>9</ele>
        <time>2025-03-10T12:11:21.000Z</time>
        <extensions>
          <ns3:TrackPointExtension>
            <ns3:hr>146</ns3:hr>
          </ns3:TrackPointExtension>
        </extensions>
      </trkpt>
      <trkpt lat="51.76151557825505733489990234375" lon="5.60345113277435302734375">
        <ele>9.80000019073486328125</ele>
        <time>2025-03-10T12:11:27.000Z</time>
        <extensions>
          <ns3:TrackPointExtension>
            <ns3:hr>146</ns3:hr>
          </ns3:TrackPointExtension>
        </extensions>
      </trkpt>
      <trkpt lat="51.76140292547643184661865234375" lon="5.6035113148391246795654296875">
        <ele>9.3999996185302734375</ele>
        <time>2025-03-10T12:11:36.000Z</time>
        <extensions>
          <ns3:TrackPointExtension>
            <ns3:hr>146</ns3:hr>
          </ns3:TrackPointExtension>
        </extensions>
      </trkpt>
      <trkpt lat="51.7613649554550647735595703125" lon="5.60353201813995838165283203125">
        <ele>9.3999996185302734375</ele>
        <time>2025-03-10T12:11:41.000Z</time>
        <extensions>
          <ns3:TrackPointExtension>
            <ns3:hr>148</ns3:hr>
          </ns3:TrackPointExtension>
        </extensions>
      </trkpt>
      <trkpt lat="51.7613294161856174468994140625" lon="5.6035481952130794525146484375">
        <ele>9.3999996185302734375</ele>
        <time>2025-03-10T12:11:47.000Z</time>
        <extensions>
          <ns3:TrackPointExtension>
            <ns3:hr>150</ns3:hr>
          </ns3:TrackPointExtension>
        </extensions>
      </trkpt>
      <trkpt lat="51.7612781189382076263427734375" lon="5.6035699881613254547119140625">
        <ele>9.6000003814697265625</ele>
        <time>2025-03-10T12:11:52.000Z</time>
        <extensions>
          <ns3:TrackPointExtension>
            <ns3:hr>149</ns3:hr>
          </ns3:TrackPointExtension>
        </extensions>
      </trkpt>
      <trkpt lat="51.76122388802468776702880859375" lon="5.6035797111690044403076171875">
        <ele>9.6000003814697265625</ele>
        <time>2025-03-10T12:11:57.000Z</time>
        <extensions>
          <ns3:TrackPointExtension>
            <ns3:hr>150</ns3:hr>
          </ns3:TrackPointExtension>
        </extensions>
      </trkpt>
      <trkpt lat="51.7611909471452236175537109375" lon="5.60358784161508083343505859375">
        <ele>9.80000019073486328125</ele>
        <time>2025-03-10T12:12:02.000Z</time>
        <extensions>
          <ns3:TrackPointExtension>
            <ns3:hr>150</ns3:hr>
          </ns3:TrackPointExtension>
        </extensions>
      </trkpt>
      <trkpt lat="51.76114694215357303619384765625" lon="5.60363561846315860748291015625">
        <ele>9.80000019073486328125</ele>
        <time>2025-03-10T12:12:08.000Z</time>
        <extensions>
          <ns3:TrackPointExtension>
            <ns3:hr>150</ns3:hr>
          </ns3:TrackPointExtension>
        </extensions>
      </trkpt>
      <trkpt lat="51.7611178569495677947998046875" lon="5.60371038503944873809814453125">
        <ele>9.80000019073486328125</ele>
        <time>2025-03-10T12:12:14.000Z</time>
        <extensions>
          <ns3:TrackPointExtension>
            <ns3:hr>149</ns3:hr>
          </ns3:TrackPointExtension>
        </extensions>
      </trkpt>
      <trkpt lat="51.76111735403537750244140625" lon="5.6037768535315990447998046875">
        <ele>10</ele>
        <time>2025-03-10T12:12:19.000Z</time>
        <extensions>
          <ns3:TrackPointExtension>
            <ns3:hr>149</ns3:hr>
          </ns3:TrackPointExtension>
        </extensions>
      </trkpt>
      <trkpt lat="51.7611314356327056884765625" lon="5.60382940806448459625244140625">
        <ele>10</ele>
        <time>2025-03-10T12:12:25.000Z</time>
        <extensions>
          <ns3:TrackPointExtension>
            <ns3:hr>148</ns3:hr>
          </ns3:TrackPointExtension>
        </extensions>
      </trkpt>
      <trkpt lat="51.7611314356327056884765625" lon="5.60382940806448459625244140625">
        <ele>10.19999980926513671875</ele>
        <time>2025-03-10T12:12:27.000Z</time>
        <extensions>
          <ns3:TrackPointExtension>
            <ns3:hr>149</ns3:hr>
          </ns3:TrackPointExtension>
        </extensions>
      </trkpt>
      <trkpt lat="51.7611314356327056884765625" lon="5.60382940806448459625244140625">
        <ele>10.19999980926513671875</ele>
        <time>2025-03-10T12:12:28.000Z</time>
        <extensions>
          <ns3:TrackPointExtension>
            <ns3:hr>152</ns3:hr>
          </ns3:TrackPointExtension>
        </extensions>
      </trkpt>
      <trkpt lat="51.76111844368278980255126953125" lon="5.6038083694875240325927734375">
        <ele>10.19999980926513671875</ele>
        <time>2025-03-10T12:12:32.000Z</time>
        <extensions>
          <ns3:TrackPointExtension>
            <ns3:hr>153</ns3:hr>
          </ns3:TrackPointExtension>
        </extensions>
      </trkpt>
      <trkpt lat="51.76111509092152118682861328125" lon="5.60378573834896087646484375">
        <ele>10</ele>
        <time>2025-03-10T12:12:37.000Z</time>
        <extensions>
          <ns3:TrackPointExtension>
            <ns3:hr>158</ns3:hr>
          </ns3:TrackPointExtension>
        </extensions>
      </trkpt>
      <trkpt lat="51.76111509092152118682861328125" lon="5.60378573834896087646484375">
        <ele>10.19999980926513671875</ele>
        <time>2025-03-10T12:12:41.000Z</time>
        <extensions>
          <ns3:TrackPointExtension>
            <ns3:hr>158</ns3:hr>
          </ns3:TrackPointExtension>
        </extensions>
      </trkpt>
      <trkpt lat="51.76111509092152118682861328125" lon="5.60378573834896087646484375">
        <ele>10</ele>
        <time>2025-03-10T12:12:48.000Z</time>
        <extensions>
          <ns3:TrackPointExtension>
            <ns3:hr>155</ns3:hr>
          </ns3:TrackPointExtension>
        </extensions>
      </trkpt>
      <trkpt lat="51.76111509092152118682861328125" lon="5.60378573834896087646484375">
        <ele>10</ele>
        <time>2025-03-10T12:12:51.000Z</time>
        <extensions>
          <ns3:TrackPointExtension>
            <ns3:hr>152</ns3:hr>
          </ns3:TrackPointExtension>
        </extensions>
      </trkpt>
      <trkpt lat="51.76111425273120403289794921875" lon="5.603785403072834014892578125">
        <ele>10</ele>
        <time>2025-03-10T12:12:55.000Z</time>
        <extensions>
          <ns3:TrackPointExtension>
            <ns3:hr>149</ns3:hr>
          </ns3:TrackPointExtension>
        </extensions>
      </trkpt>
      <trkpt lat="51.76111542619764804840087890625" lon="5.6037916056811809539794921875">
        <ele>10</ele>
        <time>2025-03-10T12:12:56.000Z</time>
        <extensions>
          <ns3:TrackPointExtension>
            <ns3:hr>148</ns3:hr>
          </ns3:TrackPointExtension>
        </extensions>
      </trkpt>
      <trkpt lat="51.76112095825374126434326171875" lon="5.6037966348230838775634765625">
        <ele>10</ele>
        <time>2025-03-10T12:13:00.000Z</time>
        <extensions>
          <ns3:TrackPointExtension>
            <ns3:hr>145</ns3:hr>
          </ns3:TrackPointExtension>
        </extensions>
      </trkpt>
      <trkpt lat="51.761120371520519256591796875" lon="5.60379805974662303924560546875">
        <ele>10</ele>
        <time>2025-03-10T12:13:03.000Z</time>
        <extensions>
          <ns3:TrackPointExtension>
            <ns3:hr>142</ns3:hr>
          </ns3:TrackPointExtension>
        </extensions>
      </trkpt>
      <trkpt lat="51.76112162880599498748779296875" lon="5.60380107723176479339599609375">
        <ele>10</ele>
        <time>2025-03-10T12:13:09.000Z</time>
        <extensions>
          <ns3:TrackPointExtension>
            <ns3:hr>139</ns3:hr>
          </ns3:TrackPointExtension>
        </extensions>
      </trkpt>
      <trkpt lat="51.7611207067966461181640625" lon="5.60384131036698818206787109375">
        <ele>10</ele>
        <time>2025-03-10T12:13:11.000Z</time>
        <extensions>
          <ns3:TrackPointExtension>
            <ns3:hr>139</ns3:hr>
          </ns3:TrackPointExtension>
        </extensions>
      </trkpt>
      <trkpt lat="51.7611453495919704437255859375" lon="5.603921525180339813232421875">
        <ele>10.19999980926513671875</ele>
        <time>2025-03-10T12:13:18.000Z</time>
        <extensions>
          <ns3:TrackPointExtension>
            <ns3:hr>139</ns3:hr>
          </ns3:TrackPointExtension>
        </extensions>
      </trkpt>
      <trkpt lat="51.7611661367118358612060546875" lon="5.60401917435228824615478515625">
        <ele>10.3999996185302734375</ele>
        <time>2025-03-10T12:13:25.000Z</time>
        <extensions>
          <ns3:TrackPointExtension>
            <ns3:hr>141</ns3:hr>
          </ns3:TrackPointExtension>
        </extensions>
      </trkpt>
      <trkpt lat="51.7611751891672611236572265625" lon="5.60407985933125019073486328125">
        <ele>10.6000003814697265625</ele>
        <time>2025-03-10T12:13:30.000Z</time>
        <extensions>
          <ns3:TrackPointExtension>
            <ns3:hr>142</ns3:hr>
          </ns3:TrackPointExtension>
        </extensions>
      </trkpt>
      <trkpt lat="51.76119111478328704833984375" lon="5.604144819080829620361328125">
        <ele>11</ele>
        <time>2025-03-10T12:13:35.000Z</time>
        <extensions>
          <ns3:TrackPointExtension>
            <ns3:hr>142</ns3:hr>
          </ns3:TrackPointExtension>
        </extensions>
      </trkpt>
      <trkpt lat="51.7611922882497310638427734375" lon="5.60414724983274936676025390625">
        <ele>11.19999980926513671875</ele>
        <time>2025-03-10T12:13:36.000Z</time>
        <extensions>
          <ns3:TrackPointExtension>
            <ns3:hr>143</ns3:hr>
          </ns3:TrackPointExtension>
        </extensions>
      </trkpt>
      <trkpt lat="51.761201508343219757080078125" lon="5.6041892431676387786865234375">
        <ele>11.3999996185302734375</ele>
        <time>2025-03-10T12:13:40.000Z</time>
        <extensions>
          <ns3:TrackPointExtension>
            <ns3:hr>143</ns3:hr>
          </ns3:TrackPointExtension>
        </extensions>
      </trkpt>
      <trkpt lat="51.7612087167799472808837890625" lon="5.60423224233090877532958984375">
        <ele>11.3999996185302734375</ele>
        <time>2025-03-10T12:13:43.000Z</time>
        <extensions>
          <ns3:TrackPointExtension>
            <ns3:hr>146</ns3:hr>
          </ns3:TrackPointExtension>
        </extensions>
      </trkpt>
      <trkpt lat="51.7612134106457233428955078125" lon="5.60427247546613216400146484375">
        <ele>12</ele>
        <time>2025-03-10T12:13:46.000Z</time>
        <extensions>
          <ns3:TrackPointExtension>
            <ns3:hr>148</ns3:hr>
          </ns3:TrackPointExtension>
        </extensions>
      </trkpt>
      <trkpt lat="51.761233024299144744873046875" lon="5.60433248989284038543701171875">
        <ele>12.19999980926513671875</ele>
        <time>2025-03-10T12:13:52.000Z</time>
        <extensions>
          <ns3:TrackPointExtension>
            <ns3:hr>150</ns3:hr>
          </ns3:TrackPointExtension>
        </extensions>
      </trkpt>
      <trkpt lat="51.76126127131283283233642578125" lon="5.60441873967647552490234375">
        <ele>12.19999980926513671875</ele>
        <time>2025-03-10T12:13:58.000Z</time>
        <extensions>
          <ns3:TrackPointExtension>
            <ns3:hr>150</ns3:hr>
          </ns3:TrackPointExtension>
        </extensions>
      </trkpt>
      <trkpt lat="51.76126395352184772491455078125" lon="5.60444019734859466552734375">
        <ele>12.3999996185302734375</ele>
        <time>2025-03-10T12:13:59.000Z</time>
        <extensions>
          <ns3:TrackPointExtension>
            <ns3:hr>150</ns3:hr>
          </ns3:TrackPointExtension>
        </extensions>
      </trkpt>
      <trkpt lat="51.761272586882114410400390625" lon="5.60446877963840961456298828125">
        <ele>12.3999996185302734375</ele>
        <time>2025-03-10T12:14:02.000Z</time>
        <extensions>
          <ns3:TrackPointExtension>
            <ns3:hr>150</ns3:hr>
          </ns3:TrackPointExtension>
        </extensions>
      </trkpt>
      <trkpt lat="51.7612989060580730438232421875" lon="5.6045548617839813232421875">
        <ele>12.80000019073486328125</ele>
        <time>2025-03-10T12:14:07.000Z</time>
        <extensions>
          <ns3:TrackPointExtension>
            <ns3:hr>149</ns3:hr>
          </ns3:TrackPointExtension>
        </extensions>
      </trkpt>
      <trkpt lat="51.76130284555256366729736328125" lon="5.60459484346210956573486328125">
        <ele>13</ele>
        <time>2025-03-10T12:14:10.000Z</time>
        <extensions>
          <ns3:TrackPointExtension>
            <ns3:hr>149</ns3:hr>
          </ns3:TrackPointExtension>
        </extensions>
      </trkpt>
      <trkpt lat="51.7613039351999759674072265625" lon="5.60462283901870250701904296875">
        <ele>13.19999980926513671875</ele>
        <time>2025-03-10T12:14:12.000Z</time>
        <extensions>
          <ns3:TrackPointExtension>
            <ns3:hr>149</ns3:hr>
          </ns3:TrackPointExtension>
        </extensions>
      </trkpt>
      <trkpt lat="51.76130871288478374481201171875" lon="5.6046874634921550750732421875">
        <ele>13.19999980926513671875</ele>
        <time>2025-03-10T12:14:18.000Z</time>
        <extensions>
          <ns3:TrackPointExtension>
            <ns3:hr>149</ns3:hr>
          </ns3:TrackPointExtension>
        </extensions>
      </trkpt>
      <trkpt lat="51.76132128573954105377197265625" lon="5.60473163612186908721923828125">
        <ele>13.3999996185302734375</ele>
        <time>2025-03-10T12:14:21.000Z</time>
        <extensions>
          <ns3:TrackPointExtension>
            <ns3:hr>151</ns3:hr>
          </ns3:TrackPointExtension>
        </extensions>
      </trkpt>
      <trkpt lat="51.7613230459392070770263671875" lon="5.6047753058373928070068359375">
        <ele>13.3999996185302734375</ele>
        <time>2025-03-10T12:14:24.000Z</time>
        <extensions>
          <ns3:TrackPointExtension>
            <ns3:hr>154</ns3:hr>
          </ns3:TrackPointExtension>
        </extensions>
      </trkpt>
      <trkpt lat="51.7613243870437145233154296875" lon="5.604891143739223480224609375">
        <ele>14.19999980926513671875</ele>
        <time>2025-03-10T12:14:32.000Z</time>
        <extensions>
          <ns3:TrackPointExtension>
            <ns3:hr>154</ns3:hr>
          </ns3:TrackPointExtension>
        </extensions>
      </trkpt>
      <trkpt lat="51.7613297514617443084716796875" lon="5.60494420118629932403564453125">
        <ele>13.80000019073486328125</ele>
        <time>2025-03-10T12:14:37.000Z</time>
        <extensions>
          <ns3:TrackPointExtension>
            <ns3:hr>157</ns3:hr>
          </ns3:TrackPointExtension>
        </extensions>
      </trkpt>
      <trkpt lat="51.7613297514617443084716796875" lon="5.60498778708279132843017578125">
        <ele>13.6000003814697265625</ele>
        <time>2025-03-10T12:14:40.000Z</time>
        <extensions>
          <ns3:TrackPointExtension>
            <ns3:hr>154</ns3:hr>
          </ns3:TrackPointExtension>
        </extensions>
      </trkpt>
      <trkpt lat="51.76133922301232814788818359375" lon="5.60499851591885089874267578125">
        <ele>13.6000003814697265625</ele>
        <time>2025-03-10T12:14:42.000Z</time>
        <extensions>
          <ns3:TrackPointExtension>
            <ns3:hr>154</ns3:hr>
          </ns3:TrackPointExtension>
        </extensions>
      </trkpt>
      <trkpt lat="51.76134224049746990203857421875" lon="5.60500346124172210693359375">
        <ele>13.80000019073486328125</ele>
        <time>2025-03-10T12:14:43.000Z</time>
        <extensions>
          <ns3:TrackPointExtension>
            <ns3:hr>154</ns3:hr>
          </ns3:TrackPointExtension>
        </extensions>
      </trkpt>
      <trkpt lat="51.7613592557609081268310546875" lon="5.60506288893520832061767578125">
        <ele>14</ele>
        <time>2025-03-10T12:14:47.000Z</time>
        <extensions>
          <ns3:TrackPointExtension>
            <ns3:hr>153</ns3:hr>
          </ns3:TrackPointExtension>
        </extensions>
      </trkpt>
      <trkpt lat="51.76137191243469715118408203125" lon="5.60512156225740909576416015625">
        <ele>14.19999980926513671875</ele>
        <time>2025-03-10T12:14:52.000Z</time>
        <extensions>
          <ns3:TrackPointExtension>
            <ns3:hr>153</ns3:hr>
          </ns3:TrackPointExtension>
        </extensions>
      </trkpt>
      <trkpt lat="51.7613803781569004058837890625" lon="5.60515173710882663726806640625">
        <ele>14.3999996185302734375</ele>
        <time>2025-03-10T12:14:55.000Z</time>
        <extensions>
          <ns3:TrackPointExtension>
            <ns3:hr>152</ns3:hr>
          </ns3:TrackPointExtension>
        </extensions>
      </trkpt>
      <trkpt lat="51.76139303483068943023681640625" lon="5.6051950715482234954833984375">
        <ele>14.3999996185302734375</ele>
        <time>2025-03-10T12:14:58.000Z</time>
        <extensions>
          <ns3:TrackPointExtension>
            <ns3:hr>152</ns3:hr>
          </ns3:TrackPointExtension>
        </extensions>
      </trkpt>
      <trkpt lat="51.76140443421900272369384765625" lon="5.60526489280164241790771484375">
        <ele>14.19999980926513671875</ele>
        <time>2025-03-10T12:15:04.000Z</time>
        <extensions>
          <ns3:TrackPointExtension>
            <ns3:hr>150</ns3:hr>
          </ns3:TrackPointExtension>
        </extensions>
      </trkpt>
      <trkpt lat="51.76142019219696521759033203125" lon="5.60532960109412670135498046875">
        <ele>14</ele>
        <time>2025-03-10T12:15:09.000Z</time>
        <extensions>
          <ns3:TrackPointExtension>
            <ns3:hr>151</ns3:hr>
          </ns3:TrackPointExtension>
        </extensions>
      </trkpt>
      <trkpt lat="51.76142673008143901824951171875" lon="5.60536581091582775115966796875">
        <ele>14</ele>
        <time>2025-03-10T12:15:12.000Z</time>
        <extensions>
          <ns3:TrackPointExtension>
            <ns3:hr>154</ns3:hr>
          </ns3:TrackPointExtension>
        </extensions>
      </trkpt>
      <trkpt lat="51.76143444143235683441162109375" lon="5.6053917109966278076171875">
        <ele>13.80000019073486328125</ele>
        <time>2025-03-10T12:15:14.000Z</time>
        <extensions>
          <ns3:TrackPointExtension>
            <ns3:hr>154</ns3:hr>
          </ns3:TrackPointExtension>
        </extensions>
      </trkpt>
      <trkpt lat="51.76145573146641254425048828125" lon="5.6054659746587276458740234375">
        <ele>13.80000019073486328125</ele>
        <time>2025-03-10T12:15:20.000Z</time>
        <extensions>
          <ns3:TrackPointExtension>
            <ns3:hr>152</ns3:hr>
          </ns3:TrackPointExtension>
        </extensions>
      </trkpt>
      <trkpt lat="51.76149294711649417877197265625" lon="5.60551702044904232025146484375">
        <ele>13.6000003814697265625</ele>
        <time>2025-03-10T12:15:26.000Z</time>
        <extensions>
          <ns3:TrackPointExtension>
            <ns3:hr>152</ns3:hr>
          </ns3:TrackPointExtension>
        </extensions>
      </trkpt>
      <trkpt lat="51.7615252174437046051025390625" lon="5.6055987440049648284912109375">
        <ele>13.80000019073486328125</ele>
        <time>2025-03-10T12:15:32.000Z</time>
        <extensions>
          <ns3:TrackPointExtension>
            <ns3:hr>152</ns3:hr>
          </ns3:TrackPointExtension>
        </extensions>
      </trkpt>
      <trkpt lat="51.76152102649211883544921875" lon="5.60560385696589946746826171875">
        <ele>14.3999996185302734375</ele>
        <time>2025-03-10T12:15:37.000Z</time>
        <extensions>
          <ns3:TrackPointExtension>
            <ns3:hr>152</ns3:hr>
          </ns3:TrackPointExtension>
        </extensions>
      </trkpt>
      <trkpt lat="51.76153267733752727508544921875" lon="5.605629421770572662353515625">
        <ele>14.19999980926513671875</ele>
        <time>2025-03-10T12:15:42.000Z</time>
        <extensions>
          <ns3:TrackPointExtension>
            <ns3:hr>151</ns3:hr>
          </ns3:TrackPointExtension>
        </extensions>
      </trkpt>
      <trkpt lat="51.76154659129679203033447265625" lon="5.605684407055377960205078125">
        <ele>13.6000003814697265625</ele>
        <time>2025-03-10T12:15:49.000Z</time>
        <extensions>
          <ns3:TrackPointExtension>
            <ns3:hr>153</ns3:hr>
          </ns3:TrackPointExtension>
        </extensions>
      </trkpt>
      <trkpt lat="51.76157626323401927947998046875" lon="5.605738051235675811767578125">
        <ele>13.19999980926513671875</ele>
        <time>2025-03-10T12:15:54.000Z</time>
        <extensions>
          <ns3:TrackPointExtension>
            <ns3:hr>153</ns3:hr>
          </ns3:TrackPointExtension>
        </extensions>
      </trkpt>
      <trkpt lat="51.76158280111849308013916015625" lon="5.60575389303267002105712890625">
        <ele>13</ele>
        <time>2025-03-10T12:15:55.000Z</time>
        <extensions>
          <ns3:TrackPointExtension>
            <ns3:hr>153</ns3:hr>
          </ns3:TrackPointExtension>
        </extensions>
      </trkpt>
      <trkpt lat="51.7615912668406963348388671875" lon="5.6057764403522014617919921875">
        <ele>13</ele>
        <time>2025-03-10T12:15:57.000Z</time>
        <extensions>
          <ns3:TrackPointExtension>
            <ns3:hr>154</ns3:hr>
          </ns3:TrackPointExtension>
        </extensions>
      </trkpt>
      <trkpt lat="51.76160476170480251312255859375" lon="5.605838298797607421875">
        <ele>13.19999980926513671875</ele>
        <time>2025-03-10T12:16:02.000Z</time>
        <extensions>
          <ns3:TrackPointExtension>
            <ns3:hr>155</ns3:hr>
          </ns3:TrackPointExtension>
        </extensions>
      </trkpt>
      <trkpt lat="51.76163770258426666259765625" lon="5.60592069290578365325927734375">
        <ele>13.19999980926513671875</ele>
        <time>2025-03-10T12:16:08.000Z</time>
        <extensions>
          <ns3:TrackPointExtension>
            <ns3:hr>154</ns3:hr>
          </ns3:TrackPointExtension>
        </extensions>
      </trkpt>
      <trkpt lat="51.7616620101034641265869140625" lon="5.60598372481763362884521484375">
        <ele>13.19999980926513671875</ele>
        <time>2025-03-10T12:16:14.000Z</time>
        <extensions>
          <ns3:TrackPointExtension>
            <ns3:hr>153</ns3:hr>
          </ns3:TrackPointExtension>
        </extensions>
      </trkpt>
      <trkpt lat="51.76169545389711856842041015625" lon="5.6060802005231380462646484375">
        <ele>13.3999996185302734375</ele>
        <time>2025-03-10T12:16:21.000Z</time>
        <extensions>
          <ns3:TrackPointExtension>
            <ns3:hr>151</ns3:hr>
          </ns3:TrackPointExtension>
        </extensions>
      </trkpt>
      <trkpt lat="51.76170718856155872344970703125" lon="5.60610526241362094879150390625">
        <ele>13.6000003814697265625</ele>
        <time>2025-03-10T12:16:24.000Z</time>
        <extensions>
          <ns3:TrackPointExtension>
            <ns3:hr>154</ns3:hr>
          </ns3:TrackPointExtension>
        </extensions>
      </trkpt>
      <trkpt lat="51.76170735619962215423583984375" lon="5.6061221100389957427978515625">
        <ele>13.80000019073486328125</ele>
        <time>2025-03-10T12:16:25.000Z</time>
        <extensions>
          <ns3:TrackPointExtension>
            <ns3:hr>155</ns3:hr>
          </ns3:TrackPointExtension>
        </extensions>
      </trkpt>
      <trkpt lat="51.761710457503795623779296875" lon="5.6061613373458385467529296875">
        <ele>13.80000019073486328125</ele>
        <time>2025-03-10T12:16:27.000Z</time>
        <extensions>
          <ns3:TrackPointExtension>
            <ns3:hr>153</ns3:hr>
          </ns3:TrackPointExtension>
        </extensions>
      </trkpt>
      <trkpt lat="51.761739961802959442138671875" lon="5.60626066289842128753662109375">
        <ele>14</ele>
        <time>2025-03-10T12:16:33.000Z</time>
        <extensions>
          <ns3:TrackPointExtension>
            <ns3:hr>154</ns3:hr>
          </ns3:TrackPointExtension>
        </extensions>
      </trkpt>
      <trkpt lat="51.761763431131839752197265625" lon="5.60631648637354373931884765625">
        <ele>14</ele>
        <time>2025-03-10T12:16:38.000Z</time>
        <extensions>
          <ns3:TrackPointExtension>
            <ns3:hr>154</ns3:hr>
          </ns3:TrackPointExtension>
        </extensions>
      </trkpt>
      <trkpt lat="51.76178195513784885406494140625" lon="5.6063561327755451202392578125">
        <ele>14.19999980926513671875</ele>
        <time>2025-03-10T12:16:42.000Z</time>
        <extensions>
          <ns3:TrackPointExtension>
            <ns3:hr>151</ns3:hr>
          </ns3:TrackPointExtension>
        </extensions>
      </trkpt>
      <trkpt lat="51.76179234869778156280517578125" lon="5.606393851339817047119140625">
        <ele>14.19999980926513671875</ele>
        <time>2025-03-10T12:16:44.000Z</time>
        <extensions>
          <ns3:TrackPointExtension>
            <ns3:hr>150</ns3:hr>
          </ns3:TrackPointExtension>
        </extensions>
      </trkpt>
      <trkpt lat="51.76180475391447544097900390625" lon="5.606483034789562225341796875">
        <ele>14.19999980926513671875</ele>
        <time>2025-03-10T12:16:50.000Z</time>
        <extensions>
          <ns3:TrackPointExtension>
            <ns3:hr>149</ns3:hr>
          </ns3:TrackPointExtension>
        </extensions>
      </trkpt>
      <trkpt lat="51.761809699237346649169921875" lon="5.60653776861727237701416015625">
        <ele>14.19999980926513671875</ele>
        <time>2025-03-10T12:16:55.000Z</time>
        <extensions>
          <ns3:TrackPointExtension>
            <ns3:hr>149</ns3:hr>
          </ns3:TrackPointExtension>
        </extensions>
      </trkpt>
      <trkpt lat="51.7618100345134735107421875" lon="5.60654832981526851654052734375">
        <ele>14.3999996185302734375</ele>
        <time>2025-03-10T12:16:56.000Z</time>
        <extensions>
          <ns3:TrackPointExtension>
            <ns3:hr>149</ns3:hr>
          </ns3:TrackPointExtension>
        </extensions>
      </trkpt>
      <trkpt lat="51.76182654686272144317626953125" lon="5.60660339891910552978515625">
        <ele>14.80000019073486328125</ele>
        <time>2025-03-10T12:17:01.000Z</time>
        <extensions>
          <ns3:TrackPointExtension>
            <ns3:hr>150</ns3:hr>
          </ns3:TrackPointExtension>
        </extensions>
      </trkpt>
      <trkpt lat="51.7618460766971111297607421875" lon="5.606663413345813751220703125">
        <ele>14.80000019073486328125</ele>
        <time>2025-03-10T12:17:06.000Z</time>
        <extensions>
          <ns3:TrackPointExtension>
            <ns3:hr>151</ns3:hr>
          </ns3:TrackPointExtension>
        </extensions>
      </trkpt>
      <trkpt lat="51.7618477530777454376220703125" lon="5.60667556710541248321533203125">
        <ele>14.19999980926513671875</ele>
        <time>2025-03-10T12:17:12.000Z</time>
        <extensions>
          <ns3:TrackPointExtension>
            <ns3:hr>152</ns3:hr>
          </ns3:TrackPointExtension>
        </extensions>
      </trkpt>
      <trkpt lat="51.7618792690336704254150390625" lon="5.60678687877953052520751953125">
        <ele>13.80000019073486328125</ele>
        <time>2025-03-10T12:17:18.000Z</time>
        <extensions>
          <ns3:TrackPointExtension>
            <ns3:hr>152</ns3:hr>
          </ns3:TrackPointExtension>
        </extensions>
      </trkpt>
      <trkpt lat="51.76188488490879535675048828125" lon="5.60686348937451839447021484375">
        <ele>13.80000019073486328125</ele>
        <time>2025-03-10T12:17:24.000Z</time>
        <extensions>
          <ns3:TrackPointExtension>
            <ns3:hr>155</ns3:hr>
          </ns3:TrackPointExtension>
        </extensions>
      </trkpt>
      <trkpt lat="51.76191170699894428253173828125" lon="5.60693205334246158599853515625">
        <ele>13.80000019073486328125</ele>
        <time>2025-03-10T12:17:29.000Z</time>
        <extensions>
          <ns3:TrackPointExtension>
            <ns3:hr>158</ns3:hr>
          </ns3:TrackPointExtension>
        </extensions>
      </trkpt>
      <trkpt lat="51.7619312368333339691162109375" lon="5.60697983019053936004638671875">
        <ele>13.19999980926513671875</ele>
        <time>2025-03-10T12:17:34.000Z</time>
        <extensions>
          <ns3:TrackPointExtension>
            <ns3:hr>159</ns3:hr>
          </ns3:TrackPointExtension>
        </extensions>
      </trkpt>
      <trkpt lat="51.76193467341363430023193359375" lon="5.6069851107895374298095703125">
        <ele>13.19999980926513671875</ele>
        <time>2025-03-10T12:17:35.000Z</time>
        <extensions>
          <ns3:TrackPointExtension>
            <ns3:hr>160</ns3:hr>
          </ns3:TrackPointExtension>
        </extensions>
      </trkpt>
      <trkpt lat="51.76196719519793987274169921875" lon="5.60707538388669490814208984375">
        <ele>12.80000019073486328125</ele>
        <time>2025-03-10T12:17:42.000Z</time>
        <extensions>
          <ns3:TrackPointExtension>
            <ns3:hr>160</ns3:hr>
          </ns3:TrackPointExtension>
        </extensions>
      </trkpt>
      <trkpt lat="51.76198982633650302886962890625" lon="5.60715903528034687042236328125">
        <ele>12.80000019073486328125</ele>
        <time>2025-03-10T12:17:48.000Z</time>
        <extensions>
          <ns3:TrackPointExtension>
            <ns3:hr>159</ns3:hr>
          </ns3:TrackPointExtension>
        </extensions>
      </trkpt>
      <trkpt lat="51.7620130442082881927490234375" lon="5.60725919902324676513671875">
        <ele>12.80000019073486328125</ele>
        <time>2025-03-10T12:17:54.000Z</time>
        <extensions>
          <ns3:TrackPointExtension>
            <ns3:hr>157</ns3:hr>
          </ns3:TrackPointExtension>
        </extensions>
      </trkpt>
      <trkpt lat="51.762030981481075286865234375" lon="5.60733555816113948822021484375">
        <ele>13</ele>
        <time>2025-03-10T12:17:59.000Z</time>
        <extensions>
          <ns3:TrackPointExtension>
            <ns3:hr>157</ns3:hr>
          </ns3:TrackPointExtension>
        </extensions>
      </trkpt>
      <trkpt lat="51.762037016451358795166015625" lon="5.6073472090065479278564453125">
        <ele>13.3999996185302734375</ele>
        <time>2025-03-10T12:18:05.000Z</time>
        <extensions>
          <ns3:TrackPointExtension>
            <ns3:hr>156</ns3:hr>
          </ns3:TrackPointExtension>
        </extensions>
      </trkpt>
      <trkpt lat="51.76204481162130832672119140625" lon="5.6073378212749958038330078125">
        <ele>13.80000019073486328125</ele>
        <time>2025-03-10T12:18:11.000Z</time>
        <extensions>
          <ns3:TrackPointExtension>
            <ns3:hr>153</ns3:hr>
          </ns3:TrackPointExtension>
        </extensions>
      </trkpt>
      <trkpt lat="51.7620428837835788726806640625" lon="5.60733103193342685699462890625">
        <ele>13.6000003814697265625</ele>
        <time>2025-03-10T12:18:13.000Z</time>
        <extensions>
          <ns3:TrackPointExtension>
            <ns3:hr>153</ns3:hr>
          </ns3:TrackPointExtension>
        </extensions>
      </trkpt>
      <trkpt lat="51.762042380869388580322265625" lon="5.6073274277150630950927734375">
        <ele>13.6000003814697265625</ele>
        <time>2025-03-10T12:18:15.000Z</time>
        <extensions>
          <ns3:TrackPointExtension>
            <ns3:hr>157</ns3:hr>
          </ns3:TrackPointExtension>
        </extensions>
      </trkpt>
      <trkpt lat="51.762041710317134857177734375" lon="5.607325918972492218017578125">
        <ele>13.19999980926513671875</ele>
        <time>2025-03-10T12:18:18.000Z</time>
        <extensions>
          <ns3:TrackPointExtension>
            <ns3:hr>160</ns3:hr>
          </ns3:TrackPointExtension>
        </extensions>
      </trkpt>
      <trkpt lat="51.7620459012687206268310546875" lon="5.607356093823909759521484375">
        <ele>13</ele>
        <time>2025-03-10T12:18:20.000Z</time>
        <extensions>
          <ns3:TrackPointExtension>
            <ns3:hr>160</ns3:hr>
          </ns3:TrackPointExtension>
        </extensions>
      </trkpt>
      <trkpt lat="51.7620586417615413665771484375" lon="5.60744401998817920684814453125">
        <ele>12.80000019073486328125</ele>
        <time>2025-03-10T12:18:27.000Z</time>
        <extensions>
          <ns3:TrackPointExtension>
            <ns3:hr>159</ns3:hr>
          </ns3:TrackPointExtension>
        </extensions>
      </trkpt>
      <trkpt lat="51.7620821110904216766357421875" lon="5.60752113349735736846923828125">
        <ele>13</ele>
        <time>2025-03-10T12:18:31.000Z</time>
        <extensions>
          <ns3:TrackPointExtension>
            <ns3:hr>162</ns3:hr>
          </ns3:TrackPointExtension>
        </extensions>
      </trkpt>
      <trkpt lat="51.76209292374551296234130859375" lon="5.60753940604627132415771484375">
        <ele>13.19999980926513671875</ele>
        <time>2025-03-10T12:18:33.000Z</time>
        <extensions>
          <ns3:TrackPointExtension>
            <ns3:hr>162</ns3:hr>
          </ns3:TrackPointExtension>
        </extensions>
      </trkpt>
      <trkpt lat="51.76210599951446056365966796875" lon="5.60754879377782344818115234375">
        <ele>13.3999996185302734375</ele>
        <time>2025-03-10T12:18:36.000Z</time>
        <extensions>
          <ns3:TrackPointExtension>
            <ns3:hr>159</ns3:hr>
          </ns3:TrackPointExtension>
        </extensions>
      </trkpt>
      <trkpt lat="51.7621250264346599578857421875" lon="5.607586763799190521240234375">
        <ele>13.3999996185302734375</ele>
        <time>2025-03-10T12:18:39.000Z</time>
        <extensions>
          <ns3:TrackPointExtension>
            <ns3:hr>158</ns3:hr>
          </ns3:TrackPointExtension>
        </extensions>
      </trkpt>
      <trkpt lat="51.762153692543506622314453125" lon="5.6076777912676334381103515625">
        <ele>13.6000003814697265625</ele>
        <time>2025-03-10T12:18:45.000Z</time>
        <extensions>
          <ns3:TrackPointExtension>
            <ns3:hr>154</ns3:hr>
          </ns3:TrackPointExtension>
        </extensions>
      </trkpt>
      <trkpt lat="51.7621568776667118072509765625" lon="5.60769665054976940155029296875">
        <ele>13.80000019073486328125</ele>
        <time>2025-03-10T12:18:46.000Z</time>
        <extensions>
          <ns3:TrackPointExtension>
            <ns3:hr>154</ns3:hr>
          </ns3:TrackPointExtension>
        </extensions>
      </trkpt>
      <trkpt lat="51.7621733061969280242919921875" lon="5.60777275823056697845458984375">
        <ele>13.80000019073486328125</ele>
        <time>2025-03-10T12:18:50.000Z</time>
        <extensions>
          <ns3:TrackPointExtension>
            <ns3:hr>157</ns3:hr>
          </ns3:TrackPointExtension>
        </extensions>
      </trkpt>
      <trkpt lat="51.76217808388173580169677734375" lon="5.60778449289500713348388671875">
        <ele>13.6000003814697265625</ele>
        <time>2025-03-10T12:18:51.000Z</time>
        <extensions>
          <ns3:TrackPointExtension>
            <ns3:hr>157</ns3:hr>
          </ns3:TrackPointExtension>
        </extensions>
      </trkpt>
      <trkpt lat="51.76218462176620960235595703125" lon="5.60781114734709262847900390625">
        <ele>13.6000003814697265625</ele>
        <time>2025-03-10T12:18:53.000Z</time>
        <extensions>
          <ns3:TrackPointExtension>
            <ns3:hr>161</ns3:hr>
          </ns3:TrackPointExtension>
        </extensions>
      </trkpt>
      <trkpt lat="51.762198619544506072998046875" lon="5.6078700721263885498046875">
        <ele>13.6000003814697265625</ele>
        <time>2025-03-10T12:18:57.000Z</time>
        <extensions>
          <ns3:TrackPointExtension>
            <ns3:hr>162</ns3:hr>
          </ns3:TrackPointExtension>
        </extensions>
      </trkpt>
      <trkpt lat="51.7622145451605319976806640625" lon="5.60789882205426692962646484375">
        <ele>13.19999980926513671875</ele>
        <time>2025-03-10T12:19:02.000Z</time>
        <extensions>
          <ns3:TrackPointExtension>
            <ns3:hr>162</ns3:hr>
          </ns3:TrackPointExtension>
        </extensions>
      </trkpt>
      <trkpt lat="51.7622418701648712158203125" lon="5.60799722559750080108642578125">
        <ele>13</ele>
        <time>2025-03-10T12:19:07.000Z</time>
        <extensions>
          <ns3:TrackPointExtension>
            <ns3:hr>162</ns3:hr>
          </ns3:TrackPointExtension>
        </extensions>
      </trkpt>
      <trkpt lat="51.762252934277057647705078125" lon="5.6080524623394012451171875">
        <ele>13.19999980926513671875</ele>
        <time>2025-03-10T12:19:12.000Z</time>
        <extensions>
          <ns3:TrackPointExtension>
            <ns3:hr>163</ns3:hr>
          </ns3:TrackPointExtension>
        </extensions>
      </trkpt>
      <trkpt lat="51.76227246411144733428955078125" lon="5.60810417868196964263916015625">
        <ele>13.19999980926513671875</ele>
        <time>2025-03-10T12:19:15.000Z</time>
        <extensions>
          <ns3:TrackPointExtension>
            <ns3:hr>159</ns3:hr>
          </ns3:TrackPointExtension>
        </extensions>
      </trkpt>
      <trkpt lat="51.76228118129074573516845703125" lon="5.6081481836736202239990234375">
        <ele>13.3999996185302734375</ele>
        <time>2025-03-10T12:19:18.000Z</time>
        <extensions>
          <ns3:TrackPointExtension>
            <ns3:hr>155</ns3:hr>
          </ns3:TrackPointExtension>
        </extensions>
      </trkpt>
      <trkpt lat="51.76229417324066162109375" lon="5.60823124833405017852783203125">
        <ele>13.3999996185302734375</ele>
        <time>2025-03-10T12:19:23.000Z</time>
        <extensions>
          <ns3:TrackPointExtension>
            <ns3:hr>155</ns3:hr>
          </ns3:TrackPointExtension>
        </extensions>
      </trkpt>
      <trkpt lat="51.76231655292212963104248046875" lon="5.608300231397151947021484375">
        <ele>13.19999980926513671875</ele>
        <time>2025-03-10T12:19:30.000Z</time>
        <extensions>
          <ns3:TrackPointExtension>
            <ns3:hr>154</ns3:hr>
          </ns3:TrackPointExtension>
        </extensions>
      </trkpt>
      <trkpt lat="51.76233549602329730987548828125" lon="5.60836183838546276092529296875">
        <ele>13.80000019073486328125</ele>
        <time>2025-03-10T12:19:35.000Z</time>
        <extensions>
          <ns3:TrackPointExtension>
            <ns3:hr>155</ns3:hr>
          </ns3:TrackPointExtension>
        </extensions>
      </trkpt>
      <trkpt lat="51.76236097700893878936767578125" lon="5.60842822305858135223388671875">
        <ele>13.80000019073486328125</ele>
        <time>2025-03-10T12:19:41.000Z</time>
        <extensions>
          <ns3:TrackPointExtension>
            <ns3:hr>156</ns3:hr>
          </ns3:TrackPointExtension>
        </extensions>
      </trkpt>
      <trkpt lat="51.7623852007091045379638671875" lon="5.6085253693163394927978515625">
        <ele>13.3999996185302734375</ele>
        <time>2025-03-10T12:19:47.000Z</time>
        <extensions>
          <ns3:TrackPointExtension>
            <ns3:hr>156</ns3:hr>
          </ns3:TrackPointExtension>
        </extensions>
      </trkpt>
      <trkpt lat="51.76239366643130779266357421875" lon="5.60857960022985935211181640625">
        <ele>13.3999996185302734375</ele>
        <time>2025-03-10T12:19:51.000Z</time>
        <extensions>
          <ns3:TrackPointExtension>
            <ns3:hr>155</ns3:hr>
          </ns3:TrackPointExtension>
        </extensions>
      </trkpt>
      <trkpt lat="51.7623989470303058624267578125" lon="5.608595274388790130615234375">
        <ele>13.3999996185302734375</ele>
        <time>2025-03-10T12:19:52.000Z</time>
        <extensions>
          <ns3:TrackPointExtension>
            <ns3:hr>156</ns3:hr>
          </ns3:TrackPointExtension>
        </extensions>
      </trkpt>
      <trkpt lat="51.7624073289334774017333984375" lon="5.60862301848828792572021484375">
        <ele>13.3999996185302734375</ele>
        <time>2025-03-10T12:19:54.000Z</time>
        <extensions>
          <ns3:TrackPointExtension>
            <ns3:hr>159</ns3:hr>
          </ns3:TrackPointExtension>
        </extensions>
      </trkpt>
      <trkpt lat="51.7624157108366489410400390625" lon="5.60866174288094043731689453125">
        <ele>13.6000003814697265625</ele>
        <time>2025-03-10T12:19:58.000Z</time>
        <extensions>
          <ns3:TrackPointExtension>
            <ns3:hr>160</ns3:hr>
          </ns3:TrackPointExtension>
        </extensions>
      </trkpt>
      <trkpt lat="51.76242853514850139617919921875" lon="5.6087458133697509765625">
        <ele>13.6000003814697265625</ele>
        <time>2025-03-10T12:20:03.000Z</time>
        <extensions>
          <ns3:TrackPointExtension>
            <ns3:hr>159</ns3:hr>
          </ns3:TrackPointExtension>
        </extensions>
      </trkpt>
      <trkpt lat="51.76244781352579593658447265625" lon="5.6088026426732540130615234375">
        <ele>13.80000019073486328125</ele>
        <time>2025-03-10T12:20:08.000Z</time>
        <extensions>
          <ns3:TrackPointExtension>
            <ns3:hr>156</ns3:hr>
          </ns3:TrackPointExtension>
        </extensions>
      </trkpt>
      <trkpt lat="51.7624509148299694061279296875" lon="5.608822591602802276611328125">
        <ele>13.80000019073486328125</ele>
        <time>2025-03-10T12:20:10.000Z</time>
        <extensions>
          <ns3:TrackPointExtension>
            <ns3:hr>155</ns3:hr>
          </ns3:TrackPointExtension>
        </extensions>
      </trkpt>
      <trkpt lat="51.762464828789234161376953125" lon="5.60889258049428462982177734375">
        <ele>13.80000019073486328125</ele>
        <time>2025-03-10T12:20:15.000Z</time>
        <extensions>
          <ns3:TrackPointExtension>
            <ns3:hr>154</ns3:hr>
          </ns3:TrackPointExtension>
        </extensions>
      </trkpt>
      <trkpt lat="51.76247128285467624664306640625" lon="5.60891102068126201629638671875">
        <ele>13.80000019073486328125</ele>
        <time>2025-03-10T12:20:18.000Z</time>
        <extensions>
          <ns3:TrackPointExtension>
            <ns3:hr>151</ns3:hr>
          </ns3:TrackPointExtension>
        </extensions>
      </trkpt>
      <trkpt lat="51.762479245662689208984375" lon="5.6089402735233306884765625">
        <ele>13.80000019073486328125</ele>
        <time>2025-03-10T12:20:21.000Z</time>
        <extensions>
          <ns3:TrackPointExtension>
            <ns3:hr>150</ns3:hr>
          </ns3:TrackPointExtension>
        </extensions>
      </trkpt>
      <trkpt lat="51.762497015297412872314453125" lon="5.609022080898284912109375">
        <ele>13.80000019073486328125</ele>
        <time>2025-03-10T12:20:27.000Z</time>
        <extensions>
          <ns3:TrackPointExtension>
            <ns3:hr>151</ns3:hr>
          </ns3:TrackPointExtension>
        </extensions>
      </trkpt>
      <trkpt lat="51.762511096894741058349609375" lon="5.60906742699444293975830078125">
        <ele>13.80000019073486328125</ele>
        <time>2025-03-10T12:20:33.000Z</time>
        <extensions>
          <ns3:TrackPointExtension>
            <ns3:hr>150</ns3:hr>
          </ns3:TrackPointExtension>
        </extensions>
      </trkpt>
      <trkpt lat="51.762527525424957275390625" lon="5.6091241724789142608642578125">
        <ele>14</ele>
        <time>2025-03-10T12:20:39.000Z</time>
        <extensions>
          <ns3:TrackPointExtension>
            <ns3:hr>150</ns3:hr>
          </ns3:TrackPointExtension>
        </extensions>
      </trkpt>
      <trkpt lat="51.76256298087537288665771484375" lon="5.609184019267559051513671875">
        <ele>13.19999980926513671875</ele>
        <time>2025-03-10T12:20:44.000Z</time>
        <extensions>
          <ns3:TrackPointExtension>
            <ns3:hr>153</ns3:hr>
          </ns3:TrackPointExtension>
        </extensions>
      </trkpt>
      <trkpt lat="51.762576140463352203369140625" lon="5.60920639894902706146240234375">
        <ele>13</ele>
        <time>2025-03-10T12:20:46.000Z</time>
        <extensions>
          <ns3:TrackPointExtension>
            <ns3:hr>153</ns3:hr>
          </ns3:TrackPointExtension>
        </extensions>
      </trkpt>
      <trkpt lat="51.76260329782962799072265625" lon="5.609281249344348907470703125">
        <ele>13</ele>
        <time>2025-03-10T12:20:51.000Z</time>
        <extensions>
          <ns3:TrackPointExtension>
            <ns3:hr>154</ns3:hr>
          </ns3:TrackPointExtension>
        </extensions>
      </trkpt>
      <trkpt lat="51.762616373598575592041015625" lon="5.609369762241840362548828125">
        <ele>13.6000003814697265625</ele>
        <time>2025-03-10T12:20:57.000Z</time>
        <extensions>
          <ns3:TrackPointExtension>
            <ns3:hr>152</ns3:hr>
          </ns3:TrackPointExtension>
        </extensions>
      </trkpt>
      <trkpt lat="51.76263372413814067840576171875" lon="5.60945324599742889404296875">
        <ele>14</ele>
        <time>2025-03-10T12:21:04.000Z</time>
        <extensions>
          <ns3:TrackPointExtension>
            <ns3:hr>154</ns3:hr>
          </ns3:TrackPointExtension>
        </extensions>
      </trkpt>
      <trkpt lat="51.7626517452299594879150390625" lon="5.60954251326620578765869140625">
        <ele>14</ele>
        <time>2025-03-10T12:21:10.000Z</time>
        <extensions>
          <ns3:TrackPointExtension>
            <ns3:hr>154</ns3:hr>
          </ns3:TrackPointExtension>
        </extensions>
      </trkpt>
      <trkpt lat="51.7626644857227802276611328125" lon="5.60962532646954059600830078125">
        <ele>14.19999980926513671875</ele>
        <time>2025-03-10T12:21:16.000Z</time>
        <extensions>
          <ns3:TrackPointExtension>
            <ns3:hr>156</ns3:hr>
          </ns3:TrackPointExtension>
        </extensions>
      </trkpt>
      <trkpt lat="51.76266440190374851226806640625" lon="5.60963940806686878204345703125">
        <ele>14.6000003814697265625</ele>
        <time>2025-03-10T12:21:17.000Z</time>
        <extensions>
          <ns3:TrackPointExtension>
            <ns3:hr>156</ns3:hr>
          </ns3:TrackPointExtension>
        </extensions>
      </trkpt>
      <trkpt lat="51.7626671679317951202392578125" lon="5.60969104059040546417236328125">
        <ele>14.80000019073486328125</ele>
        <time>2025-03-10T12:21:22.000Z</time>
        <extensions>
          <ns3:TrackPointExtension>
            <ns3:hr>156</ns3:hr>
          </ns3:TrackPointExtension>
        </extensions>
      </trkpt>
      <trkpt lat="51.76268099807202816009521484375" lon="5.609762035310268402099609375">
        <ele>14</ele>
        <time>2025-03-10T12:21:27.000Z</time>
        <extensions>
          <ns3:TrackPointExtension>
            <ns3:hr>153</ns3:hr>
          </ns3:TrackPointExtension>
        </extensions>
      </trkpt>
      <trkpt lat="51.76268502138555049896240234375" lon="5.6097757816314697265625">
        <ele>14</ele>
        <time>2025-03-10T12:21:28.000Z</time>
        <extensions>
          <ns3:TrackPointExtension>
            <ns3:hr>153</ns3:hr>
          </ns3:TrackPointExtension>
        </extensions>
      </trkpt>
      <trkpt lat="51.76269943825900554656982421875" lon="5.6098118238151073455810546875">
        <ele>14</ele>
        <time>2025-03-10T12:21:31.000Z</time>
        <extensions>
          <ns3:TrackPointExtension>
            <ns3:hr>157</ns3:hr>
          </ns3:TrackPointExtension>
        </extensions>
      </trkpt>
      <trkpt lat="51.7627037130296230316162109375" lon="5.60983202420175075531005859375">
        <ele>14.19999980926513671875</ele>
        <time>2025-03-10T12:21:35.000Z</time>
        <extensions>
          <ns3:TrackPointExtension>
            <ns3:hr>156</ns3:hr>
          </ns3:TrackPointExtension>
        </extensions>
      </trkpt>
      <trkpt lat="51.762715615332126617431640625" lon="5.60987628065049648284912109375">
        <ele>14.3999996185302734375</ele>
        <time>2025-03-10T12:21:43.000Z</time>
        <extensions>
          <ns3:TrackPointExtension>
            <ns3:hr>156</ns3:hr>
          </ns3:TrackPointExtension>
        </extensions>
      </trkpt>
      <trkpt lat="51.76271100528538227081298828125" lon="5.6098969839513301849365234375">
        <ele>14.3999996185302734375</ele>
        <time>2025-03-10T12:21:45.000Z</time>
        <extensions>
          <ns3:TrackPointExtension>
            <ns3:hr>153</ns3:hr>
          </ns3:TrackPointExtension>
        </extensions>
      </trkpt>
      <trkpt lat="51.76270966418087482452392578125" lon="5.6099080480635166168212890625">
        <ele>14.3999996185302734375</ele>
        <time>2025-03-10T12:21:49.000Z</time>
        <extensions>
          <ns3:TrackPointExtension>
            <ns3:hr>152</ns3:hr>
          </ns3:TrackPointExtension>
        </extensions>
      </trkpt>
      <trkpt lat="51.7627275176346302032470703125" lon="5.6099073775112628936767578125">
        <ele>14.19999980926513671875</ele>
        <time>2025-03-10T12:21:56.000Z</time>
        <extensions>
          <ns3:TrackPointExtension>
            <ns3:hr>153</ns3:hr>
          </ns3:TrackPointExtension>
        </extensions>
      </trkpt>
      <trkpt lat="51.76273631863296031951904296875" lon="5.60989036224782466888427734375">
        <ele>14.3999996185302734375</ele>
        <time>2025-03-10T12:22:02.000Z</time>
        <extensions>
          <ns3:TrackPointExtension>
            <ns3:hr>152</ns3:hr>
          </ns3:TrackPointExtension>
        </extensions>
      </trkpt>
      <trkpt lat="51.76274050958454608917236328125" lon="5.609928667545318603515625">
        <ele>14.3999996185302734375</ele>
        <time>2025-03-10T12:22:07.000Z</time>
        <extensions>
          <ns3:TrackPointExtension>
            <ns3:hr>149</ns3:hr>
          </ns3:TrackPointExtension>
        </extensions>
      </trkpt>
      <trkpt lat="51.7627503164112567901611328125" lon="5.6100056134164333343505859375">
        <ele>15</ele>
        <time>2025-03-10T12:22:13.000Z</time>
        <extensions>
          <ns3:TrackPointExtension>
            <ns3:hr>148</ns3:hr>
          </ns3:TrackPointExtension>
        </extensions>
      </trkpt>
      <trkpt lat="51.7627583630383014678955078125" lon="5.61004039831459522247314453125">
        <ele>14</ele>
        <time>2025-03-10T12:22:17.000Z</time>
        <extensions>
          <ns3:TrackPointExtension>
            <ns3:hr>150</ns3:hr>
          </ns3:TrackPointExtension>
        </extensions>
      </trkpt>
      <trkpt lat="51.762762553989887237548828125" lon="5.6100820563733577728271484375">
        <ele>14</ele>
        <time>2025-03-10T12:22:22.000Z</time>
        <extensions>
          <ns3:TrackPointExtension>
            <ns3:hr>147</ns3:hr>
          </ns3:TrackPointExtension>
        </extensions>
      </trkpt>
      <trkpt lat="51.7627623863518238067626953125" lon="5.61009228229522705078125">
        <ele>14</ele>
        <time>2025-03-10T12:22:23.000Z</time>
        <extensions>
          <ns3:TrackPointExtension>
            <ns3:hr>148</ns3:hr>
          </ns3:TrackPointExtension>
        </extensions>
      </trkpt>
      <trkpt lat="51.76276213489472866058349609375" lon="5.6101732514798641204833984375">
        <ele>13.80000019073486328125</ele>
        <time>2025-03-10T12:22:28.000Z</time>
        <extensions>
          <ns3:TrackPointExtension>
            <ns3:hr>151</ns3:hr>
          </ns3:TrackPointExtension>
        </extensions>
      </trkpt>
      <trkpt lat="51.76276096142828464508056640625" lon="5.61019009910523891448974609375">
        <ele>13.80000019073486328125</ele>
        <time>2025-03-10T12:22:30.000Z</time>
        <extensions>
          <ns3:TrackPointExtension>
            <ns3:hr>154</ns3:hr>
          </ns3:TrackPointExtension>
        </extensions>
      </trkpt>
      <trkpt lat="51.76276917569339275360107421875" lon="5.610272325575351715087890625">
        <ele>13.6000003814697265625</ele>
        <time>2025-03-10T12:22:34.000Z</time>
        <extensions>
          <ns3:TrackPointExtension>
            <ns3:hr>155</ns3:hr>
          </ns3:TrackPointExtension>
        </extensions>
      </trkpt>
      <trkpt lat="51.7627747915685176849365234375" lon="5.6103113852441310882568359375">
        <ele>13.6000003814697265625</ele>
        <time>2025-03-10T12:22:36.000Z</time>
        <extensions>
          <ns3:TrackPointExtension>
            <ns3:hr>155</ns3:hr>
          </ns3:TrackPointExtension>
        </extensions>
      </trkpt>
      <trkpt lat="51.7627808265388011932373046875" lon="5.6103586591780185699462890625">
        <ele>13.6000003814697265625</ele>
        <time>2025-03-10T12:22:40.000Z</time>
        <extensions>
          <ns3:TrackPointExtension>
            <ns3:hr>154</ns3:hr>
          </ns3:TrackPointExtension>
        </extensions>
      </trkpt>
      <trkpt lat="51.7628009431064128875732421875" lon="5.61043904162943363189697265625">
        <ele>13.3999996185302734375</ele>
        <time>2025-03-10T12:22:45.000Z</time>
        <extensions>
          <ns3:TrackPointExtension>
            <ns3:hr>152</ns3:hr>
          </ns3:TrackPointExtension>
        </extensions>
      </trkpt>
      <trkpt lat="51.762822568416595458984375" lon="5.6104879081249237060546875">
        <ele>13.6000003814697265625</ele>
        <time>2025-03-10T12:22:49.000Z</time>
        <extensions>
          <ns3:TrackPointExtension>
            <ns3:hr>155</ns3:hr>
          </ns3:TrackPointExtension>
        </extensions>
      </trkpt>
      <trkpt lat="51.7628338001668453216552734375" lon="5.61051967553794384002685546875">
        <ele>13.6000003814697265625</ele>
        <time>2025-03-10T12:22:51.000Z</time>
        <extensions>
          <ns3:TrackPointExtension>
            <ns3:hr>155</ns3:hr>
          </ns3:TrackPointExtension>
        </extensions>
      </trkpt>
      <trkpt lat="51.76286280155181884765625" lon="5.610580779612064361572265625">
        <ele>14</ele>
        <time>2025-03-10T12:22:56.000Z</time>
        <extensions>
          <ns3:TrackPointExtension>
            <ns3:hr>154</ns3:hr>
          </ns3:TrackPointExtension>
        </extensions>
      </trkpt>
      <trkpt lat="51.76286791451275348663330078125" lon="5.6105869822204113006591796875">
        <ele>14</ele>
        <time>2025-03-10T12:22:57.000Z</time>
        <extensions>
          <ns3:TrackPointExtension>
            <ns3:hr>151</ns3:hr>
          </ns3:TrackPointExtension>
        </extensions>
      </trkpt>
      <trkpt lat="51.76286992616951465606689453125" lon="5.61060416512191295623779296875">
        <ele>14.3999996185302734375</ele>
        <time>2025-03-10T12:23:00.000Z</time>
        <extensions>
          <ns3:TrackPointExtension>
            <ns3:hr>148</ns3:hr>
          </ns3:TrackPointExtension>
        </extensions>
      </trkpt>
      <trkpt lat="51.7628736980259418487548828125" lon="5.61063836328685283660888671875">
        <ele>14.6000003814697265625</ele>
        <time>2025-03-10T12:23:03.000Z</time>
        <extensions>
          <ns3:TrackPointExtension>
            <ns3:hr>149</ns3:hr>
          </ns3:TrackPointExtension>
        </extensions>
      </trkpt>
      <trkpt lat="51.76287495531141757965087890625" lon="5.61065244488418102264404296875">
        <ele>14.6000003814697265625</ele>
        <time>2025-03-10T12:23:04.000Z</time>
        <extensions>
          <ns3:TrackPointExtension>
            <ns3:hr>149</ns3:hr>
          </ns3:TrackPointExtension>
        </extensions>
      </trkpt>
      <trkpt lat="51.7628720216453075408935546875" lon="5.6107442267239093780517578125">
        <ele>14.6000003814697265625</ele>
        <time>2025-03-10T12:23:10.000Z</time>
        <extensions>
          <ns3:TrackPointExtension>
            <ns3:hr>150</ns3:hr>
          </ns3:TrackPointExtension>
        </extensions>
      </trkpt>
      <trkpt lat="51.76287361420691013336181640625" lon="5.61079275794327259063720703125">
        <ele>14.3999996185302734375</ele>
        <time>2025-03-10T12:23:16.000Z</time>
        <extensions>
          <ns3:TrackPointExtension>
            <ns3:hr>150</ns3:hr>
          </ns3:TrackPointExtension>
        </extensions>
      </trkpt>
      <trkpt lat="51.76288266666233539581298828125" lon="5.61080717481672763824462890625">
        <ele>15</ele>
        <time>2025-03-10T12:23:25.000Z</time>
        <extensions>
          <ns3:TrackPointExtension>
            <ns3:hr>147</ns3:hr>
          </ns3:TrackPointExtension>
        </extensions>
      </trkpt>
      <trkpt lat="51.76288233138620853424072265625" lon="5.61081404797732830047607421875">
        <ele>15</ele>
        <time>2025-03-10T12:23:26.000Z</time>
        <extensions>
          <ns3:TrackPointExtension>
            <ns3:hr>149</ns3:hr>
          </ns3:TrackPointExtension>
        </extensions>
      </trkpt>
      <trkpt lat="51.76288702525198459625244140625" lon="5.61079342849552631378173828125">
        <ele>15</ele>
        <time>2025-03-10T12:23:35.000Z</time>
        <extensions>
          <ns3:TrackPointExtension>
            <ns3:hr>148</ns3:hr>
          </ns3:TrackPointExtension>
        </extensions>
      </trkpt>
      <trkpt lat="51.762886606156826019287109375" lon="5.61081404797732830047607421875">
        <ele>14.80000019073486328125</ele>
        <time>2025-03-10T12:23:44.000Z</time>
        <extensions>
          <ns3:TrackPointExtension>
            <ns3:hr>148</ns3:hr>
          </ns3:TrackPointExtension>
        </extensions>
      </trkpt>
      <trkpt lat="51.7628777213394641876220703125" lon="5.6108934246003627777099609375">
        <ele>13.80000019073486328125</ele>
        <time>2025-03-10T12:23:51.000Z</time>
        <extensions>
          <ns3:TrackPointExtension>
            <ns3:hr>148</ns3:hr>
          </ns3:TrackPointExtension>
        </extensions>
      </trkpt>
      <trkpt lat="51.76289842464029788970947265625" lon="5.61098889447748661041259765625">
        <ele>13.6000003814697265625</ele>
        <time>2025-03-10T12:23:57.000Z</time>
        <extensions>
          <ns3:TrackPointExtension>
            <ns3:hr>148</ns3:hr>
          </ns3:TrackPointExtension>
        </extensions>
      </trkpt>
      <trkpt lat="51.76290932111442089080810546875" lon="5.61106315813958644866943359375">
        <ele>13.6000003814697265625</ele>
        <time>2025-03-10T12:24:02.000Z</time>
        <extensions>
          <ns3:TrackPointExtension>
            <ns3:hr>148</ns3:hr>
          </ns3:TrackPointExtension>
        </extensions>
      </trkpt>
      <trkpt lat="51.762915439903736114501953125" lon="5.61116256751120090484619140625">
        <ele>13.3999996185302734375</ele>
        <time>2025-03-10T12:24:09.000Z</time>
        <extensions>
          <ns3:TrackPointExtension>
            <ns3:hr>148</ns3:hr>
          </ns3:TrackPointExtension>
        </extensions>
      </trkpt>
      <trkpt lat="51.76292289979755878448486328125" lon="5.61124554835259914398193359375">
        <ele>13.3999996185302734375</ele>
        <time>2025-03-10T12:24:14.000Z</time>
        <extensions>
          <ns3:TrackPointExtension>
            <ns3:hr>151</ns3:hr>
          </ns3:TrackPointExtension>
        </extensions>
      </trkpt>
      <trkpt lat="51.7629253305494785308837890625" lon="5.6112555228173732757568359375">
        <ele>13.3999996185302734375</ele>
        <time>2025-03-10T12:24:15.000Z</time>
        <extensions>
          <ns3:TrackPointExtension>
            <ns3:hr>154</ns3:hr>
          </ns3:TrackPointExtension>
        </extensions>
      </trkpt>
      <trkpt lat="51.7629353888332843780517578125" lon="5.61128108762204647064208984375">
        <ele>14</ele>
        <time>2025-03-10T12:24:21.000Z</time>
        <extensions>
          <ns3:TrackPointExtension>
            <ns3:hr>157</ns3:hr>
          </ns3:TrackPointExtension>
        </extensions>
      </trkpt>
      <trkpt lat="51.76293714903295040130615234375" lon="5.61131310649216175079345703125">
        <ele>14</ele>
        <time>2025-03-10T12:24:23.000Z</time>
        <extensions>
          <ns3:TrackPointExtension>
            <ns3:hr>157</ns3:hr>
          </ns3:TrackPointExtension>
        </extensions>
      </trkpt>
      <trkpt lat="51.762959696352481842041015625" lon="5.611393153667449951171875">
        <ele>13.19999980926513671875</ele>
        <time>2025-03-10T12:24:29.000Z</time>
        <extensions>
          <ns3:TrackPointExtension>
            <ns3:hr>156</ns3:hr>
          </ns3:TrackPointExtension>
        </extensions>
      </trkpt>
      <trkpt lat="51.76297168247401714324951171875" lon="5.61141318641602993011474609375">
        <ele>13</ele>
        <time>2025-03-10T12:24:32.000Z</time>
        <extensions>
          <ns3:TrackPointExtension>
            <ns3:hr>153</ns3:hr>
          </ns3:TrackPointExtension>
        </extensions>
      </trkpt>
      <trkpt lat="51.76297344267368316650390625" lon="5.61142173595726490020751953125">
        <ele>13</ele>
        <time>2025-03-10T12:24:34.000Z</time>
        <extensions>
          <ns3:TrackPointExtension>
            <ns3:hr>152</ns3:hr>
          </ns3:TrackPointExtension>
        </extensions>
      </trkpt>
      <trkpt lat="51.76299615763127803802490234375" lon="5.61149801127612590789794921875">
        <ele>12.80000019073486328125</ele>
        <time>2025-03-10T12:24:40.000Z</time>
        <extensions>
          <ns3:TrackPointExtension>
            <ns3:hr>152</ns3:hr>
          </ns3:TrackPointExtension>
        </extensions>
      </trkpt>
      <trkpt lat="51.76300965249538421630859375" lon="5.61154763214290142059326171875">
        <ele>12.6000003814697265625</ele>
        <time>2025-03-10T12:24:44.000Z</time>
        <extensions>
          <ns3:TrackPointExtension>
            <ns3:hr>153</ns3:hr>
          </ns3:TrackPointExtension>
        </extensions>
      </trkpt>
      <trkpt lat="51.76301325671374797821044921875" lon="5.611610747873783111572265625">
        <ele>12.6000003814697265625</ele>
        <time>2025-03-10T12:24:47.000Z</time>
        <extensions>
          <ns3:TrackPointExtension>
            <ns3:hr>152</ns3:hr>
          </ns3:TrackPointExtension>
        </extensions>
      </trkpt>
      <trkpt lat="51.763027422130107879638671875" lon="5.61167704872786998748779296875">
        <ele>12.6000003814697265625</ele>
        <time>2025-03-10T12:24:53.000Z</time>
        <extensions>
          <ns3:TrackPointExtension>
            <ns3:hr>152</ns3:hr>
          </ns3:TrackPointExtension>
        </extensions>
      </trkpt>
      <trkpt lat="51.76303756423294544219970703125" lon="5.61174930073320865631103515625">
        <ele>12.6000003814697265625</ele>
        <time>2025-03-10T12:24:57.000Z</time>
        <extensions>
          <ns3:TrackPointExtension>
            <ns3:hr>151</ns3:hr>
          </ns3:TrackPointExtension>
        </extensions>
      </trkpt>
      <trkpt lat="51.7630353011190891265869140625" lon="5.611776374280452728271484375">
        <ele>12.6000003814697265625</ele>
        <time>2025-03-10T12:24:59.000Z</time>
        <extensions>
          <ns3:TrackPointExtension>
            <ns3:hr>151</ns3:hr>
          </ns3:TrackPointExtension>
        </extensions>
      </trkpt>
      <trkpt lat="51.76302566193044185638427734375" lon="5.61184845864772796630859375">
        <ele>12.6000003814697265625</ele>
        <time>2025-03-10T12:25:03.000Z</time>
        <extensions>
          <ns3:TrackPointExtension>
            <ns3:hr>150</ns3:hr>
          </ns3:TrackPointExtension>
        </extensions>
      </trkpt>
      <trkpt lat="51.76302172243595123291015625" lon="5.611926577985286712646484375">
        <ele>12.80000019073486328125</ele>
        <time>2025-03-10T12:25:09.000Z</time>
        <extensions>
          <ns3:TrackPointExtension>
            <ns3:hr>151</ns3:hr>
          </ns3:TrackPointExtension>
        </extensions>
      </trkpt>
      <trkpt lat="51.76303253509104251861572265625" lon="5.61195549555122852325439453125">
        <ele>13</ele>
        <time>2025-03-10T12:25:15.000Z</time>
        <extensions>
          <ns3:TrackPointExtension>
            <ns3:hr>150</ns3:hr>
          </ns3:TrackPointExtension>
        </extensions>
      </trkpt>
      <trkpt lat="51.76303857006132602691650390625" lon="5.61200142838060855865478515625">
        <ele>13.19999980926513671875</ele>
        <time>2025-03-10T12:25:21.000Z</time>
        <extensions>
          <ns3:TrackPointExtension>
            <ns3:hr>149</ns3:hr>
          </ns3:TrackPointExtension>
        </extensions>
      </trkpt>
      <trkpt lat="51.76304561085999011993408203125" lon="5.61208910308778285980224609375">
        <ele>13.19999980926513671875</ele>
        <time>2025-03-10T12:25:27.000Z</time>
        <extensions>
          <ns3:TrackPointExtension>
            <ns3:hr>151</ns3:hr>
          </ns3:TrackPointExtension>
        </extensions>
      </trkpt>
      <trkpt lat="51.7630534060299396514892578125" lon="5.61214442364871501922607421875">
        <ele>13</ele>
        <time>2025-03-10T12:25:31.000Z</time>
        <extensions>
          <ns3:TrackPointExtension>
            <ns3:hr>154</ns3:hr>
          </ns3:TrackPointExtension>
        </extensions>
      </trkpt>
      <trkpt lat="51.7630612850189208984375" lon="5.612204857170581817626953125">
        <ele>12.6000003814697265625</ele>
        <time>2025-03-10T12:25:34.000Z</time>
        <extensions>
          <ns3:TrackPointExtension>
            <ns3:hr>154</ns3:hr>
          </ns3:TrackPointExtension>
        </extensions>
      </trkpt>
      <trkpt lat="51.7630705051124095916748046875" lon="5.61224534176290035247802734375">
        <ele>12.6000003814697265625</ele>
        <time>2025-03-10T12:25:36.000Z</time>
        <extensions>
          <ns3:TrackPointExtension>
            <ns3:hr>151</ns3:hr>
          </ns3:TrackPointExtension>
        </extensions>
      </trkpt>
      <trkpt lat="51.76308064721524715423583984375" lon="5.61233268119394779205322265625">
        <ele>12.80000019073486328125</ele>
        <time>2025-03-10T12:25:42.000Z</time>
        <extensions>
          <ns3:TrackPointExtension>
            <ns3:hr>150</ns3:hr>
          </ns3:TrackPointExtension>
        </extensions>
      </trkpt>
      <trkpt lat="51.7630953155457973480224609375" lon="5.61240904033184051513671875">
        <ele>12.3999996185302734375</ele>
        <time>2025-03-10T12:25:48.000Z</time>
        <extensions>
          <ns3:TrackPointExtension>
            <ns3:hr>150</ns3:hr>
          </ns3:TrackPointExtension>
        </extensions>
      </trkpt>
      <trkpt lat="51.76310109905898571014404296875" lon="5.61243041418492794036865234375">
        <ele>12.19999980926513671875</ele>
        <time>2025-03-10T12:25:49.000Z</time>
        <extensions>
          <ns3:TrackPointExtension>
            <ns3:hr>151</ns3:hr>
          </ns3:TrackPointExtension>
        </extensions>
      </trkpt>
      <trkpt lat="51.76313563250005245208740234375" lon="5.61250627040863037109375">
        <ele>12</ele>
        <time>2025-03-10T12:25:55.000Z</time>
        <extensions>
          <ns3:TrackPointExtension>
            <ns3:hr>151</ns3:hr>
          </ns3:TrackPointExtension>
        </extensions>
      </trkpt>
      <trkpt lat="51.7631630413234233856201171875" lon="5.61258849687874317169189453125">
        <ele>12</ele>
        <time>2025-03-10T12:26:00.000Z</time>
        <extensions>
          <ns3:TrackPointExtension>
            <ns3:hr>155</ns3:hr>
          </ns3:TrackPointExtension>
        </extensions>
      </trkpt>
      <trkpt lat="51.76317687146365642547607421875" lon="5.612666867673397064208984375">
        <ele>12.3999996185302734375</ele>
        <time>2025-03-10T12:26:06.000Z</time>
        <extensions>
          <ns3:TrackPointExtension>
            <ns3:hr>156</ns3:hr>
          </ns3:TrackPointExtension>
        </extensions>
      </trkpt>
      <trkpt lat="51.76320469938218593597412109375" lon="5.61271053738892078399658203125">
        <ele>12.6000003814697265625</ele>
        <time>2025-03-10T12:26:11.000Z</time>
        <extensions>
          <ns3:TrackPointExtension>
            <ns3:hr>156</ns3:hr>
          </ns3:TrackPointExtension>
        </extensions>
      </trkpt>
      <trkpt lat="51.76322464831173419952392578125" lon="5.61275999061763286590576171875">
        <ele>12.80000019073486328125</ele>
        <time>2025-03-10T12:26:17.000Z</time>
        <extensions>
          <ns3:TrackPointExtension>
            <ns3:hr>152</ns3:hr>
          </ns3:TrackPointExtension>
        </extensions>
      </trkpt>
      <trkpt lat="51.76323923282325267791748046875" lon="5.61278245411813259124755859375">
        <ele>12.80000019073486328125</ele>
        <time>2025-03-10T12:26:20.000Z</time>
        <extensions>
          <ns3:TrackPointExtension>
            <ns3:hr>151</ns3:hr>
          </ns3:TrackPointExtension>
        </extensions>
      </trkpt>
      <trkpt lat="51.763272844254970550537109375" lon="5.6129181571304798126220703125">
        <ele>12.80000019073486328125</ele>
        <time>2025-03-10T12:26:28.000Z</time>
        <extensions>
          <ns3:TrackPointExtension>
            <ns3:hr>151</ns3:hr>
          </ns3:TrackPointExtension>
        </extensions>
      </trkpt>
      <trkpt lat="51.7633075453341007232666015625" lon="5.6129986234009265899658203125">
        <ele>12.3999996185302734375</ele>
        <time>2025-03-10T12:26:33.000Z</time>
        <extensions>
          <ns3:TrackPointExtension>
            <ns3:hr>154</ns3:hr>
          </ns3:TrackPointExtension>
        </extensions>
      </trkpt>
      <trkpt lat="51.7633209563791751861572265625" lon="5.61306844465434551239013671875">
        <ele>12.3999996185302734375</ele>
        <time>2025-03-10T12:26:37.000Z</time>
        <extensions>
          <ns3:TrackPointExtension>
            <ns3:hr>157</ns3:hr>
          </ns3:TrackPointExtension>
        </extensions>
      </trkpt>
      <trkpt lat="51.76332824863493442535400390625" lon="5.61310566030442714691162109375">
        <ele>12.3999996185302734375</ele>
        <time>2025-03-10T12:26:39.000Z</time>
        <extensions>
          <ns3:TrackPointExtension>
            <ns3:hr>159</ns3:hr>
          </ns3:TrackPointExtension>
        </extensions>
      </trkpt>
      <trkpt lat="51.76335942931473255157470703125" lon="5.613183863461017608642578125">
        <ele>12.19999980926513671875</ele>
        <time>2025-03-10T12:26:45.000Z</time>
        <extensions>
          <ns3:TrackPointExtension>
            <ns3:hr>160</ns3:hr>
          </ns3:TrackPointExtension>
        </extensions>
      </trkpt>
      <trkpt lat="51.76337954588234424591064453125" lon="5.6132584623992443084716796875">
        <ele>12.19999980926513671875</ele>
        <time>2025-03-10T12:26:51.000Z</time>
        <extensions>
          <ns3:TrackPointExtension>
            <ns3:hr>160</ns3:hr>
          </ns3:TrackPointExtension>
        </extensions>
      </trkpt>
      <trkpt lat="51.76339211873710155487060546875" lon="5.6132986955344676971435546875">
        <ele>12.3999996185302734375</ele>
        <time>2025-03-10T12:26:55.000Z</time>
        <extensions>
          <ns3:TrackPointExtension>
            <ns3:hr>156</ns3:hr>
          </ns3:TrackPointExtension>
        </extensions>
      </trkpt>
      <trkpt lat="51.76340687088668346405029296875" lon="5.61332643963396549224853515625">
        <ele>12.3999996185302734375</ele>
        <time>2025-03-10T12:26:57.000Z</time>
        <extensions>
          <ns3:TrackPointExtension>
            <ns3:hr>152</ns3:hr>
          </ns3:TrackPointExtension>
        </extensions>
      </trkpt>
      <trkpt lat="51.76341340877115726470947265625" lon="5.61334135942161083221435546875">
        <ele>12.3999996185302734375</ele>
        <time>2025-03-10T12:26:58.000Z</time>
        <extensions>
          <ns3:TrackPointExtension>
            <ns3:hr>151</ns3:hr>
          </ns3:TrackPointExtension>
        </extensions>
      </trkpt>
      <trkpt lat="51.7634356208145618438720703125" lon="5.61339667998254299163818359375">
        <ele>12.3999996185302734375</ele>
        <time>2025-03-10T12:27:04.000Z</time>
        <extensions>
          <ns3:TrackPointExtension>
            <ns3:hr>149</ns3:hr>
          </ns3:TrackPointExtension>
        </extensions>
      </trkpt>
      <trkpt lat="51.76346160471439361572265625" lon="5.61342886649072170257568359375">
        <ele>12.6000003814697265625</ele>
        <time>2025-03-10T12:27:10.000Z</time>
        <extensions>
          <ns3:TrackPointExtension>
            <ns3:hr>149</ns3:hr>
          </ns3:TrackPointExtension>
        </extensions>
      </trkpt>
      <trkpt lat="51.76345313899219036102294921875" lon="5.6135112605988979339599609375">
        <ele>12.6000003814697265625</ele>
        <time>2025-03-10T12:27:15.000Z</time>
        <extensions>
          <ns3:TrackPointExtension>
            <ns3:hr>148</ns3:hr>
          </ns3:TrackPointExtension>
        </extensions>
      </trkpt>
      <trkpt lat="51.7634218744933605194091796875" lon="5.61360538937151432037353515625">
        <ele>13.3999996185302734375</ele>
        <time>2025-03-10T12:27:23.000Z</time>
        <extensions>
          <ns3:TrackPointExtension>
            <ns3:hr>152</ns3:hr>
          </ns3:TrackPointExtension>
        </extensions>
      </trkpt>
      <trkpt lat="51.76341776736080646514892578125" lon="5.61362148262560367584228515625">
        <ele>13.6000003814697265625</ele>
        <time>2025-03-10T12:27:24.000Z</time>
        <extensions>
          <ns3:TrackPointExtension>
            <ns3:hr>155</ns3:hr>
          </ns3:TrackPointExtension>
        </extensions>
      </trkpt>
      <trkpt lat="51.7634138278663158416748046875" lon="5.61363053508102893829345703125">
        <ele>13.6000003814697265625</ele>
        <time>2025-03-10T12:27:25.000Z</time>
        <extensions>
          <ns3:TrackPointExtension>
            <ns3:hr>155</ns3:hr>
          </ns3:TrackPointExtension>
        </extensions>
      </trkpt>
      <trkpt lat="51.7633846588432788848876953125" lon="5.61366758309304714202880859375">
        <ele>13.6000003814697265625</ele>
        <time>2025-03-10T12:27:30.000Z</time>
        <extensions>
          <ns3:TrackPointExtension>
            <ns3:hr>157</ns3:hr>
          </ns3:TrackPointExtension>
        </extensions>
      </trkpt>
      <trkpt lat="51.7633534781634807586669921875" lon="5.6136926449835300445556640625">
        <ele>13.19999980926513671875</ele>
        <time>2025-03-10T12:27:34.000Z</time>
        <extensions>
          <ns3:TrackPointExtension>
            <ns3:hr>160</ns3:hr>
          </ns3:TrackPointExtension>
        </extensions>
      </trkpt>
      <trkpt lat="51.76334953866899013519287109375" lon="5.61372256837785243988037109375">
        <ele>13</ele>
        <time>2025-03-10T12:27:36.000Z</time>
        <extensions>
          <ns3:TrackPointExtension>
            <ns3:hr>160</ns3:hr>
          </ns3:TrackPointExtension>
        </extensions>
      </trkpt>
      <trkpt lat="51.76332355476915836334228515625" lon="5.61376213096082210540771484375">
        <ele>12.3999996185302734375</ele>
        <time>2025-03-10T12:27:41.000Z</time>
        <extensions>
          <ns3:TrackPointExtension>
            <ns3:hr>162</ns3:hr>
          </ns3:TrackPointExtension>
        </extensions>
      </trkpt>
      <trkpt lat="51.76332087256014347076416015625" lon="5.61377135105431079864501953125">
        <ele>12.19999980926513671875</ele>
        <time>2025-03-10T12:27:42.000Z</time>
        <extensions>
          <ns3:TrackPointExtension>
            <ns3:hr>162</ns3:hr>
          </ns3:TrackPointExtension>
        </extensions>
      </trkpt>
      <trkpt lat="51.76329086534678936004638671875" lon="5.61385131441056728363037109375">
        <ele>11.3999996185302734375</ele>
        <time>2025-03-10T12:27:49.000Z</time>
        <extensions>
          <ns3:TrackPointExtension>
            <ns3:hr>160</ns3:hr>
          </ns3:TrackPointExtension>
        </extensions>
      </trkpt>
      <trkpt lat="51.7632813937962055206298828125" lon="5.61386145651340484619140625">
        <ele>11.80000019073486328125</ele>
        <time>2025-03-10T12:27:56.000Z</time>
        <extensions>
          <ns3:TrackPointExtension>
            <ns3:hr>159</ns3:hr>
          </ns3:TrackPointExtension>
        </extensions>
      </trkpt>
      <trkpt lat="51.7632797174155712127685546875" lon="5.6138626299798488616943359375">
        <ele>11.80000019073486328125</ele>
        <time>2025-03-10T12:27:58.000Z</time>
        <extensions>
          <ns3:TrackPointExtension>
            <ns3:hr>156</ns3:hr>
          </ns3:TrackPointExtension>
        </extensions>
      </trkpt>
      <trkpt lat="51.7632793821394443511962890625" lon="5.6138555891811847686767578125">
        <ele>11.80000019073486328125</ele>
        <time>2025-03-10T12:28:00.000Z</time>
        <extensions>
          <ns3:TrackPointExtension>
            <ns3:hr>150</ns3:hr>
          </ns3:TrackPointExtension>
        </extensions>
      </trkpt>
      <trkpt lat="51.7632907815277576446533203125" lon="5.61384242959320545196533203125">
        <ele>11.6000003814697265625</ele>
        <time>2025-03-10T12:28:05.000Z</time>
        <extensions>
          <ns3:TrackPointExtension>
            <ns3:hr>150</ns3:hr>
          </ns3:TrackPointExtension>
        </extensions>
      </trkpt>
      <trkpt lat="51.7632673121988773345947265625" lon="5.613883920013904571533203125">
        <ele>11.19999980926513671875</ele>
        <time>2025-03-10T12:28:12.000Z</time>
        <extensions>
          <ns3:TrackPointExtension>
            <ns3:hr>153</ns3:hr>
          </ns3:TrackPointExtension>
        </extensions>
      </trkpt>
      <trkpt lat="51.7632220499217510223388671875" lon="5.61397737823426723480224609375">
        <ele>10.6000003814697265625</ele>
        <time>2025-03-10T12:28:17.000Z</time>
        <extensions>
          <ns3:TrackPointExtension>
            <ns3:hr>152</ns3:hr>
          </ns3:TrackPointExtension>
        </extensions>
      </trkpt>
      <trkpt lat="51.763190366327762603759765625" lon="5.6139900349080562591552734375">
        <ele>10.3999996185302734375</ele>
        <time>2025-03-10T12:28:19.000Z</time>
        <extensions>
          <ns3:TrackPointExtension>
            <ns3:hr>151</ns3:hr>
          </ns3:TrackPointExtension>
        </extensions>
      </trkpt>
      <trkpt lat="51.76314535550773143768310546875" lon="5.614008642733097076416015625">
        <ele>10.3999996185302734375</ele>
        <time>2025-03-10T12:28:22.000Z</time>
        <extensions>
          <ns3:TrackPointExtension>
            <ns3:hr>151</ns3:hr>
          </ns3:TrackPointExtension>
        </extensions>
      </trkpt>
      <trkpt lat="51.7631047032773494720458984375" lon="5.61403705738484859466552734375">
        <ele>10.3999996185302734375</ele>
        <time>2025-03-10T12:28:27.000Z</time>
        <extensions>
          <ns3:TrackPointExtension>
            <ns3:hr>151</ns3:hr>
          </ns3:TrackPointExtension>
        </extensions>
      </trkpt>
      <trkpt lat="51.7630919627845287322998046875" lon="5.61403873376548290252685546875">
        <ele>10.19999980926513671875</ele>
        <time>2025-03-10T12:28:28.000Z</time>
        <extensions>
          <ns3:TrackPointExtension>
            <ns3:hr>151</ns3:hr>
          </ns3:TrackPointExtension>
        </extensions>
      </trkpt>
      <trkpt lat="51.7630332894623279571533203125" lon="5.61405616812407970428466796875">
        <ele>10.19999980926513671875</ele>
        <time>2025-03-10T12:28:32.000Z</time>
        <extensions>
          <ns3:TrackPointExtension>
            <ns3:hr>148</ns3:hr>
          </ns3:TrackPointExtension>
        </extensions>
      </trkpt>
      <trkpt lat="51.76302230916917324066162109375" lon="5.6140587665140628814697265625">
        <ele>10.19999980926513671875</ele>
        <time>2025-03-10T12:28:33.000Z</time>
        <extensions>
          <ns3:TrackPointExtension>
            <ns3:hr>147</ns3:hr>
          </ns3:TrackPointExtension>
        </extensions>
      </trkpt>
      <trkpt lat="51.7629632167518138885498046875" lon="5.61410126276314258575439453125">
        <ele>10</ele>
        <time>2025-03-10T12:28:40.000Z</time>
        <extensions>
          <ns3:TrackPointExtension>
            <ns3:hr>150</ns3:hr>
          </ns3:TrackPointExtension>
        </extensions>
      </trkpt>
      <trkpt lat="51.76286975853145122528076171875" lon="5.6141224689781665802001953125">
        <ele>9.80000019073486328125</ele>
        <time>2025-03-10T12:28:47.000Z</time>
        <extensions>
          <ns3:TrackPointExtension>
            <ns3:hr>150</ns3:hr>
          </ns3:TrackPointExtension>
        </extensions>
      </trkpt>
      <trkpt lat="51.7628170363605022430419921875" lon="5.6141744367778301239013671875">
        <ele>9.80000019073486328125</ele>
        <time>2025-03-10T12:28:53.000Z</time>
        <extensions>
          <ns3:TrackPointExtension>
            <ns3:hr>150</ns3:hr>
          </ns3:TrackPointExtension>
        </extensions>
      </trkpt>
      <trkpt lat="51.7627915553748607635498046875" lon="5.61419044621288776397705078125">
        <ele>10.6000003814697265625</ele>
        <time>2025-03-10T12:28:58.000Z</time>
        <extensions>
          <ns3:TrackPointExtension>
            <ns3:hr>150</ns3:hr>
          </ns3:TrackPointExtension>
        </extensions>
      </trkpt>
      <trkpt lat="51.76278971135616302490234375" lon="5.6141888536512851715087890625">
        <ele>10.80000019073486328125</ele>
        <time>2025-03-10T12:29:05.000Z</time>
        <extensions>
          <ns3:TrackPointExtension>
            <ns3:hr>146</ns3:hr>
          </ns3:TrackPointExtension>
        </extensions>
      </trkpt>
      <trkpt lat="51.76279482431709766387939453125" lon="5.61419044621288776397705078125">
        <ele>10.80000019073486328125</ele>
        <time>2025-03-10T12:29:07.000Z</time>
        <extensions>
          <ns3:TrackPointExtension>
            <ns3:hr>147</ns3:hr>
          </ns3:TrackPointExtension>
        </extensions>
      </trkpt>
      <trkpt lat="51.76279935054481029510498046875" lon="5.61418407596647739410400390625">
        <ele>10.80000019073486328125</ele>
        <time>2025-03-10T12:29:17.000Z</time>
        <extensions>
          <ns3:TrackPointExtension>
            <ns3:hr>145</ns3:hr>
          </ns3:TrackPointExtension>
        </extensions>
      </trkpt>
      <trkpt lat="51.76279130391776561737060546875" lon="5.61418407596647739410400390625">
        <ele>10.80000019073486328125</ele>
        <time>2025-03-10T12:29:27.000Z</time>
        <extensions>
          <ns3:TrackPointExtension>
            <ns3:hr>143</ns3:hr>
          </ns3:TrackPointExtension>
        </extensions>
      </trkpt>
      <trkpt lat="51.76280840300023555755615234375" lon="5.61417116783559322357177734375">
        <ele>10.80000019073486328125</ele>
        <time>2025-03-10T12:29:36.000Z</time>
        <extensions>
          <ns3:TrackPointExtension>
            <ns3:hr>141</ns3:hr>
          </ns3:TrackPointExtension>
        </extensions>
      </trkpt>
      <trkpt lat="51.7628042958676815032958984375" lon="5.614166222512722015380859375">
        <ele>10.6000003814697265625</ele>
        <time>2025-03-10T12:29:44.000Z</time>
        <extensions>
          <ns3:TrackPointExtension>
            <ns3:hr>144</ns3:hr>
          </ns3:TrackPointExtension>
        </extensions>
      </trkpt>
      <trkpt lat="51.7628051340579986572265625" lon="5.6141640432178974151611328125">
        <ele>10.6000003814697265625</ele>
        <time>2025-03-10T12:29:46.000Z</time>
        <extensions>
          <ns3:TrackPointExtension>
            <ns3:hr>145</ns3:hr>
          </ns3:TrackPointExtension>
        </extensions>
      </trkpt>
      <trkpt lat="51.762817539274692535400390625" lon="5.61416764743626117706298828125">
        <ele>10.6000003814697265625</ele>
        <time>2025-03-10T12:29:53.000Z</time>
        <extensions>
          <ns3:TrackPointExtension>
            <ns3:hr>145</ns3:hr>
          </ns3:TrackPointExtension>
        </extensions>
      </trkpt>
      <trkpt lat="51.7628036253154277801513671875" lon="5.61415775679051876068115234375">
        <ele>9.80000019073486328125</ele>
        <time>2025-03-10T12:29:56.000Z</time>
        <extensions>
          <ns3:TrackPointExtension>
            <ns3:hr>148</ns3:hr>
          </ns3:TrackPointExtension>
        </extensions>
      </trkpt>
      <trkpt lat="51.76277621649205684661865234375" lon="5.6141559965908527374267578125">
        <ele>9.80000019073486328125</ele>
        <time>2025-03-10T12:29:58.000Z</time>
        <extensions>
          <ns3:TrackPointExtension>
            <ns3:hr>149</ns3:hr>
          </ns3:TrackPointExtension>
        </extensions>
      </trkpt>
      <trkpt lat="51.7627372406423091888427734375" lon="5.61415775679051876068115234375">
        <ele>9.6000003814697265625</ele>
        <time>2025-03-10T12:30:01.000Z</time>
        <extensions>
          <ns3:TrackPointExtension>
            <ns3:hr>146</ns3:hr>
          </ns3:TrackPointExtension>
        </extensions>
      </trkpt>
      <trkpt lat="51.762715280055999755859375" lon="5.61417435295879840850830078125">
        <ele>9.6000003814697265625</ele>
        <time>2025-03-10T12:30:04.000Z</time>
        <extensions>
          <ns3:TrackPointExtension>
            <ns3:hr>146</ns3:hr>
          </ns3:TrackPointExtension>
        </extensions>
      </trkpt>
      <trkpt lat="51.7626750469207763671875" lon="5.61421575956046581268310546875">
        <ele>9.6000003814697265625</ele>
        <time>2025-03-10T12:30:10.000Z</time>
        <extensions>
          <ns3:TrackPointExtension>
            <ns3:hr>146</ns3:hr>
          </ns3:TrackPointExtension>
        </extensions>
      </trkpt>
      <trkpt lat="51.762617044150829315185546875" lon="5.614249706268310546875">
        <ele>9.3999996185302734375</ele>
        <time>2025-03-10T12:30:16.000Z</time>
        <extensions>
          <ns3:TrackPointExtension>
            <ns3:hr>145</ns3:hr>
          </ns3:TrackPointExtension>
        </extensions>
      </trkpt>
      <trkpt lat="51.76255024038255214691162109375" lon="5.614284910261631011962890625">
        <ele>9.19999980926513671875</ele>
        <time>2025-03-10T12:30:22.000Z</time>
        <extensions>
          <ns3:TrackPointExtension>
            <ns3:hr>144</ns3:hr>
          </ns3:TrackPointExtension>
        </extensions>
      </trkpt>
      <trkpt lat="51.76250900141894817352294921875" lon="5.61433025635778903961181640625">
        <ele>9</ele>
        <time>2025-03-10T12:30:28.000Z</time>
        <extensions>
          <ns3:TrackPointExtension>
            <ns3:hr>143</ns3:hr>
          </ns3:TrackPointExtension>
        </extensions>
      </trkpt>
      <trkpt lat="51.7624589614570140838623046875" lon="5.6143615208566188812255859375">
        <ele>9.19999980926513671875</ele>
        <time>2025-03-10T12:30:35.000Z</time>
        <extensions>
          <ns3:TrackPointExtension>
            <ns3:hr>144</ns3:hr>
          </ns3:TrackPointExtension>
        </extensions>
      </trkpt>
      <trkpt lat="51.76244211383163928985595703125" lon="5.61437468044459819793701171875">
        <ele>9.6000003814697265625</ele>
        <time>2025-03-10T12:30:37.000Z</time>
        <extensions>
          <ns3:TrackPointExtension>
            <ns3:hr>144</ns3:hr>
          </ns3:TrackPointExtension>
        </extensions>
      </trkpt>
      <trkpt lat="51.762413196265697479248046875" lon="5.614403598010540008544921875">
        <ele>9.3999996185302734375</ele>
        <time>2025-03-10T12:30:41.000Z</time>
        <extensions>
          <ns3:TrackPointExtension>
            <ns3:hr>143</ns3:hr>
          </ns3:TrackPointExtension>
        </extensions>
      </trkpt>
      <trkpt lat="51.76240104250609874725341796875" lon="5.61440267600119113922119140625">
        <ele>9.19999980926513671875</ele>
        <time>2025-03-10T12:30:42.000Z</time>
        <extensions>
          <ns3:TrackPointExtension>
            <ns3:hr>143</ns3:hr>
          </ns3:TrackPointExtension>
        </extensions>
      </trkpt>
      <trkpt lat="51.76233817823231220245361328125" lon="5.61440720222890377044677734375">
        <ele>8.80000019073486328125</ele>
        <time>2025-03-10T12:30:46.000Z</time>
        <extensions>
          <ns3:TrackPointExtension>
            <ns3:hr>143</ns3:hr>
          </ns3:TrackPointExtension>
        </extensions>
      </trkpt>
      <trkpt lat="51.762303896248340606689453125" lon="5.61441323719918727874755859375">
        <ele>9.6000003814697265625</ele>
        <time>2025-03-10T12:30:51.000Z</time>
        <extensions>
          <ns3:TrackPointExtension>
            <ns3:hr>146</ns3:hr>
          </ns3:TrackPointExtension>
        </extensions>
      </trkpt>
      <trkpt lat="51.7622779123485088348388671875" lon="5.61440820805728435516357421875">
        <ele>9</ele>
        <time>2025-03-10T12:30:56.000Z</time>
        <extensions>
          <ns3:TrackPointExtension>
            <ns3:hr>147</ns3:hr>
          </ns3:TrackPointExtension>
        </extensions>
      </trkpt>
      <trkpt lat="51.76223139278590679168701171875" lon="5.61440594494342803955078125">
        <ele>9</ele>
        <time>2025-03-10T12:31:01.000Z</time>
        <extensions>
          <ns3:TrackPointExtension>
            <ns3:hr>148</ns3:hr>
          </ns3:TrackPointExtension>
        </extensions>
      </trkpt>
      <trkpt lat="51.7621883936226367950439453125" lon="5.61442178674042224884033203125">
        <ele>9.19999980926513671875</ele>
        <time>2025-03-10T12:31:07.000Z</time>
        <extensions>
          <ns3:TrackPointExtension>
            <ns3:hr>148</ns3:hr>
          </ns3:TrackPointExtension>
        </extensions>
      </trkpt>
      <trkpt lat="51.76214438863098621368408203125" lon="5.6144225411117076873779296875">
        <ele>9.3999996185302734375</ele>
        <time>2025-03-10T12:31:14.000Z</time>
        <extensions>
          <ns3:TrackPointExtension>
            <ns3:hr>147</ns3:hr>
          </ns3:TrackPointExtension>
        </extensions>
      </trkpt>
      <trkpt lat="51.7620707117021083831787109375" lon="5.6144600920379161834716796875">
        <ele>9.3999996185302734375</ele>
        <time>2025-03-10T12:31:20.000Z</time>
        <extensions>
          <ns3:TrackPointExtension>
            <ns3:hr>150</ns3:hr>
          </ns3:TrackPointExtension>
        </extensions>
      </trkpt>
      <trkpt lat="51.76205185241997241973876953125" lon="5.61446621082723140716552734375">
        <ele>9.19999980926513671875</ele>
        <time>2025-03-10T12:31:26.000Z</time>
        <extensions>
          <ns3:TrackPointExtension>
            <ns3:hr>151</ns3:hr>
          </ns3:TrackPointExtension>
        </extensions>
      </trkpt>
      <trkpt lat="51.76205453462898731231689453125" lon="5.614468641579151153564453125">
        <ele>9.6000003814697265625</ele>
        <time>2025-03-10T12:31:34.000Z</time>
        <extensions>
          <ns3:TrackPointExtension>
            <ns3:hr>151</ns3:hr>
          </ns3:TrackPointExtension>
        </extensions>
      </trkpt>
      <trkpt lat="51.762060821056365966796875" lon="5.61447191052138805389404296875">
        <ele>9.3999996185302734375</ele>
        <time>2025-03-10T12:31:42.000Z</time>
        <extensions>
          <ns3:TrackPointExtension>
            <ns3:hr>153</ns3:hr>
          </ns3:TrackPointExtension>
        </extensions>
      </trkpt>
      <trkpt lat="51.7620603181421756744384765625" lon="5.61448867432773113250732421875">
        <ele>9.80000019073486328125</ele>
        <time>2025-03-10T12:31:51.000Z</time>
        <extensions>
          <ns3:TrackPointExtension>
            <ns3:hr>151</ns3:hr>
          </ns3:TrackPointExtension>
        </extensions>
      </trkpt>
      <trkpt lat="51.7620502598583698272705078125" lon="5.6144892610609531402587890625">
        <ele>9.80000019073486328125</ele>
        <time>2025-03-10T12:31:56.000Z</time>
        <extensions>
          <ns3:TrackPointExtension>
            <ns3:hr>149</ns3:hr>
          </ns3:TrackPointExtension>
        </extensions>
      </trkpt>
      <trkpt lat="51.7620479129254817962646484375" lon="5.61448800377547740936279296875">
        <ele>9.80000019073486328125</ele>
        <time>2025-03-10T12:31:59.000Z</time>
        <extensions>
          <ns3:TrackPointExtension>
            <ns3:hr>146</ns3:hr>
          </ns3:TrackPointExtension>
        </extensions>
      </trkpt>
      <trkpt lat="51.7620502598583698272705078125" lon="5.6144845671951770782470703125">
        <ele>9.3999996185302734375</ele>
        <time>2025-03-10T12:32:05.000Z</time>
        <extensions>
          <ns3:TrackPointExtension>
            <ns3:hr>145</ns3:hr>
          </ns3:TrackPointExtension>
        </extensions>
      </trkpt>
      <trkpt lat="51.7620433866977691650390625" lon="5.61447970569133758544921875">
        <ele>9.19999980926513671875</ele>
        <time>2025-03-10T12:32:12.000Z</time>
        <extensions>
          <ns3:TrackPointExtension>
            <ns3:hr>146</ns3:hr>
          </ns3:TrackPointExtension>
        </extensions>
      </trkpt>
      <trkpt lat="51.76204900257289409637451171875" lon="5.61449018307030200958251953125">
        <ele>9.80000019073486328125</ele>
        <time>2025-03-10T12:32:21.000Z</time>
        <extensions>
          <ns3:TrackPointExtension>
            <ns3:hr>146</ns3:hr>
          </ns3:TrackPointExtension>
        </extensions>
      </trkpt>
      <trkpt lat="51.7620569653809070587158203125" lon="5.61451080255210399627685546875">
        <ele>9.3999996185302734375</ele>
        <time>2025-03-10T12:32:30.000Z</time>
        <extensions>
          <ns3:TrackPointExtension>
            <ns3:hr>144</ns3:hr>
          </ns3:TrackPointExtension>
        </extensions>
      </trkpt>
      <trkpt lat="51.762054450809955596923828125" lon="5.6145192682743072509765625">
        <ele>9.3999996185302734375</ele>
        <time>2025-03-10T12:32:38.000Z</time>
        <extensions>
          <ns3:TrackPointExtension>
            <ns3:hr>141</ns3:hr>
          </ns3:TrackPointExtension>
        </extensions>
      </trkpt>
      <trkpt lat="51.76205788739025592803955078125" lon="5.61451717279851436614990234375">
        <ele>9.3999996185302734375</ele>
        <time>2025-03-10T12:32:40.000Z</time>
        <extensions>
          <ns3:TrackPointExtension>
            <ns3:hr>141</ns3:hr>
          </ns3:TrackPointExtension>
        </extensions>
      </trkpt>
      <trkpt lat="51.762066520750522613525390625" lon="5.6145192682743072509765625">
        <ele>9.3999996185302734375</ele>
        <time>2025-03-10T12:32:48.000Z</time>
        <extensions>
          <ns3:TrackPointExtension>
            <ns3:hr>141</ns3:hr>
          </ns3:TrackPointExtension>
        </extensions>
      </trkpt>
      <trkpt lat="51.7620700411498546600341796875" lon="5.614541731774806976318359375">
        <ele>9.3999996185302734375</ele>
        <time>2025-03-10T12:32:54.000Z</time>
        <extensions>
          <ns3:TrackPointExtension>
            <ns3:hr>138</ns3:hr>
          </ns3:TrackPointExtension>
        </extensions>
      </trkpt>
      <trkpt lat="51.762071885168552398681640625" lon="5.6145506165921688079833984375">
        <ele>9.3999996185302734375</ele>
        <time>2025-03-10T12:32:56.000Z</time>
        <extensions>
          <ns3:TrackPointExtension>
            <ns3:hr>138</ns3:hr>
          </ns3:TrackPointExtension>
        </extensions>
      </trkpt>
      <trkpt lat="51.76206710748374462127685546875" lon="5.61455883085727691650390625">
        <ele>9.3999996185302734375</ele>
        <time>2025-03-10T12:33:03.000Z</time>
        <extensions>
          <ns3:TrackPointExtension>
            <ns3:hr>138</ns3:hr>
          </ns3:TrackPointExtension>
        </extensions>
      </trkpt>
      <trkpt lat="51.76205419935286045074462890625" lon="5.614545084536075592041015625">
        <ele>9.3999996185302734375</ele>
        <time>2025-03-10T12:33:12.000Z</time>
        <extensions>
          <ns3:TrackPointExtension>
            <ns3:hr>138</ns3:hr>
          </ns3:TrackPointExtension>
        </extensions>
      </trkpt>
      <trkpt lat="51.7620465718209743499755859375" lon="5.61449185945093631744384765625">
        <ele>9.3999996185302734375</ele>
        <time>2025-03-10T12:33:19.000Z</time>
        <extensions>
          <ns3:TrackPointExtension>
            <ns3:hr>137</ns3:hr>
          </ns3:TrackPointExtension>
        </extensions>
      </trkpt>
      <trkpt lat="51.76204632036387920379638671875" lon="5.6144564040005207061767578125">
        <ele>9.3999996185302734375</ele>
        <time>2025-03-10T12:33:27.000Z</time>
        <extensions>
          <ns3:TrackPointExtension>
            <ns3:hr>138</ns3:hr>
          </ns3:TrackPointExtension>
        </extensions>
      </trkpt>
      <trkpt lat="51.76205076277256011962890625" lon="5.6144951283931732177734375">
        <ele>9</ele>
        <time>2025-03-10T12:33:34.000Z</time>
        <extensions>
          <ns3:TrackPointExtension>
            <ns3:hr>139</ns3:hr>
          </ns3:TrackPointExtension>
        </extensions>
      </trkpt>
      <trkpt lat="51.76204942166805267333984375" lon="5.6144966371357440948486328125">
        <ele>9.3999996185302734375</ele>
        <time>2025-03-10T12:33:41.000Z</time>
        <extensions>
          <ns3:TrackPointExtension>
            <ns3:hr>138</ns3:hr>
          </ns3:TrackPointExtension>
        </extensions>
      </trkpt>
      <trkpt lat="51.76204497925937175750732421875" lon="5.61450644396245479583740234375">
        <ele>9.3999996185302734375</ele>
        <time>2025-03-10T12:33:48.000Z</time>
        <extensions>
          <ns3:TrackPointExtension>
            <ns3:hr>140</ns3:hr>
          </ns3:TrackPointExtension>
        </extensions>
      </trkpt>
      <trkpt lat="51.76204833202064037322998046875" lon="5.6144952960312366485595703125">
        <ele>9.3999996185302734375</ele>
        <time>2025-03-10T12:33:56.000Z</time>
        <extensions>
          <ns3:TrackPointExtension>
            <ns3:hr>141</ns3:hr>
          </ns3:TrackPointExtension>
        </extensions>
      </trkpt>
      <trkpt lat="51.7620469070971012115478515625" lon="5.614484064280986785888671875">
        <ele>9.3999996185302734375</ele>
        <time>2025-03-10T12:34:05.000Z</time>
        <extensions>
          <ns3:TrackPointExtension>
            <ns3:hr>140</ns3:hr>
          </ns3:TrackPointExtension>
        </extensions>
      </trkpt>
      <trkpt lat="51.76204741001129150390625" lon="5.61449001543223857879638671875">
        <ele>9.3999996185302734375</ele>
        <time>2025-03-10T12:34:14.000Z</time>
        <extensions>
          <ns3:TrackPointExtension>
            <ns3:hr>139</ns3:hr>
          </ns3:TrackPointExtension>
        </extensions>
      </trkpt>
      <trkpt lat="51.76205084659159183502197265625" lon="5.6144924461841583251953125">
        <ele>9.6000003814697265625</ele>
        <time>2025-03-10T12:34:26.000Z</time>
        <extensions>
          <ns3:TrackPointExtension>
            <ns3:hr>140</ns3:hr>
          </ns3:TrackPointExtension>
        </extensions>
      </trkpt>
      <trkpt lat="51.7620422132313251495361328125" lon="5.61450728215277194976806640625">
        <ele>9.19999980926513671875</ele>
        <time>2025-03-10T12:34:32.000Z</time>
        <extensions>
          <ns3:TrackPointExtension>
            <ns3:hr>140</ns3:hr>
          </ns3:TrackPointExtension>
        </extensions>
      </trkpt>
      <trkpt lat="51.76198513247072696685791015625" lon="5.61450812034308910369873046875">
        <ele>8.6000003814697265625</ele>
        <time>2025-03-10T12:34:37.000Z</time>
        <extensions>
          <ns3:TrackPointExtension>
            <ns3:hr>142</ns3:hr>
          </ns3:TrackPointExtension>
        </extensions>
      </trkpt>
      <trkpt lat="51.76194188185036182403564453125" lon="5.61452019028365612030029296875">
        <ele>8.3999996185302734375</ele>
        <time>2025-03-10T12:34:42.000Z</time>
        <extensions>
          <ns3:TrackPointExtension>
            <ns3:hr>141</ns3:hr>
          </ns3:TrackPointExtension>
        </extensions>
      </trkpt>
      <trkpt lat="51.76191003061830997467041015625" lon="5.61452396214008331298828125">
        <ele>8.3999996185302734375</ele>
        <time>2025-03-10T12:34:45.000Z</time>
        <extensions>
          <ns3:TrackPointExtension>
            <ns3:hr>142</ns3:hr>
          </ns3:TrackPointExtension>
        </extensions>
      </trkpt>
      <trkpt lat="51.7618977092206478118896484375" lon="5.61453343369066715240478515625">
        <ele>8.3999996185302734375</ele>
        <time>2025-03-10T12:34:47.000Z</time>
        <extensions>
          <ns3:TrackPointExtension>
            <ns3:hr>143</ns3:hr>
          </ns3:TrackPointExtension>
        </extensions>
      </trkpt>
      <trkpt lat="51.76189192570745944976806640625" lon="5.61454650945961475372314453125">
        <ele>8.3999996185302734375</ele>
        <time>2025-03-10T12:34:48.000Z</time>
        <extensions>
          <ns3:TrackPointExtension>
            <ns3:hr>143</ns3:hr>
          </ns3:TrackPointExtension>
        </extensions>
      </trkpt>
      <trkpt lat="51.7618739046156406402587890625" lon="5.61453200876712799072265625">
        <ele>8.3999996185302734375</ele>
        <time>2025-03-10T12:34:50.000Z</time>
        <extensions>
          <ns3:TrackPointExtension>
            <ns3:hr>142</ns3:hr>
          </ns3:TrackPointExtension>
        </extensions>
      </trkpt>
      <trkpt lat="51.761854626238346099853515625" lon="5.61451331712305545806884765625">
        <ele>8.6000003814697265625</ele>
        <time>2025-03-10T12:34:52.000Z</time>
        <extensions>
          <ns3:TrackPointExtension>
            <ns3:hr>143</ns3:hr>
          </ns3:TrackPointExtension>
        </extensions>
      </trkpt>
      <trkpt lat="51.76180508919060230255126953125" lon="5.61452806927263736724853515625">
        <ele>8.80000019073486328125</ele>
        <time>2025-03-10T12:34:58.000Z</time>
        <extensions>
          <ns3:TrackPointExtension>
            <ns3:hr>142</ns3:hr>
          </ns3:TrackPointExtension>
        </extensions>
      </trkpt>
      <trkpt lat="51.7617508582770824432373046875" lon="5.6145595014095306396484375">
        <ele>9.19999980926513671875</ele>
        <time>2025-03-10T12:35:03.000Z</time>
        <extensions>
          <ns3:TrackPointExtension>
            <ns3:hr>141</ns3:hr>
          </ns3:TrackPointExtension>
        </extensions>
      </trkpt>
      <trkpt lat="51.7617242038249969482421875" lon="5.61460283584892749786376953125">
        <ele>9.19999980926513671875</ele>
        <time>2025-03-10T12:35:07.000Z</time>
        <extensions>
          <ns3:TrackPointExtension>
            <ns3:hr>141</ns3:hr>
          </ns3:TrackPointExtension>
        </extensions>
      </trkpt>
      <trkpt lat="51.7617055959999561309814453125" lon="5.61462010256946086883544921875">
        <ele>9</ele>
        <time>2025-03-10T12:35:09.000Z</time>
        <extensions>
          <ns3:TrackPointExtension>
            <ns3:hr>143</ns3:hr>
          </ns3:TrackPointExtension>
        </extensions>
      </trkpt>
      <trkpt lat="51.76168371923267841339111328125" lon="5.6146441586315631866455078125">
        <ele>8.80000019073486328125</ele>
        <time>2025-03-10T12:35:12.000Z</time>
        <extensions>
          <ns3:TrackPointExtension>
            <ns3:hr>146</ns3:hr>
          </ns3:TrackPointExtension>
        </extensions>
      </trkpt>
      <trkpt lat="51.761682294309139251708984375" lon="5.61463301070034503936767578125">
        <ele>9.19999980926513671875</ele>
        <time>2025-03-10T12:35:15.000Z</time>
        <extensions>
          <ns3:TrackPointExtension>
            <ns3:hr>148</ns3:hr>
          </ns3:TrackPointExtension>
        </extensions>
      </trkpt>
      <trkpt lat="51.76167793571949005126953125" lon="5.61464860104024410247802734375">
        <ele>9.3999996185302734375</ele>
        <time>2025-03-10T12:35:17.000Z</time>
        <extensions>
          <ns3:TrackPointExtension>
            <ns3:hr>148</ns3:hr>
          </ns3:TrackPointExtension>
        </extensions>
      </trkpt>
      <trkpt lat="51.76165857352316379547119140625" lon="5.6146532110869884490966796875">
        <ele>9.3999996185302734375</ele>
        <time>2025-03-10T12:35:19.000Z</time>
        <extensions>
          <ns3:TrackPointExtension>
            <ns3:hr>148</ns3:hr>
          </ns3:TrackPointExtension>
        </extensions>
      </trkpt>
      <trkpt lat="51.76159537397325038909912109375" lon="5.6146921031177043914794921875">
        <ele>9</ele>
        <time>2025-03-10T12:35:26.000Z</time>
        <extensions>
          <ns3:TrackPointExtension>
            <ns3:hr>148</ns3:hr>
          </ns3:TrackPointExtension>
        </extensions>
      </trkpt>
      <trkpt lat="51.76153066568076610565185546875" lon="5.61472303234040737152099609375">
        <ele>9</ele>
        <time>2025-03-10T12:35:32.000Z</time>
        <extensions>
          <ns3:TrackPointExtension>
            <ns3:hr>149</ns3:hr>
          </ns3:TrackPointExtension>
        </extensions>
      </trkpt>
      <trkpt lat="51.76146805286407470703125" lon="5.61474147252738475799560546875">
        <ele>9</ele>
        <time>2025-03-10T12:35:38.000Z</time>
        <extensions>
          <ns3:TrackPointExtension>
            <ns3:hr>150</ns3:hr>
          </ns3:TrackPointExtension>
        </extensions>
      </trkpt>
      <trkpt lat="51.76140175200998783111572265625" lon="5.6147874891757965087890625">
        <ele>9.3999996185302734375</ele>
        <time>2025-03-10T12:35:45.000Z</time>
        <extensions>
          <ns3:TrackPointExtension>
            <ns3:hr>150</ns3:hr>
          </ns3:TrackPointExtension>
        </extensions>
      </trkpt>
      <trkpt lat="51.7613478563725948333740234375" lon="5.61482696793973445892333984375">
        <ele>9</ele>
        <time>2025-03-10T12:35:51.000Z</time>
        <extensions>
          <ns3:TrackPointExtension>
            <ns3:hr>149</ns3:hr>
          </ns3:TrackPointExtension>
        </extensions>
      </trkpt>
      <trkpt lat="51.761293374001979827880859375" lon="5.61485412530601024627685546875">
        <ele>9</ele>
        <time>2025-03-10T12:35:57.000Z</time>
        <extensions>
          <ns3:TrackPointExtension>
            <ns3:hr>151</ns3:hr>
          </ns3:TrackPointExtension>
        </extensions>
      </trkpt>
      <trkpt lat="51.76126621663570404052734375" lon="5.614867620170116424560546875">
        <ele>9</ele>
        <time>2025-03-10T12:36:02.000Z</time>
        <extensions>
          <ns3:TrackPointExtension>
            <ns3:hr>151</ns3:hr>
          </ns3:TrackPointExtension>
        </extensions>
      </trkpt>
      <trkpt lat="51.76120662130415439605712890625" lon="5.61487876810133457183837890625">
        <ele>9</ele>
        <time>2025-03-10T12:36:08.000Z</time>
        <extensions>
          <ns3:TrackPointExtension>
            <ns3:hr>151</ns3:hr>
          </ns3:TrackPointExtension>
        </extensions>
      </trkpt>
      <trkpt lat="51.7611631192266941070556640625" lon="5.6148947775363922119140625">
        <ele>8.80000019073486328125</ele>
        <time>2025-03-10T12:36:12.000Z</time>
        <extensions>
          <ns3:TrackPointExtension>
            <ns3:hr>148</ns3:hr>
          </ns3:TrackPointExtension>
        </extensions>
      </trkpt>
      <trkpt lat="51.7611399851739406585693359375" lon="5.61490173451602458953857421875">
        <ele>8.80000019073486328125</ele>
        <time>2025-03-10T12:36:15.000Z</time>
        <extensions>
          <ns3:TrackPointExtension>
            <ns3:hr>148</ns3:hr>
          </ns3:TrackPointExtension>
        </extensions>
      </trkpt>
      <trkpt lat="51.7610809765756130218505859375" lon="5.6149036623537540435791015625">
        <ele>9.19999980926513671875</ele>
        <time>2025-03-10T12:36:21.000Z</time>
        <extensions>
          <ns3:TrackPointExtension>
            <ns3:hr>148</ns3:hr>
          </ns3:TrackPointExtension>
        </extensions>
      </trkpt>
      <trkpt lat="51.76102456636726856231689453125" lon="5.61492403037846088409423828125">
        <ele>8.6000003814697265625</ele>
        <time>2025-03-10T12:36:27.000Z</time>
        <extensions>
          <ns3:TrackPointExtension>
            <ns3:hr>150</ns3:hr>
          </ns3:TrackPointExtension>
        </extensions>
      </trkpt>
      <trkpt lat="51.76098098047077655792236328125" lon="5.6149564683437347412109375">
        <ele>8.3999996185302734375</ele>
        <time>2025-03-10T12:36:33.000Z</time>
        <extensions>
          <ns3:TrackPointExtension>
            <ns3:hr>149</ns3:hr>
          </ns3:TrackPointExtension>
        </extensions>
      </trkpt>
      <trkpt lat="51.76092959940433502197265625" lon="5.6149794347584247589111328125">
        <ele>8.3999996185302734375</ele>
        <time>2025-03-10T12:36:38.000Z</time>
        <extensions>
          <ns3:TrackPointExtension>
            <ns3:hr>149</ns3:hr>
          </ns3:TrackPointExtension>
        </extensions>
      </trkpt>
      <trkpt lat="51.76090621389448642730712890625" lon="5.61499276198446750640869140625">
        <ele>8.3999996185302734375</ele>
        <time>2025-03-10T12:36:41.000Z</time>
        <extensions>
          <ns3:TrackPointExtension>
            <ns3:hr>148</ns3:hr>
          </ns3:TrackPointExtension>
        </extensions>
      </trkpt>
      <trkpt lat="51.7608442716300487518310546875" lon="5.6150179915130138397216796875">
        <ele>8.6000003814697265625</ele>
        <time>2025-03-10T12:36:48.000Z</time>
        <extensions>
          <ns3:TrackPointExtension>
            <ns3:hr>146</ns3:hr>
          </ns3:TrackPointExtension>
        </extensions>
      </trkpt>
      <trkpt lat="51.7608268372714519500732421875" lon="5.6150381080806255340576171875">
        <ele>8.6000003814697265625</ele>
        <time>2025-03-10T12:36:51.000Z</time>
        <extensions>
          <ns3:TrackPointExtension>
            <ns3:hr>143</ns3:hr>
          </ns3:TrackPointExtension>
        </extensions>
      </trkpt>
      <trkpt lat="51.760790459811687469482421875" lon="5.6150324083864688873291015625">
        <ele>8.6000003814697265625</ele>
        <time>2025-03-10T12:36:54.000Z</time>
        <extensions>
          <ns3:TrackPointExtension>
            <ns3:hr>142</ns3:hr>
          </ns3:TrackPointExtension>
        </extensions>
      </trkpt>
      <trkpt lat="51.76075014285743236541748046875" lon="5.61505579389631748199462890625">
        <ele>8.6000003814697265625</ele>
        <time>2025-03-10T12:37:00.000Z</time>
        <extensions>
          <ns3:TrackPointExtension>
            <ns3:hr>142</ns3:hr>
          </ns3:TrackPointExtension>
        </extensions>
      </trkpt>
      <trkpt lat="51.76068945787847042083740234375" lon="5.61508613638579845428466796875">
        <ele>8.6000003814697265625</ele>
        <time>2025-03-10T12:37:05.000Z</time>
        <extensions>
          <ns3:TrackPointExtension>
            <ns3:hr>146</ns3:hr>
          </ns3:TrackPointExtension>
        </extensions>
      </trkpt>
      <trkpt lat="51.76066766493022441864013671875" lon="5.615119747817516326904296875">
        <ele>8.80000019073486328125</ele>
        <time>2025-03-10T12:37:10.000Z</time>
        <extensions>
          <ns3:TrackPointExtension>
            <ns3:hr>147</ns3:hr>
          </ns3:TrackPointExtension>
        </extensions>
      </trkpt>
      <trkpt lat="51.76065995357930660247802734375" lon="5.61512536369264125823974609375">
        <ele>8.80000019073486328125</ele>
        <time>2025-03-10T12:37:11.000Z</time>
        <extensions>
          <ns3:TrackPointExtension>
            <ns3:hr>147</ns3:hr>
          </ns3:TrackPointExtension>
        </extensions>
      </trkpt>
      <trkpt lat="51.7606390826404094696044921875" lon="5.6151361763477325439453125">
        <ele>8.80000019073486328125</ele>
        <time>2025-03-10T12:37:13.000Z</time>
        <extensions>
          <ns3:TrackPointExtension>
            <ns3:hr>147</ns3:hr>
          </ns3:TrackPointExtension>
        </extensions>
      </trkpt>
      <trkpt lat="51.76058954559266567230224609375" lon="5.61514430679380893707275390625">
        <ele>8.80000019073486328125</ele>
        <time>2025-03-10T12:37:17.000Z</time>
        <extensions>
          <ns3:TrackPointExtension>
            <ns3:hr>147</ns3:hr>
          </ns3:TrackPointExtension>
        </extensions>
      </trkpt>
      <trkpt lat="51.7605435289442539215087890625" lon="5.61516769230365753173828125">
        <ele>8.80000019073486328125</ele>
        <time>2025-03-10T12:37:22.000Z</time>
        <extensions>
          <ns3:TrackPointExtension>
            <ns3:hr>147</ns3:hr>
          </ns3:TrackPointExtension>
        </extensions>
      </trkpt>
      <trkpt lat="51.7604821734130382537841796875" lon="5.61521337367594242095947265625">
        <ele>9.19999980926513671875</ele>
        <time>2025-03-10T12:37:28.000Z</time>
        <extensions>
          <ns3:TrackPointExtension>
            <ns3:hr>149</ns3:hr>
          </ns3:TrackPointExtension>
        </extensions>
      </trkpt>
      <trkpt lat="51.76040413789451122283935546875" lon="5.6152593903243541717529296875">
        <ele>8.80000019073486328125</ele>
        <time>2025-03-10T12:37:35.000Z</time>
        <extensions>
          <ns3:TrackPointExtension>
            <ns3:hr>149</ns3:hr>
          </ns3:TrackPointExtension>
        </extensions>
      </trkpt>
      <trkpt lat="51.76036725752055644989013671875" lon="5.6152945943176746368408203125">
        <ele>9</ele>
        <time>2025-03-10T12:37:39.000Z</time>
        <extensions>
          <ns3:TrackPointExtension>
            <ns3:hr>147</ns3:hr>
          </ns3:TrackPointExtension>
        </extensions>
      </trkpt>
      <trkpt lat="51.7603403516113758087158203125" lon="5.61532032676041126251220703125">
        <ele>9</ele>
        <time>2025-03-10T12:37:42.000Z</time>
        <extensions>
          <ns3:TrackPointExtension>
            <ns3:hr>147</ns3:hr>
          </ns3:TrackPointExtension>
        </extensions>
      </trkpt>
      <trkpt lat="51.7603162117302417755126953125" lon="5.615337677299976348876953125">
        <ele>9</ele>
        <time>2025-03-10T12:37:44.000Z</time>
        <extensions>
          <ns3:TrackPointExtension>
            <ns3:hr>152</ns3:hr>
          </ns3:TrackPointExtension>
        </extensions>
      </trkpt>
      <trkpt lat="51.76026382483541965484619140625" lon="5.61538092792034149169921875">
        <ele>8.80000019073486328125</ele>
        <time>2025-03-10T12:37:50.000Z</time>
        <extensions>
          <ns3:TrackPointExtension>
            <ns3:hr>153</ns3:hr>
          </ns3:TrackPointExtension>
        </extensions>
      </trkpt>
      <trkpt lat="51.7602173052728176116943359375" lon="5.61540029011666774749755859375">
        <ele>8.80000019073486328125</ele>
        <time>2025-03-10T12:37:55.000Z</time>
        <extensions>
          <ns3:TrackPointExtension>
            <ns3:hr>152</ns3:hr>
          </ns3:TrackPointExtension>
        </extensions>
      </trkpt>
      <trkpt lat="51.76016382873058319091796875" lon="5.615418143570423126220703125">
        <ele>8.80000019073486328125</ele>
        <time>2025-03-10T12:38:02.000Z</time>
        <extensions>
          <ns3:TrackPointExtension>
            <ns3:hr>153</ns3:hr>
          </ns3:TrackPointExtension>
        </extensions>
      </trkpt>
      <trkpt lat="51.7601108551025390625" lon="5.615451671183109283447265625">
        <ele>8.80000019073486328125</ele>
        <time>2025-03-10T12:38:08.000Z</time>
        <extensions>
          <ns3:TrackPointExtension>
            <ns3:hr>153</ns3:hr>
          </ns3:TrackPointExtension>
        </extensions>
      </trkpt>
      <trkpt lat="51.7600862123072147369384765625" lon="5.61545410193502902984619140625">
        <ele>9</ele>
        <time>2025-03-10T12:38:11.000Z</time>
        <extensions>
          <ns3:TrackPointExtension>
            <ns3:hr>152</ns3:hr>
          </ns3:TrackPointExtension>
        </extensions>
      </trkpt>
      <trkpt lat="51.76001287065446376800537109375" lon="5.615465752780437469482421875">
        <ele>9</ele>
        <time>2025-03-10T12:38:16.000Z</time>
        <extensions>
          <ns3:TrackPointExtension>
            <ns3:hr>152</ns3:hr>
          </ns3:TrackPointExtension>
        </extensions>
      </trkpt>
      <trkpt lat="51.75994095392525196075439453125" lon="5.61547891236841678619384765625">
        <ele>9</ele>
        <time>2025-03-10T12:38:23.000Z</time>
        <extensions>
          <ns3:TrackPointExtension>
            <ns3:hr>152</ns3:hr>
          </ns3:TrackPointExtension>
        </extensions>
      </trkpt>
      <trkpt lat="51.759900636970996856689453125" lon="5.61550724320113658905029296875">
        <ele>9.19999980926513671875</ele>
        <time>2025-03-10T12:38:28.000Z</time>
        <extensions>
          <ns3:TrackPointExtension>
            <ns3:hr>152</ns3:hr>
          </ns3:TrackPointExtension>
        </extensions>
      </trkpt>
      <trkpt lat="51.759855039417743682861328125" lon="5.61550556682050228118896484375">
        <ele>9.19999980926513671875</ele>
        <time>2025-03-10T12:38:35.000Z</time>
        <extensions>
          <ns3:TrackPointExtension>
            <ns3:hr>152</ns3:hr>
          </ns3:TrackPointExtension>
        </extensions>
      </trkpt>
      <trkpt lat="51.75984959118068218231201171875" lon="5.615503974258899688720703125">
        <ele>9.6000003814697265625</ele>
        <time>2025-03-10T12:38:36.000Z</time>
        <extensions>
          <ns3:TrackPointExtension>
            <ns3:hr>152</ns3:hr>
          </ns3:TrackPointExtension>
        </extensions>
      </trkpt>
      <trkpt lat="51.759853698313236236572265625" lon="5.61548125930130481719970703125">
        <ele>10</ele>
        <time>2025-03-10T12:38:44.000Z</time>
        <extensions>
          <ns3:TrackPointExtension>
            <ns3:hr>152</ns3:hr>
          </ns3:TrackPointExtension>
        </extensions>
      </trkpt>
      <trkpt lat="51.75986618734896183013916015625" lon="5.6154863722622394561767578125">
        <ele>10</ele>
        <time>2025-03-10T12:38:50.000Z</time>
        <extensions>
          <ns3:TrackPointExtension>
            <ns3:hr>154</ns3:hr>
          </ns3:TrackPointExtension>
        </extensions>
      </trkpt>
      <trkpt lat="51.75988110713660717010498046875" lon="5.6154947541654109954833984375">
        <ele>9.19999980926513671875</ele>
        <time>2025-03-10T12:38:58.000Z</time>
        <extensions>
          <ns3:TrackPointExtension>
            <ns3:hr>153</ns3:hr>
          </ns3:TrackPointExtension>
        </extensions>
      </trkpt>
      <trkpt lat="51.75987280905246734619140625" lon="5.61549617908895015716552734375">
        <ele>9</ele>
        <time>2025-03-10T12:39:07.000Z</time>
        <extensions>
          <ns3:TrackPointExtension>
            <ns3:hr>151</ns3:hr>
          </ns3:TrackPointExtension>
        </extensions>
      </trkpt>
      <trkpt lat="51.75983835943043231964111328125" lon="5.61548955738544464111328125">
        <ele>9</ele>
        <time>2025-03-10T12:39:18.000Z</time>
        <extensions>
          <ns3:TrackPointExtension>
            <ns3:hr>149</ns3:hr>
          </ns3:TrackPointExtension>
        </extensions>
      </trkpt>
      <trkpt lat="51.7598441429436206817626953125" lon="5.61549550853669643402099609375">
        <ele>9.6000003814697265625</ele>
        <time>2025-03-10T12:39:25.000Z</time>
        <extensions>
          <ns3:TrackPointExtension>
            <ns3:hr>146</ns3:hr>
          </ns3:TrackPointExtension>
        </extensions>
      </trkpt>
      <trkpt lat="51.75984707660973072052001953125" lon="5.61550154350697994232177734375">
        <ele>9.6000003814697265625</ele>
        <time>2025-03-10T12:39:26.000Z</time>
        <extensions>
          <ns3:TrackPointExtension>
            <ns3:hr>146</ns3:hr>
          </ns3:TrackPointExtension>
        </extensions>
      </trkpt>
      <trkpt lat="51.759786643087863922119140625" lon="5.61549223959445953369140625">
        <ele>9</ele>
        <time>2025-03-10T12:39:31.000Z</time>
        <extensions>
          <ns3:TrackPointExtension>
            <ns3:hr>145</ns3:hr>
          </ns3:TrackPointExtension>
        </extensions>
      </trkpt>
      <trkpt lat="51.7597646825015544891357421875" lon="5.61549148522317409515380859375">
        <ele>8.6000003814697265625</ele>
        <time>2025-03-10T12:39:34.000Z</time>
        <extensions>
          <ns3:TrackPointExtension>
            <ns3:hr>146</ns3:hr>
          </ns3:TrackPointExtension>
        </extensions>
      </trkpt>
      <trkpt lat="51.7597153969109058380126953125" lon="5.61552040278911590576171875">
        <ele>8.6000003814697265625</ele>
        <time>2025-03-10T12:39:38.000Z</time>
        <extensions>
          <ns3:TrackPointExtension>
            <ns3:hr>146</ns3:hr>
          </ns3:TrackPointExtension>
        </extensions>
      </trkpt>
      <trkpt lat="51.75967357121407985687255859375" lon="5.61555837281048297882080078125">
        <ele>8.6000003814697265625</ele>
        <time>2025-03-10T12:39:44.000Z</time>
        <extensions>
          <ns3:TrackPointExtension>
            <ns3:hr>147</ns3:hr>
          </ns3:TrackPointExtension>
        </extensions>
      </trkpt>
      <trkpt lat="51.7596396245062351226806640625" lon="5.6155678443610668182373046875">
        <ele>8.80000019073486328125</ele>
        <time>2025-03-10T12:39:48.000Z</time>
        <extensions>
          <ns3:TrackPointExtension>
            <ns3:hr>150</ns3:hr>
          </ns3:TrackPointExtension>
        </extensions>
      </trkpt>
      <trkpt lat="51.759616993367671966552734375" lon="5.61557496897876262664794921875">
        <ele>8.6000003814697265625</ele>
        <time>2025-03-10T12:39:51.000Z</time>
        <extensions>
          <ns3:TrackPointExtension>
            <ns3:hr>151</ns3:hr>
          </ns3:TrackPointExtension>
        </extensions>
      </trkpt>
      <trkpt lat="51.759582124650478363037109375" lon="5.6155919842422008514404296875">
        <ele>8.6000003814697265625</ele>
        <time>2025-03-10T12:39:54.000Z</time>
        <extensions>
          <ns3:TrackPointExtension>
            <ns3:hr>154</ns3:hr>
          </ns3:TrackPointExtension>
        </extensions>
      </trkpt>
      <trkpt lat="51.759566031396389007568359375" lon="5.6156003661453723907470703125">
        <ele>8.6000003814697265625</ele>
        <time>2025-03-10T12:39:56.000Z</time>
        <extensions>
          <ns3:TrackPointExtension>
            <ns3:hr>155</ns3:hr>
          </ns3:TrackPointExtension>
        </extensions>
      </trkpt>
      <trkpt lat="51.75955756567418575286865234375" lon="5.61560623347759246826171875">
        <ele>8.6000003814697265625</ele>
        <time>2025-03-10T12:39:57.000Z</time>
        <extensions>
          <ns3:TrackPointExtension>
            <ns3:hr>155</ns3:hr>
          </ns3:TrackPointExtension>
        </extensions>
      </trkpt>
      <trkpt lat="51.75953560508787631988525390625" lon="5.61561956070363521575927734375">
        <ele>8.6000003814697265625</ele>
        <time>2025-03-10T12:40:00.000Z</time>
        <extensions>
          <ns3:TrackPointExtension>
            <ns3:hr>152</ns3:hr>
          </ns3:TrackPointExtension>
        </extensions>
      </trkpt>
      <trkpt lat="51.75952772609889507293701171875" lon="5.6156221590936183929443359375">
        <ele>8.80000019073486328125</ele>
        <time>2025-03-10T12:40:01.000Z</time>
        <extensions>
          <ns3:TrackPointExtension>
            <ns3:hr>150</ns3:hr>
          </ns3:TrackPointExtension>
        </extensions>
      </trkpt>
      <trkpt lat="51.7594837211072444915771484375" lon="5.6156432814896106719970703125">
        <ele>8.80000019073486328125</ele>
        <time>2025-03-10T12:40:06.000Z</time>
        <extensions>
          <ns3:TrackPointExtension>
            <ns3:hr>150</ns3:hr>
          </ns3:TrackPointExtension>
        </extensions>
      </trkpt>
      <trkpt lat="51.759450696408748626708984375" lon="5.61567060649394989013671875">
        <ele>8.80000019073486328125</ele>
        <time>2025-03-10T12:40:10.000Z</time>
        <extensions>
          <ns3:TrackPointExtension>
            <ns3:hr>153</ns3:hr>
          </ns3:TrackPointExtension>
        </extensions>
      </trkpt>
      <trkpt lat="51.75943292677402496337890625" lon="5.615681000053882598876953125">
        <ele>9</ele>
        <time>2025-03-10T12:40:12.000Z</time>
        <extensions>
          <ns3:TrackPointExtension>
            <ns3:hr>155</ns3:hr>
          </ns3:TrackPointExtension>
        </extensions>
      </trkpt>
      <trkpt lat="51.7593745887279510498046875" lon="5.61568980105221271514892578125">
        <ele>9.3999996185302734375</ele>
        <time>2025-03-10T12:40:18.000Z</time>
        <extensions>
          <ns3:TrackPointExtension>
            <ns3:hr>156</ns3:hr>
          </ns3:TrackPointExtension>
        </extensions>
      </trkpt>
      <trkpt lat="51.75931532867252826690673828125" lon="5.6157230772078037261962890625">
        <ele>9.3999996185302734375</ele>
        <time>2025-03-10T12:40:23.000Z</time>
        <extensions>
          <ns3:TrackPointExtension>
            <ns3:hr>155</ns3:hr>
          </ns3:TrackPointExtension>
        </extensions>
      </trkpt>
      <trkpt lat="51.75926453433930873870849609375" lon="5.61573741026222705841064453125">
        <ele>9.3999996185302734375</ele>
        <time>2025-03-10T12:40:28.000Z</time>
        <extensions>
          <ns3:TrackPointExtension>
            <ns3:hr>152</ns3:hr>
          </ns3:TrackPointExtension>
        </extensions>
      </trkpt>
      <trkpt lat="51.75925397314131259918212890625" lon="5.61573975719511508941650390625">
        <ele>9.3999996185302734375</ele>
        <time>2025-03-10T12:40:29.000Z</time>
        <extensions>
          <ns3:TrackPointExtension>
            <ns3:hr>151</ns3:hr>
          </ns3:TrackPointExtension>
        </extensions>
      </trkpt>
      <trkpt lat="51.75921977497637271881103515625" lon="5.61573171056807041168212890625">
        <ele>9.3999996185302734375</ele>
        <time>2025-03-10T12:40:34.000Z</time>
        <extensions>
          <ns3:TrackPointExtension>
            <ns3:hr>152</ns3:hr>
          </ns3:TrackPointExtension>
        </extensions>
      </trkpt>
      <trkpt lat="51.759189181029796600341796875" lon="5.6157334707677364349365234375">
        <ele>9.3999996185302734375</ele>
        <time>2025-03-10T12:40:41.000Z</time>
        <extensions>
          <ns3:TrackPointExtension>
            <ns3:hr>151</ns3:hr>
          </ns3:TrackPointExtension>
        </extensions>
      </trkpt>
      <trkpt lat="51.759148277342319488525390625" lon="5.615738332271575927734375">
        <ele>9.19999980926513671875</ele>
        <time>2025-03-10T12:40:45.000Z</time>
        <extensions>
          <ns3:TrackPointExtension>
            <ns3:hr>147</ns3:hr>
          </ns3:TrackPointExtension>
        </extensions>
      </trkpt>
      <trkpt lat="51.75913679413497447967529296875" lon="5.6157448701560497283935546875">
        <ele>9.19999980926513671875</ele>
        <time>2025-03-10T12:40:46.000Z</time>
        <extensions>
          <ns3:TrackPointExtension>
            <ns3:hr>145</ns3:hr>
          </ns3:TrackPointExtension>
        </extensions>
      </trkpt>
      <trkpt lat="51.7591051943600177764892578125" lon="5.615760125219821929931640625">
        <ele>9.19999980926513671875</ele>
        <time>2025-03-10T12:40:52.000Z</time>
        <extensions>
          <ns3:TrackPointExtension>
            <ns3:hr>145</ns3:hr>
          </ns3:TrackPointExtension>
        </extensions>
      </trkpt>
      <trkpt lat="51.75903134979307651519775390625" lon="5.615768842399120330810546875">
        <ele>9.3999996185302734375</ele>
        <time>2025-03-10T12:40:59.000Z</time>
        <extensions>
          <ns3:TrackPointExtension>
            <ns3:hr>145</ns3:hr>
          </ns3:TrackPointExtension>
        </extensions>
      </trkpt>
      <trkpt lat="51.75895356573164463043212890625" lon="5.6157830916345119476318359375">
        <ele>9.3999996185302734375</ele>
        <time>2025-03-10T12:41:07.000Z</time>
        <extensions>
          <ns3:TrackPointExtension>
            <ns3:hr>147</ns3:hr>
          </ns3:TrackPointExtension>
        </extensions>
      </trkpt>
      <trkpt lat="51.75889371894299983978271484375" lon="5.6157824210822582244873046875">
        <ele>9.19999980926513671875</ele>
        <time>2025-03-10T12:41:13.000Z</time>
        <extensions>
          <ns3:TrackPointExtension>
            <ns3:hr>148</ns3:hr>
          </ns3:TrackPointExtension>
        </extensions>
      </trkpt>
      <trkpt lat="51.75886773504316806793212890625" lon="5.61576372943818569183349609375">
        <ele>9.19999980926513671875</ele>
        <time>2025-03-10T12:41:19.000Z</time>
        <extensions>
          <ns3:TrackPointExtension>
            <ns3:hr>149</ns3:hr>
          </ns3:TrackPointExtension>
        </extensions>
      </trkpt>
      <trkpt lat="51.75885801203548908233642578125" lon="5.6157703511416912078857421875">
        <ele>9.80000019073486328125</ele>
        <time>2025-03-10T12:41:21.000Z</time>
        <extensions>
          <ns3:TrackPointExtension>
            <ns3:hr>150</ns3:hr>
          </ns3:TrackPointExtension>
        </extensions>
      </trkpt>
      <trkpt lat="51.758839823305606842041015625" lon="5.6157718598842620849609375">
        <ele>10.19999980926513671875</ele>
        <time>2025-03-10T12:41:27.000Z</time>
        <extensions>
          <ns3:TrackPointExtension>
            <ns3:hr>149</ns3:hr>
          </ns3:TrackPointExtension>
        </extensions>
      </trkpt>
      <trkpt lat="51.75884778611361980438232421875" lon="5.615766830742359161376953125">
        <ele>10.19999980926513671875</ele>
        <time>2025-03-10T12:41:35.000Z</time>
        <extensions>
          <ns3:TrackPointExtension>
            <ns3:hr>152</ns3:hr>
          </ns3:TrackPointExtension>
        </extensions>
      </trkpt>
      <trkpt lat="51.7588440142571926116943359375" lon="5.61574880965054035186767578125">
        <ele>9.6000003814697265625</ele>
        <time>2025-03-10T12:41:43.000Z</time>
        <extensions>
          <ns3:TrackPointExtension>
            <ns3:hr>150</ns3:hr>
          </ns3:TrackPointExtension>
        </extensions>
      </trkpt>
      <trkpt lat="51.75879858434200286865234375" lon="5.61569617129862308502197265625">
        <ele>9.19999980926513671875</ele>
        <time>2025-03-10T12:41:48.000Z</time>
        <extensions>
          <ns3:TrackPointExtension>
            <ns3:hr>150</ns3:hr>
          </ns3:TrackPointExtension>
        </extensions>
      </trkpt>
      <trkpt lat="51.75874854438006877899169921875" lon="5.61566926538944244384765625">
        <ele>9.19999980926513671875</ele>
        <time>2025-03-10T12:41:54.000Z</time>
        <extensions>
          <ns3:TrackPointExtension>
            <ns3:hr>151</ns3:hr>
          </ns3:TrackPointExtension>
        </extensions>
      </trkpt>
      <trkpt lat="51.7586884461343288421630859375" lon="5.61561134643852710723876953125">
        <ele>9.3999996185302734375</ele>
        <time>2025-03-10T12:42:01.000Z</time>
        <extensions>
          <ns3:TrackPointExtension>
            <ns3:hr>150</ns3:hr>
          </ns3:TrackPointExtension>
        </extensions>
      </trkpt>
      <trkpt lat="51.75864276476204395294189453125" lon="5.6155654974281787872314453125">
        <ele>9.19999980926513671875</ele>
        <time>2025-03-10T12:42:07.000Z</time>
        <extensions>
          <ns3:TrackPointExtension>
            <ns3:hr>151</ns3:hr>
          </ns3:TrackPointExtension>
        </extensions>
      </trkpt>
      <trkpt lat="51.758578978478908538818359375" lon="5.61553272418677806854248046875">
        <ele>9.19999980926513671875</ele>
        <time>2025-03-10T12:42:13.000Z</time>
        <extensions>
          <ns3:TrackPointExtension>
            <ns3:hr>148</ns3:hr>
          </ns3:TrackPointExtension>
        </extensions>
      </trkpt>
      <trkpt lat="51.75856648944318294525146484375" lon="5.6155343167483806610107421875">
        <ele>9.19999980926513671875</ele>
        <time>2025-03-10T12:42:14.000Z</time>
        <extensions>
          <ns3:TrackPointExtension>
            <ns3:hr>148</ns3:hr>
          </ns3:TrackPointExtension>
        </extensions>
      </trkpt>
      <trkpt lat="51.75853882916271686553955078125" lon="5.6155162118375301361083984375">
        <ele>9.19999980926513671875</ele>
        <time>2025-03-10T12:42:21.000Z</time>
        <extensions>
          <ns3:TrackPointExtension>
            <ns3:hr>148</ns3:hr>
          </ns3:TrackPointExtension>
        </extensions>
      </trkpt>
      <trkpt lat="51.75851569510996341705322265625" lon="5.61551772058010101318359375">
        <ele>9.3999996185302734375</ele>
        <time>2025-03-10T12:42:26.000Z</time>
        <extensions>
          <ns3:TrackPointExtension>
            <ns3:hr>149</ns3:hr>
          </ns3:TrackPointExtension>
        </extensions>
      </trkpt>
      <trkpt lat="51.75847747363150119781494140625" lon="5.61556742526590824127197265625">
        <ele>9.19999980926513671875</ele>
        <time>2025-03-10T12:42:32.000Z</time>
        <extensions>
          <ns3:TrackPointExtension>
            <ns3:hr>148</ns3:hr>
          </ns3:TrackPointExtension>
        </extensions>
      </trkpt>
      <trkpt lat="51.75845526158809661865234375" lon="5.6156188063323497772216796875">
        <ele>9.80000019073486328125</ele>
        <time>2025-03-10T12:42:40.000Z</time>
        <extensions>
          <ns3:TrackPointExtension>
            <ns3:hr>150</ns3:hr>
          </ns3:TrackPointExtension>
        </extensions>
      </trkpt>
      <trkpt lat="51.7584356479346752166748046875" lon="5.61567052267491817474365234375">
        <ele>9.80000019073486328125</ele>
        <time>2025-03-10T12:42:46.000Z</time>
        <extensions>
          <ns3:TrackPointExtension>
            <ns3:hr>149</ns3:hr>
          </ns3:TrackPointExtension>
        </extensions>
      </trkpt>
      <trkpt lat="51.75842030905187129974365234375" lon="5.615700781345367431640625">
        <ele>10.19999980926513671875</ele>
        <time>2025-03-10T12:42:51.000Z</time>
        <extensions>
          <ns3:TrackPointExtension>
            <ns3:hr>149</ns3:hr>
          </ns3:TrackPointExtension>
        </extensions>
      </trkpt>
      <trkpt lat="51.75839130766689777374267578125" lon="5.61577328480780124664306640625">
        <ele>10.3999996185302734375</ele>
        <time>2025-03-10T12:42:57.000Z</time>
        <extensions>
          <ns3:TrackPointExtension>
            <ns3:hr>149</ns3:hr>
          </ns3:TrackPointExtension>
        </extensions>
      </trkpt>
      <trkpt lat="51.7583392560482025146484375" lon="5.61583212576806545257568359375">
        <ele>10.80000019073486328125</ele>
        <time>2025-03-10T12:43:03.000Z</time>
        <extensions>
          <ns3:TrackPointExtension>
            <ns3:hr>150</ns3:hr>
          </ns3:TrackPointExtension>
        </extensions>
      </trkpt>
      <trkpt lat="51.75833397544920444488525390625" lon="5.615837909281253814697265625">
        <ele>11</ele>
        <time>2025-03-10T12:43:04.000Z</time>
        <extensions>
          <ns3:TrackPointExtension>
            <ns3:hr>150</ns3:hr>
          </ns3:TrackPointExtension>
        </extensions>
      </trkpt>
      <trkpt lat="51.75831587053835391998291015625" lon="5.6158766336739063262939453125">
        <ele>11.19999980926513671875</ele>
        <time>2025-03-10T12:43:08.000Z</time>
        <extensions>
          <ns3:TrackPointExtension>
            <ns3:hr>153</ns3:hr>
          </ns3:TrackPointExtension>
        </extensions>
      </trkpt>
      <trkpt lat="51.7582830972969532012939453125" lon="5.61592248268425464630126953125">
        <ele>11.3999996185302734375</ele>
        <time>2025-03-10T12:43:13.000Z</time>
        <extensions>
          <ns3:TrackPointExtension>
            <ns3:hr>156</ns3:hr>
          </ns3:TrackPointExtension>
        </extensions>
      </trkpt>
      <trkpt lat="51.758241355419158935546875" lon="5.61596833169460296630859375">
        <ele>11.3999996185302734375</ele>
        <time>2025-03-10T12:43:18.000Z</time>
        <extensions>
          <ns3:TrackPointExtension>
            <ns3:hr>154</ns3:hr>
          </ns3:TrackPointExtension>
        </extensions>
      </trkpt>
      <trkpt lat="51.75819374620914459228515625" lon="5.61601527035236358642578125">
        <ele>11.6000003814697265625</ele>
        <time>2025-03-10T12:43:23.000Z</time>
        <extensions>
          <ns3:TrackPointExtension>
            <ns3:hr>156</ns3:hr>
          </ns3:TrackPointExtension>
        </extensions>
      </trkpt>
      <trkpt lat="51.758157871663570404052734375" lon="5.61604569666087627410888671875">
        <ele>11.6000003814697265625</ele>
        <time>2025-03-10T12:43:27.000Z</time>
        <extensions>
          <ns3:TrackPointExtension>
            <ns3:hr>159</ns3:hr>
          </ns3:TrackPointExtension>
        </extensions>
      </trkpt>
      <trkpt lat="51.75815242342650890350341796875" lon="5.61605013906955718994140625">
        <ele>11.6000003814697265625</ele>
        <time>2025-03-10T12:43:28.000Z</time>
        <extensions>
          <ns3:TrackPointExtension>
            <ns3:hr>158</ns3:hr>
          </ns3:TrackPointExtension>
        </extensions>
      </trkpt>
      <trkpt lat="51.75815485417842864990234375" lon="5.6160771287977695465087890625">
        <ele>11.80000019073486328125</ele>
        <time>2025-03-10T12:43:31.000Z</time>
        <extensions>
          <ns3:TrackPointExtension>
            <ns3:hr>158</ns3:hr>
          </ns3:TrackPointExtension>
        </extensions>
      </trkpt>
      <trkpt lat="51.75815527327358722686767578125" lon="5.61611811630427837371826171875">
        <ele>11.80000019073486328125</ele>
        <time>2025-03-10T12:43:33.000Z</time>
        <extensions>
          <ns3:TrackPointExtension>
            <ns3:hr>156</ns3:hr>
          </ns3:TrackPointExtension>
        </extensions>
      </trkpt>
      <trkpt lat="51.7581570334732532501220703125" lon="5.61617075465619564056396484375">
        <ele>11.6000003814697265625</ele>
        <time>2025-03-10T12:43:38.000Z</time>
        <extensions>
          <ns3:TrackPointExtension>
            <ns3:hr>154</ns3:hr>
          </ns3:TrackPointExtension>
        </extensions>
      </trkpt>
      <trkpt lat="51.75816558301448822021484375" lon="5.61622356064617633819580078125">
        <ele>12</ele>
        <time>2025-03-10T12:43:43.000Z</time>
        <extensions>
          <ns3:TrackPointExtension>
            <ns3:hr>154</ns3:hr>
          </ns3:TrackPointExtension>
        </extensions>
      </trkpt>
      <trkpt lat="51.7581687681376934051513671875" lon="5.61622180044651031494140625">
        <ele>12.3999996185302734375</ele>
        <time>2025-03-10T12:43:44.000Z</time>
        <extensions>
          <ns3:TrackPointExtension>
            <ns3:hr>154</ns3:hr>
          </ns3:TrackPointExtension>
        </extensions>
      </trkpt>
      <trkpt lat="51.7581835202872753143310546875" lon="5.61625876463949680328369140625">
        <ele>12.3999996185302734375</ele>
        <time>2025-03-10T12:43:49.000Z</time>
        <extensions>
          <ns3:TrackPointExtension>
            <ns3:hr>154</ns3:hr>
          </ns3:TrackPointExtension>
        </extensions>
      </trkpt>
      <trkpt lat="51.7581982724368572235107421875" lon="5.61628877185285091400146484375">
        <ele>12.19999980926513671875</ele>
        <time>2025-03-10T12:43:53.000Z</time>
        <extensions>
          <ns3:TrackPointExtension>
            <ns3:hr>154</ns3:hr>
          </ns3:TrackPointExtension>
        </extensions>
      </trkpt>
      <trkpt lat="51.75820791162550449371337890625" lon="5.61635666526854038238525390625">
        <ele>12.19999980926513671875</ele>
        <time>2025-03-10T12:43:58.000Z</time>
        <extensions>
          <ns3:TrackPointExtension>
            <ns3:hr>150</ns3:hr>
          </ns3:TrackPointExtension>
        </extensions>
      </trkpt>
      <trkpt lat="51.75821763463318347930908203125" lon="5.61637602746486663818359375">
        <ele>12.3999996185302734375</ele>
        <time>2025-03-10T12:44:00.000Z</time>
        <extensions>
          <ns3:TrackPointExtension>
            <ns3:hr>147</ns3:hr>
          </ns3:TrackPointExtension>
        </extensions>
      </trkpt>
      <trkpt lat="51.75823624245822429656982421875" lon="5.61638935469090938568115234375">
        <ele>12.3999996185302734375</ele>
        <time>2025-03-10T12:44:03.000Z</time>
        <extensions>
          <ns3:TrackPointExtension>
            <ns3:hr>146</ns3:hr>
          </ns3:TrackPointExtension>
        </extensions>
      </trkpt>
      <trkpt lat="51.7582586221396923065185546875" lon="5.6164445914328098297119140625">
        <ele>12.6000003814697265625</ele>
        <time>2025-03-10T12:44:08.000Z</time>
        <extensions>
          <ns3:TrackPointExtension>
            <ns3:hr>147</ns3:hr>
          </ns3:TrackPointExtension>
        </extensions>
      </trkpt>
      <trkpt lat="51.75827899016439914703369140625" lon="5.61650569550693035125732421875">
        <ele>13</ele>
        <time>2025-03-10T12:44:13.000Z</time>
        <extensions>
          <ns3:TrackPointExtension>
            <ns3:hr>149</ns3:hr>
          </ns3:TrackPointExtension>
        </extensions>
      </trkpt>
      <trkpt lat="51.75828770734369754791259765625" lon="5.61651726253330707550048828125">
        <ele>13.3999996185302734375</ele>
        <time>2025-03-10T12:44:15.000Z</time>
        <extensions>
          <ns3:TrackPointExtension>
            <ns3:hr>150</ns3:hr>
          </ns3:TrackPointExtension>
        </extensions>
      </trkpt>
      <trkpt lat="51.758278571069240570068359375" lon="5.61652086675167083740234375">
        <ele>13.3999996185302734375</ele>
        <time>2025-03-10T12:44:20.000Z</time>
        <extensions>
          <ns3:TrackPointExtension>
            <ns3:hr>149</ns3:hr>
          </ns3:TrackPointExtension>
        </extensions>
      </trkpt>
      <trkpt lat="51.75827932544052600860595703125" lon="5.61651692725718021392822265625">
        <ele>13.3999996185302734375</ele>
        <time>2025-03-10T12:44:22.000Z</time>
        <extensions>
          <ns3:TrackPointExtension>
            <ns3:hr>153</ns3:hr>
          </ns3:TrackPointExtension>
        </extensions>
      </trkpt>
      <trkpt lat="51.7582730390131473541259765625" lon="5.61649672687053680419921875">
        <ele>13.3999996185302734375</ele>
        <time>2025-03-10T12:44:25.000Z</time>
        <extensions>
          <ns3:TrackPointExtension>
            <ns3:hr>159</ns3:hr>
          </ns3:TrackPointExtension>
        </extensions>
      </trkpt>
      <trkpt lat="51.7582891322672367095947265625" lon="5.6164730899035930633544921875">
        <ele>13.3999996185302734375</ele>
        <time>2025-03-10T12:44:26.000Z</time>
        <extensions>
          <ns3:TrackPointExtension>
            <ns3:hr>159</ns3:hr>
          </ns3:TrackPointExtension>
        </extensions>
      </trkpt>
      <trkpt lat="51.758292652666568756103515625" lon="5.61646596528589725494384765625">
        <ele>13.3999996185302734375</ele>
        <time>2025-03-10T12:44:27.000Z</time>
        <extensions>
          <ns3:TrackPointExtension>
            <ns3:hr>160</ns3:hr>
          </ns3:TrackPointExtension>
        </extensions>
      </trkpt>
      <trkpt lat="51.75831444561481475830078125" lon="5.61647619120776653289794921875">
        <ele>13.80000019073486328125</ele>
        <time>2025-03-10T12:44:33.000Z</time>
        <extensions>
          <ns3:TrackPointExtension>
            <ns3:hr>160</ns3:hr>
          </ns3:TrackPointExtension>
        </extensions>
      </trkpt>
      <trkpt lat="51.7583528347313404083251953125" lon="5.6165082938969135284423828125">
        <ele>14</ele>
        <time>2025-03-10T12:44:38.000Z</time>
        <extensions>
          <ns3:TrackPointExtension>
            <ns3:hr>159</ns3:hr>
          </ns3:TrackPointExtension>
        </extensions>
      </trkpt>
      <trkpt lat="51.7583994381129741668701171875" lon="5.61658666469156742095947265625">
        <ele>14.6000003814697265625</ele>
        <time>2025-03-10T12:44:44.000Z</time>
        <extensions>
          <ns3:TrackPointExtension>
            <ns3:hr>161</ns3:hr>
          </ns3:TrackPointExtension>
        </extensions>
      </trkpt>
      <trkpt lat="51.758431456983089447021484375" lon="5.61664550565183162689208984375">
        <ele>15.3999996185302734375</ele>
        <time>2025-03-10T12:44:50.000Z</time>
        <extensions>
          <ns3:TrackPointExtension>
            <ns3:hr>161</ns3:hr>
          </ns3:TrackPointExtension>
        </extensions>
      </trkpt>
      <trkpt lat="51.7584353126585483551025390625" lon="5.616653971374034881591796875">
        <ele>15.6000003814697265625</ele>
        <time>2025-03-10T12:44:51.000Z</time>
        <extensions>
          <ns3:TrackPointExtension>
            <ns3:hr>161</ns3:hr>
          </ns3:TrackPointExtension>
        </extensions>
      </trkpt>
      <trkpt lat="51.75844813697040081024169921875" lon="5.6166799552738666534423828125">
        <ele>16.3999996185302734375</ele>
        <time>2025-03-10T12:44:58.000Z</time>
        <extensions>
          <ns3:TrackPointExtension>
            <ns3:hr>165</ns3:hr>
          </ns3:TrackPointExtension>
        </extensions>
      </trkpt>
      <trkpt lat="51.7584574408829212188720703125" lon="5.6166863255202770233154296875">
        <ele>16.3999996185302734375</ele>
        <time>2025-03-10T12:45:00.000Z</time>
        <extensions>
          <ns3:TrackPointExtension>
            <ns3:hr>168</ns3:hr>
          </ns3:TrackPointExtension>
        </extensions>
      </trkpt>
      <trkpt lat="51.75848753191530704498291015625" lon="5.61673200689256191253662109375">
        <ele>16.6000003814697265625</ele>
        <time>2025-03-10T12:45:06.000Z</time>
        <extensions>
          <ns3:TrackPointExtension>
            <ns3:hr>167</ns3:hr>
          </ns3:TrackPointExtension>
        </extensions>
      </trkpt>
      <trkpt lat="51.75848736427724361419677734375" lon="5.6167374551296234130859375">
        <ele>16.799999237060546875</ele>
        <time>2025-03-10T12:45:07.000Z</time>
        <extensions>
          <ns3:TrackPointExtension>
            <ns3:hr>167</ns3:hr>
          </ns3:TrackPointExtension>
        </extensions>
      </trkpt>
      <trkpt lat="51.75852491520345211029052734375" lon="5.6167755089700222015380859375">
        <ele>17</ele>
        <time>2025-03-10T12:45:11.000Z</time>
        <extensions>
          <ns3:TrackPointExtension>
            <ns3:hr>168</ns3:hr>
          </ns3:TrackPointExtension>
        </extensions>
      </trkpt>
      <trkpt lat="51.75853983499109745025634765625" lon="5.616811215877532958984375">
        <ele>17.6000003814697265625</ele>
        <time>2025-03-10T12:45:16.000Z</time>
        <extensions>
          <ns3:TrackPointExtension>
            <ns3:hr>169</ns3:hr>
          </ns3:TrackPointExtension>
        </extensions>
      </trkpt>
      <trkpt lat="51.7585462890565395355224609375" lon="5.6168474256992340087890625">
        <ele>17.799999237060546875</ele>
        <time>2025-03-10T12:45:18.000Z</time>
        <extensions>
          <ns3:TrackPointExtension>
            <ns3:hr>172</ns3:hr>
          </ns3:TrackPointExtension>
        </extensions>
      </trkpt>
      <trkpt lat="51.758550815284252166748046875" lon="5.61688363552093505859375">
        <ele>18.200000762939453125</ele>
        <time>2025-03-10T12:45:21.000Z</time>
        <extensions>
          <ns3:TrackPointExtension>
            <ns3:hr>173</ns3:hr>
          </ns3:TrackPointExtension>
        </extensions>
      </trkpt>
      <trkpt lat="51.75856531597673892974853515625" lon="5.61692588031291961669921875">
        <ele>18.6000003814697265625</ele>
        <time>2025-03-10T12:45:27.000Z</time>
        <extensions>
          <ns3:TrackPointExtension>
            <ns3:hr>173</ns3:hr>
          </ns3:TrackPointExtension>
        </extensions>
      </trkpt>
      <trkpt lat="51.7585657350718975067138671875" lon="5.616934262216091156005859375">
        <ele>18.799999237060546875</ele>
        <time>2025-03-10T12:45:28.000Z</time>
        <extensions>
          <ns3:TrackPointExtension>
            <ns3:hr>173</ns3:hr>
          </ns3:TrackPointExtension>
        </extensions>
      </trkpt>
      <trkpt lat="51.75858710892498493194580078125" lon="5.61696887947618961334228515625">
        <ele>19</ele>
        <time>2025-03-10T12:45:33.000Z</time>
        <extensions>
          <ns3:TrackPointExtension>
            <ns3:hr>175</ns3:hr>
          </ns3:TrackPointExtension>
        </extensions>
      </trkpt>
      <trkpt lat="51.75863170064985752105712890625" lon="5.6169994734227657318115234375">
        <ele>19.200000762939453125</ele>
        <time>2025-03-10T12:45:39.000Z</time>
        <extensions>
          <ns3:TrackPointExtension>
            <ns3:hr>176</ns3:hr>
          </ns3:TrackPointExtension>
        </extensions>
      </trkpt>
      <trkpt lat="51.75866690464317798614501953125" lon="5.6170155666768550872802734375">
        <ele>19.3999996185302734375</ele>
        <time>2025-03-10T12:45:45.000Z</time>
        <extensions>
          <ns3:TrackPointExtension>
            <ns3:hr>178</ns3:hr>
          </ns3:TrackPointExtension>
        </extensions>
      </trkpt>
      <trkpt lat="51.75867813639342784881591796875" lon="5.6170306541025638580322265625">
        <ele>19.3999996185302734375</ele>
        <time>2025-03-10T12:45:50.000Z</time>
        <extensions>
          <ns3:TrackPointExtension>
            <ns3:hr>176</ns3:hr>
          </ns3:TrackPointExtension>
        </extensions>
      </trkpt>
      <trkpt lat="51.758736558258533477783203125" lon="5.61706108041107654571533203125">
        <ele>19.200000762939453125</ele>
        <time>2025-03-10T12:45:56.000Z</time>
        <extensions>
          <ns3:TrackPointExtension>
            <ns3:hr>174</ns3:hr>
          </ns3:TrackPointExtension>
        </extensions>
      </trkpt>
      <trkpt lat="51.758785508573055267333984375" lon="5.6170668639242649078369140625">
        <ele>19.200000762939453125</ele>
        <time>2025-03-10T12:46:02.000Z</time>
        <extensions>
          <ns3:TrackPointExtension>
            <ns3:hr>173</ns3:hr>
          </ns3:TrackPointExtension>
        </extensions>
      </trkpt>
      <trkpt lat="51.75879263319075107574462890625" lon="5.61707700602710247039794921875">
        <ele>19.6000003814697265625</ele>
        <time>2025-03-10T12:46:10.000Z</time>
        <extensions>
          <ns3:TrackPointExtension>
            <ns3:hr>170</ns3:hr>
          </ns3:TrackPointExtension>
        </extensions>
      </trkpt>
      <trkpt lat="51.75879414193332195281982421875" lon="5.61707206070423126220703125">
        <ele>19.6000003814697265625</ele>
        <time>2025-03-10T12:46:11.000Z</time>
        <extensions>
          <ns3:TrackPointExtension>
            <ns3:hr>170</ns3:hr>
          </ns3:TrackPointExtension>
        </extensions>
      </trkpt>
      <trkpt lat="51.75879464484751224517822265625" lon="5.6170826219022274017333984375">
        <ele>19.3999996185302734375</ele>
        <time>2025-03-10T12:46:19.000Z</time>
        <extensions>
          <ns3:TrackPointExtension>
            <ns3:hr>167</ns3:hr>
          </ns3:TrackPointExtension>
        </extensions>
      </trkpt>
      <trkpt lat="51.7587608657777309417724609375" lon="5.617084465920925140380859375">
        <ele>19.200000762939453125</ele>
        <time>2025-03-10T12:46:26.000Z</time>
        <extensions>
          <ns3:TrackPointExtension>
            <ns3:hr>168</ns3:hr>
          </ns3:TrackPointExtension>
        </extensions>
      </trkpt>
      <trkpt lat="51.75876782275736331939697265625" lon="5.6170819513499736785888671875">
        <ele>19.200000762939453125</ele>
        <time>2025-03-10T12:46:31.000Z</time>
        <extensions>
          <ns3:TrackPointExtension>
            <ns3:hr>163</ns3:hr>
          </ns3:TrackPointExtension>
        </extensions>
      </trkpt>
      <trkpt lat="51.75877067260444164276123046875" lon="5.6170769222080707550048828125">
        <ele>19.200000762939453125</ele>
        <time>2025-03-10T12:46:32.000Z</time>
        <extensions>
          <ns3:TrackPointExtension>
            <ns3:hr>158</ns3:hr>
          </ns3:TrackPointExtension>
        </extensions>
      </trkpt>
      <trkpt lat="51.75877670757472515106201171875" lon="5.617068707942962646484375">
        <ele>19.200000762939453125</ele>
        <time>2025-03-10T12:46:35.000Z</time>
        <extensions>
          <ns3:TrackPointExtension>
            <ns3:hr>156</ns3:hr>
          </ns3:TrackPointExtension>
        </extensions>
      </trkpt>
      <trkpt lat="51.75880067981779575347900390625" lon="5.6170360185205936431884765625">
        <ele>19.799999237060546875</ele>
        <time>2025-03-10T12:46:47.000Z</time>
        <extensions>
          <ns3:TrackPointExtension>
            <ns3:hr>156</ns3:hr>
          </ns3:TrackPointExtension>
        </extensions>
      </trkpt>
      <trkpt lat="51.7588192038238048553466796875" lon="5.61698757112026214599609375">
        <ele>19.200000762939453125</ele>
        <time>2025-03-10T12:46:53.000Z</time>
        <extensions>
          <ns3:TrackPointExtension>
            <ns3:hr>156</ns3:hr>
          </ns3:TrackPointExtension>
        </extensions>
      </trkpt>
      <trkpt lat="51.758852563798427581787109375" lon="5.61695228330790996551513671875">
        <ele>19.799999237060546875</ele>
        <time>2025-03-10T12:46:58.000Z</time>
        <extensions>
          <ns3:TrackPointExtension>
            <ns3:hr>157</ns3:hr>
          </ns3:TrackPointExtension>
        </extensions>
      </trkpt>
      <trkpt lat="51.758855916559696197509765625" lon="5.61694792471826076507568359375">
        <ele>20</ele>
        <time>2025-03-10T12:46:59.000Z</time>
        <extensions>
          <ns3:TrackPointExtension>
            <ns3:hr>157</ns3:hr>
          </ns3:TrackPointExtension>
        </extensions>
      </trkpt>
      <trkpt lat="51.7588882707059383392333984375" lon="5.61694758944213390350341796875">
        <ele>20.200000762939453125</ele>
        <time>2025-03-10T12:47:02.000Z</time>
        <extensions>
          <ns3:TrackPointExtension>
            <ns3:hr>160</ns3:hr>
          </ns3:TrackPointExtension>
        </extensions>
      </trkpt>
      <trkpt lat="51.7589063756167888641357421875" lon="5.6169498525559902191162109375">
        <ele>20.200000762939453125</ele>
        <time>2025-03-10T12:47:04.000Z</time>
        <extensions>
          <ns3:TrackPointExtension>
            <ns3:hr>162</ns3:hr>
          </ns3:TrackPointExtension>
        </extensions>
      </trkpt>
      <trkpt lat="51.75892557017505168914794921875" lon="5.6169454939663410186767578125">
        <ele>20.200000762939453125</ele>
        <time>2025-03-10T12:47:08.000Z</time>
        <extensions>
          <ns3:TrackPointExtension>
            <ns3:hr>165</ns3:hr>
          </ns3:TrackPointExtension>
        </extensions>
      </trkpt>
      <trkpt lat="51.75894954241812229156494140625" lon="5.61695932410657405853271484375">
        <ele>20.200000762939453125</ele>
        <time>2025-03-10T12:47:10.000Z</time>
        <extensions>
          <ns3:TrackPointExtension>
            <ns3:hr>165</ns3:hr>
          </ns3:TrackPointExtension>
        </extensions>
      </trkpt>
      <trkpt lat="51.7590052820742130279541015625" lon="5.61694809235632419586181640625">
        <ele>20.3999996185302734375</ele>
        <time>2025-03-10T12:47:16.000Z</time>
        <extensions>
          <ns3:TrackPointExtension>
            <ns3:hr>164</ns3:hr>
          </ns3:TrackPointExtension>
        </extensions>
      </trkpt>
      <trkpt lat="51.75905263982713222503662109375" lon="5.6169954501092433929443359375">
        <ele>19.6000003814697265625</ele>
        <time>2025-03-10T12:47:23.000Z</time>
        <extensions>
          <ns3:TrackPointExtension>
            <ns3:hr>162</ns3:hr>
          </ns3:TrackPointExtension>
        </extensions>
      </trkpt>
      <trkpt lat="51.75907074473798274993896484375" lon="5.61701967380940914154052734375">
        <ele>19.3999996185302734375</ele>
        <time>2025-03-10T12:47:25.000Z</time>
        <extensions>
          <ns3:TrackPointExtension>
            <ns3:hr>159</ns3:hr>
          </ns3:TrackPointExtension>
        </extensions>
      </trkpt>
      <trkpt lat="51.75908834673464298248291015625" lon="5.61702235601842403411865234375">
        <ele>19.200000762939453125</ele>
        <time>2025-03-10T12:47:27.000Z</time>
        <extensions>
          <ns3:TrackPointExtension>
            <ns3:hr>158</ns3:hr>
          </ns3:TrackPointExtension>
        </extensions>
      </trkpt>
      <trkpt lat="51.7590948008000850677490234375" lon="5.6170202605426311492919921875">
        <ele>19.200000762939453125</ele>
        <time>2025-03-10T12:47:29.000Z</time>
        <extensions>
          <ns3:TrackPointExtension>
            <ns3:hr>157</ns3:hr>
          </ns3:TrackPointExtension>
        </extensions>
      </trkpt>
      <trkpt lat="51.759126149117946624755859375" lon="5.6170651875436305999755859375">
        <ele>19.200000762939453125</ele>
        <time>2025-03-10T12:47:33.000Z</time>
        <extensions>
          <ns3:TrackPointExtension>
            <ns3:hr>156</ns3:hr>
          </ns3:TrackPointExtension>
        </extensions>
      </trkpt>
      <trkpt lat="51.759165041148662567138671875" lon="5.61710097827017307281494140625">
        <ele>19.200000762939453125</ele>
        <time>2025-03-10T12:47:39.000Z</time>
        <extensions>
          <ns3:TrackPointExtension>
            <ns3:hr>154</ns3:hr>
          </ns3:TrackPointExtension>
        </extensions>
      </trkpt>
      <trkpt lat="51.759189181029796600341796875" lon="5.61712293885648250579833984375">
        <ele>18.799999237060546875</ele>
        <time>2025-03-10T12:47:42.000Z</time>
        <extensions>
          <ns3:TrackPointExtension>
            <ns3:hr>154</ns3:hr>
          </ns3:TrackPointExtension>
        </extensions>
      </trkpt>
      <trkpt lat="51.75920569337904453277587890625" lon="5.61713718809187412261962890625">
        <ele>18.799999237060546875</ele>
        <time>2025-03-10T12:47:44.000Z</time>
        <extensions>
          <ns3:TrackPointExtension>
            <ns3:hr>155</ns3:hr>
          </ns3:TrackPointExtension>
        </extensions>
      </trkpt>
      <trkpt lat="51.7592356167733669281005859375" lon="5.6171379424631595611572265625">
        <ele>18.799999237060546875</ele>
        <time>2025-03-10T12:47:50.000Z</time>
        <extensions>
          <ns3:TrackPointExtension>
            <ns3:hr>156</ns3:hr>
          </ns3:TrackPointExtension>
        </extensions>
      </trkpt>
      <trkpt lat="51.75924542360007762908935546875" lon="5.6171503476798534393310546875">
        <ele>18.6000003814697265625</ele>
        <time>2025-03-10T12:47:53.000Z</time>
        <extensions>
          <ns3:TrackPointExtension>
            <ns3:hr>155</ns3:hr>
          </ns3:TrackPointExtension>
        </extensions>
      </trkpt>
      <trkpt lat="51.75929353572428226470947265625" lon="5.6171684525907039642333984375">
        <ele>18</ele>
        <time>2025-03-10T12:47:59.000Z</time>
        <extensions>
          <ns3:TrackPointExtension>
            <ns3:hr>157</ns3:hr>
          </ns3:TrackPointExtension>
        </extensions>
      </trkpt>
      <trkpt lat="51.7593328468501567840576171875" lon="5.61716501601040363311767578125">
        <ele>18.3999996185302734375</ele>
        <time>2025-03-10T12:48:05.000Z</time>
        <extensions>
          <ns3:TrackPointExtension>
            <ns3:hr>159</ns3:hr>
          </ns3:TrackPointExtension>
        </extensions>
      </trkpt>
      <trkpt lat="51.7593794502317905426025390625" lon="5.61716836877167224884033203125">
        <ele>18</ele>
        <time>2025-03-10T12:48:11.000Z</time>
        <extensions>
          <ns3:TrackPointExtension>
            <ns3:hr>159</ns3:hr>
          </ns3:TrackPointExtension>
        </extensions>
      </trkpt>
      <trkpt lat="51.75944457761943340301513671875" lon="5.61715093441307544708251953125">
        <ele>18.200000762939453125</ele>
        <time>2025-03-10T12:48:16.000Z</time>
        <extensions>
          <ns3:TrackPointExtension>
            <ns3:hr>160</ns3:hr>
          </ns3:TrackPointExtension>
        </extensions>
      </trkpt>
      <trkpt lat="51.759480200707912445068359375" lon="5.61715395189821720123291015625">
        <ele>18.6000003814697265625</ele>
        <time>2025-03-10T12:48:21.000Z</time>
        <extensions>
          <ns3:TrackPointExtension>
            <ns3:hr>162</ns3:hr>
          </ns3:TrackPointExtension>
        </extensions>
      </trkpt>
      <trkpt lat="51.759490929543972015380859375" lon="5.61714841984212398529052734375">
        <ele>19.3999996185302734375</ele>
        <time>2025-03-10T12:48:28.000Z</time>
        <extensions>
          <ns3:TrackPointExtension>
            <ns3:hr>164</ns3:hr>
          </ns3:TrackPointExtension>
        </extensions>
      </trkpt>
      <trkpt lat="51.75949403084814548492431640625" lon="5.6171463243663311004638671875">
        <ele>19</ele>
        <time>2025-03-10T12:48:32.000Z</time>
        <extensions>
          <ns3:TrackPointExtension>
            <ns3:hr>161</ns3:hr>
          </ns3:TrackPointExtension>
        </extensions>
      </trkpt>
      <trkpt lat="51.759523786604404449462890625" lon="5.61713065020740032196044921875">
        <ele>19</ele>
        <time>2025-03-10T12:48:35.000Z</time>
        <extensions>
          <ns3:TrackPointExtension>
            <ns3:hr>161</ns3:hr>
          </ns3:TrackPointExtension>
        </extensions>
      </trkpt>
      <trkpt lat="51.7595682106912136077880859375" lon="5.617120005190372467041015625">
        <ele>18.799999237060546875</ele>
        <time>2025-03-10T12:48:41.000Z</time>
        <extensions>
          <ns3:TrackPointExtension>
            <ns3:hr>163</ns3:hr>
          </ns3:TrackPointExtension>
        </extensions>
      </trkpt>
      <trkpt lat="51.7596154846251010894775390625" lon="5.61713936738669872283935546875">
        <ele>18.200000762939453125</ele>
        <time>2025-03-10T12:48:46.000Z</time>
        <extensions>
          <ns3:TrackPointExtension>
            <ns3:hr>164</ns3:hr>
          </ns3:TrackPointExtension>
        </extensions>
      </trkpt>
      <trkpt lat="51.7596335895359516143798828125" lon="5.61714825220406055450439453125">
        <ele>17.799999237060546875</ele>
        <time>2025-03-10T12:48:49.000Z</time>
        <extensions>
          <ns3:TrackPointExtension>
            <ns3:hr>164</ns3:hr>
          </ns3:TrackPointExtension>
        </extensions>
      </trkpt>
      <trkpt lat="51.75966116599738597869873046875" lon="5.6171778403222560882568359375">
        <ele>17.799999237060546875</ele>
        <time>2025-03-10T12:48:54.000Z</time>
        <extensions>
          <ns3:TrackPointExtension>
            <ns3:hr>164</ns3:hr>
          </ns3:TrackPointExtension>
        </extensions>
      </trkpt>
      <trkpt lat="51.7597026564180850982666015625" lon="5.61718882061541080474853515625">
        <ele>17.200000762939453125</ele>
        <time>2025-03-10T12:48:59.000Z</time>
        <extensions>
          <ns3:TrackPointExtension>
            <ns3:hr>161</ns3:hr>
          </ns3:TrackPointExtension>
        </extensions>
      </trkpt>
      <trkpt lat="51.7597086913883686065673828125" lon="5.6171882338821887969970703125">
        <ele>17.200000762939453125</ele>
        <time>2025-03-10T12:49:00.000Z</time>
        <extensions>
          <ns3:TrackPointExtension>
            <ns3:hr>161</ns3:hr>
          </ns3:TrackPointExtension>
        </extensions>
      </trkpt>
      <trkpt lat="51.7597217671573162078857421875" lon="5.61719854362308979034423828125">
        <ele>17.3999996185302734375</ele>
        <time>2025-03-10T12:49:06.000Z</time>
        <extensions>
          <ns3:TrackPointExtension>
            <ns3:hr>159</ns3:hr>
          </ns3:TrackPointExtension>
        </extensions>
      </trkpt>
      <trkpt lat="51.75969310104846954345703125" lon="5.61720374040305614471435546875">
        <ele>17.3999996185302734375</ele>
        <time>2025-03-10T12:49:13.000Z</time>
        <extensions>
          <ns3:TrackPointExtension>
            <ns3:hr>160</ns3:hr>
          </ns3:TrackPointExtension>
        </extensions>
      </trkpt>
      <trkpt lat="51.75964348018169403076171875" lon="5.61724632047116756439208984375">
        <ele>17.200000762939453125</ele>
        <time>2025-03-10T12:49:18.000Z</time>
        <extensions>
          <ns3:TrackPointExtension>
            <ns3:hr>160</ns3:hr>
          </ns3:TrackPointExtension>
        </extensions>
      </trkpt>
      <trkpt lat="51.75963283516466617584228515625" lon="5.6172529421746730804443359375">
        <ele>17.200000762939453125</ele>
        <time>2025-03-10T12:49:19.000Z</time>
        <extensions>
          <ns3:TrackPointExtension>
            <ns3:hr>160</ns3:hr>
          </ns3:TrackPointExtension>
        </extensions>
      </trkpt>
      <trkpt lat="51.75962227396667003631591796875" lon="5.61725168488919734954833984375">
        <ele>17.200000762939453125</ele>
        <time>2025-03-10T12:49:20.000Z</time>
        <extensions>
          <ns3:TrackPointExtension>
            <ns3:hr>160</ns3:hr>
          </ns3:TrackPointExtension>
        </extensions>
      </trkpt>
      <trkpt lat="51.75960852764546871185302734375" lon="5.6172777526080608367919921875">
        <ele>16.799999237060546875</ele>
        <time>2025-03-10T12:49:24.000Z</time>
        <extensions>
          <ns3:TrackPointExtension>
            <ns3:hr>159</ns3:hr>
          </ns3:TrackPointExtension>
        </extensions>
      </trkpt>
      <trkpt lat="51.75960551016032695770263671875" lon="5.61728906817734241485595703125">
        <ele>16.6000003814697265625</ele>
        <time>2025-03-10T12:49:25.000Z</time>
        <extensions>
          <ns3:TrackPointExtension>
            <ns3:hr>159</ns3:hr>
          </ns3:TrackPointExtension>
        </extensions>
      </trkpt>
      <trkpt lat="51.75958581268787384033203125" lon="5.61733625829219818115234375">
        <ele>16.200000762939453125</ele>
        <time>2025-03-10T12:49:30.000Z</time>
        <extensions>
          <ns3:TrackPointExtension>
            <ns3:hr>158</ns3:hr>
          </ns3:TrackPointExtension>
        </extensions>
      </trkpt>
      <trkpt lat="51.75957935862243175506591796875" lon="5.6173384375870227813720703125">
        <ele>16.200000762939453125</ele>
        <time>2025-03-10T12:49:31.000Z</time>
        <extensions>
          <ns3:TrackPointExtension>
            <ns3:hr>158</ns3:hr>
          </ns3:TrackPointExtension>
        </extensions>
      </trkpt>
      <trkpt lat="51.7595712281763553619384765625" lon="5.617384873330593109130859375">
        <ele>15.80000019073486328125</ele>
        <time>2025-03-10T12:49:35.000Z</time>
        <extensions>
          <ns3:TrackPointExtension>
            <ns3:hr>157</ns3:hr>
          </ns3:TrackPointExtension>
        </extensions>
      </trkpt>
      <trkpt lat="51.75955899059772491455078125" lon="5.61741597019135951995849609375">
        <ele>15.6000003814697265625</ele>
        <time>2025-03-10T12:49:38.000Z</time>
        <extensions>
          <ns3:TrackPointExtension>
            <ns3:hr>155</ns3:hr>
          </ns3:TrackPointExtension>
        </extensions>
      </trkpt>
      <trkpt lat="51.7595554701983928680419921875" lon="5.6174363382160663604736328125">
        <ele>15.3999996185302734375</ele>
        <time>2025-03-10T12:49:40.000Z</time>
        <extensions>
          <ns3:TrackPointExtension>
            <ns3:hr>153</ns3:hr>
          </ns3:TrackPointExtension>
        </extensions>
      </trkpt>
      <trkpt lat="51.759557984769344329833984375" lon="5.61744212172925472259521484375">
        <ele>14.80000019073486328125</ele>
        <time>2025-03-10T12:49:46.000Z</time>
        <extensions>
          <ns3:TrackPointExtension>
            <ns3:hr>153</ns3:hr>
          </ns3:TrackPointExtension>
        </extensions>
      </trkpt>
      <trkpt lat="51.7595490999519824981689453125" lon="5.617449246346950531005859375">
        <ele>14.80000019073486328125</ele>
        <time>2025-03-10T12:49:52.000Z</time>
        <extensions>
          <ns3:TrackPointExtension>
            <ns3:hr>154</ns3:hr>
          </ns3:TrackPointExtension>
        </extensions>
      </trkpt>
      <trkpt lat="51.759533174335956573486328125" lon="5.6174782477319240570068359375">
        <ele>15</ele>
        <time>2025-03-10T12:50:00.000Z</time>
        <extensions>
          <ns3:TrackPointExtension>
            <ns3:hr>154</ns3:hr>
          </ns3:TrackPointExtension>
        </extensions>
      </trkpt>
      <trkpt lat="51.759494952857494354248046875" lon="5.61745888553559780120849609375">
        <ele>15</ele>
        <time>2025-03-10T12:50:06.000Z</time>
        <extensions>
          <ns3:TrackPointExtension>
            <ns3:hr>156</ns3:hr>
          </ns3:TrackPointExtension>
        </extensions>
      </trkpt>
      <trkpt lat="51.7594957910478115081787109375" lon="5.61744597740471363067626953125">
        <ele>14.80000019073486328125</ele>
        <time>2025-03-10T12:50:13.000Z</time>
        <extensions>
          <ns3:TrackPointExtension>
            <ns3:hr>156</ns3:hr>
          </ns3:TrackPointExtension>
        </extensions>
      </trkpt>
      <trkpt lat="51.759500987827777862548828125" lon="5.61744086444377899169921875">
        <ele>14.80000019073486328125</ele>
        <time>2025-03-10T12:50:20.000Z</time>
        <extensions>
          <ns3:TrackPointExtension>
            <ns3:hr>155</ns3:hr>
          </ns3:TrackPointExtension>
        </extensions>
      </trkpt>
      <trkpt lat="51.7594894208014011383056640625" lon="5.61749526299536228179931640625">
        <ele>14.6000003814697265625</ele>
        <time>2025-03-10T12:50:25.000Z</time>
        <extensions>
          <ns3:TrackPointExtension>
            <ns3:hr>156</ns3:hr>
          </ns3:TrackPointExtension>
        </extensions>
      </trkpt>
      <trkpt lat="51.75948699004948139190673828125" lon="5.6175050698220729827880859375">
        <ele>14.19999980926513671875</ele>
        <time>2025-03-10T12:50:26.000Z</time>
        <extensions>
          <ns3:TrackPointExtension>
            <ns3:hr>155</ns3:hr>
          </ns3:TrackPointExtension>
        </extensions>
      </trkpt>
      <trkpt lat="51.75948648713529109954833984375" lon="5.61753499321639537811279296875">
        <ele>13.80000019073486328125</ele>
        <time>2025-03-10T12:50:30.000Z</time>
        <extensions>
          <ns3:TrackPointExtension>
            <ns3:hr>156</ns3:hr>
          </ns3:TrackPointExtension>
        </extensions>
      </trkpt>
      <trkpt lat="51.7595092020928859710693359375" lon="5.6175818480551242828369140625">
        <ele>13.3999996185302734375</ele>
        <time>2025-03-10T12:50:33.000Z</time>
        <extensions>
          <ns3:TrackPointExtension>
            <ns3:hr>155</ns3:hr>
          </ns3:TrackPointExtension>
        </extensions>
      </trkpt>
      <trkpt lat="51.759519763290882110595703125" lon="5.61758344061672687530517578125">
        <ele>13.19999980926513671875</ele>
        <time>2025-03-10T12:50:34.000Z</time>
        <extensions>
          <ns3:TrackPointExtension>
            <ns3:hr>155</ns3:hr>
          </ns3:TrackPointExtension>
        </extensions>
      </trkpt>
      <trkpt lat="51.7595256306231021881103515625" lon="5.61758704483509063720703125">
        <ele>12.80000019073486328125</ele>
        <time>2025-03-10T12:50:35.000Z</time>
        <extensions>
          <ns3:TrackPointExtension>
            <ns3:hr>155</ns3:hr>
          </ns3:TrackPointExtension>
        </extensions>
      </trkpt>
      <trkpt lat="51.75955605693161487579345703125" lon="5.61760121025145053863525390625">
        <ele>12.6000003814697265625</ele>
        <time>2025-03-10T12:50:40.000Z</time>
        <extensions>
          <ns3:TrackPointExtension>
            <ns3:hr>158</ns3:hr>
          </ns3:TrackPointExtension>
        </extensions>
      </trkpt>
      <trkpt lat="51.759562678635120391845703125" lon="5.617608167231082916259765625">
        <ele>12.6000003814697265625</ele>
        <time>2025-03-10T12:50:41.000Z</time>
        <extensions>
          <ns3:TrackPointExtension>
            <ns3:hr>160</ns3:hr>
          </ns3:TrackPointExtension>
        </extensions>
      </trkpt>
      <trkpt lat="51.7595822922885417938232421875" lon="5.6176304630935192108154296875">
        <ele>12.6000003814697265625</ele>
        <time>2025-03-10T12:50:43.000Z</time>
        <extensions>
          <ns3:TrackPointExtension>
            <ns3:hr>164</ns3:hr>
          </ns3:TrackPointExtension>
        </extensions>
      </trkpt>
      <trkpt lat="51.75961397588253021240234375" lon="5.6176542676985263824462890625">
        <ele>12.3999996185302734375</ele>
        <time>2025-03-10T12:50:46.000Z</time>
        <extensions>
          <ns3:TrackPointExtension>
            <ns3:hr>166</ns3:hr>
          </ns3:TrackPointExtension>
        </extensions>
      </trkpt>
      <trkpt lat="51.75962327979505062103271484375" lon="5.6176619790494441986083984375">
        <ele>12.3999996185302734375</ele>
        <time>2025-03-10T12:50:47.000Z</time>
        <extensions>
          <ns3:TrackPointExtension>
            <ns3:hr>166</ns3:hr>
          </ns3:TrackPointExtension>
        </extensions>
      </trkpt>
      <trkpt lat="51.7596937716007232666015625" lon="5.6176945008337497711181640625">
        <ele>12</ele>
        <time>2025-03-10T12:50:54.000Z</time>
        <extensions>
          <ns3:TrackPointExtension>
            <ns3:hr>165</ns3:hr>
          </ns3:TrackPointExtension>
        </extensions>
      </trkpt>
      <trkpt lat="51.759732663631439208984375" lon="5.6177193112671375274658203125">
        <ele>12</ele>
        <time>2025-03-10T12:51:00.000Z</time>
        <extensions>
          <ns3:TrackPointExtension>
            <ns3:hr>162</ns3:hr>
          </ns3:TrackPointExtension>
        </extensions>
      </trkpt>
      <trkpt lat="51.75976820290088653564453125" lon="5.6177390925586223602294921875">
        <ele>12.19999980926513671875</ele>
        <time>2025-03-10T12:51:04.000Z</time>
        <extensions>
          <ns3:TrackPointExtension>
            <ns3:hr>165</ns3:hr>
          </ns3:TrackPointExtension>
        </extensions>
      </trkpt>
      <trkpt lat="51.7597911693155765533447265625" lon="5.6177444569766521453857421875">
        <ele>12.3999996185302734375</ele>
        <time>2025-03-10T12:51:06.000Z</time>
        <extensions>
          <ns3:TrackPointExtension>
            <ns3:hr>168</ns3:hr>
          </ns3:TrackPointExtension>
        </extensions>
      </trkpt>
      <trkpt lat="51.759801395237445831298828125" lon="5.61774797737598419189453125">
        <ele>12.3999996185302734375</ele>
        <time>2025-03-10T12:51:07.000Z</time>
        <extensions>
          <ns3:TrackPointExtension>
            <ns3:hr>169</ns3:hr>
          </ns3:TrackPointExtension>
        </extensions>
      </trkpt>
      <trkpt lat="51.75986115820705890655517578125" lon="5.61778041534125804901123046875">
        <ele>13</ele>
        <time>2025-03-10T12:51:13.000Z</time>
        <extensions>
          <ns3:TrackPointExtension>
            <ns3:hr>168</ns3:hr>
          </ns3:TrackPointExtension>
        </extensions>
      </trkpt>
      <trkpt lat="51.7599051631987094879150390625" lon="5.61781813390552997589111328125">
        <ele>12.6000003814697265625</ele>
        <time>2025-03-10T12:51:19.000Z</time>
        <extensions>
          <ns3:TrackPointExtension>
            <ns3:hr>167</ns3:hr>
          </ns3:TrackPointExtension>
        </extensions>
      </trkpt>
      <trkpt lat="51.759938858449459075927734375" lon="5.61784210614860057830810546875">
        <ele>12.6000003814697265625</ele>
        <time>2025-03-10T12:51:23.000Z</time>
        <extensions>
          <ns3:TrackPointExtension>
            <ns3:hr>163</ns3:hr>
          </ns3:TrackPointExtension>
        </extensions>
      </trkpt>
      <trkpt lat="51.75994765944778919219970703125" lon="5.6178478896617889404296875">
        <ele>12.6000003814697265625</ele>
        <time>2025-03-10T12:51:24.000Z</time>
        <extensions>
          <ns3:TrackPointExtension>
            <ns3:hr>161</ns3:hr>
          </ns3:TrackPointExtension>
        </extensions>
      </trkpt>
      <trkpt lat="51.75996073521673679351806640625" lon="5.61785660684108734130859375">
        <ele>12.6000003814697265625</ele>
        <time>2025-03-10T12:51:25.000Z</time>
        <extensions>
          <ns3:TrackPointExtension>
            <ns3:hr>158</ns3:hr>
          </ns3:TrackPointExtension>
        </extensions>
      </trkpt>
      <trkpt lat="51.76001764833927154541015625" lon="5.61788854189217090606689453125">
        <ele>13</ele>
        <time>2025-03-10T12:51:31.000Z</time>
        <extensions>
          <ns3:TrackPointExtension>
            <ns3:hr>159</ns3:hr>
          </ns3:TrackPointExtension>
        </extensions>
      </trkpt>
      <trkpt lat="51.76008059643208980560302734375" lon="5.61791268177330493927001953125">
        <ele>12.3999996185302734375</ele>
        <time>2025-03-10T12:51:37.000Z</time>
        <extensions>
          <ns3:TrackPointExtension>
            <ns3:hr>160</ns3:hr>
          </ns3:TrackPointExtension>
        </extensions>
      </trkpt>
      <trkpt lat="51.76013834774494171142578125" lon="5.6179358996450901031494140625">
        <ele>12.6000003814697265625</ele>
        <time>2025-03-10T12:51:44.000Z</time>
        <extensions>
          <ns3:TrackPointExtension>
            <ns3:hr>160</ns3:hr>
          </ns3:TrackPointExtension>
        </extensions>
      </trkpt>
      <trkpt lat="51.76020364277064800262451171875" lon="5.61795291490852832794189453125">
        <ele>12.3999996185302734375</ele>
        <time>2025-03-10T12:51:51.000Z</time>
        <extensions>
          <ns3:TrackPointExtension>
            <ns3:hr>157</ns3:hr>
          </ns3:TrackPointExtension>
        </extensions>
      </trkpt>
      <trkpt lat="51.7602126114070415496826171875" lon="5.6179472990334033966064453125">
        <ele>12.3999996185302734375</ele>
        <time>2025-03-10T12:51:52.000Z</time>
        <extensions>
          <ns3:TrackPointExtension>
            <ns3:hr>157</ns3:hr>
          </ns3:TrackPointExtension>
        </extensions>
      </trkpt>
      <trkpt lat="51.76023314706981182098388671875" lon="5.617956854403018951416015625">
        <ele>12.3999996185302734375</ele>
        <time>2025-03-10T12:51:54.000Z</time>
        <extensions>
          <ns3:TrackPointExtension>
            <ns3:hr>157</ns3:hr>
          </ns3:TrackPointExtension>
        </extensions>
      </trkpt>
      <trkpt lat="51.7602743022143840789794921875" lon="5.6179825030267238616943359375">
        <ele>12.3999996185302734375</ele>
        <time>2025-03-10T12:51:57.000Z</time>
        <extensions>
          <ns3:TrackPointExtension>
            <ns3:hr>156</ns3:hr>
          </ns3:TrackPointExtension>
        </extensions>
      </trkpt>
      <trkpt lat="51.76033523865044116973876953125" lon="5.6179932318627834320068359375">
        <ele>12.19999980926513671875</ele>
        <time>2025-03-10T12:52:03.000Z</time>
        <extensions>
          <ns3:TrackPointExtension>
            <ns3:hr>156</ns3:hr>
          </ns3:TrackPointExtension>
        </extensions>
      </trkpt>
      <trkpt lat="51.7603487335145473480224609375" lon="5.61800387687981128692626953125">
        <ele>12.19999980926513671875</ele>
        <time>2025-03-10T12:52:05.000Z</time>
        <extensions>
          <ns3:TrackPointExtension>
            <ns3:hr>157</ns3:hr>
          </ns3:TrackPointExtension>
        </extensions>
      </trkpt>
      <trkpt lat="51.76037798635661602020263671875" lon="5.618026256561279296875">
        <ele>12.19999980926513671875</ele>
        <time>2025-03-10T12:52:08.000Z</time>
        <extensions>
          <ns3:TrackPointExtension>
            <ns3:hr>157</ns3:hr>
          </ns3:TrackPointExtension>
        </extensions>
      </trkpt>
      <trkpt lat="51.76042735576629638671875" lon="5.618075542151927947998046875">
        <ele>12.3999996185302734375</ele>
        <time>2025-03-10T12:52:14.000Z</time>
        <extensions>
          <ns3:TrackPointExtension>
            <ns3:hr>154</ns3:hr>
          </ns3:TrackPointExtension>
        </extensions>
      </trkpt>
      <trkpt lat="51.76046825945377349853515625" lon="5.61810982413589954376220703125">
        <ele>12.6000003814697265625</ele>
        <time>2025-03-10T12:52:19.000Z</time>
        <extensions>
          <ns3:TrackPointExtension>
            <ns3:hr>153</ns3:hr>
          </ns3:TrackPointExtension>
        </extensions>
      </trkpt>
      <trkpt lat="51.76052802242338657379150390625" lon="5.61812776140868663787841796875">
        <ele>12.6000003814697265625</ele>
        <time>2025-03-10T12:52:25.000Z</time>
        <extensions>
          <ns3:TrackPointExtension>
            <ns3:hr>152</ns3:hr>
          </ns3:TrackPointExtension>
        </extensions>
      </trkpt>
      <trkpt lat="51.76053757779300212860107421875" lon="5.6181467883288860321044921875">
        <ele>12.6000003814697265625</ele>
        <time>2025-03-10T12:52:27.000Z</time>
        <extensions>
          <ns3:TrackPointExtension>
            <ns3:hr>151</ns3:hr>
          </ns3:TrackPointExtension>
        </extensions>
      </trkpt>
      <trkpt lat="51.760556437075138092041015625" lon="5.618170090019702911376953125">
        <ele>12.6000003814697265625</ele>
        <time>2025-03-10T12:52:30.000Z</time>
        <extensions>
          <ns3:TrackPointExtension>
            <ns3:hr>151</ns3:hr>
          </ns3:TrackPointExtension>
        </extensions>
      </trkpt>
      <trkpt lat="51.76060765050351619720458984375" lon="5.61819883994758129119873046875">
        <ele>12.3999996185302734375</ele>
        <time>2025-03-10T12:52:36.000Z</time>
        <extensions>
          <ns3:TrackPointExtension>
            <ns3:hr>151</ns3:hr>
          </ns3:TrackPointExtension>
        </extensions>
      </trkpt>
      <trkpt lat="51.76065794192254543304443359375" lon="5.61823479831218719482421875">
        <ele>12.19999980926513671875</ele>
        <time>2025-03-10T12:52:41.000Z</time>
        <extensions>
          <ns3:TrackPointExtension>
            <ns3:hr>151</ns3:hr>
          </ns3:TrackPointExtension>
        </extensions>
      </trkpt>
      <trkpt lat="51.7607068084180355072021484375" lon="5.6182456947863101959228515625">
        <ele>11.80000019073486328125</ele>
        <time>2025-03-10T12:52:47.000Z</time>
        <extensions>
          <ns3:TrackPointExtension>
            <ns3:hr>150</ns3:hr>
          </ns3:TrackPointExtension>
        </extensions>
      </trkpt>
      <trkpt lat="51.76072935573756694793701171875" lon="5.6182570941746234893798828125">
        <ele>11.6000003814697265625</ele>
        <time>2025-03-10T12:52:50.000Z</time>
        <extensions>
          <ns3:TrackPointExtension>
            <ns3:hr>151</ns3:hr>
          </ns3:TrackPointExtension>
        </extensions>
      </trkpt>
      <trkpt lat="51.76076221279799938201904296875" lon="5.61827092431485652923583984375">
        <ele>11.3999996185302734375</ele>
        <time>2025-03-10T12:52:53.000Z</time>
        <extensions>
          <ns3:TrackPointExtension>
            <ns3:hr>151</ns3:hr>
          </ns3:TrackPointExtension>
        </extensions>
      </trkpt>
      <trkpt lat="51.7607980035245418548583984375" lon="5.6183077208697795867919921875">
        <ele>11.3999996185302734375</ele>
        <time>2025-03-10T12:52:58.000Z</time>
        <extensions>
          <ns3:TrackPointExtension>
            <ns3:hr>151</ns3:hr>
          </ns3:TrackPointExtension>
        </extensions>
      </trkpt>
      <trkpt lat="51.76081200130283832550048828125" lon="5.6183295138180255889892578125">
        <ele>11.19999980926513671875</ele>
        <time>2025-03-10T12:53:00.000Z</time>
        <extensions>
          <ns3:TrackPointExtension>
            <ns3:hr>150</ns3:hr>
          </ns3:TrackPointExtension>
        </extensions>
      </trkpt>
      <trkpt lat="51.76083714701235294342041015625" lon="5.61835709027945995330810546875">
        <ele>11.19999980926513671875</ele>
        <time>2025-03-10T12:53:04.000Z</time>
        <extensions>
          <ns3:TrackPointExtension>
            <ns3:hr>150</ns3:hr>
          </ns3:TrackPointExtension>
        </extensions>
      </trkpt>
      <trkpt lat="51.76086765713989734649658203125" lon="5.61837695538997650146484375">
        <ele>11.19999980926513671875</ele>
        <time>2025-03-10T12:53:08.000Z</time>
        <extensions>
          <ns3:TrackPointExtension>
            <ns3:hr>157</ns3:hr>
          </ns3:TrackPointExtension>
        </extensions>
      </trkpt>
      <trkpt lat="51.7608982510864734649658203125" lon="5.618402771651744842529296875">
        <ele>11.19999980926513671875</ele>
        <time>2025-03-10T12:53:10.000Z</time>
        <extensions>
          <ns3:TrackPointExtension>
            <ns3:hr>158</ns3:hr>
          </ns3:TrackPointExtension>
        </extensions>
      </trkpt>
      <trkpt lat="51.76094963215291500091552734375" lon="5.618441663682460784912109375">
        <ele>11.19999980926513671875</ele>
        <time>2025-03-10T12:53:15.000Z</time>
        <extensions>
          <ns3:TrackPointExtension>
            <ns3:hr>155</ns3:hr>
          </ns3:TrackPointExtension>
        </extensions>
      </trkpt>
      <trkpt lat="51.760958097875118255615234375" lon="5.618451721966266632080078125">
        <ele>11.19999980926513671875</ele>
        <time>2025-03-10T12:53:16.000Z</time>
        <extensions>
          <ns3:TrackPointExtension>
            <ns3:hr>155</ns3:hr>
          </ns3:TrackPointExtension>
        </extensions>
      </trkpt>
      <trkpt lat="51.76101484335958957672119140625" lon="5.618500001728534698486328125">
        <ele>11.19999980926513671875</ele>
        <time>2025-03-10T12:53:21.000Z</time>
        <extensions>
          <ns3:TrackPointExtension>
            <ns3:hr>155</ns3:hr>
          </ns3:TrackPointExtension>
        </extensions>
      </trkpt>
      <trkpt lat="51.7610268294811248779296875" lon="5.61849790625274181365966796875">
        <ele>11.19999980926513671875</ele>
        <time>2025-03-10T12:53:22.000Z</time>
        <extensions>
          <ns3:TrackPointExtension>
            <ns3:hr>155</ns3:hr>
          </ns3:TrackPointExtension>
        </extensions>
      </trkpt>
      <trkpt lat="51.7610353790223598480224609375" lon="5.61852053739130496978759765625">
        <ele>11.19999980926513671875</ele>
        <time>2025-03-10T12:53:24.000Z</time>
        <extensions>
          <ns3:TrackPointExtension>
            <ns3:hr>156</ns3:hr>
          </ns3:TrackPointExtension>
        </extensions>
      </trkpt>
      <trkpt lat="51.76104887388646602630615234375" lon="5.61856294982135295867919921875">
        <ele>11.19999980926513671875</ele>
        <time>2025-03-10T12:53:26.000Z</time>
        <extensions>
          <ns3:TrackPointExtension>
            <ns3:hr>156</ns3:hr>
          </ns3:TrackPointExtension>
        </extensions>
      </trkpt>
      <trkpt lat="51.76107368431985378265380859375" lon="5.6186929531395435333251953125">
        <ele>10.80000019073486328125</ele>
        <time>2025-03-10T12:53:33.000Z</time>
        <extensions>
          <ns3:TrackPointExtension>
            <ns3:hr>157</ns3:hr>
          </ns3:TrackPointExtension>
        </extensions>
      </trkpt>
      <trkpt lat="51.7610719241201877593994140625" lon="5.61877601779997348785400390625">
        <ele>10.3999996185302734375</ele>
        <time>2025-03-10T12:53:40.000Z</time>
        <extensions>
          <ns3:TrackPointExtension>
            <ns3:hr>156</ns3:hr>
          </ns3:TrackPointExtension>
        </extensions>
      </trkpt>
      <trkpt lat="51.76106580533087253570556640625" lon="5.6188159994781017303466796875">
        <ele>10.19999980926513671875</ele>
        <time>2025-03-10T12:53:42.000Z</time>
        <extensions>
          <ns3:TrackPointExtension>
            <ns3:hr>155</ns3:hr>
          </ns3:TrackPointExtension>
        </extensions>
      </trkpt>
      <trkpt lat="51.76104904152452945709228515625" lon="5.61890912242233753204345703125">
        <ele>10</ele>
        <time>2025-03-10T12:53:46.000Z</time>
        <extensions>
          <ns3:TrackPointExtension>
            <ns3:hr>153</ns3:hr>
          </ns3:TrackPointExtension>
        </extensions>
      </trkpt>
      <trkpt lat="51.7610509693622589111328125" lon="5.61896947212517261505126953125">
        <ele>9.80000019073486328125</ele>
        <time>2025-03-10T12:53:51.000Z</time>
        <extensions>
          <ns3:TrackPointExtension>
            <ns3:hr>153</ns3:hr>
          </ns3:TrackPointExtension>
        </extensions>
      </trkpt>
      <trkpt lat="51.76103018224239349365234375" lon="5.6190791912376880645751953125">
        <ele>9.6000003814697265625</ele>
        <time>2025-03-10T12:53:56.000Z</time>
        <extensions>
          <ns3:TrackPointExtension>
            <ns3:hr>154</ns3:hr>
          </ns3:TrackPointExtension>
        </extensions>
      </trkpt>
      <trkpt lat="51.76102339290082454681396484375" lon="5.61913375742733478546142578125">
        <ele>9.3999996185302734375</ele>
        <time>2025-03-10T12:54:01.000Z</time>
        <extensions>
          <ns3:TrackPointExtension>
            <ns3:hr>154</ns3:hr>
          </ns3:TrackPointExtension>
        </extensions>
      </trkpt>
      <trkpt lat="51.76100671291351318359375" lon="5.61927775852382183074951171875">
        <ele>9.19999980926513671875</ele>
        <time>2025-03-10T12:54:08.000Z</time>
        <extensions>
          <ns3:TrackPointExtension>
            <ns3:hr>154</ns3:hr>
          </ns3:TrackPointExtension>
        </extensions>
      </trkpt>
      <trkpt lat="51.76100713200867176055908203125" lon="5.61930240131914615631103515625">
        <ele>9.19999980926513671875</ele>
        <time>2025-03-10T12:54:10.000Z</time>
        <extensions>
          <ns3:TrackPointExtension>
            <ns3:hr>153</ns3:hr>
          </ns3:TrackPointExtension>
        </extensions>
      </trkpt>
      <trkpt lat="51.76100394688546657562255859375" lon="5.61938219703733921051025390625">
        <ele>9</ele>
        <time>2025-03-10T12:54:15.000Z</time>
        <extensions>
          <ns3:TrackPointExtension>
            <ns3:hr>151</ns3:hr>
          </ns3:TrackPointExtension>
        </extensions>
      </trkpt>
      <trkpt lat="51.76100612618029117584228515625" lon="5.6194389425218105316162109375">
        <ele>9</ele>
        <time>2025-03-10T12:54:20.000Z</time>
        <extensions>
          <ns3:TrackPointExtension>
            <ns3:hr>150</ns3:hr>
          </ns3:TrackPointExtension>
        </extensions>
      </trkpt>
      <trkpt lat="51.7609934695065021514892578125" lon="5.61955536715686321258544921875">
        <ele>9</ele>
        <time>2025-03-10T12:54:27.000Z</time>
        <extensions>
          <ns3:TrackPointExtension>
            <ns3:hr>150</ns3:hr>
          </ns3:TrackPointExtension>
        </extensions>
      </trkpt>
      <trkpt lat="51.76099539734423160552978515625" lon="5.6196396052837371826171875">
        <ele>8.80000019073486328125</ele>
        <time>2025-03-10T12:54:33.000Z</time>
        <extensions>
          <ns3:TrackPointExtension>
            <ns3:hr>151</ns3:hr>
          </ns3:TrackPointExtension>
        </extensions>
      </trkpt>
      <trkpt lat="51.760974191129207611083984375" lon="5.61973658390343189239501953125">
        <ele>8.80000019073486328125</ele>
        <time>2025-03-10T12:54:38.000Z</time>
        <extensions>
          <ns3:TrackPointExtension>
            <ns3:hr>153</ns3:hr>
          </ns3:TrackPointExtension>
        </extensions>
      </trkpt>
      <trkpt lat="51.760961115360260009765625" lon="5.61980984173715114593505859375">
        <ele>8.80000019073486328125</ele>
        <time>2025-03-10T12:54:43.000Z</time>
        <extensions>
          <ns3:TrackPointExtension>
            <ns3:hr>153</ns3:hr>
          </ns3:TrackPointExtension>
        </extensions>
      </trkpt>
      <trkpt lat="51.76095298491418361663818359375" lon="5.61987723223865032196044921875">
        <ele>8.80000019073486328125</ele>
        <time>2025-03-10T12:54:48.000Z</time>
        <extensions>
          <ns3:TrackPointExtension>
            <ns3:hr>153</ns3:hr>
          </ns3:TrackPointExtension>
        </extensions>
      </trkpt>
      <trkpt lat="51.7609448544681072235107421875" lon="5.61997798271477222442626953125">
        <ele>8.80000019073486328125</ele>
        <time>2025-03-10T12:54:54.000Z</time>
        <extensions>
          <ns3:TrackPointExtension>
            <ns3:hr>151</ns3:hr>
          </ns3:TrackPointExtension>
        </extensions>
      </trkpt>
      <trkpt lat="51.760934628546237945556640625" lon="5.62006113119423389434814453125">
        <ele>8.6000003814697265625</ele>
        <time>2025-03-10T12:55:00.000Z</time>
        <extensions>
          <ns3:TrackPointExtension>
            <ns3:hr>152</ns3:hr>
          </ns3:TrackPointExtension>
        </extensions>
      </trkpt>
      <trkpt lat="51.76094443537294864654541015625" lon="5.6201316229999065399169921875">
        <ele>8.80000019073486328125</ele>
        <time>2025-03-10T12:55:06.000Z</time>
        <extensions>
          <ns3:TrackPointExtension>
            <ns3:hr>151</ns3:hr>
          </ns3:TrackPointExtension>
        </extensions>
      </trkpt>
      <trkpt lat="51.76096606068313121795654296875" lon="5.6201612949371337890625">
        <ele>9.3999996185302734375</ele>
        <time>2025-03-10T12:55:12.000Z</time>
        <extensions>
          <ns3:TrackPointExtension>
            <ns3:hr>150</ns3:hr>
          </ns3:TrackPointExtension>
        </extensions>
      </trkpt>
      <trkpt lat="51.7609713412821292877197265625" lon="5.62016556970775127410888671875">
        <ele>9.3999996185302734375</ele>
        <time>2025-03-10T12:55:13.000Z</time>
        <extensions>
          <ns3:TrackPointExtension>
            <ns3:hr>150</ns3:hr>
          </ns3:TrackPointExtension>
        </extensions>
      </trkpt>
      <trkpt lat="51.76097829826176166534423828125" lon="5.6201983429491519927978515625">
        <ele>9.3999996185302734375</ele>
        <time>2025-03-10T12:55:15.000Z</time>
        <extensions>
          <ns3:TrackPointExtension>
            <ns3:hr>150</ns3:hr>
          </ns3:TrackPointExtension>
        </extensions>
      </trkpt>
      <trkpt lat="51.76100629381835460662841796875" lon="5.62024913728237152099609375">
        <ele>8.80000019073486328125</ele>
        <time>2025-03-10T12:55:18.000Z</time>
        <extensions>
          <ns3:TrackPointExtension>
            <ns3:hr>150</ns3:hr>
          </ns3:TrackPointExtension>
        </extensions>
      </trkpt>
      <trkpt lat="51.76104401238262653350830078125" lon="5.62030454166233539581298828125">
        <ele>8.6000003814697265625</ele>
        <time>2025-03-10T12:55:23.000Z</time>
        <extensions>
          <ns3:TrackPointExtension>
            <ns3:hr>150</ns3:hr>
          </ns3:TrackPointExtension>
        </extensions>
      </trkpt>
      <trkpt lat="51.76104736514389514923095703125" lon="5.62031007371842861175537109375">
        <ele>8.6000003814697265625</ele>
        <time>2025-03-10T12:55:24.000Z</time>
        <extensions>
          <ns3:TrackPointExtension>
            <ns3:hr>150</ns3:hr>
          </ns3:TrackPointExtension>
        </extensions>
      </trkpt>
      <trkpt lat="51.7610866762697696685791015625" lon="5.62034578062593936920166015625">
        <ele>8.3999996185302734375</ele>
        <time>2025-03-10T12:55:29.000Z</time>
        <extensions>
          <ns3:TrackPointExtension>
            <ns3:hr>150</ns3:hr>
          </ns3:TrackPointExtension>
        </extensions>
      </trkpt>
      <trkpt lat="51.761126406490802764892578125" lon="5.62039934098720550537109375">
        <ele>8.6000003814697265625</ele>
        <time>2025-03-10T12:55:35.000Z</time>
        <extensions>
          <ns3:TrackPointExtension>
            <ns3:hr>152</ns3:hr>
          </ns3:TrackPointExtension>
        </extensions>
      </trkpt>
      <trkpt lat="51.76115582697093486785888671875" lon="5.6204273365437984466552734375">
        <ele>8.6000003814697265625</ele>
        <time>2025-03-10T12:55:38.000Z</time>
        <extensions>
          <ns3:TrackPointExtension>
            <ns3:hr>155</ns3:hr>
          </ns3:TrackPointExtension>
        </extensions>
      </trkpt>
      <trkpt lat="51.7611850798130035400390625" lon="5.62044493854045867919921875">
        <ele>8.6000003814697265625</ele>
        <time>2025-03-10T12:55:41.000Z</time>
        <extensions>
          <ns3:TrackPointExtension>
            <ns3:hr>156</ns3:hr>
          </ns3:TrackPointExtension>
        </extensions>
      </trkpt>
      <trkpt lat="51.7612305097281932830810546875" lon="5.62048961408436298370361328125">
        <ele>8.80000019073486328125</ele>
        <time>2025-03-10T12:55:47.000Z</time>
        <extensions>
          <ns3:TrackPointExtension>
            <ns3:hr>155</ns3:hr>
          </ns3:TrackPointExtension>
        </extensions>
      </trkpt>
      <trkpt lat="51.76128407008945941925048828125" lon="5.62053772620856761932373046875">
        <ele>8.6000003814697265625</ele>
        <time>2025-03-10T12:55:54.000Z</time>
        <extensions>
          <ns3:TrackPointExtension>
            <ns3:hr>155</ns3:hr>
          </ns3:TrackPointExtension>
        </extensions>
      </trkpt>
      <trkpt lat="51.7613299190998077392578125" lon="5.6205661408603191375732421875">
        <ele>8.6000003814697265625</ele>
        <time>2025-03-10T12:56:00.000Z</time>
        <extensions>
          <ns3:TrackPointExtension>
            <ns3:hr>156</ns3:hr>
          </ns3:TrackPointExtension>
        </extensions>
      </trkpt>
      <trkpt lat="51.76132111810147762298583984375" lon="5.6205708347260951995849609375">
        <ele>8.80000019073486328125</ele>
        <time>2025-03-10T12:56:06.000Z</time>
        <extensions>
          <ns3:TrackPointExtension>
            <ns3:hr>156</ns3:hr>
          </ns3:TrackPointExtension>
        </extensions>
      </trkpt>
      <trkpt lat="51.76136554218828678131103515625" lon="5.62051157467067241668701171875">
        <ele>9</ele>
        <time>2025-03-10T12:56:13.000Z</time>
        <extensions>
          <ns3:TrackPointExtension>
            <ns3:hr>155</ns3:hr>
          </ns3:TrackPointExtension>
        </extensions>
      </trkpt>
      <trkpt lat="51.76138616167008876800537109375" lon="5.62047989107668399810791015625">
        <ele>9.19999980926513671875</ele>
        <time>2025-03-10T12:56:18.000Z</time>
        <extensions>
          <ns3:TrackPointExtension>
            <ns3:hr>155</ns3:hr>
          </ns3:TrackPointExtension>
        </extensions>
      </trkpt>
      <trkpt lat="51.7614103853702545166015625" lon="5.62046396546065807342529296875">
        <ele>9.19999980926513671875</ele>
        <time>2025-03-10T12:56:23.000Z</time>
        <extensions>
          <ns3:TrackPointExtension>
            <ns3:hr>156</ns3:hr>
          </ns3:TrackPointExtension>
        </extensions>
      </trkpt>
      <trkpt lat="51.76144148223102092742919921875" lon="5.62052196823060512542724609375">
        <ele>8.6000003814697265625</ele>
        <time>2025-03-10T12:56:28.000Z</time>
        <extensions>
          <ns3:TrackPointExtension>
            <ns3:hr>158</ns3:hr>
          </ns3:TrackPointExtension>
        </extensions>
      </trkpt>
      <trkpt lat="51.76145036704838275909423828125" lon="5.6205916218459606170654296875">
        <ele>8.3999996185302734375</ele>
        <time>2025-03-10T12:56:32.000Z</time>
        <extensions>
          <ns3:TrackPointExtension>
            <ns3:hr>155</ns3:hr>
          </ns3:TrackPointExtension>
        </extensions>
      </trkpt>
      <trkpt lat="51.76146729849278926849365234375" lon="5.62062657438218593597412109375">
        <ele>8.6000003814697265625</ele>
        <time>2025-03-10T12:56:36.000Z</time>
        <extensions>
          <ns3:TrackPointExtension>
            <ns3:hr>155</ns3:hr>
          </ns3:TrackPointExtension>
        </extensions>
      </trkpt>
      <trkpt lat="51.76152194850146770477294921875" lon="5.6206559948623180389404296875">
        <ele>8.80000019073486328125</ele>
        <time>2025-03-10T12:56:42.000Z</time>
        <extensions>
          <ns3:TrackPointExtension>
            <ns3:hr>155</ns3:hr>
          </ns3:TrackPointExtension>
        </extensions>
      </trkpt>
      <trkpt lat="51.76155296154320240020751953125" lon="5.62068927101790904998779296875">
        <ele>9</ele>
        <time>2025-03-10T12:56:47.000Z</time>
        <extensions>
          <ns3:TrackPointExtension>
            <ns3:hr>155</ns3:hr>
          </ns3:TrackPointExtension>
        </extensions>
      </trkpt>
      <trkpt lat="51.76161758601665496826171875" lon="5.62074257992208003997802734375">
        <ele>8.80000019073486328125</ele>
        <time>2025-03-10T12:56:54.000Z</time>
        <extensions>
          <ns3:TrackPointExtension>
            <ns3:hr>157</ns3:hr>
          </ns3:TrackPointExtension>
        </extensions>
      </trkpt>
      <trkpt lat="51.76165052689611911773681640625" lon="5.62076102010905742645263671875">
        <ele>8.80000019073486328125</ele>
        <time>2025-03-10T12:56:59.000Z</time>
        <extensions>
          <ns3:TrackPointExtension>
            <ns3:hr>158</ns3:hr>
          </ns3:TrackPointExtension>
        </extensions>
      </trkpt>
      <trkpt lat="51.76168556325137615203857421875" lon="5.620743669569492340087890625">
        <ele>8.6000003814697265625</ele>
        <time>2025-03-10T12:57:05.000Z</time>
        <extensions>
          <ns3:TrackPointExtension>
            <ns3:hr>158</ns3:hr>
          </ns3:TrackPointExtension>
        </extensions>
      </trkpt>
      <trkpt lat="51.76173719577491283416748046875" lon="5.62073000706732273101806640625">
        <ele>8.80000019073486328125</ele>
        <time>2025-03-10T12:57:10.000Z</time>
        <extensions>
          <ns3:TrackPointExtension>
            <ns3:hr>157</ns3:hr>
          </ns3:TrackPointExtension>
        </extensions>
      </trkpt>
      <trkpt lat="51.76180073060095310211181640625" lon="5.6207699887454509735107421875">
        <ele>9</ele>
        <time>2025-03-10T12:57:18.000Z</time>
        <extensions>
          <ns3:TrackPointExtension>
            <ns3:hr>157</ns3:hr>
          </ns3:TrackPointExtension>
        </extensions>
      </trkpt>
      <trkpt lat="51.7618789337575435638427734375" lon="5.62078231014311313629150390625">
        <ele>9</ele>
        <time>2025-03-10T12:57:24.000Z</time>
        <extensions>
          <ns3:TrackPointExtension>
            <ns3:hr>157</ns3:hr>
          </ns3:TrackPointExtension>
        </extensions>
      </trkpt>
      <trkpt lat="51.7619218491017818450927734375" lon="5.62076278030872344970703125">
        <ele>9</ele>
        <time>2025-03-10T12:57:30.000Z</time>
        <extensions>
          <ns3:TrackPointExtension>
            <ns3:hr>158</ns3:hr>
          </ns3:TrackPointExtension>
        </extensions>
      </trkpt>
      <trkpt lat="51.76198312081396579742431640625" lon="5.62075247056782245635986328125">
        <ele>9</ele>
        <time>2025-03-10T12:57:36.000Z</time>
        <extensions>
          <ns3:TrackPointExtension>
            <ns3:hr>157</ns3:hr>
          </ns3:TrackPointExtension>
        </extensions>
      </trkpt>
      <trkpt lat="51.7620281316339969635009765625" lon="5.62074140645563602447509765625">
        <ele>9</ele>
        <time>2025-03-10T12:57:43.000Z</time>
        <extensions>
          <ns3:TrackPointExtension>
            <ns3:hr>156</ns3:hr>
          </ns3:TrackPointExtension>
        </extensions>
      </trkpt>
      <trkpt lat="51.76207481883466243743896484375" lon="5.62074760906398296356201171875">
        <ele>9</ele>
        <time>2025-03-10T12:57:49.000Z</time>
        <extensions>
          <ns3:TrackPointExtension>
            <ns3:hr>155</ns3:hr>
          </ns3:TrackPointExtension>
        </extensions>
      </trkpt>
      <trkpt lat="51.7621055804193019866943359375" lon="5.6207465194165706634521484375">
        <ele>9</ele>
        <time>2025-03-10T12:57:51.000Z</time>
        <extensions>
          <ns3:TrackPointExtension>
            <ns3:hr>156</ns3:hr>
          </ns3:TrackPointExtension>
        </extensions>
      </trkpt>
      <trkpt lat="51.76219635643064975738525390625" lon="5.62079085968434810638427734375">
        <ele>8.80000019073486328125</ele>
        <time>2025-03-10T12:57:58.000Z</time>
        <extensions>
          <ns3:TrackPointExtension>
            <ns3:hr>155</ns3:hr>
          </ns3:TrackPointExtension>
        </extensions>
      </trkpt>
      <trkpt lat="51.76223776303231716156005859375" lon="5.62087903730571269989013671875">
        <ele>8.6000003814697265625</ele>
        <time>2025-03-10T12:58:04.000Z</time>
        <extensions>
          <ns3:TrackPointExtension>
            <ns3:hr>156</ns3:hr>
          </ns3:TrackPointExtension>
        </extensions>
      </trkpt>
      <trkpt lat="51.76223826594650745391845703125" lon="5.62090091407299041748046875">
        <ele>8.6000003814697265625</ele>
        <time>2025-03-10T12:58:05.000Z</time>
        <extensions>
          <ns3:TrackPointExtension>
            <ns3:hr>155</ns3:hr>
          </ns3:TrackPointExtension>
        </extensions>
      </trkpt>
      <trkpt lat="51.7622480727732181549072265625" lon="5.62096805311739444732666015625">
        <ele>8.6000003814697265625</ele>
        <time>2025-03-10T12:58:08.000Z</time>
        <extensions>
          <ns3:TrackPointExtension>
            <ns3:hr>155</ns3:hr>
          </ns3:TrackPointExtension>
        </extensions>
      </trkpt>
      <trkpt lat="51.76226760260760784149169921875" lon="5.6210308335721492767333984375">
        <ele>8.6000003814697265625</ele>
        <time>2025-03-10T12:58:13.000Z</time>
        <extensions>
          <ns3:TrackPointExtension>
            <ns3:hr>155</ns3:hr>
          </ns3:TrackPointExtension>
        </extensions>
      </trkpt>
      <trkpt lat="51.76227615214884281158447265625" lon="5.62114725820720195770263671875">
        <ele>8.80000019073486328125</ele>
        <time>2025-03-10T12:58:19.000Z</time>
        <extensions>
          <ns3:TrackPointExtension>
            <ns3:hr>155</ns3:hr>
          </ns3:TrackPointExtension>
        </extensions>
      </trkpt>
      <trkpt lat="51.76226961426436901092529296875" lon="5.62121808528900146484375">
        <ele>9</ele>
        <time>2025-03-10T12:58:25.000Z</time>
        <extensions>
          <ns3:TrackPointExtension>
            <ns3:hr>154</ns3:hr>
          </ns3:TrackPointExtension>
        </extensions>
      </trkpt>
      <trkpt lat="51.7622762359678745269775390625" lon="5.62123929150402545928955078125">
        <ele>9</ele>
        <time>2025-03-10T12:58:26.000Z</time>
        <extensions>
          <ns3:TrackPointExtension>
            <ns3:hr>154</ns3:hr>
          </ns3:TrackPointExtension>
        </extensions>
      </trkpt>
      <trkpt lat="51.76228503696620464324951171875" lon="5.62130031175911426544189453125">
        <ele>9</ele>
        <time>2025-03-10T12:58:30.000Z</time>
        <extensions>
          <ns3:TrackPointExtension>
            <ns3:hr>155</ns3:hr>
          </ns3:TrackPointExtension>
        </extensions>
      </trkpt>
      <trkpt lat="51.76227682270109653472900390625" lon="5.62142402864992618560791015625">
        <ele>9.19999980926513671875</ele>
        <time>2025-03-10T12:58:36.000Z</time>
        <extensions>
          <ns3:TrackPointExtension>
            <ns3:hr>156</ns3:hr>
          </ns3:TrackPointExtension>
        </extensions>
      </trkpt>
      <trkpt lat="51.76226458512246608734130859375" lon="5.62148856930434703826904296875">
        <ele>9.19999980926513671875</ele>
        <time>2025-03-10T12:58:42.000Z</time>
        <extensions>
          <ns3:TrackPointExtension>
            <ns3:hr>157</ns3:hr>
          </ns3:TrackPointExtension>
        </extensions>
      </trkpt>
      <trkpt lat="51.76224052906036376953125" lon="5.6216048263013362884521484375">
        <ele>9.19999980926513671875</ele>
        <time>2025-03-10T12:58:49.000Z</time>
        <extensions>
          <ns3:TrackPointExtension>
            <ns3:hr>158</ns3:hr>
          </ns3:TrackPointExtension>
        </extensions>
      </trkpt>
      <trkpt lat="51.762235499918460845947265625" lon="5.621693171560764312744140625">
        <ele>9.19999980926513671875</ele>
        <time>2025-03-10T12:58:55.000Z</time>
        <extensions>
          <ns3:TrackPointExtension>
            <ns3:hr>158</ns3:hr>
          </ns3:TrackPointExtension>
        </extensions>
      </trkpt>
      <trkpt lat="51.76223340444266796112060546875" lon="5.621755532920360565185546875">
        <ele>9.19999980926513671875</ele>
        <time>2025-03-10T12:59:00.000Z</time>
        <extensions>
          <ns3:TrackPointExtension>
            <ns3:hr>156</ns3:hr>
          </ns3:TrackPointExtension>
        </extensions>
      </trkpt>
      <trkpt lat="51.76221881993114948272705078125" lon="5.6218282878398895263671875">
        <ele>9.19999980926513671875</ele>
        <time>2025-03-10T12:59:05.000Z</time>
        <extensions>
          <ns3:TrackPointExtension>
            <ns3:hr>156</ns3:hr>
          </ns3:TrackPointExtension>
        </extensions>
      </trkpt>
      <trkpt lat="51.76220172084867954254150390625" lon="5.6218998692929744720458984375">
        <ele>9.19999980926513671875</ele>
        <time>2025-03-10T12:59:09.000Z</time>
        <extensions>
          <ns3:TrackPointExtension>
            <ns3:hr>159</ns3:hr>
          </ns3:TrackPointExtension>
        </extensions>
      </trkpt>
      <trkpt lat="51.7621981166303157806396484375" lon="5.62192392535507678985595703125">
        <ele>9.19999980926513671875</ele>
        <time>2025-03-10T12:59:11.000Z</time>
        <extensions>
          <ns3:TrackPointExtension>
            <ns3:hr>160</ns3:hr>
          </ns3:TrackPointExtension>
        </extensions>
      </trkpt>
      <trkpt lat="51.76219023764133453369140625" lon="5.62199550680816173553466796875">
        <ele>9.19999980926513671875</ele>
        <time>2025-03-10T12:59:17.000Z</time>
        <extensions>
          <ns3:TrackPointExtension>
            <ns3:hr>158</ns3:hr>
          </ns3:TrackPointExtension>
        </extensions>
      </trkpt>
      <trkpt lat="51.76219568587839603424072265625" lon="5.62206071801483631134033203125">
        <ele>9.19999980926513671875</ele>
        <time>2025-03-10T12:59:22.000Z</time>
        <extensions>
          <ns3:TrackPointExtension>
            <ns3:hr>156</ns3:hr>
          </ns3:TrackPointExtension>
        </extensions>
      </trkpt>
      <trkpt lat="51.76219535060226917266845703125" lon="5.6220755539834499359130859375">
        <ele>9.3999996185302734375</ele>
        <time>2025-03-10T12:59:28.000Z</time>
        <extensions>
          <ns3:TrackPointExtension>
            <ns3:hr>157</ns3:hr>
          </ns3:TrackPointExtension>
        </extensions>
      </trkpt>
      <trkpt lat="51.762222759425640106201171875" lon="5.62207681126892566680908203125">
        <ele>9.3999996185302734375</ele>
        <time>2025-03-10T12:59:33.000Z</time>
        <extensions>
          <ns3:TrackPointExtension>
            <ns3:hr>159</ns3:hr>
          </ns3:TrackPointExtension>
        </extensions>
      </trkpt>
      <trkpt lat="51.76223809830844402313232421875" lon="5.6220577843487262725830078125">
        <ele>9.19999980926513671875</ele>
        <time>2025-03-10T12:59:36.000Z</time>
        <extensions>
          <ns3:TrackPointExtension>
            <ns3:hr>156</ns3:hr>
          </ns3:TrackPointExtension>
        </extensions>
      </trkpt>
      <trkpt lat="51.76226802170276641845703125" lon="5.62205451540648937225341796875">
        <ele>9.19999980926513671875</ele>
        <time>2025-03-10T12:59:39.000Z</time>
        <extensions>
          <ns3:TrackPointExtension>
            <ns3:hr>157</ns3:hr>
          </ns3:TrackPointExtension>
        </extensions>
      </trkpt>
      <trkpt lat="51.76233516074717044830322265625" lon="5.622055940330028533935546875">
        <ele>9.19999980926513671875</ele>
        <time>2025-03-10T12:59:46.000Z</time>
        <extensions>
          <ns3:TrackPointExtension>
            <ns3:hr>157</ns3:hr>
          </ns3:TrackPointExtension>
        </extensions>
      </trkpt>
      <trkpt lat="51.76238578744232654571533203125" lon="5.62207513488829135894775390625">
        <ele>9.19999980926513671875</ele>
        <time>2025-03-10T12:59:52.000Z</time>
        <extensions>
          <ns3:TrackPointExtension>
            <ns3:hr>155</ns3:hr>
          </ns3:TrackPointExtension>
        </extensions>
      </trkpt>
      <trkpt lat="51.76244429312646389007568359375" lon="5.62207010574638843536376953125">
        <ele>9.19999980926513671875</ele>
        <time>2025-03-10T12:59:59.000Z</time>
        <extensions>
          <ns3:TrackPointExtension>
            <ns3:hr>152</ns3:hr>
          </ns3:TrackPointExtension>
        </extensions>
      </trkpt>
      <trkpt lat="51.7625038884580135345458984375" lon="5.6220430321991443634033203125">
        <ele>9.19999980926513671875</ele>
        <time>2025-03-10T13:00:04.000Z</time>
        <extensions>
          <ns3:TrackPointExtension>
            <ns3:hr>155</ns3:hr>
          </ns3:TrackPointExtension>
        </extensions>
      </trkpt>
      <trkpt lat="51.76251587457954883575439453125" lon="5.6220366619527339935302734375">
        <ele>9.19999980926513671875</ele>
        <time>2025-03-10T13:00:05.000Z</time>
        <extensions>
          <ns3:TrackPointExtension>
            <ns3:hr>156</ns3:hr>
          </ns3:TrackPointExtension>
        </extensions>
      </trkpt>
      <trkpt lat="51.76254705525934696197509765625" lon="5.622023753821849822998046875">
        <ele>9.19999980926513671875</ele>
        <time>2025-03-10T13:00:10.000Z</time>
        <extensions>
          <ns3:TrackPointExtension>
            <ns3:hr>156</ns3:hr>
          </ns3:TrackPointExtension>
        </extensions>
      </trkpt>
      <trkpt lat="51.76260220818221569061279296875" lon="5.62199802137911319732666015625">
        <ele>9.19999980926513671875</ele>
        <time>2025-03-10T13:00:14.000Z</time>
        <extensions>
          <ns3:TrackPointExtension>
            <ns3:hr>156</ns3:hr>
          </ns3:TrackPointExtension>
        </extensions>
      </trkpt>
      <trkpt lat="51.76264395006000995635986328125" lon="5.621978156268596649169921875">
        <ele>9.19999980926513671875</ele>
        <time>2025-03-10T13:00:20.000Z</time>
        <extensions>
          <ns3:TrackPointExtension>
            <ns3:hr>155</ns3:hr>
          </ns3:TrackPointExtension>
        </extensions>
      </trkpt>
      <trkpt lat="51.7627043835818767547607421875" lon="5.62195410020649433135986328125">
        <ele>9.19999980926513671875</ele>
        <time>2025-03-10T13:00:26.000Z</time>
        <extensions>
          <ns3:TrackPointExtension>
            <ns3:hr>155</ns3:hr>
          </ns3:TrackPointExtension>
        </extensions>
      </trkpt>
      <trkpt lat="51.76276649348437786102294921875" lon="5.621939599514007568359375">
        <ele>9.19999980926513671875</ele>
        <time>2025-03-10T13:00:31.000Z</time>
        <extensions>
          <ns3:TrackPointExtension>
            <ns3:hr>154</ns3:hr>
          </ns3:TrackPointExtension>
        </extensions>
      </trkpt>
      <trkpt lat="51.76284209825098514556884765625" lon="5.62190297059714794158935546875">
        <ele>9</ele>
        <time>2025-03-10T13:00:39.000Z</time>
        <extensions>
          <ns3:TrackPointExtension>
            <ns3:hr>154</ns3:hr>
          </ns3:TrackPointExtension>
        </extensions>
      </trkpt>
      <trkpt lat="51.76290999166667461395263671875" lon="5.62188503332436084747314453125">
        <ele>9</ele>
        <time>2025-03-10T13:00:45.000Z</time>
        <extensions>
          <ns3:TrackPointExtension>
            <ns3:hr>155</ns3:hr>
          </ns3:TrackPointExtension>
        </extensions>
      </trkpt>
      <trkpt lat="51.76297134719789028167724609375" lon="5.6218589656054973602294921875">
        <ele>9</ele>
        <time>2025-03-10T13:00:52.000Z</time>
        <extensions>
          <ns3:TrackPointExtension>
            <ns3:hr>154</ns3:hr>
          </ns3:TrackPointExtension>
        </extensions>
      </trkpt>
      <trkpt lat="51.76301510073244571685791015625" lon="5.62184060923755168914794921875">
        <ele>9</ele>
        <time>2025-03-10T13:00:57.000Z</time>
        <extensions>
          <ns3:TrackPointExtension>
            <ns3:hr>154</ns3:hr>
          </ns3:TrackPointExtension>
        </extensions>
      </trkpt>
      <trkpt lat="51.7630839161574840545654296875" lon="5.62180104665458202362060546875">
        <ele>9</ele>
        <time>2025-03-10T13:01:04.000Z</time>
        <extensions>
          <ns3:TrackPointExtension>
            <ns3:hr>154</ns3:hr>
          </ns3:TrackPointExtension>
        </extensions>
      </trkpt>
      <trkpt lat="51.76316278986632823944091796875" lon="5.62177598476409912109375">
        <ele>9</ele>
        <time>2025-03-10T13:01:11.000Z</time>
        <extensions>
          <ns3:TrackPointExtension>
            <ns3:hr>155</ns3:hr>
          </ns3:TrackPointExtension>
        </extensions>
      </trkpt>
      <trkpt lat="51.7631969042122364044189453125" lon="5.621755532920360565185546875">
        <ele>9</ele>
        <time>2025-03-10T13:01:17.000Z</time>
        <extensions>
          <ns3:TrackPointExtension>
            <ns3:hr>154</ns3:hr>
          </ns3:TrackPointExtension>
        </extensions>
      </trkpt>
      <trkpt lat="51.76323973573744297027587890625" lon="5.621682442724704742431640625">
        <ele>9</ele>
        <time>2025-03-10T13:01:22.000Z</time>
        <extensions>
          <ns3:TrackPointExtension>
            <ns3:hr>154</ns3:hr>
          </ns3:TrackPointExtension>
        </extensions>
      </trkpt>
      <trkpt lat="51.7632555775344371795654296875" lon="5.621628798544406890869140625">
        <ele>8.80000019073486328125</ele>
        <time>2025-03-10T13:01:27.000Z</time>
        <extensions>
          <ns3:TrackPointExtension>
            <ns3:hr>155</ns3:hr>
          </ns3:TrackPointExtension>
        </extensions>
      </trkpt>
      <trkpt lat="51.7633259855210781097412109375" lon="5.62155671417713165283203125">
        <ele>8.19999980926513671875</ele>
        <time>2025-03-10T13:01:35.000Z</time>
        <extensions>
          <ns3:TrackPointExtension>
            <ns3:hr>156</ns3:hr>
          </ns3:TrackPointExtension>
        </extensions>
      </trkpt>
      <trkpt lat="51.763369739055633544921875" lon="5.6215345859527587890625">
        <ele>8.19999980926513671875</ele>
        <time>2025-03-10T13:01:41.000Z</time>
        <extensions>
          <ns3:TrackPointExtension>
            <ns3:hr>155</ns3:hr>
          </ns3:TrackPointExtension>
        </extensions>
      </trkpt>
      <trkpt lat="51.7633796297013759613037109375" lon="5.62153927981853485107421875">
        <ele>8.19999980926513671875</ele>
        <time>2025-03-10T13:01:42.000Z</time>
        <extensions>
          <ns3:TrackPointExtension>
            <ns3:hr>154</ns3:hr>
          </ns3:TrackPointExtension>
        </extensions>
      </trkpt>
      <trkpt lat="51.76344417035579681396484375" lon="5.6215153075754642486572265625">
        <ele>8.19999980926513671875</ele>
        <time>2025-03-10T13:01:47.000Z</time>
        <extensions>
          <ns3:TrackPointExtension>
            <ns3:hr>153</ns3:hr>
          </ns3:TrackPointExtension>
        </extensions>
      </trkpt>
      <trkpt lat="51.76350460387766361236572265625" lon="5.621487982571125030517578125">
        <ele>8.19999980926513671875</ele>
        <time>2025-03-10T13:01:54.000Z</time>
        <extensions>
          <ns3:TrackPointExtension>
            <ns3:hr>152</ns3:hr>
          </ns3:TrackPointExtension>
        </extensions>
      </trkpt>
      <trkpt lat="51.7635526321828365325927734375" lon="5.6214569695293903350830078125">
        <ele>8.19999980926513671875</ele>
        <time>2025-03-10T13:01:58.000Z</time>
        <extensions>
          <ns3:TrackPointExtension>
            <ns3:hr>155</ns3:hr>
          </ns3:TrackPointExtension>
        </extensions>
      </trkpt>
      <trkpt lat="51.76356512121856212615966796875" lon="5.6214487552642822265625">
        <ele>8.19999980926513671875</ele>
        <time>2025-03-10T13:02:00.000Z</time>
        <extensions>
          <ns3:TrackPointExtension>
            <ns3:hr>155</ns3:hr>
          </ns3:TrackPointExtension>
        </extensions>
      </trkpt>
      <trkpt lat="51.76365262828767299652099609375" lon="5.62139301560819149017333984375">
        <ele>8.19999980926513671875</ele>
        <time>2025-03-10T13:02:07.000Z</time>
        <extensions>
          <ns3:TrackPointExtension>
            <ns3:hr>154</ns3:hr>
          </ns3:TrackPointExtension>
        </extensions>
      </trkpt>
      <trkpt lat="51.76371331326663494110107421875" lon="5.62136803753674030303955078125">
        <ele>8.19999980926513671875</ele>
        <time>2025-03-10T13:02:15.000Z</time>
        <extensions>
          <ns3:TrackPointExtension>
            <ns3:hr>155</ns3:hr>
          </ns3:TrackPointExtension>
        </extensions>
      </trkpt>
      <trkpt lat="51.763780452311038970947265625" lon="5.6213228590786457061767578125">
        <ele>8.3999996185302734375</ele>
        <time>2025-03-10T13:02:21.000Z</time>
        <extensions>
          <ns3:TrackPointExtension>
            <ns3:hr>154</ns3:hr>
          </ns3:TrackPointExtension>
        </extensions>
      </trkpt>
      <trkpt lat="51.7638178355991840362548828125" lon="5.62130148522555828094482421875">
        <ele>8.19999980926513671875</ele>
        <time>2025-03-10T13:02:27.000Z</time>
        <extensions>
          <ns3:TrackPointExtension>
            <ns3:hr>154</ns3:hr>
          </ns3:TrackPointExtension>
        </extensions>
      </trkpt>
      <trkpt lat="51.7638993076980113983154296875" lon="5.6212641857564449310302734375">
        <ele>8.19999980926513671875</ele>
        <time>2025-03-10T13:02:34.000Z</time>
        <extensions>
          <ns3:TrackPointExtension>
            <ns3:hr>155</ns3:hr>
          </ns3:TrackPointExtension>
        </extensions>
      </trkpt>
      <trkpt lat="51.76397298462688922882080078125" lon="5.621226131916046142578125">
        <ele>8.19999980926513671875</ele>
        <time>2025-03-10T13:02:41.000Z</time>
        <extensions>
          <ns3:TrackPointExtension>
            <ns3:hr>154</ns3:hr>
          </ns3:TrackPointExtension>
        </extensions>
      </trkpt>
      <trkpt lat="51.76402746699750423431396484375" lon="5.6212011538445949554443359375">
        <ele>8.3999996185302734375</ele>
        <time>2025-03-10T13:02:47.000Z</time>
        <extensions>
          <ns3:TrackPointExtension>
            <ns3:hr>154</ns3:hr>
          </ns3:TrackPointExtension>
        </extensions>
      </trkpt>
      <trkpt lat="51.76409100182354450225830078125" lon="5.621176846325397491455078125">
        <ele>8.19999980926513671875</ele>
        <time>2025-03-10T13:02:52.000Z</time>
        <extensions>
          <ns3:TrackPointExtension>
            <ns3:hr>154</ns3:hr>
          </ns3:TrackPointExtension>
        </extensions>
      </trkpt>
      <trkpt lat="51.76412134431302547454833984375" lon="5.62115916050970554351806640625">
        <ele>8.19999980926513671875</ele>
        <time>2025-03-10T13:02:56.000Z</time>
        <extensions>
          <ns3:TrackPointExtension>
            <ns3:hr>151</ns3:hr>
          </ns3:TrackPointExtension>
        </extensions>
      </trkpt>
      <trkpt lat="51.76413224078714847564697265625" lon="5.6211511977016925811767578125">
        <ele>8.19999980926513671875</ele>
        <time>2025-03-10T13:02:58.000Z</time>
        <extensions>
          <ns3:TrackPointExtension>
            <ns3:hr>151</ns3:hr>
          </ns3:TrackPointExtension>
        </extensions>
      </trkpt>
      <trkpt lat="51.764176078140735626220703125" lon="5.62112797982990741729736328125">
        <ele>8.3999996185302734375</ele>
        <time>2025-03-10T13:03:02.000Z</time>
        <extensions>
          <ns3:TrackPointExtension>
            <ns3:hr>154</ns3:hr>
          </ns3:TrackPointExtension>
        </extensions>
      </trkpt>
      <trkpt lat="51.7641846276819705963134765625" lon="5.62112756073474884033203125">
        <ele>8.3999996185302734375</ele>
        <time>2025-03-10T13:03:03.000Z</time>
        <extensions>
          <ns3:TrackPointExtension>
            <ns3:hr>157</ns3:hr>
          </ns3:TrackPointExtension>
        </extensions>
      </trkpt>
      <trkpt lat="51.764202229678630828857421875" lon="5.621116496622562408447265625">
        <ele>8.3999996185302734375</ele>
        <time>2025-03-10T13:03:05.000Z</time>
        <extensions>
          <ns3:TrackPointExtension>
            <ns3:hr>161</ns3:hr>
          </ns3:TrackPointExtension>
        </extensions>
      </trkpt>
      <trkpt lat="51.7642513476312160491943359375" lon="5.62110207974910736083984375">
        <ele>8.6000003814697265625</ele>
        <time>2025-03-10T13:03:10.000Z</time>
        <extensions>
          <ns3:TrackPointExtension>
            <ns3:hr>162</ns3:hr>
          </ns3:TrackPointExtension>
        </extensions>
      </trkpt>
      <trkpt lat="51.76429518498480319976806640625" lon="5.621092356741428375244140625">
        <ele>8.6000003814697265625</ele>
        <time>2025-03-10T13:03:14.000Z</time>
        <extensions>
          <ns3:TrackPointExtension>
            <ns3:hr>158</ns3:hr>
          </ns3:TrackPointExtension>
        </extensions>
      </trkpt>
      <trkpt lat="51.7643187381327152252197265625" lon="5.621072240173816680908203125">
        <ele>8.6000003814697265625</ele>
        <time>2025-03-10T13:03:18.000Z</time>
        <extensions>
          <ns3:TrackPointExtension>
            <ns3:hr>156</ns3:hr>
          </ns3:TrackPointExtension>
        </extensions>
      </trkpt>
      <trkpt lat="51.76438705064356327056884765625" lon="5.6210566498339176177978515625">
        <ele>8.6000003814697265625</ele>
        <time>2025-03-10T13:03:24.000Z</time>
        <extensions>
          <ns3:TrackPointExtension>
            <ns3:hr>155</ns3:hr>
          </ns3:TrackPointExtension>
        </extensions>
      </trkpt>
      <trkpt lat="51.76446466706693172454833984375" lon="5.62103770673274993896484375">
        <ele>8.6000003814697265625</ele>
        <time>2025-03-10T13:03:32.000Z</time>
        <extensions>
          <ns3:TrackPointExtension>
            <ns3:hr>156</ns3:hr>
          </ns3:TrackPointExtension>
        </extensions>
      </trkpt>
      <trkpt lat="51.76451747305691242218017578125" lon="5.621001161634922027587890625">
        <ele>8.6000003814697265625</ele>
        <time>2025-03-10T13:03:38.000Z</time>
        <extensions>
          <ns3:TrackPointExtension>
            <ns3:hr>155</ns3:hr>
          </ns3:TrackPointExtension>
        </extensions>
      </trkpt>
      <trkpt lat="51.7645834386348724365234375" lon="5.62099269591271877288818359375">
        <ele>8.6000003814697265625</ele>
        <time>2025-03-10T13:03:44.000Z</time>
        <extensions>
          <ns3:TrackPointExtension>
            <ns3:hr>156</ns3:hr>
          </ns3:TrackPointExtension>
        </extensions>
      </trkpt>
      <trkpt lat="51.764650829136371612548828125" lon="5.62096084468066692352294921875">
        <ele>8.6000003814697265625</ele>
        <time>2025-03-10T13:03:51.000Z</time>
        <extensions>
          <ns3:TrackPointExtension>
            <ns3:hr>156</ns3:hr>
          </ns3:TrackPointExtension>
        </extensions>
      </trkpt>
      <trkpt lat="51.7647234164178371429443359375" lon="5.620934106409549713134765625">
        <ele>8.6000003814697265625</ele>
        <time>2025-03-10T13:03:58.000Z</time>
        <extensions>
          <ns3:TrackPointExtension>
            <ns3:hr>154</ns3:hr>
          </ns3:TrackPointExtension>
        </extensions>
      </trkpt>
      <trkpt lat="51.76479893736541271209716796875" lon="5.62089957296848297119140625">
        <ele>8.6000003814697265625</ele>
        <time>2025-03-10T13:04:06.000Z</time>
        <extensions>
          <ns3:TrackPointExtension>
            <ns3:hr>156</ns3:hr>
          </ns3:TrackPointExtension>
        </extensions>
      </trkpt>
      <trkpt lat="51.76481251604855060577392578125" lon="5.6209051050245761871337890625">
        <ele>8.6000003814697265625</ele>
        <time>2025-03-10T13:04:07.000Z</time>
        <extensions>
          <ns3:TrackPointExtension>
            <ns3:hr>156</ns3:hr>
          </ns3:TrackPointExtension>
        </extensions>
      </trkpt>
      <trkpt lat="51.76485677249729633331298828125" lon="5.6209064461290836334228515625">
        <ele>8.6000003814697265625</ele>
        <time>2025-03-10T13:04:12.000Z</time>
        <extensions>
          <ns3:TrackPointExtension>
            <ns3:hr>156</ns3:hr>
          </ns3:TrackPointExtension>
        </extensions>
      </trkpt>
      <trkpt lat="51.76488057710230350494384765625" lon="5.6209074519574642181396484375">
        <ele>8.80000019073486328125</ele>
        <time>2025-03-10T13:04:15.000Z</time>
        <extensions>
          <ns3:TrackPointExtension>
            <ns3:hr>156</ns3:hr>
          </ns3:TrackPointExtension>
        </extensions>
      </trkpt>
      <trkpt lat="51.76491963677108287811279296875" lon="5.6208960525691509246826171875">
        <ele>8.80000019073486328125</ele>
        <time>2025-03-10T13:04:19.000Z</time>
        <extensions>
          <ns3:TrackPointExtension>
            <ns3:hr>156</ns3:hr>
          </ns3:TrackPointExtension>
        </extensions>
      </trkpt>
      <trkpt lat="51.764986775815486907958984375" lon="5.62086847610771656036376953125">
        <ele>9</ele>
        <time>2025-03-10T13:04:25.000Z</time>
        <extensions>
          <ns3:TrackPointExtension>
            <ns3:hr>155</ns3:hr>
          </ns3:TrackPointExtension>
        </extensions>
      </trkpt>
      <trkpt lat="51.7650610394775867462158203125" lon="5.6208655424416065216064453125">
        <ele>9</ele>
        <time>2025-03-10T13:04:32.000Z</time>
        <extensions>
          <ns3:TrackPointExtension>
            <ns3:hr>156</ns3:hr>
          </ns3:TrackPointExtension>
        </extensions>
      </trkpt>
      <trkpt lat="51.76507629454135894775390625" lon="5.62085657380521297454833984375">
        <ele>9</ele>
        <time>2025-03-10T13:04:34.000Z</time>
        <extensions>
          <ns3:TrackPointExtension>
            <ns3:hr>156</ns3:hr>
          </ns3:TrackPointExtension>
        </extensions>
      </trkpt>
      <trkpt lat="51.76511920988559722900390625" lon="5.6208232976496219635009765625">
        <ele>9</ele>
        <time>2025-03-10T13:04:39.000Z</time>
        <extensions>
          <ns3:TrackPointExtension>
            <ns3:hr>157</ns3:hr>
          </ns3:TrackPointExtension>
        </extensions>
      </trkpt>
      <trkpt lat="51.765140332281589508056640625" lon="5.62082086689770221710205078125">
        <ele>9</ele>
        <time>2025-03-10T13:04:41.000Z</time>
        <extensions>
          <ns3:TrackPointExtension>
            <ns3:hr>156</ns3:hr>
          </ns3:TrackPointExtension>
        </extensions>
      </trkpt>
      <trkpt lat="51.765191964805126190185546875" lon="5.620799995958805084228515625">
        <ele>9</ele>
        <time>2025-03-10T13:04:45.000Z</time>
        <extensions>
          <ns3:TrackPointExtension>
            <ns3:hr>158</ns3:hr>
          </ns3:TrackPointExtension>
        </extensions>
      </trkpt>
      <trkpt lat="51.765232868492603302001953125" lon="5.62079438008368015289306640625">
        <ele>9</ele>
        <time>2025-03-10T13:04:51.000Z</time>
        <extensions>
          <ns3:TrackPointExtension>
            <ns3:hr>159</ns3:hr>
          </ns3:TrackPointExtension>
        </extensions>
      </trkpt>
      <trkpt lat="51.76530025899410247802734375" lon="5.62075079418718814849853515625">
        <ele>9</ele>
        <time>2025-03-10T13:04:58.000Z</time>
        <extensions>
          <ns3:TrackPointExtension>
            <ns3:hr>160</ns3:hr>
          </ns3:TrackPointExtension>
        </extensions>
      </trkpt>
      <trkpt lat="51.76537075079977512359619140625" lon="5.620730929076671600341796875">
        <ele>9</ele>
        <time>2025-03-10T13:05:05.000Z</time>
        <extensions>
          <ns3:TrackPointExtension>
            <ns3:hr>159</ns3:hr>
          </ns3:TrackPointExtension>
        </extensions>
      </trkpt>
      <trkpt lat="51.76541551016271114349365234375" lon="5.620708465576171875">
        <ele>9</ele>
        <time>2025-03-10T13:05:10.000Z</time>
        <extensions>
          <ns3:TrackPointExtension>
            <ns3:hr>159</ns3:hr>
          </ns3:TrackPointExtension>
        </extensions>
      </trkpt>
      <trkpt lat="51.76542657427489757537841796875" lon="5.620701424777507781982421875">
        <ele>9</ele>
        <time>2025-03-10T13:05:11.000Z</time>
        <extensions>
          <ns3:TrackPointExtension>
            <ns3:hr>159</ns3:hr>
          </ns3:TrackPointExtension>
        </extensions>
      </trkpt>
      <trkpt lat="51.76550117321312427520751953125" lon="5.6206704117357730865478515625">
        <ele>9</ele>
        <time>2025-03-10T13:05:18.000Z</time>
        <extensions>
          <ns3:TrackPointExtension>
            <ns3:hr>158</ns3:hr>
          </ns3:TrackPointExtension>
        </extensions>
      </trkpt>
      <trkpt lat="51.7655793763697147369384765625" lon="5.6206546537578105926513671875">
        <ele>9</ele>
        <time>2025-03-10T13:05:25.000Z</time>
        <extensions>
          <ns3:TrackPointExtension>
            <ns3:hr>159</ns3:hr>
          </ns3:TrackPointExtension>
        </extensions>
      </trkpt>
      <trkpt lat="51.76562204025685787200927734375" lon="5.62062104232609272003173828125">
        <ele>9</ele>
        <time>2025-03-10T13:05:31.000Z</time>
        <extensions>
          <ns3:TrackPointExtension>
            <ns3:hr>157</ns3:hr>
          </ns3:TrackPointExtension>
        </extensions>
      </trkpt>
      <trkpt lat="51.76563142798840999603271484375" lon="5.62062053941190242767333984375">
        <ele>9</ele>
        <time>2025-03-10T13:05:32.000Z</time>
        <extensions>
          <ns3:TrackPointExtension>
            <ns3:hr>156</ns3:hr>
          </ns3:TrackPointExtension>
        </extensions>
      </trkpt>
      <trkpt lat="51.76568909548223018646240234375" lon="5.620595477521419525146484375">
        <ele>9</ele>
        <time>2025-03-10T13:05:37.000Z</time>
        <extensions>
          <ns3:TrackPointExtension>
            <ns3:hr>156</ns3:hr>
          </ns3:TrackPointExtension>
        </extensions>
      </trkpt>
      <trkpt lat="51.7657222039997577667236328125" lon="5.620553232729434967041015625">
        <ele>9</ele>
        <time>2025-03-10T13:05:42.000Z</time>
        <extensions>
          <ns3:TrackPointExtension>
            <ns3:hr>156</ns3:hr>
          </ns3:TrackPointExtension>
        </extensions>
      </trkpt>
      <trkpt lat="51.76576419733464717864990234375" lon="5.6205101497471332550048828125">
        <ele>9</ele>
        <time>2025-03-10T13:05:47.000Z</time>
        <extensions>
          <ns3:TrackPointExtension>
            <ns3:hr>157</ns3:hr>
          </ns3:TrackPointExtension>
        </extensions>
      </trkpt>
      <trkpt lat="51.76577107049524784088134765625" lon="5.620504282414913177490234375">
        <ele>9.19999980926513671875</ele>
        <time>2025-03-10T13:05:48.000Z</time>
        <extensions>
          <ns3:TrackPointExtension>
            <ns3:hr>156</ns3:hr>
          </ns3:TrackPointExtension>
        </extensions>
      </trkpt>
      <trkpt lat="51.76577827893197536468505859375" lon="5.6204603612422943115234375">
        <ele>9.80000019073486328125</ele>
        <time>2025-03-10T13:05:55.000Z</time>
        <extensions>
          <ns3:TrackPointExtension>
            <ns3:hr>157</ns3:hr>
          </ns3:TrackPointExtension>
        </extensions>
      </trkpt>
      <trkpt lat="51.7657931149005889892578125" lon="5.62041853554546833038330078125">
        <ele>9.3999996185302734375</ele>
        <time>2025-03-10T13:06:02.000Z</time>
        <extensions>
          <ns3:TrackPointExtension>
            <ns3:hr>158</ns3:hr>
          </ns3:TrackPointExtension>
        </extensions>
      </trkpt>
      <trkpt lat="51.7657889239490032196044921875" lon="5.62041409313678741455078125">
        <ele>9.6000003814697265625</ele>
        <time>2025-03-10T13:06:07.000Z</time>
        <extensions>
          <ns3:TrackPointExtension>
            <ns3:hr>161</ns3:hr>
          </ns3:TrackPointExtension>
        </extensions>
      </trkpt>
      <trkpt lat="51.765767633914947509765625" lon="5.620425827801227569580078125">
        <ele>9.6000003814697265625</ele>
        <time>2025-03-10T13:06:11.000Z</time>
        <extensions>
          <ns3:TrackPointExtension>
            <ns3:hr>162</ns3:hr>
          </ns3:TrackPointExtension>
        </extensions>
      </trkpt>
      <trkpt lat="51.76577677018940448760986328125" lon="5.620407052338123321533203125">
        <ele>9.19999980926513671875</ele>
        <time>2025-03-10T13:06:20.000Z</time>
        <extensions>
          <ns3:TrackPointExtension>
            <ns3:hr>162</ns3:hr>
          </ns3:TrackPointExtension>
        </extensions>
      </trkpt>
      <trkpt lat="51.7657781951129436492919921875" lon="5.620419792830944061279296875">
        <ele>9</ele>
        <time>2025-03-10T13:06:26.000Z</time>
        <extensions>
          <ns3:TrackPointExtension>
            <ns3:hr>160</ns3:hr>
          </ns3:TrackPointExtension>
        </extensions>
      </trkpt>
      <trkpt lat="51.76578531973063945770263671875" lon="5.620449297130107879638671875">
        <ele>9</ele>
        <time>2025-03-10T13:06:32.000Z</time>
        <extensions>
          <ns3:TrackPointExtension>
            <ns3:hr>159</ns3:hr>
          </ns3:TrackPointExtension>
        </extensions>
      </trkpt>
      <trkpt lat="51.76580158062279224395751953125" lon="5.62047838233411312103271484375">
        <ele>8.80000019073486328125</ele>
        <time>2025-03-10T13:06:35.000Z</time>
        <extensions>
          <ns3:TrackPointExtension>
            <ns3:hr>153</ns3:hr>
          </ns3:TrackPointExtension>
        </extensions>
      </trkpt>
      <trkpt lat="51.76581298001110553741455078125" lon="5.6204836629331111907958984375">
        <ele>8.80000019073486328125</ele>
        <time>2025-03-10T13:06:36.000Z</time>
        <extensions>
          <ns3:TrackPointExtension>
            <ns3:hr>150</ns3:hr>
          </ns3:TrackPointExtension>
        </extensions>
      </trkpt>
      <trkpt lat="51.76581859588623046875" lon="5.6204950623214244842529296875">
        <ele>8.80000019073486328125</ele>
        <time>2025-03-10T13:06:37.000Z</time>
        <extensions>
          <ns3:TrackPointExtension>
            <ns3:hr>149</ns3:hr>
          </ns3:TrackPointExtension>
        </extensions>
      </trkpt>
      <trkpt lat="51.76584986038506031036376953125" lon="5.62055130489170551300048828125">
        <ele>8.80000019073486328125</ele>
        <time>2025-03-10T13:06:41.000Z</time>
        <extensions>
          <ns3:TrackPointExtension>
            <ns3:hr>146</ns3:hr>
          </ns3:TrackPointExtension>
        </extensions>
      </trkpt>
      <trkpt lat="51.7658519558608531951904296875" lon="5.620565302670001983642578125">
        <ele>8.80000019073486328125</ele>
        <time>2025-03-10T13:06:42.000Z</time>
        <extensions>
          <ns3:TrackPointExtension>
            <ns3:hr>145</ns3:hr>
          </ns3:TrackPointExtension>
        </extensions>
      </trkpt>
      <trkpt lat="51.76585958339273929595947265625" lon="5.62061483971774578094482421875">
        <ele>8.80000019073486328125</ele>
        <time>2025-03-10T13:06:48.000Z</time>
        <extensions>
          <ns3:TrackPointExtension>
            <ns3:hr>146</ns3:hr>
          </ns3:TrackPointExtension>
        </extensions>
      </trkpt>
      <trkpt lat="51.76587685011327266693115234375" lon="5.62066546641290187835693359375">
        <ele>9</ele>
        <time>2025-03-10T13:06:53.000Z</time>
        <extensions>
          <ns3:TrackPointExtension>
            <ns3:hr>146</ns3:hr>
          </ns3:TrackPointExtension>
        </extensions>
      </trkpt>
      <trkpt lat="51.76589109934866428375244140625" lon="5.6207170151174068450927734375">
        <ele>9</ele>
        <time>2025-03-10T13:06:56.000Z</time>
        <extensions>
          <ns3:TrackPointExtension>
            <ns3:hr>149</ns3:hr>
          </ns3:TrackPointExtension>
        </extensions>
      </trkpt>
      <trkpt lat="51.7658988945186138153076171875" lon="5.62073620967566967010498046875">
        <ele>9</ele>
        <time>2025-03-10T13:06:58.000Z</time>
        <extensions>
          <ns3:TrackPointExtension>
            <ns3:hr>153</ns3:hr>
          </ns3:TrackPointExtension>
        </extensions>
      </trkpt>
      <trkpt lat="51.765901744365692138671875" lon="5.62074392102658748626708984375">
        <ele>9</ele>
        <time>2025-03-10T13:06:59.000Z</time>
        <extensions>
          <ns3:TrackPointExtension>
            <ns3:hr>156</ns3:hr>
          </ns3:TrackPointExtension>
        </extensions>
      </trkpt>
      <trkpt lat="51.765901744365692138671875" lon="5.62076185829937458038330078125">
        <ele>8.80000019073486328125</ele>
        <time>2025-03-10T13:07:00.000Z</time>
        <extensions>
          <ns3:TrackPointExtension>
            <ns3:hr>156</ns3:hr>
          </ns3:TrackPointExtension>
        </extensions>
      </trkpt>
      <trkpt lat="51.7659119702875614166259765625" lon="5.62084031291306018829345703125">
        <ele>8.3999996185302734375</ele>
        <time>2025-03-10T13:07:07.000Z</time>
        <extensions>
          <ns3:TrackPointExtension>
            <ns3:hr>158</ns3:hr>
          </ns3:TrackPointExtension>
        </extensions>
      </trkpt>
      <trkpt lat="51.76592144183814525604248046875" lon="5.6208933703601360321044921875">
        <ele>8.19999980926513671875</ele>
        <time>2025-03-10T13:07:11.000Z</time>
        <extensions>
          <ns3:TrackPointExtension>
            <ns3:hr>157</ns3:hr>
          </ns3:TrackPointExtension>
        </extensions>
      </trkpt>
      <trkpt lat="51.7659273929893970489501953125" lon="5.62094173394143581390380859375">
        <ele>8.19999980926513671875</ele>
        <time>2025-03-10T13:07:13.000Z</time>
        <extensions>
          <ns3:TrackPointExtension>
            <ns3:hr>156</ns3:hr>
          </ns3:TrackPointExtension>
        </extensions>
      </trkpt>
      <trkpt lat="51.76592789590358734130859375" lon="5.62098381109535694122314453125">
        <ele>8.19999980926513671875</ele>
        <time>2025-03-10T13:07:15.000Z</time>
        <extensions>
          <ns3:TrackPointExtension>
            <ns3:hr>152</ns3:hr>
          </ns3:TrackPointExtension>
        </extensions>
      </trkpt>
      <trkpt lat="51.76593862473964691162109375" lon="5.621062181890010833740234375">
        <ele>8.3999996185302734375</ele>
        <time>2025-03-10T13:07:20.000Z</time>
        <extensions>
          <ns3:TrackPointExtension>
            <ns3:hr>151</ns3:hr>
          </ns3:TrackPointExtension>
        </extensions>
      </trkpt>
      <trkpt lat="51.76593837328255176544189453125" lon="5.6211099587380886077880859375">
        <ele>8.19999980926513671875</ele>
        <time>2025-03-10T13:07:23.000Z</time>
        <extensions>
          <ns3:TrackPointExtension>
            <ns3:hr>154</ns3:hr>
          </ns3:TrackPointExtension>
        </extensions>
      </trkpt>
      <trkpt lat="51.76594055257737636566162109375" lon="5.62116083689033985137939453125">
        <ele>8.19999980926513671875</ele>
        <time>2025-03-10T13:07:26.000Z</time>
        <extensions>
          <ns3:TrackPointExtension>
            <ns3:hr>155</ns3:hr>
          </ns3:TrackPointExtension>
        </extensions>
      </trkpt>
      <trkpt lat="51.7659330926835536956787109375" lon="5.621193945407867431640625">
        <ele>8.19999980926513671875</ele>
        <time>2025-03-10T13:07:29.000Z</time>
        <extensions>
          <ns3:TrackPointExtension>
            <ns3:hr>153</ns3:hr>
          </ns3:TrackPointExtension>
        </extensions>
      </trkpt>
      <trkpt lat="51.7659283988177776336669921875" lon="5.62123510055243968963623046875">
        <ele>8.3999996185302734375</ele>
        <time>2025-03-10T13:07:32.000Z</time>
        <extensions>
          <ns3:TrackPointExtension>
            <ns3:hr>152</ns3:hr>
          </ns3:TrackPointExtension>
        </extensions>
      </trkpt>
      <trkpt lat="51.76592387259006500244140625" lon="5.62135295011103153228759765625">
        <ele>8.19999980926513671875</ele>
        <time>2025-03-10T13:07:37.000Z</time>
        <extensions>
          <ns3:TrackPointExtension>
            <ns3:hr>151</ns3:hr>
          </ns3:TrackPointExtension>
        </extensions>
      </trkpt>
      <trkpt lat="51.76591725088655948638916015625" lon="5.62143601477146148681640625">
        <ele>8</ele>
        <time>2025-03-10T13:07:44.000Z</time>
        <extensions>
          <ns3:TrackPointExtension>
            <ns3:hr>153</ns3:hr>
          </ns3:TrackPointExtension>
        </extensions>
      </trkpt>
      <trkpt lat="51.76587098278105258941650390625" lon="5.6215347535908222198486328125">
        <ele>7.80000019073486328125</ele>
        <time>2025-03-10T13:07:49.000Z</time>
        <extensions>
          <ns3:TrackPointExtension>
            <ns3:hr>154</ns3:hr>
          </ns3:TrackPointExtension>
        </extensions>
      </trkpt>
      <trkpt lat="51.765810213983058929443359375" lon="5.6215498410165309906005859375">
        <ele>8.80000019073486328125</ele>
        <time>2025-03-10T13:07:55.000Z</time>
        <extensions>
          <ns3:TrackPointExtension>
            <ns3:hr>154</ns3:hr>
          </ns3:TrackPointExtension>
        </extensions>
      </trkpt>
      <trkpt lat="51.76580526866018772125244140625" lon="5.62152628786861896514892578125">
        <ele>8.6000003814697265625</ele>
        <time>2025-03-10T13:08:03.000Z</time>
        <extensions>
          <ns3:TrackPointExtension>
            <ns3:hr>153</ns3:hr>
          </ns3:TrackPointExtension>
        </extensions>
      </trkpt>
      <trkpt lat="51.7658003233373165130615234375" lon="5.62153416685760021209716796875">
        <ele>8.6000003814697265625</ele>
        <time>2025-03-10T13:08:05.000Z</time>
        <extensions>
          <ns3:TrackPointExtension>
            <ns3:hr>153</ns3:hr>
          </ns3:TrackPointExtension>
        </extensions>
      </trkpt>
    </trkseg>
  </trk>
</gpx>
