<?xml version="1.0" encoding="UTF-8"?>
<gpx creator="Garmin Connect" version="1.1"
  xsi:schemaLocation="http://www.topografix.com/GPX/1/1 http://www.topografix.com/GPX/11.xsd"
  xmlns:ns3="http://www.garmin.com/xmlschemas/TrackPointExtension/v1"
  xmlns="http://www.topografix.com/GPX/1/1"
  xmlns:xsi="http://www.w3.org/2001/XMLSchema-instance" xmlns:ns2="http://www.garmin.com/xmlschemas/GpxExtensions/v3">
  <metadata>
    <link href="connect.garmin.com">
      <text>Garmin Connect</text>
    </link>
    <time>2026-05-30T07:32:19.000Z</time>
  </metadata>
  <trk>
    <name>mwm</name>
    <type>walking</type>
    <trkseg>
      <trkpt lat="52.01037948019802570343017578125" lon="5.81914138980209827423095703125">
        <ele>38.40000152587890625</ele>
        <time>2026-05-30T07:32:19.000Z</time>
        <extensions>
          <ns3:TrackPointExtension>
            <ns3:hr>148</ns3:hr>
          </ns3:TrackPointExtension>
        </extensions>
      </trkpt>
      <trkpt lat="52.01039850711822509765625" lon="5.81907458603382110595703125">
        <ele>38.799999237060546875</ele>
        <time>2026-05-30T07:32:21.000Z</time>
        <extensions>
          <ns3:TrackPointExtension>
            <ns3:hr>149</ns3:hr>
          </ns3:TrackPointExtension>
        </extensions>
      </trkpt>
      <trkpt lat="52.010390460491180419921875" lon="5.819104425609111785888671875">
        <ele>38.200000762939453125</ele>
        <time>2026-05-30T07:32:26.000Z</time>
        <extensions>
          <ns3:TrackPointExtension>
            <ns3:hr>150</ns3:hr>
          </ns3:TrackPointExtension>
        </extensions>
      </trkpt>
      <trkpt lat="52.010374031960964202880859375" lon="5.8191263861954212188720703125">
        <ele>38</ele>
        <time>2026-05-30T07:32:33.000Z</time>
        <extensions>
          <ns3:TrackPointExtension>
            <ns3:hr>150</ns3:hr>
          </ns3:TrackPointExtension>
        </extensions>
      </trkpt>
      <trkpt lat="52.0103581063449382781982421875" lon="5.819141305983066558837890625">
        <ele>38</ele>
        <time>2026-05-30T07:32:37.000Z</time>
        <extensions>
          <ns3:TrackPointExtension>
            <ns3:hr>147</ns3:hr>
          </ns3:TrackPointExtension>
        </extensions>
      </trkpt>
      <trkpt lat="52.0103503949940204620361328125" lon="5.8191364444792270660400390625">
        <ele>38.200000762939453125</ele>
        <time>2026-05-30T07:32:43.000Z</time>
        <extensions>
          <ns3:TrackPointExtension>
            <ns3:hr>148</ns3:hr>
          </ns3:TrackPointExtension>
        </extensions>
      </trkpt>
      <trkpt lat="52.01031737029552459716796875" lon="5.8191451616585254669189453125">
        <ele>38.200000762939453125</ele>
        <time>2026-05-30T07:32:54.000Z</time>
        <extensions>
          <ns3:TrackPointExtension>
            <ns3:hr>147</ns3:hr>
          </ns3:TrackPointExtension>
        </extensions>
      </trkpt>
      <trkpt lat="52.0103059709072113037109375" lon="5.81915848888456821441650390625">
        <ele>38.59999847412109375</ele>
        <time>2026-05-30T07:32:59.000Z</time>
        <extensions>
          <ns3:TrackPointExtension>
            <ns3:hr>144</ns3:hr>
          </ns3:TrackPointExtension>
        </extensions>
      </trkpt>
      <trkpt lat="52.01029188930988311767578125" lon="5.8191584050655364990234375">
        <ele>38</ele>
        <time>2026-05-30T07:33:05.000Z</time>
        <extensions>
          <ns3:TrackPointExtension>
            <ns3:hr>143</ns3:hr>
          </ns3:TrackPointExtension>
        </extensions>
      </trkpt>
      <trkpt lat="52.0102850161492824554443359375" lon="5.81914222799241542816162109375">
        <ele>38</ele>
        <time>2026-05-30T07:33:09.000Z</time>
        <extensions>
          <ns3:TrackPointExtension>
            <ns3:hr>140</ns3:hr>
          </ns3:TrackPointExtension>
        </extensions>
      </trkpt>
      <trkpt lat="52.010293900966644287109375" lon="5.81910031847655773162841796875">
        <ele>38</ele>
        <time>2026-05-30T07:33:16.000Z</time>
        <extensions>
          <ns3:TrackPointExtension>
            <ns3:hr>141</ns3:hr>
          </ns3:TrackPointExtension>
        </extensions>
      </trkpt>
      <trkpt lat="52.01030504889786243438720703125" lon="5.8191423118114471435546875">
        <ele>37.799999237060546875</ele>
        <time>2026-05-30T07:33:26.000Z</time>
        <extensions>
          <ns3:TrackPointExtension>
            <ns3:hr>140</ns3:hr>
          </ns3:TrackPointExtension>
        </extensions>
      </trkpt>
      <trkpt lat="52.01033472083508968353271484375" lon="5.8191315829753875732421875">
        <ele>37.799999237060546875</ele>
        <time>2026-05-30T07:33:36.000Z</time>
        <extensions>
          <ns3:TrackPointExtension>
            <ns3:hr>137</ns3:hr>
          </ns3:TrackPointExtension>
        </extensions>
      </trkpt>
      <trkpt lat="52.0103383250534534454345703125" lon="5.81913091242313385009765625">
        <ele>37.799999237060546875</ele>
        <time>2026-05-30T07:33:38.000Z</time>
        <extensions>
          <ns3:TrackPointExtension>
            <ns3:hr>131</ns3:hr>
          </ns3:TrackPointExtension>
        </extensions>
      </trkpt>
      <trkpt lat="52.0103493891656398773193359375" lon="5.81921012140810489654541015625">
        <ele>37.59999847412109375</ele>
        <time>2026-05-30T07:33:45.000Z</time>
        <extensions>
          <ns3:TrackPointExtension>
            <ns3:hr>134</ns3:hr>
          </ns3:TrackPointExtension>
        </extensions>
      </trkpt>
      <trkpt lat="52.0103477127850055694580078125" lon="5.81923174671828746795654296875">
        <ele>37.59999847412109375</ele>
        <time>2026-05-30T07:33:46.000Z</time>
        <extensions>
          <ns3:TrackPointExtension>
            <ns3:hr>134</ns3:hr>
          </ns3:TrackPointExtension>
        </extensions>
      </trkpt>
      <trkpt lat="52.0103081502020359039306640625" lon="5.81932939589023590087890625">
        <ele>38.200000762939453125</ele>
        <time>2026-05-30T07:33:53.000Z</time>
        <extensions>
          <ns3:TrackPointExtension>
            <ns3:hr>134</ns3:hr>
          </ns3:TrackPointExtension>
        </extensions>
      </trkpt>
      <trkpt lat="52.01028023846447467803955078125" lon="5.81933098845183849334716796875">
        <ele>38.799999237060546875</ele>
        <time>2026-05-30T07:33:56.000Z</time>
        <extensions>
          <ns3:TrackPointExtension>
            <ns3:hr>133</ns3:hr>
          </ns3:TrackPointExtension>
        </extensions>
      </trkpt>
      <trkpt lat="52.01019574888050556182861328125" lon="5.81932495348155498504638671875">
        <ele>38.200000762939453125</ele>
        <time>2026-05-30T07:34:02.000Z</time>
        <extensions>
          <ns3:TrackPointExtension>
            <ns3:hr>134</ns3:hr>
          </ns3:TrackPointExtension>
        </extensions>
      </trkpt>
      <trkpt lat="52.0101703517138957977294921875" lon="5.8193345926702022552490234375">
        <ele>38.200000762939453125</ele>
        <time>2026-05-30T07:34:04.000Z</time>
        <extensions>
          <ns3:TrackPointExtension>
            <ns3:hr>138</ns3:hr>
          </ns3:TrackPointExtension>
        </extensions>
      </trkpt>
      <trkpt lat="52.01012617908418178558349609375" lon="5.819339454174041748046875">
        <ele>38.200000762939453125</ele>
        <time>2026-05-30T07:34:07.000Z</time>
        <extensions>
          <ns3:TrackPointExtension>
            <ns3:hr>141</ns3:hr>
          </ns3:TrackPointExtension>
        </extensions>
      </trkpt>
      <trkpt lat="52.010046802461147308349609375" lon="5.81934146583080291748046875">
        <ele>39</ele>
        <time>2026-05-30T07:34:13.000Z</time>
        <extensions>
          <ns3:TrackPointExtension>
            <ns3:hr>141</ns3:hr>
          </ns3:TrackPointExtension>
        </extensions>
      </trkpt>
      <trkpt lat="52.009974382817745208740234375" lon="5.819343142211437225341796875">
        <ele>38.40000152587890625</ele>
        <time>2026-05-30T07:34:20.000Z</time>
        <extensions>
          <ns3:TrackPointExtension>
            <ns3:hr>141</ns3:hr>
          </ns3:TrackPointExtension>
        </extensions>
      </trkpt>
      <trkpt lat="52.0098464749753475189208984375" lon="5.8193503506481647491455078125">
        <ele>38.40000152587890625</ele>
        <time>2026-05-30T07:34:30.000Z</time>
        <extensions>
          <ns3:TrackPointExtension>
            <ns3:hr>139</ns3:hr>
          </ns3:TrackPointExtension>
        </extensions>
      </trkpt>
      <trkpt lat="52.00975385494530200958251953125" lon="5.81935982219874858856201171875">
        <ele>38.59999847412109375</ele>
        <time>2026-05-30T07:34:38.000Z</time>
        <extensions>
          <ns3:TrackPointExtension>
            <ns3:hr>143</ns3:hr>
          </ns3:TrackPointExtension>
        </extensions>
      </trkpt>
      <trkpt lat="52.00972518883645534515380859375" lon="5.819359235465526580810546875">
        <ele>38.59999847412109375</ele>
        <time>2026-05-30T07:34:40.000Z</time>
        <extensions>
          <ns3:TrackPointExtension>
            <ns3:hr>144</ns3:hr>
          </ns3:TrackPointExtension>
        </extensions>
      </trkpt>
      <trkpt lat="52.00959543697535991668701171875" lon="5.81932528875768184661865234375">
        <ele>38.799999237060546875</ele>
        <time>2026-05-30T07:34:50.000Z</time>
        <extensions>
          <ns3:TrackPointExtension>
            <ns3:hr>144</ns3:hr>
          </ns3:TrackPointExtension>
        </extensions>
      </trkpt>
      <trkpt lat="52.00947624631226062774658203125" lon="5.819288156926631927490234375">
        <ele>39.200000762939453125</ele>
        <time>2026-05-30T07:35:02.000Z</time>
        <extensions>
          <ns3:TrackPointExtension>
            <ns3:hr>144</ns3:hr>
          </ns3:TrackPointExtension>
        </extensions>
      </trkpt>
      <trkpt lat="52.0093475840985774993896484375" lon="5.81933584995567798614501953125">
        <ele>39.200000762939453125</ele>
        <time>2026-05-30T07:35:11.000Z</time>
        <extensions>
          <ns3:TrackPointExtension>
            <ns3:hr>143</ns3:hr>
          </ns3:TrackPointExtension>
        </extensions>
      </trkpt>
      <trkpt lat="52.009253539144992828369140625" lon="5.81935043446719646453857421875">
        <ele>38.799999237060546875</ele>
        <time>2026-05-30T07:35:20.000Z</time>
        <extensions>
          <ns3:TrackPointExtension>
            <ns3:hr>143</ns3:hr>
          </ns3:TrackPointExtension>
        </extensions>
      </trkpt>
      <trkpt lat="52.0091323368251323699951171875" lon="5.81934356130659580230712890625">
        <ele>39</ele>
        <time>2026-05-30T07:35:30.000Z</time>
        <extensions>
          <ns3:TrackPointExtension>
            <ns3:hr>143</ns3:hr>
          </ns3:TrackPointExtension>
        </extensions>
      </trkpt>
      <trkpt lat="52.0090947858989238739013671875" lon="5.8193480037152767181396484375">
        <ele>39.799999237060546875</ele>
        <time>2026-05-30T07:35:34.000Z</time>
        <extensions>
          <ns3:TrackPointExtension>
            <ns3:hr>143</ns3:hr>
          </ns3:TrackPointExtension>
        </extensions>
      </trkpt>
      <trkpt lat="52.00904323719441890716552734375" lon="5.81936535425484180450439453125">
        <ele>40</ele>
        <time>2026-05-30T07:35:39.000Z</time>
        <extensions>
          <ns3:TrackPointExtension>
            <ns3:hr>145</ns3:hr>
          </ns3:TrackPointExtension>
        </extensions>
      </trkpt>
      <trkpt lat="52.00892907567322254180908203125" lon="5.81936703063547611236572265625">
        <ele>39</ele>
        <time>2026-05-30T07:35:49.000Z</time>
        <extensions>
          <ns3:TrackPointExtension>
            <ns3:hr>147</ns3:hr>
          </ns3:TrackPointExtension>
        </extensions>
      </trkpt>
      <trkpt lat="52.00878926552832126617431640625" lon="5.8193305693566799163818359375">
        <ele>39</ele>
        <time>2026-05-30T07:35:59.000Z</time>
        <extensions>
          <ns3:TrackPointExtension>
            <ns3:hr>148</ns3:hr>
          </ns3:TrackPointExtension>
        </extensions>
      </trkpt>
      <trkpt lat="52.0087181031703948974609375" lon="5.8193292282521724700927734375">
        <ele>39.40000152587890625</ele>
        <time>2026-05-30T07:36:06.000Z</time>
        <extensions>
          <ns3:TrackPointExtension>
            <ns3:hr>147</ns3:hr>
          </ns3:TrackPointExtension>
        </extensions>
      </trkpt>
      <trkpt lat="52.0085938833653926849365234375" lon="5.81934305839240550994873046875">
        <ele>39.200000762939453125</ele>
        <time>2026-05-30T07:36:16.000Z</time>
        <extensions>
          <ns3:TrackPointExtension>
            <ns3:hr>147</ns3:hr>
          </ns3:TrackPointExtension>
        </extensions>
      </trkpt>
      <trkpt lat="52.00848131440579891204833984375" lon="5.819335766136646270751953125">
        <ele>39.200000762939453125</ele>
        <time>2026-05-30T07:36:27.000Z</time>
        <extensions>
          <ns3:TrackPointExtension>
            <ns3:hr>147</ns3:hr>
          </ns3:TrackPointExtension>
        </extensions>
      </trkpt>
      <trkpt lat="52.008327506482601165771484375" lon="5.81931958906352519989013671875">
        <ele>39.200000762939453125</ele>
        <time>2026-05-30T07:36:39.000Z</time>
        <extensions>
          <ns3:TrackPointExtension>
            <ns3:hr>146</ns3:hr>
          </ns3:TrackPointExtension>
        </extensions>
      </trkpt>
      <trkpt lat="52.0082187093794345855712890625" lon="5.81930953077971935272216796875">
        <ele>39.40000152587890625</ele>
        <time>2026-05-30T07:36:47.000Z</time>
        <extensions>
          <ns3:TrackPointExtension>
            <ns3:hr>146</ns3:hr>
          </ns3:TrackPointExtension>
        </extensions>
      </trkpt>
      <trkpt lat="52.00812223367393016815185546875" lon="5.81928924657404422760009765625">
        <ele>39.59999847412109375</ele>
        <time>2026-05-30T07:36:57.000Z</time>
        <extensions>
          <ns3:TrackPointExtension>
            <ns3:hr>146</ns3:hr>
          </ns3:TrackPointExtension>
        </extensions>
      </trkpt>
      <trkpt lat="52.00799097307026386260986328125" lon="5.8192950300872325897216796875">
        <ele>39.799999237060546875</ele>
        <time>2026-05-30T07:37:06.000Z</time>
        <extensions>
          <ns3:TrackPointExtension>
            <ns3:hr>148</ns3:hr>
          </ns3:TrackPointExtension>
        </extensions>
      </trkpt>
      <trkpt lat="52.00790665112435817718505859375" lon="5.8193252049386501312255859375">
        <ele>40</ele>
        <time>2026-05-30T07:37:14.000Z</time>
        <extensions>
          <ns3:TrackPointExtension>
            <ns3:hr>148</ns3:hr>
          </ns3:TrackPointExtension>
        </extensions>
      </trkpt>
      <trkpt lat="52.0077851973474025726318359375" lon="5.81932294182479381561279296875">
        <ele>40.200000762939453125</ele>
        <time>2026-05-30T07:37:24.000Z</time>
        <extensions>
          <ns3:TrackPointExtension>
            <ns3:hr>148</ns3:hr>
          </ns3:TrackPointExtension>
        </extensions>
      </trkpt>
      <trkpt lat="52.007664330303668975830078125" lon="5.81926678307354450225830078125">
        <ele>40</ele>
        <time>2026-05-30T07:37:35.000Z</time>
        <extensions>
          <ns3:TrackPointExtension>
            <ns3:hr>148</ns3:hr>
          </ns3:TrackPointExtension>
        </extensions>
      </trkpt>
      <trkpt lat="52.00755611993372440338134765625" lon="5.8192670345306396484375">
        <ele>40.200000762939453125</ele>
        <time>2026-05-30T07:37:44.000Z</time>
        <extensions>
          <ns3:TrackPointExtension>
            <ns3:hr>149</ns3:hr>
          </ns3:TrackPointExtension>
        </extensions>
      </trkpt>
      <trkpt lat="52.00744430534541606903076171875" lon="5.819272734224796295166015625">
        <ele>40.799999237060546875</ele>
        <time>2026-05-30T07:37:54.000Z</time>
        <extensions>
          <ns3:TrackPointExtension>
            <ns3:hr>148</ns3:hr>
          </ns3:TrackPointExtension>
        </extensions>
      </trkpt>
      <trkpt lat="52.0074361748993396759033203125" lon="5.81927038729190826416015625">
        <ele>40.799999237060546875</ele>
        <time>2026-05-30T07:37:55.000Z</time>
        <extensions>
          <ns3:TrackPointExtension>
            <ns3:hr>147</ns3:hr>
          </ns3:TrackPointExtension>
        </extensions>
      </trkpt>
      <trkpt lat="52.00732662342488765716552734375" lon="5.8192222751677036285400390625">
        <ele>40</ele>
        <time>2026-05-30T07:38:04.000Z</time>
        <extensions>
          <ns3:TrackPointExtension>
            <ns3:hr>152</ns3:hr>
          </ns3:TrackPointExtension>
        </extensions>
      </trkpt>
      <trkpt lat="52.0073158107697963714599609375" lon="5.819216072559356689453125">
        <ele>40</ele>
        <time>2026-05-30T07:38:05.000Z</time>
        <extensions>
          <ns3:TrackPointExtension>
            <ns3:hr>152</ns3:hr>
          </ns3:TrackPointExtension>
        </extensions>
      </trkpt>
      <trkpt lat="52.007241211831569671630859375" lon="5.8191812038421630859375">
        <ele>40</ele>
        <time>2026-05-30T07:38:11.000Z</time>
        <extensions>
          <ns3:TrackPointExtension>
            <ns3:hr>149</ns3:hr>
          </ns3:TrackPointExtension>
        </extensions>
      </trkpt>
      <trkpt lat="52.0071947760879993438720703125" lon="5.81915907561779022216796875">
        <ele>40</ele>
        <time>2026-05-30T07:38:15.000Z</time>
        <extensions>
          <ns3:TrackPointExtension>
            <ns3:hr>151</ns3:hr>
          </ns3:TrackPointExtension>
        </extensions>
      </trkpt>
      <trkpt lat="52.00710651464760303497314453125" lon="5.819125212728977203369140625">
        <ele>40.40000152587890625</ele>
        <time>2026-05-30T07:38:23.000Z</time>
        <extensions>
          <ns3:TrackPointExtension>
            <ns3:hr>149</ns3:hr>
          </ns3:TrackPointExtension>
        </extensions>
      </trkpt>
      <trkpt lat="52.0069907605648040771484375" lon="5.81910836510360240936279296875">
        <ele>40.59999847412109375</ele>
        <time>2026-05-30T07:38:32.000Z</time>
        <extensions>
          <ns3:TrackPointExtension>
            <ns3:hr>151</ns3:hr>
          </ns3:TrackPointExtension>
        </extensions>
      </trkpt>
      <trkpt lat="52.00683116912841796875" lon="5.81907919608056545257568359375">
        <ele>40</ele>
        <time>2026-05-30T07:38:45.000Z</time>
        <extensions>
          <ns3:TrackPointExtension>
            <ns3:hr>150</ns3:hr>
          </ns3:TrackPointExtension>
        </extensions>
      </trkpt>
      <trkpt lat="52.0067763514816761016845703125" lon="5.81906276755034923553466796875">
        <ele>39.799999237060546875</ele>
        <time>2026-05-30T07:38:50.000Z</time>
        <extensions>
          <ns3:TrackPointExtension>
            <ns3:hr>149</ns3:hr>
          </ns3:TrackPointExtension>
        </extensions>
      </trkpt>
      <trkpt lat="52.00672513805329799652099609375" lon="5.81904198043048381805419921875">
        <ele>39.200000762939453125</ele>
        <time>2026-05-30T07:38:56.000Z</time>
        <extensions>
          <ns3:TrackPointExtension>
            <ns3:hr>149</ns3:hr>
          </ns3:TrackPointExtension>
        </extensions>
      </trkpt>
      <trkpt lat="52.00667669065296649932861328125" lon="5.81903074868023395538330078125">
        <ele>38.799999237060546875</ele>
        <time>2026-05-30T07:39:00.000Z</time>
        <extensions>
          <ns3:TrackPointExtension>
            <ns3:hr>148</ns3:hr>
          </ns3:TrackPointExtension>
        </extensions>
      </trkpt>
      <trkpt lat="52.0065869204699993133544921875" lon="5.81902672536671161651611328125">
        <ele>38.200000762939453125</ele>
        <time>2026-05-30T07:39:07.000Z</time>
        <extensions>
          <ns3:TrackPointExtension>
            <ns3:hr>148</ns3:hr>
          </ns3:TrackPointExtension>
        </extensions>
      </trkpt>
      <trkpt lat="52.0065111480653285980224609375" lon="5.81901415251195430755615234375">
        <ele>37.799999237060546875</ele>
        <time>2026-05-30T07:39:14.000Z</time>
        <extensions>
          <ns3:TrackPointExtension>
            <ns3:hr>145</ns3:hr>
          </ns3:TrackPointExtension>
        </extensions>
      </trkpt>
      <trkpt lat="52.00648742727935314178466796875" lon="5.8190147392451763153076171875">
        <ele>37.799999237060546875</ele>
        <time>2026-05-30T07:39:17.000Z</time>
        <extensions>
          <ns3:TrackPointExtension>
            <ns3:hr>143</ns3:hr>
          </ns3:TrackPointExtension>
        </extensions>
      </trkpt>
      <trkpt lat="52.0063676498830318450927734375" lon="5.819023288786411285400390625">
        <ele>37.59999847412109375</ele>
        <time>2026-05-30T07:39:26.000Z</time>
        <extensions>
          <ns3:TrackPointExtension>
            <ns3:hr>141</ns3:hr>
          </ns3:TrackPointExtension>
        </extensions>
      </trkpt>
      <trkpt lat="52.0062214694917201995849609375" lon="5.81903996877372264862060546875">
        <ele>37.200000762939453125</ele>
        <time>2026-05-30T07:39:38.000Z</time>
        <extensions>
          <ns3:TrackPointExtension>
            <ns3:hr>141</ns3:hr>
          </ns3:TrackPointExtension>
        </extensions>
      </trkpt>
      <trkpt lat="52.0061037875711917877197265625" lon="5.8190439082682132720947265625">
        <ele>37</ele>
        <time>2026-05-30T07:39:48.000Z</time>
        <extensions>
          <ns3:TrackPointExtension>
            <ns3:hr>141</ns3:hr>
          </ns3:TrackPointExtension>
        </extensions>
      </trkpt>
      <trkpt lat="52.00600110925734043121337890625" lon="5.81904818303883075714111328125">
        <ele>37.40000152587890625</ele>
        <time>2026-05-30T07:39:57.000Z</time>
        <extensions>
          <ns3:TrackPointExtension>
            <ns3:hr>141</ns3:hr>
          </ns3:TrackPointExtension>
        </extensions>
      </trkpt>
      <trkpt lat="52.005967162549495697021484375" lon="5.8191047608852386474609375">
        <ele>37.59999847412109375</ele>
        <time>2026-05-30T07:40:03.000Z</time>
        <extensions>
          <ns3:TrackPointExtension>
            <ns3:hr>143</ns3:hr>
          </ns3:TrackPointExtension>
        </extensions>
      </trkpt>
      <trkpt lat="52.00596422888338565826416015625" lon="5.819133259356021881103515625">
        <ele>37.59999847412109375</ele>
        <time>2026-05-30T07:40:11.000Z</time>
        <extensions>
          <ns3:TrackPointExtension>
            <ns3:hr>144</ns3:hr>
          </ns3:TrackPointExtension>
        </extensions>
      </trkpt>
      <trkpt lat="52.005954422056674957275390625" lon="5.8191181719303131103515625">
        <ele>37.40000152587890625</ele>
        <time>2026-05-30T07:40:13.000Z</time>
        <extensions>
          <ns3:TrackPointExtension>
            <ns3:hr>143</ns3:hr>
          </ns3:TrackPointExtension>
        </extensions>
      </trkpt>
      <trkpt lat="52.00590991415083408355712890625" lon="5.81910467706620693206787109375">
        <ele>37</ele>
        <time>2026-05-30T07:40:17.000Z</time>
        <extensions>
          <ns3:TrackPointExtension>
            <ns3:hr>144</ns3:hr>
          </ns3:TrackPointExtension>
        </extensions>
      </trkpt>
      <trkpt lat="52.0058861933648586273193359375" lon="5.8191119693219661712646484375">
        <ele>36.59999847412109375</ele>
        <time>2026-05-30T07:40:19.000Z</time>
        <extensions>
          <ns3:TrackPointExtension>
            <ns3:hr>144</ns3:hr>
          </ns3:TrackPointExtension>
        </extensions>
      </trkpt>
      <trkpt lat="52.0058258436620235443115234375" lon="5.81911188550293445587158203125">
        <ele>36.59999847412109375</ele>
        <time>2026-05-30T07:40:24.000Z</time>
        <extensions>
          <ns3:TrackPointExtension>
            <ns3:hr>144</ns3:hr>
          </ns3:TrackPointExtension>
        </extensions>
      </trkpt>
      <trkpt lat="52.00574219226837158203125" lon="5.819105096161365509033203125">
        <ele>36.799999237060546875</ele>
        <time>2026-05-30T07:40:34.000Z</time>
        <extensions>
          <ns3:TrackPointExtension>
            <ns3:hr>144</ns3:hr>
          </ns3:TrackPointExtension>
        </extensions>
      </trkpt>
      <trkpt lat="52.005591653287410736083984375" lon="5.81914256326854228973388671875">
        <ele>36.40000152587890625</ele>
        <time>2026-05-30T07:40:45.000Z</time>
        <extensions>
          <ns3:TrackPointExtension>
            <ns3:hr>145</ns3:hr>
          </ns3:TrackPointExtension>
        </extensions>
      </trkpt>
      <trkpt lat="52.005489058792591094970703125" lon="5.81914700567722320556640625">
        <ele>36.200000762939453125</ele>
        <time>2026-05-30T07:40:53.000Z</time>
        <extensions>
          <ns3:TrackPointExtension>
            <ns3:hr>144</ns3:hr>
          </ns3:TrackPointExtension>
        </extensions>
      </trkpt>
      <trkpt lat="52.00545586645603179931640625" lon="5.81914859823882579803466796875">
        <ele>36.200000762939453125</ele>
        <time>2026-05-30T07:40:56.000Z</time>
        <extensions>
          <ns3:TrackPointExtension>
            <ns3:hr>144</ns3:hr>
          </ns3:TrackPointExtension>
        </extensions>
      </trkpt>
      <trkpt lat="52.00533919036388397216796875" lon="5.81917508505284786224365234375">
        <ele>35.799999237060546875</ele>
        <time>2026-05-30T07:41:06.000Z</time>
        <extensions>
          <ns3:TrackPointExtension>
            <ns3:hr>144</ns3:hr>
          </ns3:TrackPointExtension>
        </extensions>
      </trkpt>
      <trkpt lat="52.00519024394452571868896484375" lon="5.81924951635301113128662109375">
        <ele>35.200000762939453125</ele>
        <time>2026-05-30T07:41:19.000Z</time>
        <extensions>
          <ns3:TrackPointExtension>
            <ns3:hr>144</ns3:hr>
          </ns3:TrackPointExtension>
        </extensions>
      </trkpt>
      <trkpt lat="52.005177251994609832763671875" lon="5.8192551322281360626220703125">
        <ele>35.200000762939453125</ele>
        <time>2026-05-30T07:41:20.000Z</time>
        <extensions>
          <ns3:TrackPointExtension>
            <ns3:hr>144</ns3:hr>
          </ns3:TrackPointExtension>
        </extensions>
      </trkpt>
      <trkpt lat="52.0050718076527118682861328125" lon="5.81928773783147335052490234375">
        <ele>35.59999847412109375</ele>
        <time>2026-05-30T07:41:28.000Z</time>
        <extensions>
          <ns3:TrackPointExtension>
            <ns3:hr>145</ns3:hr>
          </ns3:TrackPointExtension>
        </extensions>
      </trkpt>
      <trkpt lat="52.004986144602298736572265625" lon="5.8193275518715381622314453125">
        <ele>35.200000762939453125</ele>
        <time>2026-05-30T07:41:37.000Z</time>
        <extensions>
          <ns3:TrackPointExtension>
            <ns3:hr>146</ns3:hr>
          </ns3:TrackPointExtension>
        </extensions>
      </trkpt>
      <trkpt lat="52.0049335062503814697265625" lon="5.8193449862301349639892578125">
        <ele>34.200000762939453125</ele>
        <time>2026-05-30T07:41:41.000Z</time>
        <extensions>
          <ns3:TrackPointExtension>
            <ns3:hr>146</ns3:hr>
          </ns3:TrackPointExtension>
        </extensions>
      </trkpt>
      <trkpt lat="52.00488581322133541107177734375" lon="5.819360911846160888671875">
        <ele>33.799999237060546875</ele>
        <time>2026-05-30T07:41:45.000Z</time>
        <extensions>
          <ns3:TrackPointExtension>
            <ns3:hr>146</ns3:hr>
          </ns3:TrackPointExtension>
        </extensions>
      </trkpt>
      <trkpt lat="52.00479738414287567138671875" lon="5.81940391100943088531494140625">
        <ele>33.200000762939453125</ele>
        <time>2026-05-30T07:41:53.000Z</time>
        <extensions>
          <ns3:TrackPointExtension>
            <ns3:hr>143</ns3:hr>
          </ns3:TrackPointExtension>
        </extensions>
      </trkpt>
      <trkpt lat="52.0047834701836109161376953125" lon="5.8194046653807163238525390625">
        <ele>33.200000762939453125</ele>
        <time>2026-05-30T07:41:54.000Z</time>
        <extensions>
          <ns3:TrackPointExtension>
            <ns3:hr>143</ns3:hr>
          </ns3:TrackPointExtension>
        </extensions>
      </trkpt>
      <trkpt lat="52.00475446879863739013671875" lon="5.81938899122178554534912109375">
        <ele>33</ele>
        <time>2026-05-30T07:41:56.000Z</time>
        <extensions>
          <ns3:TrackPointExtension>
            <ns3:hr>142</ns3:hr>
          </ns3:TrackPointExtension>
        </extensions>
      </trkpt>
      <trkpt lat="52.00471817515790462493896484375" lon="5.81924918107688426971435546875">
        <ele>33</ele>
        <time>2026-05-30T07:42:02.000Z</time>
        <extensions>
          <ns3:TrackPointExtension>
            <ns3:hr>141</ns3:hr>
          </ns3:TrackPointExtension>
        </extensions>
      </trkpt>
      <trkpt lat="52.00465329922735691070556640625" lon="5.81907517276704311370849609375">
        <ele>32.799999237060546875</ele>
        <time>2026-05-30T07:42:12.000Z</time>
        <extensions>
          <ns3:TrackPointExtension>
            <ns3:hr>142</ns3:hr>
          </ns3:TrackPointExtension>
        </extensions>
      </trkpt>
      <trkpt lat="52.00461206026375293731689453125" lon="5.818893201649188995361328125">
        <ele>32.40000152587890625</ele>
        <time>2026-05-30T07:42:22.000Z</time>
        <extensions>
          <ns3:TrackPointExtension>
            <ns3:hr>143</ns3:hr>
          </ns3:TrackPointExtension>
        </extensions>
      </trkpt>
      <trkpt lat="52.00459353625774383544921875" lon="5.81874710507690906524658203125">
        <ele>32.59999847412109375</ele>
        <time>2026-05-30T07:42:30.000Z</time>
        <extensions>
          <ns3:TrackPointExtension>
            <ns3:hr>144</ns3:hr>
          </ns3:TrackPointExtension>
        </extensions>
      </trkpt>
      <trkpt lat="52.0045740902423858642578125" lon="5.81857879646122455596923828125">
        <ele>32.799999237060546875</ele>
        <time>2026-05-30T07:42:39.000Z</time>
        <extensions>
          <ns3:TrackPointExtension>
            <ns3:hr>146</ns3:hr>
          </ns3:TrackPointExtension>
        </extensions>
      </trkpt>
      <trkpt lat="52.004567049443721771240234375" lon="5.8184052072465419769287109375">
        <ele>32.799999237060546875</ele>
        <time>2026-05-30T07:42:47.000Z</time>
        <extensions>
          <ns3:TrackPointExtension>
            <ns3:hr>146</ns3:hr>
          </ns3:TrackPointExtension>
        </extensions>
      </trkpt>
      <trkpt lat="52.00456093065440654754638671875" lon="5.8182342164218425750732421875">
        <ele>33.200000762939453125</ele>
        <time>2026-05-30T07:42:57.000Z</time>
        <extensions>
          <ns3:TrackPointExtension>
            <ns3:hr>147</ns3:hr>
          </ns3:TrackPointExtension>
        </extensions>
      </trkpt>
      <trkpt lat="52.00456931255757808685302734375" lon="5.818065740168094635009765625">
        <ele>32.799999237060546875</ele>
        <time>2026-05-30T07:43:06.000Z</time>
        <extensions>
          <ns3:TrackPointExtension>
            <ns3:hr>149</ns3:hr>
          </ns3:TrackPointExtension>
        </extensions>
      </trkpt>
      <trkpt lat="52.004567719995975494384765625" lon="5.8179059810936450958251953125">
        <ele>33</ele>
        <time>2026-05-30T07:43:14.000Z</time>
        <extensions>
          <ns3:TrackPointExtension>
            <ns3:hr>151</ns3:hr>
          </ns3:TrackPointExtension>
        </extensions>
      </trkpt>
      <trkpt lat="52.0045544765889644622802734375" lon="5.81777413375675678253173828125">
        <ele>33.40000152587890625</ele>
        <time>2026-05-30T07:43:22.000Z</time>
        <extensions>
          <ns3:TrackPointExtension>
            <ns3:hr>150</ns3:hr>
          </ns3:TrackPointExtension>
        </extensions>
      </trkpt>
      <trkpt lat="52.0045048557221889495849609375" lon="5.81777195446193218231201171875">
        <ele>33.200000762939453125</ele>
        <time>2026-05-30T07:43:28.000Z</time>
        <extensions>
          <ns3:TrackPointExtension>
            <ns3:hr>151</ns3:hr>
          </ns3:TrackPointExtension>
        </extensions>
      </trkpt>
      <trkpt lat="52.00440108776092529296875" lon="5.81775703467428684234619140625">
        <ele>32.59999847412109375</ele>
        <time>2026-05-30T07:43:36.000Z</time>
        <extensions>
          <ns3:TrackPointExtension>
            <ns3:hr>150</ns3:hr>
          </ns3:TrackPointExtension>
        </extensions>
      </trkpt>
      <trkpt lat="52.00432531535625457763671875" lon="5.8177609741687774658203125">
        <ele>32.200000762939453125</ele>
        <time>2026-05-30T07:43:44.000Z</time>
        <extensions>
          <ns3:TrackPointExtension>
            <ns3:hr>150</ns3:hr>
          </ns3:TrackPointExtension>
        </extensions>
      </trkpt>
      <trkpt lat="52.0043090544641017913818359375" lon="5.81776306964457035064697265625">
        <ele>32.200000762939453125</ele>
        <time>2026-05-30T07:43:45.000Z</time>
        <extensions>
          <ns3:TrackPointExtension>
            <ns3:hr>149</ns3:hr>
          </ns3:TrackPointExtension>
        </extensions>
      </trkpt>
      <trkpt lat="52.004199922084808349609375" lon="5.81774429418146610260009765625">
        <ele>31.799999237060546875</ele>
        <time>2026-05-30T07:43:53.000Z</time>
        <extensions>
          <ns3:TrackPointExtension>
            <ns3:hr>147</ns3:hr>
          </ns3:TrackPointExtension>
        </extensions>
      </trkpt>
      <trkpt lat="52.00413580052554607391357421875" lon="5.81774110905826091766357421875">
        <ele>31.3999996185302734375</ele>
        <time>2026-05-30T07:44:01.000Z</time>
        <extensions>
          <ns3:TrackPointExtension>
            <ns3:hr>147</ns3:hr>
          </ns3:TrackPointExtension>
        </extensions>
      </trkpt>
      <trkpt lat="52.004095651209354400634765625" lon="5.81773742102086544036865234375">
        <ele>31.200000762939453125</ele>
        <time>2026-05-30T07:44:05.000Z</time>
        <extensions>
          <ns3:TrackPointExtension>
            <ns3:hr>146</ns3:hr>
          </ns3:TrackPointExtension>
        </extensions>
      </trkpt>
      <trkpt lat="52.00401392765343189239501953125" lon="5.81774043850600719451904296875">
        <ele>30.799999237060546875</ele>
        <time>2026-05-30T07:44:11.000Z</time>
        <extensions>
          <ns3:TrackPointExtension>
            <ns3:hr>145</ns3:hr>
          </ns3:TrackPointExtension>
        </extensions>
      </trkpt>
      <trkpt lat="52.00392407365143299102783203125" lon="5.81772468052804470062255859375">
        <ele>31</ele>
        <time>2026-05-30T07:44:19.000Z</time>
        <extensions>
          <ns3:TrackPointExtension>
            <ns3:hr>142</ns3:hr>
          </ns3:TrackPointExtension>
        </extensions>
      </trkpt>
      <trkpt lat="52.00391770340502262115478515625" lon="5.81772132776677608489990234375">
        <ele>31.200000762939453125</ele>
        <time>2026-05-30T07:44:20.000Z</time>
        <extensions>
          <ns3:TrackPointExtension>
            <ns3:hr>142</ns3:hr>
          </ns3:TrackPointExtension>
        </extensions>
      </trkpt>
      <trkpt lat="52.00384980998933315277099609375" lon="5.81772199831902980804443359375">
        <ele>30</ele>
        <time>2026-05-30T07:44:26.000Z</time>
        <extensions>
          <ns3:TrackPointExtension>
            <ns3:hr>141</ns3:hr>
          </ns3:TrackPointExtension>
        </extensions>
      </trkpt>
      <trkpt lat="52.00382684357464313507080078125" lon="5.8177185617387294769287109375">
        <ele>30</ele>
        <time>2026-05-30T07:44:28.000Z</time>
        <extensions>
          <ns3:TrackPointExtension>
            <ns3:hr>140</ns3:hr>
          </ns3:TrackPointExtension>
        </extensions>
      </trkpt>
      <trkpt lat="52.00371888466179370880126953125" lon="5.81771294586360454559326171875">
        <ele>29.3999996185302734375</ele>
        <time>2026-05-30T07:44:37.000Z</time>
        <extensions>
          <ns3:TrackPointExtension>
            <ns3:hr>139</ns3:hr>
          </ns3:TrackPointExtension>
        </extensions>
      </trkpt>
      <trkpt lat="52.003659792244434356689453125" lon="5.81771244294941425323486328125">
        <ele>29</ele>
        <time>2026-05-30T07:44:43.000Z</time>
        <extensions>
          <ns3:TrackPointExtension>
            <ns3:hr>139</ns3:hr>
          </ns3:TrackPointExtension>
        </extensions>
      </trkpt>
      <trkpt lat="52.00364797376096248626708984375" lon="5.817707665264606475830078125">
        <ele>29</ele>
        <time>2026-05-30T07:44:44.000Z</time>
        <extensions>
          <ns3:TrackPointExtension>
            <ns3:hr>139</ns3:hr>
          </ns3:TrackPointExtension>
        </extensions>
      </trkpt>
      <trkpt lat="52.00355594046413898468017578125" lon="5.81770624034106731414794921875">
        <ele>28.799999237060546875</ele>
        <time>2026-05-30T07:44:52.000Z</time>
        <extensions>
          <ns3:TrackPointExtension>
            <ns3:hr>138</ns3:hr>
          </ns3:TrackPointExtension>
        </extensions>
      </trkpt>
      <trkpt lat="52.00344957411289215087890625" lon="5.81772602163255214691162109375">
        <ele>28</ele>
        <time>2026-05-30T07:45:01.000Z</time>
        <extensions>
          <ns3:TrackPointExtension>
            <ns3:hr>138</ns3:hr>
          </ns3:TrackPointExtension>
        </extensions>
      </trkpt>
      <trkpt lat="52.00342216528952121734619140625" lon="5.81772048957645893096923828125">
        <ele>28</ele>
        <time>2026-05-30T07:45:03.000Z</time>
        <extensions>
          <ns3:TrackPointExtension>
            <ns3:hr>138</ns3:hr>
          </ns3:TrackPointExtension>
        </extensions>
      </trkpt>
      <trkpt lat="52.00334639288485050201416015625" lon="5.817709676921367645263671875">
        <ele>27.6000003814697265625</ele>
        <time>2026-05-30T07:45:11.000Z</time>
        <extensions>
          <ns3:TrackPointExtension>
            <ns3:hr>137</ns3:hr>
          </ns3:TrackPointExtension>
        </extensions>
      </trkpt>
      <trkpt lat="52.003314457833766937255859375" lon="5.817722417414188385009765625">
        <ele>27.3999996185302734375</ele>
        <time>2026-05-30T07:45:18.000Z</time>
        <extensions>
          <ns3:TrackPointExtension>
            <ns3:hr>135</ns3:hr>
          </ns3:TrackPointExtension>
        </extensions>
      </trkpt>
      <trkpt lat="52.0032395236194133758544921875" lon="5.81772082485258579254150390625">
        <ele>27</ele>
        <time>2026-05-30T07:45:24.000Z</time>
        <extensions>
          <ns3:TrackPointExtension>
            <ns3:hr>129</ns3:hr>
          </ns3:TrackPointExtension>
        </extensions>
      </trkpt>
      <trkpt lat="52.0032304711639881134033203125" lon="5.817721746861934661865234375">
        <ele>27</ele>
        <time>2026-05-30T07:45:25.000Z</time>
        <extensions>
          <ns3:TrackPointExtension>
            <ns3:hr>127</ns3:hr>
          </ns3:TrackPointExtension>
        </extensions>
      </trkpt>
      <trkpt lat="52.0031774975359439849853515625" lon="5.8177105151116847991943359375">
        <ele>26.6000003814697265625</ele>
        <time>2026-05-30T07:45:29.000Z</time>
        <extensions>
          <ns3:TrackPointExtension>
            <ns3:hr>124</ns3:hr>
          </ns3:TrackPointExtension>
        </extensions>
      </trkpt>
      <trkpt lat="52.003134079277515411376953125" lon="5.8177021332085132598876953125">
        <ele>26.3999996185302734375</ele>
        <time>2026-05-30T07:45:32.000Z</time>
        <extensions>
          <ns3:TrackPointExtension>
            <ns3:hr>124</ns3:hr>
          </ns3:TrackPointExtension>
        </extensions>
      </trkpt>
      <trkpt lat="52.00302620418369770050048828125" lon="5.8177024684846401214599609375">
        <ele>26</ele>
        <time>2026-05-30T07:45:41.000Z</time>
        <extensions>
          <ns3:TrackPointExtension>
            <ns3:hr>122</ns3:hr>
          </ns3:TrackPointExtension>
        </extensions>
      </trkpt>
      <trkpt lat="52.00295579619705677032470703125" lon="5.81771227531135082244873046875">
        <ele>26</ele>
        <time>2026-05-30T07:45:46.000Z</time>
        <extensions>
          <ns3:TrackPointExtension>
            <ns3:hr>123</ns3:hr>
          </ns3:TrackPointExtension>
        </extensions>
      </trkpt>
      <trkpt lat="52.00294263660907745361328125" lon="5.8177172206342220306396484375">
        <ele>26</ele>
        <time>2026-05-30T07:45:47.000Z</time>
        <extensions>
          <ns3:TrackPointExtension>
            <ns3:hr>128</ns3:hr>
          </ns3:TrackPointExtension>
        </extensions>
      </trkpt>
      <trkpt lat="52.00293014757335186004638671875" lon="5.81772166304290294647216796875">
        <ele>25.799999237060546875</ele>
        <time>2026-05-30T07:45:48.000Z</time>
        <extensions>
          <ns3:TrackPointExtension>
            <ns3:hr>140</ns3:hr>
          </ns3:TrackPointExtension>
        </extensions>
      </trkpt>
      <trkpt lat="52.00292243622243404388427734375" lon="5.81772367469966411590576171875">
        <ele>25.799999237060546875</ele>
        <time>2026-05-30T07:45:49.000Z</time>
        <extensions>
          <ns3:TrackPointExtension>
            <ns3:hr>140</ns3:hr>
          </ns3:TrackPointExtension>
        </extensions>
      </trkpt>
      <trkpt lat="52.00291455723345279693603515625" lon="5.81772954203188419342041015625">
        <ele>25.799999237060546875</ele>
        <time>2026-05-30T07:45:50.000Z</time>
        <extensions>
          <ns3:TrackPointExtension>
            <ns3:hr>141</ns3:hr>
          </ns3:TrackPointExtension>
        </extensions>
      </trkpt>
      <trkpt lat="52.00281322002410888671875" lon="5.81777195446193218231201171875">
        <ele>25.3999996185302734375</ele>
        <time>2026-05-30T07:46:00.000Z</time>
        <extensions>
          <ns3:TrackPointExtension>
            <ns3:hr>141</ns3:hr>
          </ns3:TrackPointExtension>
        </extensions>
      </trkpt>
      <trkpt lat="52.00270500965416431427001953125" lon="5.81772937439382076263427734375">
        <ele>25.799999237060546875</ele>
        <time>2026-05-30T07:46:09.000Z</time>
        <extensions>
          <ns3:TrackPointExtension>
            <ns3:hr>139</ns3:hr>
          </ns3:TrackPointExtension>
        </extensions>
      </trkpt>
      <trkpt lat="52.00265941210091114044189453125" lon="5.8177272789180278778076171875">
        <ele>25.6000003814697265625</ele>
        <time>2026-05-30T07:46:14.000Z</time>
        <extensions>
          <ns3:TrackPointExtension>
            <ns3:hr>139</ns3:hr>
          </ns3:TrackPointExtension>
        </extensions>
      </trkpt>
      <trkpt lat="52.0026232860982418060302734375" lon="5.8177131973206996917724609375">
        <ele>25.799999237060546875</ele>
        <time>2026-05-30T07:46:19.000Z</time>
        <extensions>
          <ns3:TrackPointExtension>
            <ns3:hr>138</ns3:hr>
          </ns3:TrackPointExtension>
        </extensions>
      </trkpt>
      <trkpt lat="52.00253049843013286590576171875" lon="5.817671455442905426025390625">
        <ele>25.6000003814697265625</ele>
        <time>2026-05-30T07:46:27.000Z</time>
        <extensions>
          <ns3:TrackPointExtension>
            <ns3:hr>135</ns3:hr>
          </ns3:TrackPointExtension>
        </extensions>
      </trkpt>
      <trkpt lat="52.00251708738505840301513671875" lon="5.817666761577129364013671875">
        <ele>25.6000003814697265625</ele>
        <time>2026-05-30T07:46:28.000Z</time>
        <extensions>
          <ns3:TrackPointExtension>
            <ns3:hr>135</ns3:hr>
          </ns3:TrackPointExtension>
        </extensions>
      </trkpt>
      <trkpt lat="52.002397812902927398681640625" lon="5.81764438189566135406494140625">
        <ele>25.200000762939453125</ele>
        <time>2026-05-30T07:46:37.000Z</time>
        <extensions>
          <ns3:TrackPointExtension>
            <ns3:hr>135</ns3:hr>
          </ns3:TrackPointExtension>
        </extensions>
      </trkpt>
      <trkpt lat="52.0023433305323123931884765625" lon="5.817752592265605926513671875">
        <ele>25.200000762939453125</ele>
        <time>2026-05-30T07:46:46.000Z</time>
        <extensions>
          <ns3:TrackPointExtension>
            <ns3:hr>135</ns3:hr>
          </ns3:TrackPointExtension>
        </extensions>
      </trkpt>
      <trkpt lat="52.0023101381957530975341796875" lon="5.81791411153972148895263671875">
        <ele>25.3999996185302734375</ele>
        <time>2026-05-30T07:46:54.000Z</time>
        <extensions>
          <ns3:TrackPointExtension>
            <ns3:hr>135</ns3:hr>
          </ns3:TrackPointExtension>
        </extensions>
      </trkpt>
      <trkpt lat="52.00228205882012844085693359375" lon="5.8180732838809490203857421875">
        <ele>25.799999237060546875</ele>
        <time>2026-05-30T07:47:04.000Z</time>
        <extensions>
          <ns3:TrackPointExtension>
            <ns3:hr>138</ns3:hr>
          </ns3:TrackPointExtension>
        </extensions>
      </trkpt>
      <trkpt lat="52.00225071050226688385009765625" lon="5.818257518112659454345703125">
        <ele>26</ele>
        <time>2026-05-30T07:47:14.000Z</time>
        <extensions>
          <ns3:TrackPointExtension>
            <ns3:hr>138</ns3:hr>
          </ns3:TrackPointExtension>
        </extensions>
      </trkpt>
      <trkpt lat="52.0022373832762241363525390625" lon="5.818411409854888916015625">
        <ele>25.799999237060546875</ele>
        <time>2026-05-30T07:47:22.000Z</time>
        <extensions>
          <ns3:TrackPointExtension>
            <ns3:hr>140</ns3:hr>
          </ns3:TrackPointExtension>
        </extensions>
      </trkpt>
      <trkpt lat="52.00224199332296848297119140625" lon="5.8184890262782573699951171875">
        <ele>26.3999996185302734375</ele>
        <time>2026-05-30T07:47:27.000Z</time>
        <extensions>
          <ns3:TrackPointExtension>
            <ns3:hr>143</ns3:hr>
          </ns3:TrackPointExtension>
        </extensions>
      </trkpt>
      <trkpt lat="52.00221802107989788055419921875" lon="5.8185658045113086700439453125">
        <ele>26.200000762939453125</ele>
        <time>2026-05-30T07:47:32.000Z</time>
        <extensions>
          <ns3:TrackPointExtension>
            <ns3:hr>145</ns3:hr>
          </ns3:TrackPointExtension>
        </extensions>
      </trkpt>
      <trkpt lat="52.00216722674667835235595703125" lon="5.81869899295270442962646484375">
        <ele>26</ele>
        <time>2026-05-30T07:47:39.000Z</time>
        <extensions>
          <ns3:TrackPointExtension>
            <ns3:hr>146</ns3:hr>
          </ns3:TrackPointExtension>
        </extensions>
      </trkpt>
      <trkpt lat="52.0021233893930912017822265625" lon="5.81890770234167575836181640625">
        <ele>26.3999996185302734375</ele>
        <time>2026-05-30T07:47:51.000Z</time>
        <extensions>
          <ns3:TrackPointExtension>
            <ns3:hr>146</ns3:hr>
          </ns3:TrackPointExtension>
        </extensions>
      </trkpt>
      <trkpt lat="52.00209883041679859161376953125" lon="5.8190402202308177947998046875">
        <ele>26.799999237060546875</ele>
        <time>2026-05-30T07:47:59.000Z</time>
        <extensions>
          <ns3:TrackPointExtension>
            <ns3:hr>147</ns3:hr>
          </ns3:TrackPointExtension>
        </extensions>
      </trkpt>
      <trkpt lat="52.00208701193332672119140625" lon="5.8192561380565166473388671875">
        <ele>27</ele>
        <time>2026-05-30T07:48:10.000Z</time>
        <extensions>
          <ns3:TrackPointExtension>
            <ns3:hr>147</ns3:hr>
          </ns3:TrackPointExtension>
        </extensions>
      </trkpt>
      <trkpt lat="52.002059519290924072265625" lon="5.8193858899176120758056640625">
        <ele>27.3999996185302734375</ele>
        <time>2026-05-30T07:48:19.000Z</time>
        <extensions>
          <ns3:TrackPointExtension>
            <ns3:hr>147</ns3:hr>
          </ns3:TrackPointExtension>
        </extensions>
      </trkpt>
      <trkpt lat="52.00203043408691883087158203125" lon="5.81951136700809001922607421875">
        <ele>27.799999237060546875</ele>
        <time>2026-05-30T07:48:27.000Z</time>
        <extensions>
          <ns3:TrackPointExtension>
            <ns3:hr>146</ns3:hr>
          </ns3:TrackPointExtension>
        </extensions>
      </trkpt>
      <trkpt lat="52.00202976353466510772705078125" lon="5.81954472698271274566650390625">
        <ele>28</ele>
        <time>2026-05-30T07:48:29.000Z</time>
        <extensions>
          <ns3:TrackPointExtension>
            <ns3:hr>146</ns3:hr>
          </ns3:TrackPointExtension>
        </extensions>
      </trkpt>
      <trkpt lat="52.0020171068608760833740234375" lon="5.81966844387352466583251953125">
        <ele>28</ele>
        <time>2026-05-30T07:48:37.000Z</time>
        <extensions>
          <ns3:TrackPointExtension>
            <ns3:hr>147</ns3:hr>
          </ns3:TrackPointExtension>
        </extensions>
      </trkpt>
      <trkpt lat="52.001990787684917449951171875" lon="5.8198532648384571075439453125">
        <ele>28.3999996185302734375</ele>
        <time>2026-05-30T07:48:46.000Z</time>
        <extensions>
          <ns3:TrackPointExtension>
            <ns3:hr>148</ns3:hr>
          </ns3:TrackPointExtension>
        </extensions>
      </trkpt>
      <trkpt lat="52.001960277557373046875" lon="5.82001897506415843963623046875">
        <ele>28.6000003814697265625</ele>
        <time>2026-05-30T07:48:55.000Z</time>
        <extensions>
          <ns3:TrackPointExtension>
            <ns3:hr>149</ns3:hr>
          </ns3:TrackPointExtension>
        </extensions>
      </trkpt>
      <trkpt lat="52.00190336443483829498291015625" lon="5.8201365731656551361083984375">
        <ele>29</ele>
        <time>2026-05-30T07:49:04.000Z</time>
        <extensions>
          <ns3:TrackPointExtension>
            <ns3:hr>148</ns3:hr>
          </ns3:TrackPointExtension>
        </extensions>
      </trkpt>
      <trkpt lat="52.00190185569226741790771484375" lon="5.820149481296539306640625">
        <ele>29</ele>
        <time>2026-05-30T07:49:05.000Z</time>
        <extensions>
          <ns3:TrackPointExtension>
            <ns3:hr>148</ns3:hr>
          </ns3:TrackPointExtension>
        </extensions>
      </trkpt>
      <trkpt lat="52.0019135065376758575439453125" lon="5.820317454636096954345703125">
        <ele>29.3999996185302734375</ele>
        <time>2026-05-30T07:49:14.000Z</time>
        <extensions>
          <ns3:TrackPointExtension>
            <ns3:hr>149</ns3:hr>
          </ns3:TrackPointExtension>
        </extensions>
      </trkpt>
      <trkpt lat="52.0018561743199825286865234375" lon="5.82049540244042873382568359375">
        <ele>29.799999237060546875</ele>
        <time>2026-05-30T07:49:24.000Z</time>
        <extensions>
          <ns3:TrackPointExtension>
            <ns3:hr>150</ns3:hr>
          </ns3:TrackPointExtension>
        </extensions>
      </trkpt>
      <trkpt lat="52.0018072240054607391357421875" lon="5.82063185982406139373779296875">
        <ele>30</ele>
        <time>2026-05-30T07:49:33.000Z</time>
        <extensions>
          <ns3:TrackPointExtension>
            <ns3:hr>152</ns3:hr>
          </ns3:TrackPointExtension>
        </extensions>
      </trkpt>
      <trkpt lat="52.0017978362739086151123046875" lon="5.82065734080970287322998046875">
        <ele>30.200000762939453125</ele>
        <time>2026-05-30T07:49:35.000Z</time>
        <extensions>
          <ns3:TrackPointExtension>
            <ns3:hr>152</ns3:hr>
          </ns3:TrackPointExtension>
        </extensions>
      </trkpt>
      <trkpt lat="52.00178124010562896728515625" lon="5.82079312764108180999755859375">
        <ele>30.3999996185302734375</ele>
        <time>2026-05-30T07:49:44.000Z</time>
        <extensions>
          <ns3:TrackPointExtension>
            <ns3:hr>152</ns3:hr>
          </ns3:TrackPointExtension>
        </extensions>
      </trkpt>
      <trkpt lat="52.0017475448548793792724609375" lon="5.82097920589148998260498046875">
        <ele>30.6000003814697265625</ele>
        <time>2026-05-30T07:49:55.000Z</time>
        <extensions>
          <ns3:TrackPointExtension>
            <ns3:hr>153</ns3:hr>
          </ns3:TrackPointExtension>
        </extensions>
      </trkpt>
      <trkpt lat="52.001716531813144683837890625" lon="5.8211551420390605926513671875">
        <ele>30.799999237060546875</ele>
        <time>2026-05-30T07:50:04.000Z</time>
        <extensions>
          <ns3:TrackPointExtension>
            <ns3:hr>153</ns3:hr>
          </ns3:TrackPointExtension>
        </extensions>
      </trkpt>
      <trkpt lat="52.00168602168560028076171875" lon="5.82132956944406032562255859375">
        <ele>31</ele>
        <time>2026-05-30T07:50:15.000Z</time>
        <extensions>
          <ns3:TrackPointExtension>
            <ns3:hr>153</ns3:hr>
          </ns3:TrackPointExtension>
        </extensions>
      </trkpt>
      <trkpt lat="52.0016664080321788787841796875" lon="5.8214451558887958526611328125">
        <ele>31</ele>
        <time>2026-05-30T07:50:21.000Z</time>
        <extensions>
          <ns3:TrackPointExtension>
            <ns3:hr>153</ns3:hr>
          </ns3:TrackPointExtension>
        </extensions>
      </trkpt>
      <trkpt lat="52.00165743939578533172607421875" lon="5.82151615060865879058837890625">
        <ele>31.200000762939453125</ele>
        <time>2026-05-30T07:50:25.000Z</time>
        <extensions>
          <ns3:TrackPointExtension>
            <ns3:hr>153</ns3:hr>
          </ns3:TrackPointExtension>
        </extensions>
      </trkpt>
      <trkpt lat="52.00163614936172962188720703125" lon="5.82169250585138797760009765625">
        <ele>31.200000762939453125</ele>
        <time>2026-05-30T07:50:35.000Z</time>
        <extensions>
          <ns3:TrackPointExtension>
            <ns3:hr>151</ns3:hr>
          </ns3:TrackPointExtension>
        </extensions>
      </trkpt>
      <trkpt lat="52.00160161592066287994384765625" lon="5.8218620717525482177734375">
        <ele>31.200000762939453125</ele>
        <time>2026-05-30T07:50:44.000Z</time>
        <extensions>
          <ns3:TrackPointExtension>
            <ns3:hr>152</ns3:hr>
          </ns3:TrackPointExtension>
        </extensions>
      </trkpt>
      <trkpt lat="52.0015624724328517913818359375" lon="5.8220392651855945587158203125">
        <ele>31.200000762939453125</ele>
        <time>2026-05-30T07:50:54.000Z</time>
        <extensions>
          <ns3:TrackPointExtension>
            <ns3:hr>152</ns3:hr>
          </ns3:TrackPointExtension>
        </extensions>
      </trkpt>
      <trkpt lat="52.0015326328575611114501953125" lon="5.8222055621445178985595703125">
        <ele>31.200000762939453125</ele>
        <time>2026-05-30T07:51:03.000Z</time>
        <extensions>
          <ns3:TrackPointExtension>
            <ns3:hr>152</ns3:hr>
          </ns3:TrackPointExtension>
        </extensions>
      </trkpt>
      <trkpt lat="52.00151913799345493316650390625" lon="5.82232274115085601806640625">
        <ele>31.3999996185302734375</ele>
        <time>2026-05-30T07:51:09.000Z</time>
        <extensions>
          <ns3:TrackPointExtension>
            <ns3:hr>153</ns3:hr>
          </ns3:TrackPointExtension>
        </extensions>
      </trkpt>
      <trkpt lat="52.00148846022784709930419921875" lon="5.82246548496186733245849609375">
        <ele>31.3999996185302734375</ele>
        <time>2026-05-30T07:51:18.000Z</time>
        <extensions>
          <ns3:TrackPointExtension>
            <ns3:hr>153</ns3:hr>
          </ns3:TrackPointExtension>
        </extensions>
      </trkpt>
      <trkpt lat="52.001467086374759674072265625" lon="5.8225284330546855926513671875">
        <ele>32.200000762939453125</ele>
        <time>2026-05-30T07:51:22.000Z</time>
        <extensions>
          <ns3:TrackPointExtension>
            <ns3:hr>151</ns3:hr>
          </ns3:TrackPointExtension>
        </extensions>
      </trkpt>
      <trkpt lat="52.00145694427192211151123046875" lon="5.82259205169975757598876953125">
        <ele>31.6000003814697265625</ele>
        <time>2026-05-30T07:51:26.000Z</time>
        <extensions>
          <ns3:TrackPointExtension>
            <ns3:hr>151</ns3:hr>
          </ns3:TrackPointExtension>
        </extensions>
      </trkpt>
      <trkpt lat="52.0014350675046443939208984375" lon="5.82279506139457225799560546875">
        <ele>31.200000762939453125</ele>
        <time>2026-05-30T07:51:37.000Z</time>
        <extensions>
          <ns3:TrackPointExtension>
            <ns3:hr>152</ns3:hr>
          </ns3:TrackPointExtension>
        </extensions>
      </trkpt>
      <trkpt lat="52.0013975165784358978271484375" lon="5.82297124899923801422119140625">
        <ele>31.3999996185302734375</ele>
        <time>2026-05-30T07:51:46.000Z</time>
        <extensions>
          <ns3:TrackPointExtension>
            <ns3:hr>151</ns3:hr>
          </ns3:TrackPointExtension>
        </extensions>
      </trkpt>
      <trkpt lat="52.00137346051633358001708984375" lon="5.82311533391475677490234375">
        <ele>31.3999996185302734375</ele>
        <time>2026-05-30T07:51:54.000Z</time>
        <extensions>
          <ns3:TrackPointExtension>
            <ns3:hr>151</ns3:hr>
          </ns3:TrackPointExtension>
        </extensions>
      </trkpt>
      <trkpt lat="52.00134797953069210052490234375" lon="5.823205523192882537841796875">
        <ele>31.3999996185302734375</ele>
        <time>2026-05-30T07:52:02.000Z</time>
        <extensions>
          <ns3:TrackPointExtension>
            <ns3:hr>152</ns3:hr>
          </ns3:TrackPointExtension>
        </extensions>
      </trkpt>
      <trkpt lat="52.00131260789930820465087890625" lon="5.8233344368636608123779296875">
        <ele>31.6000003814697265625</ele>
        <time>2026-05-30T07:52:10.000Z</time>
        <extensions>
          <ns3:TrackPointExtension>
            <ns3:hr>152</ns3:hr>
          </ns3:TrackPointExtension>
        </extensions>
      </trkpt>
      <trkpt lat="52.00128042139112949371337890625" lon="5.82350333221256732940673828125">
        <ele>31.6000003814697265625</ele>
        <time>2026-05-30T07:52:18.000Z</time>
        <extensions>
          <ns3:TrackPointExtension>
            <ns3:hr>153</ns3:hr>
          </ns3:TrackPointExtension>
        </extensions>
      </trkpt>
      <trkpt lat="52.00125209055840969085693359375" lon="5.82363559864461421966552734375">
        <ele>31.6000003814697265625</ele>
        <time>2026-05-30T07:52:28.000Z</time>
        <extensions>
          <ns3:TrackPointExtension>
            <ns3:hr>154</ns3:hr>
          </ns3:TrackPointExtension>
        </extensions>
      </trkpt>
      <trkpt lat="52.00122174806892871856689453125" lon="5.8238360099494457244873046875">
        <ele>31.799999237060546875</ele>
        <time>2026-05-30T07:52:37.000Z</time>
        <extensions>
          <ns3:TrackPointExtension>
            <ns3:hr>153</ns3:hr>
          </ns3:TrackPointExtension>
        </extensions>
      </trkpt>
      <trkpt lat="52.00119878165423870086669921875" lon="5.82401513122022151947021484375">
        <ele>31.3999996185302734375</ele>
        <time>2026-05-30T07:52:47.000Z</time>
        <extensions>
          <ns3:TrackPointExtension>
            <ns3:hr>152</ns3:hr>
          </ns3:TrackPointExtension>
        </extensions>
      </trkpt>
      <trkpt lat="52.0011624880135059356689453125" lon="5.8241768181324005126953125">
        <ele>31.3999996185302734375</ele>
        <time>2026-05-30T07:52:56.000Z</time>
        <extensions>
          <ns3:TrackPointExtension>
            <ns3:hr>152</ns3:hr>
          </ns3:TrackPointExtension>
        </extensions>
      </trkpt>
      <trkpt lat="52.001150585711002349853515625" lon="5.82435376010835170745849609375">
        <ele>31.3999996185302734375</ele>
        <time>2026-05-30T07:53:06.000Z</time>
        <extensions>
          <ns3:TrackPointExtension>
            <ns3:hr>151</ns3:hr>
          </ns3:TrackPointExtension>
        </extensions>
      </trkpt>
      <trkpt lat="52.0011038146913051605224609375" lon="5.82450044341385364532470703125">
        <ele>31.3999996185302734375</ele>
        <time>2026-05-30T07:53:13.000Z</time>
        <extensions>
          <ns3:TrackPointExtension>
            <ns3:hr>152</ns3:hr>
          </ns3:TrackPointExtension>
        </extensions>
      </trkpt>
      <trkpt lat="52.001093588769435882568359375" lon="5.824586190283298492431640625">
        <ele>31.6000003814697265625</ele>
        <time>2026-05-30T07:53:20.000Z</time>
        <extensions>
          <ns3:TrackPointExtension>
            <ns3:hr>152</ns3:hr>
          </ns3:TrackPointExtension>
        </extensions>
      </trkpt>
      <trkpt lat="52.00107271783053874969482421875" lon="5.8247322030365467071533203125">
        <ele>31.200000762939453125</ele>
        <time>2026-05-30T07:53:28.000Z</time>
        <extensions>
          <ns3:TrackPointExtension>
            <ns3:hr>151</ns3:hr>
          </ns3:TrackPointExtension>
        </extensions>
      </trkpt>
      <trkpt lat="52.0010283775627613067626953125" lon="5.8248956501483917236328125">
        <ele>31.200000762939453125</ele>
        <time>2026-05-30T07:53:36.000Z</time>
        <extensions>
          <ns3:TrackPointExtension>
            <ns3:hr>152</ns3:hr>
          </ns3:TrackPointExtension>
        </extensions>
      </trkpt>
      <trkpt lat="52.0010283775627613067626953125" lon="5.8248956501483917236328125">
        <ele>31</ele>
        <time>2026-05-30T07:53:37.000Z</time>
        <extensions>
          <ns3:TrackPointExtension>
            <ns3:hr>151</ns3:hr>
          </ns3:TrackPointExtension>
        </extensions>
      </trkpt>
      <trkpt lat="52.00100700370967388153076171875" lon="5.82505029626190662384033203125">
        <ele>31</ele>
        <time>2026-05-30T07:53:45.000Z</time>
        <extensions>
          <ns3:TrackPointExtension>
            <ns3:hr>151</ns3:hr>
          </ns3:TrackPointExtension>
        </extensions>
      </trkpt>
      <trkpt lat="52.0009767450392246246337890625" lon="5.82528180442750453948974609375">
        <ele>31</ele>
        <time>2026-05-30T07:53:56.000Z</time>
        <extensions>
          <ns3:TrackPointExtension>
            <ns3:hr>151</ns3:hr>
          </ns3:TrackPointExtension>
        </extensions>
      </trkpt>
      <trkpt lat="52.00095302425324916839599609375" lon="5.82541373558342456817626953125">
        <ele>30.799999237060546875</ele>
        <time>2026-05-30T07:54:05.000Z</time>
        <extensions>
          <ns3:TrackPointExtension>
            <ns3:hr>150</ns3:hr>
          </ns3:TrackPointExtension>
        </extensions>
      </trkpt>
      <trkpt lat="52.000906504690647125244140625" lon="5.82561641000211238861083984375">
        <ele>30.799999237060546875</ele>
        <time>2026-05-30T07:54:15.000Z</time>
        <extensions>
          <ns3:TrackPointExtension>
            <ns3:hr>151</ns3:hr>
          </ns3:TrackPointExtension>
        </extensions>
      </trkpt>
      <trkpt lat="52.00088672339916229248046875" lon="5.82573325373232364654541015625">
        <ele>31.200000762939453125</ele>
        <time>2026-05-30T07:54:23.000Z</time>
        <extensions>
          <ns3:TrackPointExtension>
            <ns3:hr>149</ns3:hr>
          </ns3:TrackPointExtension>
        </extensions>
      </trkpt>
      <trkpt lat="52.00084841810166835784912109375" lon="5.82586920820176601409912109375">
        <ele>30.6000003814697265625</ele>
        <time>2026-05-30T07:54:32.000Z</time>
        <extensions>
          <ns3:TrackPointExtension>
            <ns3:hr>149</ns3:hr>
          </ns3:TrackPointExtension>
        </extensions>
      </trkpt>
      <trkpt lat="52.00082779861986637115478515625" lon="5.82603718154132366180419921875">
        <ele>30.6000003814697265625</ele>
        <time>2026-05-30T07:54:40.000Z</time>
        <extensions>
          <ns3:TrackPointExtension>
            <ns3:hr>148</ns3:hr>
          </ns3:TrackPointExtension>
        </extensions>
      </trkpt>
      <trkpt lat="52.00079846195876598358154296875" lon="5.826168358325958251953125">
        <ele>30.799999237060546875</ele>
        <time>2026-05-30T07:54:48.000Z</time>
        <extensions>
          <ns3:TrackPointExtension>
            <ns3:hr>150</ns3:hr>
          </ns3:TrackPointExtension>
        </extensions>
      </trkpt>
      <trkpt lat="52.00077314861118793487548828125" lon="5.82633876241743564605712890625">
        <ele>30.799999237060546875</ele>
        <time>2026-05-30T07:54:58.000Z</time>
        <extensions>
          <ns3:TrackPointExtension>
            <ns3:hr>150</ns3:hr>
          </ns3:TrackPointExtension>
        </extensions>
      </trkpt>
      <trkpt lat="52.00075454078614711761474609375" lon="5.82651545293629169464111328125">
        <ele>30.799999237060546875</ele>
        <time>2026-05-30T07:55:08.000Z</time>
        <extensions>
          <ns3:TrackPointExtension>
            <ns3:hr>149</ns3:hr>
          </ns3:TrackPointExtension>
        </extensions>
      </trkpt>
      <trkpt lat="52.00072084553539752960205078125" lon="5.82668091170489788055419921875">
        <ele>30.6000003814697265625</ele>
        <time>2026-05-30T07:55:17.000Z</time>
        <extensions>
          <ns3:TrackPointExtension>
            <ns3:hr>149</ns3:hr>
          </ns3:TrackPointExtension>
        </extensions>
      </trkpt>
      <trkpt lat="52.00069469399750232696533203125" lon="5.82688123919069766998291015625">
        <ele>30.3999996185302734375</ele>
        <time>2026-05-30T07:55:28.000Z</time>
        <extensions>
          <ns3:TrackPointExtension>
            <ns3:hr>148</ns3:hr>
          </ns3:TrackPointExtension>
        </extensions>
      </trkpt>
      <trkpt lat="52.0006682910025119781494140625" lon="5.827021636068820953369140625">
        <ele>30.200000762939453125</ele>
        <time>2026-05-30T07:55:36.000Z</time>
        <extensions>
          <ns3:TrackPointExtension>
            <ns3:hr>146</ns3:hr>
          </ns3:TrackPointExtension>
        </extensions>
      </trkpt>
      <trkpt lat="52.00062646530568599700927734375" lon="5.827187933027744293212890625">
        <ele>30.200000762939453125</ele>
        <time>2026-05-30T07:55:46.000Z</time>
        <extensions>
          <ns3:TrackPointExtension>
            <ns3:hr>146</ns3:hr>
          </ns3:TrackPointExtension>
        </extensions>
      </trkpt>
      <trkpt lat="52.000616155564785003662109375" lon="5.82725666463375091552734375">
        <ele>30.200000762939453125</ele>
        <time>2026-05-30T07:55:49.000Z</time>
        <extensions>
          <ns3:TrackPointExtension>
            <ns3:hr>146</ns3:hr>
          </ns3:TrackPointExtension>
        </extensions>
      </trkpt>
      <trkpt lat="52.000608108937740325927734375" lon="5.82732933573424816131591796875">
        <ele>30</ele>
        <time>2026-05-30T07:55:55.000Z</time>
        <extensions>
          <ns3:TrackPointExtension>
            <ns3:hr>146</ns3:hr>
          </ns3:TrackPointExtension>
        </extensions>
      </trkpt>
      <trkpt lat="52.00059226714074611663818359375" lon="5.8274231292307376861572265625">
        <ele>30.200000762939453125</ele>
        <time>2026-05-30T07:56:02.000Z</time>
        <extensions>
          <ns3:TrackPointExtension>
            <ns3:hr>149</ns3:hr>
          </ns3:TrackPointExtension>
        </extensions>
      </trkpt>
      <trkpt lat="52.0005878247320652008056640625" lon="5.8274638652801513671875">
        <ele>30</ele>
        <time>2026-05-30T07:56:04.000Z</time>
        <extensions>
          <ns3:TrackPointExtension>
            <ns3:hr>148</ns3:hr>
          </ns3:TrackPointExtension>
        </extensions>
      </trkpt>
      <trkpt lat="52.0005542971193790435791015625" lon="5.8276011608541011810302734375">
        <ele>30</ele>
        <time>2026-05-30T07:56:12.000Z</time>
        <extensions>
          <ns3:TrackPointExtension>
            <ns3:hr>147</ns3:hr>
          </ns3:TrackPointExtension>
        </extensions>
      </trkpt>
      <trkpt lat="52.00052504427731037139892578125" lon="5.82775027491152286529541015625">
        <ele>29.799999237060546875</ele>
        <time>2026-05-30T07:56:21.000Z</time>
        <extensions>
          <ns3:TrackPointExtension>
            <ns3:hr>147</ns3:hr>
          </ns3:TrackPointExtension>
        </extensions>
      </trkpt>
      <trkpt lat="52.000493444502353668212890625" lon="5.827887319028377532958984375">
        <ele>29.6000003814697265625</ele>
        <time>2026-05-30T07:56:29.000Z</time>
        <extensions>
          <ns3:TrackPointExtension>
            <ns3:hr>149</ns3:hr>
          </ns3:TrackPointExtension>
        </extensions>
      </trkpt>
      <trkpt lat="52.000465281307697296142578125" lon="5.82806342281401157379150390625">
        <ele>29.6000003814697265625</ele>
        <time>2026-05-30T07:56:38.000Z</time>
        <extensions>
          <ns3:TrackPointExtension>
            <ns3:hr>150</ns3:hr>
          </ns3:TrackPointExtension>
        </extensions>
      </trkpt>
      <trkpt lat="52.0004449971020221710205078125" lon="5.8281818591058254241943359375">
        <ele>29.6000003814697265625</ele>
        <time>2026-05-30T07:56:45.000Z</time>
        <extensions>
          <ns3:TrackPointExtension>
            <ns3:hr>149</ns3:hr>
          </ns3:TrackPointExtension>
        </extensions>
      </trkpt>
      <trkpt lat="52.0004238747060298919677734375" lon="5.82834421657025814056396484375">
        <ele>29.3999996185302734375</ele>
        <time>2026-05-30T07:56:54.000Z</time>
        <extensions>
          <ns3:TrackPointExtension>
            <ns3:hr>146</ns3:hr>
          </ns3:TrackPointExtension>
        </extensions>
      </trkpt>
      <trkpt lat="52.0003849826753139495849609375" lon="5.82852828316390514373779296875">
        <ele>29.200000762939453125</ele>
        <time>2026-05-30T07:57:04.000Z</time>
        <extensions>
          <ns3:TrackPointExtension>
            <ns3:hr>144</ns3:hr>
          </ns3:TrackPointExtension>
        </extensions>
      </trkpt>
      <trkpt lat="52.00036964379251003265380859375" lon="5.828664489090442657470703125">
        <ele>29.200000762939453125</ele>
        <time>2026-05-30T07:57:13.000Z</time>
        <extensions>
          <ns3:TrackPointExtension>
            <ns3:hr>144</ns3:hr>
          </ns3:TrackPointExtension>
        </extensions>
      </trkpt>
      <trkpt lat="52.0003434084355831146240234375" lon="5.82879734225571155548095703125">
        <ele>29.200000762939453125</ele>
        <time>2026-05-30T07:57:19.000Z</time>
        <extensions>
          <ns3:TrackPointExtension>
            <ns3:hr>144</ns3:hr>
          </ns3:TrackPointExtension>
        </extensions>
      </trkpt>
      <trkpt lat="52.000335864722728729248046875" lon="5.82881745882332324981689453125">
        <ele>29</ele>
        <time>2026-05-30T07:57:20.000Z</time>
        <extensions>
          <ns3:TrackPointExtension>
            <ns3:hr>144</ns3:hr>
          </ns3:TrackPointExtension>
        </extensions>
      </trkpt>
      <trkpt lat="52.0003013312816619873046875" lon="5.82893648184835910797119140625">
        <ele>29.200000762939453125</ele>
        <time>2026-05-30T07:57:28.000Z</time>
        <extensions>
          <ns3:TrackPointExtension>
            <ns3:hr>143</ns3:hr>
          </ns3:TrackPointExtension>
        </extensions>
      </trkpt>
      <trkpt lat="52.0002817176282405853271484375" lon="5.82913127727806568145751953125">
        <ele>29.200000762939453125</ele>
        <time>2026-05-30T07:57:38.000Z</time>
        <extensions>
          <ns3:TrackPointExtension>
            <ns3:hr>144</ns3:hr>
          </ns3:TrackPointExtension>
        </extensions>
      </trkpt>
      <trkpt lat="52.00024391524493694305419921875" lon="5.8292877674102783203125">
        <ele>29.3999996185302734375</ele>
        <time>2026-05-30T07:57:47.000Z</time>
        <extensions>
          <ns3:TrackPointExtension>
            <ns3:hr>145</ns3:hr>
          </ns3:TrackPointExtension>
        </extensions>
      </trkpt>
      <trkpt lat="52.000207789242267608642578125" lon="5.82945951260626316070556640625">
        <ele>29.3999996185302734375</ele>
        <time>2026-05-30T07:57:57.000Z</time>
        <extensions>
          <ns3:TrackPointExtension>
            <ns3:hr>146</ns3:hr>
          </ns3:TrackPointExtension>
        </extensions>
      </trkpt>
      <trkpt lat="52.0001861639320850372314453125" lon="5.8295819722115993499755859375">
        <ele>30</ele>
        <time>2026-05-30T07:58:04.000Z</time>
        <extensions>
          <ns3:TrackPointExtension>
            <ns3:hr>143</ns3:hr>
          </ns3:TrackPointExtension>
        </extensions>
      </trkpt>
      <trkpt lat="52.0001828111708164215087890625" lon="5.829595886170864105224609375">
        <ele>30.200000762939453125</ele>
        <time>2026-05-30T07:58:05.000Z</time>
        <extensions>
          <ns3:TrackPointExtension>
            <ns3:hr>143</ns3:hr>
          </ns3:TrackPointExtension>
        </extensions>
      </trkpt>
      <trkpt lat="52.00017233379185199737548828125" lon="5.82964089699089527130126953125">
        <ele>30.200000762939453125</ele>
        <time>2026-05-30T07:58:08.000Z</time>
        <extensions>
          <ns3:TrackPointExtension>
            <ns3:hr>143</ns3:hr>
          </ns3:TrackPointExtension>
        </extensions>
      </trkpt>
      <trkpt lat="52.00016562826931476593017578125" lon="5.829674340784549713134765625">
        <ele>30</ele>
        <time>2026-05-30T07:58:10.000Z</time>
        <extensions>
          <ns3:TrackPointExtension>
            <ns3:hr>146</ns3:hr>
          </ns3:TrackPointExtension>
        </extensions>
      </trkpt>
      <trkpt lat="52.00014970265328884124755859375" lon="5.82975556142628192901611328125">
        <ele>30.200000762939453125</ele>
        <time>2026-05-30T07:58:14.000Z</time>
        <extensions>
          <ns3:TrackPointExtension>
            <ns3:hr>149</ns3:hr>
          </ns3:TrackPointExtension>
        </extensions>
      </trkpt>
      <trkpt lat="52.0001435838639736175537109375" lon="5.8298042602837085723876953125">
        <ele>30.200000762939453125</ele>
        <time>2026-05-30T07:58:17.000Z</time>
        <extensions>
          <ns3:TrackPointExtension>
            <ns3:hr>149</ns3:hr>
          </ns3:TrackPointExtension>
        </extensions>
      </trkpt>
      <trkpt lat="52.0001217909157276153564453125" lon="5.82995572127401828765869140625">
        <ele>31</ele>
        <time>2026-05-30T07:58:26.000Z</time>
        <extensions>
          <ns3:TrackPointExtension>
            <ns3:hr>152</ns3:hr>
          </ns3:TrackPointExtension>
        </extensions>
      </trkpt>
      <trkpt lat="52.00011701323091983795166015625" lon="5.82997114397585391998291015625">
        <ele>31.200000762939453125</ele>
        <time>2026-05-30T07:58:27.000Z</time>
        <extensions>
          <ns3:TrackPointExtension>
            <ns3:hr>152</ns3:hr>
          </ns3:TrackPointExtension>
        </extensions>
      </trkpt>
      <trkpt lat="52.0001130737364292144775390625" lon="5.82998447120189666748046875">
        <ele>31.200000762939453125</ele>
        <time>2026-05-30T07:58:28.000Z</time>
        <extensions>
          <ns3:TrackPointExtension>
            <ns3:hr>152</ns3:hr>
          </ns3:TrackPointExtension>
        </extensions>
      </trkpt>
      <trkpt lat="52.000080384314060211181640625" lon="5.83011296577751636505126953125">
        <ele>31.200000762939453125</ele>
        <time>2026-05-30T07:58:37.000Z</time>
        <extensions>
          <ns3:TrackPointExtension>
            <ns3:hr>154</ns3:hr>
          </ns3:TrackPointExtension>
        </extensions>
      </trkpt>
      <trkpt lat="52.0000601001083850860595703125" lon="5.8302521891891956329345703125">
        <ele>31.799999237060546875</ele>
        <time>2026-05-30T07:58:45.000Z</time>
        <extensions>
          <ns3:TrackPointExtension>
            <ns3:hr>156</ns3:hr>
          </ns3:TrackPointExtension>
        </extensions>
      </trkpt>
      <trkpt lat="52.00004308484494686126708984375" lon="5.830359645187854766845703125">
        <ele>32.200000762939453125</ele>
        <time>2026-05-30T07:58:52.000Z</time>
        <extensions>
          <ns3:TrackPointExtension>
            <ns3:hr>157</ns3:hr>
          </ns3:TrackPointExtension>
        </extensions>
      </trkpt>
      <trkpt lat="52.000032775104045867919921875" lon="5.83040616475045680999755859375">
        <ele>32.59999847412109375</ele>
        <time>2026-05-30T07:58:55.000Z</time>
        <extensions>
          <ns3:TrackPointExtension>
            <ns3:hr>157</ns3:hr>
          </ns3:TrackPointExtension>
        </extensions>
      </trkpt>
      <trkpt lat="52.0000124908983707427978515625" lon="5.8305261097848415374755859375">
        <ele>33</ele>
        <time>2026-05-30T07:59:03.000Z</time>
        <extensions>
          <ns3:TrackPointExtension>
            <ns3:hr>156</ns3:hr>
          </ns3:TrackPointExtension>
        </extensions>
      </trkpt>
      <trkpt lat="52.00000838376581668853759765625" lon="5.83059526048600673675537109375">
        <ele>33.40000152587890625</ele>
        <time>2026-05-30T07:59:07.000Z</time>
        <extensions>
          <ns3:TrackPointExtension>
            <ns3:hr>156</ns3:hr>
          </ns3:TrackPointExtension>
        </extensions>
      </trkpt>
      <trkpt lat="51.9999982416629791259765625" lon="5.83067321218550205230712890625">
        <ele>33.59999847412109375</ele>
        <time>2026-05-30T07:59:11.000Z</time>
        <extensions>
          <ns3:TrackPointExtension>
            <ns3:hr>156</ns3:hr>
          </ns3:TrackPointExtension>
        </extensions>
      </trkpt>
      <trkpt lat="51.9999786280095577239990234375" lon="5.8308556862175464630126953125">
        <ele>34.40000152587890625</ele>
        <time>2026-05-30T07:59:21.000Z</time>
        <extensions>
          <ns3:TrackPointExtension>
            <ns3:hr>157</ns3:hr>
          </ns3:TrackPointExtension>
        </extensions>
      </trkpt>
      <trkpt lat="51.99994082562625408172607421875" lon="5.83102541975677013397216796875">
        <ele>35.200000762939453125</ele>
        <time>2026-05-30T07:59:31.000Z</time>
        <extensions>
          <ns3:TrackPointExtension>
            <ns3:hr>159</ns3:hr>
          </ns3:TrackPointExtension>
        </extensions>
      </trkpt>
      <trkpt lat="51.999946273863315582275390625" lon="5.83106431178748607635498046875">
        <ele>35.40000152587890625</ele>
        <time>2026-05-30T07:59:34.000Z</time>
        <extensions>
          <ns3:TrackPointExtension>
            <ns3:hr>159</ns3:hr>
          </ns3:TrackPointExtension>
        </extensions>
      </trkpt>
      <trkpt lat="51.99994065798819065093994140625" lon="5.83116288296878337860107421875">
        <ele>35.799999237060546875</ele>
        <time>2026-05-30T07:59:40.000Z</time>
        <extensions>
          <ns3:TrackPointExtension>
            <ns3:hr>159</ns3:hr>
          </ns3:TrackPointExtension>
        </extensions>
      </trkpt>
      <trkpt lat="51.9999392330646514892578125" lon="5.8312167786061763763427734375">
        <ele>36</ele>
        <time>2026-05-30T07:59:44.000Z</time>
        <extensions>
          <ns3:TrackPointExtension>
            <ns3:hr>162</ns3:hr>
          </ns3:TrackPointExtension>
        </extensions>
      </trkpt>
      <trkpt lat="51.99991601519286632537841796875" lon="5.8312927186489105224609375">
        <ele>36.40000152587890625</ele>
        <time>2026-05-30T07:59:48.000Z</time>
        <extensions>
          <ns3:TrackPointExtension>
            <ns3:hr>163</ns3:hr>
          </ns3:TrackPointExtension>
        </extensions>
      </trkpt>
      <trkpt lat="51.9999095611274242401123046875" lon="5.83130805753171443939208984375">
        <ele>36.59999847412109375</ele>
        <time>2026-05-30T07:59:49.000Z</time>
        <extensions>
          <ns3:TrackPointExtension>
            <ns3:hr>163</ns3:hr>
          </ns3:TrackPointExtension>
        </extensions>
      </trkpt>
      <trkpt lat="51.9998710043728351593017578125" lon="5.8313592709600925445556640625">
        <ele>36.59999847412109375</ele>
        <time>2026-05-30T07:59:56.000Z</time>
        <extensions>
          <ns3:TrackPointExtension>
            <ns3:hr>164</ns3:hr>
          </ns3:TrackPointExtension>
        </extensions>
      </trkpt>
      <trkpt lat="51.99978207238018512725830078125" lon="5.8314018510282039642333984375">
        <ele>36.799999237060546875</ele>
        <time>2026-05-30T08:00:05.000Z</time>
        <extensions>
          <ns3:TrackPointExtension>
            <ns3:hr>164</ns3:hr>
          </ns3:TrackPointExtension>
        </extensions>
      </trkpt>
      <trkpt lat="51.9997231476008892059326171875" lon="5.83141819573938846588134765625">
        <ele>37.40000152587890625</ele>
        <time>2026-05-30T08:00:15.000Z</time>
        <extensions>
          <ns3:TrackPointExtension>
            <ns3:hr>162</ns3:hr>
          </ns3:TrackPointExtension>
        </extensions>
      </trkpt>
      <trkpt lat="51.99972256086766719818115234375" lon="5.831413753330707550048828125">
        <ele>37.59999847412109375</ele>
        <time>2026-05-30T08:00:16.000Z</time>
        <extensions>
          <ns3:TrackPointExtension>
            <ns3:hr>162</ns3:hr>
          </ns3:TrackPointExtension>
        </extensions>
      </trkpt>
      <trkpt lat="51.99967528693377971649169921875" lon="5.83131509833037853240966796875">
        <ele>37.59999847412109375</ele>
        <time>2026-05-30T08:00:26.000Z</time>
        <extensions>
          <ns3:TrackPointExtension>
            <ns3:hr>161</ns3:hr>
          </ns3:TrackPointExtension>
        </extensions>
      </trkpt>
      <trkpt lat="51.99968484230339527130126953125" lon="5.83125374279916286468505859375">
        <ele>37.40000152587890625</ele>
        <time>2026-05-30T08:00:36.000Z</time>
        <extensions>
          <ns3:TrackPointExtension>
            <ns3:hr>160</ns3:hr>
          </ns3:TrackPointExtension>
        </extensions>
      </trkpt>
      <trkpt lat="51.99966087006032466888427734375" lon="5.8313790522515773773193359375">
        <ele>37.40000152587890625</ele>
        <time>2026-05-30T08:00:47.000Z</time>
        <extensions>
          <ns3:TrackPointExtension>
            <ns3:hr>158</ns3:hr>
          </ns3:TrackPointExtension>
        </extensions>
      </trkpt>
      <trkpt lat="51.99963522143661975860595703125" lon="5.8314759470522403717041015625">
        <ele>37.59999847412109375</ele>
        <time>2026-05-30T08:00:54.000Z</time>
        <extensions>
          <ns3:TrackPointExtension>
            <ns3:hr>155</ns3:hr>
          </ns3:TrackPointExtension>
        </extensions>
      </trkpt>
      <trkpt lat="51.9996316172182559967041015625" lon="5.83148122765123844146728515625">
        <ele>37.40000152587890625</ele>
        <time>2026-05-30T08:00:55.000Z</time>
        <extensions>
          <ns3:TrackPointExtension>
            <ns3:hr>154</ns3:hr>
          </ns3:TrackPointExtension>
        </extensions>
      </trkpt>
      <trkpt lat="51.99957537464797496795654296875" lon="5.83153151907026767730712890625">
        <ele>37.799999237060546875</ele>
        <time>2026-05-30T08:01:05.000Z</time>
        <extensions>
          <ns3:TrackPointExtension>
            <ns3:hr>152</ns3:hr>
          </ns3:TrackPointExtension>
        </extensions>
      </trkpt>
      <trkpt lat="51.99951183982193470001220703125" lon="5.83155297674238681793212890625">
        <ele>38.40000152587890625</ele>
        <time>2026-05-30T08:01:12.000Z</time>
        <extensions>
          <ns3:TrackPointExtension>
            <ns3:hr>155</ns3:hr>
          </ns3:TrackPointExtension>
        </extensions>
      </trkpt>
      <trkpt lat="51.999461464583873748779296875" lon="5.83157476969063282012939453125">
        <ele>38.59999847412109375</ele>
        <time>2026-05-30T08:01:18.000Z</time>
        <extensions>
          <ns3:TrackPointExtension>
            <ns3:hr>154</ns3:hr>
          </ns3:TrackPointExtension>
        </extensions>
      </trkpt>
      <trkpt lat="51.999441348016262054443359375" lon="5.83158600144088268280029296875">
        <ele>38.799999237060546875</ele>
        <time>2026-05-30T08:01:20.000Z</time>
        <extensions>
          <ns3:TrackPointExtension>
            <ns3:hr>151</ns3:hr>
          </ns3:TrackPointExtension>
        </extensions>
      </trkpt>
      <trkpt lat="51.99941544793546199798583984375" lon="5.83159924484789371490478515625">
        <ele>38.799999237060546875</ele>
        <time>2026-05-30T08:01:22.000Z</time>
        <extensions>
          <ns3:TrackPointExtension>
            <ns3:hr>151</ns3:hr>
          </ns3:TrackPointExtension>
        </extensions>
      </trkpt>
      <trkpt lat="51.99933866970241069793701171875" lon="5.8316539786756038665771484375">
        <ele>39.200000762939453125</ele>
        <time>2026-05-30T08:01:30.000Z</time>
        <extensions>
          <ns3:TrackPointExtension>
            <ns3:hr>151</ns3:hr>
          </ns3:TrackPointExtension>
        </extensions>
      </trkpt>
      <trkpt lat="51.99924923479557037353515625" lon="5.8317092992365360260009765625">
        <ele>39.799999237060546875</ele>
        <time>2026-05-30T08:01:38.000Z</time>
        <extensions>
          <ns3:TrackPointExtension>
            <ns3:hr>149</ns3:hr>
          </ns3:TrackPointExtension>
        </extensions>
      </trkpt>
      <trkpt lat="51.99923808686435222625732421875" lon="5.831716172397136688232421875">
        <ele>40</ele>
        <time>2026-05-30T08:01:39.000Z</time>
        <extensions>
          <ns3:TrackPointExtension>
            <ns3:hr>148</ns3:hr>
          </ns3:TrackPointExtension>
        </extensions>
      </trkpt>
      <trkpt lat="51.999206654727458953857421875" lon="5.8317307569086551666259765625">
        <ele>40.40000152587890625</ele>
        <time>2026-05-30T08:01:43.000Z</time>
        <extensions>
          <ns3:TrackPointExtension>
            <ns3:hr>145</ns3:hr>
          </ns3:TrackPointExtension>
        </extensions>
      </trkpt>
      <trkpt lat="51.9991833530366420745849609375" lon="5.831738300621509552001953125">
        <ele>40.59999847412109375</ele>
        <time>2026-05-30T08:01:47.000Z</time>
        <extensions>
          <ns3:TrackPointExtension>
            <ns3:hr>148</ns3:hr>
          </ns3:TrackPointExtension>
        </extensions>
      </trkpt>
      <trkpt lat="51.99915560893714427947998046875" lon="5.83173821680247783660888671875">
        <ele>40.40000152587890625</ele>
        <time>2026-05-30T08:01:50.000Z</time>
        <extensions>
          <ns3:TrackPointExtension>
            <ns3:hr>152</ns3:hr>
          </ns3:TrackPointExtension>
        </extensions>
      </trkpt>
      <trkpt lat="51.9991444610059261322021484375" lon="5.83173939026892185211181640625">
        <ele>40.200000762939453125</ele>
        <time>2026-05-30T08:01:51.000Z</time>
        <extensions>
          <ns3:TrackPointExtension>
            <ns3:hr>153</ns3:hr>
          </ns3:TrackPointExtension>
        </extensions>
      </trkpt>
      <trkpt lat="51.9990318082273006439208984375" lon="5.83180426619946956634521484375">
        <ele>40.799999237060546875</ele>
        <time>2026-05-30T08:02:00.000Z</time>
        <extensions>
          <ns3:TrackPointExtension>
            <ns3:hr>153</ns3:hr>
          </ns3:TrackPointExtension>
        </extensions>
      </trkpt>
      <trkpt lat="51.99901026673614978790283203125" lon="5.83181750960648059844970703125">
        <ele>41</ele>
        <time>2026-05-30T08:02:02.000Z</time>
        <extensions>
          <ns3:TrackPointExtension>
            <ns3:hr>153</ns3:hr>
          </ns3:TrackPointExtension>
        </extensions>
      </trkpt>
      <trkpt lat="51.9989204965531826019287109375" lon="5.83186604082584381103515625">
        <ele>41.59999847412109375</ele>
        <time>2026-05-30T08:02:13.000Z</time>
        <extensions>
          <ns3:TrackPointExtension>
            <ns3:hr>155</ns3:hr>
          </ns3:TrackPointExtension>
        </extensions>
      </trkpt>
      <trkpt lat="51.99890348128974437713623046875" lon="5.8318749256432056427001953125">
        <ele>41.799999237060546875</ele>
        <time>2026-05-30T08:02:15.000Z</time>
        <extensions>
          <ns3:TrackPointExtension>
            <ns3:hr>155</ns3:hr>
          </ns3:TrackPointExtension>
        </extensions>
      </trkpt>
      <trkpt lat="51.99880541302263736724853515625" lon="5.83191121928393840789794921875">
        <ele>42.59999847412109375</ele>
        <time>2026-05-30T08:02:24.000Z</time>
        <extensions>
          <ns3:TrackPointExtension>
            <ns3:hr>154</ns3:hr>
          </ns3:TrackPointExtension>
        </extensions>
      </trkpt>
      <trkpt lat="51.99876266531646251678466796875" lon="5.8319349400699138641357421875">
        <ele>43</ele>
        <time>2026-05-30T08:02:28.000Z</time>
        <extensions>
          <ns3:TrackPointExtension>
            <ns3:hr>153</ns3:hr>
          </ns3:TrackPointExtension>
        </extensions>
      </trkpt>
      <trkpt lat="51.998735927045345306396484375" lon="5.83194759674370288848876953125">
        <ele>43.200000762939453125</ele>
        <time>2026-05-30T08:02:32.000Z</time>
        <extensions>
          <ns3:TrackPointExtension>
            <ns3:hr>156</ns3:hr>
          </ns3:TrackPointExtension>
        </extensions>
      </trkpt>
      <trkpt lat="51.99872595258057117462158203125" lon="5.83194809965789318084716796875">
        <ele>43.40000152587890625</ele>
        <time>2026-05-30T08:02:33.000Z</time>
        <extensions>
          <ns3:TrackPointExtension>
            <ns3:hr>157</ns3:hr>
          </ns3:TrackPointExtension>
        </extensions>
      </trkpt>
      <trkpt lat="51.99868387542665004730224609375" lon="5.83196385763585567474365234375">
        <ele>43.59999847412109375</ele>
        <time>2026-05-30T08:02:36.000Z</time>
        <extensions>
          <ns3:TrackPointExtension>
            <ns3:hr>160</ns3:hr>
          </ns3:TrackPointExtension>
        </extensions>
      </trkpt>
      <trkpt lat="51.998625956475734710693359375" lon="5.83199453540146350860595703125">
        <ele>44</ele>
        <time>2026-05-30T08:02:41.000Z</time>
        <extensions>
          <ns3:TrackPointExtension>
            <ns3:hr>162</ns3:hr>
          </ns3:TrackPointExtension>
        </extensions>
      </trkpt>
      <trkpt lat="51.99856015853583812713623046875" lon="5.8320284821093082427978515625">
        <ele>44.40000152587890625</ele>
        <time>2026-05-30T08:02:47.000Z</time>
        <extensions>
          <ns3:TrackPointExtension>
            <ns3:hr>159</ns3:hr>
          </ns3:TrackPointExtension>
        </extensions>
      </trkpt>
      <trkpt lat="51.998533420264720916748046875" lon="5.8320343494415283203125">
        <ele>44.59999847412109375</ele>
        <time>2026-05-30T08:02:50.000Z</time>
        <extensions>
          <ns3:TrackPointExtension>
            <ns3:hr>161</ns3:hr>
          </ns3:TrackPointExtension>
        </extensions>
      </trkpt>
      <trkpt lat="51.9985015690326690673828125" lon="5.83204583264887332916259765625">
        <ele>45</ele>
        <time>2026-05-30T08:02:53.000Z</time>
        <extensions>
          <ns3:TrackPointExtension>
            <ns3:hr>162</ns3:hr>
          </ns3:TrackPointExtension>
        </extensions>
      </trkpt>
      <trkpt lat="51.99842445552349090576171875" lon="5.83210408687591552734375">
        <ele>45.40000152587890625</ele>
        <time>2026-05-30T08:03:00.000Z</time>
        <extensions>
          <ns3:TrackPointExtension>
            <ns3:hr>162</ns3:hr>
          </ns3:TrackPointExtension>
        </extensions>
      </trkpt>
      <trkpt lat="51.998359747231006622314453125" lon="5.8321498520672321319580078125">
        <ele>46</ele>
        <time>2026-05-30T08:03:08.000Z</time>
        <extensions>
          <ns3:TrackPointExtension>
            <ns3:hr>162</ns3:hr>
          </ns3:TrackPointExtension>
        </extensions>
      </trkpt>
      <trkpt lat="51.99834742583334445953369140625" lon="5.832159407436847686767578125">
        <ele>46</ele>
        <time>2026-05-30T08:03:10.000Z</time>
        <extensions>
          <ns3:TrackPointExtension>
            <ns3:hr>163</ns3:hr>
          </ns3:TrackPointExtension>
        </extensions>
      </trkpt>
      <trkpt lat="51.99827617965638637542724609375" lon="5.83227952010929584503173828125">
        <ele>46.40000152587890625</ele>
        <time>2026-05-30T08:03:18.000Z</time>
        <extensions>
          <ns3:TrackPointExtension>
            <ns3:hr>163</ns3:hr>
          </ns3:TrackPointExtension>
        </extensions>
      </trkpt>
      <trkpt lat="51.99824650771915912628173828125" lon="5.83240793086588382720947265625">
        <ele>46.40000152587890625</ele>
        <time>2026-05-30T08:03:27.000Z</time>
        <extensions>
          <ns3:TrackPointExtension>
            <ns3:hr>164</ns3:hr>
          </ns3:TrackPointExtension>
        </extensions>
      </trkpt>
      <trkpt lat="51.998220272362232208251953125" lon="5.83253181539475917816162109375">
        <ele>46.799999237060546875</ele>
        <time>2026-05-30T08:03:36.000Z</time>
        <extensions>
          <ns3:TrackPointExtension>
            <ns3:hr>160</ns3:hr>
          </ns3:TrackPointExtension>
        </extensions>
      </trkpt>
      <trkpt lat="51.99821817688643932342529296875" lon="5.832553692162036895751953125">
        <ele>46.799999237060546875</ele>
        <time>2026-05-30T08:03:37.000Z</time>
        <extensions>
          <ns3:TrackPointExtension>
            <ns3:hr>160</ns3:hr>
          </ns3:TrackPointExtension>
        </extensions>
      </trkpt>
      <trkpt lat="51.99820694513618946075439453125" lon="5.8327489905059337615966796875">
        <ele>47</ele>
        <time>2026-05-30T08:03:46.000Z</time>
        <extensions>
          <ns3:TrackPointExtension>
            <ns3:hr>159</ns3:hr>
          </ns3:TrackPointExtension>
        </extensions>
      </trkpt>
      <trkpt lat="51.99820543639361858367919921875" lon="5.83278461359441280364990234375">
        <ele>47.200000762939453125</ele>
        <time>2026-05-30T08:03:48.000Z</time>
        <extensions>
          <ns3:TrackPointExtension>
            <ns3:hr>158</ns3:hr>
          </ns3:TrackPointExtension>
        </extensions>
      </trkpt>
      <trkpt lat="51.998174004256725311279296875" lon="5.83295074291527271270751953125">
        <ele>47.40000152587890625</ele>
        <time>2026-05-30T08:03:58.000Z</time>
        <extensions>
          <ns3:TrackPointExtension>
            <ns3:hr>157</ns3:hr>
          </ns3:TrackPointExtension>
        </extensions>
      </trkpt>
      <trkpt lat="51.99815615080296993255615234375" lon="5.83305886946618556976318359375">
        <ele>47.799999237060546875</ele>
        <time>2026-05-30T08:04:06.000Z</time>
        <extensions>
          <ns3:TrackPointExtension>
            <ns3:hr>154</ns3:hr>
          </ns3:TrackPointExtension>
        </extensions>
      </trkpt>
      <trkpt lat="51.99812429957091808319091796875" lon="5.83324863575398921966552734375">
        <ele>48</ele>
        <time>2026-05-30T08:04:15.000Z</time>
        <extensions>
          <ns3:TrackPointExtension>
            <ns3:hr>154</ns3:hr>
          </ns3:TrackPointExtension>
        </extensions>
      </trkpt>
      <trkpt lat="51.99812631122767925262451171875" lon="5.833267830312252044677734375">
        <ele>48</ele>
        <time>2026-05-30T08:04:16.000Z</time>
        <extensions>
          <ns3:TrackPointExtension>
            <ns3:hr>154</ns3:hr>
          </ns3:TrackPointExtension>
        </extensions>
      </trkpt>
      <trkpt lat="51.9981047697365283966064453125" lon="5.83344074897468090057373046875">
        <ele>48.59999847412109375</ele>
        <time>2026-05-30T08:04:27.000Z</time>
        <extensions>
          <ns3:TrackPointExtension>
            <ns3:hr>154</ns3:hr>
          </ns3:TrackPointExtension>
        </extensions>
      </trkpt>
      <trkpt lat="51.9980638660490512847900390625" lon="5.8336042799055576324462890625">
        <ele>48.40000152587890625</ele>
        <time>2026-05-30T08:04:36.000Z</time>
        <extensions>
          <ns3:TrackPointExtension>
            <ns3:hr>152</ns3:hr>
          </ns3:TrackPointExtension>
        </extensions>
      </trkpt>
      <trkpt lat="51.99804768897593021392822265625" lon="5.8337719179689884185791015625">
        <ele>49</ele>
        <time>2026-05-30T08:04:46.000Z</time>
        <extensions>
          <ns3:TrackPointExtension>
            <ns3:hr>152</ns3:hr>
          </ns3:TrackPointExtension>
        </extensions>
      </trkpt>
      <trkpt lat="51.9980357028543949127197265625" lon="5.8338282443583011627197265625">
        <ele>49</ele>
        <time>2026-05-30T08:04:50.000Z</time>
        <extensions>
          <ns3:TrackPointExtension>
            <ns3:hr>153</ns3:hr>
          </ns3:TrackPointExtension>
        </extensions>
      </trkpt>
      <trkpt lat="51.99801332317292690277099609375" lon="5.83392731845378875732421875">
        <ele>49.40000152587890625</ele>
        <time>2026-05-30T08:04:56.000Z</time>
        <extensions>
          <ns3:TrackPointExtension>
            <ns3:hr>153</ns3:hr>
          </ns3:TrackPointExtension>
        </extensions>
      </trkpt>
      <trkpt lat="51.9980026781558990478515625" lon="5.8339616842567920684814453125">
        <ele>50</ele>
        <time>2026-05-30T08:04:59.000Z</time>
        <extensions>
          <ns3:TrackPointExtension>
            <ns3:hr>158</ns3:hr>
          </ns3:TrackPointExtension>
        </extensions>
      </trkpt>
      <trkpt lat="51.9979999959468841552734375" lon="5.83397014997899532318115234375">
        <ele>50.200000762939453125</ele>
        <time>2026-05-30T08:05:00.000Z</time>
        <extensions>
          <ns3:TrackPointExtension>
            <ns3:hr>158</ns3:hr>
          </ns3:TrackPointExtension>
        </extensions>
      </trkpt>
      <trkpt lat="51.99799337424337863922119140625" lon="5.83408867008984088897705078125">
        <ele>50.200000762939453125</ele>
        <time>2026-05-30T08:05:06.000Z</time>
        <extensions>
          <ns3:TrackPointExtension>
            <ns3:hr>158</ns3:hr>
          </ns3:TrackPointExtension>
        </extensions>
      </trkpt>
      <trkpt lat="51.99795766733586788177490234375" lon="5.8342121355235576629638671875">
        <ele>49.59999847412109375</ele>
        <time>2026-05-30T08:05:14.000Z</time>
        <extensions>
          <ns3:TrackPointExtension>
            <ns3:hr>159</ns3:hr>
          </ns3:TrackPointExtension>
        </extensions>
      </trkpt>
      <trkpt lat="51.9979304261505603790283203125" lon="5.83437264896929264068603515625">
        <ele>50</ele>
        <time>2026-05-30T08:05:24.000Z</time>
        <extensions>
          <ns3:TrackPointExtension>
            <ns3:hr>159</ns3:hr>
          </ns3:TrackPointExtension>
        </extensions>
      </trkpt>
      <trkpt lat="51.99792481027543544769287109375" lon="5.83441841416060924530029296875">
        <ele>49.799999237060546875</ele>
        <time>2026-05-30T08:05:27.000Z</time>
        <extensions>
          <ns3:TrackPointExtension>
            <ns3:hr>156</ns3:hr>
          </ns3:TrackPointExtension>
        </extensions>
      </trkpt>
      <trkpt lat="51.99790804646909236907958984375" lon="5.834500975906848907470703125">
        <ele>49.799999237060546875</ele>
        <time>2026-05-30T08:05:31.000Z</time>
        <extensions>
          <ns3:TrackPointExtension>
            <ns3:hr>153</ns3:hr>
          </ns3:TrackPointExtension>
        </extensions>
      </trkpt>
      <trkpt lat="51.997902430593967437744140625" lon="5.83455688320100307464599609375">
        <ele>49.799999237060546875</ele>
        <time>2026-05-30T08:05:35.000Z</time>
        <extensions>
          <ns3:TrackPointExtension>
            <ns3:hr>152</ns3:hr>
          </ns3:TrackPointExtension>
        </extensions>
      </trkpt>
      <trkpt lat="51.99790586717426776885986328125" lon="5.8347002975642681121826171875">
        <ele>50</ele>
        <time>2026-05-30T08:05:45.000Z</time>
        <extensions>
          <ns3:TrackPointExtension>
            <ns3:hr>150</ns3:hr>
          </ns3:TrackPointExtension>
        </extensions>
      </trkpt>
      <trkpt lat="51.99790150858461856842041015625" lon="5.8348981104791164398193359375">
        <ele>50.200000762939453125</ele>
        <time>2026-05-30T08:05:56.000Z</time>
        <extensions>
          <ns3:TrackPointExtension>
            <ns3:hr>150</ns3:hr>
          </ns3:TrackPointExtension>
        </extensions>
      </trkpt>
      <trkpt lat="51.99789077974855899810791015625" lon="5.83512517623603343963623046875">
        <ele>50.59999847412109375</ele>
        <time>2026-05-30T08:06:06.000Z</time>
        <extensions>
          <ns3:TrackPointExtension>
            <ns3:hr>150</ns3:hr>
          </ns3:TrackPointExtension>
        </extensions>
      </trkpt>
      <trkpt lat="51.99789815582334995269775390625" lon="5.83530337549746036529541015625">
        <ele>50.799999237060546875</ele>
        <time>2026-05-30T08:06:17.000Z</time>
        <extensions>
          <ns3:TrackPointExtension>
            <ns3:hr>150</ns3:hr>
          </ns3:TrackPointExtension>
        </extensions>
      </trkpt>
      <trkpt lat="51.9979079626500606536865234375" lon="5.835480652749538421630859375">
        <ele>51.200000762939453125</ele>
        <time>2026-05-30T08:06:28.000Z</time>
        <extensions>
          <ns3:TrackPointExtension>
            <ns3:hr>152</ns3:hr>
          </ns3:TrackPointExtension>
        </extensions>
      </trkpt>
      <trkpt lat="51.9979133270680904388427734375" lon="5.83550152368843555450439453125">
        <ele>51.200000762939453125</ele>
        <time>2026-05-30T08:06:29.000Z</time>
        <extensions>
          <ns3:TrackPointExtension>
            <ns3:hr>152</ns3:hr>
          </ns3:TrackPointExtension>
        </extensions>
      </trkpt>
      <trkpt lat="51.99793285690248012542724609375" lon="5.83562775515019893646240234375">
        <ele>51.59999847412109375</ele>
        <time>2026-05-30T08:06:37.000Z</time>
        <extensions>
          <ns3:TrackPointExtension>
            <ns3:hr>151</ns3:hr>
          </ns3:TrackPointExtension>
        </extensions>
      </trkpt>
      <trkpt lat="51.99794165790081024169921875" lon="5.83577896468341350555419921875">
        <ele>51.59999847412109375</ele>
        <time>2026-05-30T08:06:46.000Z</time>
        <extensions>
          <ns3:TrackPointExtension>
            <ns3:hr>151</ns3:hr>
          </ns3:TrackPointExtension>
        </extensions>
      </trkpt>
      <trkpt lat="51.9979652948677539825439453125" lon="5.8359763585031032562255859375">
        <ele>51.799999237060546875</ele>
        <time>2026-05-30T08:06:57.000Z</time>
        <extensions>
          <ns3:TrackPointExtension>
            <ns3:hr>150</ns3:hr>
          </ns3:TrackPointExtension>
        </extensions>
      </trkpt>
      <trkpt lat="51.99796252883970737457275390625" lon="5.8361584134399890899658203125">
        <ele>51.59999847412109375</ele>
        <time>2026-05-30T08:07:06.000Z</time>
        <extensions>
          <ns3:TrackPointExtension>
            <ns3:hr>148</ns3:hr>
          </ns3:TrackPointExtension>
        </extensions>
      </trkpt>
      <trkpt lat="51.9979233853518962860107421875" lon="5.8362341858446598052978515625">
        <ele>51.40000152587890625</ele>
        <time>2026-05-30T08:07:11.000Z</time>
        <extensions>
          <ns3:TrackPointExtension>
            <ns3:hr>149</ns3:hr>
          </ns3:TrackPointExtension>
        </extensions>
      </trkpt>
      <trkpt lat="51.9978489540517330169677734375" lon="5.8363089524209499359130859375">
        <ele>51</ele>
        <time>2026-05-30T08:07:18.000Z</time>
        <extensions>
          <ns3:TrackPointExtension>
            <ns3:hr>148</ns3:hr>
          </ns3:TrackPointExtension>
        </extensions>
      </trkpt>
      <trkpt lat="51.99778818525373935699462890625" lon="5.83636066876351833343505859375">
        <ele>50.200000762939453125</ele>
        <time>2026-05-30T08:07:23.000Z</time>
        <extensions>
          <ns3:TrackPointExtension>
            <ns3:hr>148</ns3:hr>
          </ns3:TrackPointExtension>
        </extensions>
      </trkpt>
      <trkpt lat="51.99773646891117095947265625" lon="5.836414396762847900390625">
        <ele>50</ele>
        <time>2026-05-30T08:07:28.000Z</time>
        <extensions>
          <ns3:TrackPointExtension>
            <ns3:hr>147</ns3:hr>
          </ns3:TrackPointExtension>
        </extensions>
      </trkpt>
      <trkpt lat="51.997671425342559814453125" lon="5.83651699125766754150390625">
        <ele>49.59999847412109375</ele>
        <time>2026-05-30T08:07:36.000Z</time>
        <extensions>
          <ns3:TrackPointExtension>
            <ns3:hr>146</ns3:hr>
          </ns3:TrackPointExtension>
        </extensions>
      </trkpt>
      <trkpt lat="51.99765466153621673583984375" lon="5.8365406282246112823486328125">
        <ele>49.200000762939453125</ele>
        <time>2026-05-30T08:07:40.000Z</time>
        <extensions>
          <ns3:TrackPointExtension>
            <ns3:hr>146</ns3:hr>
          </ns3:TrackPointExtension>
        </extensions>
      </trkpt>
      <trkpt lat="51.99761954136192798614501953125" lon="5.83657038398087024688720703125">
        <ele>48.59999847412109375</ele>
        <time>2026-05-30T08:07:45.000Z</time>
        <extensions>
          <ns3:TrackPointExtension>
            <ns3:hr>145</ns3:hr>
          </ns3:TrackPointExtension>
        </extensions>
      </trkpt>
      <trkpt lat="51.99759028851985931396484375" lon="5.836612544953823089599609375">
        <ele>48.40000152587890625</ele>
        <time>2026-05-30T08:07:49.000Z</time>
        <extensions>
          <ns3:TrackPointExtension>
            <ns3:hr>142</ns3:hr>
          </ns3:TrackPointExtension>
        </extensions>
      </trkpt>
      <trkpt lat="51.9975673221051692962646484375" lon="5.836654119193553924560546875">
        <ele>48</ele>
        <time>2026-05-30T08:07:52.000Z</time>
        <extensions>
          <ns3:TrackPointExtension>
            <ns3:hr>141</ns3:hr>
          </ns3:TrackPointExtension>
        </extensions>
      </trkpt>
      <trkpt lat="51.9975485466420650482177734375" lon="5.83668990992009639739990234375">
        <ele>47.799999237060546875</ele>
        <time>2026-05-30T08:07:54.000Z</time>
        <extensions>
          <ns3:TrackPointExtension>
            <ns3:hr>141</ns3:hr>
          </ns3:TrackPointExtension>
        </extensions>
      </trkpt>
      <trkpt lat="51.997469253838062286376953125" lon="5.836780853569507598876953125">
        <ele>47.40000152587890625</ele>
        <time>2026-05-30T08:08:02.000Z</time>
        <extensions>
          <ns3:TrackPointExtension>
            <ns3:hr>139</ns3:hr>
          </ns3:TrackPointExtension>
        </extensions>
      </trkpt>
      <trkpt lat="51.99742876924574375152587890625" lon="5.8368261158466339111328125">
        <ele>47</ele>
        <time>2026-05-30T08:08:07.000Z</time>
        <extensions>
          <ns3:TrackPointExtension>
            <ns3:hr>139</ns3:hr>
          </ns3:TrackPointExtension>
        </extensions>
      </trkpt>
      <trkpt lat="51.997398175299167633056640625" lon="5.8368822745978832244873046875">
        <ele>46.799999237060546875</ele>
        <time>2026-05-30T08:08:11.000Z</time>
        <extensions>
          <ns3:TrackPointExtension>
            <ns3:hr>138</ns3:hr>
          </ns3:TrackPointExtension>
        </extensions>
      </trkpt>
      <trkpt lat="51.9973262585699558258056640625" lon="5.83701043389737606048583984375">
        <ele>46.40000152587890625</ele>
        <time>2026-05-30T08:08:20.000Z</time>
        <extensions>
          <ns3:TrackPointExtension>
            <ns3:hr>138</ns3:hr>
          </ns3:TrackPointExtension>
        </extensions>
      </trkpt>
      <trkpt lat="51.99722894467413425445556640625" lon="5.83710565231740474700927734375">
        <ele>46.200000762939453125</ele>
        <time>2026-05-30T08:08:30.000Z</time>
        <extensions>
          <ns3:TrackPointExtension>
            <ns3:hr>138</ns3:hr>
          </ns3:TrackPointExtension>
        </extensions>
      </trkpt>
      <trkpt lat="51.99720564298331737518310546875" lon="5.83712560124695301055908203125">
        <ele>46</ele>
        <time>2026-05-30T08:08:33.000Z</time>
        <extensions>
          <ns3:TrackPointExtension>
            <ns3:hr>139</ns3:hr>
          </ns3:TrackPointExtension>
        </extensions>
      </trkpt>
      <trkpt lat="51.997154764831066131591796875" lon="5.8371977694332599639892578125">
        <ele>45.40000152587890625</ele>
        <time>2026-05-30T08:08:39.000Z</time>
        <extensions>
          <ns3:TrackPointExtension>
            <ns3:hr>139</ns3:hr>
          </ns3:TrackPointExtension>
        </extensions>
      </trkpt>
      <trkpt lat="51.99707035906612873077392578125" lon="5.83727295510470867156982421875">
        <ele>45.40000152587890625</ele>
        <time>2026-05-30T08:08:46.000Z</time>
        <extensions>
          <ns3:TrackPointExtension>
            <ns3:hr>138</ns3:hr>
          </ns3:TrackPointExtension>
        </extensions>
      </trkpt>
      <trkpt lat="51.9970241747796535491943359375" lon="5.83732970058917999267578125">
        <ele>45</ele>
        <time>2026-05-30T08:08:51.000Z</time>
        <extensions>
          <ns3:TrackPointExtension>
            <ns3:hr>138</ns3:hr>
          </ns3:TrackPointExtension>
        </extensions>
      </trkpt>
      <trkpt lat="51.9970178045332431793212890625" lon="5.83732726983726024627685546875">
        <ele>45</ele>
        <time>2026-05-30T08:08:55.000Z</time>
        <extensions>
          <ns3:TrackPointExtension>
            <ns3:hr>137</ns3:hr>
          </ns3:TrackPointExtension>
        </extensions>
      </trkpt>
      <trkpt lat="51.997027695178985595703125" lon="5.83732894621789455413818359375">
        <ele>45.59999847412109375</ele>
        <time>2026-05-30T08:09:05.000Z</time>
        <extensions>
          <ns3:TrackPointExtension>
            <ns3:hr>138</ns3:hr>
          </ns3:TrackPointExtension>
        </extensions>
      </trkpt>
      <trkpt lat="51.99702543206512928009033203125" lon="5.83733498118817806243896484375">
        <ele>45.40000152587890625</ele>
        <time>2026-05-30T08:09:08.000Z</time>
        <extensions>
          <ns3:TrackPointExtension>
            <ns3:hr>141</ns3:hr>
          </ns3:TrackPointExtension>
        </extensions>
      </trkpt>
      <trkpt lat="51.99701973237097263336181640625" lon="5.8373422734439373016357421875">
        <ele>44.799999237060546875</ele>
        <time>2026-05-30T08:09:14.000Z</time>
        <extensions>
          <ns3:TrackPointExtension>
            <ns3:hr>141</ns3:hr>
          </ns3:TrackPointExtension>
        </extensions>
      </trkpt>
      <trkpt lat="51.99700967408716678619384765625" lon="5.83734269253909587860107421875">
        <ele>44.799999237060546875</ele>
        <time>2026-05-30T08:09:23.000Z</time>
        <extensions>
          <ns3:TrackPointExtension>
            <ns3:hr>140</ns3:hr>
          </ns3:TrackPointExtension>
        </extensions>
      </trkpt>
      <trkpt lat="51.996917724609375" lon="5.83738191984593868255615234375">
        <ele>44</ele>
        <time>2026-05-30T08:09:30.000Z</time>
        <extensions>
          <ns3:TrackPointExtension>
            <ns3:hr>138</ns3:hr>
          </ns3:TrackPointExtension>
        </extensions>
      </trkpt>
      <trkpt lat="51.99689601548016071319580078125" lon="5.837391056120395660400390625">
        <ele>43.799999237060546875</ele>
        <time>2026-05-30T08:09:32.000Z</time>
        <extensions>
          <ns3:TrackPointExtension>
            <ns3:hr>137</ns3:hr>
          </ns3:TrackPointExtension>
        </extensions>
      </trkpt>
      <trkpt lat="51.9968223385512828826904296875" lon="5.837461464107036590576171875">
        <ele>43.59999847412109375</ele>
        <time>2026-05-30T08:09:39.000Z</time>
        <extensions>
          <ns3:TrackPointExtension>
            <ns3:hr>135</ns3:hr>
          </ns3:TrackPointExtension>
        </extensions>
      </trkpt>
      <trkpt lat="51.99673156253993511199951171875" lon="5.83747562952339649200439453125">
        <ele>43.200000762939453125</ele>
        <time>2026-05-30T08:09:47.000Z</time>
        <extensions>
          <ns3:TrackPointExtension>
            <ns3:hr>134</ns3:hr>
          </ns3:TrackPointExtension>
        </extensions>
      </trkpt>
      <trkpt lat="51.9966617412865161895751953125" lon="5.83748250268399715423583984375">
        <ele>42.799999237060546875</ele>
        <time>2026-05-30T08:09:52.000Z</time>
        <extensions>
          <ns3:TrackPointExtension>
            <ns3:hr>135</ns3:hr>
          </ns3:TrackPointExtension>
        </extensions>
      </trkpt>
      <trkpt lat="51.996635757386684417724609375" lon="5.83748124539852142333984375">
        <ele>42.40000152587890625</ele>
        <time>2026-05-30T08:09:55.000Z</time>
        <extensions>
          <ns3:TrackPointExtension>
            <ns3:hr>136</ns3:hr>
          </ns3:TrackPointExtension>
        </extensions>
      </trkpt>
      <trkpt lat="51.99654514901340007781982421875" lon="5.8374887891113758087158203125">
        <ele>41.799999237060546875</ele>
        <time>2026-05-30T08:10:03.000Z</time>
        <extensions>
          <ns3:TrackPointExtension>
            <ns3:hr>135</ns3:hr>
          </ns3:TrackPointExtension>
        </extensions>
      </trkpt>
      <trkpt lat="51.99653073213994503021240234375" lon="5.83749054931104183197021484375">
        <ele>41.799999237060546875</ele>
        <time>2026-05-30T08:10:04.000Z</time>
        <extensions>
          <ns3:TrackPointExtension>
            <ns3:hr>136</ns3:hr>
          </ns3:TrackPointExtension>
        </extensions>
      </trkpt>
      <trkpt lat="51.99644037522375583648681640625" lon="5.837472863495349884033203125">
        <ele>41.200000762939453125</ele>
        <time>2026-05-30T08:10:11.000Z</time>
        <extensions>
          <ns3:TrackPointExtension>
            <ns3:hr>137</ns3:hr>
          </ns3:TrackPointExtension>
        </extensions>
      </trkpt>
      <trkpt lat="51.99637734331190586090087890625" lon="5.837458111345767974853515625">
        <ele>40.799999237060546875</ele>
        <time>2026-05-30T08:10:17.000Z</time>
        <extensions>
          <ns3:TrackPointExtension>
            <ns3:hr>137</ns3:hr>
          </ns3:TrackPointExtension>
        </extensions>
      </trkpt>
      <trkpt lat="51.99631313793361186981201171875" lon="5.83745232783257961273193359375">
        <ele>40.40000152587890625</ele>
        <time>2026-05-30T08:10:22.000Z</time>
        <extensions>
          <ns3:TrackPointExtension>
            <ns3:hr>140</ns3:hr>
          </ns3:TrackPointExtension>
        </extensions>
      </trkpt>
      <trkpt lat="51.996275670826435089111328125" lon="5.8374713547527790069580078125">
        <ele>40.200000762939453125</ele>
        <time>2026-05-30T08:10:26.000Z</time>
        <extensions>
          <ns3:TrackPointExtension>
            <ns3:hr>139</ns3:hr>
          </ns3:TrackPointExtension>
        </extensions>
      </trkpt>
      <trkpt lat="51.9961975514888763427734375" lon="5.837557017803192138671875">
        <ele>40</ele>
        <time>2026-05-30T08:10:34.000Z</time>
        <extensions>
          <ns3:TrackPointExtension>
            <ns3:hr>139</ns3:hr>
          </ns3:TrackPointExtension>
        </extensions>
      </trkpt>
      <trkpt lat="51.9961564801633358001708984375" lon="5.83769506774842739105224609375">
        <ele>39.799999237060546875</ele>
        <time>2026-05-30T08:10:43.000Z</time>
        <extensions>
          <ns3:TrackPointExtension>
            <ns3:hr>139</ns3:hr>
          </ns3:TrackPointExtension>
        </extensions>
      </trkpt>
      <trkpt lat="51.99615262448787689208984375" lon="5.83771082572638988494873046875">
        <ele>39.799999237060546875</ele>
        <time>2026-05-30T08:10:45.000Z</time>
        <extensions>
          <ns3:TrackPointExtension>
            <ns3:hr>139</ns3:hr>
          </ns3:TrackPointExtension>
        </extensions>
      </trkpt>
      <trkpt lat="51.9961155764758586883544921875" lon="5.83786102943122386932373046875">
        <ele>39.799999237060546875</ele>
        <time>2026-05-30T08:10:53.000Z</time>
        <extensions>
          <ns3:TrackPointExtension>
            <ns3:hr>138</ns3:hr>
          </ns3:TrackPointExtension>
        </extensions>
      </trkpt>
      <trkpt lat="51.9960448332130908966064453125" lon="5.83808474242687225341796875">
        <ele>39.40000152587890625</ele>
        <time>2026-05-30T08:11:05.000Z</time>
        <extensions>
          <ns3:TrackPointExtension>
            <ns3:hr>140</ns3:hr>
          </ns3:TrackPointExtension>
        </extensions>
      </trkpt>
      <trkpt lat="51.99597702361643314361572265625" lon="5.8382320962846279144287109375">
        <ele>39.40000152587890625</ele>
        <time>2026-05-30T08:11:14.000Z</time>
        <extensions>
          <ns3:TrackPointExtension>
            <ns3:hr>141</ns3:hr>
          </ns3:TrackPointExtension>
        </extensions>
      </trkpt>
      <trkpt lat="51.99591214768588542938232421875" lon="5.83842596970498561859130859375">
        <ele>39.40000152587890625</ele>
        <time>2026-05-30T08:11:26.000Z</time>
        <extensions>
          <ns3:TrackPointExtension>
            <ns3:hr>141</ns3:hr>
          </ns3:TrackPointExtension>
        </extensions>
      </trkpt>
      <trkpt lat="51.9958554022014141082763671875" lon="5.83856628276407718658447265625">
        <ele>39.59999847412109375</ele>
        <time>2026-05-30T08:11:34.000Z</time>
        <extensions>
          <ns3:TrackPointExtension>
            <ns3:hr>144</ns3:hr>
          </ns3:TrackPointExtension>
        </extensions>
      </trkpt>
      <trkpt lat="51.99584274552762508392333984375" lon="5.8385941945016384124755859375">
        <ele>39.59999847412109375</ele>
        <time>2026-05-30T08:11:36.000Z</time>
        <extensions>
          <ns3:TrackPointExtension>
            <ns3:hr>144</ns3:hr>
          </ns3:TrackPointExtension>
        </extensions>
      </trkpt>
      <trkpt lat="51.9957826472818851470947265625" lon="5.838737189769744873046875">
        <ele>39.799999237060546875</ele>
        <time>2026-05-30T08:11:47.000Z</time>
        <extensions>
          <ns3:TrackPointExtension>
            <ns3:hr>145</ns3:hr>
          </ns3:TrackPointExtension>
        </extensions>
      </trkpt>
      <trkpt lat="51.99573285877704620361328125" lon="5.83887062966823577880859375">
        <ele>39.799999237060546875</ele>
        <time>2026-05-30T08:11:56.000Z</time>
        <extensions>
          <ns3:TrackPointExtension>
            <ns3:hr>146</ns3:hr>
          </ns3:TrackPointExtension>
        </extensions>
      </trkpt>
      <trkpt lat="51.99566219933331012725830078125" lon="5.83909316919744014739990234375">
        <ele>40.200000762939453125</ele>
        <time>2026-05-30T08:12:08.000Z</time>
        <extensions>
          <ns3:TrackPointExtension>
            <ns3:hr>147</ns3:hr>
          </ns3:TrackPointExtension>
        </extensions>
      </trkpt>
      <trkpt lat="51.995587684214115142822265625" lon="5.83927824161946773529052734375">
        <ele>40.799999237060546875</ele>
        <time>2026-05-30T08:12:19.000Z</time>
        <extensions>
          <ns3:TrackPointExtension>
            <ns3:hr>148</ns3:hr>
          </ns3:TrackPointExtension>
        </extensions>
      </trkpt>
      <trkpt lat="51.99553362093865871429443359375" lon="5.83944554440677165985107421875">
        <ele>41</ele>
        <time>2026-05-30T08:12:30.000Z</time>
        <extensions>
          <ns3:TrackPointExtension>
            <ns3:hr>150</ns3:hr>
          </ns3:TrackPointExtension>
        </extensions>
      </trkpt>
      <trkpt lat="51.99547561816871166229248046875" lon="5.8395929820835590362548828125">
        <ele>41.200000762939453125</ele>
        <time>2026-05-30T08:12:39.000Z</time>
        <extensions>
          <ns3:TrackPointExtension>
            <ns3:hr>150</ns3:hr>
          </ns3:TrackPointExtension>
        </extensions>
      </trkpt>
      <trkpt lat="51.9954068027436733245849609375" lon="5.8397658169269561767578125">
        <ele>41.40000152587890625</ele>
        <time>2026-05-30T08:12:50.000Z</time>
        <extensions>
          <ns3:TrackPointExtension>
            <ns3:hr>152</ns3:hr>
          </ns3:TrackPointExtension>
        </extensions>
      </trkpt>
      <trkpt lat="51.99535223655402660369873046875" lon="5.83990990184247493743896484375">
        <ele>41.59999847412109375</ele>
        <time>2026-05-30T08:12:59.000Z</time>
        <extensions>
          <ns3:TrackPointExtension>
            <ns3:hr>152</ns3:hr>
          </ns3:TrackPointExtension>
        </extensions>
      </trkpt>
      <trkpt lat="51.995294988155364990234375" lon="5.84000545553863048553466796875">
        <ele>41.799999237060546875</ele>
        <time>2026-05-30T08:13:05.000Z</time>
        <extensions>
          <ns3:TrackPointExtension>
            <ns3:hr>155</ns3:hr>
          </ns3:TrackPointExtension>
        </extensions>
      </trkpt>
      <trkpt lat="51.99529029428958892822265625" lon="5.84001903422176837921142578125">
        <ele>41.799999237060546875</ele>
        <time>2026-05-30T08:13:06.000Z</time>
        <extensions>
          <ns3:TrackPointExtension>
            <ns3:hr>155</ns3:hr>
          </ns3:TrackPointExtension>
        </extensions>
      </trkpt>
      <trkpt lat="51.99528157711029052734375" lon="5.8400523103773593902587890625">
        <ele>41.799999237060546875</ele>
        <time>2026-05-30T08:13:08.000Z</time>
        <extensions>
          <ns3:TrackPointExtension>
            <ns3:hr>155</ns3:hr>
          </ns3:TrackPointExtension>
        </extensions>
      </trkpt>
      <trkpt lat="51.995240338146686553955078125" lon="5.8401815593242645263671875">
        <ele>41.59999847412109375</ele>
        <time>2026-05-30T08:13:16.000Z</time>
        <extensions>
          <ns3:TrackPointExtension>
            <ns3:hr>155</ns3:hr>
          </ns3:TrackPointExtension>
        </extensions>
      </trkpt>
      <trkpt lat="51.99519239366054534912109375" lon="5.84035447798669338226318359375">
        <ele>41.799999237060546875</ele>
        <time>2026-05-30T08:13:27.000Z</time>
        <extensions>
          <ns3:TrackPointExtension>
            <ns3:hr>155</ns3:hr>
          </ns3:TrackPointExtension>
        </extensions>
      </trkpt>
      <trkpt lat="51.99513196013867855072021484375" lon="5.84052823483943939208984375">
        <ele>42</ele>
        <time>2026-05-30T08:13:37.000Z</time>
        <extensions>
          <ns3:TrackPointExtension>
            <ns3:hr>155</ns3:hr>
          </ns3:TrackPointExtension>
        </extensions>
      </trkpt>
      <trkpt lat="51.99508217163383960723876953125" lon="5.84064834751188755035400390625">
        <ele>42</ele>
        <time>2026-05-30T08:13:45.000Z</time>
        <extensions>
          <ns3:TrackPointExtension>
            <ns3:hr>156</ns3:hr>
          </ns3:TrackPointExtension>
        </extensions>
      </trkpt>
      <trkpt lat="51.9950406812131404876708984375" lon="5.8407677896320819854736328125">
        <ele>42.200000762939453125</ele>
        <time>2026-05-30T08:13:51.000Z</time>
        <extensions>
          <ns3:TrackPointExtension>
            <ns3:hr>156</ns3:hr>
          </ns3:TrackPointExtension>
        </extensions>
      </trkpt>
      <trkpt lat="51.99501344002783298492431640625" lon="5.84082604385912418365478515625">
        <ele>42.40000152587890625</ele>
        <time>2026-05-30T08:13:55.000Z</time>
        <extensions>
          <ns3:TrackPointExtension>
            <ns3:hr>155</ns3:hr>
          </ns3:TrackPointExtension>
        </extensions>
      </trkpt>
      <trkpt lat="51.9949525035917758941650390625" lon="5.84098932333290576934814453125">
        <ele>42.40000152587890625</ele>
        <time>2026-05-30T08:14:05.000Z</time>
        <extensions>
          <ns3:TrackPointExtension>
            <ns3:hr>155</ns3:hr>
          </ns3:TrackPointExtension>
        </extensions>
      </trkpt>
      <trkpt lat="51.99486843310296535491943359375" lon="5.84115763194859027862548828125">
        <ele>42.40000152587890625</ele>
        <time>2026-05-30T08:14:15.000Z</time>
        <extensions>
          <ns3:TrackPointExtension>
            <ns3:hr>155</ns3:hr>
          </ns3:TrackPointExtension>
        </extensions>
      </trkpt>
      <trkpt lat="51.99480690993368625640869140625" lon="5.84134371019899845123291015625">
        <ele>42.59999847412109375</ele>
        <time>2026-05-30T08:14:26.000Z</time>
        <extensions>
          <ns3:TrackPointExtension>
            <ns3:hr>157</ns3:hr>
          </ns3:TrackPointExtension>
        </extensions>
      </trkpt>
      <trkpt lat="51.9947706162929534912109375" lon="5.8414591290056705474853515625">
        <ele>42.799999237060546875</ele>
        <time>2026-05-30T08:14:34.000Z</time>
        <extensions>
          <ns3:TrackPointExtension>
            <ns3:hr>157</ns3:hr>
          </ns3:TrackPointExtension>
        </extensions>
      </trkpt>
      <trkpt lat="51.99474857188761234283447265625" lon="5.84156566299498081207275390625">
        <ele>42.799999237060546875</ele>
        <time>2026-05-30T08:14:42.000Z</time>
        <extensions>
          <ns3:TrackPointExtension>
            <ns3:hr>155</ns3:hr>
          </ns3:TrackPointExtension>
        </extensions>
      </trkpt>
      <trkpt lat="51.99474236927926540374755859375" lon="5.841592065989971160888671875">
        <ele>42.799999237060546875</ele>
        <time>2026-05-30T08:14:44.000Z</time>
        <extensions>
          <ns3:TrackPointExtension>
            <ns3:hr>157</ns3:hr>
          </ns3:TrackPointExtension>
        </extensions>
      </trkpt>
      <trkpt lat="51.99465318582952022552490234375" lon="5.8417399227619171142578125">
        <ele>43</ele>
        <time>2026-05-30T08:14:53.000Z</time>
        <extensions>
          <ns3:TrackPointExtension>
            <ns3:hr>155</ns3:hr>
          </ns3:TrackPointExtension>
        </extensions>
      </trkpt>
      <trkpt lat="51.99455109424889087677001953125" lon="5.8419033698737621307373046875">
        <ele>43</ele>
        <time>2026-05-30T08:15:03.000Z</time>
        <extensions>
          <ns3:TrackPointExtension>
            <ns3:hr>155</ns3:hr>
          </ns3:TrackPointExtension>
        </extensions>
      </trkpt>
      <trkpt lat="51.99446794576942920684814453125" lon="5.84189104847609996795654296875">
        <ele>43.59999847412109375</ele>
        <time>2026-05-30T08:15:12.000Z</time>
        <extensions>
          <ns3:TrackPointExtension>
            <ns3:hr>154</ns3:hr>
          </ns3:TrackPointExtension>
        </extensions>
      </trkpt>
      <trkpt lat="51.99442469514906406402587890625" lon="5.8418363146483898162841796875">
        <ele>43.799999237060546875</ele>
        <time>2026-05-30T08:15:16.000Z</time>
        <extensions>
          <ns3:TrackPointExtension>
            <ns3:hr>155</ns3:hr>
          </ns3:TrackPointExtension>
        </extensions>
      </trkpt>
      <trkpt lat="51.99439150281250476837158203125" lon="5.84180940873920917510986328125">
        <ele>44</ele>
        <time>2026-05-30T08:15:19.000Z</time>
        <extensions>
          <ns3:TrackPointExtension>
            <ns3:hr>156</ns3:hr>
          </ns3:TrackPointExtension>
        </extensions>
      </trkpt>
      <trkpt lat="51.9943114556372165679931640625" lon="5.8417263440787792205810546875">
        <ele>44.200000762939453125</ele>
        <time>2026-05-30T08:15:28.000Z</time>
        <extensions>
          <ns3:TrackPointExtension>
            <ns3:hr>157</ns3:hr>
          </ns3:TrackPointExtension>
        </extensions>
      </trkpt>
      <trkpt lat="51.99423040263354778289794921875" lon="5.8416304551064968109130859375">
        <ele>44.200000762939453125</ele>
        <time>2026-05-30T08:15:36.000Z</time>
        <extensions>
          <ns3:TrackPointExtension>
            <ns3:hr>159</ns3:hr>
          </ns3:TrackPointExtension>
        </extensions>
      </trkpt>
      <trkpt lat="51.99416200630366802215576171875" lon="5.84156130440533161163330078125">
        <ele>44</ele>
        <time>2026-05-30T08:15:44.000Z</time>
        <extensions>
          <ns3:TrackPointExtension>
            <ns3:hr>159</ns3:hr>
          </ns3:TrackPointExtension>
        </extensions>
      </trkpt>
      <trkpt lat="51.99411238543689250946044921875" lon="5.84149575792253017425537109375">
        <ele>44.200000762939453125</ele>
        <time>2026-05-30T08:15:51.000Z</time>
        <extensions>
          <ns3:TrackPointExtension>
            <ns3:hr>156</ns3:hr>
          </ns3:TrackPointExtension>
        </extensions>
      </trkpt>
      <trkpt lat="51.99411213397979736328125" lon="5.84147027693688869476318359375">
        <ele>44.40000152587890625</ele>
        <time>2026-05-30T08:15:53.000Z</time>
        <extensions>
          <ns3:TrackPointExtension>
            <ns3:hr>156</ns3:hr>
          </ns3:TrackPointExtension>
        </extensions>
      </trkpt>
      <trkpt lat="51.99410534463822841644287109375" lon="5.84139056503772735595703125">
        <ele>44.200000762939453125</ele>
        <time>2026-05-30T08:15:58.000Z</time>
        <extensions>
          <ns3:TrackPointExtension>
            <ns3:hr>154</ns3:hr>
          </ns3:TrackPointExtension>
        </extensions>
      </trkpt>
      <trkpt lat="51.99408371932804584503173828125" lon="5.84134169854223728179931640625">
        <ele>44.200000762939453125</ele>
        <time>2026-05-30T08:16:01.000Z</time>
        <extensions>
          <ns3:TrackPointExtension>
            <ns3:hr>155</ns3:hr>
          </ns3:TrackPointExtension>
        </extensions>
      </trkpt>
      <trkpt lat="51.99408707208931446075439453125" lon="5.84119283594191074371337890625">
        <ele>44.200000762939453125</ele>
        <time>2026-05-30T08:16:08.000Z</time>
        <extensions>
          <ns3:TrackPointExtension>
            <ns3:hr>153</ns3:hr>
          </ns3:TrackPointExtension>
        </extensions>
      </trkpt>
      <trkpt lat="51.9940700568258762359619140625" lon="5.8410881459712982177734375">
        <ele>44.200000762939453125</ele>
        <time>2026-05-30T08:16:16.000Z</time>
        <extensions>
          <ns3:TrackPointExtension>
            <ns3:hr>153</ns3:hr>
          </ns3:TrackPointExtension>
        </extensions>
      </trkpt>
      <trkpt lat="51.9940087012946605682373046875" lon="5.8410118706524372100830078125">
        <ele>44</ele>
        <time>2026-05-30T08:16:24.000Z</time>
        <extensions>
          <ns3:TrackPointExtension>
            <ns3:hr>153</ns3:hr>
          </ns3:TrackPointExtension>
        </extensions>
      </trkpt>
      <trkpt lat="51.99400425888597965240478515625" lon="5.8410165645182132720947265625">
        <ele>44.200000762939453125</ele>
        <time>2026-05-30T08:16:26.000Z</time>
        <extensions>
          <ns3:TrackPointExtension>
            <ns3:hr>152</ns3:hr>
          </ns3:TrackPointExtension>
        </extensions>
      </trkpt>
      <trkpt lat="51.993995122611522674560546875" lon="5.841006003320217132568359375">
        <ele>44.200000762939453125</ele>
        <time>2026-05-30T08:16:30.000Z</time>
        <extensions>
          <ns3:TrackPointExtension>
            <ns3:hr>149</ns3:hr>
          </ns3:TrackPointExtension>
        </extensions>
      </trkpt>
      <trkpt lat="51.99398866854608058929443359375" lon="5.840999968349933624267578125">
        <ele>44.200000762939453125</ele>
        <time>2026-05-30T08:16:31.000Z</time>
        <extensions>
          <ns3:TrackPointExtension>
            <ns3:hr>149</ns3:hr>
          </ns3:TrackPointExtension>
        </extensions>
      </trkpt>
      <trkpt lat="51.9939892552793025970458984375" lon="5.84097121842205524444580078125">
        <ele>44.200000762939453125</ele>
        <time>2026-05-30T08:16:33.000Z</time>
        <extensions>
          <ns3:TrackPointExtension>
            <ns3:hr>148</ns3:hr>
          </ns3:TrackPointExtension>
        </extensions>
      </trkpt>
      <trkpt lat="51.99398137629032135009765625" lon="5.84090173244476318359375">
        <ele>44.200000762939453125</ele>
        <time>2026-05-30T08:16:36.000Z</time>
        <extensions>
          <ns3:TrackPointExtension>
            <ns3:hr>148</ns3:hr>
          </ns3:TrackPointExtension>
        </extensions>
      </trkpt>
      <trkpt lat="51.9939496926963329315185546875" lon="5.84078396670520305633544921875">
        <ele>44.40000152587890625</ele>
        <time>2026-05-30T08:16:43.000Z</time>
        <extensions>
          <ns3:TrackPointExtension>
            <ns3:hr>147</ns3:hr>
          </ns3:TrackPointExtension>
        </extensions>
      </trkpt>
      <trkpt lat="51.9939466752111911773681640625" lon="5.84073468111455440521240234375">
        <ele>44.40000152587890625</ele>
        <time>2026-05-30T08:16:46.000Z</time>
        <extensions>
          <ns3:TrackPointExtension>
            <ns3:hr>148</ns3:hr>
          </ns3:TrackPointExtension>
        </extensions>
      </trkpt>
      <trkpt lat="51.9939527101814746856689453125" lon="5.840682797133922576904296875">
        <ele>44.799999237060546875</ele>
        <time>2026-05-30T08:16:50.000Z</time>
        <extensions>
          <ns3:TrackPointExtension>
            <ns3:hr>148</ns3:hr>
          </ns3:TrackPointExtension>
        </extensions>
      </trkpt>
      <trkpt lat="51.99395530857145786285400390625" lon="5.840642563998699188232421875">
        <ele>44.799999237060546875</ele>
        <time>2026-05-30T08:16:53.000Z</time>
        <extensions>
          <ns3:TrackPointExtension>
            <ns3:hr>149</ns3:hr>
          </ns3:TrackPointExtension>
        </extensions>
      </trkpt>
      <trkpt lat="51.9939691387116909027099609375" lon="5.84051524288952350616455078125">
        <ele>45</ele>
        <time>2026-05-30T08:16:59.000Z</time>
        <extensions>
          <ns3:TrackPointExtension>
            <ns3:hr>149</ns3:hr>
          </ns3:TrackPointExtension>
        </extensions>
      </trkpt>
      <trkpt lat="51.993982382118701934814453125" lon="5.84043326787650585174560546875">
        <ele>44.799999237060546875</ele>
        <time>2026-05-30T08:17:03.000Z</time>
        <extensions>
          <ns3:TrackPointExtension>
            <ns3:hr>152</ns3:hr>
          </ns3:TrackPointExtension>
        </extensions>
      </trkpt>
      <trkpt lat="51.9939981400966644287109375" lon="5.84035380743443965911865234375">
        <ele>45.200000762939453125</ele>
        <time>2026-05-30T08:17:08.000Z</time>
        <extensions>
          <ns3:TrackPointExtension>
            <ns3:hr>154</ns3:hr>
          </ns3:TrackPointExtension>
        </extensions>
      </trkpt>
      <trkpt lat="51.99402370490133762359619140625" lon="5.84018491208553314208984375">
        <ele>45.200000762939453125</ele>
        <time>2026-05-30T08:17:17.000Z</time>
        <extensions>
          <ns3:TrackPointExtension>
            <ns3:hr>153</ns3:hr>
          </ns3:TrackPointExtension>
        </extensions>
      </trkpt>
      <trkpt lat="51.99404516257345676422119140625" lon="5.84000595845282077789306640625">
        <ele>45.40000152587890625</ele>
        <time>2026-05-30T08:17:26.000Z</time>
        <extensions>
          <ns3:TrackPointExtension>
            <ns3:hr>154</ns3:hr>
          </ns3:TrackPointExtension>
        </extensions>
      </trkpt>
      <trkpt lat="51.9940589927136898040771484375" lon="5.8398662321269512176513671875">
        <ele>45.40000152587890625</ele>
        <time>2026-05-30T08:17:34.000Z</time>
        <extensions>
          <ns3:TrackPointExtension>
            <ns3:hr>154</ns3:hr>
          </ns3:TrackPointExtension>
        </extensions>
      </trkpt>
      <trkpt lat="51.9940744154155254364013671875" lon="5.83967663347721099853515625">
        <ele>45.200000762939453125</ele>
        <time>2026-05-30T08:17:45.000Z</time>
        <extensions>
          <ns3:TrackPointExtension>
            <ns3:hr>153</ns3:hr>
          </ns3:TrackPointExtension>
        </extensions>
      </trkpt>
      <trkpt lat="51.994083635509014129638671875" lon="5.839535482227802276611328125">
        <ele>45.200000762939453125</ele>
        <time>2026-05-30T08:17:52.000Z</time>
        <extensions>
          <ns3:TrackPointExtension>
            <ns3:hr>150</ns3:hr>
          </ns3:TrackPointExtension>
        </extensions>
      </trkpt>
      <trkpt lat="51.99408422224223613739013671875" lon="5.83948996849358081817626953125">
        <ele>45.200000762939453125</ele>
        <time>2026-05-30T08:17:55.000Z</time>
        <extensions>
          <ns3:TrackPointExtension>
            <ns3:hr>150</ns3:hr>
          </ns3:TrackPointExtension>
        </extensions>
      </trkpt>
      <trkpt lat="51.99411272071301937103271484375" lon="5.8393214084208011627197265625">
        <ele>45.40000152587890625</ele>
        <time>2026-05-30T08:18:05.000Z</time>
        <extensions>
          <ns3:TrackPointExtension>
            <ns3:hr>151</ns3:hr>
          </ns3:TrackPointExtension>
        </extensions>
      </trkpt>
      <trkpt lat="51.9941408000886440277099609375" lon="5.8391135372221469879150390625">
        <ele>45.200000762939453125</ele>
        <time>2026-05-30T08:18:16.000Z</time>
        <extensions>
          <ns3:TrackPointExtension>
            <ns3:hr>152</ns3:hr>
          </ns3:TrackPointExtension>
        </extensions>
      </trkpt>
      <trkpt lat="51.994168795645236968994140625" lon="5.8389723859727382659912109375">
        <ele>45.200000762939453125</ele>
        <time>2026-05-30T08:18:24.000Z</time>
        <extensions>
          <ns3:TrackPointExtension>
            <ns3:hr>152</ns3:hr>
          </ns3:TrackPointExtension>
        </extensions>
      </trkpt>
      <trkpt lat="51.9941993057727813720703125" lon="5.83879611454904079437255859375">
        <ele>45</ele>
        <time>2026-05-30T08:18:34.000Z</time>
        <extensions>
          <ns3:TrackPointExtension>
            <ns3:hr>151</ns3:hr>
          </ns3:TrackPointExtension>
        </extensions>
      </trkpt>
      <trkpt lat="51.9942234456539154052734375" lon="5.8385534584522247314453125">
        <ele>44.799999237060546875</ele>
        <time>2026-05-30T08:18:47.000Z</time>
        <extensions>
          <ns3:TrackPointExtension>
            <ns3:hr>150</ns3:hr>
          </ns3:TrackPointExtension>
        </extensions>
      </trkpt>
      <trkpt lat="51.994247250258922576904296875" lon="5.8383521251380443572998046875">
        <ele>44.40000152587890625</ele>
        <time>2026-05-30T08:18:58.000Z</time>
        <extensions>
          <ns3:TrackPointExtension>
            <ns3:hr>148</ns3:hr>
          </ns3:TrackPointExtension>
        </extensions>
      </trkpt>
      <trkpt lat="51.99428052641451358795166015625" lon="5.83815674297511577606201171875">
        <ele>43.799999237060546875</ele>
        <time>2026-05-30T08:19:08.000Z</time>
        <extensions>
          <ns3:TrackPointExtension>
            <ns3:hr>147</ns3:hr>
          </ns3:TrackPointExtension>
        </extensions>
      </trkpt>
      <trkpt lat="51.99428203515708446502685546875" lon="5.83814081735908985137939453125">
        <ele>43.799999237060546875</ele>
        <time>2026-05-30T08:19:09.000Z</time>
        <extensions>
          <ns3:TrackPointExtension>
            <ns3:hr>147</ns3:hr>
          </ns3:TrackPointExtension>
        </extensions>
      </trkpt>
      <trkpt lat="51.99430718086659908294677734375" lon="5.83799354732036590576171875">
        <ele>43.40000152587890625</ele>
        <time>2026-05-30T08:19:17.000Z</time>
        <extensions>
          <ns3:TrackPointExtension>
            <ns3:hr>147</ns3:hr>
          </ns3:TrackPointExtension>
        </extensions>
      </trkpt>
      <trkpt lat="51.99432411231100559234619140625" lon="5.83789053373038768768310546875">
        <ele>43.40000152587890625</ele>
        <time>2026-05-30T08:19:23.000Z</time>
        <extensions>
          <ns3:TrackPointExtension>
            <ns3:hr>144</ns3:hr>
          </ns3:TrackPointExtension>
        </extensions>
      </trkpt>
      <trkpt lat="51.9943349249660968780517578125" lon="5.83784736692905426025390625">
        <ele>43.200000762939453125</ele>
        <time>2026-05-30T08:19:27.000Z</time>
        <extensions>
          <ns3:TrackPointExtension>
            <ns3:hr>143</ns3:hr>
          </ns3:TrackPointExtension>
        </extensions>
      </trkpt>
      <trkpt lat="51.99435093440115451812744140625" lon="5.8376752026379108428955078125">
        <ele>43</ele>
        <time>2026-05-30T08:19:35.000Z</time>
        <extensions>
          <ns3:TrackPointExtension>
            <ns3:hr>142</ns3:hr>
          </ns3:TrackPointExtension>
        </extensions>
      </trkpt>
      <trkpt lat="51.99435881339013576507568359375" lon="5.83763220347464084625244140625">
        <ele>42.799999237060546875</ele>
        <time>2026-05-30T08:19:37.000Z</time>
        <extensions>
          <ns3:TrackPointExtension>
            <ns3:hr>143</ns3:hr>
          </ns3:TrackPointExtension>
        </extensions>
      </trkpt>
      <trkpt lat="51.9943808577954769134521484375" lon="5.8375296927988529205322265625">
        <ele>42.59999847412109375</ele>
        <time>2026-05-30T08:19:43.000Z</time>
        <extensions>
          <ns3:TrackPointExtension>
            <ns3:hr>143</ns3:hr>
          </ns3:TrackPointExtension>
        </extensions>
      </trkpt>
      <trkpt lat="51.99440038762986660003662109375" lon="5.837376974523067474365234375">
        <ele>42.59999847412109375</ele>
        <time>2026-05-30T08:19:52.000Z</time>
        <extensions>
          <ns3:TrackPointExtension>
            <ns3:hr>143</ns3:hr>
          </ns3:TrackPointExtension>
        </extensions>
      </trkpt>
      <trkpt lat="51.99441363103687763214111328125" lon="5.83730732090771198272705078125">
        <ele>42.59999847412109375</ele>
        <time>2026-05-30T08:19:56.000Z</time>
        <extensions>
          <ns3:TrackPointExtension>
            <ns3:hr>146</ns3:hr>
          </ns3:TrackPointExtension>
        </extensions>
      </trkpt>
      <trkpt lat="51.99443441815674304962158203125" lon="5.83721629343926906585693359375">
        <ele>42.40000152587890625</ele>
        <time>2026-05-30T08:20:01.000Z</time>
        <extensions>
          <ns3:TrackPointExtension>
            <ns3:hr>146</ns3:hr>
          </ns3:TrackPointExtension>
        </extensions>
      </trkpt>
      <trkpt lat="51.99446056969463825225830078125" lon="5.837087966501712799072265625">
        <ele>42.40000152587890625</ele>
        <time>2026-05-30T08:20:09.000Z</time>
        <extensions>
          <ns3:TrackPointExtension>
            <ns3:hr>145</ns3:hr>
          </ns3:TrackPointExtension>
        </extensions>
      </trkpt>
      <trkpt lat="51.99449233710765838623046875" lon="5.83689610473811626434326171875">
        <ele>42.40000152587890625</ele>
        <time>2026-05-30T08:20:18.000Z</time>
        <extensions>
          <ns3:TrackPointExtension>
            <ns3:hr>145</ns3:hr>
          </ns3:TrackPointExtension>
        </extensions>
      </trkpt>
      <trkpt lat="51.994503401219844818115234375" lon="5.83675478585064411163330078125">
        <ele>42.200000762939453125</ele>
        <time>2026-05-30T08:20:27.000Z</time>
        <extensions>
          <ns3:TrackPointExtension>
            <ns3:hr>146</ns3:hr>
          </ns3:TrackPointExtension>
        </extensions>
      </trkpt>
      <trkpt lat="51.99451957829296588897705078125" lon="5.83663006313145160675048828125">
        <ele>42.200000762939453125</ele>
        <time>2026-05-30T08:20:34.000Z</time>
        <extensions>
          <ns3:TrackPointExtension>
            <ns3:hr>148</ns3:hr>
          </ns3:TrackPointExtension>
        </extensions>
      </trkpt>
      <trkpt lat="51.99454925023019313812255859375" lon="5.8365042507648468017578125">
        <ele>42</ele>
        <time>2026-05-30T08:20:42.000Z</time>
        <extensions>
          <ns3:TrackPointExtension>
            <ns3:hr>148</ns3:hr>
          </ns3:TrackPointExtension>
        </extensions>
      </trkpt>
      <trkpt lat="51.99453315697610378265380859375" lon="5.8364417217671871185302734375">
        <ele>42</ele>
        <time>2026-05-30T08:20:49.000Z</time>
        <extensions>
          <ns3:TrackPointExtension>
            <ns3:hr>148</ns3:hr>
          </ns3:TrackPointExtension>
        </extensions>
      </trkpt>
      <trkpt lat="51.994461826980113983154296875" lon="5.8363575674593448638916015625">
        <ele>42.40000152587890625</ele>
        <time>2026-05-30T08:20:57.000Z</time>
        <extensions>
          <ns3:TrackPointExtension>
            <ns3:hr>146</ns3:hr>
          </ns3:TrackPointExtension>
        </extensions>
      </trkpt>
      <trkpt lat="51.99436820112168788909912109375" lon="5.83629864268004894256591796875">
        <ele>42.40000152587890625</ele>
        <time>2026-05-30T08:21:06.000Z</time>
        <extensions>
          <ns3:TrackPointExtension>
            <ns3:hr>147</ns3:hr>
          </ns3:TrackPointExtension>
        </extensions>
      </trkpt>
      <trkpt lat="51.994295530021190643310546875" lon="5.8362965472042560577392578125">
        <ele>42.40000152587890625</ele>
        <time>2026-05-30T08:21:13.000Z</time>
        <extensions>
          <ns3:TrackPointExtension>
            <ns3:hr>148</ns3:hr>
          </ns3:TrackPointExtension>
        </extensions>
      </trkpt>
      <trkpt lat="51.99419033713638782501220703125" lon="5.83625572733581066131591796875">
        <ele>43.40000152587890625</ele>
        <time>2026-05-30T08:21:21.000Z</time>
        <extensions>
          <ns3:TrackPointExtension>
            <ns3:hr>151</ns3:hr>
          </ns3:TrackPointExtension>
        </extensions>
      </trkpt>
      <trkpt lat="51.99412764050066471099853515625" lon="5.8362633548676967620849609375">
        <ele>43.40000152587890625</ele>
        <time>2026-05-30T08:21:28.000Z</time>
        <extensions>
          <ns3:TrackPointExtension>
            <ns3:hr>154</ns3:hr>
          </ns3:TrackPointExtension>
        </extensions>
      </trkpt>
      <trkpt lat="51.99410132132470607757568359375" lon="5.8362700603902339935302734375">
        <ele>42.799999237060546875</ele>
        <time>2026-05-30T08:21:31.000Z</time>
        <extensions>
          <ns3:TrackPointExtension>
            <ns3:hr>152</ns3:hr>
          </ns3:TrackPointExtension>
        </extensions>
      </trkpt>
      <trkpt lat="51.9939936138689517974853515625" lon="5.83622605539858341217041015625">
        <ele>43</ele>
        <time>2026-05-30T08:21:39.000Z</time>
        <extensions>
          <ns3:TrackPointExtension>
            <ns3:hr>152</ns3:hr>
          </ns3:TrackPointExtension>
        </extensions>
      </trkpt>
      <trkpt lat="51.9938769377768039703369140625" lon="5.83617777563631534576416015625">
        <ele>43.200000762939453125</ele>
        <time>2026-05-30T08:21:49.000Z</time>
        <extensions>
          <ns3:TrackPointExtension>
            <ns3:hr>150</ns3:hr>
          </ns3:TrackPointExtension>
        </extensions>
      </trkpt>
      <trkpt lat="51.99377174489200115203857421875" lon="5.83613603375852108001708984375">
        <ele>43.40000152587890625</ele>
        <time>2026-05-30T08:21:59.000Z</time>
        <extensions>
          <ns3:TrackPointExtension>
            <ns3:hr>152</ns3:hr>
          </ns3:TrackPointExtension>
        </extensions>
      </trkpt>
      <trkpt lat="51.9936628639698028564453125" lon="5.83610284142196178436279296875">
        <ele>43.799999237060546875</ele>
        <time>2026-05-30T08:22:08.000Z</time>
        <extensions>
          <ns3:TrackPointExtension>
            <ns3:hr>153</ns3:hr>
          </ns3:TrackPointExtension>
        </extensions>
      </trkpt>
      <trkpt lat="51.993562616407871246337890625" lon="5.83608289249241352081298828125">
        <ele>43.799999237060546875</ele>
        <time>2026-05-30T08:22:16.000Z</time>
        <extensions>
          <ns3:TrackPointExtension>
            <ns3:hr>153</ns3:hr>
          </ns3:TrackPointExtension>
        </extensions>
      </trkpt>
      <trkpt lat="51.99345876462757587432861328125" lon="5.8360494486987590789794921875">
        <ele>44.200000762939453125</ele>
        <time>2026-05-30T08:22:26.000Z</time>
        <extensions>
          <ns3:TrackPointExtension>
            <ns3:hr>154</ns3:hr>
          </ns3:TrackPointExtension>
        </extensions>
      </trkpt>
      <trkpt lat="51.9933532364666461944580078125" lon="5.836023800075054168701171875">
        <ele>44.40000152587890625</ele>
        <time>2026-05-30T08:22:35.000Z</time>
        <extensions>
          <ns3:TrackPointExtension>
            <ns3:hr>155</ns3:hr>
          </ns3:TrackPointExtension>
        </extensions>
      </trkpt>
      <trkpt lat="51.99329674243927001953125" lon="5.83601541817188262939453125">
        <ele>44.59999847412109375</ele>
        <time>2026-05-30T08:22:40.000Z</time>
        <extensions>
          <ns3:TrackPointExtension>
            <ns3:hr>155</ns3:hr>
          </ns3:TrackPointExtension>
        </extensions>
      </trkpt>
      <trkpt lat="51.9932167790830135345458984375" lon="5.8359780348837375640869140625">
        <ele>44.799999237060546875</ele>
        <time>2026-05-30T08:22:47.000Z</time>
        <extensions>
          <ns3:TrackPointExtension>
            <ns3:hr>156</ns3:hr>
          </ns3:TrackPointExtension>
        </extensions>
      </trkpt>
      <trkpt lat="51.99313689954578876495361328125" lon="5.835942663252353668212890625">
        <ele>44.799999237060546875</ele>
        <time>2026-05-30T08:22:53.000Z</time>
        <extensions>
          <ns3:TrackPointExtension>
            <ns3:hr>157</ns3:hr>
          </ns3:TrackPointExtension>
        </extensions>
      </trkpt>
      <trkpt lat="51.9930897094309329986572265625" lon="5.835926569998264312744140625">
        <ele>45</ele>
        <time>2026-05-30T08:22:58.000Z</time>
        <extensions>
          <ns3:TrackPointExtension>
            <ns3:hr>158</ns3:hr>
          </ns3:TrackPointExtension>
        </extensions>
      </trkpt>
      <trkpt lat="51.99299968779087066650390625" lon="5.83588491193950176239013671875">
        <ele>45.59999847412109375</ele>
        <time>2026-05-30T08:23:07.000Z</time>
        <extensions>
          <ns3:TrackPointExtension>
            <ns3:hr>158</ns3:hr>
          </ns3:TrackPointExtension>
        </extensions>
      </trkpt>
      <trkpt lat="51.99289147742092609405517578125" lon="5.83586496300995349884033203125">
        <ele>45.59999847412109375</ele>
        <time>2026-05-30T08:23:16.000Z</time>
        <extensions>
          <ns3:TrackPointExtension>
            <ns3:hr>161</ns3:hr>
          </ns3:TrackPointExtension>
        </extensions>
      </trkpt>
      <trkpt lat="51.99281788431107997894287109375" lon="5.8358563296496868133544921875">
        <ele>46</ele>
        <time>2026-05-30T08:23:22.000Z</time>
        <extensions>
          <ns3:TrackPointExtension>
            <ns3:hr>163</ns3:hr>
          </ns3:TrackPointExtension>
        </extensions>
      </trkpt>
      <trkpt lat="51.99278988875448703765869140625" lon="5.83585289306938648223876953125">
        <ele>46</ele>
        <time>2026-05-30T08:23:24.000Z</time>
        <extensions>
          <ns3:TrackPointExtension>
            <ns3:hr>163</ns3:hr>
          </ns3:TrackPointExtension>
        </extensions>
      </trkpt>
      <trkpt lat="51.99268276803195476531982421875" lon="5.835834033787250518798828125">
        <ele>46.40000152587890625</ele>
        <time>2026-05-30T08:23:33.000Z</time>
        <extensions>
          <ns3:TrackPointExtension>
            <ns3:hr>166</ns3:hr>
          </ns3:TrackPointExtension>
        </extensions>
      </trkpt>
      <trkpt lat="51.9926558621227741241455078125" lon="5.835828669369220733642578125">
        <ele>46.59999847412109375</ele>
        <time>2026-05-30T08:23:35.000Z</time>
        <extensions>
          <ns3:TrackPointExtension>
            <ns3:hr>166</ns3:hr>
          </ns3:TrackPointExtension>
        </extensions>
      </trkpt>
      <trkpt lat="51.99259039945900440216064453125" lon="5.83580226637423038482666015625">
        <ele>47</ele>
        <time>2026-05-30T08:23:41.000Z</time>
        <extensions>
          <ns3:TrackPointExtension>
            <ns3:hr>166</ns3:hr>
          </ns3:TrackPointExtension>
        </extensions>
      </trkpt>
      <trkpt lat="51.99256206862628459930419921875" lon="5.8357500471174716949462890625">
        <ele>47.40000152587890625</ele>
        <time>2026-05-30T08:23:45.000Z</time>
        <extensions>
          <ns3:TrackPointExtension>
            <ns3:hr>165</ns3:hr>
          </ns3:TrackPointExtension>
        </extensions>
      </trkpt>
      <trkpt lat="51.99256475083529949188232421875" lon="5.83569095470011234283447265625">
        <ele>47.59999847412109375</ele>
        <time>2026-05-30T08:23:52.000Z</time>
        <extensions>
          <ns3:TrackPointExtension>
            <ns3:hr>167</ns3:hr>
          </ns3:TrackPointExtension>
        </extensions>
      </trkpt>
      <trkpt lat="51.99252485297620296478271484375" lon="5.835638232529163360595703125">
        <ele>47.59999847412109375</ele>
        <time>2026-05-30T08:23:58.000Z</time>
        <extensions>
          <ns3:TrackPointExtension>
            <ns3:hr>166</ns3:hr>
          </ns3:TrackPointExtension>
        </extensions>
      </trkpt>
      <trkpt lat="51.99253164231777191162109375" lon="5.83549096249043941497802734375">
        <ele>47.799999237060546875</ele>
        <time>2026-05-30T08:24:06.000Z</time>
        <extensions>
          <ns3:TrackPointExtension>
            <ns3:hr>165</ns3:hr>
          </ns3:TrackPointExtension>
        </extensions>
      </trkpt>
      <trkpt lat="51.99257380329072475433349609375" lon="5.83532206714153289794921875">
        <ele>47.799999237060546875</ele>
        <time>2026-05-30T08:24:15.000Z</time>
        <extensions>
          <ns3:TrackPointExtension>
            <ns3:hr>165</ns3:hr>
          </ns3:TrackPointExtension>
        </extensions>
      </trkpt>
      <trkpt lat="51.99258252047002315521240234375" lon="5.83528594113886356353759765625">
        <ele>48</ele>
        <time>2026-05-30T08:24:17.000Z</time>
        <extensions>
          <ns3:TrackPointExtension>
            <ns3:hr>165</ns3:hr>
          </ns3:TrackPointExtension>
        </extensions>
      </trkpt>
      <trkpt lat="51.99261747300624847412109375" lon="5.83513255231082439422607421875">
        <ele>48</ele>
        <time>2026-05-30T08:24:26.000Z</time>
        <extensions>
          <ns3:TrackPointExtension>
            <ns3:hr>164</ns3:hr>
          </ns3:TrackPointExtension>
        </extensions>
      </trkpt>
      <trkpt lat="51.992651335895061492919921875" lon="5.83493021316826343536376953125">
        <ele>47.799999237060546875</ele>
        <time>2026-05-30T08:24:36.000Z</time>
        <extensions>
          <ns3:TrackPointExtension>
            <ns3:hr>162</ns3:hr>
          </ns3:TrackPointExtension>
        </extensions>
      </trkpt>
      <trkpt lat="51.99268494732677936553955078125" lon="5.83476626314222812652587890625">
        <ele>47.799999237060546875</ele>
        <time>2026-05-30T08:24:46.000Z</time>
        <extensions>
          <ns3:TrackPointExtension>
            <ns3:hr>161</ns3:hr>
          </ns3:TrackPointExtension>
        </extensions>
      </trkpt>
      <trkpt lat="51.99273155070841312408447265625" lon="5.83456710912287235260009765625">
        <ele>47.799999237060546875</ele>
        <time>2026-05-30T08:24:58.000Z</time>
        <extensions>
          <ns3:TrackPointExtension>
            <ns3:hr>159</ns3:hr>
          </ns3:TrackPointExtension>
        </extensions>
      </trkpt>
      <trkpt lat="51.99275133199989795684814453125" lon="5.8344102837145328521728515625">
        <ele>48</ele>
        <time>2026-05-30T08:25:06.000Z</time>
        <extensions>
          <ns3:TrackPointExtension>
            <ns3:hr>157</ns3:hr>
          </ns3:TrackPointExtension>
        </extensions>
      </trkpt>
      <trkpt lat="51.992797516286373138427734375" lon="5.83423401229083538055419921875">
        <ele>48.200000762939453125</ele>
        <time>2026-05-30T08:25:17.000Z</time>
        <extensions>
          <ns3:TrackPointExtension>
            <ns3:hr>159</ns3:hr>
          </ns3:TrackPointExtension>
        </extensions>
      </trkpt>
      <trkpt lat="51.992827691137790679931640625" lon="5.834071151912212371826171875">
        <ele>48.59999847412109375</ele>
        <time>2026-05-30T08:25:26.000Z</time>
        <extensions>
          <ns3:TrackPointExtension>
            <ns3:hr>159</ns3:hr>
          </ns3:TrackPointExtension>
        </extensions>
      </trkpt>
      <trkpt lat="51.992864571511745452880859375" lon="5.833904854953289031982421875">
        <ele>49</ele>
        <time>2026-05-30T08:25:36.000Z</time>
        <extensions>
          <ns3:TrackPointExtension>
            <ns3:hr>158</ns3:hr>
          </ns3:TrackPointExtension>
        </extensions>
      </trkpt>
      <trkpt lat="51.9928744621574878692626953125" lon="5.83386906422674655914306640625">
        <ele>49</ele>
        <time>2026-05-30T08:25:38.000Z</time>
        <extensions>
          <ns3:TrackPointExtension>
            <ns3:hr>158</ns3:hr>
          </ns3:TrackPointExtension>
        </extensions>
      </trkpt>
      <trkpt lat="51.99288904666900634765625" lon="5.833725146949291229248046875">
        <ele>49.40000152587890625</ele>
        <time>2026-05-30T08:25:45.000Z</time>
        <extensions>
          <ns3:TrackPointExtension>
            <ns3:hr>161</ns3:hr>
          </ns3:TrackPointExtension>
        </extensions>
      </trkpt>
      <trkpt lat="51.99288896284997463226318359375" lon="5.8336897753179073333740234375">
        <ele>49.59999847412109375</ele>
        <time>2026-05-30T08:25:47.000Z</time>
        <extensions>
          <ns3:TrackPointExtension>
            <ns3:hr>161</ns3:hr>
          </ns3:TrackPointExtension>
        </extensions>
      </trkpt>
      <trkpt lat="51.99287152849137783050537109375" lon="5.83357251249253749847412109375">
        <ele>50</ele>
        <time>2026-05-30T08:25:55.000Z</time>
        <extensions>
          <ns3:TrackPointExtension>
            <ns3:hr>162</ns3:hr>
          </ns3:TrackPointExtension>
        </extensions>
      </trkpt>
      <trkpt lat="51.99285627342760562896728515625" lon="5.83345550112426280975341796875">
        <ele>50.799999237060546875</ele>
        <time>2026-05-30T08:26:03.000Z</time>
        <extensions>
          <ns3:TrackPointExtension>
            <ns3:hr>163</ns3:hr>
          </ns3:TrackPointExtension>
        </extensions>
      </trkpt>
      <trkpt lat="51.992818303406238555908203125" lon="5.8333169482648372650146484375">
        <ele>50.799999237060546875</ele>
        <time>2026-05-30T08:26:11.000Z</time>
        <extensions>
          <ns3:TrackPointExtension>
            <ns3:hr>165</ns3:hr>
          </ns3:TrackPointExtension>
        </extensions>
      </trkpt>
      <trkpt lat="51.99280262924730777740478515625" lon="5.83326439373195171356201171875">
        <ele>51</ele>
        <time>2026-05-30T08:26:14.000Z</time>
        <extensions>
          <ns3:TrackPointExtension>
            <ns3:hr>165</ns3:hr>
          </ns3:TrackPointExtension>
        </extensions>
      </trkpt>
      <trkpt lat="51.99276859872043132781982421875" lon="5.83311863243579864501953125">
        <ele>51.59999847412109375</ele>
        <time>2026-05-30T08:26:22.000Z</time>
        <extensions>
          <ns3:TrackPointExtension>
            <ns3:hr>164</ns3:hr>
          </ns3:TrackPointExtension>
        </extensions>
      </trkpt>
      <trkpt lat="51.992744542658329010009765625" lon="5.83300773985683917999267578125">
        <ele>52</ele>
        <time>2026-05-30T08:26:30.000Z</time>
        <extensions>
          <ns3:TrackPointExtension>
            <ns3:hr>164</ns3:hr>
          </ns3:TrackPointExtension>
        </extensions>
      </trkpt>
      <trkpt lat="51.99272283352911472320556640625" lon="5.8329300396144390106201171875">
        <ele>52.200000762939453125</ele>
        <time>2026-05-30T08:26:35.000Z</time>
        <extensions>
          <ns3:TrackPointExtension>
            <ns3:hr>164</ns3:hr>
          </ns3:TrackPointExtension>
        </extensions>
      </trkpt>
      <trkpt lat="51.9926977716386318206787109375" lon="5.8328671753406524658203125">
        <ele>52.59999847412109375</ele>
        <time>2026-05-30T08:26:40.000Z</time>
        <extensions>
          <ns3:TrackPointExtension>
            <ns3:hr>164</ns3:hr>
          </ns3:TrackPointExtension>
        </extensions>
      </trkpt>
      <trkpt lat="51.9926484860479831695556640625" lon="5.83271755836904048919677734375">
        <ele>52.799999237060546875</ele>
        <time>2026-05-30T08:26:49.000Z</time>
        <extensions>
          <ns3:TrackPointExtension>
            <ns3:hr>165</ns3:hr>
          </ns3:TrackPointExtension>
        </extensions>
      </trkpt>
      <trkpt lat="51.992629207670688629150390625" lon="5.83264362998306751251220703125">
        <ele>53.200000762939453125</ele>
        <time>2026-05-30T08:26:54.000Z</time>
        <extensions>
          <ns3:TrackPointExtension>
            <ns3:hr>166</ns3:hr>
          </ns3:TrackPointExtension>
        </extensions>
      </trkpt>
      <trkpt lat="51.99262359179556369781494140625" lon="5.83260507322847843170166015625">
        <ele>53.40000152587890625</ele>
        <time>2026-05-30T08:26:57.000Z</time>
        <extensions>
          <ns3:TrackPointExtension>
            <ns3:hr>167</ns3:hr>
          </ns3:TrackPointExtension>
        </extensions>
      </trkpt>
      <trkpt lat="51.99259509332478046417236328125" lon="5.83250046707689762115478515625">
        <ele>54.200000762939453125</ele>
        <time>2026-05-30T08:27:03.000Z</time>
        <extensions>
          <ns3:TrackPointExtension>
            <ns3:hr>167</ns3:hr>
          </ns3:TrackPointExtension>
        </extensions>
      </trkpt>
      <trkpt lat="51.99257053434848785400390625" lon="5.83244162611663341522216796875">
        <ele>53.59999847412109375</ele>
        <time>2026-05-30T08:27:07.000Z</time>
        <extensions>
          <ns3:TrackPointExtension>
            <ns3:hr>167</ns3:hr>
          </ns3:TrackPointExtension>
        </extensions>
      </trkpt>
      <trkpt lat="51.99253859929740428924560546875" lon="5.83233584649860858917236328125">
        <ele>54</ele>
        <time>2026-05-30T08:27:13.000Z</time>
        <extensions>
          <ns3:TrackPointExtension>
            <ns3:hr>167</ns3:hr>
          </ns3:TrackPointExtension>
        </extensions>
      </trkpt>
      <trkpt lat="51.9925311394035816192626953125" lon="5.832298211753368377685546875">
        <ele>54.200000762939453125</ele>
        <time>2026-05-30T08:27:16.000Z</time>
        <extensions>
          <ns3:TrackPointExtension>
            <ns3:hr>166</ns3:hr>
          </ns3:TrackPointExtension>
        </extensions>
      </trkpt>
      <trkpt lat="51.9925338216125965118408203125" lon="5.8321123011410236358642578125">
        <ele>54.59999847412109375</ele>
        <time>2026-05-30T08:27:26.000Z</time>
        <extensions>
          <ns3:TrackPointExtension>
            <ns3:hr>167</ns3:hr>
          </ns3:TrackPointExtension>
        </extensions>
      </trkpt>
      <trkpt lat="51.9925240986049175262451171875" lon="5.8318950422108173370361328125">
        <ele>55</ele>
        <time>2026-05-30T08:27:36.000Z</time>
        <extensions>
          <ns3:TrackPointExtension>
            <ns3:hr>165</ns3:hr>
          </ns3:TrackPointExtension>
        </extensions>
      </trkpt>
      <trkpt lat="51.9925363361835479736328125" lon="5.8317674696445465087890625">
        <ele>55.40000152587890625</ele>
        <time>2026-05-30T08:27:43.000Z</time>
        <extensions>
          <ns3:TrackPointExtension>
            <ns3:hr>165</ns3:hr>
          </ns3:TrackPointExtension>
        </extensions>
      </trkpt>
      <trkpt lat="51.9925375096499919891357421875" lon="5.831720530986785888671875">
        <ele>55.59999847412109375</ele>
        <time>2026-05-30T08:27:46.000Z</time>
        <extensions>
          <ns3:TrackPointExtension>
            <ns3:hr>165</ns3:hr>
          </ns3:TrackPointExtension>
        </extensions>
      </trkpt>
      <trkpt lat="51.99254505336284637451171875" lon="5.8315537311136722564697265625">
        <ele>55.40000152587890625</ele>
        <time>2026-05-30T08:27:56.000Z</time>
        <extensions>
          <ns3:TrackPointExtension>
            <ns3:hr>167</ns3:hr>
          </ns3:TrackPointExtension>
        </extensions>
      </trkpt>
      <trkpt lat="51.99254916049540042877197265625" lon="5.83138324320316314697265625">
        <ele>56.200000762939453125</ele>
        <time>2026-05-30T08:28:05.000Z</time>
        <extensions>
          <ns3:TrackPointExtension>
            <ns3:hr>168</ns3:hr>
          </ns3:TrackPointExtension>
        </extensions>
      </trkpt>
      <trkpt lat="51.99255301617085933685302734375" lon="5.83131912164390087127685546875">
        <ele>56</ele>
        <time>2026-05-30T08:28:08.000Z</time>
        <extensions>
          <ns3:TrackPointExtension>
            <ns3:hr>165</ns3:hr>
          </ns3:TrackPointExtension>
        </extensions>
      </trkpt>
      <trkpt lat="51.9925582967698574066162109375" lon="5.831200182437896728515625">
        <ele>56.200000762939453125</ele>
        <time>2026-05-30T08:28:14.000Z</time>
        <extensions>
          <ns3:TrackPointExtension>
            <ns3:hr>164</ns3:hr>
          </ns3:TrackPointExtension>
        </extensions>
      </trkpt>
      <trkpt lat="51.9925623200833797454833984375" lon="5.831076800823211669921875">
        <ele>56.40000152587890625</ele>
        <time>2026-05-30T08:28:22.000Z</time>
        <extensions>
          <ns3:TrackPointExtension>
            <ns3:hr>164</ns3:hr>
          </ns3:TrackPointExtension>
        </extensions>
      </trkpt>
      <trkpt lat="51.99256257154047489166259765625" lon="5.8310602046549320220947265625">
        <ele>56.59999847412109375</ele>
        <time>2026-05-30T08:28:23.000Z</time>
        <extensions>
          <ns3:TrackPointExtension>
            <ns3:hr>164</ns3:hr>
          </ns3:TrackPointExtension>
        </extensions>
      </trkpt>
      <trkpt lat="51.99258822016417980194091796875" lon="5.83087638951838016510009765625">
        <ele>56.799999237060546875</ele>
        <time>2026-05-30T08:28:33.000Z</time>
        <extensions>
          <ns3:TrackPointExtension>
            <ns3:hr>163</ns3:hr>
          </ns3:TrackPointExtension>
        </extensions>
      </trkpt>
      <trkpt lat="51.99260297231376171112060546875" lon="5.83069601096212863922119140625">
        <ele>57.200000762939453125</ele>
        <time>2026-05-30T08:28:42.000Z</time>
        <extensions>
          <ns3:TrackPointExtension>
            <ns3:hr>164</ns3:hr>
          </ns3:TrackPointExtension>
        </extensions>
      </trkpt>
      <trkpt lat="51.9926333986222743988037109375" lon="5.83053977228701114654541015625">
        <ele>57.40000152587890625</ele>
        <time>2026-05-30T08:28:52.000Z</time>
        <extensions>
          <ns3:TrackPointExtension>
            <ns3:hr>164</ns3:hr>
          </ns3:TrackPointExtension>
        </extensions>
      </trkpt>
      <trkpt lat="51.9926409423351287841796875" lon="5.83044958300888538360595703125">
        <ele>57.59999847412109375</ele>
        <time>2026-05-30T08:28:57.000Z</time>
        <extensions>
          <ns3:TrackPointExtension>
            <ns3:hr>163</ns3:hr>
          </ns3:TrackPointExtension>
        </extensions>
      </trkpt>
      <trkpt lat="51.99265594594180583953857421875" lon="5.83034522831439971923828125">
        <ele>57.799999237060546875</ele>
        <time>2026-05-30T08:29:02.000Z</time>
        <extensions>
          <ns3:TrackPointExtension>
            <ns3:hr>163</ns3:hr>
          </ns3:TrackPointExtension>
        </extensions>
      </trkpt>
      <trkpt lat="51.99267036281526088714599609375" lon="5.83018320612609386444091796875">
        <ele>58.200000762939453125</ele>
        <time>2026-05-30T08:29:12.000Z</time>
        <extensions>
          <ns3:TrackPointExtension>
            <ns3:hr>163</ns3:hr>
          </ns3:TrackPointExtension>
        </extensions>
      </trkpt>
      <trkpt lat="51.992698274552822113037109375" lon="5.8300456590950489044189453125">
        <ele>58.200000762939453125</ele>
        <time>2026-05-30T08:29:20.000Z</time>
        <extensions>
          <ns3:TrackPointExtension>
            <ns3:hr>162</ns3:hr>
          </ns3:TrackPointExtension>
        </extensions>
      </trkpt>
      <trkpt lat="51.99270003475248813629150390625" lon="5.82997449673712253570556640625">
        <ele>58.799999237060546875</ele>
        <time>2026-05-30T08:29:24.000Z</time>
        <extensions>
          <ns3:TrackPointExtension>
            <ns3:hr>162</ns3:hr>
          </ns3:TrackPointExtension>
        </extensions>
      </trkpt>
      <trkpt lat="51.9927081651985645294189453125" lon="5.82991515286266803741455078125">
        <ele>59</ele>
        <time>2026-05-30T08:29:29.000Z</time>
        <extensions>
          <ns3:TrackPointExtension>
            <ns3:hr>162</ns3:hr>
          </ns3:TrackPointExtension>
        </extensions>
      </trkpt>
      <trkpt lat="51.9927252642810344696044921875" lon="5.82976327277719974517822265625">
        <ele>58.799999237060546875</ele>
        <time>2026-05-30T08:29:37.000Z</time>
        <extensions>
          <ns3:TrackPointExtension>
            <ns3:hr>162</ns3:hr>
          </ns3:TrackPointExtension>
        </extensions>
      </trkpt>
      <trkpt lat="51.9927363283932209014892578125" lon="5.82964626140892505645751953125">
        <ele>59.200000762939453125</ele>
        <time>2026-05-30T08:29:44.000Z</time>
        <extensions>
          <ns3:TrackPointExtension>
            <ns3:hr>165</ns3:hr>
          </ns3:TrackPointExtension>
        </extensions>
      </trkpt>
      <trkpt lat="51.992733143270015716552734375" lon="5.829635448753833770751953125">
        <ele>59.200000762939453125</ele>
        <time>2026-05-30T08:29:45.000Z</time>
        <extensions>
          <ns3:TrackPointExtension>
            <ns3:hr>166</ns3:hr>
          </ns3:TrackPointExtension>
        </extensions>
      </trkpt>
      <trkpt lat="51.99270791374146938323974609375" lon="5.82958607934415340423583984375">
        <ele>59.200000762939453125</ele>
        <time>2026-05-30T08:29:50.000Z</time>
        <extensions>
          <ns3:TrackPointExtension>
            <ns3:hr>163</ns3:hr>
          </ns3:TrackPointExtension>
        </extensions>
      </trkpt>
      <trkpt lat="51.9926945865154266357421875" lon="5.8295725844800472259521484375">
        <ele>59.200000762939453125</ele>
        <time>2026-05-30T08:29:52.000Z</time>
        <extensions>
          <ns3:TrackPointExtension>
            <ns3:hr>162</ns3:hr>
          </ns3:TrackPointExtension>
        </extensions>
      </trkpt>
      <trkpt lat="51.9926337338984012603759765625" lon="5.829496644437313079833984375">
        <ele>59.200000762939453125</ele>
        <time>2026-05-30T08:29:59.000Z</time>
        <extensions>
          <ns3:TrackPointExtension>
            <ns3:hr>160</ns3:hr>
          </ns3:TrackPointExtension>
        </extensions>
      </trkpt>
      <trkpt lat="51.9925738871097564697265625" lon="5.829460434615612030029296875">
        <ele>59.200000762939453125</ele>
        <time>2026-05-30T08:30:04.000Z</time>
        <extensions>
          <ns3:TrackPointExtension>
            <ns3:hr>157</ns3:hr>
          </ns3:TrackPointExtension>
        </extensions>
      </trkpt>
      <trkpt lat="51.9925297982990741729736328125" lon="5.8294414915144443511962890625">
        <ele>59.200000762939453125</ele>
        <time>2026-05-30T08:30:08.000Z</time>
        <extensions>
          <ns3:TrackPointExtension>
            <ns3:hr>157</ns3:hr>
          </ns3:TrackPointExtension>
        </extensions>
      </trkpt>
      <trkpt lat="51.99243105947971343994140625" lon="5.82931802608072757720947265625">
        <ele>59</ele>
        <time>2026-05-30T08:30:18.000Z</time>
        <extensions>
          <ns3:TrackPointExtension>
            <ns3:hr>156</ns3:hr>
          </ns3:TrackPointExtension>
        </extensions>
      </trkpt>
      <trkpt lat="51.99233860708773136138916015625" lon="5.8292537368834018707275390625">
        <ele>58.799999237060546875</ele>
        <time>2026-05-30T08:30:27.000Z</time>
        <extensions>
          <ns3:TrackPointExtension>
            <ns3:hr>154</ns3:hr>
          </ns3:TrackPointExtension>
        </extensions>
      </trkpt>
      <trkpt lat="51.99223986826837062835693359375" lon="5.82916463725268840789794921875">
        <ele>58.799999237060546875</ele>
        <time>2026-05-30T08:30:35.000Z</time>
        <extensions>
          <ns3:TrackPointExtension>
            <ns3:hr>153</ns3:hr>
          </ns3:TrackPointExtension>
        </extensions>
      </trkpt>
      <trkpt lat="51.992167867720127105712890625" lon="5.82909825257956981658935546875">
        <ele>58.799999237060546875</ele>
        <time>2026-05-30T08:30:43.000Z</time>
        <extensions>
          <ns3:TrackPointExtension>
            <ns3:hr>154</ns3:hr>
          </ns3:TrackPointExtension>
        </extensions>
      </trkpt>
      <trkpt lat="51.99206083081662654876708984375" lon="5.82901694811880588531494140625">
        <ele>59</ele>
        <time>2026-05-30T08:30:53.000Z</time>
        <extensions>
          <ns3:TrackPointExtension>
            <ns3:hr>153</ns3:hr>
          </ns3:TrackPointExtension>
        </extensions>
      </trkpt>
      <trkpt lat="51.99196678586304187774658203125" lon="5.82891804166138172149658203125">
        <ele>58.59999847412109375</ele>
        <time>2026-05-30T08:31:02.000Z</time>
        <extensions>
          <ns3:TrackPointExtension>
            <ns3:hr>150</ns3:hr>
          </ns3:TrackPointExtension>
        </extensions>
      </trkpt>
      <trkpt lat="51.99190341867506504058837890625" lon="5.828832797706127166748046875">
        <ele>58.59999847412109375</ele>
        <time>2026-05-30T08:31:10.000Z</time>
        <extensions>
          <ns3:TrackPointExtension>
            <ns3:hr>151</ns3:hr>
          </ns3:TrackPointExtension>
        </extensions>
      </trkpt>
      <trkpt lat="51.991793029010295867919921875" lon="5.8287333883345127105712890625">
        <ele>58.59999847412109375</ele>
        <time>2026-05-30T08:31:20.000Z</time>
        <extensions>
          <ns3:TrackPointExtension>
            <ns3:hr>151</ns3:hr>
          </ns3:TrackPointExtension>
        </extensions>
      </trkpt>
      <trkpt lat="51.99174181558191776275634765625" lon="5.82868267782032489776611328125">
        <ele>58.40000152587890625</ele>
        <time>2026-05-30T08:31:27.000Z</time>
        <extensions>
          <ns3:TrackPointExtension>
            <ns3:hr>154</ns3:hr>
          </ns3:TrackPointExtension>
        </extensions>
      </trkpt>
      <trkpt lat="51.9917298294603824615478515625" lon="5.8286659978330135345458984375">
        <ele>58.40000152587890625</ele>
        <time>2026-05-30T08:31:29.000Z</time>
        <extensions>
          <ns3:TrackPointExtension>
            <ns3:hr>154</ns3:hr>
          </ns3:TrackPointExtension>
        </extensions>
      </trkpt>
      <trkpt lat="51.99162639677524566650390625" lon="5.82854353822767734527587890625">
        <ele>58.40000152587890625</ele>
        <time>2026-05-30T08:31:39.000Z</time>
        <extensions>
          <ns3:TrackPointExtension>
            <ns3:hr>153</ns3:hr>
          </ns3:TrackPointExtension>
        </extensions>
      </trkpt>
      <trkpt lat="51.99153595604002475738525390625" lon="5.82848553545773029327392578125">
        <ele>58.200000762939453125</ele>
        <time>2026-05-30T08:31:47.000Z</time>
        <extensions>
          <ns3:TrackPointExtension>
            <ns3:hr>150</ns3:hr>
          </ns3:TrackPointExtension>
        </extensions>
      </trkpt>
      <trkpt lat="51.99144727550446987152099609375" lon="5.8284011296927928924560546875">
        <ele>58</ele>
        <time>2026-05-30T08:31:57.000Z</time>
        <extensions>
          <ns3:TrackPointExtension>
            <ns3:hr>150</ns3:hr>
          </ns3:TrackPointExtension>
        </extensions>
      </trkpt>
      <trkpt lat="51.9913301803171634674072265625" lon="5.8283199928700923919677734375">
        <ele>58</ele>
        <time>2026-05-30T08:32:07.000Z</time>
        <extensions>
          <ns3:TrackPointExtension>
            <ns3:hr>150</ns3:hr>
          </ns3:TrackPointExtension>
        </extensions>
      </trkpt>
      <trkpt lat="51.99125667102634906768798828125" lon="5.82825176417827606201171875">
        <ele>58</ele>
        <time>2026-05-30T08:32:16.000Z</time>
        <extensions>
          <ns3:TrackPointExtension>
            <ns3:hr>151</ns3:hr>
          </ns3:TrackPointExtension>
        </extensions>
      </trkpt>
      <trkpt lat="51.991197578608989715576171875" lon="5.82818881608545780181884765625">
        <ele>58.200000762939453125</ele>
        <time>2026-05-30T08:32:21.000Z</time>
        <extensions>
          <ns3:TrackPointExtension>
            <ns3:hr>151</ns3:hr>
          </ns3:TrackPointExtension>
        </extensions>
      </trkpt>
      <trkpt lat="51.9911565072834491729736328125" lon="5.82816165871918201446533203125">
        <ele>58</ele>
        <time>2026-05-30T08:32:24.000Z</time>
        <extensions>
          <ns3:TrackPointExtension>
            <ns3:hr>151</ns3:hr>
          </ns3:TrackPointExtension>
        </extensions>
      </trkpt>
      <trkpt lat="51.991126500070095062255859375" lon="5.82812435925006866455078125">
        <ele>57.799999237060546875</ele>
        <time>2026-05-30T08:32:27.000Z</time>
        <extensions>
          <ns3:TrackPointExtension>
            <ns3:hr>153</ns3:hr>
          </ns3:TrackPointExtension>
        </extensions>
      </trkpt>
      <trkpt lat="51.9910669885575771331787109375" lon="5.82804498262703418731689453125">
        <ele>57.799999237060546875</ele>
        <time>2026-05-30T08:32:35.000Z</time>
        <extensions>
          <ns3:TrackPointExtension>
            <ns3:hr>152</ns3:hr>
          </ns3:TrackPointExtension>
        </extensions>
      </trkpt>
      <trkpt lat="51.991019546985626220703125" lon="5.82800139673054218292236328125">
        <ele>57.799999237060546875</ele>
        <time>2026-05-30T08:32:39.000Z</time>
        <extensions>
          <ns3:TrackPointExtension>
            <ns3:hr>149</ns3:hr>
          </ns3:TrackPointExtension>
        </extensions>
      </trkpt>
      <trkpt lat="51.9909189641475677490234375" lon="5.8279830403625965118408203125">
        <ele>57.799999237060546875</ele>
        <time>2026-05-30T08:32:47.000Z</time>
        <extensions>
          <ns3:TrackPointExtension>
            <ns3:hr>149</ns3:hr>
          </ns3:TrackPointExtension>
        </extensions>
      </trkpt>
      <trkpt lat="51.99087831191718578338623046875" lon="5.82791673950850963592529296875">
        <ele>57.59999847412109375</ele>
        <time>2026-05-30T08:32:54.000Z</time>
        <extensions>
          <ns3:TrackPointExtension>
            <ns3:hr>148</ns3:hr>
          </ns3:TrackPointExtension>
        </extensions>
      </trkpt>
      <trkpt lat="51.990845538675785064697265625" lon="5.82774071954190731048583984375">
        <ele>57.59999847412109375</ele>
        <time>2026-05-30T08:33:03.000Z</time>
        <extensions>
          <ns3:TrackPointExtension>
            <ns3:hr>150</ns3:hr>
          </ns3:TrackPointExtension>
        </extensions>
      </trkpt>
      <trkpt lat="51.99084260500967502593994140625" lon="5.827625133097171783447265625">
        <ele>57.799999237060546875</ele>
        <time>2026-05-30T08:33:11.000Z</time>
        <extensions>
          <ns3:TrackPointExtension>
            <ns3:hr>150</ns3:hr>
          </ns3:TrackPointExtension>
        </extensions>
      </trkpt>
      <trkpt lat="51.9908252544701099395751953125" lon="5.82743503153324127197265625">
        <ele>57.59999847412109375</ele>
        <time>2026-05-30T08:33:23.000Z</time>
        <extensions>
          <ns3:TrackPointExtension>
            <ns3:hr>150</ns3:hr>
          </ns3:TrackPointExtension>
        </extensions>
      </trkpt>
      <trkpt lat="51.9908118434250354766845703125" lon="5.82723378203809261322021484375">
        <ele>57.40000152587890625</ele>
        <time>2026-05-30T08:33:33.000Z</time>
        <extensions>
          <ns3:TrackPointExtension>
            <ns3:hr>149</ns3:hr>
          </ns3:TrackPointExtension>
        </extensions>
      </trkpt>
      <trkpt lat="51.9907950796186923980712890625" lon="5.82702037878334522247314453125">
        <ele>57.40000152587890625</ele>
        <time>2026-05-30T08:33:44.000Z</time>
        <extensions>
          <ns3:TrackPointExtension>
            <ns3:hr>150</ns3:hr>
          </ns3:TrackPointExtension>
        </extensions>
      </trkpt>
      <trkpt lat="51.9908024556934833526611328125" lon="5.82680094055831432342529296875">
        <ele>57.59999847412109375</ele>
        <time>2026-05-30T08:33:54.000Z</time>
        <extensions>
          <ns3:TrackPointExtension>
            <ns3:hr>151</ns3:hr>
          </ns3:TrackPointExtension>
        </extensions>
      </trkpt>
      <trkpt lat="51.99081259779632091522216796875" lon="5.82664939574897289276123046875">
        <ele>57.799999237060546875</ele>
        <time>2026-05-30T08:34:03.000Z</time>
        <extensions>
          <ns3:TrackPointExtension>
            <ns3:hr>154</ns3:hr>
          </ns3:TrackPointExtension>
        </extensions>
      </trkpt>
      <trkpt lat="51.990814693272113800048828125" lon="5.8266315422952175140380859375">
        <ele>57.799999237060546875</ele>
        <time>2026-05-30T08:34:04.000Z</time>
        <extensions>
          <ns3:TrackPointExtension>
            <ns3:hr>154</ns3:hr>
          </ns3:TrackPointExtension>
        </extensions>
      </trkpt>
      <trkpt lat="51.99083874933421611785888671875" lon="5.82644051872193813323974609375">
        <ele>57.799999237060546875</ele>
        <time>2026-05-30T08:34:14.000Z</time>
        <extensions>
          <ns3:TrackPointExtension>
            <ns3:hr>153</ns3:hr>
          </ns3:TrackPointExtension>
        </extensions>
      </trkpt>
      <trkpt lat="51.99083657003939151763916015625" lon="5.82625561393797397613525390625">
        <ele>57.799999237060546875</ele>
        <time>2026-05-30T08:34:24.000Z</time>
        <extensions>
          <ns3:TrackPointExtension>
            <ns3:hr>153</ns3:hr>
          </ns3:TrackPointExtension>
        </extensions>
      </trkpt>
      <trkpt lat="51.9908366538584232330322265625" lon="5.826090909540653228759765625">
        <ele>58</ele>
        <time>2026-05-30T08:34:34.000Z</time>
        <extensions>
          <ns3:TrackPointExtension>
            <ns3:hr>152</ns3:hr>
          </ns3:TrackPointExtension>
        </extensions>
      </trkpt>
      <trkpt lat="51.99086389504373073577880859375" lon="5.8258872292935848236083984375">
        <ele>57.799999237060546875</ele>
        <time>2026-05-30T08:34:45.000Z</time>
        <extensions>
          <ns3:TrackPointExtension>
            <ns3:hr>151</ns3:hr>
          </ns3:TrackPointExtension>
        </extensions>
      </trkpt>
      <trkpt lat="51.99087713845074176788330078125" lon="5.825743563473224639892578125">
        <ele>57.799999237060546875</ele>
        <time>2026-05-30T08:34:52.000Z</time>
        <extensions>
          <ns3:TrackPointExtension>
            <ns3:hr>154</ns3:hr>
          </ns3:TrackPointExtension>
        </extensions>
      </trkpt>
      <trkpt lat="51.99088275432586669921875" lon="5.82571095786988735198974609375">
        <ele>57.799999237060546875</ele>
        <time>2026-05-30T08:34:55.000Z</time>
        <extensions>
          <ns3:TrackPointExtension>
            <ns3:hr>155</ns3:hr>
          </ns3:TrackPointExtension>
        </extensions>
      </trkpt>
      <trkpt lat="51.9908856041729450225830078125" lon="5.82556712441146373748779296875">
        <ele>58</ele>
        <time>2026-05-30T08:35:04.000Z</time>
        <extensions>
          <ns3:TrackPointExtension>
            <ns3:hr>156</ns3:hr>
          </ns3:TrackPointExtension>
        </extensions>
      </trkpt>
      <trkpt lat="51.99086389504373073577880859375" lon="5.825360007584095001220703125">
        <ele>58</ele>
        <time>2026-05-30T08:35:14.000Z</time>
        <extensions>
          <ns3:TrackPointExtension>
            <ns3:hr>155</ns3:hr>
          </ns3:TrackPointExtension>
        </extensions>
      </trkpt>
      <trkpt lat="51.99085517786443233489990234375" lon="5.8251657150685787200927734375">
        <ele>58.200000762939453125</ele>
        <time>2026-05-30T08:35:25.000Z</time>
        <extensions>
          <ns3:TrackPointExtension>
            <ns3:hr>154</ns3:hr>
          </ns3:TrackPointExtension>
        </extensions>
      </trkpt>
      <trkpt lat="51.9908406771719455718994140625" lon="5.825113914906978607177734375">
        <ele>58</ele>
        <time>2026-05-30T08:35:31.000Z</time>
        <extensions>
          <ns3:TrackPointExtension>
            <ns3:hr>155</ns3:hr>
          </ns3:TrackPointExtension>
        </extensions>
      </trkpt>
      <trkpt lat="51.9908379949629306793212890625" lon="5.82491241395473480224609375">
        <ele>57.799999237060546875</ele>
        <time>2026-05-30T08:35:40.000Z</time>
        <extensions>
          <ns3:TrackPointExtension>
            <ns3:hr>155</ns3:hr>
          </ns3:TrackPointExtension>
        </extensions>
      </trkpt>
      <trkpt lat="51.9908423535525798797607421875" lon="5.8247771300375461578369140625">
        <ele>57.799999237060546875</ele>
        <time>2026-05-30T08:35:48.000Z</time>
        <extensions>
          <ns3:TrackPointExtension>
            <ns3:hr>153</ns3:hr>
          </ns3:TrackPointExtension>
        </extensions>
      </trkpt>
      <trkpt lat="51.9908477179706096649169921875" lon="5.82463874481618404388427734375">
        <ele>57.799999237060546875</ele>
        <time>2026-05-30T08:35:56.000Z</time>
        <extensions>
          <ns3:TrackPointExtension>
            <ns3:hr>152</ns3:hr>
          </ns3:TrackPointExtension>
        </extensions>
      </trkpt>
      <trkpt lat="51.99084042571485042572021484375" lon="5.82445115782320499420166015625">
        <ele>57.59999847412109375</ele>
        <time>2026-05-30T08:36:06.000Z</time>
        <extensions>
          <ns3:TrackPointExtension>
            <ns3:hr>151</ns3:hr>
          </ns3:TrackPointExtension>
        </extensions>
      </trkpt>
      <trkpt lat="51.99081796221435070037841796875" lon="5.82428217865526676177978515625">
        <ele>57.40000152587890625</ele>
        <time>2026-05-30T08:36:15.000Z</time>
        <extensions>
          <ns3:TrackPointExtension>
            <ns3:hr>151</ns3:hr>
          </ns3:TrackPointExtension>
        </extensions>
      </trkpt>
      <trkpt lat="51.9908188842236995697021484375" lon="5.824128203094005584716796875">
        <ele>57.200000762939453125</ele>
        <time>2026-05-30T08:36:23.000Z</time>
        <extensions>
          <ns3:TrackPointExtension>
            <ns3:hr>154</ns3:hr>
          </ns3:TrackPointExtension>
        </extensions>
      </trkpt>
      <trkpt lat="51.990816034376621246337890625" lon="5.82407732494175434112548828125">
        <ele>57.200000762939453125</ele>
        <time>2026-05-30T08:36:26.000Z</time>
        <extensions>
          <ns3:TrackPointExtension>
            <ns3:hr>154</ns3:hr>
          </ns3:TrackPointExtension>
        </extensions>
      </trkpt>
      <trkpt lat="51.990794241428375244140625" lon="5.8238951861858367919921875">
        <ele>57</ele>
        <time>2026-05-30T08:36:36.000Z</time>
        <extensions>
          <ns3:TrackPointExtension>
            <ns3:hr>155</ns3:hr>
          </ns3:TrackPointExtension>
        </extensions>
      </trkpt>
      <trkpt lat="51.990766413509845733642578125" lon="5.82367834635078907012939453125">
        <ele>57</ele>
        <time>2026-05-30T08:36:48.000Z</time>
        <extensions>
          <ns3:TrackPointExtension>
            <ns3:hr>155</ns3:hr>
          </ns3:TrackPointExtension>
        </extensions>
      </trkpt>
      <trkpt lat="51.9907649047672748565673828125" lon="5.8235117979347705841064453125">
        <ele>56.799999237060546875</ele>
        <time>2026-05-30T08:36:58.000Z</time>
        <extensions>
          <ns3:TrackPointExtension>
            <ns3:hr>155</ns3:hr>
          </ns3:TrackPointExtension>
        </extensions>
      </trkpt>
      <trkpt lat="51.990773789584636688232421875" lon="5.8233284018933773040771484375">
        <ele>56.799999237060546875</ele>
        <time>2026-05-30T08:37:07.000Z</time>
        <extensions>
          <ns3:TrackPointExtension>
            <ns3:hr>156</ns3:hr>
          </ns3:TrackPointExtension>
        </extensions>
      </trkpt>
      <trkpt lat="51.99077035300433635711669921875" lon="5.82323133945465087890625">
        <ele>56.59999847412109375</ele>
        <time>2026-05-30T08:37:12.000Z</time>
        <extensions>
          <ns3:TrackPointExtension>
            <ns3:hr>155</ns3:hr>
          </ns3:TrackPointExtension>
        </extensions>
      </trkpt>
      <trkpt lat="51.9907672517001628875732421875" lon="5.82310401834547519683837890625">
        <ele>56.59999847412109375</ele>
        <time>2026-05-30T08:37:18.000Z</time>
        <extensions>
          <ns3:TrackPointExtension>
            <ns3:hr>155</ns3:hr>
          </ns3:TrackPointExtension>
        </extensions>
      </trkpt>
      <trkpt lat="51.99077320285141468048095703125" lon="5.822985582053661346435546875">
        <ele>56.59999847412109375</ele>
        <time>2026-05-30T08:37:23.000Z</time>
        <extensions>
          <ns3:TrackPointExtension>
            <ns3:hr>158</ns3:hr>
          </ns3:TrackPointExtension>
        </extensions>
      </trkpt>
      <trkpt lat="51.9907709397375583648681640625" lon="5.82292699255049228668212890625">
        <ele>56.40000152587890625</ele>
        <time>2026-05-30T08:37:27.000Z</time>
        <extensions>
          <ns3:TrackPointExtension>
            <ns3:hr>155</ns3:hr>
          </ns3:TrackPointExtension>
        </extensions>
      </trkpt>
      <trkpt lat="51.99075794778764247894287109375" lon="5.822738148272037506103515625">
        <ele>56.200000762939453125</ele>
        <time>2026-05-30T08:37:38.000Z</time>
        <extensions>
          <ns3:TrackPointExtension>
            <ns3:hr>153</ns3:hr>
          </ns3:TrackPointExtension>
        </extensions>
      </trkpt>
      <trkpt lat="51.99075945653021335601806640625" lon="5.82261082716286182403564453125">
        <ele>56.40000152587890625</ele>
        <time>2026-05-30T08:37:46.000Z</time>
        <extensions>
          <ns3:TrackPointExtension>
            <ns3:hr>152</ns3:hr>
          </ns3:TrackPointExtension>
        </extensions>
      </trkpt>
      <trkpt lat="51.99073799885809421539306640625" lon="5.82243145443499088287353515625">
        <ele>55.799999237060546875</ele>
        <time>2026-05-30T08:37:55.000Z</time>
        <extensions>
          <ns3:TrackPointExtension>
            <ns3:hr>153</ns3:hr>
          </ns3:TrackPointExtension>
        </extensions>
      </trkpt>
      <trkpt lat="51.99074973352253437042236328125" lon="5.82226968370378017425537109375">
        <ele>55.799999237060546875</ele>
        <time>2026-05-30T08:38:02.000Z</time>
        <extensions>
          <ns3:TrackPointExtension>
            <ns3:hr>153</ns3:hr>
          </ns3:TrackPointExtension>
        </extensions>
      </trkpt>
      <trkpt lat="51.9908089935779571533203125" lon="5.822123251855373382568359375">
        <ele>56.200000762939453125</ele>
        <time>2026-05-30T08:38:11.000Z</time>
        <extensions>
          <ns3:TrackPointExtension>
            <ns3:hr>151</ns3:hr>
          </ns3:TrackPointExtension>
        </extensions>
      </trkpt>
      <trkpt lat="51.99084629304707050323486328125" lon="5.82210824824869632720947265625">
        <ele>55.59999847412109375</ele>
        <time>2026-05-30T08:38:15.000Z</time>
        <extensions>
          <ns3:TrackPointExtension>
            <ns3:hr>149</ns3:hr>
          </ns3:TrackPointExtension>
        </extensions>
      </trkpt>
      <trkpt lat="51.99091963469982147216796875" lon="5.82211411558091640472412109375">
        <ele>55.799999237060546875</ele>
        <time>2026-05-30T08:38:21.000Z</time>
        <extensions>
          <ns3:TrackPointExtension>
            <ns3:hr>149</ns3:hr>
          </ns3:TrackPointExtension>
        </extensions>
      </trkpt>
      <trkpt lat="51.99101979844272136688232421875" lon="5.822129957377910614013671875">
        <ele>55.799999237060546875</ele>
        <time>2026-05-30T08:38:30.000Z</time>
        <extensions>
          <ns3:TrackPointExtension>
            <ns3:hr>149</ns3:hr>
          </ns3:TrackPointExtension>
        </extensions>
      </trkpt>
      <trkpt lat="51.99114334769546985626220703125" lon="5.82214496098458766937255859375">
        <ele>56</ele>
        <time>2026-05-30T08:38:39.000Z</time>
        <extensions>
          <ns3:TrackPointExtension>
            <ns3:hr>150</ns3:hr>
          </ns3:TrackPointExtension>
        </extensions>
      </trkpt>
      <trkpt lat="51.99122331105172634124755859375" lon="5.8220981061458587646484375">
        <ele>56.40000152587890625</ele>
        <time>2026-05-30T08:38:47.000Z</time>
        <extensions>
          <ns3:TrackPointExtension>
            <ns3:hr>150</ns3:hr>
          </ns3:TrackPointExtension>
        </extensions>
      </trkpt>
      <trkpt lat="51.99130997993052005767822265625" lon="5.8220986090600490570068359375">
        <ele>56.200000762939453125</ele>
        <time>2026-05-30T08:38:56.000Z</time>
        <extensions>
          <ns3:TrackPointExtension>
            <ns3:hr>152</ns3:hr>
          </ns3:TrackPointExtension>
        </extensions>
      </trkpt>
      <trkpt lat="51.99142330326139926910400390625" lon="5.82210808061063289642333984375">
        <ele>56.200000762939453125</ele>
        <time>2026-05-30T08:39:06.000Z</time>
        <extensions>
          <ns3:TrackPointExtension>
            <ns3:hr>152</ns3:hr>
          </ns3:TrackPointExtension>
        </extensions>
      </trkpt>
      <trkpt lat="51.99154014699161052703857421875" lon="5.822111852467060089111328125">
        <ele>56</ele>
        <time>2026-05-30T08:39:15.000Z</time>
        <extensions>
          <ns3:TrackPointExtension>
            <ns3:hr>150</ns3:hr>
          </ns3:TrackPointExtension>
        </extensions>
      </trkpt>
      <trkpt lat="51.9916664622724056243896484375" lon="5.822150409221649169921875">
        <ele>56.40000152587890625</ele>
        <time>2026-05-30T08:39:26.000Z</time>
        <extensions>
          <ns3:TrackPointExtension>
            <ns3:hr>151</ns3:hr>
          </ns3:TrackPointExtension>
        </extensions>
      </trkpt>
      <trkpt lat="51.9916889257729053497314453125" lon="5.8221499063074588775634765625">
        <ele>56.59999847412109375</ele>
        <time>2026-05-30T08:39:28.000Z</time>
        <extensions>
          <ns3:TrackPointExtension>
            <ns3:hr>151</ns3:hr>
          </ns3:TrackPointExtension>
        </extensions>
      </trkpt>
      <trkpt lat="51.99177366681396961212158203125" lon="5.82211428321897983551025390625">
        <ele>56.799999237060546875</ele>
        <time>2026-05-30T08:39:36.000Z</time>
        <extensions>
          <ns3:TrackPointExtension>
            <ns3:hr>154</ns3:hr>
          </ns3:TrackPointExtension>
        </extensions>
      </trkpt>
      <trkpt lat="51.99179730378091335296630859375" lon="5.82210925407707691192626953125">
        <ele>56.799999237060546875</ele>
        <time>2026-05-30T08:39:38.000Z</time>
        <extensions>
          <ns3:TrackPointExtension>
            <ns3:hr>152</ns3:hr>
          </ns3:TrackPointExtension>
        </extensions>
      </trkpt>
      <trkpt lat="51.99188648723065853118896484375" lon="5.822127945721149444580078125">
        <ele>56.59999847412109375</ele>
        <time>2026-05-30T08:39:48.000Z</time>
        <extensions>
          <ns3:TrackPointExtension>
            <ns3:hr>151</ns3:hr>
          </ns3:TrackPointExtension>
        </extensions>
      </trkpt>
      <trkpt lat="51.99197432957589626312255859375" lon="5.822177566587924957275390625">
        <ele>56.59999847412109375</ele>
        <time>2026-05-30T08:39:57.000Z</time>
        <extensions>
          <ns3:TrackPointExtension>
            <ns3:hr>150</ns3:hr>
          </ns3:TrackPointExtension>
        </extensions>
      </trkpt>
      <trkpt lat="51.99202897958457469940185546875" lon="5.82211545668542385101318359375">
        <ele>56.40000152587890625</ele>
        <time>2026-05-30T08:40:05.000Z</time>
        <extensions>
          <ns3:TrackPointExtension>
            <ns3:hr>150</ns3:hr>
          </ns3:TrackPointExtension>
        </extensions>
      </trkpt>
      <trkpt lat="51.99201908893883228302001953125" lon="5.8220888860523700714111328125">
        <ele>56.40000152587890625</ele>
        <time>2026-05-30T08:40:08.000Z</time>
        <extensions>
          <ns3:TrackPointExtension>
            <ns3:hr>149</ns3:hr>
          </ns3:TrackPointExtension>
        </extensions>
      </trkpt>
      <trkpt lat="51.9920117966830730438232421875" lon="5.8220432884991168975830078125">
        <ele>56.40000152587890625</ele>
        <time>2026-05-30T08:40:12.000Z</time>
        <extensions>
          <ns3:TrackPointExtension>
            <ns3:hr>149</ns3:hr>
          </ns3:TrackPointExtension>
        </extensions>
      </trkpt>
      <trkpt lat="51.991993524134159088134765625" lon="5.82187271676957607269287109375">
        <ele>56</ele>
        <time>2026-05-30T08:40:21.000Z</time>
        <extensions>
          <ns3:TrackPointExtension>
            <ns3:hr>148</ns3:hr>
          </ns3:TrackPointExtension>
        </extensions>
      </trkpt>
      <trkpt lat="51.9919809512794017791748046875" lon="5.82173156552016735076904296875">
        <ele>56.40000152587890625</ele>
        <time>2026-05-30T08:40:27.000Z</time>
        <extensions>
          <ns3:TrackPointExtension>
            <ns3:hr>150</ns3:hr>
          </ns3:TrackPointExtension>
        </extensions>
      </trkpt>
      <trkpt lat="51.99197432957589626312255859375" lon="5.82166769541800022125244140625">
        <ele>56.40000152587890625</ele>
        <time>2026-05-30T08:40:31.000Z</time>
        <extensions>
          <ns3:TrackPointExtension>
            <ns3:hr>150</ns3:hr>
          </ns3:TrackPointExtension>
        </extensions>
      </trkpt>
      <trkpt lat="51.99195605702698230743408203125" lon="5.82156342454254627227783203125">
        <ele>55.799999237060546875</ele>
        <time>2026-05-30T08:40:38.000Z</time>
        <extensions>
          <ns3:TrackPointExtension>
            <ns3:hr>148</ns3:hr>
          </ns3:TrackPointExtension>
        </extensions>
      </trkpt>
      <trkpt lat="51.99194968678057193756103515625" lon="5.821527801454067230224609375">
        <ele>55.59999847412109375</ele>
        <time>2026-05-30T08:40:40.000Z</time>
        <extensions>
          <ns3:TrackPointExtension>
            <ns3:hr>148</ns3:hr>
          </ns3:TrackPointExtension>
        </extensions>
      </trkpt>
      <trkpt lat="51.9919085316359996795654296875" lon="5.8213700540363788604736328125">
        <ele>55.200000762939453125</ele>
        <time>2026-05-30T08:40:48.000Z</time>
        <extensions>
          <ns3:TrackPointExtension>
            <ns3:hr>148</ns3:hr>
          </ns3:TrackPointExtension>
        </extensions>
      </trkpt>
      <trkpt lat="51.9918636046350002288818359375" lon="5.821186490356922149658203125">
        <ele>54.59999847412109375</ele>
        <time>2026-05-30T08:40:58.000Z</time>
        <extensions>
          <ns3:TrackPointExtension>
            <ns3:hr>147</ns3:hr>
          </ns3:TrackPointExtension>
        </extensions>
      </trkpt>
      <trkpt lat="51.991854719817638397216796875" lon="5.8211041800677776336669921875">
        <ele>54.59999847412109375</ele>
        <time>2026-05-30T08:41:02.000Z</time>
        <extensions>
          <ns3:TrackPointExtension>
            <ns3:hr>147</ns3:hr>
          </ns3:TrackPointExtension>
        </extensions>
      </trkpt>
      <trkpt lat="51.991829574108123779296875" lon="5.821014158427715301513671875">
        <ele>54.40000152587890625</ele>
        <time>2026-05-30T08:41:08.000Z</time>
        <extensions>
          <ns3:TrackPointExtension>
            <ns3:hr>146</ns3:hr>
          </ns3:TrackPointExtension>
        </extensions>
      </trkpt>
      <trkpt lat="51.991789676249027252197265625" lon="5.8208259008824825286865234375">
        <ele>54.40000152587890625</ele>
        <time>2026-05-30T08:41:19.000Z</time>
        <extensions>
          <ns3:TrackPointExtension>
            <ns3:hr>145</ns3:hr>
          </ns3:TrackPointExtension>
        </extensions>
      </trkpt>
      <trkpt lat="51.99175204150378704071044921875" lon="5.8206550776958465576171875">
        <ele>53.59999847412109375</ele>
        <time>2026-05-30T08:41:29.000Z</time>
        <extensions>
          <ns3:TrackPointExtension>
            <ns3:hr>146</ns3:hr>
          </ns3:TrackPointExtension>
        </extensions>
      </trkpt>
      <trkpt lat="51.99172941036522388458251953125" lon="5.82047847099602222442626953125">
        <ele>53.799999237060546875</ele>
        <time>2026-05-30T08:41:37.000Z</time>
        <extensions>
          <ns3:TrackPointExtension>
            <ns3:hr>147</ns3:hr>
          </ns3:TrackPointExtension>
        </extensions>
      </trkpt>
      <trkpt lat="51.991695128381252288818359375" lon="5.82034603692591190338134765625">
        <ele>54.200000762939453125</ele>
        <time>2026-05-30T08:41:45.000Z</time>
        <extensions>
          <ns3:TrackPointExtension>
            <ns3:hr>147</ns3:hr>
          </ns3:TrackPointExtension>
        </extensions>
      </trkpt>
      <trkpt lat="51.99163285084068775177001953125" lon="5.82017538137733936309814453125">
        <ele>53.59999847412109375</ele>
        <time>2026-05-30T08:41:57.000Z</time>
        <extensions>
          <ns3:TrackPointExtension>
            <ns3:hr>148</ns3:hr>
          </ns3:TrackPointExtension>
        </extensions>
      </trkpt>
      <trkpt lat="51.99161776341497898101806640625" lon="5.82013866864144802093505859375">
        <ele>53.59999847412109375</ele>
        <time>2026-05-30T08:41:59.000Z</time>
        <extensions>
          <ns3:TrackPointExtension>
            <ns3:hr>148</ns3:hr>
          </ns3:TrackPointExtension>
        </extensions>
      </trkpt>
      <trkpt lat="51.99158306233584880828857421875" lon="5.82000640220940113067626953125">
        <ele>53.59999847412109375</ele>
        <time>2026-05-30T08:42:06.000Z</time>
        <extensions>
          <ns3:TrackPointExtension>
            <ns3:hr>147</ns3:hr>
          </ns3:TrackPointExtension>
        </extensions>
      </trkpt>
      <trkpt lat="51.99156596325337886810302734375" lon="5.81993582658469676971435546875">
        <ele>53.59999847412109375</ele>
        <time>2026-05-30T08:42:10.000Z</time>
        <extensions>
          <ns3:TrackPointExtension>
            <ns3:hr>150</ns3:hr>
          </ns3:TrackPointExtension>
        </extensions>
      </trkpt>
      <trkpt lat="51.99153360910713672637939453125" lon="5.81982820294797420501708984375">
        <ele>53.59999847412109375</ele>
        <time>2026-05-30T08:42:18.000Z</time>
        <extensions>
          <ns3:TrackPointExtension>
            <ns3:hr>150</ns3:hr>
          </ns3:TrackPointExtension>
        </extensions>
      </trkpt>
      <trkpt lat="51.99150091968476772308349609375" lon="5.81961362622678279876708984375">
        <ele>53.799999237060546875</ele>
        <time>2026-05-30T08:42:28.000Z</time>
        <extensions>
          <ns3:TrackPointExtension>
            <ns3:hr>150</ns3:hr>
          </ns3:TrackPointExtension>
        </extensions>
      </trkpt>
      <trkpt lat="51.991472505033016204833984375" lon="5.819400809705257415771484375">
        <ele>54.200000762939453125</ele>
        <time>2026-05-30T08:42:40.000Z</time>
        <extensions>
          <ns3:TrackPointExtension>
            <ns3:hr>150</ns3:hr>
          </ns3:TrackPointExtension>
        </extensions>
      </trkpt>
      <trkpt lat="51.99144802987575531005859375" lon="5.81929259933531284332275390625">
        <ele>54.59999847412109375</ele>
        <time>2026-05-30T08:42:47.000Z</time>
        <extensions>
          <ns3:TrackPointExtension>
            <ns3:hr>150</ns3:hr>
          </ns3:TrackPointExtension>
        </extensions>
      </trkpt>
      <trkpt lat="51.9914354570209980010986328125" lon="5.819249264895915985107421875">
        <ele>54.799999237060546875</ele>
        <time>2026-05-30T08:42:50.000Z</time>
        <extensions>
          <ns3:TrackPointExtension>
            <ns3:hr>151</ns3:hr>
          </ns3:TrackPointExtension>
        </extensions>
      </trkpt>
      <trkpt lat="51.9913999177515506744384765625" lon="5.81908338703215122222900390625">
        <ele>54.799999237060546875</ele>
        <time>2026-05-30T08:43:00.000Z</time>
        <extensions>
          <ns3:TrackPointExtension>
            <ns3:hr>151</ns3:hr>
          </ns3:TrackPointExtension>
        </extensions>
      </trkpt>
      <trkpt lat="51.9913828186690807342529296875" lon="5.8189567364752292633056640625">
        <ele>54.59999847412109375</ele>
        <time>2026-05-30T08:43:09.000Z</time>
        <extensions>
          <ns3:TrackPointExtension>
            <ns3:hr>150</ns3:hr>
          </ns3:TrackPointExtension>
        </extensions>
      </trkpt>
      <trkpt lat="51.9913754425942897796630859375" lon="5.818785913288593292236328125">
        <ele>55</ele>
        <time>2026-05-30T08:43:21.000Z</time>
        <extensions>
          <ns3:TrackPointExtension>
            <ns3:hr>149</ns3:hr>
          </ns3:TrackPointExtension>
        </extensions>
      </trkpt>
      <trkpt lat="51.991342417895793914794921875" lon="5.81858080811798572540283203125">
        <ele>55.200000762939453125</ele>
        <time>2026-05-30T08:43:31.000Z</time>
        <extensions>
          <ns3:TrackPointExtension>
            <ns3:hr>149</ns3:hr>
          </ns3:TrackPointExtension>
        </extensions>
      </trkpt>
      <trkpt lat="51.991280727088451385498046875" lon="5.81842482089996337890625">
        <ele>54.59999847412109375</ele>
        <time>2026-05-30T08:43:42.000Z</time>
        <extensions>
          <ns3:TrackPointExtension>
            <ns3:hr>149</ns3:hr>
          </ns3:TrackPointExtension>
        </extensions>
      </trkpt>
      <trkpt lat="51.99124686419963836669921875" lon="5.818427167832851409912109375">
        <ele>55</ele>
        <time>2026-05-30T08:43:50.000Z</time>
        <extensions>
          <ns3:TrackPointExtension>
            <ns3:hr>151</ns3:hr>
          </ns3:TrackPointExtension>
        </extensions>
      </trkpt>
      <trkpt lat="51.9912463612854480743408203125" lon="5.81844435073435306549072265625">
        <ele>54.799999237060546875</ele>
        <time>2026-05-30T08:43:51.000Z</time>
        <extensions>
          <ns3:TrackPointExtension>
            <ns3:hr>151</ns3:hr>
          </ns3:TrackPointExtension>
        </extensions>
      </trkpt>
      <trkpt lat="51.9911873526871204376220703125" lon="5.8185119926929473876953125">
        <ele>54.40000152587890625</ele>
        <time>2026-05-30T08:43:57.000Z</time>
        <extensions>
          <ns3:TrackPointExtension>
            <ns3:hr>150</ns3:hr>
          </ns3:TrackPointExtension>
        </extensions>
      </trkpt>
      <trkpt lat="51.99116505682468414306640625" lon="5.81852565519511699676513671875">
        <ele>54.40000152587890625</ele>
        <time>2026-05-30T08:43:58.000Z</time>
        <extensions>
          <ns3:TrackPointExtension>
            <ns3:hr>150</ns3:hr>
          </ns3:TrackPointExtension>
        </extensions>
      </trkpt>
      <trkpt lat="51.99102398939430713653564453125" lon="5.81856806762516498565673828125">
        <ele>54.59999847412109375</ele>
        <time>2026-05-30T08:44:07.000Z</time>
        <extensions>
          <ns3:TrackPointExtension>
            <ns3:hr>151</ns3:hr>
          </ns3:TrackPointExtension>
        </extensions>
      </trkpt>
      <trkpt lat="51.99094486422836780548095703125" lon="5.81857561133801937103271484375">
        <ele>54.59999847412109375</ele>
        <time>2026-05-30T08:44:13.000Z</time>
        <extensions>
          <ns3:TrackPointExtension>
            <ns3:hr>147</ns3:hr>
          </ns3:TrackPointExtension>
        </extensions>
      </trkpt>
      <trkpt lat="51.990927346050739288330078125" lon="5.81857242621481418609619140625">
        <ele>54.799999237060546875</ele>
        <time>2026-05-30T08:44:15.000Z</time>
        <extensions>
          <ns3:TrackPointExtension>
            <ns3:hr>147</ns3:hr>
          </ns3:TrackPointExtension>
        </extensions>
      </trkpt>
      <trkpt lat="51.9908611290156841278076171875" lon="5.818521045148372650146484375">
        <ele>54.59999847412109375</ele>
        <time>2026-05-30T08:44:24.000Z</time>
        <extensions>
          <ns3:TrackPointExtension>
            <ns3:hr>146</ns3:hr>
          </ns3:TrackPointExtension>
        </extensions>
      </trkpt>
      <trkpt lat="51.99075358919799327850341796875" lon="5.8184896968305110931396484375">
        <ele>54.40000152587890625</ele>
        <time>2026-05-30T08:44:34.000Z</time>
        <extensions>
          <ns3:TrackPointExtension>
            <ns3:hr>148</ns3:hr>
          </ns3:TrackPointExtension>
        </extensions>
      </trkpt>
      <trkpt lat="51.99070966802537441253662109375" lon="5.81847318448126316070556640625">
        <ele>54.59999847412109375</ele>
        <time>2026-05-30T08:44:40.000Z</time>
        <extensions>
          <ns3:TrackPointExtension>
            <ns3:hr>151</ns3:hr>
          </ns3:TrackPointExtension>
        </extensions>
      </trkpt>
      <trkpt lat="51.99068686924874782562255859375" lon="5.81845692358911037445068359375">
        <ele>54.40000152587890625</ele>
        <time>2026-05-30T08:44:43.000Z</time>
        <extensions>
          <ns3:TrackPointExtension>
            <ns3:hr>152</ns3:hr>
          </ns3:TrackPointExtension>
        </extensions>
      </trkpt>
      <trkpt lat="51.99059885926544666290283203125" lon="5.81841652281582355499267578125">
        <ele>54.200000762939453125</ele>
        <time>2026-05-30T08:44:51.000Z</time>
        <extensions>
          <ns3:TrackPointExtension>
            <ns3:hr>151</ns3:hr>
          </ns3:TrackPointExtension>
        </extensions>
      </trkpt>
      <trkpt lat="51.9904718734323978424072265625" lon="5.818421132862567901611328125">
        <ele>54.200000762939453125</ele>
        <time>2026-05-30T08:45:01.000Z</time>
        <extensions>
          <ns3:TrackPointExtension>
            <ns3:hr>151</ns3:hr>
          </ns3:TrackPointExtension>
        </extensions>
      </trkpt>
      <trkpt lat="51.99037246406078338623046875" lon="5.8183535747230052947998046875">
        <ele>54.200000762939453125</ele>
        <time>2026-05-30T08:45:11.000Z</time>
        <extensions>
          <ns3:TrackPointExtension>
            <ns3:hr>152</ns3:hr>
          </ns3:TrackPointExtension>
        </extensions>
      </trkpt>
      <trkpt lat="51.9902767427265644073486328125" lon="5.8183123357594013214111328125">
        <ele>54</ele>
        <time>2026-05-30T08:45:21.000Z</time>
        <extensions>
          <ns3:TrackPointExtension>
            <ns3:hr>150</ns3:hr>
          </ns3:TrackPointExtension>
        </extensions>
      </trkpt>
      <trkpt lat="51.99023961089551448822021484375" lon="5.8183120004832744598388671875">
        <ele>53.59999847412109375</ele>
        <time>2026-05-30T08:45:24.000Z</time>
        <extensions>
          <ns3:TrackPointExtension>
            <ns3:hr>151</ns3:hr>
          </ns3:TrackPointExtension>
        </extensions>
      </trkpt>
      <trkpt lat="51.99015579186379909515380859375" lon="5.8183103241026401519775390625">
        <ele>53.200000762939453125</ele>
        <time>2026-05-30T08:45:31.000Z</time>
        <extensions>
          <ns3:TrackPointExtension>
            <ns3:hr>151</ns3:hr>
          </ns3:TrackPointExtension>
        </extensions>
      </trkpt>
      <trkpt lat="51.99010784737765789031982421875" lon="5.81828140653669834136962890625">
        <ele>53</ele>
        <time>2026-05-30T08:45:38.000Z</time>
        <extensions>
          <ns3:TrackPointExtension>
            <ns3:hr>150</ns3:hr>
          </ns3:TrackPointExtension>
        </extensions>
      </trkpt>
      <trkpt lat="51.9901104457676410675048828125" lon="5.8183000981807708740234375">
        <ele>53</ele>
        <time>2026-05-30T08:45:45.000Z</time>
        <extensions>
          <ns3:TrackPointExtension>
            <ns3:hr>150</ns3:hr>
          </ns3:TrackPointExtension>
        </extensions>
      </trkpt>
      <trkpt lat="51.990109942853450775146484375" lon="5.818284340202808380126953125">
        <ele>52.799999237060546875</ele>
        <time>2026-05-30T08:45:56.000Z</time>
        <extensions>
          <ns3:TrackPointExtension>
            <ns3:hr>152</ns3:hr>
          </ns3:TrackPointExtension>
        </extensions>
      </trkpt>
      <trkpt lat="51.99010013602674007415771484375" lon="5.81830705516040325164794921875">
        <ele>52.59999847412109375</ele>
        <time>2026-05-30T08:46:03.000Z</time>
        <extensions>
          <ns3:TrackPointExtension>
            <ns3:hr>151</ns3:hr>
          </ns3:TrackPointExtension>
        </extensions>
      </trkpt>
      <trkpt lat="51.99009594507515430450439453125" lon="5.8183093182742595672607421875">
        <ele>52.59999847412109375</ele>
        <time>2026-05-30T08:46:06.000Z</time>
        <extensions>
          <ns3:TrackPointExtension>
            <ns3:hr>148</ns3:hr>
          </ns3:TrackPointExtension>
        </extensions>
      </trkpt>
      <trkpt lat="51.99005168862640857696533203125" lon="5.81823849119246006011962890625">
        <ele>52.200000762939453125</ele>
        <time>2026-05-30T08:46:14.000Z</time>
        <extensions>
          <ns3:TrackPointExtension>
            <ns3:hr>149</ns3:hr>
          </ns3:TrackPointExtension>
        </extensions>
      </trkpt>
      <trkpt lat="51.99003609828650951385498046875" lon="5.8181165345013141632080078125">
        <ele>52</ele>
        <time>2026-05-30T08:46:23.000Z</time>
        <extensions>
          <ns3:TrackPointExtension>
            <ns3:hr>148</ns3:hr>
          </ns3:TrackPointExtension>
        </extensions>
      </trkpt>
      <trkpt lat="51.990046910941600799560546875" lon="5.81802777014672756195068359375">
        <ele>53.200000762939453125</ele>
        <time>2026-05-30T08:46:31.000Z</time>
        <extensions>
          <ns3:TrackPointExtension>
            <ns3:hr>147</ns3:hr>
          </ns3:TrackPointExtension>
        </extensions>
      </trkpt>
      <trkpt lat="51.99003090150654315948486328125" lon="5.81806548871099948883056640625">
        <ele>53</ele>
        <time>2026-05-30T08:46:41.000Z</time>
        <extensions>
          <ns3:TrackPointExtension>
            <ns3:hr>149</ns3:hr>
          </ns3:TrackPointExtension>
        </extensions>
      </trkpt>
      <trkpt lat="51.99002704583108425140380859375" lon="5.81812466494739055633544921875">
        <ele>53</ele>
        <time>2026-05-30T08:46:49.000Z</time>
        <extensions>
          <ns3:TrackPointExtension>
            <ns3:hr>148</ns3:hr>
          </ns3:TrackPointExtension>
        </extensions>
      </trkpt>
      <trkpt lat="51.9899116270244121551513671875" lon="5.817442797124385833740234375">
        <ele>48.799999237060546875</ele>
        <time>2026-05-30T08:56:33.000Z</time>
        <extensions>
          <ns3:TrackPointExtension>
            <ns3:hr>147</ns3:hr>
          </ns3:TrackPointExtension>
        </extensions>
      </trkpt>
      <trkpt lat="51.98989360593259334564208984375" lon="5.8174728043377399444580078125">
        <ele>48</ele>
        <time>2026-05-30T08:56:37.000Z</time>
        <extensions>
          <ns3:TrackPointExtension>
            <ns3:hr>148</ns3:hr>
          </ns3:TrackPointExtension>
        </extensions>
      </trkpt>
      <trkpt lat="51.9898901693522930145263671875" lon="5.81749367527663707733154296875">
        <ele>48</ele>
        <time>2026-05-30T08:56:40.000Z</time>
        <extensions>
          <ns3:TrackPointExtension>
            <ns3:hr>149</ns3:hr>
          </ns3:TrackPointExtension>
        </extensions>
      </trkpt>
      <trkpt lat="51.9898326694965362548828125" lon="5.8175871334969997406005859375">
        <ele>47.59999847412109375</ele>
        <time>2026-05-30T08:56:49.000Z</time>
        <extensions>
          <ns3:TrackPointExtension>
            <ns3:hr>150</ns3:hr>
          </ns3:TrackPointExtension>
        </extensions>
      </trkpt>
      <trkpt lat="51.98980039916932582855224609375" lon="5.8176176436245441436767578125">
        <ele>47.40000152587890625</ele>
        <time>2026-05-30T08:56:59.000Z</time>
        <extensions>
          <ns3:TrackPointExtension>
            <ns3:hr>148</ns3:hr>
          </ns3:TrackPointExtension>
        </extensions>
      </trkpt>
      <trkpt lat="51.98978506028652191162109375" lon="5.81770640797913074493408203125">
        <ele>47.59999847412109375</ele>
        <time>2026-05-30T08:57:07.000Z</time>
        <extensions>
          <ns3:TrackPointExtension>
            <ns3:hr>147</ns3:hr>
          </ns3:TrackPointExtension>
        </extensions>
      </trkpt>
      <trkpt lat="51.98978514410555362701416015625" lon="5.8178714476525783538818359375">
        <ele>47.40000152587890625</ele>
        <time>2026-05-30T08:57:18.000Z</time>
        <extensions>
          <ns3:TrackPointExtension>
            <ns3:hr>148</ns3:hr>
          </ns3:TrackPointExtension>
        </extensions>
      </trkpt>
      <trkpt lat="51.98980324901640415191650390625" lon="5.81806884147226810455322265625">
        <ele>47.200000762939453125</ele>
        <time>2026-05-30T08:57:29.000Z</time>
        <extensions>
          <ns3:TrackPointExtension>
            <ns3:hr>148</ns3:hr>
          </ns3:TrackPointExtension>
        </extensions>
      </trkpt>
      <trkpt lat="51.989836357533931732177734375" lon="5.81822122447192668914794921875">
        <ele>47.40000152587890625</ele>
        <time>2026-05-30T08:57:39.000Z</time>
        <extensions>
          <ns3:TrackPointExtension>
            <ns3:hr>148</ns3:hr>
          </ns3:TrackPointExtension>
        </extensions>
      </trkpt>
      <trkpt lat="51.9898723997175693511962890625" lon="5.8182298578321933746337890625">
        <ele>47.799999237060546875</ele>
        <time>2026-05-30T08:57:46.000Z</time>
        <extensions>
          <ns3:TrackPointExtension>
            <ns3:hr>151</ns3:hr>
          </ns3:TrackPointExtension>
        </extensions>
      </trkpt>
      <trkpt lat="51.9898945279419422149658203125" lon="5.81822357140481472015380859375">
        <ele>48.200000762939453125</ele>
        <time>2026-05-30T08:57:49.000Z</time>
        <extensions>
          <ns3:TrackPointExtension>
            <ns3:hr>152</ns3:hr>
          </ns3:TrackPointExtension>
        </extensions>
      </trkpt>
      <trkpt lat="51.9899706356227397918701171875" lon="5.818193145096302032470703125">
        <ele>48.799999237060546875</ele>
        <time>2026-05-30T08:57:55.000Z</time>
        <extensions>
          <ns3:TrackPointExtension>
            <ns3:hr>155</ns3:hr>
          </ns3:TrackPointExtension>
        </extensions>
      </trkpt>
      <trkpt lat="51.99002486653625965118408203125" lon="5.81818434409797191619873046875">
        <ele>49</ele>
        <time>2026-05-30T08:57:59.000Z</time>
        <extensions>
          <ns3:TrackPointExtension>
            <ns3:hr>156</ns3:hr>
          </ns3:TrackPointExtension>
        </extensions>
      </trkpt>
      <trkpt lat="51.990097872912883758544921875" lon="5.8182271756231784820556640625">
        <ele>49.40000152587890625</ele>
        <time>2026-05-30T08:58:07.000Z</time>
        <extensions>
          <ns3:TrackPointExtension>
            <ns3:hr>158</ns3:hr>
          </ns3:TrackPointExtension>
        </extensions>
      </trkpt>
      <trkpt lat="51.9901724718511104583740234375" lon="5.81822759471833705902099609375">
        <ele>49.799999237060546875</ele>
        <time>2026-05-30T08:58:16.000Z</time>
        <extensions>
          <ns3:TrackPointExtension>
            <ns3:hr>159</ns3:hr>
          </ns3:TrackPointExtension>
        </extensions>
      </trkpt>
      <trkpt lat="51.99023022316396236419677734375" lon="5.81822876818478107452392578125">
        <ele>50.200000762939453125</ele>
        <time>2026-05-30T08:58:22.000Z</time>
        <extensions>
          <ns3:TrackPointExtension>
            <ns3:hr>161</ns3:hr>
          </ns3:TrackPointExtension>
        </extensions>
      </trkpt>
      <trkpt lat="51.99028520844876766204833984375" lon="5.81824402324855327606201171875">
        <ele>50.200000762939453125</ele>
        <time>2026-05-30T08:58:27.000Z</time>
        <extensions>
          <ns3:TrackPointExtension>
            <ns3:hr>161</ns3:hr>
          </ns3:TrackPointExtension>
        </extensions>
      </trkpt>
      <trkpt lat="51.99036969803273677825927734375" lon="5.81826615147292613983154296875">
        <ele>50.59999847412109375</ele>
        <time>2026-05-30T08:58:36.000Z</time>
        <extensions>
          <ns3:TrackPointExtension>
            <ns3:hr>161</ns3:hr>
          </ns3:TrackPointExtension>
        </extensions>
      </trkpt>
      <trkpt lat="51.99047983624041080474853515625" lon="5.81831392832100391387939453125">
        <ele>50.799999237060546875</ele>
        <time>2026-05-30T08:58:47.000Z</time>
        <extensions>
          <ns3:TrackPointExtension>
            <ns3:hr>161</ns3:hr>
          </ns3:TrackPointExtension>
        </extensions>
      </trkpt>
      <trkpt lat="51.9905828498303890228271484375" lon="5.818352736532688140869140625">
        <ele>51</ele>
        <time>2026-05-30T08:58:57.000Z</time>
        <extensions>
          <ns3:TrackPointExtension>
            <ns3:hr>161</ns3:hr>
          </ns3:TrackPointExtension>
        </extensions>
      </trkpt>
      <trkpt lat="51.99069977737963199615478515625" lon="5.81840177066624164581298828125">
        <ele>51.200000762939453125</ele>
        <time>2026-05-30T08:59:07.000Z</time>
        <extensions>
          <ns3:TrackPointExtension>
            <ns3:hr>160</ns3:hr>
          </ns3:TrackPointExtension>
        </extensions>
      </trkpt>
      <trkpt lat="51.99071310460567474365234375" lon="5.8184142597019672393798828125">
        <ele>51.200000762939453125</ele>
        <time>2026-05-30T08:59:08.000Z</time>
        <extensions>
          <ns3:TrackPointExtension>
            <ns3:hr>160</ns3:hr>
          </ns3:TrackPointExtension>
        </extensions>
      </trkpt>
      <trkpt lat="51.99074395000934600830078125" lon="5.8184558339416980743408203125">
        <ele>51.200000762939453125</ele>
        <time>2026-05-30T08:59:11.000Z</time>
        <extensions>
          <ns3:TrackPointExtension>
            <ns3:hr>160</ns3:hr>
          </ns3:TrackPointExtension>
        </extensions>
      </trkpt>
      <trkpt lat="51.99075291864573955535888671875" lon="5.81846010871231555938720703125">
        <ele>51.200000762939453125</ele>
        <time>2026-05-30T08:59:14.000Z</time>
        <extensions>
          <ns3:TrackPointExtension>
            <ns3:hr>160</ns3:hr>
          </ns3:TrackPointExtension>
        </extensions>
      </trkpt>
      <trkpt lat="51.99071167968213558197021484375" lon="5.81847913563251495361328125">
        <ele>51.40000152587890625</ele>
        <time>2026-05-30T08:59:22.000Z</time>
        <extensions>
          <ns3:TrackPointExtension>
            <ns3:hr>159</ns3:hr>
          </ns3:TrackPointExtension>
        </extensions>
      </trkpt>
      <trkpt lat="51.9907816685736179351806640625" lon="5.818436555564403533935546875">
        <ele>51.200000762939453125</ele>
        <time>2026-05-30T08:59:29.000Z</time>
        <extensions>
          <ns3:TrackPointExtension>
            <ns3:hr>162</ns3:hr>
          </ns3:TrackPointExtension>
        </extensions>
      </trkpt>
      <trkpt lat="51.990795917809009552001953125" lon="5.81842951476573944091796875">
        <ele>51.40000152587890625</ele>
        <time>2026-05-30T08:59:30.000Z</time>
        <extensions>
          <ns3:TrackPointExtension>
            <ns3:hr>162</ns3:hr>
          </ns3:TrackPointExtension>
        </extensions>
      </trkpt>
      <trkpt lat="51.99086640961468219757080078125" lon="5.81838601268827915191650390625">
        <ele>51.59999847412109375</ele>
        <time>2026-05-30T08:59:40.000Z</time>
        <extensions>
          <ns3:TrackPointExtension>
            <ns3:hr>160</ns3:hr>
          </ns3:TrackPointExtension>
        </extensions>
      </trkpt>
      <trkpt lat="51.99088208377361297607421875" lon="5.81838919781148433685302734375">
        <ele>51.59999847412109375</ele>
        <time>2026-05-30T08:59:42.000Z</time>
        <extensions>
          <ns3:TrackPointExtension>
            <ns3:hr>157</ns3:hr>
          </ns3:TrackPointExtension>
        </extensions>
      </trkpt>
      <trkpt lat="51.9908976741135120391845703125" lon="5.8183881081640720367431640625">
        <ele>51.799999237060546875</ele>
        <time>2026-05-30T08:59:44.000Z</time>
        <extensions>
          <ns3:TrackPointExtension>
            <ns3:hr>153</ns3:hr>
          </ns3:TrackPointExtension>
        </extensions>
      </trkpt>
      <trkpt lat="51.99095961637794971466064453125" lon="5.81839053891599178314208984375">
        <ele>52</ele>
        <time>2026-05-30T08:59:51.000Z</time>
        <extensions>
          <ns3:TrackPointExtension>
            <ns3:hr>155</ns3:hr>
          </ns3:TrackPointExtension>
        </extensions>
      </trkpt>
      <trkpt lat="51.99104460887610912322998046875" lon="5.818375535309314727783203125">
        <ele>52.200000762939453125</ele>
        <time>2026-05-30T09:00:00.000Z</time>
        <extensions>
          <ns3:TrackPointExtension>
            <ns3:hr>154</ns3:hr>
          </ns3:TrackPointExtension>
        </extensions>
      </trkpt>
      <trkpt lat="51.99114753864705562591552734375" lon="5.81839439459145069122314453125">
        <ele>52.40000152587890625</ele>
        <time>2026-05-30T09:00:11.000Z</time>
        <extensions>
          <ns3:TrackPointExtension>
            <ns3:hr>154</ns3:hr>
          </ns3:TrackPointExtension>
        </extensions>
      </trkpt>
      <trkpt lat="51.99118022806942462921142578125" lon="5.8183443546295166015625">
        <ele>52.40000152587890625</ele>
        <time>2026-05-30T09:00:20.000Z</time>
        <extensions>
          <ns3:TrackPointExtension>
            <ns3:hr>153</ns3:hr>
          </ns3:TrackPointExtension>
        </extensions>
      </trkpt>
      <trkpt lat="51.99114938266575336456298828125" lon="5.81823145039379596710205078125">
        <ele>52.59999847412109375</ele>
        <time>2026-05-30T09:00:32.000Z</time>
        <extensions>
          <ns3:TrackPointExtension>
            <ns3:hr>152</ns3:hr>
          </ns3:TrackPointExtension>
        </extensions>
      </trkpt>
      <trkpt lat="51.99108316563069820404052734375" lon="5.8180685900151729583740234375">
        <ele>52.59999847412109375</ele>
        <time>2026-05-30T09:00:43.000Z</time>
        <extensions>
          <ns3:TrackPointExtension>
            <ns3:hr>150</ns3:hr>
          </ns3:TrackPointExtension>
        </extensions>
      </trkpt>
      <trkpt lat="51.991036646068096160888671875" lon="5.8178855292499065399169921875">
        <ele>52.799999237060546875</ele>
        <time>2026-05-30T09:00:53.000Z</time>
        <extensions>
          <ns3:TrackPointExtension>
            <ns3:hr>150</ns3:hr>
          </ns3:TrackPointExtension>
        </extensions>
      </trkpt>
      <trkpt lat="51.9909771345555782318115234375" lon="5.8176883868873119354248046875">
        <ele>52.799999237060546875</ele>
        <time>2026-05-30T09:01:05.000Z</time>
        <extensions>
          <ns3:TrackPointExtension>
            <ns3:hr>151</ns3:hr>
          </ns3:TrackPointExtension>
        </extensions>
      </trkpt>
      <trkpt lat="51.99092525057494640350341796875" lon="5.817515552043914794921875">
        <ele>53</ele>
        <time>2026-05-30T09:01:16.000Z</time>
        <extensions>
          <ns3:TrackPointExtension>
            <ns3:hr>151</ns3:hr>
          </ns3:TrackPointExtension>
        </extensions>
      </trkpt>
      <trkpt lat="51.99088920839130878448486328125" lon="5.8173400349915027618408203125">
        <ele>53</ele>
        <time>2026-05-30T09:01:27.000Z</time>
        <extensions>
          <ns3:TrackPointExtension>
            <ns3:hr>148</ns3:hr>
          </ns3:TrackPointExtension>
        </extensions>
      </trkpt>
      <trkpt lat="51.99088552035391330718994140625" lon="5.81732553429901599884033203125">
        <ele>53</ele>
        <time>2026-05-30T09:01:28.000Z</time>
        <extensions>
          <ns3:TrackPointExtension>
            <ns3:hr>148</ns3:hr>
          </ns3:TrackPointExtension>
        </extensions>
      </trkpt>
      <trkpt lat="51.99086473323404788970947265625" lon="5.817198716104030609130859375">
        <ele>53.200000762939453125</ele>
        <time>2026-05-30T09:01:37.000Z</time>
        <extensions>
          <ns3:TrackPointExtension>
            <ns3:hr>149</ns3:hr>
          </ns3:TrackPointExtension>
        </extensions>
      </trkpt>
      <trkpt lat="51.99085668660700321197509765625" lon="5.81714532338082790374755859375">
        <ele>53.200000762939453125</ele>
        <time>2026-05-30T09:01:40.000Z</time>
        <extensions>
          <ns3:TrackPointExtension>
            <ns3:hr>149</ns3:hr>
          </ns3:TrackPointExtension>
        </extensions>
      </trkpt>
      <trkpt lat="51.9908384978771209716796875" lon="5.81695790402591228485107421875">
        <ele>52.799999237060546875</ele>
        <time>2026-05-30T09:01:49.000Z</time>
        <extensions>
          <ns3:TrackPointExtension>
            <ns3:hr>149</ns3:hr>
          </ns3:TrackPointExtension>
        </extensions>
      </trkpt>
      <trkpt lat="51.99077907018363475799560546875" lon="5.81680384464561939239501953125">
        <ele>54</ele>
        <time>2026-05-30T09:01:59.000Z</time>
        <extensions>
          <ns3:TrackPointExtension>
            <ns3:hr>148</ns3:hr>
          </ns3:TrackPointExtension>
        </extensions>
      </trkpt>
      <trkpt lat="51.99076331220567226409912109375" lon="5.81678389571607112884521484375">
        <ele>54.40000152587890625</ele>
        <time>2026-05-30T09:02:00.000Z</time>
        <extensions>
          <ns3:TrackPointExtension>
            <ns3:hr>149</ns3:hr>
          </ns3:TrackPointExtension>
        </extensions>
      </trkpt>
      <trkpt lat="51.99071503244340419769287109375" lon="5.816626064479351043701171875">
        <ele>54</ele>
        <time>2026-05-30T09:02:10.000Z</time>
        <extensions>
          <ns3:TrackPointExtension>
            <ns3:hr>149</ns3:hr>
          </ns3:TrackPointExtension>
        </extensions>
      </trkpt>
      <trkpt lat="51.990703381597995758056640625" lon="5.81649119965732097625732421875">
        <ele>54.40000152587890625</ele>
        <time>2026-05-30T09:02:19.000Z</time>
        <extensions>
          <ns3:TrackPointExtension>
            <ns3:hr>151</ns3:hr>
          </ns3:TrackPointExtension>
        </extensions>
      </trkpt>
      <trkpt lat="51.99066692031919956207275390625" lon="5.8162852562963962554931640625">
        <ele>55</ele>
        <time>2026-05-30T09:02:29.000Z</time>
        <extensions>
          <ns3:TrackPointExtension>
            <ns3:hr>152</ns3:hr>
          </ns3:TrackPointExtension>
        </extensions>
      </trkpt>
      <trkpt lat="51.9906133599579334259033203125" lon="5.81615273840725421905517578125">
        <ele>55.200000762939453125</ele>
        <time>2026-05-30T09:02:39.000Z</time>
        <extensions>
          <ns3:TrackPointExtension>
            <ns3:hr>153</ns3:hr>
          </ns3:TrackPointExtension>
        </extensions>
      </trkpt>
      <trkpt lat="51.99060288257896900177001953125" lon="5.81612859852612018585205078125">
        <ele>55.40000152587890625</ele>
        <time>2026-05-30T09:02:42.000Z</time>
        <extensions>
          <ns3:TrackPointExtension>
            <ns3:hr>154</ns3:hr>
          </ns3:TrackPointExtension>
        </extensions>
      </trkpt>
      <trkpt lat="51.99054789729416370391845703125" lon="5.81604042090475559234619140625">
        <ele>55.59999847412109375</ele>
        <time>2026-05-30T09:02:48.000Z</time>
        <extensions>
          <ns3:TrackPointExtension>
            <ns3:hr>155</ns3:hr>
          </ns3:TrackPointExtension>
        </extensions>
      </trkpt>
      <trkpt lat="51.990527696907520294189453125" lon="5.81590832211077213287353515625">
        <ele>56</ele>
        <time>2026-05-30T09:02:57.000Z</time>
        <extensions>
          <ns3:TrackPointExtension>
            <ns3:hr>154</ns3:hr>
          </ns3:TrackPointExtension>
        </extensions>
      </trkpt>
      <trkpt lat="51.9905540160834789276123046875" lon="5.8157625608146190643310546875">
        <ele>56.200000762939453125</ele>
        <time>2026-05-30T09:03:06.000Z</time>
        <extensions>
          <ns3:TrackPointExtension>
            <ns3:hr>154</ns3:hr>
          </ns3:TrackPointExtension>
        </extensions>
      </trkpt>
      <trkpt lat="51.9905513338744640350341796875" lon="5.8157508261501789093017578125">
        <ele>56.40000152587890625</ele>
        <time>2026-05-30T09:03:07.000Z</time>
        <extensions>
          <ns3:TrackPointExtension>
            <ns3:hr>154</ns3:hr>
          </ns3:TrackPointExtension>
        </extensions>
      </trkpt>
      <trkpt lat="51.9904983602464199066162109375" lon="5.8155965991318225860595703125">
        <ele>56.59999847412109375</ele>
        <time>2026-05-30T09:03:15.000Z</time>
        <extensions>
          <ns3:TrackPointExtension>
            <ns3:hr>155</ns3:hr>
          </ns3:TrackPointExtension>
        </extensions>
      </trkpt>
      <trkpt lat="51.990482099354267120361328125" lon="5.81538680009543895721435546875">
        <ele>57</ele>
        <time>2026-05-30T09:03:24.000Z</time>
        <extensions>
          <ns3:TrackPointExtension>
            <ns3:hr>156</ns3:hr>
          </ns3:TrackPointExtension>
        </extensions>
      </trkpt>
      <trkpt lat="51.99049182236194610595703125" lon="5.81526727415621280670166015625">
        <ele>57.200000762939453125</ele>
        <time>2026-05-30T09:03:31.000Z</time>
        <extensions>
          <ns3:TrackPointExtension>
            <ns3:hr>153</ns3:hr>
          </ns3:TrackPointExtension>
        </extensions>
      </trkpt>
      <trkpt lat="51.99049307964742183685302734375" lon="5.8152370154857635498046875">
        <ele>57.200000762939453125</ele>
        <time>2026-05-30T09:03:33.000Z</time>
        <extensions>
          <ns3:TrackPointExtension>
            <ns3:hr>153</ns3:hr>
          </ns3:TrackPointExtension>
        </extensions>
      </trkpt>
      <trkpt lat="51.9905047304928302764892578125" lon="5.815144814550876617431640625">
        <ele>57.40000152587890625</ele>
        <time>2026-05-30T09:03:38.000Z</time>
        <extensions>
          <ns3:TrackPointExtension>
            <ns3:hr>152</ns3:hr>
          </ns3:TrackPointExtension>
        </extensions>
      </trkpt>
      <trkpt lat="51.9905023835599422454833984375" lon="5.8150826208293437957763671875">
        <ele>57.59999847412109375</ele>
        <time>2026-05-30T09:03:41.000Z</time>
        <extensions>
          <ns3:TrackPointExtension>
            <ns3:hr>151</ns3:hr>
          </ns3:TrackPointExtension>
        </extensions>
      </trkpt>
      <trkpt lat="51.99052090756595134735107421875" lon="5.81490852870047092437744140625">
        <ele>58</ele>
        <time>2026-05-30T09:03:51.000Z</time>
        <extensions>
          <ns3:TrackPointExtension>
            <ns3:hr>151</ns3:hr>
          </ns3:TrackPointExtension>
        </extensions>
      </trkpt>
      <trkpt lat="51.99056818149983882904052734375" lon="5.8148682117462158203125">
        <ele>58.40000152587890625</ele>
        <time>2026-05-30T09:03:58.000Z</time>
        <extensions>
          <ns3:TrackPointExtension>
            <ns3:hr>152</ns3:hr>
          </ns3:TrackPointExtension>
        </extensions>
      </trkpt>
      <trkpt lat="51.990584023296833038330078125" lon="5.81484935246407985687255859375">
        <ele>58.59999847412109375</ele>
        <time>2026-05-30T09:04:00.000Z</time>
        <extensions>
          <ns3:TrackPointExtension>
            <ns3:hr>153</ns3:hr>
          </ns3:TrackPointExtension>
        </extensions>
      </trkpt>
      <trkpt lat="51.9906361587345600128173828125" lon="5.81477927975356578826904296875">
        <ele>58</ele>
        <time>2026-05-30T09:04:06.000Z</time>
        <extensions>
          <ns3:TrackPointExtension>
            <ns3:hr>156</ns3:hr>
          </ns3:TrackPointExtension>
        </extensions>
      </trkpt>
      <trkpt lat="51.99068049900233745574951171875" lon="5.8147289045155048370361328125">
        <ele>58</ele>
        <time>2026-05-30T09:04:10.000Z</time>
        <extensions>
          <ns3:TrackPointExtension>
            <ns3:hr>156</ns3:hr>
          </ns3:TrackPointExtension>
        </extensions>
      </trkpt>
      <trkpt lat="51.99077320285141468048095703125" lon="5.81465556286275386810302734375">
        <ele>57.59999847412109375</ele>
        <time>2026-05-30T09:04:19.000Z</time>
        <extensions>
          <ns3:TrackPointExtension>
            <ns3:hr>155</ns3:hr>
          </ns3:TrackPointExtension>
        </extensions>
      </trkpt>
      <trkpt lat="51.99078845791518688201904296875" lon="5.814645923674106597900390625">
        <ele>57.59999847412109375</ele>
        <time>2026-05-30T09:04:21.000Z</time>
        <extensions>
          <ns3:TrackPointExtension>
            <ns3:hr>155</ns3:hr>
          </ns3:TrackPointExtension>
        </extensions>
      </trkpt>
      <trkpt lat="51.9908899627625942230224609375" lon="5.8145557343959808349609375">
        <ele>58</ele>
        <time>2026-05-30T09:04:32.000Z</time>
        <extensions>
          <ns3:TrackPointExtension>
            <ns3:hr>153</ns3:hr>
          </ns3:TrackPointExtension>
        </extensions>
      </trkpt>
      <trkpt lat="51.99097168631851673126220703125" lon="5.81446596421301364898681640625">
        <ele>58.200000762939453125</ele>
        <time>2026-05-30T09:04:41.000Z</time>
        <extensions>
          <ns3:TrackPointExtension>
            <ns3:hr>152</ns3:hr>
          </ns3:TrackPointExtension>
        </extensions>
      </trkpt>
      <trkpt lat="51.99104125611484050750732421875" lon="5.81439287401735782623291015625">
        <ele>58.200000762939453125</ele>
        <time>2026-05-30T09:04:49.000Z</time>
        <extensions>
          <ns3:TrackPointExtension>
            <ns3:hr>153</ns3:hr>
          </ns3:TrackPointExtension>
        </extensions>
      </trkpt>
      <trkpt lat="51.99111015535891056060791015625" lon="5.81431827507913112640380859375">
        <ele>58.200000762939453125</ele>
        <time>2026-05-30T09:04:55.000Z</time>
        <extensions>
          <ns3:TrackPointExtension>
            <ns3:hr>150</ns3:hr>
          </ns3:TrackPointExtension>
        </extensions>
      </trkpt>
      <trkpt lat="51.9911350496113300323486328125" lon="5.81428541801869869232177734375">
        <ele>58</ele>
        <time>2026-05-30T09:04:59.000Z</time>
        <extensions>
          <ns3:TrackPointExtension>
            <ns3:hr>147</ns3:hr>
          </ns3:TrackPointExtension>
        </extensions>
      </trkpt>
      <trkpt lat="51.99121291749179363250732421875" lon="5.81421853043138980865478515625">
        <ele>58</ele>
        <time>2026-05-30T09:05:08.000Z</time>
        <extensions>
          <ns3:TrackPointExtension>
            <ns3:hr>147</ns3:hr>
          </ns3:TrackPointExtension>
        </extensions>
      </trkpt>
      <trkpt lat="51.99133579619228839874267578125" lon="5.81413856707513332366943359375">
        <ele>57.59999847412109375</ele>
        <time>2026-05-30T09:05:21.000Z</time>
        <extensions>
          <ns3:TrackPointExtension>
            <ns3:hr>146</ns3:hr>
          </ns3:TrackPointExtension>
        </extensions>
      </trkpt>
      <trkpt lat="51.9914232194423675537109375" lon="5.81404938362538814544677734375">
        <ele>57.40000152587890625</ele>
        <time>2026-05-30T09:05:29.000Z</time>
        <extensions>
          <ns3:TrackPointExtension>
            <ns3:hr>145</ns3:hr>
          </ns3:TrackPointExtension>
        </extensions>
      </trkpt>
      <trkpt lat="51.99144107289612293243408203125" lon="5.81404368393123149871826171875">
        <ele>57.200000762939453125</ele>
        <time>2026-05-30T09:05:31.000Z</time>
        <extensions>
          <ns3:TrackPointExtension>
            <ns3:hr>146</ns3:hr>
          </ns3:TrackPointExtension>
        </extensions>
      </trkpt>
      <trkpt lat="51.9915340282022953033447265625" lon="5.81399087794125080108642578125">
        <ele>57</ele>
        <time>2026-05-30T09:05:40.000Z</time>
        <extensions>
          <ns3:TrackPointExtension>
            <ns3:hr>144</ns3:hr>
          </ns3:TrackPointExtension>
        </extensions>
      </trkpt>
      <trkpt lat="51.9916178472340106964111328125" lon="5.81389532424509525299072265625">
        <ele>56.59999847412109375</ele>
        <time>2026-05-30T09:05:48.000Z</time>
        <extensions>
          <ns3:TrackPointExtension>
            <ns3:hr>144</ns3:hr>
          </ns3:TrackPointExtension>
        </extensions>
      </trkpt>
      <trkpt lat="51.9916724972426891326904296875" lon="5.813825838267803192138671875">
        <ele>56.40000152587890625</ele>
        <time>2026-05-30T09:05:55.000Z</time>
        <extensions>
          <ns3:TrackPointExtension>
            <ns3:hr>142</ns3:hr>
          </ns3:TrackPointExtension>
        </extensions>
      </trkpt>
      <trkpt lat="51.99169336818158626556396484375" lon="5.81380446441471576690673828125">
        <ele>56.200000762939453125</ele>
        <time>2026-05-30T09:05:57.000Z</time>
        <extensions>
          <ns3:TrackPointExtension>
            <ns3:hr>142</ns3:hr>
          </ns3:TrackPointExtension>
        </extensions>
      </trkpt>
      <trkpt lat="51.9917911849915981292724609375" lon="5.8137384988367557525634765625">
        <ele>55.799999237060546875</ele>
        <time>2026-05-30T09:06:06.000Z</time>
        <extensions>
          <ns3:TrackPointExtension>
            <ns3:hr>142</ns3:hr>
          </ns3:TrackPointExtension>
        </extensions>
      </trkpt>
      <trkpt lat="51.9918605871498584747314453125" lon="5.81369809806346893310546875">
        <ele>55.200000762939453125</ele>
        <time>2026-05-30T09:06:14.000Z</time>
        <extensions>
          <ns3:TrackPointExtension>
            <ns3:hr>142</ns3:hr>
          </ns3:TrackPointExtension>
        </extensions>
      </trkpt>
      <trkpt lat="51.9918733276426792144775390625" lon="5.8136893808841705322265625">
        <ele>55.200000762939453125</ele>
        <time>2026-05-30T09:06:15.000Z</time>
        <extensions>
          <ns3:TrackPointExtension>
            <ns3:hr>141</ns3:hr>
          </ns3:TrackPointExtension>
        </extensions>
      </trkpt>
      <trkpt lat="51.9919769279658794403076171875" lon="5.81359072588384151458740234375">
        <ele>54.40000152587890625</ele>
        <time>2026-05-30T09:06:25.000Z</time>
        <extensions>
          <ns3:TrackPointExtension>
            <ns3:hr>141</ns3:hr>
          </ns3:TrackPointExtension>
        </extensions>
      </trkpt>
      <trkpt lat="51.99200433678925037384033203125" lon="5.81356465816497802734375">
        <ele>54.200000762939453125</ele>
        <time>2026-05-30T09:06:28.000Z</time>
        <extensions>
          <ns3:TrackPointExtension>
            <ns3:hr>141</ns3:hr>
          </ns3:TrackPointExtension>
        </extensions>
      </trkpt>
      <trkpt lat="51.99208773672580718994140625" lon="5.813510008156299591064453125">
        <ele>53.799999237060546875</ele>
        <time>2026-05-30T09:06:36.000Z</time>
        <extensions>
          <ns3:TrackPointExtension>
            <ns3:hr>143</ns3:hr>
          </ns3:TrackPointExtension>
        </extensions>
      </trkpt>
      <trkpt lat="51.99216661043465137481689453125" lon="5.81344387494027614593505859375">
        <ele>53.200000762939453125</ele>
        <time>2026-05-30T09:06:42.000Z</time>
        <extensions>
          <ns3:TrackPointExtension>
            <ns3:hr>143</ns3:hr>
          </ns3:TrackPointExtension>
        </extensions>
      </trkpt>
      <trkpt lat="51.99222830124199390411376953125" lon="5.8133871294558048248291015625">
        <ele>52.799999237060546875</ele>
        <time>2026-05-30T09:06:48.000Z</time>
        <extensions>
          <ns3:TrackPointExtension>
            <ns3:hr>144</ns3:hr>
          </ns3:TrackPointExtension>
        </extensions>
      </trkpt>
      <trkpt lat="51.99233047664165496826171875" lon="5.81330624409019947052001953125">
        <ele>52.200000762939453125</ele>
        <time>2026-05-30T09:06:59.000Z</time>
        <extensions>
          <ns3:TrackPointExtension>
            <ns3:hr>145</ns3:hr>
          </ns3:TrackPointExtension>
        </extensions>
      </trkpt>
      <trkpt lat="51.99235017411410808563232421875" lon="5.8132924139499664306640625">
        <ele>52</ele>
        <time>2026-05-30T09:07:01.000Z</time>
        <extensions>
          <ns3:TrackPointExtension>
            <ns3:hr>145</ns3:hr>
          </ns3:TrackPointExtension>
        </extensions>
      </trkpt>
      <trkpt lat="51.99243105947971343994140625" lon="5.81322544254362583160400390625">
        <ele>51.59999847412109375</ele>
        <time>2026-05-30T09:07:09.000Z</time>
        <extensions>
          <ns3:TrackPointExtension>
            <ns3:hr>146</ns3:hr>
          </ns3:TrackPointExtension>
        </extensions>
      </trkpt>
      <trkpt lat="51.99254496954381465911865234375" lon="5.81311832182109355926513671875">
        <ele>51.200000762939453125</ele>
        <time>2026-05-30T09:07:21.000Z</time>
        <extensions>
          <ns3:TrackPointExtension>
            <ns3:hr>145</ns3:hr>
          </ns3:TrackPointExtension>
        </extensions>
      </trkpt>
      <trkpt lat="51.992604397237300872802734375" lon="5.81305361352860927581787109375">
        <ele>51</ele>
        <time>2026-05-30T09:07:27.000Z</time>
        <extensions>
          <ns3:TrackPointExtension>
            <ns3:hr>145</ns3:hr>
          </ns3:TrackPointExtension>
        </extensions>
      </trkpt>
      <trkpt lat="51.99262761510908603668212890625" lon="5.8130310662090778350830078125">
        <ele>50.799999237060546875</ele>
        <time>2026-05-30T09:07:30.000Z</time>
        <extensions>
          <ns3:TrackPointExtension>
            <ns3:hr>145</ns3:hr>
          </ns3:TrackPointExtension>
        </extensions>
      </trkpt>
      <trkpt lat="51.99273993261158466339111328125" lon="5.81297515891492366790771484375">
        <ele>50.200000762939453125</ele>
        <time>2026-05-30T09:07:41.000Z</time>
        <extensions>
          <ns3:TrackPointExtension>
            <ns3:hr>145</ns3:hr>
          </ns3:TrackPointExtension>
        </extensions>
      </trkpt>
      <trkpt lat="51.9928342290222644805908203125" lon="5.81291413865983486175537109375">
        <ele>50.40000152587890625</ele>
        <time>2026-05-30T09:07:50.000Z</time>
        <extensions>
          <ns3:TrackPointExtension>
            <ns3:hr>145</ns3:hr>
          </ns3:TrackPointExtension>
        </extensions>
      </trkpt>
      <trkpt lat="51.99292550794780254364013671875" lon="5.8128283917903900146484375">
        <ele>50.200000762939453125</ele>
        <time>2026-05-30T09:07:58.000Z</time>
        <extensions>
          <ns3:TrackPointExtension>
            <ns3:hr>145</ns3:hr>
          </ns3:TrackPointExtension>
        </extensions>
      </trkpt>
      <trkpt lat="51.993048973381519317626953125" lon="5.81272588111460208892822265625">
        <ele>50.200000762939453125</ele>
        <time>2026-05-30T09:08:09.000Z</time>
        <extensions>
          <ns3:TrackPointExtension>
            <ns3:hr>146</ns3:hr>
          </ns3:TrackPointExtension>
        </extensions>
      </trkpt>
      <trkpt lat="51.99312868528068065643310546875" lon="5.81264843232929706573486328125">
        <ele>50</ele>
        <time>2026-05-30T09:08:18.000Z</time>
        <extensions>
          <ns3:TrackPointExtension>
            <ns3:hr>146</ns3:hr>
          </ns3:TrackPointExtension>
        </extensions>
      </trkpt>
      <trkpt lat="51.993139497935771942138671875" lon="5.81263904459774494171142578125">
        <ele>50</ele>
        <time>2026-05-30T09:08:19.000Z</time>
        <extensions>
          <ns3:TrackPointExtension>
            <ns3:hr>147</ns3:hr>
          </ns3:TrackPointExtension>
        </extensions>
      </trkpt>
      <trkpt lat="51.993242762982845306396484375" lon="5.81253670156002044677734375">
        <ele>49.799999237060546875</ele>
        <time>2026-05-30T09:08:29.000Z</time>
        <extensions>
          <ns3:TrackPointExtension>
            <ns3:hr>146</ns3:hr>
          </ns3:TrackPointExtension>
        </extensions>
      </trkpt>
      <trkpt lat="51.99334527365863323211669921875" lon="5.81244408152997493743896484375">
        <ele>50</ele>
        <time>2026-05-30T09:08:39.000Z</time>
        <extensions>
          <ns3:TrackPointExtension>
            <ns3:hr>145</ns3:hr>
          </ns3:TrackPointExtension>
        </extensions>
      </trkpt>
      <trkpt lat="51.99343328364193439483642578125" lon="5.8123568259179592132568359375">
        <ele>49.799999237060546875</ele>
        <time>2026-05-30T09:08:49.000Z</time>
        <extensions>
          <ns3:TrackPointExtension>
            <ns3:hr>146</ns3:hr>
          </ns3:TrackPointExtension>
        </extensions>
      </trkpt>
      <trkpt lat="51.9935265742242336273193359375" lon="5.8122857473790645599365234375">
        <ele>49.799999237060546875</ele>
        <time>2026-05-30T09:08:58.000Z</time>
        <extensions>
          <ns3:TrackPointExtension>
            <ns3:hr>146</ns3:hr>
          </ns3:TrackPointExtension>
        </extensions>
      </trkpt>
      <trkpt lat="51.9936258159577846527099609375" lon="5.812174938619136810302734375">
        <ele>49.59999847412109375</ele>
        <time>2026-05-30T09:09:10.000Z</time>
        <extensions>
          <ns3:TrackPointExtension>
            <ns3:hr>147</ns3:hr>
          </ns3:TrackPointExtension>
        </extensions>
      </trkpt>
      <trkpt lat="51.99365607462823390960693359375" lon="5.8121573366224765777587890625">
        <ele>48.799999237060546875</ele>
        <time>2026-05-30T09:09:14.000Z</time>
        <extensions>
          <ns3:TrackPointExtension>
            <ns3:hr>146</ns3:hr>
          </ns3:TrackPointExtension>
        </extensions>
      </trkpt>
      <trkpt lat="51.99368742294609546661376953125" lon="5.8121409080922603607177734375">
        <ele>47.40000152587890625</ele>
        <time>2026-05-30T09:09:16.000Z</time>
        <extensions>
          <ns3:TrackPointExtension>
            <ns3:hr>146</ns3:hr>
          </ns3:TrackPointExtension>
        </extensions>
      </trkpt>
      <trkpt lat="51.9937139935791492462158203125" lon="5.8121254853904247283935546875">
        <ele>47.40000152587890625</ele>
        <time>2026-05-30T09:09:18.000Z</time>
        <extensions>
          <ns3:TrackPointExtension>
            <ns3:hr>146</ns3:hr>
          </ns3:TrackPointExtension>
        </extensions>
      </trkpt>
      <trkpt lat="51.993846595287322998046875" lon="5.8120282553136348724365234375">
        <ele>47.799999237060546875</ele>
        <time>2026-05-30T09:09:28.000Z</time>
        <extensions>
          <ns3:TrackPointExtension>
            <ns3:hr>146</ns3:hr>
          </ns3:TrackPointExtension>
        </extensions>
      </trkpt>
      <trkpt lat="51.99391901493072509765625" lon="5.81197184510529041290283203125">
        <ele>47.799999237060546875</ele>
        <time>2026-05-30T09:09:37.000Z</time>
        <extensions>
          <ns3:TrackPointExtension>
            <ns3:hr>145</ns3:hr>
          </ns3:TrackPointExtension>
        </extensions>
      </trkpt>
      <trkpt lat="51.99399403296411037445068359375" lon="5.8118793927133083343505859375">
        <ele>47.799999237060546875</ele>
        <time>2026-05-30T09:09:46.000Z</time>
        <extensions>
          <ns3:TrackPointExtension>
            <ns3:hr>145</ns3:hr>
          </ns3:TrackPointExtension>
        </extensions>
      </trkpt>
      <trkpt lat="51.9940713979303836822509765625" lon="5.811792723834514617919921875">
        <ele>48</ele>
        <time>2026-05-30T09:09:55.000Z</time>
        <extensions>
          <ns3:TrackPointExtension>
            <ns3:hr>144</ns3:hr>
          </ns3:TrackPointExtension>
        </extensions>
      </trkpt>
      <trkpt lat="51.99416737072169780731201171875" lon="5.8117305301129817962646484375">
        <ele>47.799999237060546875</ele>
        <time>2026-05-30T09:10:05.000Z</time>
        <extensions>
          <ns3:TrackPointExtension>
            <ns3:hr>145</ns3:hr>
          </ns3:TrackPointExtension>
        </extensions>
      </trkpt>
      <trkpt lat="51.99424850754439830780029296875" lon="5.81172022037208080291748046875">
        <ele>47.799999237060546875</ele>
        <time>2026-05-30T09:10:13.000Z</time>
        <extensions>
          <ns3:TrackPointExtension>
            <ns3:hr>146</ns3:hr>
          </ns3:TrackPointExtension>
        </extensions>
      </trkpt>
      <trkpt lat="51.9943456538021564483642578125" lon="5.811603628098964691162109375">
        <ele>47.799999237060546875</ele>
        <time>2026-05-30T09:10:22.000Z</time>
        <extensions>
          <ns3:TrackPointExtension>
            <ns3:hr>148</ns3:hr>
          </ns3:TrackPointExtension>
        </extensions>
      </trkpt>
      <trkpt lat="51.99442167766392230987548828125" lon="5.81151654012501239776611328125">
        <ele>47.799999237060546875</ele>
        <time>2026-05-30T09:10:32.000Z</time>
        <extensions>
          <ns3:TrackPointExtension>
            <ns3:hr>147</ns3:hr>
          </ns3:TrackPointExtension>
        </extensions>
      </trkpt>
      <trkpt lat="51.994520165026187896728515625" lon="5.8114203996956348419189453125">
        <ele>48</ele>
        <time>2026-05-30T09:10:41.000Z</time>
        <extensions>
          <ns3:TrackPointExtension>
            <ns3:hr>147</ns3:hr>
          </ns3:TrackPointExtension>
        </extensions>
      </trkpt>
      <trkpt lat="51.9945917464792728424072265625" lon="5.81137538887560367584228515625">
        <ele>48.200000762939453125</ele>
        <time>2026-05-30T09:10:50.000Z</time>
        <extensions>
          <ns3:TrackPointExtension>
            <ns3:hr>148</ns3:hr>
          </ns3:TrackPointExtension>
        </extensions>
      </trkpt>
      <trkpt lat="51.9947107695043087005615234375" lon="5.81129324622452259063720703125">
        <ele>48.200000762939453125</ele>
        <time>2026-05-30T09:11:01.000Z</time>
        <extensions>
          <ns3:TrackPointExtension>
            <ns3:hr>149</ns3:hr>
          </ns3:TrackPointExtension>
        </extensions>
      </trkpt>
      <trkpt lat="51.99480959214270114898681640625" lon="5.81118042580783367156982421875">
        <ele>48.40000152587890625</ele>
        <time>2026-05-30T09:11:11.000Z</time>
        <extensions>
          <ns3:TrackPointExtension>
            <ns3:hr>150</ns3:hr>
          </ns3:TrackPointExtension>
        </extensions>
      </trkpt>
      <trkpt lat="51.99484429322183132171630859375" lon="5.81113331951200962066650390625">
        <ele>48.40000152587890625</ele>
        <time>2026-05-30T09:11:15.000Z</time>
        <extensions>
          <ns3:TrackPointExtension>
            <ns3:hr>149</ns3:hr>
          </ns3:TrackPointExtension>
        </extensions>
      </trkpt>
      <trkpt lat="51.99492543004453182220458984375" lon="5.81106643192470073699951171875">
        <ele>48.59999847412109375</ele>
        <time>2026-05-30T09:11:22.000Z</time>
        <extensions>
          <ns3:TrackPointExtension>
            <ns3:hr>148</ns3:hr>
          </ns3:TrackPointExtension>
        </extensions>
      </trkpt>
      <trkpt lat="51.9950064830482006072998046875" lon="5.81100909970700740814208984375">
        <ele>48.799999237060546875</ele>
        <time>2026-05-30T09:11:30.000Z</time>
        <extensions>
          <ns3:TrackPointExtension>
            <ns3:hr>148</ns3:hr>
          </ns3:TrackPointExtension>
        </extensions>
      </trkpt>
      <trkpt lat="51.9950871169567108154296875" lon="5.8109600655734539031982421875">
        <ele>49.200000762939453125</ele>
        <time>2026-05-30T09:11:39.000Z</time>
        <extensions>
          <ns3:TrackPointExtension>
            <ns3:hr>148</ns3:hr>
          </ns3:TrackPointExtension>
        </extensions>
      </trkpt>
      <trkpt lat="51.99520018883049488067626953125" lon="5.81085688434541225433349609375">
        <ele>49.40000152587890625</ele>
        <time>2026-05-30T09:11:49.000Z</time>
        <extensions>
          <ns3:TrackPointExtension>
            <ns3:hr>149</ns3:hr>
          </ns3:TrackPointExtension>
        </extensions>
      </trkpt>
      <trkpt lat="51.9952398352324962615966796875" lon="5.8108234405517578125">
        <ele>49.40000152587890625</ele>
        <time>2026-05-30T09:11:52.000Z</time>
        <extensions>
          <ns3:TrackPointExtension>
            <ns3:hr>150</ns3:hr>
          </ns3:TrackPointExtension>
        </extensions>
      </trkpt>
      <trkpt lat="51.995312087237834930419921875" lon="5.81076267175376415252685546875">
        <ele>49.799999237060546875</ele>
        <time>2026-05-30T09:12:00.000Z</time>
        <extensions>
          <ns3:TrackPointExtension>
            <ns3:hr>150</ns3:hr>
          </ns3:TrackPointExtension>
        </extensions>
      </trkpt>
      <trkpt lat="51.99535257183015346527099609375" lon="5.81066410057246685028076171875">
        <ele>50.200000762939453125</ele>
        <time>2026-05-30T09:12:08.000Z</time>
        <extensions>
          <ns3:TrackPointExtension>
            <ns3:hr>151</ns3:hr>
          </ns3:TrackPointExtension>
        </extensions>
      </trkpt>
      <trkpt lat="51.9954175315797328948974609375" lon="5.81060274504125118255615234375">
        <ele>50.40000152587890625</ele>
        <time>2026-05-30T09:12:13.000Z</time>
        <extensions>
          <ns3:TrackPointExtension>
            <ns3:hr>154</ns3:hr>
          </ns3:TrackPointExtension>
        </extensions>
      </trkpt>
      <trkpt lat="51.9954711757600307464599609375" lon="5.8105496875941753387451171875">
        <ele>50.40000152587890625</ele>
        <time>2026-05-30T09:12:17.000Z</time>
        <extensions>
          <ns3:TrackPointExtension>
            <ns3:hr>153</ns3:hr>
          </ns3:TrackPointExtension>
        </extensions>
      </trkpt>
      <trkpt lat="51.99548701755702495574951171875" lon="5.810538120567798614501953125">
        <ele>50.40000152587890625</ele>
        <time>2026-05-30T09:12:19.000Z</time>
        <extensions>
          <ns3:TrackPointExtension>
            <ns3:hr>154</ns3:hr>
          </ns3:TrackPointExtension>
        </extensions>
      </trkpt>
      <trkpt lat="51.99560017324984073638916015625" lon="5.81052445806562900543212890625">
        <ele>51</ele>
        <time>2026-05-30T09:12:28.000Z</time>
        <extensions>
          <ns3:TrackPointExtension>
            <ns3:hr>154</ns3:hr>
          </ns3:TrackPointExtension>
        </extensions>
      </trkpt>
      <trkpt lat="51.9956418313086032867431640625" lon="5.81054826267063617706298828125">
        <ele>51.200000762939453125</ele>
        <time>2026-05-30T09:12:31.000Z</time>
        <extensions>
          <ns3:TrackPointExtension>
            <ns3:hr>157</ns3:hr>
          </ns3:TrackPointExtension>
        </extensions>
      </trkpt>
      <trkpt lat="51.99575155042111873626708984375" lon="5.81063476391136646270751953125">
        <ele>51.200000762939453125</ele>
        <time>2026-05-30T09:12:37.000Z</time>
        <extensions>
          <ns3:TrackPointExtension>
            <ns3:hr>155</ns3:hr>
          </ns3:TrackPointExtension>
        </extensions>
      </trkpt>
      <trkpt lat="51.99587275274097919464111328125" lon="5.810754708945751190185546875">
        <ele>51.40000152587890625</ele>
        <time>2026-05-30T09:12:45.000Z</time>
        <extensions>
          <ns3:TrackPointExtension>
            <ns3:hr>157</ns3:hr>
          </ns3:TrackPointExtension>
        </extensions>
      </trkpt>
      <trkpt lat="51.995889432728290557861328125" lon="5.81076401285827159881591796875">
        <ele>51.59999847412109375</ele>
        <time>2026-05-30T09:12:46.000Z</time>
        <extensions>
          <ns3:TrackPointExtension>
            <ns3:hr>157</ns3:hr>
          </ns3:TrackPointExtension>
        </extensions>
      </trkpt>
      <trkpt lat="51.995945759117603302001953125" lon="5.8107991330325603485107421875">
        <ele>51.59999847412109375</ele>
        <time>2026-05-30T09:12:51.000Z</time>
        <extensions>
          <ns3:TrackPointExtension>
            <ns3:hr>154</ns3:hr>
          </ns3:TrackPointExtension>
        </extensions>
      </trkpt>
      <trkpt lat="51.995979286730289459228515625" lon="5.8108276315033435821533203125">
        <ele>51.59999847412109375</ele>
        <time>2026-05-30T09:12:54.000Z</time>
        <extensions>
          <ns3:TrackPointExtension>
            <ns3:hr>153</ns3:hr>
          </ns3:TrackPointExtension>
        </extensions>
      </trkpt>
      <trkpt lat="51.99607542715966701507568359375" lon="5.81091036088764667510986328125">
        <ele>52.200000762939453125</ele>
        <time>2026-05-30T09:13:04.000Z</time>
        <extensions>
          <ns3:TrackPointExtension>
            <ns3:hr>155</ns3:hr>
          </ns3:TrackPointExtension>
        </extensions>
      </trkpt>
      <trkpt lat="51.99616762809455394744873046875" lon="5.81101697869598865509033203125">
        <ele>52.200000762939453125</ele>
        <time>2026-05-30T09:13:14.000Z</time>
        <extensions>
          <ns3:TrackPointExtension>
            <ns3:hr>154</ns3:hr>
          </ns3:TrackPointExtension>
        </extensions>
      </trkpt>
      <trkpt lat="51.99621490202844142913818359375" lon="5.81106894649565219879150390625">
        <ele>52.59999847412109375</ele>
        <time>2026-05-30T09:13:20.000Z</time>
        <extensions>
          <ns3:TrackPointExtension>
            <ns3:hr>152</ns3:hr>
          </ns3:TrackPointExtension>
        </extensions>
      </trkpt>
      <trkpt lat="51.9962485134601593017578125" lon="5.81110951490700244903564453125">
        <ele>52.799999237060546875</ele>
        <time>2026-05-30T09:13:23.000Z</time>
        <extensions>
          <ns3:TrackPointExtension>
            <ns3:hr>154</ns3:hr>
          </ns3:TrackPointExtension>
        </extensions>
      </trkpt>
      <trkpt lat="51.99628815986216068267822265625" lon="5.81117003224790096282958984375">
        <ele>53.40000152587890625</ele>
        <time>2026-05-30T09:13:29.000Z</time>
        <extensions>
          <ns3:TrackPointExtension>
            <ns3:hr>157</ns3:hr>
          </ns3:TrackPointExtension>
        </extensions>
      </trkpt>
      <trkpt lat="51.9962936080992221832275390625" lon="5.81117506138980388641357421875">
        <ele>53.59999847412109375</ele>
        <time>2026-05-30T09:13:31.000Z</time>
        <extensions>
          <ns3:TrackPointExtension>
            <ns3:hr>157</ns3:hr>
          </ns3:TrackPointExtension>
        </extensions>
      </trkpt>
      <trkpt lat="51.99629939161241054534912109375" lon="5.811179839074611663818359375">
        <ele>53.799999237060546875</ele>
        <time>2026-05-30T09:13:32.000Z</time>
        <extensions>
          <ns3:TrackPointExtension>
            <ns3:hr>157</ns3:hr>
          </ns3:TrackPointExtension>
        </extensions>
      </trkpt>
      <trkpt lat="51.99632872827351093292236328125" lon="5.81119769252836704254150390625">
        <ele>54.799999237060546875</ele>
        <time>2026-05-30T09:13:38.000Z</time>
        <extensions>
          <ns3:TrackPointExtension>
            <ns3:hr>158</ns3:hr>
          </ns3:TrackPointExtension>
        </extensions>
      </trkpt>
      <trkpt lat="51.99636560864746570587158203125" lon="5.811228118836879730224609375">
        <ele>55</ele>
        <time>2026-05-30T09:13:42.000Z</time>
        <extensions>
          <ns3:TrackPointExtension>
            <ns3:hr>159</ns3:hr>
          </ns3:TrackPointExtension>
        </extensions>
      </trkpt>
      <trkpt lat="51.99643651954829692840576171875" lon="5.811348818242549896240234375">
        <ele>55</ele>
        <time>2026-05-30T09:13:50.000Z</time>
        <extensions>
          <ns3:TrackPointExtension>
            <ns3:hr>158</ns3:hr>
          </ns3:TrackPointExtension>
        </extensions>
      </trkpt>
      <trkpt lat="51.9965239427983760833740234375" lon="5.811499692499637603759765625">
        <ele>55.59999847412109375</ele>
        <time>2026-05-30T09:14:01.000Z</time>
        <extensions>
          <ns3:TrackPointExtension>
            <ns3:hr>157</ns3:hr>
          </ns3:TrackPointExtension>
        </extensions>
      </trkpt>
      <trkpt lat="51.99657976627349853515625" lon="5.8116091601550579071044921875">
        <ele>55.59999847412109375</ele>
        <time>2026-05-30T09:14:09.000Z</time>
        <extensions>
          <ns3:TrackPointExtension>
            <ns3:hr>159</ns3:hr>
          </ns3:TrackPointExtension>
        </extensions>
      </trkpt>
      <trkpt lat="51.99664925225079059600830078125" lon="5.81169272772967815399169921875">
        <ele>55.200000762939453125</ele>
        <time>2026-05-30T09:14:19.000Z</time>
        <extensions>
          <ns3:TrackPointExtension>
            <ns3:hr>158</ns3:hr>
          </ns3:TrackPointExtension>
        </extensions>
      </trkpt>
      <trkpt lat="51.9967425428330898284912109375" lon="5.811799429357051849365234375">
        <ele>54.200000762939453125</ele>
        <time>2026-05-30T09:14:28.000Z</time>
        <extensions>
          <ns3:TrackPointExtension>
            <ns3:hr>159</ns3:hr>
          </ns3:TrackPointExtension>
        </extensions>
      </trkpt>
      <trkpt lat="51.99681781232357025146484375" lon="5.8118374831974506378173828125">
        <ele>55.40000152587890625</ele>
        <time>2026-05-30T09:14:37.000Z</time>
        <extensions>
          <ns3:TrackPointExtension>
            <ns3:hr>156</ns3:hr>
          </ns3:TrackPointExtension>
        </extensions>
      </trkpt>
      <trkpt lat="51.9968927465379238128662109375" lon="5.8119192905724048614501953125">
        <ele>55.200000762939453125</ele>
        <time>2026-05-30T09:14:45.000Z</time>
        <extensions>
          <ns3:TrackPointExtension>
            <ns3:hr>156</ns3:hr>
          </ns3:TrackPointExtension>
        </extensions>
      </trkpt>
      <trkpt lat="51.9969936646521091461181640625" lon="5.812056921422481536865234375">
        <ele>54.200000762939453125</ele>
        <time>2026-05-30T09:14:54.000Z</time>
        <extensions>
          <ns3:TrackPointExtension>
            <ns3:hr>156</ns3:hr>
          </ns3:TrackPointExtension>
        </extensions>
      </trkpt>
      <trkpt lat="51.99713657610118389129638671875" lon="5.8121860027313232421875">
        <ele>54.59999847412109375</ele>
        <time>2026-05-30T09:15:02.000Z</time>
        <extensions>
          <ns3:TrackPointExtension>
            <ns3:hr>155</ns3:hr>
          </ns3:TrackPointExtension>
        </extensions>
      </trkpt>
      <trkpt lat="51.99721050448715686798095703125" lon="5.81230376847088336944580078125">
        <ele>54.799999237060546875</ele>
        <time>2026-05-30T09:15:11.000Z</time>
        <extensions>
          <ns3:TrackPointExtension>
            <ns3:hr>154</ns3:hr>
          </ns3:TrackPointExtension>
        </extensions>
      </trkpt>
      <trkpt lat="51.99723866768181324005126953125" lon="5.8123407326638698577880859375">
        <ele>55</ele>
        <time>2026-05-30T09:15:19.000Z</time>
        <extensions>
          <ns3:TrackPointExtension>
            <ns3:hr>152</ns3:hr>
          </ns3:TrackPointExtension>
        </extensions>
      </trkpt>
      <trkpt lat="51.997264064848423004150390625" lon="5.81238909624516963958740234375">
        <ele>53.40000152587890625</ele>
        <time>2026-05-30T09:15:26.000Z</time>
        <extensions>
          <ns3:TrackPointExtension>
            <ns3:hr>153</ns3:hr>
          </ns3:TrackPointExtension>
        </extensions>
      </trkpt>
      <trkpt lat="51.99727370403707027435302734375" lon="5.81239814870059490203857421875">
        <ele>51.799999237060546875</ele>
        <time>2026-05-30T09:15:27.000Z</time>
        <extensions>
          <ns3:TrackPointExtension>
            <ns3:hr>153</ns3:hr>
          </ns3:TrackPointExtension>
        </extensions>
      </trkpt>
      <trkpt lat="51.997382082045078277587890625" lon="5.8124553970992565155029296875">
        <ele>52.59999847412109375</ele>
        <time>2026-05-30T09:15:37.000Z</time>
        <extensions>
          <ns3:TrackPointExtension>
            <ns3:hr>154</ns3:hr>
          </ns3:TrackPointExtension>
        </extensions>
      </trkpt>
      <trkpt lat="51.997451148927211761474609375" lon="5.8125103823840618133544921875">
        <ele>52.799999237060546875</ele>
        <time>2026-05-30T09:15:42.000Z</time>
        <extensions>
          <ns3:TrackPointExtension>
            <ns3:hr>154</ns3:hr>
          </ns3:TrackPointExtension>
        </extensions>
      </trkpt>
      <trkpt lat="51.99747855775058269500732421875" lon="5.81256109289824962615966796875">
        <ele>53</ele>
        <time>2026-05-30T09:15:45.000Z</time>
        <extensions>
          <ns3:TrackPointExtension>
            <ns3:hr>154</ns3:hr>
          </ns3:TrackPointExtension>
        </extensions>
      </trkpt>
      <trkpt lat="51.997559778392314910888671875" lon="5.81266486085951328277587890625">
        <ele>53.40000152587890625</ele>
        <time>2026-05-30T09:15:51.000Z</time>
        <extensions>
          <ns3:TrackPointExtension>
            <ns3:hr>157</ns3:hr>
          </ns3:TrackPointExtension>
        </extensions>
      </trkpt>
      <trkpt lat="51.99758970178663730621337890625" lon="5.81270073540508747100830078125">
        <ele>53.799999237060546875</ele>
        <time>2026-05-30T09:15:54.000Z</time>
        <extensions>
          <ns3:TrackPointExtension>
            <ns3:hr>158</ns3:hr>
          </ns3:TrackPointExtension>
        </extensions>
      </trkpt>
      <trkpt lat="51.99761199764907360076904296875" lon="5.81272923387587070465087890625">
        <ele>53.799999237060546875</ele>
        <time>2026-05-30T09:15:56.000Z</time>
        <extensions>
          <ns3:TrackPointExtension>
            <ns3:hr>158</ns3:hr>
          </ns3:TrackPointExtension>
        </extensions>
      </trkpt>
      <trkpt lat="51.99766547419130802154541015625" lon="5.81279897131025791168212890625">
        <ele>54</ele>
        <time>2026-05-30T09:16:03.000Z</time>
        <extensions>
          <ns3:TrackPointExtension>
            <ns3:hr>157</ns3:hr>
          </ns3:TrackPointExtension>
        </extensions>
      </trkpt>
      <trkpt lat="51.99774426408112049102783203125" lon="5.81290139816701412200927734375">
        <ele>52.59999847412109375</ele>
        <time>2026-05-30T09:16:12.000Z</time>
        <extensions>
          <ns3:TrackPointExtension>
            <ns3:hr>156</ns3:hr>
          </ns3:TrackPointExtension>
        </extensions>
      </trkpt>
      <trkpt lat="51.99775566346943378448486328125" lon="5.81291061826050281524658203125">
        <ele>51.40000152587890625</ele>
        <time>2026-05-30T09:16:13.000Z</time>
        <extensions>
          <ns3:TrackPointExtension>
            <ns3:hr>156</ns3:hr>
          </ns3:TrackPointExtension>
        </extensions>
      </trkpt>
      <trkpt lat="51.99783126823604106903076171875" lon="5.8129707165062427520751953125">
        <ele>52.40000152587890625</ele>
        <time>2026-05-30T09:16:20.000Z</time>
        <extensions>
          <ns3:TrackPointExtension>
            <ns3:hr>154</ns3:hr>
          </ns3:TrackPointExtension>
        </extensions>
      </trkpt>
      <trkpt lat="51.9978516362607479095458984375" lon="5.8129894919693470001220703125">
        <ele>52.59999847412109375</ele>
        <time>2026-05-30T09:16:22.000Z</time>
        <extensions>
          <ns3:TrackPointExtension>
            <ns3:hr>154</ns3:hr>
          </ns3:TrackPointExtension>
        </extensions>
      </trkpt>
      <trkpt lat="51.99791693128645420074462890625" lon="5.81307113170623779296875">
        <ele>53.40000152587890625</ele>
        <time>2026-05-30T09:16:30.000Z</time>
        <extensions>
          <ns3:TrackPointExtension>
            <ns3:hr>154</ns3:hr>
          </ns3:TrackPointExtension>
        </extensions>
      </trkpt>
      <trkpt lat="51.99798180721700191497802734375" lon="5.81316660158336162567138671875">
        <ele>54</ele>
        <time>2026-05-30T09:16:39.000Z</time>
        <extensions>
          <ns3:TrackPointExtension>
            <ns3:hr>154</ns3:hr>
          </ns3:TrackPointExtension>
        </extensions>
      </trkpt>
      <trkpt lat="51.99804802425205707550048828125" lon="5.8132322318851947784423828125">
        <ele>54.200000762939453125</ele>
        <time>2026-05-30T09:16:47.000Z</time>
        <extensions>
          <ns3:TrackPointExtension>
            <ns3:hr>153</ns3:hr>
          </ns3:TrackPointExtension>
        </extensions>
      </trkpt>
      <trkpt lat="51.9981171749532222747802734375" lon="5.8133633248507976531982421875">
        <ele>54.40000152587890625</ele>
        <time>2026-05-30T09:16:55.000Z</time>
        <extensions>
          <ns3:TrackPointExtension>
            <ns3:hr>154</ns3:hr>
          </ns3:TrackPointExtension>
        </extensions>
      </trkpt>
      <trkpt lat="51.99812614358961582183837890625" lon="5.81337514333426952362060546875">
        <ele>54.59999847412109375</ele>
        <time>2026-05-30T09:16:56.000Z</time>
        <extensions>
          <ns3:TrackPointExtension>
            <ns3:hr>153</ns3:hr>
          </ns3:TrackPointExtension>
        </extensions>
      </trkpt>
      <trkpt lat="51.9981689751148223876953125" lon="5.8133867941796779632568359375">
        <ele>54.799999237060546875</ele>
        <time>2026-05-30T09:17:00.000Z</time>
        <extensions>
          <ns3:TrackPointExtension>
            <ns3:hr>154</ns3:hr>
          </ns3:TrackPointExtension>
        </extensions>
      </trkpt>
      <trkpt lat="51.9981949590146541595458984375" lon="5.81338603980839252471923828125">
        <ele>55.200000762939453125</ele>
        <time>2026-05-30T09:17:03.000Z</time>
        <extensions>
          <ns3:TrackPointExtension>
            <ns3:hr>153</ns3:hr>
          </ns3:TrackPointExtension>
        </extensions>
      </trkpt>
      <trkpt lat="51.99827550910413265228271484375" lon="5.8134276978671550750732421875">
        <ele>37.40000152587890625</ele>
        <time>2026-05-30T09:17:12.000Z</time>
        <extensions>
          <ns3:TrackPointExtension>
            <ns3:hr>152</ns3:hr>
          </ns3:TrackPointExtension>
        </extensions>
      </trkpt>
      <trkpt lat="51.99835203588008880615234375" lon="5.813518054783344268798828125">
        <ele>19.799999237060546875</ele>
        <time>2026-05-30T09:17:21.000Z</time>
        <extensions>
          <ns3:TrackPointExtension>
            <ns3:hr>151</ns3:hr>
          </ns3:TrackPointExtension>
        </extensions>
      </trkpt>
      <trkpt lat="51.9983679614961147308349609375" lon="5.81353942863643169403076171875">
        <ele>15.80000019073486328125</ele>
        <time>2026-05-30T09:17:23.000Z</time>
        <extensions>
          <ns3:TrackPointExtension>
            <ns3:hr>151</ns3:hr>
          </ns3:TrackPointExtension>
        </extensions>
      </trkpt>
      <trkpt lat="51.99837349355220794677734375" lon="5.813545882701873779296875">
        <ele>16.200000762939453125</ele>
        <time>2026-05-30T09:17:24.000Z</time>
        <extensions>
          <ns3:TrackPointExtension>
            <ns3:hr>151</ns3:hr>
          </ns3:TrackPointExtension>
        </extensions>
      </trkpt>
      <trkpt lat="51.99840844608843326568603515625" lon="5.81359759904444217681884765625">
        <ele>16.799999237060546875</ele>
        <time>2026-05-30T09:17:28.000Z</time>
        <extensions>
          <ns3:TrackPointExtension>
            <ns3:hr>148</ns3:hr>
          </ns3:TrackPointExtension>
        </extensions>
      </trkpt>
      <trkpt lat="51.99841716326773166656494140625" lon="5.81360883079469203948974609375">
        <ele>17</ele>
        <time>2026-05-30T09:17:29.000Z</time>
        <extensions>
          <ns3:TrackPointExtension>
            <ns3:hr>147</ns3:hr>
          </ns3:TrackPointExtension>
        </extensions>
      </trkpt>
      <trkpt lat="51.9984211027622222900390625" lon="5.81361629068851470947265625">
        <ele>17</ele>
        <time>2026-05-30T09:17:30.000Z</time>
        <extensions>
          <ns3:TrackPointExtension>
            <ns3:hr>147</ns3:hr>
          </ns3:TrackPointExtension>
        </extensions>
      </trkpt>
      <trkpt lat="51.99853501282632350921630859375" lon="5.8137545920908451080322265625">
        <ele>16.200000762939453125</ele>
        <time>2026-05-30T09:17:42.000Z</time>
        <extensions>
          <ns3:TrackPointExtension>
            <ns3:hr>154</ns3:hr>
          </ns3:TrackPointExtension>
        </extensions>
      </trkpt>
      <trkpt lat="51.99854808859527111053466796875" lon="5.81376649439334869384765625">
        <ele>16</ele>
        <time>2026-05-30T09:17:43.000Z</time>
        <extensions>
          <ns3:TrackPointExtension>
            <ns3:hr>154</ns3:hr>
          </ns3:TrackPointExtension>
        </extensions>
      </trkpt>
      <trkpt lat="51.998621262609958648681640625" lon="5.81384872086346149444580078125">
        <ele>16</ele>
        <time>2026-05-30T09:17:50.000Z</time>
        <extensions>
          <ns3:TrackPointExtension>
            <ns3:hr>152</ns3:hr>
          </ns3:TrackPointExtension>
        </extensions>
      </trkpt>
      <trkpt lat="51.99865101836621761322021484375" lon="5.81389658153057098388671875">
        <ele>15.80000019073486328125</ele>
        <time>2026-05-30T09:17:54.000Z</time>
        <extensions>
          <ns3:TrackPointExtension>
            <ns3:hr>151</ns3:hr>
          </ns3:TrackPointExtension>
        </extensions>
      </trkpt>
      <trkpt lat="51.99867968447506427764892578125" lon="5.81393622793257236480712890625">
        <ele>15.80000019073486328125</ele>
        <time>2026-05-30T09:18:00.000Z</time>
        <extensions>
          <ns3:TrackPointExtension>
            <ns3:hr>150</ns3:hr>
          </ns3:TrackPointExtension>
        </extensions>
      </trkpt>
      <trkpt lat="51.9987617433071136474609375" lon="5.8140285126864910125732421875">
        <ele>16</ele>
        <time>2026-05-30T09:18:08.000Z</time>
        <extensions>
          <ns3:TrackPointExtension>
            <ns3:hr>151</ns3:hr>
          </ns3:TrackPointExtension>
        </extensions>
      </trkpt>
      <trkpt lat="51.99884547851979732513427734375" lon="5.81410755403339862823486328125">
        <ele>16.3999996185302734375</ele>
        <time>2026-05-30T09:18:17.000Z</time>
        <extensions>
          <ns3:TrackPointExtension>
            <ns3:hr>151</ns3:hr>
          </ns3:TrackPointExtension>
        </extensions>
      </trkpt>
      <trkpt lat="51.99890582822263240814208984375" lon="5.814184583723545074462890625">
        <ele>16.6000003814697265625</ele>
        <time>2026-05-30T09:18:26.000Z</time>
        <extensions>
          <ns3:TrackPointExtension>
            <ns3:hr>151</ns3:hr>
          </ns3:TrackPointExtension>
        </extensions>
      </trkpt>
      <trkpt lat="51.99892879463732242584228515625" lon="5.81421802751719951629638671875">
        <ele>17</ele>
        <time>2026-05-30T09:18:29.000Z</time>
        <extensions>
          <ns3:TrackPointExtension>
            <ns3:hr>151</ns3:hr>
          </ns3:TrackPointExtension>
        </extensions>
      </trkpt>
      <trkpt lat="51.9990046508610248565673828125" lon="5.814301259815692901611328125">
        <ele>16.3999996185302734375</ele>
        <time>2026-05-30T09:18:38.000Z</time>
        <extensions>
          <ns3:TrackPointExtension>
            <ns3:hr>152</ns3:hr>
          </ns3:TrackPointExtension>
        </extensions>
      </trkpt>
      <trkpt lat="51.99904228560626506805419921875" lon="5.8143245615065097808837890625">
        <ele>16.3999996185302734375</ele>
        <time>2026-05-30T09:18:41.000Z</time>
        <extensions>
          <ns3:TrackPointExtension>
            <ns3:hr>155</ns3:hr>
          </ns3:TrackPointExtension>
        </extensions>
      </trkpt>
      <trkpt lat="51.99906256981194019317626953125" lon="5.8143446780741214752197265625">
        <ele>16.3999996185302734375</ele>
        <time>2026-05-30T09:18:43.000Z</time>
        <extensions>
          <ns3:TrackPointExtension>
            <ns3:hr>158</ns3:hr>
          </ns3:TrackPointExtension>
        </extensions>
      </trkpt>
      <trkpt lat="51.99911068193614482879638671875" lon="5.8144040219485759735107421875">
        <ele>16.200000762939453125</ele>
        <time>2026-05-30T09:18:47.000Z</time>
        <extensions>
          <ns3:TrackPointExtension>
            <ns3:hr>157</ns3:hr>
          </ns3:TrackPointExtension>
        </extensions>
      </trkpt>
      <trkpt lat="51.9991531781852245330810546875" lon="5.8144479431211948394775390625">
        <ele>16</ele>
        <time>2026-05-30T09:18:53.000Z</time>
        <extensions>
          <ns3:TrackPointExtension>
            <ns3:hr>156</ns3:hr>
          </ns3:TrackPointExtension>
        </extensions>
      </trkpt>
      <trkpt lat="51.9991625659167766571044921875" lon="5.81445171497762203216552734375">
        <ele>16</ele>
        <time>2026-05-30T09:18:54.000Z</time>
        <extensions>
          <ns3:TrackPointExtension>
            <ns3:hr>156</ns3:hr>
          </ns3:TrackPointExtension>
        </extensions>
      </trkpt>
      <trkpt lat="51.99917186982929706573486328125" lon="5.8144559897482395172119140625">
        <ele>15.80000019073486328125</ele>
        <time>2026-05-30T09:18:55.000Z</time>
        <extensions>
          <ns3:TrackPointExtension>
            <ns3:hr>156</ns3:hr>
          </ns3:TrackPointExtension>
        </extensions>
      </trkpt>
      <trkpt lat="51.99925862252712249755859375" lon="5.814487002789974212646484375">
        <ele>15.6000003814697265625</ele>
        <time>2026-05-30T09:19:03.000Z</time>
        <extensions>
          <ns3:TrackPointExtension>
            <ns3:hr>154</ns3:hr>
          </ns3:TrackPointExtension>
        </extensions>
      </trkpt>
      <trkpt lat="51.99929307214915752410888671875" lon="5.81444953568279743194580078125">
        <ele>15</ele>
        <time>2026-05-30T09:19:08.000Z</time>
        <extensions>
          <ns3:TrackPointExtension>
            <ns3:hr>154</ns3:hr>
          </ns3:TrackPointExtension>
        </extensions>
      </trkpt>
      <trkpt lat="51.99929860420525074005126953125" lon="5.81441533751785755157470703125">
        <ele>14.6000003814697265625</ele>
        <time>2026-05-30T09:19:11.000Z</time>
        <extensions>
          <ns3:TrackPointExtension>
            <ns3:hr>153</ns3:hr>
          </ns3:TrackPointExtension>
        </extensions>
      </trkpt>
      <trkpt lat="51.99932928197085857391357421875" lon="5.8143228851258754730224609375">
        <ele>14.6000003814697265625</ele>
        <time>2026-05-30T09:19:18.000Z</time>
        <extensions>
          <ns3:TrackPointExtension>
            <ns3:hr>154</ns3:hr>
          </ns3:TrackPointExtension>
        </extensions>
      </trkpt>
      <trkpt lat="51.9993694312870502471923828125" lon="5.8141958154737949371337890625">
        <ele>14.19999980926513671875</ele>
        <time>2026-05-30T09:19:28.000Z</time>
        <extensions>
          <ns3:TrackPointExtension>
            <ns3:hr>153</ns3:hr>
          </ns3:TrackPointExtension>
        </extensions>
      </trkpt>
      <trkpt lat="51.99942450039088726043701171875" lon="5.81399758346378803253173828125">
        <ele>14</ele>
        <time>2026-05-30T09:19:38.000Z</time>
        <extensions>
          <ns3:TrackPointExtension>
            <ns3:hr>152</ns3:hr>
          </ns3:TrackPointExtension>
        </extensions>
      </trkpt>
      <trkpt lat="51.99946783483028411865234375" lon="5.81389725208282470703125">
        <ele>14</ele>
        <time>2026-05-30T09:19:44.000Z</time>
        <extensions>
          <ns3:TrackPointExtension>
            <ns3:hr>152</ns3:hr>
          </ns3:TrackPointExtension>
        </extensions>
      </trkpt>
      <trkpt lat="51.9994794018566608428955078125" lon="5.813869424164295196533203125">
        <ele>14</ele>
        <time>2026-05-30T09:19:46.000Z</time>
        <extensions>
          <ns3:TrackPointExtension>
            <ns3:hr>152</ns3:hr>
          </ns3:TrackPointExtension>
        </extensions>
      </trkpt>
      <trkpt lat="51.9994928129017353057861328125" lon="5.8138136006891727447509765625">
        <ele>14</ele>
        <time>2026-05-30T09:19:51.000Z</time>
        <extensions>
          <ns3:TrackPointExtension>
            <ns3:hr>155</ns3:hr>
          </ns3:TrackPointExtension>
        </extensions>
      </trkpt>
      <trkpt lat="51.99950940907001495361328125" lon="5.813771523535251617431640625">
        <ele>14</ele>
        <time>2026-05-30T09:19:54.000Z</time>
        <extensions>
          <ns3:TrackPointExtension>
            <ns3:hr>156</ns3:hr>
          </ns3:TrackPointExtension>
        </extensions>
      </trkpt>
      <trkpt lat="51.999585516750812530517578125" lon="5.81360824406147003173828125">
        <ele>13.80000019073486328125</ele>
        <time>2026-05-30T09:20:03.000Z</time>
        <extensions>
          <ns3:TrackPointExtension>
            <ns3:hr>154</ns3:hr>
          </ns3:TrackPointExtension>
        </extensions>
      </trkpt>
      <trkpt lat="51.99962616898119449615478515625" lon="5.813473127782344818115234375">
        <ele>13.80000019073486328125</ele>
        <time>2026-05-30T09:20:12.000Z</time>
        <extensions>
          <ns3:TrackPointExtension>
            <ns3:hr>154</ns3:hr>
          </ns3:TrackPointExtension>
        </extensions>
      </trkpt>
      <trkpt lat="51.99965047650039196014404296875" lon="5.81330926157534122467041015625">
        <ele>14.19999980926513671875</ele>
        <time>2026-05-30T09:20:21.000Z</time>
        <extensions>
          <ns3:TrackPointExtension>
            <ns3:hr>156</ns3:hr>
          </ns3:TrackPointExtension>
        </extensions>
      </trkpt>
      <trkpt lat="51.99966841377317905426025390625" lon="5.81319493241608142852783203125">
        <ele>14.3999996185302734375</ele>
        <time>2026-05-30T09:20:31.000Z</time>
        <extensions>
          <ns3:TrackPointExtension>
            <ns3:hr>156</ns3:hr>
          </ns3:TrackPointExtension>
        </extensions>
      </trkpt>
      <trkpt lat="51.999696157872676849365234375" lon="5.81302830018103122711181640625">
        <ele>14.19999980926513671875</ele>
        <time>2026-05-30T09:20:38.000Z</time>
        <extensions>
          <ns3:TrackPointExtension>
            <ns3:hr>156</ns3:hr>
          </ns3:TrackPointExtension>
        </extensions>
      </trkpt>
      <trkpt lat="51.99971954338252544403076171875" lon="5.8128476701676845550537109375">
        <ele>14.19999980926513671875</ele>
        <time>2026-05-30T09:20:49.000Z</time>
        <extensions>
          <ns3:TrackPointExtension>
            <ns3:hr>157</ns3:hr>
          </ns3:TrackPointExtension>
        </extensions>
      </trkpt>
      <trkpt lat="51.99973932467401027679443359375" lon="5.81271347589790821075439453125">
        <ele>14.19999980926513671875</ele>
        <time>2026-05-30T09:20:58.000Z</time>
        <extensions>
          <ns3:TrackPointExtension>
            <ns3:hr>157</ns3:hr>
          </ns3:TrackPointExtension>
        </extensions>
      </trkpt>
      <trkpt lat="51.99976061470806598663330078125" lon="5.81254365853965282440185546875">
        <ele>14.3999996185302734375</ele>
        <time>2026-05-30T09:21:08.000Z</time>
        <extensions>
          <ns3:TrackPointExtension>
            <ns3:hr>160</ns3:hr>
          </ns3:TrackPointExtension>
        </extensions>
      </trkpt>
      <trkpt lat="51.99979699216783046722412109375" lon="5.81236596219241619110107421875">
        <ele>14.3999996185302734375</ele>
        <time>2026-05-30T09:21:17.000Z</time>
        <extensions>
          <ns3:TrackPointExtension>
            <ns3:hr>160</ns3:hr>
          </ns3:TrackPointExtension>
        </extensions>
      </trkpt>
      <trkpt lat="51.9998471997678279876708984375" lon="5.81225180067121982574462890625">
        <ele>14</ele>
        <time>2026-05-30T09:21:26.000Z</time>
        <extensions>
          <ns3:TrackPointExtension>
            <ns3:hr>161</ns3:hr>
          </ns3:TrackPointExtension>
        </extensions>
      </trkpt>
      <trkpt lat="51.99993764050304889678955078125" lon="5.8121543191373348236083984375">
        <ele>14</ele>
        <time>2026-05-30T09:21:34.000Z</time>
        <extensions>
          <ns3:TrackPointExtension>
            <ns3:hr>161</ns3:hr>
          </ns3:TrackPointExtension>
        </extensions>
      </trkpt>
      <trkpt lat="52.00001173652708530426025390625" lon="5.81215859390795230865478515625">
        <ele>14.19999980926513671875</ele>
        <time>2026-05-30T09:21:43.000Z</time>
        <extensions>
          <ns3:TrackPointExtension>
            <ns3:hr>160</ns3:hr>
          </ns3:TrackPointExtension>
        </extensions>
      </trkpt>
      <trkpt lat="52.00012505985796451568603515625" lon="5.8121122419834136962890625">
        <ele>15</ele>
        <time>2026-05-30T09:21:54.000Z</time>
        <extensions>
          <ns3:TrackPointExtension>
            <ns3:hr>159</ns3:hr>
          </ns3:TrackPointExtension>
        </extensions>
      </trkpt>
      <trkpt lat="52.0001851581037044525146484375" lon="5.8120500482618808746337890625">
        <ele>15.6000003814697265625</ele>
        <time>2026-05-30T09:22:02.000Z</time>
        <extensions>
          <ns3:TrackPointExtension>
            <ns3:hr>162</ns3:hr>
          </ns3:TrackPointExtension>
        </extensions>
      </trkpt>
      <trkpt lat="52.000209130346775054931640625" lon="5.81201995722949504852294921875">
        <ele>16</ele>
        <time>2026-05-30T09:22:06.000Z</time>
        <extensions>
          <ns3:TrackPointExtension>
            <ns3:hr>164</ns3:hr>
          </ns3:TrackPointExtension>
        </extensions>
      </trkpt>
      <trkpt lat="52.00024299323558807373046875" lon="5.81199162639677524566650390625">
        <ele>16</ele>
        <time>2026-05-30T09:22:08.000Z</time>
        <extensions>
          <ns3:TrackPointExtension>
            <ns3:hr>165</ns3:hr>
          </ns3:TrackPointExtension>
        </extensions>
      </trkpt>
      <trkpt lat="52.00027643702924251556396484375" lon="5.811973772943019866943359375">
        <ele>16</ele>
        <time>2026-05-30T09:22:13.000Z</time>
        <extensions>
          <ns3:TrackPointExtension>
            <ns3:hr>165</ns3:hr>
          </ns3:TrackPointExtension>
        </extensions>
      </trkpt>
      <trkpt lat="52.0002770237624645233154296875" lon="5.8119498006999492645263671875">
        <ele>16.200000762939453125</ele>
        <time>2026-05-30T09:22:16.000Z</time>
        <extensions>
          <ns3:TrackPointExtension>
            <ns3:hr>168</ns3:hr>
          </ns3:TrackPointExtension>
        </extensions>
      </trkpt>
      <trkpt lat="52.000282891094684600830078125" lon="5.8119273371994495391845703125">
        <ele>16</ele>
        <time>2026-05-30T09:22:18.000Z</time>
        <extensions>
          <ns3:TrackPointExtension>
            <ns3:hr>171</ns3:hr>
          </ns3:TrackPointExtension>
        </extensions>
      </trkpt>
      <trkpt lat="52.00028616003692150115966796875" lon="5.8118730224668979644775390625">
        <ele>16.200000762939453125</ele>
        <time>2026-05-30T09:22:21.000Z</time>
        <extensions>
          <ns3:TrackPointExtension>
            <ns3:hr>169</ns3:hr>
          </ns3:TrackPointExtension>
        </extensions>
      </trkpt>
      <trkpt lat="52.00032572261989116668701171875" lon="5.8117187954485416412353515625">
        <ele>15.80000019073486328125</ele>
        <time>2026-05-30T09:22:31.000Z</time>
        <extensions>
          <ns3:TrackPointExtension>
            <ns3:hr>169</ns3:hr>
          </ns3:TrackPointExtension>
        </extensions>
      </trkpt>
      <trkpt lat="52.000431753695011138916015625" lon="5.8116162009537220001220703125">
        <ele>15.80000019073486328125</ele>
        <time>2026-05-30T09:22:41.000Z</time>
        <extensions>
          <ns3:TrackPointExtension>
            <ns3:hr>170</ns3:hr>
          </ns3:TrackPointExtension>
        </extensions>
      </trkpt>
      <trkpt lat="52.00055949389934539794921875" lon="5.811595916748046875">
        <ele>15.80000019073486328125</ele>
        <time>2026-05-30T09:22:50.000Z</time>
        <extensions>
          <ns3:TrackPointExtension>
            <ns3:hr>171</ns3:hr>
          </ns3:TrackPointExtension>
        </extensions>
      </trkpt>
      <trkpt lat="52.00065278448164463043212890625" lon="5.811598934233188629150390625">
        <ele>15.6000003814697265625</ele>
        <time>2026-05-30T09:23:00.000Z</time>
        <extensions>
          <ns3:TrackPointExtension>
            <ns3:hr>170</ns3:hr>
          </ns3:TrackPointExtension>
        </extensions>
      </trkpt>
      <trkpt lat="52.00075554661452770233154296875" lon="5.81160463392734527587890625">
        <ele>15.80000019073486328125</ele>
        <time>2026-05-30T09:23:09.000Z</time>
        <extensions>
          <ns3:TrackPointExtension>
            <ns3:hr>169</ns3:hr>
          </ns3:TrackPointExtension>
        </extensions>
      </trkpt>
      <trkpt lat="52.0008510164916515350341796875" lon="5.8115786500275135040283203125">
        <ele>16</ele>
        <time>2026-05-30T09:23:17.000Z</time>
        <extensions>
          <ns3:TrackPointExtension>
            <ns3:hr>169</ns3:hr>
          </ns3:TrackPointExtension>
        </extensions>
      </trkpt>
      <trkpt lat="52.00096006505191326141357421875" lon="5.81154160201549530029296875">
        <ele>16.200000762939453125</ele>
        <time>2026-05-30T09:23:26.000Z</time>
        <extensions>
          <ns3:TrackPointExtension>
            <ns3:hr>167</ns3:hr>
          </ns3:TrackPointExtension>
        </extensions>
      </trkpt>
      <trkpt lat="52.0010562054812908172607421875" lon="5.81153850071132183074951171875">
        <ele>16.200000762939453125</ele>
        <time>2026-05-30T09:23:34.000Z</time>
        <extensions>
          <ns3:TrackPointExtension>
            <ns3:hr>167</ns3:hr>
          </ns3:TrackPointExtension>
        </extensions>
      </trkpt>
      <trkpt lat="52.0011396892368793487548828125" lon="5.81150933168828487396240234375">
        <ele>16</ele>
        <time>2026-05-30T09:23:43.000Z</time>
        <extensions>
          <ns3:TrackPointExtension>
            <ns3:hr>167</ns3:hr>
          </ns3:TrackPointExtension>
        </extensions>
      </trkpt>
      <trkpt lat="52.00126667506992816925048828125" lon="5.811453424394130706787109375">
        <ele>16.200000762939453125</ele>
        <time>2026-05-30T09:23:54.000Z</time>
        <extensions>
          <ns3:TrackPointExtension>
            <ns3:hr>165</ns3:hr>
          </ns3:TrackPointExtension>
        </extensions>
      </trkpt>
      <trkpt lat="52.0013629831373691558837890625" lon="5.81142199225723743438720703125">
        <ele>16.200000762939453125</ele>
        <time>2026-05-30T09:24:04.000Z</time>
        <extensions>
          <ns3:TrackPointExtension>
            <ns3:hr>165</ns3:hr>
          </ns3:TrackPointExtension>
        </extensions>
      </trkpt>
      <trkpt lat="52.001460380852222442626953125" lon="5.811421573162078857421875">
        <ele>16.3999996185302734375</ele>
        <time>2026-05-30T09:24:13.000Z</time>
        <extensions>
          <ns3:TrackPointExtension>
            <ns3:hr>164</ns3:hr>
          </ns3:TrackPointExtension>
        </extensions>
      </trkpt>
      <trkpt lat="52.0015101693570613861083984375" lon="5.81130866892635822296142578125">
        <ele>16</ele>
        <time>2026-05-30T09:24:21.000Z</time>
        <extensions>
          <ns3:TrackPointExtension>
            <ns3:hr>162</ns3:hr>
          </ns3:TrackPointExtension>
        </extensions>
      </trkpt>
      <trkpt lat="52.00153489597141742706298828125" lon="5.8111243508756160736083984375">
        <ele>16.200000762939453125</ele>
        <time>2026-05-30T09:24:30.000Z</time>
        <extensions>
          <ns3:TrackPointExtension>
            <ns3:hr>161</ns3:hr>
          </ns3:TrackPointExtension>
        </extensions>
      </trkpt>
      <trkpt lat="52.0015711896121501922607421875" lon="5.81096249632537364959716796875">
        <ele>16.3999996185302734375</ele>
        <time>2026-05-30T09:24:40.000Z</time>
        <extensions>
          <ns3:TrackPointExtension>
            <ns3:hr>160</ns3:hr>
          </ns3:TrackPointExtension>
        </extensions>
      </trkpt>
      <trkpt lat="52.0016181282699108123779296875" lon="5.8108329959213733673095703125">
        <ele>16.799999237060546875</ele>
        <time>2026-05-30T09:24:49.000Z</time>
        <extensions>
          <ns3:TrackPointExtension>
            <ns3:hr>161</ns3:hr>
          </ns3:TrackPointExtension>
        </extensions>
      </trkpt>
      <trkpt lat="52.00165928341448307037353515625" lon="5.81065052188932895660400390625">
        <ele>16.799999237060546875</ele>
        <time>2026-05-30T09:24:58.000Z</time>
        <extensions>
          <ns3:TrackPointExtension>
            <ns3:hr>163</ns3:hr>
          </ns3:TrackPointExtension>
        </extensions>
      </trkpt>
      <trkpt lat="52.0016727782785892486572265625" lon="5.8105158247053623199462890625">
        <ele>17</ele>
        <time>2026-05-30T09:25:06.000Z</time>
        <extensions>
          <ns3:TrackPointExtension>
            <ns3:hr>164</ns3:hr>
          </ns3:TrackPointExtension>
        </extensions>
      </trkpt>
      <trkpt lat="52.00167688541114330291748046875" lon="5.81047550775110721588134765625">
        <ele>17</ele>
        <time>2026-05-30T09:25:09.000Z</time>
        <extensions>
          <ns3:TrackPointExtension>
            <ns3:hr>164</ns3:hr>
          </ns3:TrackPointExtension>
        </extensions>
      </trkpt>
      <trkpt lat="52.001704461872577667236328125" lon="5.81033988855779170989990234375">
        <ele>17.6000003814697265625</ele>
        <time>2026-05-30T09:25:16.000Z</time>
        <extensions>
          <ns3:TrackPointExtension>
            <ns3:hr>164</ns3:hr>
          </ns3:TrackPointExtension>
        </extensions>
      </trkpt>
      <trkpt lat="52.0017337985336780548095703125" lon="5.8102509565651416778564453125">
        <ele>18</ele>
        <time>2026-05-30T09:25:22.000Z</time>
        <extensions>
          <ns3:TrackPointExtension>
            <ns3:hr>166</ns3:hr>
          </ns3:TrackPointExtension>
        </extensions>
      </trkpt>
      <trkpt lat="52.0017451979219913482666015625" lon="5.81022740341722965240478515625">
        <ele>18.200000762939453125</ele>
        <time>2026-05-30T09:25:24.000Z</time>
        <extensions>
          <ns3:TrackPointExtension>
            <ns3:hr>167</ns3:hr>
          </ns3:TrackPointExtension>
        </extensions>
      </trkpt>
      <trkpt lat="52.0018048770725727081298828125" lon="5.8101678080856800079345703125">
        <ele>19.200000762939453125</ele>
        <time>2026-05-30T09:25:31.000Z</time>
        <extensions>
          <ns3:TrackPointExtension>
            <ns3:hr>170</ns3:hr>
          </ns3:TrackPointExtension>
        </extensions>
      </trkpt>
      <trkpt lat="52.001828849315643310546875" lon="5.8101564086973667144775390625">
        <ele>19.3999996185302734375</ele>
        <time>2026-05-30T09:25:34.000Z</time>
        <extensions>
          <ns3:TrackPointExtension>
            <ns3:hr>169</ns3:hr>
          </ns3:TrackPointExtension>
        </extensions>
      </trkpt>
      <trkpt lat="52.0018739439547061920166015625" lon="5.81012883223593235015869140625">
        <ele>20.200000762939453125</ele>
        <time>2026-05-30T09:25:41.000Z</time>
        <extensions>
          <ns3:TrackPointExtension>
            <ns3:hr>171</ns3:hr>
          </ns3:TrackPointExtension>
        </extensions>
      </trkpt>
      <trkpt lat="52.0018913783133029937744140625" lon="5.81011173315346240997314453125">
        <ele>20.3999996185302734375</ele>
        <time>2026-05-30T09:25:43.000Z</time>
        <extensions>
          <ns3:TrackPointExtension>
            <ns3:hr>172</ns3:hr>
          </ns3:TrackPointExtension>
        </extensions>
      </trkpt>
      <trkpt lat="52.0019527338445186614990234375" lon="5.810047276318073272705078125">
        <ele>21.200000762939453125</ele>
        <time>2026-05-30T09:25:51.000Z</time>
        <extensions>
          <ns3:TrackPointExtension>
            <ns3:hr>174</ns3:hr>
          </ns3:TrackPointExtension>
        </extensions>
      </trkpt>
      <trkpt lat="52.0019587688148021697998046875" lon="5.8100380562245845794677734375">
        <ele>21.3999996185302734375</ele>
        <time>2026-05-30T09:25:52.000Z</time>
        <extensions>
          <ns3:TrackPointExtension>
            <ns3:hr>174</ns3:hr>
          </ns3:TrackPointExtension>
        </extensions>
      </trkpt>
      <trkpt lat="52.002016268670558929443359375" lon="5.80994375981390476226806640625">
        <ele>21.799999237060546875</ele>
        <time>2026-05-30T09:25:59.000Z</time>
        <extensions>
          <ns3:TrackPointExtension>
            <ns3:hr>177</ns3:hr>
          </ns3:TrackPointExtension>
        </extensions>
      </trkpt>
      <trkpt lat="52.0020301826298236846923828125" lon="5.80991157330572605133056640625">
        <ele>22</ele>
        <time>2026-05-30T09:26:02.000Z</time>
        <extensions>
          <ns3:TrackPointExtension>
            <ns3:hr>177</ns3:hr>
          </ns3:TrackPointExtension>
        </extensions>
      </trkpt>
      <trkpt lat="52.00211039744317531585693359375" lon="5.80975122749805450439453125">
        <ele>22.3999996185302734375</ele>
        <time>2026-05-30T09:26:13.000Z</time>
        <extensions>
          <ns3:TrackPointExtension>
            <ns3:hr>177</ns3:hr>
          </ns3:TrackPointExtension>
        </extensions>
      </trkpt>
      <trkpt lat="52.00214107520878314971923828125" lon="5.8096337132155895233154296875">
        <ele>22</ele>
        <time>2026-05-30T09:26:20.000Z</time>
        <extensions>
          <ns3:TrackPointExtension>
            <ns3:hr>177</ns3:hr>
          </ns3:TrackPointExtension>
        </extensions>
      </trkpt>
      <trkpt lat="52.002161778509616851806640625" lon="5.809482671320438385009765625">
        <ele>22.799999237060546875</ele>
        <time>2026-05-30T09:26:29.000Z</time>
        <extensions>
          <ns3:TrackPointExtension>
            <ns3:hr>175</ns3:hr>
          </ns3:TrackPointExtension>
        </extensions>
      </trkpt>
      <trkpt lat="52.00216689147055149078369140625" lon="5.80939273349940776824951171875">
        <ele>22.200000762939453125</ele>
        <time>2026-05-30T09:26:34.000Z</time>
        <extensions>
          <ns3:TrackPointExtension>
            <ns3:hr>172</ns3:hr>
          </ns3:TrackPointExtension>
        </extensions>
      </trkpt>
      <trkpt lat="52.0021716691553592681884765625" lon="5.80934545956552028656005859375">
        <ele>22</ele>
        <time>2026-05-30T09:26:37.000Z</time>
        <extensions>
          <ns3:TrackPointExtension>
            <ns3:hr>173</ns3:hr>
          </ns3:TrackPointExtension>
        </extensions>
      </trkpt>
      <trkpt lat="52.0022393949329853057861328125" lon="5.809151418507099151611328125">
        <ele>22.3999996185302734375</ele>
        <time>2026-05-30T09:26:47.000Z</time>
        <extensions>
          <ns3:TrackPointExtension>
            <ns3:hr>170</ns3:hr>
          </ns3:TrackPointExtension>
        </extensions>
      </trkpt>
      <trkpt lat="52.00228440575301647186279296875" lon="5.8090295456349849700927734375">
        <ele>22.200000762939453125</ele>
        <time>2026-05-30T09:26:54.000Z</time>
        <extensions>
          <ns3:TrackPointExtension>
            <ns3:hr>169</ns3:hr>
          </ns3:TrackPointExtension>
        </extensions>
      </trkpt>
      <trkpt lat="52.00230938382446765899658203125" lon="5.8088773302733898162841796875">
        <ele>22</ele>
        <time>2026-05-30T09:27:04.000Z</time>
        <extensions>
          <ns3:TrackPointExtension>
            <ns3:hr>166</ns3:hr>
          </ns3:TrackPointExtension>
        </extensions>
      </trkpt>
      <trkpt lat="52.002313323318958282470703125" lon="5.80886031500995159149169921875">
        <ele>22</ele>
        <time>2026-05-30T09:27:05.000Z</time>
        <extensions>
          <ns3:TrackPointExtension>
            <ns3:hr>165</ns3:hr>
          </ns3:TrackPointExtension>
        </extensions>
      </trkpt>
      <trkpt lat="52.00234022922813892364501953125" lon="5.8087241090834140777587890625">
        <ele>22.200000762939453125</ele>
        <time>2026-05-30T09:27:13.000Z</time>
        <extensions>
          <ns3:TrackPointExtension>
            <ns3:hr>167</ns3:hr>
          </ns3:TrackPointExtension>
        </extensions>
      </trkpt>
      <trkpt lat="52.0023537240922451019287109375" lon="5.80865076743066310882568359375">
        <ele>22.200000762939453125</ele>
        <time>2026-05-30T09:27:17.000Z</time>
        <extensions>
          <ns3:TrackPointExtension>
            <ns3:hr>164</ns3:hr>
          </ns3:TrackPointExtension>
        </extensions>
      </trkpt>
      <trkpt lat="52.00236353091895580291748046875" lon="5.80859226174652576446533203125">
        <ele>22.3999996185302734375</ele>
        <time>2026-05-30T09:27:21.000Z</time>
        <extensions>
          <ns3:TrackPointExtension>
            <ns3:hr>163</ns3:hr>
          </ns3:TrackPointExtension>
        </extensions>
      </trkpt>
      <trkpt lat="52.0023895986378192901611328125" lon="5.808422863483428955078125">
        <ele>21.799999237060546875</ele>
        <time>2026-05-30T09:27:31.000Z</time>
        <extensions>
          <ns3:TrackPointExtension>
            <ns3:hr>161</ns3:hr>
          </ns3:TrackPointExtension>
        </extensions>
      </trkpt>
      <trkpt lat="52.00241063721477985382080078125" lon="5.808158330619335174560546875">
        <ele>21.3999996185302734375</ele>
        <time>2026-05-30T09:27:43.000Z</time>
        <extensions>
          <ns3:TrackPointExtension>
            <ns3:hr>160</ns3:hr>
          </ns3:TrackPointExtension>
        </extensions>
      </trkpt>
      <trkpt lat="52.00241348706185817718505859375" lon="5.80813846550881862640380859375">
        <ele>21.200000762939453125</ele>
        <time>2026-05-30T09:27:44.000Z</time>
        <extensions>
          <ns3:TrackPointExtension>
            <ns3:hr>160</ns3:hr>
          </ns3:TrackPointExtension>
        </extensions>
      </trkpt>
      <trkpt lat="52.0024358667433261871337890625" lon="5.8080072887241840362548828125">
        <ele>21</ele>
        <time>2026-05-30T09:27:53.000Z</time>
        <extensions>
          <ns3:TrackPointExtension>
            <ns3:hr>159</ns3:hr>
          </ns3:TrackPointExtension>
        </extensions>
      </trkpt>
      <trkpt lat="52.002451457083225250244140625" lon="5.80779782496392726898193359375">
        <ele>20.6000003814697265625</ele>
        <time>2026-05-30T09:28:03.000Z</time>
        <extensions>
          <ns3:TrackPointExtension>
            <ns3:hr>158</ns3:hr>
          </ns3:TrackPointExtension>
        </extensions>
      </trkpt>
      <trkpt lat="52.0024636946618556976318359375" lon="5.8076736889779567718505859375">
        <ele>20.200000762939453125</ele>
        <time>2026-05-30T09:28:09.000Z</time>
        <extensions>
          <ns3:TrackPointExtension>
            <ns3:hr>157</ns3:hr>
          </ns3:TrackPointExtension>
        </extensions>
      </trkpt>
      <trkpt lat="52.002482973039150238037109375" lon="5.80756547860801219940185546875">
        <ele>20.200000762939453125</ele>
        <time>2026-05-30T09:28:14.000Z</time>
        <extensions>
          <ns3:TrackPointExtension>
            <ns3:hr>157</ns3:hr>
          </ns3:TrackPointExtension>
        </extensions>
      </trkpt>
      <trkpt lat="52.0025082863867282867431640625" lon="5.8074524067342281341552734375">
        <ele>19.799999237060546875</ele>
        <time>2026-05-30T09:28:23.000Z</time>
        <extensions>
          <ns3:TrackPointExtension>
            <ns3:hr>157</ns3:hr>
          </ns3:TrackPointExtension>
        </extensions>
      </trkpt>
      <trkpt lat="52.0025428198277950286865234375" lon="5.8072616346180438995361328125">
        <ele>19.3999996185302734375</ele>
        <time>2026-05-30T09:28:32.000Z</time>
        <extensions>
          <ns3:TrackPointExtension>
            <ns3:hr>156</ns3:hr>
          </ns3:TrackPointExtension>
        </extensions>
      </trkpt>
      <trkpt lat="52.0025481842458248138427734375" lon="5.807159878313541412353515625">
        <ele>19.200000762939453125</ele>
        <time>2026-05-30T09:28:37.000Z</time>
        <extensions>
          <ns3:TrackPointExtension>
            <ns3:hr>156</ns3:hr>
          </ns3:TrackPointExtension>
        </extensions>
      </trkpt>
      <trkpt lat="52.00255530886352062225341796875" lon="5.80708167515695095062255859375">
        <ele>18.799999237060546875</ele>
        <time>2026-05-30T09:28:42.000Z</time>
        <extensions>
          <ns3:TrackPointExtension>
            <ns3:hr>156</ns3:hr>
          </ns3:TrackPointExtension>
        </extensions>
      </trkpt>
      <trkpt lat="52.0025729946792125701904296875" lon="5.8068867959082126617431640625">
        <ele>18.3999996185302734375</ele>
        <time>2026-05-30T09:28:53.000Z</time>
        <extensions>
          <ns3:TrackPointExtension>
            <ns3:hr>156</ns3:hr>
          </ns3:TrackPointExtension>
        </extensions>
      </trkpt>
      <trkpt lat="52.0026142336428165435791015625" lon="5.80674111843109130859375">
        <ele>18.200000762939453125</ele>
        <time>2026-05-30T09:29:01.000Z</time>
        <extensions>
          <ns3:TrackPointExtension>
            <ns3:hr>155</ns3:hr>
          </ns3:TrackPointExtension>
        </extensions>
      </trkpt>
      <trkpt lat="52.00262621976435184478759765625" lon="5.8066802658140659332275390625">
        <ele>18.200000762939453125</ele>
        <time>2026-05-30T09:29:04.000Z</time>
        <extensions>
          <ns3:TrackPointExtension>
            <ns3:hr>154</ns3:hr>
          </ns3:TrackPointExtension>
        </extensions>
      </trkpt>
      <trkpt lat="52.0026269741356372833251953125" lon="5.80658362247049808502197265625">
        <ele>17.799999237060546875</ele>
        <time>2026-05-30T09:29:10.000Z</time>
        <extensions>
          <ns3:TrackPointExtension>
            <ns3:hr>155</ns3:hr>
          </ns3:TrackPointExtension>
        </extensions>
      </trkpt>
      <trkpt lat="52.002664022147655487060546875" lon="5.80636116676032543182373046875">
        <ele>17.6000003814697265625</ele>
        <time>2026-05-30T09:29:21.000Z</time>
        <extensions>
          <ns3:TrackPointExtension>
            <ns3:hr>152</ns3:hr>
          </ns3:TrackPointExtension>
        </extensions>
      </trkpt>
      <trkpt lat="52.002681791782379150390625" lon="5.8061699755489826202392578125">
        <ele>17.200000762939453125</ele>
        <time>2026-05-30T09:29:31.000Z</time>
        <extensions>
          <ns3:TrackPointExtension>
            <ns3:hr>152</ns3:hr>
          </ns3:TrackPointExtension>
        </extensions>
      </trkpt>
      <trkpt lat="52.00269461609423160552978515625" lon="5.80603645183145999908447265625">
        <ele>17</ele>
        <time>2026-05-30T09:29:39.000Z</time>
        <extensions>
          <ns3:TrackPointExtension>
            <ns3:hr>153</ns3:hr>
          </ns3:TrackPointExtension>
        </extensions>
      </trkpt>
      <trkpt lat="52.002697885036468505859375" lon="5.8060184307396411895751953125">
        <ele>17</ele>
        <time>2026-05-30T09:29:40.000Z</time>
        <extensions>
          <ns3:TrackPointExtension>
            <ns3:hr>153</ns3:hr>
          </ns3:TrackPointExtension>
        </extensions>
      </trkpt>
      <trkpt lat="52.0027302391827106475830078125" lon="5.8058836497366428375244140625">
        <ele>17</ele>
        <time>2026-05-30T09:29:48.000Z</time>
        <extensions>
          <ns3:TrackPointExtension>
            <ns3:hr>157</ns3:hr>
          </ns3:TrackPointExtension>
        </extensions>
      </trkpt>
      <trkpt lat="52.00273753143846988677978515625" lon="5.80585640855133533477783203125">
        <ele>16.799999237060546875</ele>
        <time>2026-05-30T09:29:50.000Z</time>
        <extensions>
          <ns3:TrackPointExtension>
            <ns3:hr>158</ns3:hr>
          </ns3:TrackPointExtension>
        </extensions>
      </trkpt>
      <trkpt lat="52.00276267714798450469970703125" lon="5.80570218153297901153564453125">
        <ele>16.6000003814697265625</ele>
        <time>2026-05-30T09:29:58.000Z</time>
        <extensions>
          <ns3:TrackPointExtension>
            <ns3:hr>158</ns3:hr>
          </ns3:TrackPointExtension>
        </extensions>
      </trkpt>
      <trkpt lat="52.0028442330658435821533203125" lon="5.80552951432764530181884765625">
        <ele>16.799999237060546875</ele>
        <time>2026-05-30T09:30:08.000Z</time>
        <extensions>
          <ns3:TrackPointExtension>
            <ns3:hr>158</ns3:hr>
          </ns3:TrackPointExtension>
        </extensions>
      </trkpt>
      <trkpt lat="52.003113292157649993896484375" lon="5.80550822429358959197998046875">
        <ele>16.6000003814697265625</ele>
        <time>2026-05-30T09:30:18.000Z</time>
        <extensions>
          <ns3:TrackPointExtension>
            <ns3:hr>159</ns3:hr>
          </ns3:TrackPointExtension>
        </extensions>
      </trkpt>
      <trkpt lat="52.00311572290956974029541015625" lon="5.80535014159977436065673828125">
        <ele>16.3999996185302734375</ele>
        <time>2026-05-30T09:30:30.000Z</time>
        <extensions>
          <ns3:TrackPointExtension>
            <ns3:hr>158</ns3:hr>
          </ns3:TrackPointExtension>
        </extensions>
      </trkpt>
      <trkpt lat="52.00295512564480304718017578125" lon="5.80514394678175449371337890625">
        <ele>16.3999996185302734375</ele>
        <time>2026-05-30T09:30:35.000Z</time>
        <extensions>
          <ns3:TrackPointExtension>
            <ns3:hr>157</ns3:hr>
          </ns3:TrackPointExtension>
        </extensions>
      </trkpt>
      <trkpt lat="52.00295202434062957763671875" lon="5.805094577372074127197265625">
        <ele>16.3999996185302734375</ele>
        <time>2026-05-30T09:30:36.000Z</time>
        <extensions>
          <ns3:TrackPointExtension>
            <ns3:hr>157</ns3:hr>
          </ns3:TrackPointExtension>
        </extensions>
      </trkpt>
      <trkpt lat="52.0029542036354541778564453125" lon="5.80508426763117313385009765625">
        <ele>16.3999996185302734375</ele>
        <time>2026-05-30T09:30:37.000Z</time>
        <extensions>
          <ns3:TrackPointExtension>
            <ns3:hr>157</ns3:hr>
          </ns3:TrackPointExtension>
        </extensions>
      </trkpt>
      <trkpt lat="52.0029277168214321136474609375" lon="5.80501637421548366546630859375">
        <ele>16.3999996185302734375</ele>
        <time>2026-05-30T09:30:40.000Z</time>
        <extensions>
          <ns3:TrackPointExtension>
            <ns3:hr>157</ns3:hr>
          </ns3:TrackPointExtension>
        </extensions>
      </trkpt>
      <trkpt lat="52.0029428042471408843994140625" lon="5.80493825487792491912841796875">
        <ele>16.200000762939453125</ele>
        <time>2026-05-30T09:30:43.000Z</time>
        <extensions>
          <ns3:TrackPointExtension>
            <ns3:hr>157</ns3:hr>
          </ns3:TrackPointExtension>
        </extensions>
      </trkpt>
      <trkpt lat="52.002961747348308563232421875" lon="5.80483834259212017059326171875">
        <ele>16</ele>
        <time>2026-05-30T09:30:47.000Z</time>
        <extensions>
          <ns3:TrackPointExtension>
            <ns3:hr>158</ns3:hr>
          </ns3:TrackPointExtension>
        </extensions>
      </trkpt>
      <trkpt lat="52.00296216644346714019775390625" lon="5.804766677320003509521484375">
        <ele>16</ele>
        <time>2026-05-30T09:30:51.000Z</time>
        <extensions>
          <ns3:TrackPointExtension>
            <ns3:hr>157</ns3:hr>
          </ns3:TrackPointExtension>
        </extensions>
      </trkpt>
      <trkpt lat="52.00298613868653774261474609375" lon="5.80461337231099605560302734375">
        <ele>15.80000019073486328125</ele>
        <time>2026-05-30T09:31:00.000Z</time>
        <extensions>
          <ns3:TrackPointExtension>
            <ns3:hr>156</ns3:hr>
          </ns3:TrackPointExtension>
        </extensions>
      </trkpt>
      <trkpt lat="52.00302100740373134613037109375" lon="5.8044359274208545684814453125">
        <ele>15.80000019073486328125</ele>
        <time>2026-05-30T09:31:10.000Z</time>
        <extensions>
          <ns3:TrackPointExtension>
            <ns3:hr>159</ns3:hr>
          </ns3:TrackPointExtension>
        </extensions>
      </trkpt>
      <trkpt lat="52.003069035708904266357421875" lon="5.80423769541084766387939453125">
        <ele>15.6000003814697265625</ele>
        <time>2026-05-30T09:31:20.000Z</time>
        <extensions>
          <ns3:TrackPointExtension>
            <ns3:hr>158</ns3:hr>
          </ns3:TrackPointExtension>
        </extensions>
      </trkpt>
      <trkpt lat="52.00307616032660007476806640625" lon="5.804102830588817596435546875">
        <ele>15.6000003814697265625</ele>
        <time>2026-05-30T09:31:28.000Z</time>
        <extensions>
          <ns3:TrackPointExtension>
            <ns3:hr>157</ns3:hr>
          </ns3:TrackPointExtension>
        </extensions>
      </trkpt>
      <trkpt lat="52.00310113839805126190185546875" lon="5.80391432158648967742919921875">
        <ele>15.3999996185302734375</ele>
        <time>2026-05-30T09:31:39.000Z</time>
        <extensions>
          <ns3:TrackPointExtension>
            <ns3:hr>157</ns3:hr>
          </ns3:TrackPointExtension>
        </extensions>
      </trkpt>
      <trkpt lat="52.003136090934276580810546875" lon="5.80376981757581233978271484375">
        <ele>15.6000003814697265625</ele>
        <time>2026-05-30T09:31:47.000Z</time>
        <extensions>
          <ns3:TrackPointExtension>
            <ns3:hr>157</ns3:hr>
          </ns3:TrackPointExtension>
        </extensions>
      </trkpt>
      <trkpt lat="52.003152854740619659423828125" lon="5.80358558334410190582275390625">
        <ele>15.19999980926513671875</ele>
        <time>2026-05-30T09:31:57.000Z</time>
        <extensions>
          <ns3:TrackPointExtension>
            <ns3:hr>158</ns3:hr>
          </ns3:TrackPointExtension>
        </extensions>
      </trkpt>
      <trkpt lat="52.00314204208552837371826171875" lon="5.80343873240053653717041015625">
        <ele>15.6000003814697265625</ele>
        <time>2026-05-30T09:32:05.000Z</time>
        <extensions>
          <ns3:TrackPointExtension>
            <ns3:hr>157</ns3:hr>
          </ns3:TrackPointExtension>
        </extensions>
      </trkpt>
      <trkpt lat="52.0031443051993846893310546875" lon="5.80336513929069042205810546875">
        <ele>15.19999980926513671875</ele>
        <time>2026-05-30T09:32:09.000Z</time>
        <extensions>
          <ns3:TrackPointExtension>
            <ns3:hr>154</ns3:hr>
          </ns3:TrackPointExtension>
        </extensions>
      </trkpt>
      <trkpt lat="52.0031552016735076904296875" lon="5.8032648079097270965576171875">
        <ele>15.19999980926513671875</ele>
        <time>2026-05-30T09:32:15.000Z</time>
        <extensions>
          <ns3:TrackPointExtension>
            <ns3:hr>155</ns3:hr>
          </ns3:TrackPointExtension>
        </extensions>
      </trkpt>
      <trkpt lat="52.0031847059726715087890625" lon="5.80304193310439586639404296875">
        <ele>15.19999980926513671875</ele>
        <time>2026-05-30T09:32:27.000Z</time>
        <extensions>
          <ns3:TrackPointExtension>
            <ns3:hr>156</ns3:hr>
          </ns3:TrackPointExtension>
        </extensions>
      </trkpt>
      <trkpt lat="52.00321798212826251983642578125" lon="5.80285619013011455535888671875">
        <ele>15.19999980926513671875</ele>
        <time>2026-05-30T09:32:37.000Z</time>
        <extensions>
          <ns3:TrackPointExtension>
            <ns3:hr>155</ns3:hr>
          </ns3:TrackPointExtension>
        </extensions>
      </trkpt>
      <trkpt lat="52.003241367638111114501953125" lon="5.80271101556718349456787109375">
        <ele>15.19999980926513671875</ele>
        <time>2026-05-30T09:32:46.000Z</time>
        <extensions>
          <ns3:TrackPointExtension>
            <ns3:hr>157</ns3:hr>
          </ns3:TrackPointExtension>
        </extensions>
      </trkpt>
      <trkpt lat="52.0032670162618160247802734375" lon="5.80250884406268596649169921875">
        <ele>15.6000003814697265625</ele>
        <time>2026-05-30T09:32:55.000Z</time>
        <extensions>
          <ns3:TrackPointExtension>
            <ns3:hr>157</ns3:hr>
          </ns3:TrackPointExtension>
        </extensions>
      </trkpt>
      <trkpt lat="52.00328419916331768035888671875" lon="5.80239870585501194000244140625">
        <ele>15.80000019073486328125</ele>
        <time>2026-05-30T09:33:01.000Z</time>
        <extensions>
          <ns3:TrackPointExtension>
            <ns3:hr>160</ns3:hr>
          </ns3:TrackPointExtension>
        </extensions>
      </trkpt>
      <trkpt lat="52.0032938383519649505615234375" lon="5.80233416520059108734130859375">
        <ele>16</ele>
        <time>2026-05-30T09:33:06.000Z</time>
        <extensions>
          <ns3:TrackPointExtension>
            <ns3:hr>161</ns3:hr>
          </ns3:TrackPointExtension>
        </extensions>
      </trkpt>
      <trkpt lat="52.00334521941840648651123046875" lon="5.8022080175578594207763671875">
        <ele>16</ele>
        <time>2026-05-30T09:33:14.000Z</time>
        <extensions>
          <ns3:TrackPointExtension>
            <ns3:hr>161</ns3:hr>
          </ns3:TrackPointExtension>
        </extensions>
      </trkpt>
      <trkpt lat="52.0033739693462848663330078125" lon="5.802088491618633270263671875">
        <ele>16.3999996185302734375</ele>
        <time>2026-05-30T09:33:22.000Z</time>
        <extensions>
          <ns3:TrackPointExtension>
            <ns3:hr>162</ns3:hr>
          </ns3:TrackPointExtension>
        </extensions>
      </trkpt>
      <trkpt lat="52.0034215785562992095947265625" lon="5.80190869979560375213623046875">
        <ele>16.799999237060546875</ele>
        <time>2026-05-30T09:33:33.000Z</time>
        <extensions>
          <ns3:TrackPointExtension>
            <ns3:hr>163</ns3:hr>
          </ns3:TrackPointExtension>
        </extensions>
      </trkpt>
      <trkpt lat="52.00346424244344234466552734375" lon="5.8017510361969470977783203125">
        <ele>17</ele>
        <time>2026-05-30T09:33:41.000Z</time>
        <extensions>
          <ns3:TrackPointExtension>
            <ns3:hr>164</ns3:hr>
          </ns3:TrackPointExtension>
        </extensions>
      </trkpt>
      <trkpt lat="52.003475725650787353515625" lon="5.80171155743300914764404296875">
        <ele>17.200000762939453125</ele>
        <time>2026-05-30T09:33:43.000Z</time>
        <extensions>
          <ns3:TrackPointExtension>
            <ns3:hr>164</ns3:hr>
          </ns3:TrackPointExtension>
        </extensions>
      </trkpt>
      <trkpt lat="52.00349190272390842437744140625" lon="5.80161080695688724517822265625">
        <ele>17.3999996185302734375</ele>
        <time>2026-05-30T09:33:51.000Z</time>
        <extensions>
          <ns3:TrackPointExtension>
            <ns3:hr>165</ns3:hr>
          </ns3:TrackPointExtension>
        </extensions>
      </trkpt>
      <trkpt lat="52.00352090410888195037841796875" lon="5.8014665544033050537109375">
        <ele>17.799999237060546875</ele>
        <time>2026-05-30T09:33:59.000Z</time>
        <extensions>
          <ns3:TrackPointExtension>
            <ns3:hr>165</ns3:hr>
          </ns3:TrackPointExtension>
        </extensions>
      </trkpt>
      <trkpt lat="52.00355560518801212310791015625" lon="5.80134996213018894195556640625">
        <ele>18.200000762939453125</ele>
        <time>2026-05-30T09:34:06.000Z</time>
        <extensions>
          <ns3:TrackPointExtension>
            <ns3:hr>166</ns3:hr>
          </ns3:TrackPointExtension>
        </extensions>
      </trkpt>
      <trkpt lat="52.0035577006638050079345703125" lon="5.80131257884204387664794921875">
        <ele>18.3999996185302734375</ele>
        <time>2026-05-30T09:34:09.000Z</time>
        <extensions>
          <ns3:TrackPointExtension>
            <ns3:hr>166</ns3:hr>
          </ns3:TrackPointExtension>
        </extensions>
      </trkpt>
      <trkpt lat="52.00360405258834362030029296875" lon="5.8011381514370441436767578125">
        <ele>18.6000003814697265625</ele>
        <time>2026-05-30T09:34:18.000Z</time>
        <extensions>
          <ns3:TrackPointExtension>
            <ns3:hr>166</ns3:hr>
          </ns3:TrackPointExtension>
        </extensions>
      </trkpt>
      <trkpt lat="52.003635652363300323486328125" lon="5.80104787833988666534423828125">
        <ele>19</ele>
        <time>2026-05-30T09:34:26.000Z</time>
        <extensions>
          <ns3:TrackPointExtension>
            <ns3:hr>166</ns3:hr>
          </ns3:TrackPointExtension>
        </extensions>
      </trkpt>
      <trkpt lat="52.00367295183241367340087890625" lon="5.80091158859431743621826171875">
        <ele>19.200000762939453125</ele>
        <time>2026-05-30T09:34:33.000Z</time>
        <extensions>
          <ns3:TrackPointExtension>
            <ns3:hr>167</ns3:hr>
          </ns3:TrackPointExtension>
        </extensions>
      </trkpt>
      <trkpt lat="52.0036773942410945892333984375" lon="5.80088795162737369537353515625">
        <ele>19.200000762939453125</ele>
        <time>2026-05-30T09:34:34.000Z</time>
        <extensions>
          <ns3:TrackPointExtension>
            <ns3:hr>168</ns3:hr>
          </ns3:TrackPointExtension>
        </extensions>
      </trkpt>
      <trkpt lat="52.00368502177298069000244140625" lon="5.80075048841536045074462890625">
        <ele>19.3999996185302734375</ele>
        <time>2026-05-30T09:34:42.000Z</time>
        <extensions>
          <ns3:TrackPointExtension>
            <ns3:hr>168</ns3:hr>
          </ns3:TrackPointExtension>
        </extensions>
      </trkpt>
      <trkpt lat="52.003706395626068115234375" lon="5.80059274099767208099365234375">
        <ele>19.799999237060546875</ele>
        <time>2026-05-30T09:34:50.000Z</time>
        <extensions>
          <ns3:TrackPointExtension>
            <ns3:hr>168</ns3:hr>
          </ns3:TrackPointExtension>
        </extensions>
      </trkpt>
      <trkpt lat="52.0037142746150493621826171875" lon="5.80056608654558658599853515625">
        <ele>19.799999237060546875</ele>
        <time>2026-05-30T09:34:52.000Z</time>
        <extensions>
          <ns3:TrackPointExtension>
            <ns3:hr>171</ns3:hr>
          </ns3:TrackPointExtension>
        </extensions>
      </trkpt>
      <trkpt lat="52.003738582134246826171875" lon="5.80047883093357086181640625">
        <ele>20</ele>
        <time>2026-05-30T09:34:58.000Z</time>
        <extensions>
          <ns3:TrackPointExtension>
            <ns3:hr>168</ns3:hr>
          </ns3:TrackPointExtension>
        </extensions>
      </trkpt>
      <trkpt lat="52.00373950414359569549560546875" lon="5.80046684481203556060791015625">
        <ele>20</ele>
        <time>2026-05-30T09:34:59.000Z</time>
        <extensions>
          <ns3:TrackPointExtension>
            <ns3:hr>167</ns3:hr>
          </ns3:TrackPointExtension>
        </extensions>
      </trkpt>
      <trkpt lat="52.0037414319813251495361328125" lon="5.80043968744575977325439453125">
        <ele>20.200000762939453125</ele>
        <time>2026-05-30T09:35:01.000Z</time>
        <extensions>
          <ns3:TrackPointExtension>
            <ns3:hr>167</ns3:hr>
          </ns3:TrackPointExtension>
        </extensions>
      </trkpt>
      <trkpt lat="52.00377009809017181396484375" lon="5.8002818562090396881103515625">
        <ele>20.6000003814697265625</ele>
        <time>2026-05-30T09:35:09.000Z</time>
        <extensions>
          <ns3:TrackPointExtension>
            <ns3:hr>170</ns3:hr>
          </ns3:TrackPointExtension>
        </extensions>
      </trkpt>
      <trkpt lat="52.00378619134426116943359375" lon="5.80015503801405429840087890625">
        <ele>21</ele>
        <time>2026-05-30T09:35:17.000Z</time>
        <extensions>
          <ns3:TrackPointExtension>
            <ns3:hr>168</ns3:hr>
          </ns3:TrackPointExtension>
        </extensions>
      </trkpt>
      <trkpt lat="52.0037989318370819091796875" lon="5.80004707910120487213134765625">
        <ele>21.200000762939453125</ele>
        <time>2026-05-30T09:35:24.000Z</time>
        <extensions>
          <ns3:TrackPointExtension>
            <ns3:hr>170</ns3:hr>
          </ns3:TrackPointExtension>
        </extensions>
      </trkpt>
      <trkpt lat="52.00379826128482818603515625" lon="5.79998798668384552001953125">
        <ele>21.3999996185302734375</ele>
        <time>2026-05-30T09:35:27.000Z</time>
        <extensions>
          <ns3:TrackPointExtension>
            <ns3:hr>170</ns3:hr>
          </ns3:TrackPointExtension>
        </extensions>
      </trkpt>
      <trkpt lat="52.003824077546596527099609375" lon="5.79978925175964832305908203125">
        <ele>22.200000762939453125</ele>
        <time>2026-05-30T09:35:36.000Z</time>
        <extensions>
          <ns3:TrackPointExtension>
            <ns3:hr>170</ns3:hr>
          </ns3:TrackPointExtension>
        </extensions>
      </trkpt>
      <trkpt lat="52.00383237563073635101318359375" lon="5.79974667169153690338134765625">
        <ele>22.3999996185302734375</ele>
        <time>2026-05-30T09:35:38.000Z</time>
        <extensions>
          <ns3:TrackPointExtension>
            <ns3:hr>170</ns3:hr>
          </ns3:TrackPointExtension>
        </extensions>
      </trkpt>
      <trkpt lat="52.003854252398014068603515625" lon="5.79964642412960529327392578125">
        <ele>22</ele>
        <time>2026-05-30T09:35:43.000Z</time>
        <extensions>
          <ns3:TrackPointExtension>
            <ns3:hr>170</ns3:hr>
          </ns3:TrackPointExtension>
        </extensions>
      </trkpt>
      <trkpt lat="52.0038740336894989013671875" lon="5.79957383684813976287841796875">
        <ele>22.3999996185302734375</ele>
        <time>2026-05-30T09:35:49.000Z</time>
        <extensions>
          <ns3:TrackPointExtension>
            <ns3:hr>170</ns3:hr>
          </ns3:TrackPointExtension>
        </extensions>
      </trkpt>
      <trkpt lat="52.0038691721856594085693359375" lon="5.7995595037937164306640625">
        <ele>22.200000762939453125</ele>
        <time>2026-05-30T09:35:54.000Z</time>
        <extensions>
          <ns3:TrackPointExtension>
            <ns3:hr>167</ns3:hr>
          </ns3:TrackPointExtension>
        </extensions>
      </trkpt>
      <trkpt lat="52.00387260876595973968505859375" lon="5.79954366199672222137451171875">
        <ele>22.3999996185302734375</ele>
        <time>2026-05-30T09:35:56.000Z</time>
        <extensions>
          <ns3:TrackPointExtension>
            <ns3:hr>167</ns3:hr>
          </ns3:TrackPointExtension>
        </extensions>
      </trkpt>
      <trkpt lat="52.00391183607280254364013671875" lon="5.79940351657569408416748046875">
        <ele>22.6000003814697265625</ele>
        <time>2026-05-30T09:36:04.000Z</time>
        <extensions>
          <ns3:TrackPointExtension>
            <ns3:hr>166</ns3:hr>
          </ns3:TrackPointExtension>
        </extensions>
      </trkpt>
      <trkpt lat="52.00392826460301876068115234375" lon="5.7992914505302906036376953125">
        <ele>22.799999237060546875</ele>
        <time>2026-05-30T09:36:13.000Z</time>
        <extensions>
          <ns3:TrackPointExtension>
            <ns3:hr>166</ns3:hr>
          </ns3:TrackPointExtension>
        </extensions>
      </trkpt>
      <trkpt lat="52.00396095402538776397705078125" lon="5.7990805618464946746826171875">
        <ele>23</ele>
        <time>2026-05-30T09:36:22.000Z</time>
        <extensions>
          <ns3:TrackPointExtension>
            <ns3:hr>166</ns3:hr>
          </ns3:TrackPointExtension>
        </extensions>
      </trkpt>
      <trkpt lat="52.00398978777229785919189453125" lon="5.79896145500242710113525390625">
        <ele>23.200000762939453125</ele>
        <time>2026-05-30T09:36:29.000Z</time>
        <extensions>
          <ns3:TrackPointExtension>
            <ns3:hr>166</ns3:hr>
          </ns3:TrackPointExtension>
        </extensions>
      </trkpt>
      <trkpt lat="52.00399347580969333648681640625" lon="5.79894117079675197601318359375">
        <ele>23.3999996185302734375</ele>
        <time>2026-05-30T09:36:30.000Z</time>
        <extensions>
          <ns3:TrackPointExtension>
            <ns3:hr>166</ns3:hr>
          </ns3:TrackPointExtension>
        </extensions>
      </trkpt>
      <trkpt lat="52.00403572060167789459228515625" lon="5.7988063059747219085693359375">
        <ele>23.3999996185302734375</ele>
        <time>2026-05-30T09:36:39.000Z</time>
        <extensions>
          <ns3:TrackPointExtension>
            <ns3:hr>165</ns3:hr>
          </ns3:TrackPointExtension>
        </extensions>
      </trkpt>
      <trkpt lat="52.00405986048281192779541015625" lon="5.79864948056638240814208984375">
        <ele>23.6000003814697265625</ele>
        <time>2026-05-30T09:36:48.000Z</time>
        <extensions>
          <ns3:TrackPointExtension>
            <ns3:hr>164</ns3:hr>
          </ns3:TrackPointExtension>
        </extensions>
      </trkpt>
      <trkpt lat="52.004071511328220367431640625" lon="5.7985836826264858245849609375">
        <ele>23.799999237060546875</ele>
        <time>2026-05-30T09:36:52.000Z</time>
        <extensions>
          <ns3:TrackPointExtension>
            <ns3:hr>167</ns3:hr>
          </ns3:TrackPointExtension>
        </extensions>
      </trkpt>
      <trkpt lat="52.00409305281937122344970703125" lon="5.79847765155136585235595703125">
        <ele>23.799999237060546875</ele>
        <time>2026-05-30T09:36:57.000Z</time>
        <extensions>
          <ns3:TrackPointExtension>
            <ns3:hr>168</ns3:hr>
          </ns3:TrackPointExtension>
        </extensions>
      </trkpt>
      <trkpt lat="52.00413487851619720458984375" lon="5.7983513362705707550048828125">
        <ele>24.200000762939453125</ele>
        <time>2026-05-30T09:37:05.000Z</time>
        <extensions>
          <ns3:TrackPointExtension>
            <ns3:hr>167</ns3:hr>
          </ns3:TrackPointExtension>
        </extensions>
      </trkpt>
      <trkpt lat="52.004158683121204376220703125" lon="5.798220746219158172607421875">
        <ele>24.3999996185302734375</ele>
        <time>2026-05-30T09:37:13.000Z</time>
        <extensions>
          <ns3:TrackPointExtension>
            <ns3:hr>165</ns3:hr>
          </ns3:TrackPointExtension>
        </extensions>
      </trkpt>
      <trkpt lat="52.00416446663439273834228515625" lon="5.79816919751465320587158203125">
        <ele>24.3999996185302734375</ele>
        <time>2026-05-30T09:37:16.000Z</time>
        <extensions>
          <ns3:TrackPointExtension>
            <ns3:hr>165</ns3:hr>
          </ns3:TrackPointExtension>
        </extensions>
      </trkpt>
      <trkpt lat="52.00419212691485881805419921875" lon="5.79804003238677978515625">
        <ele>24.6000003814697265625</ele>
        <time>2026-05-30T09:37:24.000Z</time>
        <extensions>
          <ns3:TrackPointExtension>
            <ns3:hr>167</ns3:hr>
          </ns3:TrackPointExtension>
        </extensions>
      </trkpt>
      <trkpt lat="52.00419564731419086456298828125" lon="5.79792226664721965789794921875">
        <ele>25</ele>
        <time>2026-05-30T09:37:32.000Z</time>
        <extensions>
          <ns3:TrackPointExtension>
            <ns3:hr>166</ns3:hr>
          </ns3:TrackPointExtension>
        </extensions>
      </trkpt>
      <trkpt lat="52.00421442277729511260986328125" lon="5.79773887060582637786865234375">
        <ele>25.200000762939453125</ele>
        <time>2026-05-30T09:37:43.000Z</time>
        <extensions>
          <ns3:TrackPointExtension>
            <ns3:hr>167</ns3:hr>
          </ns3:TrackPointExtension>
        </extensions>
      </trkpt>
      <trkpt lat="52.00421459041535854339599609375" lon="5.79772780649363994598388671875">
        <ele>25.3999996185302734375</ele>
        <time>2026-05-30T09:37:44.000Z</time>
        <extensions>
          <ns3:TrackPointExtension>
            <ns3:hr>167</ns3:hr>
          </ns3:TrackPointExtension>
        </extensions>
      </trkpt>
      <trkpt lat="52.00423856265842914581298828125" lon="5.7975510321557521820068359375">
        <ele>25.6000003814697265625</ele>
        <time>2026-05-30T09:37:52.000Z</time>
        <extensions>
          <ns3:TrackPointExtension>
            <ns3:hr>165</ns3:hr>
          </ns3:TrackPointExtension>
        </extensions>
      </trkpt>
      <trkpt lat="52.0042621158063411712646484375" lon="5.797441899776458740234375">
        <ele>25.799999237060546875</ele>
        <time>2026-05-30T09:38:00.000Z</time>
        <extensions>
          <ns3:TrackPointExtension>
            <ns3:hr>165</ns3:hr>
          </ns3:TrackPointExtension>
        </extensions>
      </trkpt>
      <trkpt lat="52.004294805228710174560546875" lon="5.79730083234608173370361328125">
        <ele>26</ele>
        <time>2026-05-30T09:38:08.000Z</time>
        <extensions>
          <ns3:TrackPointExtension>
            <ns3:hr>165</ns3:hr>
          </ns3:TrackPointExtension>
        </extensions>
      </trkpt>
      <trkpt lat="52.0043033547699451446533203125" lon="5.7971869222819805145263671875">
        <ele>26.3999996185302734375</ele>
        <time>2026-05-30T09:38:14.000Z</time>
        <extensions>
          <ns3:TrackPointExtension>
            <ns3:hr>166</ns3:hr>
          </ns3:TrackPointExtension>
        </extensions>
      </trkpt>
      <trkpt lat="52.0043030194938182830810546875" lon="5.79713185317814350128173828125">
        <ele>26.6000003814697265625</ele>
        <time>2026-05-30T09:38:17.000Z</time>
        <extensions>
          <ns3:TrackPointExtension>
            <ns3:hr>167</ns3:hr>
          </ns3:TrackPointExtension>
        </extensions>
      </trkpt>
      <trkpt lat="52.00432741083204746246337890625" lon="5.7969793863594532012939453125">
        <ele>27.200000762939453125</ele>
        <time>2026-05-30T09:38:27.000Z</time>
        <extensions>
          <ns3:TrackPointExtension>
            <ns3:hr>168</ns3:hr>
          </ns3:TrackPointExtension>
        </extensions>
      </trkpt>
      <trkpt lat="52.00437686406075954437255859375" lon="5.79682239331305027008056640625">
        <ele>27.3999996185302734375</ele>
        <time>2026-05-30T09:38:36.000Z</time>
        <extensions>
          <ns3:TrackPointExtension>
            <ns3:hr>170</ns3:hr>
          </ns3:TrackPointExtension>
        </extensions>
      </trkpt>
      <trkpt lat="52.00438298285007476806640625" lon="5.79680420458316802978515625">
        <ele>27.3999996185302734375</ele>
        <time>2026-05-30T09:38:37.000Z</time>
        <extensions>
          <ns3:TrackPointExtension>
            <ns3:hr>170</ns3:hr>
          </ns3:TrackPointExtension>
        </extensions>
      </trkpt>
      <trkpt lat="52.004422210156917572021484375" lon="5.79662449657917022705078125">
        <ele>28.200000762939453125</ele>
        <time>2026-05-30T09:38:47.000Z</time>
        <extensions>
          <ns3:TrackPointExtension>
            <ns3:hr>169</ns3:hr>
          </ns3:TrackPointExtension>
        </extensions>
      </trkpt>
      <trkpt lat="52.00446789152920246124267578125" lon="5.7964724488556385040283203125">
        <ele>28</ele>
        <time>2026-05-30T09:38:57.000Z</time>
        <extensions>
          <ns3:TrackPointExtension>
            <ns3:hr>168</ns3:hr>
          </ns3:TrackPointExtension>
        </extensions>
      </trkpt>
      <trkpt lat="52.00447409413754940032958984375" lon="5.7963561080396175384521484375">
        <ele>28.200000762939453125</ele>
        <time>2026-05-30T09:39:05.000Z</time>
        <extensions>
          <ns3:TrackPointExtension>
            <ns3:hr>168</ns3:hr>
          </ns3:TrackPointExtension>
        </extensions>
      </trkpt>
      <trkpt lat="52.00449655763804912567138671875" lon="5.79626910388469696044921875">
        <ele>28.3999996185302734375</ele>
        <time>2026-05-30T09:39:11.000Z</time>
        <extensions>
          <ns3:TrackPointExtension>
            <ns3:hr>168</ns3:hr>
          </ns3:TrackPointExtension>
        </extensions>
      </trkpt>
      <trkpt lat="52.00451977550983428955078125" lon="5.79618603922426700592041015625">
        <ele>28.6000003814697265625</ele>
        <time>2026-05-30T09:39:16.000Z</time>
        <extensions>
          <ns3:TrackPointExtension>
            <ns3:hr>168</ns3:hr>
          </ns3:TrackPointExtension>
        </extensions>
      </trkpt>
      <trkpt lat="52.00458071194589138031005859375" lon="5.79603499732911586761474609375">
        <ele>28.799999237060546875</ele>
        <time>2026-05-30T09:39:25.000Z</time>
        <extensions>
          <ns3:TrackPointExtension>
            <ns3:hr>168</ns3:hr>
          </ns3:TrackPointExtension>
        </extensions>
      </trkpt>
      <trkpt lat="52.0046292431652545928955078125" lon="5.7958639226853847503662109375">
        <ele>28.799999237060546875</ele>
        <time>2026-05-30T09:39:36.000Z</time>
        <extensions>
          <ns3:TrackPointExtension>
            <ns3:hr>168</ns3:hr>
          </ns3:TrackPointExtension>
        </extensions>
      </trkpt>
      <trkpt lat="52.0046708174049854278564453125" lon="5.7957024872303009033203125">
        <ele>28.799999237060546875</ele>
        <time>2026-05-30T09:39:45.000Z</time>
        <extensions>
          <ns3:TrackPointExtension>
            <ns3:hr>167</ns3:hr>
          </ns3:TrackPointExtension>
        </extensions>
      </trkpt>
      <trkpt lat="52.00472270138561725616455078125" lon="5.7955628447234630584716796875">
        <ele>29</ele>
        <time>2026-05-30T09:39:54.000Z</time>
        <extensions>
          <ns3:TrackPointExtension>
            <ns3:hr>165</ns3:hr>
          </ns3:TrackPointExtension>
        </extensions>
      </trkpt>
      <trkpt lat="52.0047710649669170379638671875" lon="5.79538204707205295562744140625">
        <ele>29.200000762939453125</ele>
        <time>2026-05-30T09:40:03.000Z</time>
        <extensions>
          <ns3:TrackPointExtension>
            <ns3:hr>165</ns3:hr>
          </ns3:TrackPointExtension>
        </extensions>
      </trkpt>
      <trkpt lat="52.00478103943169116973876953125" lon="5.79526453278958797454833984375">
        <ele>29.6000003814697265625</ele>
        <time>2026-05-30T09:40:10.000Z</time>
        <extensions>
          <ns3:TrackPointExtension>
            <ns3:hr>165</ns3:hr>
          </ns3:TrackPointExtension>
        </extensions>
      </trkpt>
      <trkpt lat="52.0047972165048122406005859375" lon="5.79520753584802150726318359375">
        <ele>29.6000003814697265625</ele>
        <time>2026-05-30T09:40:13.000Z</time>
        <extensions>
          <ns3:TrackPointExtension>
            <ns3:hr>165</ns3:hr>
          </ns3:TrackPointExtension>
        </extensions>
      </trkpt>
      <trkpt lat="52.0048330910503864288330078125" lon="5.795089267194271087646484375">
        <ele>29.799999237060546875</ele>
        <time>2026-05-30T09:40:21.000Z</time>
        <extensions>
          <ns3:TrackPointExtension>
            <ns3:hr>166</ns3:hr>
          </ns3:TrackPointExtension>
        </extensions>
      </trkpt>
      <trkpt lat="52.00486904941499233245849609375" lon="5.79492372460663318634033203125">
        <ele>30</ele>
        <time>2026-05-30T09:40:30.000Z</time>
        <extensions>
          <ns3:TrackPointExtension>
            <ns3:hr>167</ns3:hr>
          </ns3:TrackPointExtension>
        </extensions>
      </trkpt>
      <trkpt lat="52.00490190647542476654052734375" lon="5.79474988393485546112060546875">
        <ele>30</ele>
        <time>2026-05-30T09:40:41.000Z</time>
        <extensions>
          <ns3:TrackPointExtension>
            <ns3:hr>166</ns3:hr>
          </ns3:TrackPointExtension>
        </extensions>
      </trkpt>
      <trkpt lat="52.00494348071515560150146484375" lon="5.79451871104538440704345703125">
        <ele>30.200000762939453125</ele>
        <time>2026-05-30T09:40:51.000Z</time>
        <extensions>
          <ns3:TrackPointExtension>
            <ns3:hr>167</ns3:hr>
          </ns3:TrackPointExtension>
        </extensions>
      </trkpt>
      <trkpt lat="52.00497767888009548187255859375" lon="5.79436473548412322998046875">
        <ele>30.3999996185302734375</ele>
        <time>2026-05-30T09:41:01.000Z</time>
        <extensions>
          <ns3:TrackPointExtension>
            <ns3:hr>167</ns3:hr>
          </ns3:TrackPointExtension>
        </extensions>
      </trkpt>
      <trkpt lat="52.00500919483602046966552734375" lon="5.79414018429815769195556640625">
        <ele>30.3999996185302734375</ele>
        <time>2026-05-30T09:41:13.000Z</time>
        <extensions>
          <ns3:TrackPointExtension>
            <ns3:hr>166</ns3:hr>
          </ns3:TrackPointExtension>
        </extensions>
      </trkpt>
      <trkpt lat="52.00502277351915836334228515625" lon="5.7939686067402362823486328125">
        <ele>30.6000003814697265625</ele>
        <time>2026-05-30T09:41:22.000Z</time>
        <extensions>
          <ns3:TrackPointExtension>
            <ns3:hr>167</ns3:hr>
          </ns3:TrackPointExtension>
        </extensions>
      </trkpt>
      <trkpt lat="52.0050325803458690643310546875" lon="5.793883614242076873779296875">
        <ele>30.6000003814697265625</ele>
        <time>2026-05-30T09:41:29.000Z</time>
        <extensions>
          <ns3:TrackPointExtension>
            <ns3:hr>166</ns3:hr>
          </ns3:TrackPointExtension>
        </extensions>
      </trkpt>
      <trkpt lat="52.00504322536289691925048828125" lon="5.79385201446712017059326171875">
        <ele>30.6000003814697265625</ele>
        <time>2026-05-30T09:41:31.000Z</time>
        <extensions>
          <ns3:TrackPointExtension>
            <ns3:hr>166</ns3:hr>
          </ns3:TrackPointExtension>
        </extensions>
      </trkpt>
      <trkpt lat="52.0050758309662342071533203125" lon="5.7937235198915004730224609375">
        <ele>30.3999996185302734375</ele>
        <time>2026-05-30T09:41:39.000Z</time>
        <extensions>
          <ns3:TrackPointExtension>
            <ns3:hr>169</ns3:hr>
          </ns3:TrackPointExtension>
        </extensions>
      </trkpt>
      <trkpt lat="52.00508999638259410858154296875" lon="5.7936655171215534210205078125">
        <ele>30.3999996185302734375</ele>
        <time>2026-05-30T09:41:42.000Z</time>
        <extensions>
          <ns3:TrackPointExtension>
            <ns3:hr>168</ns3:hr>
          </ns3:TrackPointExtension>
        </extensions>
      </trkpt>
      <trkpt lat="52.00511296279728412628173828125" lon="5.79359938390552997589111328125">
        <ele>30.3999996185302734375</ele>
        <time>2026-05-30T09:41:45.000Z</time>
        <extensions>
          <ns3:TrackPointExtension>
            <ns3:hr>165</ns3:hr>
          </ns3:TrackPointExtension>
        </extensions>
      </trkpt>
      <trkpt lat="52.00515369884669780731201171875" lon="5.7934485934674739837646484375">
        <ele>30.6000003814697265625</ele>
        <time>2026-05-30T09:41:52.000Z</time>
        <extensions>
          <ns3:TrackPointExtension>
            <ns3:hr>164</ns3:hr>
          </ns3:TrackPointExtension>
        </extensions>
      </trkpt>
      <trkpt lat="52.005161158740520477294921875" lon="5.7933000661432743072509765625">
        <ele>30.6000003814697265625</ele>
        <time>2026-05-30T09:42:01.000Z</time>
        <extensions>
          <ns3:TrackPointExtension>
            <ns3:hr>164</ns3:hr>
          </ns3:TrackPointExtension>
        </extensions>
      </trkpt>
      <trkpt lat="52.0051881484687328338623046875" lon="5.79317509196698665618896484375">
        <ele>30.6000003814697265625</ele>
        <time>2026-05-30T09:42:09.000Z</time>
        <extensions>
          <ns3:TrackPointExtension>
            <ns3:hr>164</ns3:hr>
          </ns3:TrackPointExtension>
        </extensions>
      </trkpt>
      <trkpt lat="52.00521689839661121368408203125" lon="5.79298666678369045257568359375">
        <ele>30.6000003814697265625</ele>
        <time>2026-05-30T09:42:18.000Z</time>
        <extensions>
          <ns3:TrackPointExtension>
            <ns3:hr>162</ns3:hr>
          </ns3:TrackPointExtension>
        </extensions>
      </trkpt>
      <trkpt lat="52.005250342190265655517578125" lon="5.7928164303302764892578125">
        <ele>30.6000003814697265625</ele>
        <time>2026-05-30T09:42:28.000Z</time>
        <extensions>
          <ns3:TrackPointExtension>
            <ns3:hr>162</ns3:hr>
          </ns3:TrackPointExtension>
        </extensions>
      </trkpt>
      <trkpt lat="52.00527473352849483489990234375" lon="5.7926794700324535369873046875">
        <ele>30.799999237060546875</ele>
        <time>2026-05-30T09:42:36.000Z</time>
        <extensions>
          <ns3:TrackPointExtension>
            <ns3:hr>164</ns3:hr>
          </ns3:TrackPointExtension>
        </extensions>
      </trkpt>
      <trkpt lat="52.00532485730946063995361328125" lon="5.79250269569456577301025390625">
        <ele>31.3999996185302734375</ele>
        <time>2026-05-30T09:42:46.000Z</time>
        <extensions>
          <ns3:TrackPointExtension>
            <ns3:hr>164</ns3:hr>
          </ns3:TrackPointExtension>
        </extensions>
      </trkpt>
      <trkpt lat="52.00536794029176235198974609375" lon="5.79237512312829494476318359375">
        <ele>31.200000762939453125</ele>
        <time>2026-05-30T09:42:54.000Z</time>
        <extensions>
          <ns3:TrackPointExtension>
            <ns3:hr>164</ns3:hr>
          </ns3:TrackPointExtension>
        </extensions>
      </trkpt>
      <trkpt lat="52.00541219674050807952880859375" lon="5.79225878231227397918701171875">
        <ele>31.3999996185302734375</ele>
        <time>2026-05-30T09:43:01.000Z</time>
        <extensions>
          <ns3:TrackPointExtension>
            <ns3:hr>164</ns3:hr>
          </ns3:TrackPointExtension>
        </extensions>
      </trkpt>
      <trkpt lat="52.005452178418636322021484375" lon="5.7921440340578556060791015625">
        <ele>31.3999996185302734375</ele>
        <time>2026-05-30T09:43:10.000Z</time>
        <extensions>
          <ns3:TrackPointExtension>
            <ns3:hr>165</ns3:hr>
          </ns3:TrackPointExtension>
        </extensions>
      </trkpt>
      <trkpt lat="52.005449831485748291015625" lon="5.79213179647922515869140625">
        <ele>31.6000003814697265625</ele>
        <time>2026-05-30T09:43:12.000Z</time>
        <extensions>
          <ns3:TrackPointExtension>
            <ns3:hr>165</ns3:hr>
          </ns3:TrackPointExtension>
        </extensions>
      </trkpt>
      <trkpt lat="52.00544270686805248260498046875" lon="5.7920518331229686737060546875">
        <ele>31.799999237060546875</ele>
        <time>2026-05-30T09:43:19.000Z</time>
        <extensions>
          <ns3:TrackPointExtension>
            <ns3:hr>162</ns3:hr>
          </ns3:TrackPointExtension>
        </extensions>
      </trkpt>
      <trkpt lat="52.00547489337623119354248046875" lon="5.79188897274434566497802734375">
        <ele>31</ele>
        <time>2026-05-30T09:43:30.000Z</time>
        <extensions>
          <ns3:TrackPointExtension>
            <ns3:hr>162</ns3:hr>
          </ns3:TrackPointExtension>
        </extensions>
      </trkpt>
      <trkpt lat="52.0055056549608707427978515625" lon="5.791890732944011688232421875">
        <ele>31</ele>
        <time>2026-05-30T09:43:34.000Z</time>
        <extensions>
          <ns3:TrackPointExtension>
            <ns3:hr>163</ns3:hr>
          </ns3:TrackPointExtension>
        </extensions>
      </trkpt>
      <trkpt lat="52.0055450499057769775390625" lon="5.79192048870027065277099609375">
        <ele>31.200000762939453125</ele>
        <time>2026-05-30T09:43:37.000Z</time>
        <extensions>
          <ns3:TrackPointExtension>
            <ns3:hr>162</ns3:hr>
          </ns3:TrackPointExtension>
        </extensions>
      </trkpt>
      <trkpt lat="52.00561101548373699188232421875" lon="5.7919626496732234954833984375">
        <ele>31</ele>
        <time>2026-05-30T09:43:43.000Z</time>
        <extensions>
          <ns3:TrackPointExtension>
            <ns3:hr>162</ns3:hr>
          </ns3:TrackPointExtension>
        </extensions>
      </trkpt>
      <trkpt lat="52.00567840598523616790771484375" lon="5.7919713668525218963623046875">
        <ele>31</ele>
        <time>2026-05-30T09:43:50.000Z</time>
        <extensions>
          <ns3:TrackPointExtension>
            <ns3:hr>165</ns3:hr>
          </ns3:TrackPointExtension>
        </extensions>
      </trkpt>
      <trkpt lat="52.0056880451738834381103515625" lon="5.791975893080234527587890625">
        <ele>31</ele>
        <time>2026-05-30T09:43:51.000Z</time>
        <extensions>
          <ns3:TrackPointExtension>
            <ns3:hr>164</ns3:hr>
          </ns3:TrackPointExtension>
        </extensions>
      </trkpt>
      <trkpt lat="52.00578510761260986328125" lon="5.79203515313565731048583984375">
        <ele>30.799999237060546875</ele>
        <time>2026-05-30T09:43:59.000Z</time>
        <extensions>
          <ns3:TrackPointExtension>
            <ns3:hr>163</ns3:hr>
          </ns3:TrackPointExtension>
        </extensions>
      </trkpt>
      <trkpt lat="52.0058530010282993316650390625" lon="5.79205929301679134368896484375">
        <ele>31</ele>
        <time>2026-05-30T09:44:06.000Z</time>
        <extensions>
          <ns3:TrackPointExtension>
            <ns3:hr>164</ns3:hr>
          </ns3:TrackPointExtension>
        </extensions>
      </trkpt>
      <trkpt lat="52.00590471737086772918701171875" lon="5.79212366603314876556396484375">
        <ele>31.200000762939453125</ele>
        <time>2026-05-30T09:44:12.000Z</time>
        <extensions>
          <ns3:TrackPointExtension>
            <ns3:hr>164</ns3:hr>
          </ns3:TrackPointExtension>
        </extensions>
      </trkpt>
      <trkpt lat="52.0059907995164394378662109375" lon="5.79216322861611843109130859375">
        <ele>31.200000762939453125</ele>
        <time>2026-05-30T09:44:18.000Z</time>
        <extensions>
          <ns3:TrackPointExtension>
            <ns3:hr>164</ns3:hr>
          </ns3:TrackPointExtension>
        </extensions>
      </trkpt>
      <trkpt lat="52.0060880295932292938232421875" lon="5.79221368767321109771728515625">
        <ele>31</ele>
        <time>2026-05-30T09:44:27.000Z</time>
        <extensions>
          <ns3:TrackPointExtension>
            <ns3:hr>165</ns3:hr>
          </ns3:TrackPointExtension>
        </extensions>
      </trkpt>
      <trkpt lat="52.00614678673446178436279296875" lon="5.79234042204916477203369140625">
        <ele>31.200000762939453125</ele>
        <time>2026-05-30T09:44:36.000Z</time>
        <extensions>
          <ns3:TrackPointExtension>
            <ns3:hr>165</ns3:hr>
          </ns3:TrackPointExtension>
        </extensions>
      </trkpt>
      <trkpt lat="52.00611577369272708892822265625" lon="5.79246866516768932342529296875">
        <ele>30.799999237060546875</ele>
        <time>2026-05-30T09:44:43.000Z</time>
        <extensions>
          <ns3:TrackPointExtension>
            <ns3:hr>165</ns3:hr>
          </ns3:TrackPointExtension>
        </extensions>
      </trkpt>
      <trkpt lat="52.00610001571476459503173828125" lon="5.79259984195232391357421875">
        <ele>31</ele>
        <time>2026-05-30T09:44:50.000Z</time>
        <extensions>
          <ns3:TrackPointExtension>
            <ns3:hr>165</ns3:hr>
          </ns3:TrackPointExtension>
        </extensions>
      </trkpt>
      <trkpt lat="52.00604670681059360504150390625" lon="5.79276002012193202972412109375">
        <ele>30.6000003814697265625</ele>
        <time>2026-05-30T09:44:59.000Z</time>
        <extensions>
          <ns3:TrackPointExtension>
            <ns3:hr>165</ns3:hr>
          </ns3:TrackPointExtension>
        </extensions>
      </trkpt>
      <trkpt lat="52.006037235260009765625" lon="5.79277561046183109283447265625">
        <ele>30.6000003814697265625</ele>
        <time>2026-05-30T09:45:00.000Z</time>
        <extensions>
          <ns3:TrackPointExtension>
            <ns3:hr>165</ns3:hr>
          </ns3:TrackPointExtension>
        </extensions>
      </trkpt>
      <trkpt lat="52.00600094161927700042724609375" lon="5.79287082888185977935791015625">
        <ele>30.3999996185302734375</ele>
        <time>2026-05-30T09:45:06.000Z</time>
        <extensions>
          <ns3:TrackPointExtension>
            <ns3:hr>165</ns3:hr>
          </ns3:TrackPointExtension>
        </extensions>
      </trkpt>
      <trkpt lat="52.0059425197541713714599609375" lon="5.79303746111690998077392578125">
        <ele>30.200000762939453125</ele>
        <time>2026-05-30T09:45:16.000Z</time>
        <extensions>
          <ns3:TrackPointExtension>
            <ns3:hr>165</ns3:hr>
          </ns3:TrackPointExtension>
        </extensions>
      </trkpt>
      <trkpt lat="52.0058945752680301666259765625" lon="5.79319956712424755096435546875">
        <ele>30</ele>
        <time>2026-05-30T09:45:26.000Z</time>
        <extensions>
          <ns3:TrackPointExtension>
            <ns3:hr>166</ns3:hr>
          </ns3:TrackPointExtension>
        </extensions>
      </trkpt>
      <trkpt lat="52.0058664120733737945556640625" lon="5.79335932619869709014892578125">
        <ele>30</ele>
        <time>2026-05-30T09:45:36.000Z</time>
        <extensions>
          <ns3:TrackPointExtension>
            <ns3:hr>166</ns3:hr>
          </ns3:TrackPointExtension>
        </extensions>
      </trkpt>
      <trkpt lat="52.00582525692880153656005859375" lon="5.793549008667469024658203125">
        <ele>30</ele>
        <time>2026-05-30T09:45:45.000Z</time>
        <extensions>
          <ns3:TrackPointExtension>
            <ns3:hr>165</ns3:hr>
          </ns3:TrackPointExtension>
        </extensions>
      </trkpt>
      <trkpt lat="52.00579105876386165618896484375" lon="5.793652944266796112060546875">
        <ele>30.200000762939453125</ele>
        <time>2026-05-30T09:45:53.000Z</time>
        <extensions>
          <ns3:TrackPointExtension>
            <ns3:hr>166</ns3:hr>
          </ns3:TrackPointExtension>
        </extensions>
      </trkpt>
      <trkpt lat="52.00577965937554836273193359375" lon="5.79379769973456859588623046875">
        <ele>30</ele>
        <time>2026-05-30T09:46:01.000Z</time>
        <extensions>
          <ns3:TrackPointExtension>
            <ns3:hr>167</ns3:hr>
          </ns3:TrackPointExtension>
        </extensions>
      </trkpt>
      <trkpt lat="52.0057537592947483062744140625" lon="5.79400054179131984710693359375">
        <ele>30.200000762939453125</ele>
        <time>2026-05-30T09:46:12.000Z</time>
        <extensions>
          <ns3:TrackPointExtension>
            <ns3:hr>168</ns3:hr>
          </ns3:TrackPointExtension>
        </extensions>
      </trkpt>
      <trkpt lat="52.00572182424366474151611328125" lon="5.79419366084039211273193359375">
        <ele>30.3999996185302734375</ele>
        <time>2026-05-30T09:46:22.000Z</time>
        <extensions>
          <ns3:TrackPointExtension>
            <ns3:hr>169</ns3:hr>
          </ns3:TrackPointExtension>
        </extensions>
      </trkpt>
      <trkpt lat="52.00568527914583683013916015625" lon="5.7943761348724365234375">
        <ele>30.3999996185302734375</ele>
        <time>2026-05-30T09:46:31.000Z</time>
        <extensions>
          <ns3:TrackPointExtension>
            <ns3:hr>171</ns3:hr>
          </ns3:TrackPointExtension>
        </extensions>
      </trkpt>
      <trkpt lat="52.00567907653748989105224609375" lon="5.79448266886174678802490234375">
        <ele>30.3999996185302734375</ele>
        <time>2026-05-30T09:46:38.000Z</time>
        <extensions>
          <ns3:TrackPointExtension>
            <ns3:hr>171</ns3:hr>
          </ns3:TrackPointExtension>
        </extensions>
      </trkpt>
      <trkpt lat="52.00566600076854228973388671875" lon="5.79457654617726802825927734375">
        <ele>30.3999996185302734375</ele>
        <time>2026-05-30T09:46:45.000Z</time>
        <extensions>
          <ns3:TrackPointExtension>
            <ns3:hr>172</ns3:hr>
          </ns3:TrackPointExtension>
        </extensions>
      </trkpt>
      <trkpt lat="52.0056253485381603240966796875" lon="5.7947538234293460845947265625">
        <ele>31.200000762939453125</ele>
        <time>2026-05-30T09:46:54.000Z</time>
        <extensions>
          <ns3:TrackPointExtension>
            <ns3:hr>173</ns3:hr>
          </ns3:TrackPointExtension>
        </extensions>
      </trkpt>
      <trkpt lat="52.0055941678583621978759765625" lon="5.79490092583000659942626953125">
        <ele>30.3999996185302734375</ele>
        <time>2026-05-30T09:47:02.000Z</time>
        <extensions>
          <ns3:TrackPointExtension>
            <ns3:hr>171</ns3:hr>
          </ns3:TrackPointExtension>
        </extensions>
      </trkpt>
      <trkpt lat="52.0055660046637058258056640625" lon="5.795053057372570037841796875">
        <ele>31</ele>
        <time>2026-05-30T09:47:11.000Z</time>
        <extensions>
          <ns3:TrackPointExtension>
            <ns3:hr>170</ns3:hr>
          </ns3:TrackPointExtension>
        </extensions>
      </trkpt>
      <trkpt lat="52.00555250979959964752197265625" lon="5.79521776176989078521728515625">
        <ele>30.3999996185302734375</ele>
        <time>2026-05-30T09:47:19.000Z</time>
        <extensions>
          <ns3:TrackPointExtension>
            <ns3:hr>170</ns3:hr>
          </ns3:TrackPointExtension>
        </extensions>
      </trkpt>
      <trkpt lat="52.00553901493549346923828125" lon="5.7953846454620361328125">
        <ele>30.3999996185302734375</ele>
        <time>2026-05-30T09:47:28.000Z</time>
        <extensions>
          <ns3:TrackPointExtension>
            <ns3:hr>170</ns3:hr>
          </ns3:TrackPointExtension>
        </extensions>
      </trkpt>
      <trkpt lat="52.00551227666437625885009765625" lon="5.795562006533145904541015625">
        <ele>30.799999237060546875</ele>
        <time>2026-05-30T09:47:38.000Z</time>
        <extensions>
          <ns3:TrackPointExtension>
            <ns3:hr>170</ns3:hr>
          </ns3:TrackPointExtension>
        </extensions>
      </trkpt>
      <trkpt lat="52.00548763386905193328857421875" lon="5.795728974044322967529296875">
        <ele>30.6000003814697265625</ele>
        <time>2026-05-30T09:47:49.000Z</time>
        <extensions>
          <ns3:TrackPointExtension>
            <ns3:hr>170</ns3:hr>
          </ns3:TrackPointExtension>
        </extensions>
      </trkpt>
      <trkpt lat="52.0054670982062816619873046875" lon="5.79591077752411365509033203125">
        <ele>30.3999996185302734375</ele>
        <time>2026-05-30T09:47:58.000Z</time>
        <extensions>
          <ns3:TrackPointExtension>
            <ns3:hr>171</ns3:hr>
          </ns3:TrackPointExtension>
        </extensions>
      </trkpt>
      <trkpt lat="52.00544371269643306732177734375" lon="5.79608134925365447998046875">
        <ele>30.6000003814697265625</ele>
        <time>2026-05-30T09:48:08.000Z</time>
        <extensions>
          <ns3:TrackPointExtension>
            <ns3:hr>169</ns3:hr>
          </ns3:TrackPointExtension>
        </extensions>
      </trkpt>
      <trkpt lat="52.0054047368466854095458984375" lon="5.7962816767394542694091796875">
        <ele>30.799999237060546875</ele>
        <time>2026-05-30T09:48:19.000Z</time>
        <extensions>
          <ns3:TrackPointExtension>
            <ns3:hr>169</ns3:hr>
          </ns3:TrackPointExtension>
        </extensions>
      </trkpt>
      <trkpt lat="52.00538202188909053802490234375" lon="5.79645409248769283294677734375">
        <ele>30.6000003814697265625</ele>
        <time>2026-05-30T09:48:28.000Z</time>
        <extensions>
          <ns3:TrackPointExtension>
            <ns3:hr>169</ns3:hr>
          </ns3:TrackPointExtension>
        </extensions>
      </trkpt>
      <trkpt lat="52.00535017065703868865966796875" lon="5.79667302779853343963623046875">
        <ele>30.6000003814697265625</ele>
        <time>2026-05-30T09:48:39.000Z</time>
        <extensions>
          <ns3:TrackPointExtension>
            <ns3:hr>168</ns3:hr>
          </ns3:TrackPointExtension>
        </extensions>
      </trkpt>
      <trkpt lat="52.00533726252615451812744140625" lon="5.79687268473207950592041015625">
        <ele>30.3999996185302734375</ele>
        <time>2026-05-30T09:48:50.000Z</time>
        <extensions>
          <ns3:TrackPointExtension>
            <ns3:hr>166</ns3:hr>
          </ns3:TrackPointExtension>
        </extensions>
      </trkpt>
      <trkpt lat="52.00532133691012859344482421875" lon="5.7970541529357433319091796875">
        <ele>31</ele>
        <time>2026-05-30T09:49:01.000Z</time>
        <extensions>
          <ns3:TrackPointExtension>
            <ns3:hr>165</ns3:hr>
          </ns3:TrackPointExtension>
        </extensions>
      </trkpt>
      <trkpt lat="52.0053011365234851837158203125" lon="5.79721458256244659423828125">
        <ele>30.200000762939453125</ele>
        <time>2026-05-30T09:49:09.000Z</time>
        <extensions>
          <ns3:TrackPointExtension>
            <ns3:hr>168</ns3:hr>
          </ns3:TrackPointExtension>
        </extensions>
      </trkpt>
      <trkpt lat="52.00529803521931171417236328125" lon="5.7972523011267185211181640625">
        <ele>30.200000762939453125</ele>
        <time>2026-05-30T09:49:13.000Z</time>
        <extensions>
          <ns3:TrackPointExtension>
            <ns3:hr>167</ns3:hr>
          </ns3:TrackPointExtension>
        </extensions>
      </trkpt>
      <trkpt lat="52.00526299886405467987060546875" lon="5.797422118484973907470703125">
        <ele>29.799999237060546875</ele>
        <time>2026-05-30T09:49:22.000Z</time>
        <extensions>
          <ns3:TrackPointExtension>
            <ns3:hr>167</ns3:hr>
          </ns3:TrackPointExtension>
        </extensions>
      </trkpt>
      <trkpt lat="52.0052441395819187164306640625" lon="5.79754650592803955078125">
        <ele>29.799999237060546875</ele>
        <time>2026-05-30T09:49:28.000Z</time>
        <extensions>
          <ns3:TrackPointExtension>
            <ns3:hr>170</ns3:hr>
          </ns3:TrackPointExtension>
        </extensions>
      </trkpt>
      <trkpt lat="52.00522787868976593017578125" lon="5.79763644374907016754150390625">
        <ele>29.6000003814697265625</ele>
        <time>2026-05-30T09:49:33.000Z</time>
        <extensions>
          <ns3:TrackPointExtension>
            <ns3:hr>167</ns3:hr>
          </ns3:TrackPointExtension>
        </extensions>
      </trkpt>
      <trkpt lat="52.00521589256823062896728515625" lon="5.797675587236881256103515625">
        <ele>29.6000003814697265625</ele>
        <time>2026-05-30T09:49:35.000Z</time>
        <extensions>
          <ns3:TrackPointExtension>
            <ns3:hr>165</ns3:hr>
          </ns3:TrackPointExtension>
        </extensions>
      </trkpt>
      <trkpt lat="52.005192674696445465087890625" lon="5.7977651059627532958984375">
        <ele>30</ele>
        <time>2026-05-30T09:49:41.000Z</time>
        <extensions>
          <ns3:TrackPointExtension>
            <ns3:hr>164</ns3:hr>
          </ns3:TrackPointExtension>
        </extensions>
      </trkpt>
      <trkpt lat="52.00518001802265644073486328125" lon="5.79781497828662395477294921875">
        <ele>30</ele>
        <time>2026-05-30T09:49:44.000Z</time>
        <extensions>
          <ns3:TrackPointExtension>
            <ns3:hr>159</ns3:hr>
          </ns3:TrackPointExtension>
        </extensions>
      </trkpt>
      <trkpt lat="52.0051780901849269866943359375" lon="5.797930397093296051025390625">
        <ele>29.200000762939453125</ele>
        <time>2026-05-30T09:49:51.000Z</time>
        <extensions>
          <ns3:TrackPointExtension>
            <ns3:hr>157</ns3:hr>
          </ns3:TrackPointExtension>
        </extensions>
      </trkpt>
      <trkpt lat="52.00517666526138782501220703125" lon="5.7979624159634113311767578125">
        <ele>29.200000762939453125</ele>
        <time>2026-05-30T09:49:53.000Z</time>
        <extensions>
          <ns3:TrackPointExtension>
            <ns3:hr>161</ns3:hr>
          </ns3:TrackPointExtension>
        </extensions>
      </trkpt>
      <trkpt lat="52.00515805743634700775146484375" lon="5.798104070127010345458984375">
        <ele>29</ele>
        <time>2026-05-30T09:50:01.000Z</time>
        <extensions>
          <ns3:TrackPointExtension>
            <ns3:hr>163</ns3:hr>
          </ns3:TrackPointExtension>
        </extensions>
      </trkpt>
      <trkpt lat="52.00512151233851909637451171875" lon="5.798302553594112396240234375">
        <ele>29</ele>
        <time>2026-05-30T09:50:12.000Z</time>
        <extensions>
          <ns3:TrackPointExtension>
            <ns3:hr>163</ns3:hr>
          </ns3:TrackPointExtension>
        </extensions>
      </trkpt>
      <trkpt lat="52.0050594024360179901123046875" lon="5.7985159568488597869873046875">
        <ele>29.200000762939453125</ele>
        <time>2026-05-30T09:50:23.000Z</time>
        <extensions>
          <ns3:TrackPointExtension>
            <ns3:hr>163</ns3:hr>
          </ns3:TrackPointExtension>
        </extensions>
      </trkpt>
      <trkpt lat="52.00501707382500171661376953125" lon="5.79869650304317474365234375">
        <ele>29</ele>
        <time>2026-05-30T09:50:33.000Z</time>
        <extensions>
          <ns3:TrackPointExtension>
            <ns3:hr>162</ns3:hr>
          </ns3:TrackPointExtension>
        </extensions>
      </trkpt>
      <trkpt lat="52.005007602274417877197265625" lon="5.7988398335874080657958984375">
        <ele>28.799999237060546875</ele>
        <time>2026-05-30T09:50:42.000Z</time>
        <extensions>
          <ns3:TrackPointExtension>
            <ns3:hr>163</ns3:hr>
          </ns3:TrackPointExtension>
        </extensions>
      </trkpt>
      <trkpt lat="52.0049695484340190887451171875" lon="5.79905499704182147979736328125">
        <ele>28.799999237060546875</ele>
        <time>2026-05-30T09:50:53.000Z</time>
        <extensions>
          <ns3:TrackPointExtension>
            <ns3:hr>163</ns3:hr>
          </ns3:TrackPointExtension>
        </extensions>
      </trkpt>
      <trkpt lat="52.00493040494620800018310546875" lon="5.79920738004148006439208984375">
        <ele>28.799999237060546875</ele>
        <time>2026-05-30T09:51:02.000Z</time>
        <extensions>
          <ns3:TrackPointExtension>
            <ns3:hr>162</ns3:hr>
          </ns3:TrackPointExtension>
        </extensions>
      </trkpt>
      <trkpt lat="52.0049098692834377288818359375" lon="5.7992780394852161407470703125">
        <ele>28.6000003814697265625</ele>
        <time>2026-05-30T09:51:06.000Z</time>
        <extensions>
          <ns3:TrackPointExtension>
            <ns3:hr>162</ns3:hr>
          </ns3:TrackPointExtension>
        </extensions>
      </trkpt>
      <trkpt lat="52.0048867352306842803955078125" lon="5.799355320632457733154296875">
        <ele>28.3999996185302734375</ele>
        <time>2026-05-30T09:51:10.000Z</time>
        <extensions>
          <ns3:TrackPointExtension>
            <ns3:hr>162</ns3:hr>
          </ns3:TrackPointExtension>
        </extensions>
      </trkpt>
      <trkpt lat="52.0048515312373638153076171875" lon="5.79953611828386783599853515625">
        <ele>28.200000762939453125</ele>
        <time>2026-05-30T09:51:20.000Z</time>
        <extensions>
          <ns3:TrackPointExtension>
            <ns3:hr>161</ns3:hr>
          </ns3:TrackPointExtension>
        </extensions>
      </trkpt>
      <trkpt lat="52.0048530399799346923828125" lon="5.7997142337262630462646484375">
        <ele>28</ele>
        <time>2026-05-30T09:51:29.000Z</time>
        <extensions>
          <ns3:TrackPointExtension>
            <ns3:hr>160</ns3:hr>
          </ns3:TrackPointExtension>
        </extensions>
      </trkpt>
      <trkpt lat="52.00482512824237346649169921875" lon="5.7999150641262531280517578125">
        <ele>27.6000003814697265625</ele>
        <time>2026-05-30T09:51:40.000Z</time>
        <extensions>
          <ns3:TrackPointExtension>
            <ns3:hr>159</ns3:hr>
          </ns3:TrackPointExtension>
        </extensions>
      </trkpt>
      <trkpt lat="52.00478003360331058502197265625" lon="5.800091922283172607421875">
        <ele>27.6000003814697265625</ele>
        <time>2026-05-30T09:51:50.000Z</time>
        <extensions>
          <ns3:TrackPointExtension>
            <ns3:hr>158</ns3:hr>
          </ns3:TrackPointExtension>
        </extensions>
      </trkpt>
      <trkpt lat="52.004772908985614776611328125" lon="5.80011002719402313232421875">
        <ele>27.6000003814697265625</ele>
        <time>2026-05-30T09:51:51.000Z</time>
        <extensions>
          <ns3:TrackPointExtension>
            <ns3:hr>158</ns3:hr>
          </ns3:TrackPointExtension>
        </extensions>
      </trkpt>
      <trkpt lat="52.00473167002201080322265625" lon="5.8002406172454357147216796875">
        <ele>27.3999996185302734375</ele>
        <time>2026-05-30T09:51:58.000Z</time>
        <extensions>
          <ns3:TrackPointExtension>
            <ns3:hr>158</ns3:hr>
          </ns3:TrackPointExtension>
        </extensions>
      </trkpt>
      <trkpt lat="52.00469420291483402252197265625" lon="5.80038269050419330596923828125">
        <ele>27</ele>
        <time>2026-05-30T09:52:06.000Z</time>
        <extensions>
          <ns3:TrackPointExtension>
            <ns3:hr>160</ns3:hr>
          </ns3:TrackPointExtension>
        </extensions>
      </trkpt>
      <trkpt lat="52.00467861257493495941162109375" lon="5.80053004436194896697998046875">
        <ele>26.799999237060546875</ele>
        <time>2026-05-30T09:52:15.000Z</time>
        <extensions>
          <ns3:TrackPointExtension>
            <ns3:hr>159</ns3:hr>
          </ns3:TrackPointExtension>
        </extensions>
      </trkpt>
      <trkpt lat="52.00466017238795757293701171875" lon="5.80065719783306121826171875">
        <ele>27</ele>
        <time>2026-05-30T09:52:23.000Z</time>
        <extensions>
          <ns3:TrackPointExtension>
            <ns3:hr>156</ns3:hr>
          </ns3:TrackPointExtension>
        </extensions>
      </trkpt>
      <trkpt lat="52.00465749017894268035888671875" lon="5.80067463219165802001953125">
        <ele>27.3999996185302734375</ele>
        <time>2026-05-30T09:52:24.000Z</time>
        <extensions>
          <ns3:TrackPointExtension>
            <ns3:hr>156</ns3:hr>
          </ns3:TrackPointExtension>
        </extensions>
      </trkpt>
      <trkpt lat="52.0046252198517322540283203125" lon="5.8008075691759586334228515625">
        <ele>26.3999996185302734375</ele>
        <time>2026-05-30T09:52:30.000Z</time>
        <extensions>
          <ns3:TrackPointExtension>
            <ns3:hr>156</ns3:hr>
          </ns3:TrackPointExtension>
        </extensions>
      </trkpt>
      <trkpt lat="52.004607953131198883056640625" lon="5.8008764684200286865234375">
        <ele>26</ele>
        <time>2026-05-30T09:52:34.000Z</time>
        <extensions>
          <ns3:TrackPointExtension>
            <ns3:hr>155</ns3:hr>
          </ns3:TrackPointExtension>
        </extensions>
      </trkpt>
      <trkpt lat="52.0045883394777774810791015625" lon="5.80106648616492748260498046875">
        <ele>26</ele>
        <time>2026-05-30T09:52:44.000Z</time>
        <extensions>
          <ns3:TrackPointExtension>
            <ns3:hr>154</ns3:hr>
          </ns3:TrackPointExtension>
        </extensions>
      </trkpt>
      <trkpt lat="52.00454986654222011566162109375" lon="5.80124787054955959320068359375">
        <ele>25.3999996185302734375</ele>
        <time>2026-05-30T09:52:53.000Z</time>
        <extensions>
          <ns3:TrackPointExtension>
            <ns3:hr>156</ns3:hr>
          </ns3:TrackPointExtension>
        </extensions>
      </trkpt>
      <trkpt lat="52.004538215696811676025390625" lon="5.80130092799663543701171875">
        <ele>25.3999996185302734375</ele>
        <time>2026-05-30T09:52:56.000Z</time>
        <extensions>
          <ns3:TrackPointExtension>
            <ns3:hr>156</ns3:hr>
          </ns3:TrackPointExtension>
        </extensions>
      </trkpt>
      <trkpt lat="52.00451315380632877349853515625" lon="5.80143428407609462738037109375">
        <ele>25.200000762939453125</ele>
        <time>2026-05-30T09:53:04.000Z</time>
        <extensions>
          <ns3:TrackPointExtension>
            <ns3:hr>156</ns3:hr>
          </ns3:TrackPointExtension>
        </extensions>
      </trkpt>
      <trkpt lat="52.00447191484272480010986328125" lon="5.8015911094844341278076171875">
        <ele>24.799999237060546875</ele>
        <time>2026-05-30T09:53:14.000Z</time>
        <extensions>
          <ns3:TrackPointExtension>
            <ns3:hr>157</ns3:hr>
          </ns3:TrackPointExtension>
        </extensions>
      </trkpt>
      <trkpt lat="52.004436291754245758056640625" lon="5.80174508504569530487060546875">
        <ele>24.6000003814697265625</ele>
        <time>2026-05-30T09:53:24.000Z</time>
        <extensions>
          <ns3:TrackPointExtension>
            <ns3:hr>157</ns3:hr>
          </ns3:TrackPointExtension>
        </extensions>
      </trkpt>
      <trkpt lat="52.0044327713549137115478515625" lon="5.80177391879260540008544921875">
        <ele>24.3999996185302734375</ele>
        <time>2026-05-30T09:53:26.000Z</time>
        <extensions>
          <ns3:TrackPointExtension>
            <ns3:hr>156</ns3:hr>
          </ns3:TrackPointExtension>
        </extensions>
      </trkpt>
      <trkpt lat="52.004414163529872894287109375" lon="5.80188187770545482635498046875">
        <ele>24.3999996185302734375</ele>
        <time>2026-05-30T09:53:31.000Z</time>
        <extensions>
          <ns3:TrackPointExtension>
            <ns3:hr>153</ns3:hr>
          </ns3:TrackPointExtension>
        </extensions>
      </trkpt>
      <trkpt lat="52.00440955348312854766845703125" lon="5.80190517939627170562744140625">
        <ele>24.200000762939453125</ele>
        <time>2026-05-30T09:53:32.000Z</time>
        <extensions>
          <ns3:TrackPointExtension>
            <ns3:hr>153</ns3:hr>
          </ns3:TrackPointExtension>
        </extensions>
      </trkpt>
      <trkpt lat="52.00438491068780422210693359375" lon="5.8020641840994358062744140625">
        <ele>23.3999996185302734375</ele>
        <time>2026-05-30T09:53:41.000Z</time>
        <extensions>
          <ns3:TrackPointExtension>
            <ns3:hr>153</ns3:hr>
          </ns3:TrackPointExtension>
        </extensions>
      </trkpt>
      <trkpt lat="52.0043809711933135986328125" lon="5.8020799420773983001708984375">
        <ele>23.3999996185302734375</ele>
        <time>2026-05-30T09:53:42.000Z</time>
        <extensions>
          <ns3:TrackPointExtension>
            <ns3:hr>153</ns3:hr>
          </ns3:TrackPointExtension>
        </extensions>
      </trkpt>
      <trkpt lat="52.0043380558490753173828125" lon="5.80221078358590602874755859375">
        <ele>23</ele>
        <time>2026-05-30T09:53:50.000Z</time>
        <extensions>
          <ns3:TrackPointExtension>
            <ns3:hr>152</ns3:hr>
          </ns3:TrackPointExtension>
        </extensions>
      </trkpt>
      <trkpt lat="52.00431726872920989990234375" lon="5.80234170891344547271728515625">
        <ele>22.3999996185302734375</ele>
        <time>2026-05-30T09:53:57.000Z</time>
        <extensions>
          <ns3:TrackPointExtension>
            <ns3:hr>151</ns3:hr>
          </ns3:TrackPointExtension>
        </extensions>
      </trkpt>
      <trkpt lat="52.00431190431118011474609375" lon="5.80237372778356075286865234375">
        <ele>22.200000762939453125</ele>
        <time>2026-05-30T09:53:59.000Z</time>
        <extensions>
          <ns3:TrackPointExtension>
            <ns3:hr>152</ns3:hr>
          </ns3:TrackPointExtension>
        </extensions>
      </trkpt>
      <trkpt lat="52.00428248383104801177978515625" lon="5.80256936140358448028564453125">
        <ele>21.799999237060546875</ele>
        <time>2026-05-30T09:54:10.000Z</time>
        <extensions>
          <ns3:TrackPointExtension>
            <ns3:hr>153</ns3:hr>
          </ns3:TrackPointExtension>
        </extensions>
      </trkpt>
      <trkpt lat="52.00423889793455600738525390625" lon="5.80275812186300754547119140625">
        <ele>21.3999996185302734375</ele>
        <time>2026-05-30T09:54:21.000Z</time>
        <extensions>
          <ns3:TrackPointExtension>
            <ns3:hr>153</ns3:hr>
          </ns3:TrackPointExtension>
        </extensions>
      </trkpt>
      <trkpt lat="52.004192210733890533447265625" lon="5.80295777879655361175537109375">
        <ele>21.3999996185302734375</ele>
        <time>2026-05-30T09:54:32.000Z</time>
        <extensions>
          <ns3:TrackPointExtension>
            <ns3:hr>154</ns3:hr>
          </ns3:TrackPointExtension>
        </extensions>
      </trkpt>
      <trkpt lat="52.004152648150920867919921875" lon="5.8031266741454601287841796875">
        <ele>21.6000003814697265625</ele>
        <time>2026-05-30T09:54:40.000Z</time>
        <extensions>
          <ns3:TrackPointExtension>
            <ns3:hr>155</ns3:hr>
          </ns3:TrackPointExtension>
        </extensions>
      </trkpt>
      <trkpt lat="52.0041283406317234039306640625" lon="5.80327511765062808990478515625">
        <ele>21.3999996185302734375</ele>
        <time>2026-05-30T09:54:48.000Z</time>
        <extensions>
          <ns3:TrackPointExtension>
            <ns3:hr>155</ns3:hr>
          </ns3:TrackPointExtension>
        </extensions>
      </trkpt>
      <trkpt lat="52.004124484956264495849609375" lon="5.80329246819019317626953125">
        <ele>21.200000762939453125</ele>
        <time>2026-05-30T09:54:49.000Z</time>
        <extensions>
          <ns3:TrackPointExtension>
            <ns3:hr>155</ns3:hr>
          </ns3:TrackPointExtension>
        </extensions>
      </trkpt>
      <trkpt lat="52.00410512275993824005126953125" lon="5.80344493500888347625732421875">
        <ele>21.200000762939453125</ele>
        <time>2026-05-30T09:54:57.000Z</time>
        <extensions>
          <ns3:TrackPointExtension>
            <ns3:hr>157</ns3:hr>
          </ns3:TrackPointExtension>
        </extensions>
      </trkpt>
      <trkpt lat="52.00407779775559902191162109375" lon="5.80363981425762176513671875">
        <ele>21.200000762939453125</ele>
        <time>2026-05-30T09:55:08.000Z</time>
        <extensions>
          <ns3:TrackPointExtension>
            <ns3:hr>159</ns3:hr>
          </ns3:TrackPointExtension>
        </extensions>
      </trkpt>
      <trkpt lat="52.004036642611026763916015625" lon="5.80378004349768161773681640625">
        <ele>21.6000003814697265625</ele>
        <time>2026-05-30T09:55:17.000Z</time>
        <extensions>
          <ns3:TrackPointExtension>
            <ns3:hr>159</ns3:hr>
          </ns3:TrackPointExtension>
        </extensions>
      </trkpt>
      <trkpt lat="52.0039952360093593597412109375" lon="5.80396779812872409820556640625">
        <ele>21.3999996185302734375</ele>
        <time>2026-05-30T09:55:28.000Z</time>
        <extensions>
          <ns3:TrackPointExtension>
            <ns3:hr>159</ns3:hr>
          </ns3:TrackPointExtension>
        </extensions>
      </trkpt>
      <trkpt lat="52.003955841064453125" lon="5.80411867238581180572509765625">
        <ele>21.3999996185302734375</ele>
        <time>2026-05-30T09:55:37.000Z</time>
        <extensions>
          <ns3:TrackPointExtension>
            <ns3:hr>159</ns3:hr>
          </ns3:TrackPointExtension>
        </extensions>
      </trkpt>
      <trkpt lat="52.00391921214759349822998046875" lon="5.8043065108358860015869140625">
        <ele>21.3999996185302734375</ele>
        <time>2026-05-30T09:55:46.000Z</time>
        <extensions>
          <ns3:TrackPointExtension>
            <ns3:hr>160</ns3:hr>
          </ns3:TrackPointExtension>
        </extensions>
      </trkpt>
      <trkpt lat="52.00388652272522449493408203125" lon="5.8044768311083316802978515625">
        <ele>21.3999996185302734375</ele>
        <time>2026-05-30T09:55:56.000Z</time>
        <extensions>
          <ns3:TrackPointExtension>
            <ns3:hr>161</ns3:hr>
          </ns3:TrackPointExtension>
        </extensions>
      </trkpt>
      <trkpt lat="52.0038299448788166046142578125" lon="5.80467070452868938446044921875">
        <ele>21.200000762939453125</ele>
        <time>2026-05-30T09:56:07.000Z</time>
        <extensions>
          <ns3:TrackPointExtension>
            <ns3:hr>159</ns3:hr>
          </ns3:TrackPointExtension>
        </extensions>
      </trkpt>
      <trkpt lat="52.003791220486164093017578125" lon="5.80486684106290340423583984375">
        <ele>21.3999996185302734375</ele>
        <time>2026-05-30T09:56:17.000Z</time>
        <extensions>
          <ns3:TrackPointExtension>
            <ns3:hr>159</ns3:hr>
          </ns3:TrackPointExtension>
        </extensions>
      </trkpt>
      <trkpt lat="52.0037387497723102569580078125" lon="5.8050338923931121826171875">
        <ele>21.200000762939453125</ele>
        <time>2026-05-30T09:56:27.000Z</time>
        <extensions>
          <ns3:TrackPointExtension>
            <ns3:hr>160</ns3:hr>
          </ns3:TrackPointExtension>
        </extensions>
      </trkpt>
      <trkpt lat="52.003688625991344451904296875" lon="5.80521452240645885467529296875">
        <ele>21.6000003814697265625</ele>
        <time>2026-05-30T09:56:37.000Z</time>
        <extensions>
          <ns3:TrackPointExtension>
            <ns3:hr>161</ns3:hr>
          </ns3:TrackPointExtension>
        </extensions>
      </trkpt>
      <trkpt lat="52.0036757178604602813720703125" lon="5.8052633889019489288330078125">
        <ele>21.6000003814697265625</ele>
        <time>2026-05-30T09:56:39.000Z</time>
        <extensions>
          <ns3:TrackPointExtension>
            <ns3:hr>161</ns3:hr>
          </ns3:TrackPointExtension>
        </extensions>
      </trkpt>
      <trkpt lat="52.0036596246063709259033203125" lon="5.80536707304418087005615234375">
        <ele>21.799999237060546875</ele>
        <time>2026-05-30T09:56:45.000Z</time>
        <extensions>
          <ns3:TrackPointExtension>
            <ns3:hr>162</ns3:hr>
          </ns3:TrackPointExtension>
        </extensions>
      </trkpt>
      <trkpt lat="52.0036512427031993865966796875" lon="5.8055381476879119873046875">
        <ele>21.6000003814697265625</ele>
        <time>2026-05-30T09:56:56.000Z</time>
        <extensions>
          <ns3:TrackPointExtension>
            <ns3:hr>162</ns3:hr>
          </ns3:TrackPointExtension>
        </extensions>
      </trkpt>
      <trkpt lat="52.00362081639468669891357421875" lon="5.8056680671870708465576171875">
        <ele>21.6000003814697265625</ele>
        <time>2026-05-30T09:57:05.000Z</time>
        <extensions>
          <ns3:TrackPointExtension>
            <ns3:hr>163</ns3:hr>
          </ns3:TrackPointExtension>
        </extensions>
      </trkpt>
      <trkpt lat="52.00362752191722393035888671875" lon="5.80569581128656864166259765625">
        <ele>21.6000003814697265625</ele>
        <time>2026-05-30T09:57:15.000Z</time>
        <extensions>
          <ns3:TrackPointExtension>
            <ns3:hr>161</ns3:hr>
          </ns3:TrackPointExtension>
        </extensions>
      </trkpt>
      <trkpt lat="52.00364965014159679412841796875" lon="5.80570050515234470367431640625">
        <ele>21.6000003814697265625</ele>
        <time>2026-05-30T09:57:22.000Z</time>
        <extensions>
          <ns3:TrackPointExtension>
            <ns3:hr>164</ns3:hr>
          </ns3:TrackPointExtension>
        </extensions>
      </trkpt>
      <trkpt lat="52.00366054661571979522705078125" lon="5.8056855015456676483154296875">
        <ele>21.6000003814697265625</ele>
        <time>2026-05-30T09:57:25.000Z</time>
        <extensions>
          <ns3:TrackPointExtension>
            <ns3:hr>166</ns3:hr>
          </ns3:TrackPointExtension>
        </extensions>
      </trkpt>
      <trkpt lat="52.00364713557064533233642578125" lon="5.80564619041979312896728515625">
        <ele>21.3999996185302734375</ele>
        <time>2026-05-30T09:57:34.000Z</time>
        <extensions>
          <ns3:TrackPointExtension>
            <ns3:hr>165</ns3:hr>
          </ns3:TrackPointExtension>
        </extensions>
      </trkpt>
      <trkpt lat="52.00365534983575344085693359375" lon="5.80566295422613620758056640625">
        <ele>21.200000762939453125</ele>
        <time>2026-05-30T09:57:38.000Z</time>
        <extensions>
          <ns3:TrackPointExtension>
            <ns3:hr>162</ns3:hr>
          </ns3:TrackPointExtension>
        </extensions>
      </trkpt>
      <trkpt lat="52.0036505721509456634521484375" lon="5.80567267723381519317626953125">
        <ele>21</ele>
        <time>2026-05-30T09:57:40.000Z</time>
        <extensions>
          <ns3:TrackPointExtension>
            <ns3:hr>159</ns3:hr>
          </ns3:TrackPointExtension>
        </extensions>
      </trkpt>
      <trkpt lat="52.0036433637142181396484375" lon="5.805673934519290924072265625">
        <ele>21</ele>
        <time>2026-05-30T09:57:41.000Z</time>
        <extensions>
          <ns3:TrackPointExtension>
            <ns3:hr>154</ns3:hr>
          </ns3:TrackPointExtension>
        </extensions>
      </trkpt>
      <trkpt lat="52.00363473035395145416259765625" lon="5.80567468889057636260986328125">
        <ele>21</ele>
        <time>2026-05-30T09:57:42.000Z</time>
        <extensions>
          <ns3:TrackPointExtension>
            <ns3:hr>151</ns3:hr>
          </ns3:TrackPointExtension>
        </extensions>
      </trkpt>
      <trkpt lat="52.003632299602031707763671875" lon="5.8056776225566864013671875">
        <ele>21</ele>
        <time>2026-05-30T09:57:44.000Z</time>
        <extensions>
          <ns3:TrackPointExtension>
            <ns3:hr>148</ns3:hr>
          </ns3:TrackPointExtension>
        </extensions>
      </trkpt>
      <trkpt lat="52.0036301203072071075439453125" lon="5.80564208328723907470703125">
        <ele>21</ele>
        <time>2026-05-30T09:57:51.000Z</time>
        <extensions>
          <ns3:TrackPointExtension>
            <ns3:hr>147</ns3:hr>
          </ns3:TrackPointExtension>
        </extensions>
      </trkpt>
      <trkpt lat="52.00361126102507114410400390625" lon="5.8056281693279743194580078125">
        <ele>21</ele>
        <time>2026-05-30T09:58:00.000Z</time>
        <extensions>
          <ns3:TrackPointExtension>
            <ns3:hr>144</ns3:hr>
          </ns3:TrackPointExtension>
        </extensions>
      </trkpt>
      <trkpt lat="52.00360539369285106658935546875" lon="5.80562741495668888092041015625">
        <ele>21</ele>
        <time>2026-05-30T09:58:03.000Z</time>
        <extensions>
          <ns3:TrackPointExtension>
            <ns3:hr>141</ns3:hr>
          </ns3:TrackPointExtension>
        </extensions>
      </trkpt>
      <trkpt lat="52.00361830182373523712158203125" lon="5.8056347072124481201171875">
        <ele>21</ele>
        <time>2026-05-30T09:58:12.000Z</time>
        <extensions>
          <ns3:TrackPointExtension>
            <ns3:hr>140</ns3:hr>
          </ns3:TrackPointExtension>
        </extensions>
      </trkpt>
      <trkpt lat="52.0036448724567890167236328125" lon="5.805643089115619659423828125">
        <ele>21</ele>
        <time>2026-05-30T09:58:22.000Z</time>
        <extensions>
          <ns3:TrackPointExtension>
            <ns3:hr>139</ns3:hr>
          </ns3:TrackPointExtension>
        </extensions>
      </trkpt>
      <trkpt lat="52.00366012752056121826171875" lon="5.8056529797613620758056640625">
        <ele>21.799999237060546875</ele>
        <time>2026-05-30T09:58:30.000Z</time>
        <extensions>
          <ns3:TrackPointExtension>
            <ns3:hr>138</ns3:hr>
          </ns3:TrackPointExtension>
        </extensions>
      </trkpt>
      <trkpt lat="52.00364680029451847076416015625" lon="5.8056241460144519805908203125">
        <ele>21.200000762939453125</ele>
        <time>2026-05-30T09:58:36.000Z</time>
        <extensions>
          <ns3:TrackPointExtension>
            <ns3:hr>139</ns3:hr>
          </ns3:TrackPointExtension>
        </extensions>
      </trkpt>
      <trkpt lat="52.0036460459232330322265625" lon="5.80562456510961055755615234375">
        <ele>21.200000762939453125</ele>
        <time>2026-05-30T09:58:37.000Z</time>
        <extensions>
          <ns3:TrackPointExtension>
            <ns3:hr>143</ns3:hr>
          </ns3:TrackPointExtension>
        </extensions>
      </trkpt>
      <trkpt lat="52.00364244170486927032470703125" lon="5.80562858842313289642333984375">
        <ele>21.200000762939453125</ele>
        <time>2026-05-30T09:58:38.000Z</time>
        <extensions>
          <ns3:TrackPointExtension>
            <ns3:hr>147</ns3:hr>
          </ns3:TrackPointExtension>
        </extensions>
      </trkpt>
      <trkpt lat="52.003639005124568939208984375" lon="5.8056399039924144744873046875">
        <ele>21</ele>
        <time>2026-05-30T09:58:43.000Z</time>
        <extensions>
          <ns3:TrackPointExtension>
            <ns3:hr>150</ns3:hr>
          </ns3:TrackPointExtension>
        </extensions>
      </trkpt>
      <trkpt lat="52.00364009477198123931884765625" lon="5.80564166419208049774169921875">
        <ele>21</ele>
        <time>2026-05-30T09:58:44.000Z</time>
        <extensions>
          <ns3:TrackPointExtension>
            <ns3:hr>157</ns3:hr>
          </ns3:TrackPointExtension>
        </extensions>
      </trkpt>
      <trkpt lat="52.0036379992961883544921875" lon="5.8056375570595264434814453125">
        <ele>20.799999237060546875</ele>
        <time>2026-05-30T09:58:45.000Z</time>
        <extensions>
          <ns3:TrackPointExtension>
            <ns3:hr>160</ns3:hr>
          </ns3:TrackPointExtension>
        </extensions>
      </trkpt>
      <trkpt lat="52.00363540090620517730712890625" lon="5.8056311868131160736083984375">
        <ele>21.3999996185302734375</ele>
        <time>2026-05-30T09:58:57.000Z</time>
        <extensions>
          <ns3:TrackPointExtension>
            <ns3:hr>160</ns3:hr>
          </ns3:TrackPointExtension>
        </extensions>
      </trkpt>
      <trkpt lat="52.0036193914711475372314453125" lon="5.80566831864416599273681640625">
        <ele>21.3999996185302734375</ele>
        <time>2026-05-30T09:59:05.000Z</time>
        <extensions>
          <ns3:TrackPointExtension>
            <ns3:hr>163</ns3:hr>
          </ns3:TrackPointExtension>
        </extensions>
      </trkpt>
      <trkpt lat="52.00361511670053005218505859375" lon="5.8056724257767200469970703125">
        <ele>21.200000762939453125</ele>
        <time>2026-05-30T09:59:06.000Z</time>
        <extensions>
          <ns3:TrackPointExtension>
            <ns3:hr>166</ns3:hr>
          </ns3:TrackPointExtension>
        </extensions>
      </trkpt>
      <trkpt lat="52.00360757298767566680908203125" lon="5.80567963421344757080078125">
        <ele>21</ele>
        <time>2026-05-30T09:59:08.000Z</time>
        <extensions>
          <ns3:TrackPointExtension>
            <ns3:hr>169</ns3:hr>
          </ns3:TrackPointExtension>
        </extensions>
      </trkpt>
      <trkpt lat="52.00359902344644069671630859375" lon="5.8056724257767200469970703125">
        <ele>21</ele>
        <time>2026-05-30T09:59:13.000Z</time>
        <extensions>
          <ns3:TrackPointExtension>
            <ns3:hr>166</ns3:hr>
          </ns3:TrackPointExtension>
        </extensions>
      </trkpt>
      <trkpt lat="52.00360153801739215850830078125" lon="5.805674605071544647216796875">
        <ele>20.799999237060546875</ele>
        <time>2026-05-30T09:59:16.000Z</time>
        <extensions>
          <ns3:TrackPointExtension>
            <ns3:hr>163</ns3:hr>
          </ns3:TrackPointExtension>
        </extensions>
      </trkpt>
      <trkpt lat="52.00360170565545558929443359375" lon="5.8056751079857349395751953125">
        <ele>20.799999237060546875</ele>
        <time>2026-05-30T09:59:19.000Z</time>
        <extensions>
          <ns3:TrackPointExtension>
            <ns3:hr>161</ns3:hr>
          </ns3:TrackPointExtension>
        </extensions>
      </trkpt>
      <trkpt lat="52.0036004483699798583984375" lon="5.8056741021573543548583984375">
        <ele>20.799999237060546875</ele>
        <time>2026-05-30T09:59:22.000Z</time>
        <extensions>
          <ns3:TrackPointExtension>
            <ns3:hr>158</ns3:hr>
          </ns3:TrackPointExtension>
        </extensions>
      </trkpt>
      <trkpt lat="52.0036012865602970123291015625" lon="5.80567250959575176239013671875">
        <ele>20.799999237060546875</ele>
        <time>2026-05-30T09:59:24.000Z</time>
        <extensions>
          <ns3:TrackPointExtension>
            <ns3:hr>155</ns3:hr>
          </ns3:TrackPointExtension>
        </extensions>
      </trkpt>
      <trkpt lat="52.003601454198360443115234375" lon="5.80567167140543460845947265625">
        <ele>20.799999237060546875</ele>
        <time>2026-05-30T09:59:25.000Z</time>
        <extensions>
          <ns3:TrackPointExtension>
            <ns3:hr>152</ns3:hr>
          </ns3:TrackPointExtension>
        </extensions>
      </trkpt>
      <trkpt lat="52.0035989396274089813232421875" lon="5.8056566677987575531005859375">
        <ele>20.799999237060546875</ele>
        <time>2026-05-30T09:59:32.000Z</time>
        <extensions>
          <ns3:TrackPointExtension>
            <ns3:hr>152</ns3:hr>
          </ns3:TrackPointExtension>
        </extensions>
      </trkpt>
      <trkpt lat="52.00358594767749309539794921875" lon="5.80560394562780857086181640625">
        <ele>21.200000762939453125</ele>
        <time>2026-05-30T09:59:41.000Z</time>
        <extensions>
          <ns3:TrackPointExtension>
            <ns3:hr>153</ns3:hr>
          </ns3:TrackPointExtension>
        </extensions>
      </trkpt>
      <trkpt lat="52.00357354246079921722412109375" lon="5.8055876009166240692138671875">
        <ele>20.799999237060546875</ele>
        <time>2026-05-30T09:59:48.000Z</time>
        <extensions>
          <ns3:TrackPointExtension>
            <ns3:hr>155</ns3:hr>
          </ns3:TrackPointExtension>
        </extensions>
      </trkpt>
      <trkpt lat="52.0035989396274089813232421875" lon="5.8055872656404972076416015625">
        <ele>21.3999996185302734375</ele>
        <time>2026-05-30T09:59:55.000Z</time>
        <extensions>
          <ns3:TrackPointExtension>
            <ns3:hr>158</ns3:hr>
          </ns3:TrackPointExtension>
        </extensions>
      </trkpt>
      <trkpt lat="52.00360111892223358154296875" lon="5.8055919595062732696533203125">
        <ele>21.3999996185302734375</ele>
        <time>2026-05-30T09:59:56.000Z</time>
        <extensions>
          <ns3:TrackPointExtension>
            <ns3:hr>158</ns3:hr>
          </ns3:TrackPointExtension>
        </extensions>
      </trkpt>
      <trkpt lat="52.0035895518958568572998046875" lon="5.805641077458858489990234375">
        <ele>21</ele>
        <time>2026-05-30T10:00:07.000Z</time>
        <extensions>
          <ns3:TrackPointExtension>
            <ns3:hr>158</ns3:hr>
          </ns3:TrackPointExtension>
        </extensions>
      </trkpt>
      <trkpt lat="52.00361226685345172882080078125" lon="5.8056239783763885498046875">
        <ele>21</ele>
        <time>2026-05-30T10:00:19.000Z</time>
        <extensions>
          <ns3:TrackPointExtension>
            <ns3:hr>156</ns3:hr>
          </ns3:TrackPointExtension>
        </extensions>
      </trkpt>
      <trkpt lat="52.00361930765211582183837890625" lon="5.805688016116619110107421875">
        <ele>21</ele>
        <time>2026-05-30T10:00:27.000Z</time>
        <extensions>
          <ns3:TrackPointExtension>
            <ns3:hr>156</ns3:hr>
          </ns3:TrackPointExtension>
        </extensions>
      </trkpt>
      <trkpt lat="52.0036032982170581817626953125" lon="5.80580159090459346771240234375">
        <ele>21.200000762939453125</ele>
        <time>2026-05-30T10:00:34.000Z</time>
        <extensions>
          <ns3:TrackPointExtension>
            <ns3:hr>158</ns3:hr>
          </ns3:TrackPointExtension>
        </extensions>
      </trkpt>
      <trkpt lat="52.00358712114393711090087890625" lon="5.805822126567363739013671875">
        <ele>21.6000003814697265625</ele>
        <time>2026-05-30T10:00:41.000Z</time>
        <extensions>
          <ns3:TrackPointExtension>
            <ns3:hr>157</ns3:hr>
          </ns3:TrackPointExtension>
        </extensions>
      </trkpt>
      <trkpt lat="52.003591060638427734375" lon="5.80582422204315662384033203125">
        <ele>21.799999237060546875</ele>
        <time>2026-05-30T10:00:46.000Z</time>
        <extensions>
          <ns3:TrackPointExtension>
            <ns3:hr>154</ns3:hr>
          </ns3:TrackPointExtension>
        </extensions>
      </trkpt>
      <trkpt lat="52.00358460657298564910888671875" lon="5.80582908354699611663818359375">
        <ele>21.3999996185302734375</ele>
        <time>2026-05-30T10:00:50.000Z</time>
        <extensions>
          <ns3:TrackPointExtension>
            <ns3:hr>154</ns3:hr>
          </ns3:TrackPointExtension>
        </extensions>
      </trkpt>
      <trkpt lat="52.00357957743108272552490234375" lon="5.8058243058621883392333984375">
        <ele>21.3999996185302734375</ele>
        <time>2026-05-30T10:00:59.000Z</time>
        <extensions>
          <ns3:TrackPointExtension>
            <ns3:hr>156</ns3:hr>
          </ns3:TrackPointExtension>
        </extensions>
      </trkpt>
      <trkpt lat="52.0036043040454387664794921875" lon="5.80580762587487697601318359375">
        <ele>21.3999996185302734375</ele>
        <time>2026-05-30T10:01:02.000Z</time>
        <extensions>
          <ns3:TrackPointExtension>
            <ns3:hr>159</ns3:hr>
          </ns3:TrackPointExtension>
        </extensions>
      </trkpt>
      <trkpt lat="52.0035915635526180267333984375" lon="5.80582455731928348541259765625">
        <ele>21.3999996185302734375</ele>
        <time>2026-05-30T10:01:07.000Z</time>
        <extensions>
          <ns3:TrackPointExtension>
            <ns3:hr>161</ns3:hr>
          </ns3:TrackPointExtension>
        </extensions>
      </trkpt>
      <trkpt lat="52.00359432958066463470458984375" lon="5.80581533722579479217529296875">
        <ele>21.3999996185302734375</ele>
        <time>2026-05-30T10:01:14.000Z</time>
        <extensions>
          <ns3:TrackPointExtension>
            <ns3:hr>158</ns3:hr>
          </ns3:TrackPointExtension>
        </extensions>
      </trkpt>
      <trkpt lat="52.003602124750614166259765625" lon="5.8058045245707035064697265625">
        <ele>21.3999996185302734375</ele>
        <time>2026-05-30T10:01:17.000Z</time>
        <extensions>
          <ns3:TrackPointExtension>
            <ns3:hr>157</ns3:hr>
          </ns3:TrackPointExtension>
        </extensions>
      </trkpt>
      <trkpt lat="52.00358628295361995697021484375" lon="5.80577761866152286529541015625">
        <ele>21.3999996185302734375</ele>
        <time>2026-05-30T10:01:27.000Z</time>
        <extensions>
          <ns3:TrackPointExtension>
            <ns3:hr>156</ns3:hr>
          </ns3:TrackPointExtension>
        </extensions>
      </trkpt>
      <trkpt lat="52.003585360944271087646484375" lon="5.80587401054799556732177734375">
        <ele>21.200000762939453125</ele>
        <time>2026-05-30T10:01:34.000Z</time>
        <extensions>
          <ns3:TrackPointExtension>
            <ns3:hr>155</ns3:hr>
          </ns3:TrackPointExtension>
        </extensions>
      </trkpt>
      <trkpt lat="52.00356449000537395477294921875" lon="5.80603678710758686065673828125">
        <ele>21.200000762939453125</ele>
        <time>2026-05-30T10:01:41.000Z</time>
        <extensions>
          <ns3:TrackPointExtension>
            <ns3:hr>155</ns3:hr>
          </ns3:TrackPointExtension>
        </extensions>
      </trkpt>
      <trkpt lat="52.00358712114393711090087890625" lon="5.8060853183269500732421875">
        <ele>21.200000762939453125</ele>
        <time>2026-05-30T10:01:50.000Z</time>
        <extensions>
          <ns3:TrackPointExtension>
            <ns3:hr>156</ns3:hr>
          </ns3:TrackPointExtension>
        </extensions>
      </trkpt>
      <trkpt lat="52.00353808701038360595703125" lon="5.8062638528645038604736328125">
        <ele>21.3999996185302734375</ele>
        <time>2026-05-30T10:02:01.000Z</time>
        <extensions>
          <ns3:TrackPointExtension>
            <ns3:hr>155</ns3:hr>
          </ns3:TrackPointExtension>
        </extensions>
      </trkpt>
      <trkpt lat="52.0035275258123874664306640625" lon="5.80646661110222339630126953125">
        <ele>21.6000003814697265625</ele>
        <time>2026-05-30T10:02:10.000Z</time>
        <extensions>
          <ns3:TrackPointExtension>
            <ns3:hr>155</ns3:hr>
          </ns3:TrackPointExtension>
        </extensions>
      </trkpt>
      <trkpt lat="52.003522329032421112060546875" lon="5.8064898289740085601806640625">
        <ele>21.6000003814697265625</ele>
        <time>2026-05-30T10:02:12.000Z</time>
        <extensions>
          <ns3:TrackPointExtension>
            <ns3:hr>155</ns3:hr>
          </ns3:TrackPointExtension>
        </extensions>
      </trkpt>
      <trkpt lat="52.003500200808048248291015625" lon="5.80658060498535633087158203125">
        <ele>21.6000003814697265625</ele>
        <time>2026-05-30T10:02:16.000Z</time>
        <extensions>
          <ns3:TrackPointExtension>
            <ns3:hr>155</ns3:hr>
          </ns3:TrackPointExtension>
        </extensions>
      </trkpt>
      <trkpt lat="52.0034504123032093048095703125" lon="5.80674237571656703948974609375">
        <ele>21.6000003814697265625</ele>
        <time>2026-05-30T10:02:22.000Z</time>
        <extensions>
          <ns3:TrackPointExtension>
            <ns3:hr>156</ns3:hr>
          </ns3:TrackPointExtension>
        </extensions>
      </trkpt>
      <trkpt lat="52.00343071483075618743896484375" lon="5.8068552799522876739501953125">
        <ele>21.799999237060546875</ele>
        <time>2026-05-30T10:02:28.000Z</time>
        <extensions>
          <ns3:TrackPointExtension>
            <ns3:hr>156</ns3:hr>
          </ns3:TrackPointExtension>
        </extensions>
      </trkpt>
      <trkpt lat="52.0034111849963665008544921875" lon="5.80698997713625431060791015625">
        <ele>21.6000003814697265625</ele>
        <time>2026-05-30T10:02:36.000Z</time>
        <extensions>
          <ns3:TrackPointExtension>
            <ns3:hr>155</ns3:hr>
          </ns3:TrackPointExtension>
        </extensions>
      </trkpt>
      <trkpt lat="52.00337824411690235137939453125" lon="5.8071711100637912750244140625">
        <ele>21.799999237060546875</ele>
        <time>2026-05-30T10:02:46.000Z</time>
        <extensions>
          <ns3:TrackPointExtension>
            <ns3:hr>157</ns3:hr>
          </ns3:TrackPointExtension>
        </extensions>
      </trkpt>
      <trkpt lat="52.00335762463510036468505859375" lon="5.8072985149919986724853515625">
        <ele>21.799999237060546875</ele>
        <time>2026-05-30T10:02:54.000Z</time>
        <extensions>
          <ns3:TrackPointExtension>
            <ns3:hr>157</ns3:hr>
          </ns3:TrackPointExtension>
        </extensions>
      </trkpt>
      <trkpt lat="52.0033545233309268951416015625" lon="5.80734394490718841552734375">
        <ele>22.3999996185302734375</ele>
        <time>2026-05-30T10:02:57.000Z</time>
        <extensions>
          <ns3:TrackPointExtension>
            <ns3:hr>159</ns3:hr>
          </ns3:TrackPointExtension>
        </extensions>
      </trkpt>
      <trkpt lat="52.0033414475619792938232421875" lon="5.8074416778981685638427734375">
        <ele>22</ele>
        <time>2026-05-30T10:03:01.000Z</time>
        <extensions>
          <ns3:TrackPointExtension>
            <ns3:hr>159</ns3:hr>
          </ns3:TrackPointExtension>
        </extensions>
      </trkpt>
      <trkpt lat="52.00329710729420185089111328125" lon="5.8075865171849727630615234375">
        <ele>22.3999996185302734375</ele>
        <time>2026-05-30T10:03:10.000Z</time>
        <extensions>
          <ns3:TrackPointExtension>
            <ns3:hr>158</ns3:hr>
          </ns3:TrackPointExtension>
        </extensions>
      </trkpt>
      <trkpt lat="52.0032750628888607025146484375" lon="5.80770981498062610626220703125">
        <ele>22.200000762939453125</ele>
        <time>2026-05-30T10:03:16.000Z</time>
        <extensions>
          <ns3:TrackPointExtension>
            <ns3:hr>158</ns3:hr>
          </ns3:TrackPointExtension>
        </extensions>
      </trkpt>
      <trkpt lat="52.00325335375964641571044921875" lon="5.80785934813320636749267578125">
        <ele>22</ele>
        <time>2026-05-30T10:03:25.000Z</time>
        <extensions>
          <ns3:TrackPointExtension>
            <ns3:hr>160</ns3:hr>
          </ns3:TrackPointExtension>
        </extensions>
      </trkpt>
      <trkpt lat="52.00323508121073246002197265625" lon="5.80801391042768955230712890625">
        <ele>22.200000762939453125</ele>
        <time>2026-05-30T10:03:33.000Z</time>
        <extensions>
          <ns3:TrackPointExtension>
            <ns3:hr>159</ns3:hr>
          </ns3:TrackPointExtension>
        </extensions>
      </trkpt>
      <trkpt lat="52.0031966082751750946044921875" lon="5.80818439833819866180419921875">
        <ele>22.3999996185302734375</ele>
        <time>2026-05-30T10:03:43.000Z</time>
        <extensions>
          <ns3:TrackPointExtension>
            <ns3:hr>160</ns3:hr>
          </ns3:TrackPointExtension>
        </extensions>
      </trkpt>
      <trkpt lat="52.00318763963878154754638671875" lon="5.80824910663068294525146484375">
        <ele>22.3999996185302734375</ele>
        <time>2026-05-30T10:03:47.000Z</time>
        <extensions>
          <ns3:TrackPointExtension>
            <ns3:hr>163</ns3:hr>
          </ns3:TrackPointExtension>
        </extensions>
      </trkpt>
      <trkpt lat="52.00316651724278926849365234375" lon="5.80833359621465206146240234375">
        <ele>22.3999996185302734375</ele>
        <time>2026-05-30T10:03:52.000Z</time>
        <extensions>
          <ns3:TrackPointExtension>
            <ns3:hr>162</ns3:hr>
          </ns3:TrackPointExtension>
        </extensions>
      </trkpt>
      <trkpt lat="52.0031278766691684722900390625" lon="5.80846049822866916656494140625">
        <ele>22.799999237060546875</ele>
        <time>2026-05-30T10:03:59.000Z</time>
        <extensions>
          <ns3:TrackPointExtension>
            <ns3:hr>159</ns3:hr>
          </ns3:TrackPointExtension>
        </extensions>
      </trkpt>
      <trkpt lat="52.00312142260372638702392578125" lon="5.80849486403167247772216796875">
        <ele>22.799999237060546875</ele>
        <time>2026-05-30T10:04:01.000Z</time>
        <extensions>
          <ns3:TrackPointExtension>
            <ns3:hr>159</ns3:hr>
          </ns3:TrackPointExtension>
        </extensions>
      </trkpt>
      <trkpt lat="52.0030975341796875" lon="5.8086537010967731475830078125">
        <ele>23</ele>
        <time>2026-05-30T10:04:10.000Z</time>
        <extensions>
          <ns3:TrackPointExtension>
            <ns3:hr>160</ns3:hr>
          </ns3:TrackPointExtension>
        </extensions>
      </trkpt>
      <trkpt lat="52.00307833962142467498779296875" lon="5.80879141576588153839111328125">
        <ele>23</ele>
        <time>2026-05-30T10:04:18.000Z</time>
        <extensions>
          <ns3:TrackPointExtension>
            <ns3:hr>161</ns3:hr>
          </ns3:TrackPointExtension>
        </extensions>
      </trkpt>
      <trkpt lat="52.00306207872927188873291015625" lon="5.80889317207038402557373046875">
        <ele>23.3999996185302734375</ele>
        <time>2026-05-30T10:04:23.000Z</time>
        <extensions>
          <ns3:TrackPointExtension>
            <ns3:hr>161</ns3:hr>
          </ns3:TrackPointExtension>
        </extensions>
      </trkpt>
      <trkpt lat="52.0030588097870349884033203125" lon="5.80895301885902881622314453125">
        <ele>23.6000003814697265625</ele>
        <time>2026-05-30T10:04:28.000Z</time>
        <extensions>
          <ns3:TrackPointExtension>
            <ns3:hr>160</ns3:hr>
          </ns3:TrackPointExtension>
        </extensions>
      </trkpt>
      <trkpt lat="52.00303626246750354766845703125" lon="5.80907572992146015167236328125">
        <ele>23.6000003814697265625</ele>
        <time>2026-05-30T10:04:36.000Z</time>
        <extensions>
          <ns3:TrackPointExtension>
            <ns3:hr>161</ns3:hr>
          </ns3:TrackPointExtension>
        </extensions>
      </trkpt>
      <trkpt lat="52.00299334712326526641845703125" lon="5.809302292764186859130859375">
        <ele>23.6000003814697265625</ele>
        <time>2026-05-30T10:04:48.000Z</time>
        <extensions>
          <ns3:TrackPointExtension>
            <ns3:hr>162</ns3:hr>
          </ns3:TrackPointExtension>
        </extensions>
      </trkpt>
      <trkpt lat="52.0029495097696781158447265625" lon="5.80948376096785068511962890625">
        <ele>24</ele>
        <time>2026-05-30T10:04:59.000Z</time>
        <extensions>
          <ns3:TrackPointExtension>
            <ns3:hr>161</ns3:hr>
          </ns3:TrackPointExtension>
        </extensions>
      </trkpt>
      <trkpt lat="52.0029337517917156219482421875" lon="5.80954394303262233734130859375">
        <ele>24.200000762939453125</ele>
        <time>2026-05-30T10:05:03.000Z</time>
        <extensions>
          <ns3:TrackPointExtension>
            <ns3:hr>164</ns3:hr>
          </ns3:TrackPointExtension>
        </extensions>
      </trkpt>
      <trkpt lat="52.00292176567018032073974609375" lon="5.80960831604897975921630859375">
        <ele>24.200000762939453125</ele>
        <time>2026-05-30T10:05:06.000Z</time>
        <extensions>
          <ns3:TrackPointExtension>
            <ns3:hr>163</ns3:hr>
          </ns3:TrackPointExtension>
        </extensions>
      </trkpt>
      <trkpt lat="52.00285890139639377593994140625" lon="5.8098560012876987457275390625">
        <ele>24.3999996185302734375</ele>
        <time>2026-05-30T10:05:18.000Z</time>
        <extensions>
          <ns3:TrackPointExtension>
            <ns3:hr>162</ns3:hr>
          </ns3:TrackPointExtension>
        </extensions>
      </trkpt>
      <trkpt lat="52.00285303406417369842529296875" lon="5.80990813672542572021484375">
        <ele>24.3999996185302734375</ele>
        <time>2026-05-30T10:05:22.000Z</time>
        <extensions>
          <ns3:TrackPointExtension>
            <ns3:hr>163</ns3:hr>
          </ns3:TrackPointExtension>
        </extensions>
      </trkpt>
      <trkpt lat="52.0028438977897167205810546875" lon="5.8100206218659877777099609375">
        <ele>24.6000003814697265625</ele>
        <time>2026-05-30T10:05:29.000Z</time>
        <extensions>
          <ns3:TrackPointExtension>
            <ns3:hr>164</ns3:hr>
          </ns3:TrackPointExtension>
        </extensions>
      </trkpt>
      <trkpt lat="52.002804838120937347412109375" lon="5.81020988523960113525390625">
        <ele>24.6000003814697265625</ele>
        <time>2026-05-30T10:05:39.000Z</time>
        <extensions>
          <ns3:TrackPointExtension>
            <ns3:hr>164</ns3:hr>
          </ns3:TrackPointExtension>
        </extensions>
      </trkpt>
      <trkpt lat="52.0027647726237773895263671875" lon="5.8103927783668041229248046875">
        <ele>24.799999237060546875</ele>
        <time>2026-05-30T10:05:49.000Z</time>
        <extensions>
          <ns3:TrackPointExtension>
            <ns3:hr>163</ns3:hr>
          </ns3:TrackPointExtension>
        </extensions>
      </trkpt>
      <trkpt lat="52.0027510263025760650634765625" lon="5.8105627633631229400634765625">
        <ele>24.799999237060546875</ele>
        <time>2026-05-30T10:05:59.000Z</time>
        <extensions>
          <ns3:TrackPointExtension>
            <ns3:hr>163</ns3:hr>
          </ns3:TrackPointExtension>
        </extensions>
      </trkpt>
      <trkpt lat="52.002747170627117156982421875" lon="5.8106774277985095977783203125">
        <ele>25</ele>
        <time>2026-05-30T10:06:07.000Z</time>
        <extensions>
          <ns3:TrackPointExtension>
            <ns3:hr>160</ns3:hr>
          </ns3:TrackPointExtension>
        </extensions>
      </trkpt>
      <trkpt lat="52.00274541042745113372802734375" lon="5.81069913692772388458251953125">
        <ele>25</ele>
        <time>2026-05-30T10:06:08.000Z</time>
        <extensions>
          <ns3:TrackPointExtension>
            <ns3:hr>159</ns3:hr>
          </ns3:TrackPointExtension>
        </extensions>
      </trkpt>
      <trkpt lat="52.00272680260241031646728515625" lon="5.8108031563460826873779296875">
        <ele>25.6000003814697265625</ele>
        <time>2026-05-30T10:06:15.000Z</time>
        <extensions>
          <ns3:TrackPointExtension>
            <ns3:hr>158</ns3:hr>
          </ns3:TrackPointExtension>
        </extensions>
      </trkpt>
      <trkpt lat="52.00271490029990673065185546875" lon="5.81086543388664722442626953125">
        <ele>25.3999996185302734375</ele>
        <time>2026-05-30T10:06:18.000Z</time>
        <extensions>
          <ns3:TrackPointExtension>
            <ns3:hr>157</ns3:hr>
          </ns3:TrackPointExtension>
        </extensions>
      </trkpt>
      <trkpt lat="52.00267651118338108062744140625" lon="5.81104866228997707366943359375">
        <ele>24.799999237060546875</ele>
        <time>2026-05-30T10:06:28.000Z</time>
        <extensions>
          <ns3:TrackPointExtension>
            <ns3:hr>158</ns3:hr>
          </ns3:TrackPointExtension>
        </extensions>
      </trkpt>
      <trkpt lat="52.0026584900915622711181640625" lon="5.81119484268128871917724609375">
        <ele>24.799999237060546875</ele>
        <time>2026-05-30T10:06:38.000Z</time>
        <extensions>
          <ns3:TrackPointExtension>
            <ns3:hr>160</ns3:hr>
          </ns3:TrackPointExtension>
        </extensions>
      </trkpt>
      <trkpt lat="52.0025984756648540496826171875" lon="5.8113707788288593292236328125">
        <ele>24.6000003814697265625</ele>
        <time>2026-05-30T10:06:47.000Z</time>
        <extensions>
          <ns3:TrackPointExtension>
            <ns3:hr>160</ns3:hr>
          </ns3:TrackPointExtension>
        </extensions>
      </trkpt>
      <trkpt lat="52.00256100855767726898193359375" lon="5.81154855899512767791748046875">
        <ele>24.799999237060546875</ele>
        <time>2026-05-30T10:06:58.000Z</time>
        <extensions>
          <ns3:TrackPointExtension>
            <ns3:hr>159</ns3:hr>
          </ns3:TrackPointExtension>
        </extensions>
      </trkpt>
      <trkpt lat="52.0025364495813846588134765625" lon="5.81170999445021152496337890625">
        <ele>24.6000003814697265625</ele>
        <time>2026-05-30T10:07:08.000Z</time>
        <extensions>
          <ns3:TrackPointExtension>
            <ns3:hr>159</ns3:hr>
          </ns3:TrackPointExtension>
        </extensions>
      </trkpt>
      <trkpt lat="52.00253427028656005859375" lon="5.8117234893143177032470703125">
        <ele>24.6000003814697265625</ele>
        <time>2026-05-30T10:07:09.000Z</time>
        <extensions>
          <ns3:TrackPointExtension>
            <ns3:hr>159</ns3:hr>
          </ns3:TrackPointExtension>
        </extensions>
      </trkpt>
      <trkpt lat="52.002504765987396240234375" lon="5.8118730224668979644775390625">
        <ele>24.6000003814697265625</ele>
        <time>2026-05-30T10:07:17.000Z</time>
        <extensions>
          <ns3:TrackPointExtension>
            <ns3:hr>160</ns3:hr>
          </ns3:TrackPointExtension>
        </extensions>
      </trkpt>
      <trkpt lat="52.00248305685818195343017578125" lon="5.8120185323059558868408203125">
        <ele>24.6000003814697265625</ele>
        <time>2026-05-30T10:07:25.000Z</time>
        <extensions>
          <ns3:TrackPointExtension>
            <ns3:hr>161</ns3:hr>
          </ns3:TrackPointExtension>
        </extensions>
      </trkpt>
      <trkpt lat="52.00247056782245635986328125" lon="5.81211769022047519683837890625">
        <ele>24.6000003814697265625</ele>
        <time>2026-05-30T10:07:33.000Z</time>
        <extensions>
          <ns3:TrackPointExtension>
            <ns3:hr>159</ns3:hr>
          </ns3:TrackPointExtension>
        </extensions>
      </trkpt>
      <trkpt lat="52.00243704020977020263671875" lon="5.8122827298939228057861328125">
        <ele>24.3999996185302734375</ele>
        <time>2026-05-30T10:07:42.000Z</time>
        <extensions>
          <ns3:TrackPointExtension>
            <ns3:hr>158</ns3:hr>
          </ns3:TrackPointExtension>
        </extensions>
      </trkpt>
      <trkpt lat="52.0024224556982517242431640625" lon="5.812455229461193084716796875">
        <ele>24</ele>
        <time>2026-05-30T10:07:51.000Z</time>
        <extensions>
          <ns3:TrackPointExtension>
            <ns3:hr>157</ns3:hr>
          </ns3:TrackPointExtension>
        </extensions>
      </trkpt>
      <trkpt lat="52.0023989863693714141845703125" lon="5.81258833408355712890625">
        <ele>23.799999237060546875</ele>
        <time>2026-05-30T10:08:00.000Z</time>
        <extensions>
          <ns3:TrackPointExtension>
            <ns3:hr>156</ns3:hr>
          </ns3:TrackPointExtension>
        </extensions>
      </trkpt>
      <trkpt lat="52.00236260890960693359375" lon="5.8127316646277904510498046875">
        <ele>23.799999237060546875</ele>
        <time>2026-05-30T10:08:07.000Z</time>
        <extensions>
          <ns3:TrackPointExtension>
            <ns3:hr>156</ns3:hr>
          </ns3:TrackPointExtension>
        </extensions>
      </trkpt>
      <trkpt lat="52.00240829028189182281494140625" lon="5.81285881809890270233154296875">
        <ele>23.799999237060546875</ele>
        <time>2026-05-30T10:08:15.000Z</time>
        <extensions>
          <ns3:TrackPointExtension>
            <ns3:hr>156</ns3:hr>
          </ns3:TrackPointExtension>
        </extensions>
      </trkpt>
      <trkpt lat="52.0025019161403179168701171875" lon="5.81289133988320827484130859375">
        <ele>23.799999237060546875</ele>
        <time>2026-05-30T10:08:24.000Z</time>
        <extensions>
          <ns3:TrackPointExtension>
            <ns3:hr>157</ns3:hr>
          </ns3:TrackPointExtension>
        </extensions>
      </trkpt>
      <trkpt lat="52.00259990058839321136474609375" lon="5.8129274658858776092529296875">
        <ele>24.200000762939453125</ele>
        <time>2026-05-30T10:08:33.000Z</time>
        <extensions>
          <ns3:TrackPointExtension>
            <ns3:hr>156</ns3:hr>
          </ns3:TrackPointExtension>
        </extensions>
      </trkpt>
      <trkpt lat="52.00268237851560115814208984375" lon="5.81295956857502460479736328125">
        <ele>24</ele>
        <time>2026-05-30T10:08:39.000Z</time>
        <extensions>
          <ns3:TrackPointExtension>
            <ns3:hr>159</ns3:hr>
          </ns3:TrackPointExtension>
        </extensions>
      </trkpt>
      <trkpt lat="52.00274683535099029541015625" lon="5.8129764162003993988037109375">
        <ele>24</ele>
        <time>2026-05-30T10:08:43.000Z</time>
        <extensions>
          <ns3:TrackPointExtension>
            <ns3:hr>160</ns3:hr>
          </ns3:TrackPointExtension>
        </extensions>
      </trkpt>
      <trkpt lat="52.002816237509250640869140625" lon="5.8130228519439697265625">
        <ele>24.200000762939453125</ele>
        <time>2026-05-30T10:08:52.000Z</time>
        <extensions>
          <ns3:TrackPointExtension>
            <ns3:hr>162</ns3:hr>
          </ns3:TrackPointExtension>
        </extensions>
      </trkpt>
      <trkpt lat="52.00289276428520679473876953125" lon="5.81306107342243194580078125">
        <ele>24.3999996185302734375</ele>
        <time>2026-05-30T10:09:01.000Z</time>
        <extensions>
          <ns3:TrackPointExtension>
            <ns3:hr>164</ns3:hr>
          </ns3:TrackPointExtension>
        </extensions>
      </trkpt>
      <trkpt lat="52.00304430909454822540283203125" lon="5.81314380280673503875732421875">
        <ele>24.799999237060546875</ele>
        <time>2026-05-30T10:09:14.000Z</time>
        <extensions>
          <ns3:TrackPointExtension>
            <ns3:hr>165</ns3:hr>
          </ns3:TrackPointExtension>
        </extensions>
      </trkpt>
      <trkpt lat="52.00314690358936786651611328125" lon="5.813177414238452911376953125">
        <ele>25.200000762939453125</ele>
        <time>2026-05-30T10:09:23.000Z</time>
        <extensions>
          <ns3:TrackPointExtension>
            <ns3:hr>167</ns3:hr>
          </ns3:TrackPointExtension>
        </extensions>
      </trkpt>
      <trkpt lat="52.00316970236599445343017578125" lon="5.813145227730274200439453125">
        <ele>25.3999996185302734375</ele>
        <time>2026-05-30T10:09:26.000Z</time>
        <extensions>
          <ns3:TrackPointExtension>
            <ns3:hr>168</ns3:hr>
          </ns3:TrackPointExtension>
        </extensions>
      </trkpt>
      <trkpt lat="52.0031795091927051544189453125" lon="5.81309066154062747955322265625">
        <ele>25.3999996185302734375</ele>
        <time>2026-05-30T10:09:29.000Z</time>
        <extensions>
          <ns3:TrackPointExtension>
            <ns3:hr>167</ns3:hr>
          </ns3:TrackPointExtension>
        </extensions>
      </trkpt>
      <trkpt lat="52.003216557204723358154296875" lon="5.81291967071592807769775390625">
        <ele>25</ele>
        <time>2026-05-30T10:09:39.000Z</time>
        <extensions>
          <ns3:TrackPointExtension>
            <ns3:hr>166</ns3:hr>
          </ns3:TrackPointExtension>
        </extensions>
      </trkpt>
      <trkpt lat="52.00324815697968006134033203125" lon="5.81276108510792255401611328125">
        <ele>25</ele>
        <time>2026-05-30T10:09:49.000Z</time>
        <extensions>
          <ns3:TrackPointExtension>
            <ns3:hr>165</ns3:hr>
          </ns3:TrackPointExtension>
        </extensions>
      </trkpt>
      <trkpt lat="52.0033139549195766448974609375" lon="5.8126971311867237091064453125">
        <ele>25</ele>
        <time>2026-05-30T10:09:59.000Z</time>
        <extensions>
          <ns3:TrackPointExtension>
            <ns3:hr>165</ns3:hr>
          </ns3:TrackPointExtension>
        </extensions>
      </trkpt>
      <trkpt lat="52.0034556090831756591796875" lon="5.81274147145450115203857421875">
        <ele>25.200000762939453125</ele>
        <time>2026-05-30T10:10:08.000Z</time>
        <extensions>
          <ns3:TrackPointExtension>
            <ns3:hr>165</ns3:hr>
          </ns3:TrackPointExtension>
        </extensions>
      </trkpt>
      <trkpt lat="52.0035573653876781463623046875" lon="5.81283174455165863037109375">
        <ele>25.3999996185302734375</ele>
        <time>2026-05-30T10:10:19.000Z</time>
        <extensions>
          <ns3:TrackPointExtension>
            <ns3:hr>165</ns3:hr>
          </ns3:TrackPointExtension>
        </extensions>
      </trkpt>
      <trkpt lat="52.003608830273151397705078125" lon="5.81286661326885223388671875">
        <ele>25.6000003814697265625</ele>
        <time>2026-05-30T10:10:25.000Z</time>
        <extensions>
          <ns3:TrackPointExtension>
            <ns3:hr>165</ns3:hr>
          </ns3:TrackPointExtension>
        </extensions>
      </trkpt>
      <trkpt lat="52.003637664020061492919921875" lon="5.81288631074130535125732421875">
        <ele>25.6000003814697265625</ele>
        <time>2026-05-30T10:10:28.000Z</time>
        <extensions>
          <ns3:TrackPointExtension>
            <ns3:hr>165</ns3:hr>
          </ns3:TrackPointExtension>
        </extensions>
      </trkpt>
      <trkpt lat="52.0037417672574520111083984375" lon="5.81292721442878246307373046875">
        <ele>26</ele>
        <time>2026-05-30T10:10:37.000Z</time>
        <extensions>
          <ns3:TrackPointExtension>
            <ns3:hr>168</ns3:hr>
          </ns3:TrackPointExtension>
        </extensions>
      </trkpt>
      <trkpt lat="52.0037840120494365692138671875" lon="5.81294263713061809539794921875">
        <ele>26.200000762939453125</ele>
        <time>2026-05-30T10:10:40.000Z</time>
        <extensions>
          <ns3:TrackPointExtension>
            <ns3:hr>167</ns3:hr>
          </ns3:TrackPointExtension>
        </extensions>
      </trkpt>
      <trkpt lat="52.00383639894425868988037109375" lon="5.81297147087752819061279296875">
        <ele>26.6000003814697265625</ele>
        <time>2026-05-30T10:10:44.000Z</time>
        <extensions>
          <ns3:TrackPointExtension>
            <ns3:hr>168</ns3:hr>
          </ns3:TrackPointExtension>
        </extensions>
      </trkpt>
      <trkpt lat="52.0038926415145397186279296875" lon="5.81300348974764347076416015625">
        <ele>27</ele>
        <time>2026-05-30T10:10:50.000Z</time>
        <extensions>
          <ns3:TrackPointExtension>
            <ns3:hr>169</ns3:hr>
          </ns3:TrackPointExtension>
        </extensions>
      </trkpt>
      <trkpt lat="52.003988362848758697509765625" lon="5.8130451478064060211181640625">
        <ele>27.799999237060546875</ele>
        <time>2026-05-30T10:10:59.000Z</time>
        <extensions>
          <ns3:TrackPointExtension>
            <ns3:hr>171</ns3:hr>
          </ns3:TrackPointExtension>
        </extensions>
      </trkpt>
      <trkpt lat="52.00400722213089466094970703125" lon="5.813050009310245513916015625">
        <ele>28.200000762939453125</ele>
        <time>2026-05-30T10:11:01.000Z</time>
        <extensions>
          <ns3:TrackPointExtension>
            <ns3:hr>171</ns3:hr>
          </ns3:TrackPointExtension>
        </extensions>
      </trkpt>
      <trkpt lat="52.0040993392467498779296875" lon="5.813088230788707733154296875">
        <ele>28.200000762939453125</ele>
        <time>2026-05-30T10:11:10.000Z</time>
        <extensions>
          <ns3:TrackPointExtension>
            <ns3:hr>173</ns3:hr>
          </ns3:TrackPointExtension>
        </extensions>
      </trkpt>
      <trkpt lat="52.0042155124247074127197265625" lon="5.813166014850139617919921875">
        <ele>28.200000762939453125</ele>
        <time>2026-05-30T10:11:19.000Z</time>
        <extensions>
          <ns3:TrackPointExtension>
            <ns3:hr>173</ns3:hr>
          </ns3:TrackPointExtension>
        </extensions>
      </trkpt>
      <trkpt lat="52.00431190431118011474609375" lon="5.8132114447653293609619140625">
        <ele>28.200000762939453125</ele>
        <time>2026-05-30T10:11:28.000Z</time>
        <extensions>
          <ns3:TrackPointExtension>
            <ns3:hr>173</ns3:hr>
          </ns3:TrackPointExtension>
        </extensions>
      </trkpt>
      <trkpt lat="52.004390023648738861083984375" lon="5.8132758177816867828369140625">
        <ele>28.6000003814697265625</ele>
        <time>2026-05-30T10:11:38.000Z</time>
        <extensions>
          <ns3:TrackPointExtension>
            <ns3:hr>171</ns3:hr>
          </ns3:TrackPointExtension>
        </extensions>
      </trkpt>
      <trkpt lat="52.00440603308379650115966796875" lon="5.81328101456165313720703125">
        <ele>28.799999237060546875</ele>
        <time>2026-05-30T10:11:39.000Z</time>
        <extensions>
          <ns3:TrackPointExtension>
            <ns3:hr>171</ns3:hr>
          </ns3:TrackPointExtension>
        </extensions>
      </trkpt>
      <trkpt lat="52.00450225733220577239990234375" lon="5.8133398555219173431396484375">
        <ele>28</ele>
        <time>2026-05-30T10:11:47.000Z</time>
        <extensions>
          <ns3:TrackPointExtension>
            <ns3:hr>172</ns3:hr>
          </ns3:TrackPointExtension>
        </extensions>
      </trkpt>
      <trkpt lat="52.00455791316926479339599609375" lon="5.8133696950972080230712890625">
        <ele>28</ele>
        <time>2026-05-30T10:11:52.000Z</time>
        <extensions>
          <ns3:TrackPointExtension>
            <ns3:hr>169</ns3:hr>
          </ns3:TrackPointExtension>
        </extensions>
      </trkpt>
      <trkpt lat="52.004593200981616973876953125" lon="5.813395678997039794921875">
        <ele>28</ele>
        <time>2026-05-30T10:11:56.000Z</time>
        <extensions>
          <ns3:TrackPointExtension>
            <ns3:hr>169</ns3:hr>
          </ns3:TrackPointExtension>
        </extensions>
      </trkpt>
      <trkpt lat="52.00469722039997577667236328125" lon="5.81347371451556682586669921875">
        <ele>28</ele>
        <time>2026-05-30T10:12:06.000Z</time>
        <extensions>
          <ns3:TrackPointExtension>
            <ns3:hr>168</ns3:hr>
          </ns3:TrackPointExtension>
        </extensions>
      </trkpt>
      <trkpt lat="52.0047898404300212860107421875" lon="5.81351662985980510711669921875">
        <ele>28.200000762939453125</ele>
        <time>2026-05-30T10:12:15.000Z</time>
        <extensions>
          <ns3:TrackPointExtension>
            <ns3:hr>168</ns3:hr>
          </ns3:TrackPointExtension>
        </extensions>
      </trkpt>
      <trkpt lat="52.00485899113118648529052734375" lon="5.813565663993358612060546875">
        <ele>28.200000762939453125</ele>
        <time>2026-05-30T10:12:23.000Z</time>
        <extensions>
          <ns3:TrackPointExtension>
            <ns3:hr>167</ns3:hr>
          </ns3:TrackPointExtension>
        </extensions>
      </trkpt>
      <trkpt lat="52.00496636331081390380859375" lon="5.81362710334360599517822265625">
        <ele>28.799999237060546875</ele>
        <time>2026-05-30T10:12:33.000Z</time>
        <extensions>
          <ns3:TrackPointExtension>
            <ns3:hr>167</ns3:hr>
          </ns3:TrackPointExtension>
        </extensions>
      </trkpt>
      <trkpt lat="52.00508060865104198455810546875" lon="5.813705809414386749267578125">
        <ele>28.200000762939453125</ele>
        <time>2026-05-30T10:12:44.000Z</time>
        <extensions>
          <ns3:TrackPointExtension>
            <ns3:hr>167</ns3:hr>
          </ns3:TrackPointExtension>
        </extensions>
      </trkpt>
      <trkpt lat="52.00515353120863437652587890625" lon="5.81377663649618625640869140625">
        <ele>28.6000003814697265625</ele>
        <time>2026-05-30T10:12:53.000Z</time>
        <extensions>
          <ns3:TrackPointExtension>
            <ns3:hr>168</ns3:hr>
          </ns3:TrackPointExtension>
        </extensions>
      </trkpt>
      <trkpt lat="52.00524455867707729339599609375" lon="5.8138957433402538299560546875">
        <ele>28.799999237060546875</ele>
        <time>2026-05-30T10:13:03.000Z</time>
        <extensions>
          <ns3:TrackPointExtension>
            <ns3:hr>168</ns3:hr>
          </ns3:TrackPointExtension>
        </extensions>
      </trkpt>
      <trkpt lat="52.0052679441869258880615234375" lon="5.81401996314525604248046875">
        <ele>29.799999237060546875</ele>
        <time>2026-05-30T10:13:10.000Z</time>
        <extensions>
          <ns3:TrackPointExtension>
            <ns3:hr>167</ns3:hr>
          </ns3:TrackPointExtension>
        </extensions>
      </trkpt>
      <trkpt lat="52.00527087785303592681884765625" lon="5.814041085541248321533203125">
        <ele>29.799999237060546875</ele>
        <time>2026-05-30T10:13:11.000Z</time>
        <extensions>
          <ns3:TrackPointExtension>
            <ns3:hr>166</ns3:hr>
          </ns3:TrackPointExtension>
        </extensions>
      </trkpt>
      <trkpt lat="52.00530272908508777618408203125" lon="5.81416203640401363372802734375">
        <ele>29.6000003814697265625</ele>
        <time>2026-05-30T10:13:20.000Z</time>
        <extensions>
          <ns3:TrackPointExtension>
            <ns3:hr>167</ns3:hr>
          </ns3:TrackPointExtension>
        </extensions>
      </trkpt>
      <trkpt lat="52.00538688339293003082275390625" lon="5.81415700726211071014404296875">
        <ele>29.799999237060546875</ele>
        <time>2026-05-30T10:13:29.000Z</time>
        <extensions>
          <ns3:TrackPointExtension>
            <ns3:hr>168</ns3:hr>
          </ns3:TrackPointExtension>
        </extensions>
      </trkpt>
      <trkpt lat="52.0054758153855800628662109375" lon="5.81416555680334568023681640625">
        <ele>29.799999237060546875</ele>
        <time>2026-05-30T10:13:38.000Z</time>
        <extensions>
          <ns3:TrackPointExtension>
            <ns3:hr>166</ns3:hr>
          </ns3:TrackPointExtension>
        </extensions>
      </trkpt>
      <trkpt lat="52.0055817626416683197021484375" lon="5.81415298394858837127685546875">
        <ele>30</ele>
        <time>2026-05-30T10:13:47.000Z</time>
        <extensions>
          <ns3:TrackPointExtension>
            <ns3:hr>166</ns3:hr>
          </ns3:TrackPointExtension>
        </extensions>
      </trkpt>
      <trkpt lat="52.0056702755391597747802734375" lon="5.814171172678470611572265625">
        <ele>30.200000762939453125</ele>
        <time>2026-05-30T10:13:56.000Z</time>
        <extensions>
          <ns3:TrackPointExtension>
            <ns3:hr>165</ns3:hr>
          </ns3:TrackPointExtension>
        </extensions>
      </trkpt>
      <trkpt lat="52.00575283728539943695068359375" lon="5.8141549117863178253173828125">
        <ele>30.6000003814697265625</ele>
        <time>2026-05-30T10:14:05.000Z</time>
        <extensions>
          <ns3:TrackPointExtension>
            <ns3:hr>165</ns3:hr>
          </ns3:TrackPointExtension>
        </extensions>
      </trkpt>
      <trkpt lat="52.0058737881481647491455078125" lon="5.81415113992989063262939453125">
        <ele>30.799999237060546875</ele>
        <time>2026-05-30T10:14:14.000Z</time>
        <extensions>
          <ns3:TrackPointExtension>
            <ns3:hr>165</ns3:hr>
          </ns3:TrackPointExtension>
        </extensions>
      </trkpt>
      <trkpt lat="52.005894742906093597412109375" lon="5.81414200365543365478515625">
        <ele>30.799999237060546875</ele>
        <time>2026-05-30T10:14:17.000Z</time>
        <extensions>
          <ns3:TrackPointExtension>
            <ns3:hr>165</ns3:hr>
          </ns3:TrackPointExtension>
        </extensions>
      </trkpt>
      <trkpt lat="52.0059441961348056793212890625" lon="5.81415365450084209442138671875">
        <ele>31</ele>
        <time>2026-05-30T10:14:23.000Z</time>
        <extensions>
          <ns3:TrackPointExtension>
            <ns3:hr>165</ns3:hr>
          </ns3:TrackPointExtension>
        </extensions>
      </trkpt>
      <trkpt lat="52.00605877675116062164306640625" lon="5.8141535706818103790283203125">
        <ele>31.6000003814697265625</ele>
        <time>2026-05-30T10:14:32.000Z</time>
        <extensions>
          <ns3:TrackPointExtension>
            <ns3:hr>165</ns3:hr>
          </ns3:TrackPointExtension>
        </extensions>
      </trkpt>
      <trkpt lat="52.00612029992043972015380859375" lon="5.81417628563940525054931640625">
        <ele>31.799999237060546875</ele>
        <time>2026-05-30T10:14:40.000Z</time>
        <extensions>
          <ns3:TrackPointExtension>
            <ns3:hr>166</ns3:hr>
          </ns3:TrackPointExtension>
        </extensions>
      </trkpt>
      <trkpt lat="52.006139494478702545166015625" lon="5.8141773752868175506591796875">
        <ele>32.200000762939453125</ele>
        <time>2026-05-30T10:14:43.000Z</time>
        <extensions>
          <ns3:TrackPointExtension>
            <ns3:hr>165</ns3:hr>
          </ns3:TrackPointExtension>
        </extensions>
      </trkpt>
      <trkpt lat="52.00621954165399074554443359375" lon="5.81417595036327838897705078125">
        <ele>32.200000762939453125</ele>
        <time>2026-05-30T10:14:52.000Z</time>
        <extensions>
          <ns3:TrackPointExtension>
            <ns3:hr>165</ns3:hr>
          </ns3:TrackPointExtension>
        </extensions>
      </trkpt>
      <trkpt lat="52.00630269013345241546630859375" lon="5.81418718211352825164794921875">
        <ele>32.40000152587890625</ele>
        <time>2026-05-30T10:15:01.000Z</time>
        <extensions>
          <ns3:TrackPointExtension>
            <ns3:hr>165</ns3:hr>
          </ns3:TrackPointExtension>
        </extensions>
      </trkpt>
      <trkpt lat="52.00635666958987712860107421875" lon="5.81419271416962146759033203125">
        <ele>33</ele>
        <time>2026-05-30T10:15:07.000Z</time>
        <extensions>
          <ns3:TrackPointExtension>
            <ns3:hr>166</ns3:hr>
          </ns3:TrackPointExtension>
        </extensions>
      </trkpt>
      <trkpt lat="52.0064246468245983123779296875" lon="5.81417997367680072784423828125">
        <ele>33</ele>
        <time>2026-05-30T10:15:12.000Z</time>
        <extensions>
          <ns3:TrackPointExtension>
            <ns3:hr>166</ns3:hr>
          </ns3:TrackPointExtension>
        </extensions>
      </trkpt>
      <trkpt lat="52.0065617747604846954345703125" lon="5.81421920098364353179931640625">
        <ele>33</ele>
        <time>2026-05-30T10:15:22.000Z</time>
        <extensions>
          <ns3:TrackPointExtension>
            <ns3:hr>165</ns3:hr>
          </ns3:TrackPointExtension>
        </extensions>
      </trkpt>
      <trkpt lat="52.0066647045314311981201171875" lon="5.8142752759158611297607421875">
        <ele>33</ele>
        <time>2026-05-30T10:15:33.000Z</time>
        <extensions>
          <ns3:TrackPointExtension>
            <ns3:hr>163</ns3:hr>
          </ns3:TrackPointExtension>
        </extensions>
      </trkpt>
      <trkpt lat="52.0067575760185718536376953125" lon="5.8142779581248760223388671875">
        <ele>33</ele>
        <time>2026-05-30T10:15:43.000Z</time>
        <extensions>
          <ns3:TrackPointExtension>
            <ns3:hr>163</ns3:hr>
          </ns3:TrackPointExtension>
        </extensions>
      </trkpt>
      <trkpt lat="52.006865032017230987548828125" lon="5.8143116533756256103515625">
        <ele>33</ele>
        <time>2026-05-30T10:15:52.000Z</time>
        <extensions>
          <ns3:TrackPointExtension>
            <ns3:hr>162</ns3:hr>
          </ns3:TrackPointExtension>
        </extensions>
      </trkpt>
      <trkpt lat="52.00697802007198333740234375" lon="5.81431056372821331024169921875">
        <ele>32.799999237060546875</ele>
        <time>2026-05-30T10:16:03.000Z</time>
        <extensions>
          <ns3:TrackPointExtension>
            <ns3:hr>161</ns3:hr>
          </ns3:TrackPointExtension>
        </extensions>
      </trkpt>
      <trkpt lat="52.00710014440119266510009765625" lon="5.8142960630357265472412109375">
        <ele>32.799999237060546875</ele>
        <time>2026-05-30T10:16:12.000Z</time>
        <extensions>
          <ns3:TrackPointExtension>
            <ns3:hr>160</ns3:hr>
          </ns3:TrackPointExtension>
        </extensions>
      </trkpt>
      <trkpt lat="52.00718949548900127410888671875" lon="5.81431978382170200347900390625">
        <ele>33.200000762939453125</ele>
        <time>2026-05-30T10:16:20.000Z</time>
        <extensions>
          <ns3:TrackPointExtension>
            <ns3:hr>160</ns3:hr>
          </ns3:TrackPointExtension>
        </extensions>
      </trkpt>
      <trkpt lat="52.00726258568465709686279296875" lon="5.814305283129215240478515625">
        <ele>33.40000152587890625</ele>
        <time>2026-05-30T10:16:29.000Z</time>
        <extensions>
          <ns3:TrackPointExtension>
            <ns3:hr>161</ns3:hr>
          </ns3:TrackPointExtension>
        </extensions>
      </trkpt>
      <trkpt lat="52.0073949359357357025146484375" lon="5.81431508995592594146728515625">
        <ele>33</ele>
        <time>2026-05-30T10:16:39.000Z</time>
        <extensions>
          <ns3:TrackPointExtension>
            <ns3:hr>163</ns3:hr>
          </ns3:TrackPointExtension>
        </extensions>
      </trkpt>
      <trkpt lat="52.0075142942368984222412109375" lon="5.81433386541903018951416015625">
        <ele>33</ele>
        <time>2026-05-30T10:16:49.000Z</time>
        <extensions>
          <ns3:TrackPointExtension>
            <ns3:hr>163</ns3:hr>
          </ns3:TrackPointExtension>
        </extensions>
      </trkpt>
      <trkpt lat="52.0076192356646060943603515625" lon="5.8143319375813007354736328125">
        <ele>33</ele>
        <time>2026-05-30T10:16:59.000Z</time>
        <extensions>
          <ns3:TrackPointExtension>
            <ns3:hr>163</ns3:hr>
          </ns3:TrackPointExtension>
        </extensions>
      </trkpt>
      <trkpt lat="52.007742784917354583740234375" lon="5.814343504607677459716796875">
        <ele>33</ele>
        <time>2026-05-30T10:17:08.000Z</time>
        <extensions>
          <ns3:TrackPointExtension>
            <ns3:hr>163</ns3:hr>
          </ns3:TrackPointExtension>
        </extensions>
      </trkpt>
      <trkpt lat="52.007876224815845489501953125" lon="5.81433872692286968231201171875">
        <ele>33.200000762939453125</ele>
        <time>2026-05-30T10:17:18.000Z</time>
        <extensions>
          <ns3:TrackPointExtension>
            <ns3:hr>163</ns3:hr>
          </ns3:TrackPointExtension>
        </extensions>
      </trkpt>
      <trkpt lat="52.007998265326023101806640625" lon="5.81434241496026515960693359375">
        <ele>33.200000762939453125</ele>
        <time>2026-05-30T10:17:29.000Z</time>
        <extensions>
          <ns3:TrackPointExtension>
            <ns3:hr>164</ns3:hr>
          </ns3:TrackPointExtension>
        </extensions>
      </trkpt>
      <trkpt lat="52.00812843628227710723876953125" lon="5.814342834055423736572265625">
        <ele>33.40000152587890625</ele>
        <time>2026-05-30T10:17:40.000Z</time>
        <extensions>
          <ns3:TrackPointExtension>
            <ns3:hr>164</ns3:hr>
          </ns3:TrackPointExtension>
        </extensions>
      </trkpt>
      <trkpt lat="52.0082234032452106475830078125" lon="5.8143292553722858428955078125">
        <ele>33.40000152587890625</ele>
        <time>2026-05-30T10:17:49.000Z</time>
        <extensions>
          <ns3:TrackPointExtension>
            <ns3:hr>165</ns3:hr>
          </ns3:TrackPointExtension>
        </extensions>
      </trkpt>
      <trkpt lat="52.00835122726857662200927734375" lon="5.81432841718196868896484375">
        <ele>33.59999847412109375</ele>
        <time>2026-05-30T10:18:00.000Z</time>
        <extensions>
          <ns3:TrackPointExtension>
            <ns3:hr>165</ns3:hr>
          </ns3:TrackPointExtension>
        </extensions>
      </trkpt>
      <trkpt lat="52.00845650397241115570068359375" lon="5.81433101557195186614990234375">
        <ele>33.59999847412109375</ele>
        <time>2026-05-30T10:18:09.000Z</time>
        <extensions>
          <ns3:TrackPointExtension>
            <ns3:hr>164</ns3:hr>
          </ns3:TrackPointExtension>
        </extensions>
      </trkpt>
      <trkpt lat="52.00851316563785076141357421875" lon="5.81433688290417194366455078125">
        <ele>34</ele>
        <time>2026-05-30T10:18:14.000Z</time>
        <extensions>
          <ns3:TrackPointExtension>
            <ns3:hr>165</ns3:hr>
          </ns3:TrackPointExtension>
        </extensions>
      </trkpt>
      <trkpt lat="52.008588016033172607421875" lon="5.81434291787445545196533203125">
        <ele>34</ele>
        <time>2026-05-30T10:18:20.000Z</time>
        <extensions>
          <ns3:TrackPointExtension>
            <ns3:hr>164</ns3:hr>
          </ns3:TrackPointExtension>
        </extensions>
      </trkpt>
      <trkpt lat="52.00871349312365055084228515625" lon="5.81436672247946262359619140625">
        <ele>33.799999237060546875</ele>
        <time>2026-05-30T10:18:30.000Z</time>
        <extensions>
          <ns3:TrackPointExtension>
            <ns3:hr>164</ns3:hr>
          </ns3:TrackPointExtension>
        </extensions>
      </trkpt>
      <trkpt lat="52.00886721722781658172607421875" lon="5.81442304886877536773681640625">
        <ele>33.59999847412109375</ele>
        <time>2026-05-30T10:18:42.000Z</time>
        <extensions>
          <ns3:TrackPointExtension>
            <ns3:hr>163</ns3:hr>
          </ns3:TrackPointExtension>
        </extensions>
      </trkpt>
      <trkpt lat="52.00893661938607692718505859375" lon="5.814489014446735382080078125">
        <ele>33.59999847412109375</ele>
        <time>2026-05-30T10:18:52.000Z</time>
        <extensions>
          <ns3:TrackPointExtension>
            <ns3:hr>164</ns3:hr>
          </ns3:TrackPointExtension>
        </extensions>
      </trkpt>
      <trkpt lat="52.00899411924183368682861328125" lon="5.81449278630316257476806640625">
        <ele>33.799999237060546875</ele>
        <time>2026-05-30T10:19:00.000Z</time>
        <extensions>
          <ns3:TrackPointExtension>
            <ns3:hr>162</ns3:hr>
          </ns3:TrackPointExtension>
        </extensions>
      </trkpt>
      <trkpt lat="52.00908782891929149627685546875" lon="5.814501754939556121826171875">
        <ele>34</ele>
        <time>2026-05-30T10:19:09.000Z</time>
        <extensions>
          <ns3:TrackPointExtension>
            <ns3:hr>162</ns3:hr>
          </ns3:TrackPointExtension>
        </extensions>
      </trkpt>
      <trkpt lat="52.0092215202748775482177734375" lon="5.81456235609948635101318359375">
        <ele>33.799999237060546875</ele>
        <time>2026-05-30T10:19:21.000Z</time>
        <extensions>
          <ns3:TrackPointExtension>
            <ns3:hr>162</ns3:hr>
          </ns3:TrackPointExtension>
        </extensions>
      </trkpt>
      <trkpt lat="52.00928128324449062347412109375" lon="5.81461943686008453369140625">
        <ele>34</ele>
        <time>2026-05-30T10:19:26.000Z</time>
        <extensions>
          <ns3:TrackPointExtension>
            <ns3:hr>165</ns3:hr>
          </ns3:TrackPointExtension>
        </extensions>
      </trkpt>
      <trkpt lat="52.0093187503516674041748046875" lon="5.81466369330883026123046875">
        <ele>34</ele>
        <time>2026-05-30T10:19:30.000Z</time>
        <extensions>
          <ns3:TrackPointExtension>
            <ns3:hr>165</ns3:hr>
          </ns3:TrackPointExtension>
        </extensions>
      </trkpt>
      <trkpt lat="52.0093821175396442413330078125" lon="5.8147097937762737274169921875">
        <ele>34</ele>
        <time>2026-05-30T10:19:37.000Z</time>
        <extensions>
          <ns3:TrackPointExtension>
            <ns3:hr>162</ns3:hr>
          </ns3:TrackPointExtension>
        </extensions>
      </trkpt>
      <trkpt lat="52.00939963571727275848388671875" lon="5.81472027115523815155029296875">
        <ele>34</ele>
        <time>2026-05-30T10:19:39.000Z</time>
        <extensions>
          <ns3:TrackPointExtension>
            <ns3:hr>162</ns3:hr>
          </ns3:TrackPointExtension>
        </extensions>
      </trkpt>
      <trkpt lat="52.00947582721710205078125" lon="5.81479872576892375946044921875">
        <ele>34</ele>
        <time>2026-05-30T10:19:48.000Z</time>
        <extensions>
          <ns3:TrackPointExtension>
            <ns3:hr>165</ns3:hr>
          </ns3:TrackPointExtension>
        </extensions>
      </trkpt>
      <trkpt lat="52.009571380913257598876953125" lon="5.81489042378962039947509765625">
        <ele>34</ele>
        <time>2026-05-30T10:19:59.000Z</time>
        <extensions>
          <ns3:TrackPointExtension>
            <ns3:hr>161</ns3:hr>
          </ns3:TrackPointExtension>
        </extensions>
      </trkpt>
      <trkpt lat="52.00965846888720989227294921875" lon="5.8149894140660762786865234375">
        <ele>34.200000762939453125</ele>
        <time>2026-05-30T10:20:07.000Z</time>
        <extensions>
          <ns3:TrackPointExtension>
            <ns3:hr>158</ns3:hr>
          </ns3:TrackPointExtension>
        </extensions>
      </trkpt>
      <trkpt lat="52.00968093238770961761474609375" lon="5.8150135539472103118896484375">
        <ele>34</ele>
        <time>2026-05-30T10:20:09.000Z</time>
        <extensions>
          <ns3:TrackPointExtension>
            <ns3:hr>158</ns3:hr>
          </ns3:TrackPointExtension>
        </extensions>
      </trkpt>
      <trkpt lat="52.00970188714563846588134765625" lon="5.81503224559128284454345703125">
        <ele>34</ele>
        <time>2026-05-30T10:20:11.000Z</time>
        <extensions>
          <ns3:TrackPointExtension>
            <ns3:hr>161</ns3:hr>
          </ns3:TrackPointExtension>
        </extensions>
      </trkpt>
      <trkpt lat="52.0097601413726806640625" lon="5.8150661922991275787353515625">
        <ele>34</ele>
        <time>2026-05-30T10:20:17.000Z</time>
        <extensions>
          <ns3:TrackPointExtension>
            <ns3:hr>160</ns3:hr>
          </ns3:TrackPointExtension>
        </extensions>
      </trkpt>
      <trkpt lat="52.009839601814746856689453125" lon="5.81513785757124423980712890625">
        <ele>33.799999237060546875</ele>
        <time>2026-05-30T10:20:25.000Z</time>
        <extensions>
          <ns3:TrackPointExtension>
            <ns3:hr>159</ns3:hr>
          </ns3:TrackPointExtension>
        </extensions>
      </trkpt>
      <trkpt lat="52.00994865037500858306884765625" lon="5.815235339105129241943359375">
        <ele>34</ele>
        <time>2026-05-30T10:20:36.000Z</time>
        <extensions>
          <ns3:TrackPointExtension>
            <ns3:hr>160</ns3:hr>
          </ns3:TrackPointExtension>
        </extensions>
      </trkpt>
      <trkpt lat="52.0100224949419498443603515625" lon="5.8153220079839229583740234375">
        <ele>34.200000762939453125</ele>
        <time>2026-05-30T10:20:45.000Z</time>
        <extensions>
          <ns3:TrackPointExtension>
            <ns3:hr>159</ns3:hr>
          </ns3:TrackPointExtension>
        </extensions>
      </trkpt>
      <trkpt lat="52.0100565254688262939453125" lon="5.81536215730011463165283203125">
        <ele>35</ele>
        <time>2026-05-30T10:20:51.000Z</time>
        <extensions>
          <ns3:TrackPointExtension>
            <ns3:hr>159</ns3:hr>
          </ns3:TrackPointExtension>
        </extensions>
      </trkpt>
      <trkpt lat="52.0100778155028820037841796875" lon="5.8153845369815826416015625">
        <ele>34.59999847412109375</ele>
        <time>2026-05-30T10:20:55.000Z</time>
        <extensions>
          <ns3:TrackPointExtension>
            <ns3:hr>159</ns3:hr>
          </ns3:TrackPointExtension>
        </extensions>
      </trkpt>
      <trkpt lat="52.01017328538000583648681640625" lon="5.81549651920795440673828125">
        <ele>35.40000152587890625</ele>
        <time>2026-05-30T10:21:06.000Z</time>
        <extensions>
          <ns3:TrackPointExtension>
            <ns3:hr>160</ns3:hr>
          </ns3:TrackPointExtension>
        </extensions>
      </trkpt>
      <trkpt lat="52.01026615686714649200439453125" lon="5.8155959285795688629150390625">
        <ele>34.799999237060546875</ele>
        <time>2026-05-30T10:21:16.000Z</time>
        <extensions>
          <ns3:TrackPointExtension>
            <ns3:hr>164</ns3:hr>
          </ns3:TrackPointExtension>
        </extensions>
      </trkpt>
      <trkpt lat="52.01033773832023143768310546875" lon="5.8156629838049411773681640625">
        <ele>34.799999237060546875</ele>
        <time>2026-05-30T10:21:25.000Z</time>
        <extensions>
          <ns3:TrackPointExtension>
            <ns3:hr>162</ns3:hr>
          </ns3:TrackPointExtension>
        </extensions>
      </trkpt>
      <trkpt lat="52.01039272360503673553466796875" lon="5.8157156221568584442138671875">
        <ele>35.200000762939453125</ele>
        <time>2026-05-30T10:21:31.000Z</time>
        <extensions>
          <ns3:TrackPointExtension>
            <ns3:hr>159</ns3:hr>
          </ns3:TrackPointExtension>
        </extensions>
      </trkpt>
      <trkpt lat="52.01041284017264842987060546875" lon="5.81573800183832645416259765625">
        <ele>35</ele>
        <time>2026-05-30T10:21:33.000Z</time>
        <extensions>
          <ns3:TrackPointExtension>
            <ns3:hr>159</ns3:hr>
          </ns3:TrackPointExtension>
        </extensions>
      </trkpt>
      <trkpt lat="52.01053672470152378082275390625" lon="5.8158607967197895050048828125">
        <ele>35</ele>
        <time>2026-05-30T10:21:43.000Z</time>
        <extensions>
          <ns3:TrackPointExtension>
            <ns3:hr>159</ns3:hr>
          </ns3:TrackPointExtension>
        </extensions>
      </trkpt>
      <trkpt lat="52.0106561668217182159423828125" lon="5.81597940064966678619384765625">
        <ele>34.799999237060546875</ele>
        <time>2026-05-30T10:21:56.000Z</time>
        <extensions>
          <ns3:TrackPointExtension>
            <ns3:hr>160</ns3:hr>
          </ns3:TrackPointExtension>
        </extensions>
      </trkpt>
      <trkpt lat="52.010751552879810333251953125" lon="5.81605131737887859344482421875">
        <ele>34.799999237060546875</ele>
        <time>2026-05-30T10:22:05.000Z</time>
        <extensions>
          <ns3:TrackPointExtension>
            <ns3:hr>160</ns3:hr>
          </ns3:TrackPointExtension>
        </extensions>
      </trkpt>
      <trkpt lat="52.01084014959633350372314453125" lon="5.81615122966468334197998046875">
        <ele>34.799999237060546875</ele>
        <time>2026-05-30T10:22:15.000Z</time>
        <extensions>
          <ns3:TrackPointExtension>
            <ns3:hr>159</ns3:hr>
          </ns3:TrackPointExtension>
        </extensions>
      </trkpt>
      <trkpt lat="52.01089002192020416259765625" lon="5.8162986673414707183837890625">
        <ele>34.799999237060546875</ele>
        <time>2026-05-30T10:22:23.000Z</time>
        <extensions>
          <ns3:TrackPointExtension>
            <ns3:hr>161</ns3:hr>
          </ns3:TrackPointExtension>
        </extensions>
      </trkpt>
      <trkpt lat="52.01089999638497829437255859375" lon="5.81647829152643680572509765625">
        <ele>35</ele>
        <time>2026-05-30T10:22:33.000Z</time>
        <extensions>
          <ns3:TrackPointExtension>
            <ns3:hr>162</ns3:hr>
          </ns3:TrackPointExtension>
        </extensions>
      </trkpt>
      <trkpt lat="52.01089060865342617034912109375" lon="5.816579125821590423583984375">
        <ele>34.799999237060546875</ele>
        <time>2026-05-30T10:22:40.000Z</time>
        <extensions>
          <ns3:TrackPointExtension>
            <ns3:hr>161</ns3:hr>
          </ns3:TrackPointExtension>
        </extensions>
      </trkpt>
      <trkpt lat="52.01089262031018733978271484375" lon="5.81658474169671535491943359375">
        <ele>34.799999237060546875</ele>
        <time>2026-05-30T10:22:42.000Z</time>
        <extensions>
          <ns3:TrackPointExtension>
            <ns3:hr>158</ns3:hr>
          </ns3:TrackPointExtension>
        </extensions>
      </trkpt>
      <trkpt lat="52.01090116985142230987548828125" lon="5.81660133786499500274658203125">
        <ele>35</ele>
        <time>2026-05-30T10:22:46.000Z</time>
        <extensions>
          <ns3:TrackPointExtension>
            <ns3:hr>157</ns3:hr>
          </ns3:TrackPointExtension>
        </extensions>
      </trkpt>
      <trkpt lat="52.010913826525211334228515625" lon="5.81668876111507415771484375">
        <ele>35</ele>
        <time>2026-05-30T10:22:51.000Z</time>
        <extensions>
          <ns3:TrackPointExtension>
            <ns3:hr>160</ns3:hr>
          </ns3:TrackPointExtension>
        </extensions>
      </trkpt>
      <trkpt lat="52.01091826893389225006103515625" lon="5.81672840751707553863525390625">
        <ele>35</ele>
        <time>2026-05-30T10:22:53.000Z</time>
        <extensions>
          <ns3:TrackPointExtension>
            <ns3:hr>161</ns3:hr>
          </ns3:TrackPointExtension>
        </extensions>
      </trkpt>
      <trkpt lat="52.01092623174190521240234375" lon="5.81684030592441558837890625">
        <ele>35.40000152587890625</ele>
        <time>2026-05-30T10:23:01.000Z</time>
        <extensions>
          <ns3:TrackPointExtension>
            <ns3:hr>162</ns3:hr>
          </ns3:TrackPointExtension>
        </extensions>
      </trkpt>
      <trkpt lat="52.0109113119542598724365234375" lon="5.8170322515070438385009765625">
        <ele>35.200000762939453125</ele>
        <time>2026-05-30T10:23:11.000Z</time>
        <extensions>
          <ns3:TrackPointExtension>
            <ns3:hr>162</ns3:hr>
          </ns3:TrackPointExtension>
        </extensions>
      </trkpt>
      <trkpt lat="52.01091558672487735748291015625" lon="5.8171655237674713134765625">
        <ele>36</ele>
        <time>2026-05-30T10:23:19.000Z</time>
        <extensions>
          <ns3:TrackPointExtension>
            <ns3:hr>162</ns3:hr>
          </ns3:TrackPointExtension>
        </extensions>
      </trkpt>
      <trkpt lat="52.01092095114290714263916015625" lon="5.81725093536078929901123046875">
        <ele>35</ele>
        <time>2026-05-30T10:23:24.000Z</time>
        <extensions>
          <ns3:TrackPointExtension>
            <ns3:hr>162</ns3:hr>
          </ns3:TrackPointExtension>
        </extensions>
      </trkpt>
      <trkpt lat="52.01091944240033626556396484375" lon="5.81731514073908329010009765625">
        <ele>35</ele>
        <time>2026-05-30T10:23:27.000Z</time>
        <extensions>
          <ns3:TrackPointExtension>
            <ns3:hr>162</ns3:hr>
          </ns3:TrackPointExtension>
        </extensions>
      </trkpt>
      <trkpt lat="52.010920532047748565673828125" lon="5.81746350042521953582763671875">
        <ele>34.799999237060546875</ele>
        <time>2026-05-30T10:23:35.000Z</time>
        <extensions>
          <ns3:TrackPointExtension>
            <ns3:hr>163</ns3:hr>
          </ns3:TrackPointExtension>
        </extensions>
      </trkpt>
      <trkpt lat="52.0108908601105213165283203125" lon="5.817565508186817169189453125">
        <ele>34.799999237060546875</ele>
        <time>2026-05-30T10:23:43.000Z</time>
        <extensions>
          <ns3:TrackPointExtension>
            <ns3:hr>162</ns3:hr>
          </ns3:TrackPointExtension>
        </extensions>
      </trkpt>
      <trkpt lat="52.01080209575593471527099609375" lon="5.817584954202175140380859375">
        <ele>34.59999847412109375</ele>
        <time>2026-05-30T10:23:50.000Z</time>
        <extensions>
          <ns3:TrackPointExtension>
            <ns3:hr>161</ns3:hr>
          </ns3:TrackPointExtension>
        </extensions>
      </trkpt>
      <trkpt lat="52.0107054524123668670654296875" lon="5.81760515458881855010986328125">
        <ele>34.200000762939453125</ele>
        <time>2026-05-30T10:24:00.000Z</time>
        <extensions>
          <ns3:TrackPointExtension>
            <ns3:hr>160</ns3:hr>
          </ns3:TrackPointExtension>
        </extensions>
      </trkpt>
      <trkpt lat="52.01062238775193691253662109375" lon="5.817729793488979339599609375">
        <ele>34.200000762939453125</ele>
        <time>2026-05-30T10:24:10.000Z</time>
        <extensions>
          <ns3:TrackPointExtension>
            <ns3:hr>160</ns3:hr>
          </ns3:TrackPointExtension>
        </extensions>
      </trkpt>
      <trkpt lat="52.010616101324558258056640625" lon="5.8179224096238613128662109375">
        <ele>34.40000152587890625</ele>
        <time>2026-05-30T10:24:21.000Z</time>
        <extensions>
          <ns3:TrackPointExtension>
            <ns3:hr>161</ns3:hr>
          </ns3:TrackPointExtension>
        </extensions>
      </trkpt>
      <trkpt lat="52.0105844177305698394775390625" lon="5.81798502244055271148681640625">
        <ele>34.200000762939453125</ele>
        <time>2026-05-30T10:24:26.000Z</time>
        <extensions>
          <ns3:TrackPointExtension>
            <ns3:hr>161</ns3:hr>
          </ns3:TrackPointExtension>
        </extensions>
      </trkpt>
      <trkpt lat="52.010573185980319976806640625" lon="5.81798586063086986541748046875">
        <ele>34</ele>
        <time>2026-05-30T10:24:27.000Z</time>
        <extensions>
          <ns3:TrackPointExtension>
            <ns3:hr>161</ns3:hr>
          </ns3:TrackPointExtension>
        </extensions>
      </trkpt>
      <trkpt lat="52.01056472025811672210693359375" lon="5.8179871179163455963134765625">
        <ele>33.799999237060546875</ele>
        <time>2026-05-30T10:24:28.000Z</time>
        <extensions>
          <ns3:TrackPointExtension>
            <ns3:hr>161</ns3:hr>
          </ns3:TrackPointExtension>
        </extensions>
      </trkpt>
      <trkpt lat="52.0104452781379222869873046875" lon="5.8179559372365474700927734375">
        <ele>33.40000152587890625</ele>
        <time>2026-05-30T10:24:38.000Z</time>
        <extensions>
          <ns3:TrackPointExtension>
            <ns3:hr>160</ns3:hr>
          </ns3:TrackPointExtension>
        </extensions>
      </trkpt>
      <trkpt lat="52.0103651471436023712158203125" lon="5.81795920617878437042236328125">
        <ele>33.59999847412109375</ele>
        <time>2026-05-30T10:24:46.000Z</time>
        <extensions>
          <ns3:TrackPointExtension>
            <ns3:hr>160</ns3:hr>
          </ns3:TrackPointExtension>
        </extensions>
      </trkpt>
      <trkpt lat="52.010253332555294036865234375" lon="5.8179609663784503936767578125">
        <ele>33.40000152587890625</ele>
        <time>2026-05-30T10:24:56.000Z</time>
        <extensions>
          <ns3:TrackPointExtension>
            <ns3:hr>159</ns3:hr>
          </ns3:TrackPointExtension>
        </extensions>
      </trkpt>
      <trkpt lat="52.01019424013793468475341796875" lon="5.81804688088595867156982421875">
        <ele>33</ele>
        <time>2026-05-30T10:25:03.000Z</time>
        <extensions>
          <ns3:TrackPointExtension>
            <ns3:hr>160</ns3:hr>
          </ns3:TrackPointExtension>
        </extensions>
      </trkpt>
      <trkpt lat="52.0101475529372692108154296875" lon="5.81820663996040821075439453125">
        <ele>33.200000762939453125</ele>
        <time>2026-05-30T10:25:12.000Z</time>
        <extensions>
          <ns3:TrackPointExtension>
            <ns3:hr>160</ns3:hr>
          </ns3:TrackPointExtension>
        </extensions>
      </trkpt>
      <trkpt lat="52.0101411826908588409423828125" lon="5.81829884089529514312744140625">
        <ele>33.59999847412109375</ele>
        <time>2026-05-30T10:25:17.000Z</time>
        <extensions>
          <ns3:TrackPointExtension>
            <ns3:hr>163</ns3:hr>
          </ns3:TrackPointExtension>
        </extensions>
      </trkpt>
      <trkpt lat="52.01013020239770412445068359375" lon="5.81837746314704418182373046875">
        <ele>33.59999847412109375</ele>
        <time>2026-05-30T10:25:21.000Z</time>
        <extensions>
          <ns3:TrackPointExtension>
            <ns3:hr>161</ns3:hr>
          </ns3:TrackPointExtension>
        </extensions>
      </trkpt>
      <trkpt lat="52.01013498008251190185546875" lon="5.8184860087931156158447265625">
        <ele>33</ele>
        <time>2026-05-30T10:25:28.000Z</time>
        <extensions>
          <ns3:TrackPointExtension>
            <ns3:hr>164</ns3:hr>
          </ns3:TrackPointExtension>
        </extensions>
      </trkpt>
      <trkpt lat="52.01013757847249507904052734375" lon="5.8185369707643985748291015625">
        <ele>33.200000762939453125</ele>
        <time>2026-05-30T10:25:31.000Z</time>
        <extensions>
          <ns3:TrackPointExtension>
            <ns3:hr>163</ns3:hr>
          </ns3:TrackPointExtension>
        </extensions>
      </trkpt>
      <trkpt lat="52.0101385004818439483642578125" lon="5.81874358467757701873779296875">
        <ele>33.200000762939453125</ele>
        <time>2026-05-30T10:25:41.000Z</time>
        <extensions>
          <ns3:TrackPointExtension>
            <ns3:hr>162</ns3:hr>
          </ns3:TrackPointExtension>
        </extensions>
      </trkpt>
      <trkpt lat="52.01018300838768482208251953125" lon="5.81882589496672153472900390625">
        <ele>33.200000762939453125</ele>
        <time>2026-05-30T10:25:48.000Z</time>
        <extensions>
          <ns3:TrackPointExtension>
            <ns3:hr>163</ns3:hr>
          </ns3:TrackPointExtension>
        </extensions>
      </trkpt>
      <trkpt lat="52.0102628879249095916748046875" lon="5.81891407258808612823486328125">
        <ele>33</ele>
        <time>2026-05-30T10:25:57.000Z</time>
        <extensions>
          <ns3:TrackPointExtension>
            <ns3:hr>162</ns3:hr>
          </ns3:TrackPointExtension>
        </extensions>
      </trkpt>
      <trkpt lat="52.0103058032691478729248046875" lon="5.8190234564244747161865234375">
        <ele>33.40000152587890625</ele>
        <time>2026-05-30T10:26:07.000Z</time>
        <extensions>
          <ns3:TrackPointExtension>
            <ns3:hr>163</ns3:hr>
          </ns3:TrackPointExtension>
        </extensions>
      </trkpt>
      <trkpt lat="52.010300941765308380126953125" lon="5.81904047168791294097900390625">
        <ele>33.799999237060546875</ele>
        <time>2026-05-30T10:26:19.000Z</time>
        <extensions>
          <ns3:TrackPointExtension>
            <ns3:hr>162</ns3:hr>
          </ns3:TrackPointExtension>
        </extensions>
      </trkpt>
      <trkpt lat="52.01030932366847991943359375" lon="5.81902957521378993988037109375">
        <ele>33.799999237060546875</ele>
        <time>2026-05-30T10:26:26.000Z</time>
        <extensions>
          <ns3:TrackPointExtension>
            <ns3:hr>165</ns3:hr>
          </ns3:TrackPointExtension>
        </extensions>
      </trkpt>
      <trkpt lat="52.010312341153621673583984375" lon="5.81902890466153621673583984375">
        <ele>33.799999237060546875</ele>
        <time>2026-05-30T10:26:27.000Z</time>
        <extensions>
          <ns3:TrackPointExtension>
            <ns3:hr>168</ns3:hr>
          </ns3:TrackPointExtension>
        </extensions>
      </trkpt>
      <trkpt lat="52.010315023362636566162109375" lon="5.81903292797505855560302734375">
        <ele>33.799999237060546875</ele>
        <time>2026-05-30T10:26:29.000Z</time>
        <extensions>
          <ns3:TrackPointExtension>
            <ns3:hr>168</ns3:hr>
          </ns3:TrackPointExtension>
        </extensions>
      </trkpt>
      <trkpt lat="52.01033170334994792938232421875" lon="5.81908020190894603729248046875">
        <ele>33.59999847412109375</ele>
        <time>2026-05-30T10:26:35.000Z</time>
        <extensions>
          <ns3:TrackPointExtension>
            <ns3:hr>165</ns3:hr>
          </ns3:TrackPointExtension>
        </extensions>
      </trkpt>
      <trkpt lat="52.01034528203308582305908203125" lon="5.8191159926354885101318359375">
        <ele>33.59999847412109375</ele>
        <time>2026-05-30T10:26:37.000Z</time>
        <extensions>
          <ns3:TrackPointExtension>
            <ns3:hr>165</ns3:hr>
          </ns3:TrackPointExtension>
        </extensions>
      </trkpt>
      <trkpt lat="52.0103718526661396026611328125" lon="5.8191736601293087005615234375">
        <ele>33</ele>
        <time>2026-05-30T10:26:41.000Z</time>
        <extensions>
          <ns3:TrackPointExtension>
            <ns3:hr>162</ns3:hr>
          </ns3:TrackPointExtension>
        </extensions>
      </trkpt>
      <trkpt lat="52.01038517989218235015869140625" lon="5.819233171641826629638671875">
        <ele>33.200000762939453125</ele>
        <time>2026-05-30T10:26:45.000Z</time>
        <extensions>
          <ns3:TrackPointExtension>
            <ns3:hr>162</ns3:hr>
          </ns3:TrackPointExtension>
        </extensions>
      </trkpt>
      <trkpt lat="52.01038618572056293487548828125" lon="5.819257982075214385986328125">
        <ele>33.59999847412109375</ele>
        <time>2026-05-30T10:26:52.000Z</time>
        <extensions>
          <ns3:TrackPointExtension>
            <ns3:hr>161</ns3:hr>
          </ns3:TrackPointExtension>
        </extensions>
      </trkpt>
      <trkpt lat="52.0103839226067066192626953125" lon="5.8193540386855602264404296875">
        <ele>33.799999237060546875</ele>
        <time>2026-05-30T10:27:03.000Z</time>
        <extensions>
          <ns3:TrackPointExtension>
            <ns3:hr>160</ns3:hr>
          </ns3:TrackPointExtension>
        </extensions>
      </trkpt>
      <trkpt lat="52.01040529645979404449462890625" lon="5.81929259933531284332275390625">
        <ele>33.200000762939453125</ele>
        <time>2026-05-30T10:27:11.000Z</time>
        <extensions>
          <ns3:TrackPointExtension>
            <ns3:hr>162</ns3:hr>
          </ns3:TrackPointExtension>
        </extensions>
      </trkpt>
      <trkpt lat="52.010460533201694488525390625" lon="5.81934624351561069488525390625">
        <ele>33.59999847412109375</ele>
        <time>2026-05-30T10:27:18.000Z</time>
        <extensions>
          <ns3:TrackPointExtension>
            <ns3:hr>162</ns3:hr>
          </ns3:TrackPointExtension>
        </extensions>
      </trkpt>
      <trkpt lat="52.0104828290641307830810546875" lon="5.8193702995777130126953125">
        <ele>34</ele>
        <time>2026-05-30T10:27:22.000Z</time>
        <extensions>
          <ns3:TrackPointExtension>
            <ns3:hr>161</ns3:hr>
          </ns3:TrackPointExtension>
        </extensions>
      </trkpt>
      <trkpt lat="52.01048743911087512969970703125" lon="5.81936962902545928955078125">
        <ele>33.799999237060546875</ele>
        <time>2026-05-30T10:27:25.000Z</time>
        <extensions>
          <ns3:TrackPointExtension>
            <ns3:hr>158</ns3:hr>
          </ns3:TrackPointExtension>
        </extensions>
      </trkpt>
      <trkpt lat="52.0104883611202239990234375" lon="5.81936770118772983551025390625">
        <ele>33.799999237060546875</ele>
        <time>2026-05-30T10:27:26.000Z</time>
        <extensions>
          <ns3:TrackPointExtension>
            <ns3:hr>157</ns3:hr>
          </ns3:TrackPointExtension>
        </extensions>
      </trkpt>
      <trkpt lat="52.0104818232357501983642578125" lon="5.819409526884555816650390625">
        <ele>33.799999237060546875</ele>
        <time>2026-05-30T10:27:36.000Z</time>
        <extensions>
          <ns3:TrackPointExtension>
            <ns3:hr>158</ns3:hr>
          </ns3:TrackPointExtension>
        </extensions>
      </trkpt>
      <trkpt lat="52.0104680769145488739013671875" lon="5.8193620853126049041748046875">
        <ele>33.799999237060546875</ele>
        <time>2026-05-30T10:27:45.000Z</time>
        <extensions>
          <ns3:TrackPointExtension>
            <ns3:hr>159</ns3:hr>
          </ns3:TrackPointExtension>
        </extensions>
      </trkpt>
      <trkpt lat="52.01047788374125957489013671875" lon="5.81933367066085338592529296875">
        <ele>33.799999237060546875</ele>
        <time>2026-05-30T10:27:52.000Z</time>
        <extensions>
          <ns3:TrackPointExtension>
            <ns3:hr>160</ns3:hr>
          </ns3:TrackPointExtension>
        </extensions>
      </trkpt>
      <trkpt lat="52.01047084294259548187255859375" lon="5.81937004812061786651611328125">
        <ele>34</ele>
        <time>2026-05-30T10:28:02.000Z</time>
        <extensions>
          <ns3:TrackPointExtension>
            <ns3:hr>159</ns3:hr>
          </ns3:TrackPointExtension>
        </extensions>
      </trkpt>
      <trkpt lat="52.01047101058065891265869140625" lon="5.8193542063236236572265625">
        <ele>33.799999237060546875</ele>
        <time>2026-05-30T10:28:12.000Z</time>
        <extensions>
          <ns3:TrackPointExtension>
            <ns3:hr>158</ns3:hr>
          </ns3:TrackPointExtension>
        </extensions>
      </trkpt>
      <trkpt lat="52.01046413742005825042724609375" lon="5.8193640969693660736083984375">
        <ele>33.59999847412109375</ele>
        <time>2026-05-30T10:28:20.000Z</time>
        <extensions>
          <ns3:TrackPointExtension>
            <ns3:hr>157</ns3:hr>
          </ns3:TrackPointExtension>
        </extensions>
      </trkpt>
      <trkpt lat="52.010458521544933319091796875" lon="5.81937340088188648223876953125">
        <ele>33.59999847412109375</ele>
        <time>2026-05-30T10:28:33.000Z</time>
        <extensions>
          <ns3:TrackPointExtension>
            <ns3:hr>157</ns3:hr>
          </ns3:TrackPointExtension>
        </extensions>
      </trkpt>
      <trkpt lat="52.010494731366634368896484375" lon="5.81935512833297252655029296875">
        <ele>33.59999847412109375</ele>
        <time>2026-05-30T10:28:41.000Z</time>
        <extensions>
          <ns3:TrackPointExtension>
            <ns3:hr>157</ns3:hr>
          </ns3:TrackPointExtension>
        </extensions>
      </trkpt>
      <trkpt lat="52.010500431060791015625" lon="5.819360911846160888671875">
        <ele>33.59999847412109375</ele>
        <time>2026-05-30T10:28:43.000Z</time>
        <extensions>
          <ns3:TrackPointExtension>
            <ns3:hr>157</ns3:hr>
          </ns3:TrackPointExtension>
        </extensions>
      </trkpt>
      <trkpt lat="52.01051359064877033233642578125" lon="5.81934456713497638702392578125">
        <ele>34</ele>
        <time>2026-05-30T10:28:53.000Z</time>
        <extensions>
          <ns3:TrackPointExtension>
            <ns3:hr>155</ns3:hr>
          </ns3:TrackPointExtension>
        </extensions>
      </trkpt>
      <trkpt lat="52.0105130039155483245849609375" lon="5.81936703063547611236572265625">
        <ele>33.799999237060546875</ele>
        <time>2026-05-30T10:29:03.000Z</time>
        <extensions>
          <ns3:TrackPointExtension>
            <ns3:hr>156</ns3:hr>
          </ns3:TrackPointExtension>
        </extensions>
      </trkpt>
      <trkpt lat="52.01054980047047138214111328125" lon="5.8193590678274631500244140625">
        <ele>33.799999237060546875</ele>
        <time>2026-05-30T10:29:07.000Z</time>
        <extensions>
          <ns3:TrackPointExtension>
            <ns3:hr>153</ns3:hr>
          </ns3:TrackPointExtension>
        </extensions>
      </trkpt>
      <trkpt lat="52.01061249710619449615478515625" lon="5.8193583972752094268798828125">
        <ele>34</ele>
        <time>2026-05-30T10:29:12.000Z</time>
        <extensions>
          <ns3:TrackPointExtension>
            <ns3:hr>152</ns3:hr>
          </ns3:TrackPointExtension>
        </extensions>
      </trkpt>
      <trkpt lat="52.0106682367622852325439453125" lon="5.8194224350154399871826171875">
        <ele>34.59999847412109375</ele>
        <time>2026-05-30T10:29:21.000Z</time>
        <extensions>
          <ns3:TrackPointExtension>
            <ns3:hr>153</ns3:hr>
          </ns3:TrackPointExtension>
        </extensions>
      </trkpt>
      <trkpt lat="52.0106729306280612945556640625" lon="5.81948471255600452423095703125">
        <ele>35</ele>
        <time>2026-05-30T10:29:26.000Z</time>
        <extensions>
          <ns3:TrackPointExtension>
            <ns3:hr>154</ns3:hr>
          </ns3:TrackPointExtension>
        </extensions>
      </trkpt>
      <trkpt lat="52.010669410228729248046875" lon="5.8194831199944019317626953125">
        <ele>35.200000762939453125</ele>
        <time>2026-05-30T10:29:29.000Z</time>
        <extensions>
          <ns3:TrackPointExtension>
            <ns3:hr>155</ns3:hr>
          </ns3:TrackPointExtension>
        </extensions>
      </trkpt>
      <trkpt lat="52.0106680691242218017578125" lon="5.81945235840976238250732421875">
        <ele>35.200000762939453125</ele>
        <time>2026-05-30T10:29:37.000Z</time>
        <extensions>
          <ns3:TrackPointExtension>
            <ns3:hr>156</ns3:hr>
          </ns3:TrackPointExtension>
        </extensions>
      </trkpt>
      <trkpt lat="52.01148387975990772247314453125" lon="5.8191055990755558013916015625">
        <ele>34.59999847412109375</ele>
        <time>2026-05-30T10:41:56.000Z</time>
        <extensions>
          <ns3:TrackPointExtension>
            <ns3:hr>161</ns3:hr>
          </ns3:TrackPointExtension>
        </extensions>
      </trkpt>
      <trkpt lat="52.0115612447261810302734375" lon="5.81908933818340301513671875">
        <ele>33.799999237060546875</ele>
        <time>2026-05-30T10:42:01.000Z</time>
        <extensions>
          <ns3:TrackPointExtension>
            <ns3:hr>160</ns3:hr>
          </ns3:TrackPointExtension>
        </extensions>
      </trkpt>
      <trkpt lat="52.01160793192684650421142578125" lon="5.819082967936992645263671875">
        <ele>33.799999237060546875</ele>
        <time>2026-05-30T10:42:04.000Z</time>
        <extensions>
          <ns3:TrackPointExtension>
            <ns3:hr>160</ns3:hr>
          </ns3:TrackPointExtension>
        </extensions>
      </trkpt>
      <trkpt lat="52.01172159053385257720947265625" lon="5.81908397376537322998046875">
        <ele>33.799999237060546875</ele>
        <time>2026-05-30T10:42:12.000Z</time>
        <extensions>
          <ns3:TrackPointExtension>
            <ns3:hr>160</ns3:hr>
          </ns3:TrackPointExtension>
        </extensions>
      </trkpt>
      <trkpt lat="52.0118108578026294708251953125" lon="5.81908774562180042266845703125">
        <ele>34</ele>
        <time>2026-05-30T10:42:20.000Z</time>
        <extensions>
          <ns3:TrackPointExtension>
            <ns3:hr>159</ns3:hr>
          </ns3:TrackPointExtension>
        </extensions>
      </trkpt>
      <trkpt lat="52.011920996010303497314453125" lon="5.8190703950822353363037109375">
        <ele>34.200000762939453125</ele>
        <time>2026-05-30T10:42:30.000Z</time>
        <extensions>
          <ns3:TrackPointExtension>
            <ns3:hr>159</ns3:hr>
          </ns3:TrackPointExtension>
        </extensions>
      </trkpt>
      <trkpt lat="52.01206239871680736541748046875" lon="5.81908137537539005279541015625">
        <ele>34.200000762939453125</ele>
        <time>2026-05-30T10:42:43.000Z</time>
        <extensions>
          <ns3:TrackPointExtension>
            <ns3:hr>159</ns3:hr>
          </ns3:TrackPointExtension>
        </extensions>
      </trkpt>
      <trkpt lat="52.01215845532715320587158203125" lon="5.81910283304750919342041015625">
        <ele>34.40000152587890625</ele>
        <time>2026-05-30T10:42:52.000Z</time>
        <extensions>
          <ns3:TrackPointExtension>
            <ns3:hr>159</ns3:hr>
          </ns3:TrackPointExtension>
        </extensions>
      </trkpt>
      <trkpt lat="52.01229273341596126556396484375" lon="5.81911741755902767181396484375">
        <ele>34.40000152587890625</ele>
        <time>2026-05-30T10:43:01.000Z</time>
        <extensions>
          <ns3:TrackPointExtension>
            <ns3:hr>160</ns3:hr>
          </ns3:TrackPointExtension>
        </extensions>
      </trkpt>
      <trkpt lat="52.01236984692513942718505859375" lon="5.81913887523114681243896484375">
        <ele>34.59999847412109375</ele>
        <time>2026-05-30T10:43:09.000Z</time>
        <extensions>
          <ns3:TrackPointExtension>
            <ns3:hr>159</ns3:hr>
          </ns3:TrackPointExtension>
        </extensions>
      </trkpt>
      <trkpt lat="52.0124462060630321502685546875" lon="5.819135606288909912109375">
        <ele>34.59999847412109375</ele>
        <time>2026-05-30T10:43:16.000Z</time>
        <extensions>
          <ns3:TrackPointExtension>
            <ns3:hr>158</ns3:hr>
          </ns3:TrackPointExtension>
        </extensions>
      </trkpt>
      <trkpt lat="52.0125424303114414215087890625" lon="5.819127894937992095947265625">
        <ele>34.59999847412109375</ele>
        <time>2026-05-30T10:43:26.000Z</time>
        <extensions>
          <ns3:TrackPointExtension>
            <ns3:hr>158</ns3:hr>
          </ns3:TrackPointExtension>
        </extensions>
      </trkpt>
      <trkpt lat="52.0126839168369770050048828125" lon="5.8191501908004283905029296875">
        <ele>34.59999847412109375</ele>
        <time>2026-05-30T10:43:37.000Z</time>
        <extensions>
          <ns3:TrackPointExtension>
            <ns3:hr>159</ns3:hr>
          </ns3:TrackPointExtension>
        </extensions>
      </trkpt>
      <trkpt lat="52.012782990932464599609375" lon="5.81909914501011371612548828125">
        <ele>34.59999847412109375</ele>
        <time>2026-05-30T10:43:45.000Z</time>
        <extensions>
          <ns3:TrackPointExtension>
            <ns3:hr>160</ns3:hr>
          </ns3:TrackPointExtension>
        </extensions>
      </trkpt>
      <trkpt lat="52.0128418318927288055419921875" lon="5.819093026220798492431640625">
        <ele>34.799999237060546875</ele>
        <time>2026-05-30T10:43:51.000Z</time>
        <extensions>
          <ns3:TrackPointExtension>
            <ns3:hr>160</ns3:hr>
          </ns3:TrackPointExtension>
        </extensions>
      </trkpt>
      <trkpt lat="52.012865133583545684814453125" lon="5.8190854825079441070556640625">
        <ele>35</ele>
        <time>2026-05-30T10:43:53.000Z</time>
        <extensions>
          <ns3:TrackPointExtension>
            <ns3:hr>161</ns3:hr>
          </ns3:TrackPointExtension>
        </extensions>
      </trkpt>
      <trkpt lat="52.012950964272022247314453125" lon="5.81906897015869617462158203125">
        <ele>35.200000762939453125</ele>
        <time>2026-05-30T10:44:01.000Z</time>
        <extensions>
          <ns3:TrackPointExtension>
            <ns3:hr>163</ns3:hr>
          </ns3:TrackPointExtension>
        </extensions>
      </trkpt>
      <trkpt lat="52.01301525346934795379638671875" lon="5.81900124438107013702392578125">
        <ele>34.59999847412109375</ele>
        <time>2026-05-30T10:44:10.000Z</time>
        <extensions>
          <ns3:TrackPointExtension>
            <ns3:hr>165</ns3:hr>
          </ns3:TrackPointExtension>
        </extensions>
      </trkpt>
      <trkpt lat="52.01306470669806003570556640625" lon="5.818824134767055511474609375">
        <ele>34.200000762939453125</ele>
        <time>2026-05-30T10:44:19.000Z</time>
        <extensions>
          <ns3:TrackPointExtension>
            <ns3:hr>163</ns3:hr>
          </ns3:TrackPointExtension>
        </extensions>
      </trkpt>
      <trkpt lat="52.01313176192343235015869140625" lon="5.818657837808132171630859375">
        <ele>34.40000152587890625</ele>
        <time>2026-05-30T10:44:29.000Z</time>
        <extensions>
          <ns3:TrackPointExtension>
            <ns3:hr>160</ns3:hr>
          </ns3:TrackPointExtension>
        </extensions>
      </trkpt>
      <trkpt lat="52.01314835809171199798583984375" lon="5.818621627986431121826171875">
        <ele>34.40000152587890625</ele>
        <time>2026-05-30T10:44:31.000Z</time>
        <extensions>
          <ns3:TrackPointExtension>
            <ns3:hr>160</ns3:hr>
          </ns3:TrackPointExtension>
        </extensions>
      </trkpt>
      <trkpt lat="52.013178952038288116455078125" lon="5.8185084722936153411865234375">
        <ele>34.40000152587890625</ele>
        <time>2026-05-30T10:44:38.000Z</time>
        <extensions>
          <ns3:TrackPointExtension>
            <ns3:hr>160</ns3:hr>
          </ns3:TrackPointExtension>
        </extensions>
      </trkpt>
      <trkpt lat="52.0132134854793548583984375" lon="5.8183914609253406524658203125">
        <ele>34.40000152587890625</ele>
        <time>2026-05-30T10:44:46.000Z</time>
        <extensions>
          <ns3:TrackPointExtension>
            <ns3:hr>160</ns3:hr>
          </ns3:TrackPointExtension>
        </extensions>
      </trkpt>
      <trkpt lat="52.01333594508469104766845703125" lon="5.818331278860569000244140625">
        <ele>34</ele>
        <time>2026-05-30T10:44:54.000Z</time>
        <extensions>
          <ns3:TrackPointExtension>
            <ns3:hr>160</ns3:hr>
          </ns3:TrackPointExtension>
        </extensions>
      </trkpt>
      <trkpt lat="52.013438455760478973388671875" lon="5.8182831667363643646240234375">
        <ele>34.40000152587890625</ele>
        <time>2026-05-30T10:45:03.000Z</time>
        <extensions>
          <ns3:TrackPointExtension>
            <ns3:hr>162</ns3:hr>
          </ns3:TrackPointExtension>
        </extensions>
      </trkpt>
      <trkpt lat="52.013476677238941192626953125" lon="5.81826346926391124725341796875">
        <ele>33.799999237060546875</ele>
        <time>2026-05-30T10:45:06.000Z</time>
        <extensions>
          <ns3:TrackPointExtension>
            <ns3:hr>162</ns3:hr>
          </ns3:TrackPointExtension>
        </extensions>
      </trkpt>
      <trkpt lat="52.01355270110070705413818359375" lon="5.81822608597576618194580078125">
        <ele>33.40000152587890625</ele>
        <time>2026-05-30T10:45:12.000Z</time>
        <extensions>
          <ns3:TrackPointExtension>
            <ns3:hr>163</ns3:hr>
          </ns3:TrackPointExtension>
        </extensions>
      </trkpt>
      <trkpt lat="52.01363014988601207733154296875" lon="5.81827503629028797149658203125">
        <ele>33.40000152587890625</ele>
        <time>2026-05-30T10:45:19.000Z</time>
        <extensions>
          <ns3:TrackPointExtension>
            <ns3:hr>164</ns3:hr>
          </ns3:TrackPointExtension>
        </extensions>
      </trkpt>
      <trkpt lat="52.01371614821255207061767578125" lon="5.81835567019879817962646484375">
        <ele>33.200000762939453125</ele>
        <time>2026-05-30T10:45:27.000Z</time>
        <extensions>
          <ns3:TrackPointExtension>
            <ns3:hr>165</ns3:hr>
          </ns3:TrackPointExtension>
        </extensions>
      </trkpt>
      <trkpt lat="52.0137933455407619476318359375" lon="5.8183857612311840057373046875">
        <ele>33.200000762939453125</ele>
        <time>2026-05-30T10:45:35.000Z</time>
        <extensions>
          <ns3:TrackPointExtension>
            <ns3:hr>165</ns3:hr>
          </ns3:TrackPointExtension>
        </extensions>
      </trkpt>
      <trkpt lat="52.01391278766095638275146484375" lon="5.8184655569493770599365234375">
        <ele>32.799999237060546875</ele>
        <time>2026-05-30T10:45:46.000Z</time>
        <extensions>
          <ns3:TrackPointExtension>
            <ns3:hr>164</ns3:hr>
          </ns3:TrackPointExtension>
        </extensions>
      </trkpt>
      <trkpt lat="52.0139264501631259918212890625" lon="5.81847301684319972991943359375">
        <ele>32.799999237060546875</ele>
        <time>2026-05-30T10:45:47.000Z</time>
        <extensions>
          <ns3:TrackPointExtension>
            <ns3:hr>163</ns3:hr>
          </ns3:TrackPointExtension>
        </extensions>
      </trkpt>
      <trkpt lat="52.0140327326953411102294921875" lon="5.81854057498276233673095703125">
        <ele>32.40000152587890625</ele>
        <time>2026-05-30T10:45:55.000Z</time>
        <extensions>
          <ns3:TrackPointExtension>
            <ns3:hr>164</ns3:hr>
          </ns3:TrackPointExtension>
        </extensions>
      </trkpt>
      <trkpt lat="52.0141209103167057037353515625" lon="5.81863042898476123809814453125">
        <ele>32.40000152587890625</ele>
        <time>2026-05-30T10:46:05.000Z</time>
        <extensions>
          <ns3:TrackPointExtension>
            <ns3:hr>164</ns3:hr>
          </ns3:TrackPointExtension>
        </extensions>
      </trkpt>
      <trkpt lat="52.014199197292327880859375" lon="5.81871726550161838531494140625">
        <ele>32.40000152587890625</ele>
        <time>2026-05-30T10:46:13.000Z</time>
        <extensions>
          <ns3:TrackPointExtension>
            <ns3:hr>162</ns3:hr>
          </ns3:TrackPointExtension>
        </extensions>
      </trkpt>
      <trkpt lat="52.0142972655594348907470703125" lon="5.8187963068485260009765625">
        <ele>32.200000762939453125</ele>
        <time>2026-05-30T10:46:23.000Z</time>
        <extensions>
          <ns3:TrackPointExtension>
            <ns3:hr>162</ns3:hr>
          </ns3:TrackPointExtension>
        </extensions>
      </trkpt>
      <trkpt lat="52.0143804140388965606689453125" lon="5.8187931217253208160400390625">
        <ele>32.200000762939453125</ele>
        <time>2026-05-30T10:46:31.000Z</time>
        <extensions>
          <ns3:TrackPointExtension>
            <ns3:hr>162</ns3:hr>
          </ns3:TrackPointExtension>
        </extensions>
      </trkpt>
      <trkpt lat="52.01438955031335353851318359375" lon="5.81878767348825931549072265625">
        <ele>32.59999847412109375</ele>
        <time>2026-05-30T10:46:38.000Z</time>
        <extensions>
          <ns3:TrackPointExtension>
            <ns3:hr>161</ns3:hr>
          </ns3:TrackPointExtension>
        </extensions>
      </trkpt>
      <trkpt lat="52.01439969241619110107421875" lon="5.81877979449927806854248046875">
        <ele>32.200000762939453125</ele>
        <time>2026-05-30T10:46:41.000Z</time>
        <extensions>
          <ns3:TrackPointExtension>
            <ns3:hr>158</ns3:hr>
          </ns3:TrackPointExtension>
        </extensions>
      </trkpt>
      <trkpt lat="52.01440966688096523284912109375" lon="5.81877887248992919921875">
        <ele>32.200000762939453125</ele>
        <time>2026-05-30T10:46:45.000Z</time>
        <extensions>
          <ns3:TrackPointExtension>
            <ns3:hr>156</ns3:hr>
          </ns3:TrackPointExtension>
        </extensions>
      </trkpt>
      <trkpt lat="52.01438837684690952301025390625" lon="5.8187994919717311859130859375">
        <ele>32.59999847412109375</ele>
        <time>2026-05-30T10:46:55.000Z</time>
        <extensions>
          <ns3:TrackPointExtension>
            <ns3:hr>157</ns3:hr>
          </ns3:TrackPointExtension>
        </extensions>
      </trkpt>
      <trkpt lat="52.014386951923370361328125" lon="5.81879136152565479278564453125">
        <ele>32.40000152587890625</ele>
        <time>2026-05-30T10:47:05.000Z</time>
        <extensions>
          <ns3:TrackPointExtension>
            <ns3:hr>157</ns3:hr>
          </ns3:TrackPointExtension>
        </extensions>
      </trkpt>
      <trkpt lat="52.0144092477858066558837890625" lon="5.81878222525119781494140625">
        <ele>31.799999237060546875</ele>
        <time>2026-05-30T10:47:10.000Z</time>
        <extensions>
          <ns3:TrackPointExtension>
            <ns3:hr>161</ns3:hr>
          </ns3:TrackPointExtension>
        </extensions>
      </trkpt>
      <trkpt lat="52.01440899632871150970458984375" lon="5.8187800459563732147216796875">
        <ele>31.799999237060546875</ele>
        <time>2026-05-30T10:47:11.000Z</time>
        <extensions>
          <ns3:TrackPointExtension>
            <ns3:hr>168</ns3:hr>
          </ns3:TrackPointExtension>
        </extensions>
      </trkpt>
      <trkpt lat="52.01440011151134967803955078125" lon="5.8187743462622165679931640625">
        <ele>31.799999237060546875</ele>
        <time>2026-05-30T10:47:14.000Z</time>
        <extensions>
          <ns3:TrackPointExtension>
            <ns3:hr>169</ns3:hr>
          </ns3:TrackPointExtension>
        </extensions>
      </trkpt>
      <trkpt lat="52.01439298689365386962890625" lon="5.81878482364118099212646484375">
        <ele>32</ele>
        <time>2026-05-30T10:47:24.000Z</time>
        <extensions>
          <ns3:TrackPointExtension>
            <ns3:hr>168</ns3:hr>
          </ns3:TrackPointExtension>
        </extensions>
      </trkpt>
      <trkpt lat="52.01440631411969661712646484375" lon="5.81880309619009494781494140625">
        <ele>31.799999237060546875</ele>
        <time>2026-05-30T10:47:35.000Z</time>
        <extensions>
          <ns3:TrackPointExtension>
            <ns3:hr>167</ns3:hr>
          </ns3:TrackPointExtension>
        </extensions>
      </trkpt>
      <trkpt lat="52.01440497301518917083740234375" lon="5.8187963068485260009765625">
        <ele>31.3999996185302734375</ele>
        <time>2026-05-30T10:47:43.000Z</time>
        <extensions>
          <ns3:TrackPointExtension>
            <ns3:hr>168</ns3:hr>
          </ns3:TrackPointExtension>
        </extensions>
      </trkpt>
      <trkpt lat="52.01439256779849529266357421875" lon="5.81881038844585418701171875">
        <ele>31.799999237060546875</ele>
        <time>2026-05-30T10:47:52.000Z</time>
        <extensions>
          <ns3:TrackPointExtension>
            <ns3:hr>166</ns3:hr>
          </ns3:TrackPointExtension>
        </extensions>
      </trkpt>
      <trkpt lat="52.014397680759429931640625" lon="5.818803012371063232421875">
        <ele>31</ele>
        <time>2026-05-30T10:48:02.000Z</time>
        <extensions>
          <ns3:TrackPointExtension>
            <ns3:hr>166</ns3:hr>
          </ns3:TrackPointExtension>
        </extensions>
      </trkpt>
      <trkpt lat="52.0144097506999969482421875" lon="5.81882354803383350372314453125">
        <ele>31.200000762939453125</ele>
        <time>2026-05-30T10:48:13.000Z</time>
        <extensions>
          <ns3:TrackPointExtension>
            <ns3:hr>166</ns3:hr>
          </ns3:TrackPointExtension>
        </extensions>
      </trkpt>
      <trkpt lat="52.0144578628242015838623046875" lon="5.81888817250728607177734375">
        <ele>30.799999237060546875</ele>
        <time>2026-05-30T10:48:19.000Z</time>
        <extensions>
          <ns3:TrackPointExtension>
            <ns3:hr>167</ns3:hr>
          </ns3:TrackPointExtension>
        </extensions>
      </trkpt>
      <trkpt lat="52.0144652388989925384521484375" lon="5.81889982335269451141357421875">
        <ele>30.799999237060546875</ele>
        <time>2026-05-30T10:48:20.000Z</time>
        <extensions>
          <ns3:TrackPointExtension>
            <ns3:hr>167</ns3:hr>
          </ns3:TrackPointExtension>
        </extensions>
      </trkpt>
      <trkpt lat="52.014508657157421112060546875" lon="5.8190033398568630218505859375">
        <ele>31.6000003814697265625</ele>
        <time>2026-05-30T10:48:27.000Z</time>
        <extensions>
          <ns3:TrackPointExtension>
            <ns3:hr>164</ns3:hr>
          </ns3:TrackPointExtension>
        </extensions>
      </trkpt>
      <trkpt lat="52.0145148597657680511474609375" lon="5.8190194331109523773193359375">
        <ele>31.799999237060546875</ele>
        <time>2026-05-30T10:48:28.000Z</time>
        <extensions>
          <ns3:TrackPointExtension>
            <ns3:hr>164</ns3:hr>
          </ns3:TrackPointExtension>
        </extensions>
      </trkpt>
      <trkpt lat="52.01451913453638553619384765625" lon="5.81903359852731227874755859375">
        <ele>32</ele>
        <time>2026-05-30T10:48:29.000Z</time>
        <extensions>
          <ns3:TrackPointExtension>
            <ns3:hr>164</ns3:hr>
          </ns3:TrackPointExtension>
        </extensions>
      </trkpt>
      <trkpt lat="52.01454377733170986175537109375" lon="5.81907190382480621337890625">
        <ele>31.200000762939453125</ele>
        <time>2026-05-30T10:48:32.000Z</time>
        <extensions>
          <ns3:TrackPointExtension>
            <ns3:hr>161</ns3:hr>
          </ns3:TrackPointExtension>
        </extensions>
      </trkpt>
      <trkpt lat="52.01456121169030666351318359375" lon="5.819099731743335723876953125">
        <ele>30.799999237060546875</ele>
        <time>2026-05-30T10:48:34.000Z</time>
        <extensions>
          <ns3:TrackPointExtension>
            <ns3:hr>164</ns3:hr>
          </ns3:TrackPointExtension>
        </extensions>
      </trkpt>
      <trkpt lat="52.01457914896309375762939453125" lon="5.81912144087255001068115234375">
        <ele>30.6000003814697265625</ele>
        <time>2026-05-30T10:48:36.000Z</time>
        <extensions>
          <ns3:TrackPointExtension>
            <ns3:hr>164</ns3:hr>
          </ns3:TrackPointExtension>
        </extensions>
      </trkpt>
      <trkpt lat="52.01459524221718311309814453125" lon="5.81911884248256683349609375">
        <ele>30.799999237060546875</ele>
        <time>2026-05-30T10:48:40.000Z</time>
        <extensions>
          <ns3:TrackPointExtension>
            <ns3:hr>162</ns3:hr>
          </ns3:TrackPointExtension>
        </extensions>
      </trkpt>
      <trkpt lat="52.01459608040750026702880859375" lon="5.81908891908824443817138671875">
        <ele>30.799999237060546875</ele>
        <time>2026-05-30T10:48:42.000Z</time>
        <extensions>
          <ns3:TrackPointExtension>
            <ns3:hr>161</ns3:hr>
          </ns3:TrackPointExtension>
        </extensions>
      </trkpt>
      <trkpt lat="52.01458535157144069671630859375" lon="5.8189872466027736663818359375">
        <ele>30.799999237060546875</ele>
        <time>2026-05-30T10:48:48.000Z</time>
        <extensions>
          <ns3:TrackPointExtension>
            <ns3:hr>164</ns3:hr>
          </ns3:TrackPointExtension>
        </extensions>
      </trkpt>
      <trkpt lat="52.01458484865725040435791015625" lon="5.8189272321760654449462890625">
        <ele>30.6000003814697265625</ele>
        <time>2026-05-30T10:48:51.000Z</time>
        <extensions>
          <ns3:TrackPointExtension>
            <ns3:hr>163</ns3:hr>
          </ns3:TrackPointExtension>
        </extensions>
      </trkpt>
      <trkpt lat="52.01459893025457859039306640625" lon="5.81883762963116168975830078125">
        <ele>30.6000003814697265625</ele>
        <time>2026-05-30T10:48:58.000Z</time>
        <extensions>
          <ns3:TrackPointExtension>
            <ns3:hr>162</ns3:hr>
          </ns3:TrackPointExtension>
        </extensions>
      </trkpt>
      <trkpt lat="52.01460312120616436004638671875" lon="5.8188343606889247894287109375">
        <ele>30.6000003814697265625</ele>
        <time>2026-05-30T10:49:14.000Z</time>
        <extensions>
          <ns3:TrackPointExtension>
            <ns3:hr>165</ns3:hr>
          </ns3:TrackPointExtension>
        </extensions>
      </trkpt>
      <trkpt lat="52.01462642289698123931884765625" lon="5.81881483085453510284423828125">
        <ele>30.6000003814697265625</ele>
        <time>2026-05-30T10:49:20.000Z</time>
        <extensions>
          <ns3:TrackPointExtension>
            <ns3:hr>168</ns3:hr>
          </ns3:TrackPointExtension>
        </extensions>
      </trkpt>
      <trkpt lat="52.014632038772106170654296875" lon="5.81882002763450145721435546875">
        <ele>31.3999996185302734375</ele>
        <time>2026-05-30T10:49:26.000Z</time>
        <extensions>
          <ns3:TrackPointExtension>
            <ns3:hr>167</ns3:hr>
          </ns3:TrackPointExtension>
        </extensions>
      </trkpt>
      <trkpt lat="52.0146114192903041839599609375" lon="5.81881617195904254913330078125">
        <ele>30.3999996185302734375</ele>
        <time>2026-05-30T10:49:32.000Z</time>
        <extensions>
          <ns3:TrackPointExtension>
            <ns3:hr>166</ns3:hr>
          </ns3:TrackPointExtension>
        </extensions>
      </trkpt>
      <trkpt lat="52.01464050449430942535400390625" lon="5.818720199167728424072265625">
        <ele>30.3999996185302734375</ele>
        <time>2026-05-30T10:49:37.000Z</time>
        <extensions>
          <ns3:TrackPointExtension>
            <ns3:hr>165</ns3:hr>
          </ns3:TrackPointExtension>
        </extensions>
      </trkpt>
      <trkpt lat="52.0146878622472286224365234375" lon="5.81857410259544849395751953125">
        <ele>30.3999996185302734375</ele>
        <time>2026-05-30T10:49:44.000Z</time>
        <extensions>
          <ns3:TrackPointExtension>
            <ns3:hr>163</ns3:hr>
          </ns3:TrackPointExtension>
        </extensions>
      </trkpt>
      <trkpt lat="52.0147408358752727508544921875" lon="5.81844292581081390380859375">
        <ele>31.200000762939453125</ele>
        <time>2026-05-30T10:49:52.000Z</time>
        <extensions>
          <ns3:TrackPointExtension>
            <ns3:hr>162</ns3:hr>
          </ns3:TrackPointExtension>
        </extensions>
      </trkpt>
      <trkpt lat="52.0147907920181751251220703125" lon="5.81831174902617931365966796875">
        <ele>30.200000762939453125</ele>
        <time>2026-05-30T10:49:59.000Z</time>
        <extensions>
          <ns3:TrackPointExtension>
            <ns3:hr>162</ns3:hr>
          </ns3:TrackPointExtension>
        </extensions>
      </trkpt>
      <trkpt lat="52.014863379299640655517578125" lon="5.81813455559313297271728515625">
        <ele>29.799999237060546875</ele>
        <time>2026-05-30T10:50:09.000Z</time>
        <extensions>
          <ns3:TrackPointExtension>
            <ns3:hr>163</ns3:hr>
          </ns3:TrackPointExtension>
        </extensions>
      </trkpt>
      <trkpt lat="52.01486581005156040191650390625" lon="5.8181175403296947479248046875">
        <ele>29.799999237060546875</ele>
        <time>2026-05-30T10:50:10.000Z</time>
        <extensions>
          <ns3:TrackPointExtension>
            <ns3:hr>163</ns3:hr>
          </ns3:TrackPointExtension>
        </extensions>
      </trkpt>
      <trkpt lat="52.01487846672534942626953125" lon="5.81798963248729705810546875">
        <ele>29.799999237060546875</ele>
        <time>2026-05-30T10:50:18.000Z</time>
        <extensions>
          <ns3:TrackPointExtension>
            <ns3:hr>163</ns3:hr>
          </ns3:TrackPointExtension>
        </extensions>
      </trkpt>
      <trkpt lat="52.0149212144315242767333984375" lon="5.81780229695141315460205078125">
        <ele>29.799999237060546875</ele>
        <time>2026-05-30T10:50:27.000Z</time>
        <extensions>
          <ns3:TrackPointExtension>
            <ns3:hr>161</ns3:hr>
          </ns3:TrackPointExtension>
        </extensions>
      </trkpt>
      <trkpt lat="52.0149810612201690673828125" lon="5.81761789508163928985595703125">
        <ele>29.6000003814697265625</ele>
        <time>2026-05-30T10:50:36.000Z</time>
        <extensions>
          <ns3:TrackPointExtension>
            <ns3:hr>160</ns3:hr>
          </ns3:TrackPointExtension>
        </extensions>
      </trkpt>
      <trkpt lat="52.015021629631519317626953125" lon="5.81743081100285053253173828125">
        <ele>29.3999996185302734375</ele>
        <time>2026-05-30T10:50:46.000Z</time>
        <extensions>
          <ns3:TrackPointExtension>
            <ns3:hr>160</ns3:hr>
          </ns3:TrackPointExtension>
        </extensions>
      </trkpt>
      <trkpt lat="52.0150429196655750274658203125" lon="5.817271135747432708740234375">
        <ele>29.6000003814697265625</ele>
        <time>2026-05-30T10:50:55.000Z</time>
        <extensions>
          <ns3:TrackPointExtension>
            <ns3:hr>161</ns3:hr>
          </ns3:TrackPointExtension>
        </extensions>
      </trkpt>
      <trkpt lat="52.0150798000395298004150390625" lon="5.8171093650162220001220703125">
        <ele>29.799999237060546875</ele>
        <time>2026-05-30T10:51:03.000Z</time>
        <extensions>
          <ns3:TrackPointExtension>
            <ns3:hr>161</ns3:hr>
          </ns3:TrackPointExtension>
        </extensions>
      </trkpt>
      <trkpt lat="52.0151039399206638336181640625" lon="5.81697684712707996368408203125">
        <ele>30.200000762939453125</ele>
        <time>2026-05-30T10:51:10.000Z</time>
        <extensions>
          <ns3:TrackPointExtension>
            <ns3:hr>162</ns3:hr>
          </ns3:TrackPointExtension>
        </extensions>
      </trkpt>
      <trkpt lat="52.01513151638209819793701171875" lon="5.81682144664227962493896484375">
        <ele>30.799999237060546875</ele>
        <time>2026-05-30T10:51:20.000Z</time>
        <extensions>
          <ns3:TrackPointExtension>
            <ns3:hr>163</ns3:hr>
          </ns3:TrackPointExtension>
        </extensions>
      </trkpt>
      <trkpt lat="52.0151716656982898712158203125" lon="5.8166909404098987579345703125">
        <ele>30.6000003814697265625</ele>
        <time>2026-05-30T10:51:29.000Z</time>
        <extensions>
          <ns3:TrackPointExtension>
            <ns3:hr>165</ns3:hr>
          </ns3:TrackPointExtension>
        </extensions>
      </trkpt>
      <trkpt lat="52.01520879752933979034423828125" lon="5.81657853908836841583251953125">
        <ele>30.799999237060546875</ele>
        <time>2026-05-30T10:51:36.000Z</time>
        <extensions>
          <ns3:TrackPointExtension>
            <ns3:hr>166</ns3:hr>
          </ns3:TrackPointExtension>
        </extensions>
      </trkpt>
      <trkpt lat="52.015214748680591583251953125" lon="5.81655523739755153656005859375">
        <ele>31</ele>
        <time>2026-05-30T10:51:38.000Z</time>
        <extensions>
          <ns3:TrackPointExtension>
            <ns3:hr>167</ns3:hr>
          </ns3:TrackPointExtension>
        </extensions>
      </trkpt>
      <trkpt lat="52.01527987606823444366455078125" lon="5.81640486605465412139892578125">
        <ele>31.200000762939453125</ele>
        <time>2026-05-30T10:51:47.000Z</time>
        <extensions>
          <ns3:TrackPointExtension>
            <ns3:hr>168</ns3:hr>
          </ns3:TrackPointExtension>
        </extensions>
      </trkpt>
      <trkpt lat="52.01533318497240543365478515625" lon="5.81625826656818389892578125">
        <ele>31.6000003814697265625</ele>
        <time>2026-05-30T10:51:55.000Z</time>
        <extensions>
          <ns3:TrackPointExtension>
            <ns3:hr>169</ns3:hr>
          </ns3:TrackPointExtension>
        </extensions>
      </trkpt>
      <trkpt lat="52.01536453329026699066162109375" lon="5.81612910144031047821044921875">
        <ele>31.799999237060546875</ele>
        <time>2026-05-30T10:52:03.000Z</time>
        <extensions>
          <ns3:TrackPointExtension>
            <ns3:hr>170</ns3:hr>
          </ns3:TrackPointExtension>
        </extensions>
      </trkpt>
      <trkpt lat="52.0153654552996158599853515625" lon="5.8161115832626819610595703125">
        <ele>32</ele>
        <time>2026-05-30T10:52:05.000Z</time>
        <extensions>
          <ns3:TrackPointExtension>
            <ns3:hr>170</ns3:hr>
          </ns3:TrackPointExtension>
        </extensions>
      </trkpt>
      <trkpt lat="52.0154201053082942962646484375" lon="5.81606405787169933319091796875">
        <ele>31.799999237060546875</ele>
        <time>2026-05-30T10:52:16.000Z</time>
        <extensions>
          <ns3:TrackPointExtension>
            <ns3:hr>170</ns3:hr>
          </ns3:TrackPointExtension>
        </extensions>
      </trkpt>
      <trkpt lat="52.0155676268041133880615234375" lon="5.815897174179553985595703125">
        <ele>31.799999237060546875</ele>
        <time>2026-05-30T10:52:22.000Z</time>
        <extensions>
          <ns3:TrackPointExtension>
            <ns3:hr>170</ns3:hr>
          </ns3:TrackPointExtension>
        </extensions>
      </trkpt>
      <trkpt lat="52.01558078639209270477294921875" lon="5.81587160937488079071044921875">
        <ele>31.799999237060546875</ele>
        <time>2026-05-30T10:52:23.000Z</time>
        <extensions>
          <ns3:TrackPointExtension>
            <ns3:hr>170</ns3:hr>
          </ns3:TrackPointExtension>
        </extensions>
      </trkpt>
      <trkpt lat="52.015665359795093536376953125" lon="5.81572274677455425262451171875">
        <ele>32.200000762939453125</ele>
        <time>2026-05-30T10:52:30.000Z</time>
        <extensions>
          <ns3:TrackPointExtension>
            <ns3:hr>170</ns3:hr>
          </ns3:TrackPointExtension>
        </extensions>
      </trkpt>
      <trkpt lat="52.0156001485884189605712890625" lon="5.8155255205929279327392578125">
        <ele>32.40000152587890625</ele>
        <time>2026-05-30T10:52:37.000Z</time>
        <extensions>
          <ns3:TrackPointExtension>
            <ns3:hr>169</ns3:hr>
          </ns3:TrackPointExtension>
        </extensions>
      </trkpt>
      <trkpt lat="52.01558053493499755859375" lon="5.81539484672248363494873046875">
        <ele>32.40000152587890625</ele>
        <time>2026-05-30T10:52:44.000Z</time>
        <extensions>
          <ns3:TrackPointExtension>
            <ns3:hr>170</ns3:hr>
          </ns3:TrackPointExtension>
        </extensions>
      </trkpt>
      <trkpt lat="52.0155961252748966217041015625" lon="5.81528403796255588531494140625">
        <ele>32.59999847412109375</ele>
        <time>2026-05-30T10:52:50.000Z</time>
        <extensions>
          <ns3:TrackPointExtension>
            <ns3:hr>169</ns3:hr>
          </ns3:TrackPointExtension>
        </extensions>
      </trkpt>
      <trkpt lat="52.0156427286565303802490234375" lon="5.8151208423078060150146484375">
        <ele>32.40000152587890625</ele>
        <time>2026-05-30T10:52:59.000Z</time>
        <extensions>
          <ns3:TrackPointExtension>
            <ns3:hr>168</ns3:hr>
          </ns3:TrackPointExtension>
        </extensions>
      </trkpt>
      <trkpt lat="52.01568388380110263824462890625" lon="5.814952366054058074951171875">
        <ele>32.40000152587890625</ele>
        <time>2026-05-30T10:53:09.000Z</time>
        <extensions>
          <ns3:TrackPointExtension>
            <ns3:hr>168</ns3:hr>
          </ns3:TrackPointExtension>
        </extensions>
      </trkpt>
      <trkpt lat="52.0157320797443389892578125" lon="5.81479319371283054351806640625">
        <ele>32.40000152587890625</ele>
        <time>2026-05-30T10:53:18.000Z</time>
        <extensions>
          <ns3:TrackPointExtension>
            <ns3:hr>167</ns3:hr>
          </ns3:TrackPointExtension>
        </extensions>
      </trkpt>
      <trkpt lat="52.015786059200763702392578125" lon="5.814633853733539581298828125">
        <ele>32.59999847412109375</ele>
        <time>2026-05-30T10:53:28.000Z</time>
        <extensions>
          <ns3:TrackPointExtension>
            <ns3:hr>166</ns3:hr>
          </ns3:TrackPointExtension>
        </extensions>
      </trkpt>
      <trkpt lat="52.01583861373364925384521484375" lon="5.814446769654750823974609375">
        <ele>32.59999847412109375</ele>
        <time>2026-05-30T10:53:38.000Z</time>
        <extensions>
          <ns3:TrackPointExtension>
            <ns3:hr>165</ns3:hr>
          </ns3:TrackPointExtension>
        </extensions>
      </trkpt>
      <trkpt lat="52.01588169671595096588134765625" lon="5.8143202029168605804443359375">
        <ele>32.799999237060546875</ele>
        <time>2026-05-30T10:53:46.000Z</time>
        <extensions>
          <ns3:TrackPointExtension>
            <ns3:hr>165</ns3:hr>
          </ns3:TrackPointExtension>
        </extensions>
      </trkpt>
      <trkpt lat="52.0159572176635265350341796875" lon="5.81409716047346591949462890625">
        <ele>32.799999237060546875</ele>
        <time>2026-05-30T10:53:59.000Z</time>
        <extensions>
          <ns3:TrackPointExtension>
            <ns3:hr>167</ns3:hr>
          </ns3:TrackPointExtension>
        </extensions>
      </trkpt>
      <trkpt lat="52.01600910164415836334228515625" lon="5.81395852379500865936279296875">
        <ele>32.799999237060546875</ele>
        <time>2026-05-30T10:54:07.000Z</time>
        <extensions>
          <ns3:TrackPointExtension>
            <ns3:hr>166</ns3:hr>
          </ns3:TrackPointExtension>
        </extensions>
      </trkpt>
      <trkpt lat="52.016017735004425048828125" lon="5.8139225654304027557373046875">
        <ele>32.799999237060546875</ele>
        <time>2026-05-30T10:54:09.000Z</time>
        <extensions>
          <ns3:TrackPointExtension>
            <ns3:hr>167</ns3:hr>
          </ns3:TrackPointExtension>
        </extensions>
      </trkpt>
      <trkpt lat="52.0160581357777118682861328125" lon="5.81380111165344715118408203125">
        <ele>33</ele>
        <time>2026-05-30T10:54:17.000Z</time>
        <extensions>
          <ns3:TrackPointExtension>
            <ns3:hr>166</ns3:hr>
          </ns3:TrackPointExtension>
        </extensions>
      </trkpt>
      <trkpt lat="52.01611538417637348175048828125" lon="5.8135936595499515533447265625">
        <ele>33</ele>
        <time>2026-05-30T10:54:29.000Z</time>
        <extensions>
          <ns3:TrackPointExtension>
            <ns3:hr>167</ns3:hr>
          </ns3:TrackPointExtension>
        </extensions>
      </trkpt>
      <trkpt lat="52.01616324484348297119140625" lon="5.81341738812625408172607421875">
        <ele>32.799999237060546875</ele>
        <time>2026-05-30T10:54:39.000Z</time>
        <extensions>
          <ns3:TrackPointExtension>
            <ns3:hr>166</ns3:hr>
          </ns3:TrackPointExtension>
        </extensions>
      </trkpt>
      <trkpt lat="52.0162227563560009002685546875" lon="5.81322879530489444732666015625">
        <ele>33.200000762939453125</ele>
        <time>2026-05-30T10:54:49.000Z</time>
        <extensions>
          <ns3:TrackPointExtension>
            <ns3:hr>166</ns3:hr>
          </ns3:TrackPointExtension>
        </extensions>
      </trkpt>
      <trkpt lat="52.0162774063646793365478515625" lon="5.8130803517997264862060546875">
        <ele>33.200000762939453125</ele>
        <time>2026-05-30T10:54:58.000Z</time>
        <extensions>
          <ns3:TrackPointExtension>
            <ns3:hr>164</ns3:hr>
          </ns3:TrackPointExtension>
        </extensions>
      </trkpt>
      <trkpt lat="52.0163367502391338348388671875" lon="5.81288077868521213531494140625">
        <ele>33.40000152587890625</ele>
        <time>2026-05-30T10:55:10.000Z</time>
        <extensions>
          <ns3:TrackPointExtension>
            <ns3:hr>166</ns3:hr>
          </ns3:TrackPointExtension>
        </extensions>
      </trkpt>
      <trkpt lat="52.01638863421976566314697265625" lon="5.81265144981443881988525390625">
        <ele>33.59999847412109375</ele>
        <time>2026-05-30T10:55:22.000Z</time>
        <extensions>
          <ns3:TrackPointExtension>
            <ns3:hr>168</ns3:hr>
          </ns3:TrackPointExtension>
        </extensions>
      </trkpt>
      <trkpt lat="52.01644713990390300750732421875" lon="5.81247827969491481781005859375">
        <ele>33.59999847412109375</ele>
        <time>2026-05-30T10:55:31.000Z</time>
        <extensions>
          <ns3:TrackPointExtension>
            <ns3:hr>169</ns3:hr>
          </ns3:TrackPointExtension>
        </extensions>
      </trkpt>
      <trkpt lat="52.0164571143686771392822265625" lon="5.81244860775768756866455078125">
        <ele>33.799999237060546875</ele>
        <time>2026-05-30T10:55:33.000Z</time>
        <extensions>
          <ns3:TrackPointExtension>
            <ns3:hr>170</ns3:hr>
          </ns3:TrackPointExtension>
        </extensions>
      </trkpt>
      <trkpt lat="52.01647781766951084136962890625" lon="5.81237937323749065399169921875">
        <ele>33.59999847412109375</ele>
        <time>2026-05-30T10:55:38.000Z</time>
        <extensions>
          <ns3:TrackPointExtension>
            <ns3:hr>170</ns3:hr>
          </ns3:TrackPointExtension>
        </extensions>
      </trkpt>
      <trkpt lat="52.01653095893561840057373046875" lon="5.81218927167356014251708984375">
        <ele>33.59999847412109375</ele>
        <time>2026-05-30T10:55:48.000Z</time>
        <extensions>
          <ns3:TrackPointExtension>
            <ns3:hr>170</ns3:hr>
          </ns3:TrackPointExtension>
        </extensions>
      </trkpt>
      <trkpt lat="52.0165563561022281646728515625" lon="5.812107883393764495849609375">
        <ele>33.799999237060546875</ele>
        <time>2026-05-30T10:55:52.000Z</time>
        <extensions>
          <ns3:TrackPointExtension>
            <ns3:hr>171</ns3:hr>
          </ns3:TrackPointExtension>
        </extensions>
      </trkpt>
      <trkpt lat="52.01659315265715122222900390625" lon="5.81200017593801021575927734375">
        <ele>34.200000762939453125</ele>
        <time>2026-05-30T10:55:57.000Z</time>
        <extensions>
          <ns3:TrackPointExtension>
            <ns3:hr>172</ns3:hr>
          </ns3:TrackPointExtension>
        </extensions>
      </trkpt>
      <trkpt lat="52.0166307874023914337158203125" lon="5.8119166083633899688720703125">
        <ele>33.799999237060546875</ele>
        <time>2026-05-30T10:56:03.000Z</time>
        <extensions>
          <ns3:TrackPointExtension>
            <ns3:hr>173</ns3:hr>
          </ns3:TrackPointExtension>
        </extensions>
      </trkpt>
      <trkpt lat="52.01668091118335723876953125" lon="5.811784006655216217041015625">
        <ele>33.59999847412109375</ele>
        <time>2026-05-30T10:56:11.000Z</time>
        <extensions>
          <ns3:TrackPointExtension>
            <ns3:hr>172</ns3:hr>
          </ns3:TrackPointExtension>
        </extensions>
      </trkpt>
      <trkpt lat="52.01672290451824665069580078125" lon="5.81163003109395503997802734375">
        <ele>33.40000152587890625</ele>
        <time>2026-05-30T10:56:20.000Z</time>
        <extensions>
          <ns3:TrackPointExtension>
            <ns3:hr>171</ns3:hr>
          </ns3:TrackPointExtension>
        </extensions>
      </trkpt>
      <trkpt lat="52.01680974103510379791259765625" lon="5.811403803527355194091796875">
        <ele>33.40000152587890625</ele>
        <time>2026-05-30T10:56:32.000Z</time>
        <extensions>
          <ns3:TrackPointExtension>
            <ns3:hr>170</ns3:hr>
          </ns3:TrackPointExtension>
        </extensions>
      </trkpt>
      <trkpt lat="52.016825415194034576416015625" lon="5.81130950711667537689208984375">
        <ele>33.59999847412109375</ele>
        <time>2026-05-30T10:56:39.000Z</time>
        <extensions>
          <ns3:TrackPointExtension>
            <ns3:hr>170</ns3:hr>
          </ns3:TrackPointExtension>
        </extensions>
      </trkpt>
      <trkpt lat="52.0168765448033809661865234375" lon="5.81116416491568088531494140625">
        <ele>33.59999847412109375</ele>
        <time>2026-05-30T10:56:48.000Z</time>
        <extensions>
          <ns3:TrackPointExtension>
            <ns3:hr>170</ns3:hr>
          </ns3:TrackPointExtension>
        </extensions>
      </trkpt>
      <trkpt lat="52.01691091060638427734375" lon="5.81106810830533504486083984375">
        <ele>33.59999847412109375</ele>
        <time>2026-05-30T10:56:55.000Z</time>
        <extensions>
          <ns3:TrackPointExtension>
            <ns3:hr>169</ns3:hr>
          </ns3:TrackPointExtension>
        </extensions>
      </trkpt>
      <trkpt lat="52.01692239381372928619384765625" lon="5.8110743947327136993408203125">
        <ele>33.799999237060546875</ele>
        <time>2026-05-30T10:56:59.000Z</time>
        <extensions>
          <ns3:TrackPointExtension>
            <ns3:hr>169</ns3:hr>
          </ns3:TrackPointExtension>
        </extensions>
      </trkpt>
      <trkpt lat="52.0169187895953655242919921875" lon="5.81107783131301403045654296875">
        <ele>34</ele>
        <time>2026-05-30T10:57:02.000Z</time>
        <extensions>
          <ns3:TrackPointExtension>
            <ns3:hr>168</ns3:hr>
          </ns3:TrackPointExtension>
        </extensions>
      </trkpt>
      <trkpt lat="52.0168939791619777679443359375" lon="5.81106592901051044464111328125">
        <ele>34.200000762939453125</ele>
        <time>2026-05-30T10:57:11.000Z</time>
        <extensions>
          <ns3:TrackPointExtension>
            <ns3:hr>170</ns3:hr>
          </ns3:TrackPointExtension>
        </extensions>
      </trkpt>
      <trkpt lat="52.0169087313115596771240234375" lon="5.81106643192470073699951171875">
        <ele>34</ele>
        <time>2026-05-30T10:57:20.000Z</time>
        <extensions>
          <ns3:TrackPointExtension>
            <ns3:hr>173</ns3:hr>
          </ns3:TrackPointExtension>
        </extensions>
      </trkpt>
      <trkpt lat="52.0169130899012088775634765625" lon="5.81106944940984249114990234375">
        <ele>33.200000762939453125</ele>
        <time>2026-05-30T10:57:32.000Z</time>
        <extensions>
          <ns3:TrackPointExtension>
            <ns3:hr>174</ns3:hr>
          </ns3:TrackPointExtension>
        </extensions>
      </trkpt>
      <trkpt lat="52.01693236827850341796875" lon="5.8110043220221996307373046875">
        <ele>33</ele>
        <time>2026-05-30T10:57:38.000Z</time>
        <extensions>
          <ns3:TrackPointExtension>
            <ns3:hr>173</ns3:hr>
          </ns3:TrackPointExtension>
        </extensions>
      </trkpt>
      <trkpt lat="52.016959525644779205322265625" lon="5.8109453134238719940185546875">
        <ele>32.799999237060546875</ele>
        <time>2026-05-30T10:57:42.000Z</time>
        <extensions>
          <ns3:TrackPointExtension>
            <ns3:hr>173</ns3:hr>
          </ns3:TrackPointExtension>
        </extensions>
      </trkpt>
      <trkpt lat="52.0169767923653125762939453125" lon="5.81088622100651264190673828125">
        <ele>33.200000762939453125</ele>
        <time>2026-05-30T10:57:46.000Z</time>
        <extensions>
          <ns3:TrackPointExtension>
            <ns3:hr>170</ns3:hr>
          </ns3:TrackPointExtension>
        </extensions>
      </trkpt>
      <trkpt lat="52.01699431054294109344482421875" lon="5.81084422767162322998046875">
        <ele>33.40000152587890625</ele>
        <time>2026-05-30T10:57:48.000Z</time>
        <extensions>
          <ns3:TrackPointExtension>
            <ns3:hr>170</ns3:hr>
          </ns3:TrackPointExtension>
        </extensions>
      </trkpt>
      <trkpt lat="52.0170280896127223968505859375" lon="5.810754708945751190185546875">
        <ele>32.799999237060546875</ele>
        <time>2026-05-30T10:57:54.000Z</time>
        <extensions>
          <ns3:TrackPointExtension>
            <ns3:hr>167</ns3:hr>
          </ns3:TrackPointExtension>
        </extensions>
      </trkpt>
      <trkpt lat="52.0170518942177295684814453125" lon="5.810701064765453338623046875">
        <ele>32.799999237060546875</ele>
        <time>2026-05-30T10:57:57.000Z</time>
        <extensions>
          <ns3:TrackPointExtension>
            <ns3:hr>166</ns3:hr>
          </ns3:TrackPointExtension>
        </extensions>
      </trkpt>
      <trkpt lat="52.01711685396730899810791015625" lon="5.810577683150768280029296875">
        <ele>32.799999237060546875</ele>
        <time>2026-05-30T10:58:06.000Z</time>
        <extensions>
          <ns3:TrackPointExtension>
            <ns3:hr>164</ns3:hr>
          </ns3:TrackPointExtension>
        </extensions>
      </trkpt>
      <trkpt lat="52.017176784574985504150390625" lon="5.8104172535240650177001953125">
        <ele>32.799999237060546875</ele>
        <time>2026-05-30T10:58:17.000Z</time>
        <extensions>
          <ns3:TrackPointExtension>
            <ns3:hr>164</ns3:hr>
          </ns3:TrackPointExtension>
        </extensions>
      </trkpt>
      <trkpt lat="52.01724844984710216522216796875" lon="5.8102120645344257354736328125">
        <ele>32.40000152587890625</ele>
        <time>2026-05-30T10:58:29.000Z</time>
        <extensions>
          <ns3:TrackPointExtension>
            <ns3:hr>165</ns3:hr>
          </ns3:TrackPointExtension>
        </extensions>
      </trkpt>
      <trkpt lat="52.01728583313524723052978515625" lon="5.8101446740329265594482421875">
        <ele>33</ele>
        <time>2026-05-30T10:58:34.000Z</time>
        <extensions>
          <ns3:TrackPointExtension>
            <ns3:hr>162</ns3:hr>
          </ns3:TrackPointExtension>
        </extensions>
      </trkpt>
      <trkpt lat="52.01729924418032169342041015625" lon="5.8101205341517925262451171875">
        <ele>32.799999237060546875</ele>
        <time>2026-05-30T10:58:36.000Z</time>
        <extensions>
          <ns3:TrackPointExtension>
            <ns3:hr>162</ns3:hr>
          </ns3:TrackPointExtension>
        </extensions>
      </trkpt>
      <trkpt lat="52.01735942624509334564208984375" lon="5.80996940843760967254638671875">
        <ele>32</ele>
        <time>2026-05-30T10:58:45.000Z</time>
        <extensions>
          <ns3:TrackPointExtension>
            <ns3:hr>162</ns3:hr>
          </ns3:TrackPointExtension>
        </extensions>
      </trkpt>
      <trkpt lat="52.0174374617636203765869140625" lon="5.80980227328836917877197265625">
        <ele>32</ele>
        <time>2026-05-30T10:58:55.000Z</time>
        <extensions>
          <ns3:TrackPointExtension>
            <ns3:hr>162</ns3:hr>
          </ns3:TrackPointExtension>
        </extensions>
      </trkpt>
      <trkpt lat="52.017481215298175811767578125" lon="5.8096960745751857757568359375">
        <ele>31.799999237060546875</ele>
        <time>2026-05-30T10:59:02.000Z</time>
        <extensions>
          <ns3:TrackPointExtension>
            <ns3:hr>163</ns3:hr>
          </ns3:TrackPointExtension>
        </extensions>
      </trkpt>
      <trkpt lat="52.0175061933696269989013671875" lon="5.8096457831561565399169921875">
        <ele>31.799999237060546875</ele>
        <time>2026-05-30T10:59:05.000Z</time>
        <extensions>
          <ns3:TrackPointExtension>
            <ns3:hr>163</ns3:hr>
          </ns3:TrackPointExtension>
        </extensions>
      </trkpt>
      <trkpt lat="52.0175792835652828216552734375" lon="5.80948577262461185455322265625">
        <ele>31.3999996185302734375</ele>
        <time>2026-05-30T10:59:16.000Z</time>
        <extensions>
          <ns3:TrackPointExtension>
            <ns3:hr>162</ns3:hr>
          </ns3:TrackPointExtension>
        </extensions>
      </trkpt>
      <trkpt lat="52.01763066463172435760498046875" lon="5.80932081677019596099853515625">
        <ele>31</ele>
        <time>2026-05-30T10:59:27.000Z</time>
        <extensions>
          <ns3:TrackPointExtension>
            <ns3:hr>163</ns3:hr>
          </ns3:TrackPointExtension>
        </extensions>
      </trkpt>
      <trkpt lat="52.01765949837863445281982421875" lon="5.80924403853714466094970703125">
        <ele>30.799999237060546875</ele>
        <time>2026-05-30T10:59:31.000Z</time>
        <extensions>
          <ns3:TrackPointExtension>
            <ns3:hr>162</ns3:hr>
          </ns3:TrackPointExtension>
        </extensions>
      </trkpt>
      <trkpt lat="52.01770677231252193450927734375" lon="5.80913473851978778839111328125">
        <ele>30.799999237060546875</ele>
        <time>2026-05-30T10:59:37.000Z</time>
        <extensions>
          <ns3:TrackPointExtension>
            <ns3:hr>160</ns3:hr>
          </ns3:TrackPointExtension>
        </extensions>
      </trkpt>
      <trkpt lat="52.01777030713856220245361328125" lon="5.8090070821344852447509765625">
        <ele>30.3999996185302734375</ele>
        <time>2026-05-30T10:59:45.000Z</time>
        <extensions>
          <ns3:TrackPointExtension>
            <ns3:hr>160</ns3:hr>
          </ns3:TrackPointExtension>
        </extensions>
      </trkpt>
      <trkpt lat="52.0178454928100109100341796875" lon="5.8088830299675464630126953125">
        <ele>30</ele>
        <time>2026-05-30T10:59:54.000Z</time>
        <extensions>
          <ns3:TrackPointExtension>
            <ns3:hr>161</ns3:hr>
          </ns3:TrackPointExtension>
        </extensions>
      </trkpt>
      <trkpt lat="52.01789502985775470733642578125" lon="5.80878420732915401458740234375">
        <ele>29.799999237060546875</ele>
        <time>2026-05-30T11:00:00.000Z</time>
        <extensions>
          <ns3:TrackPointExtension>
            <ns3:hr>160</ns3:hr>
          </ns3:TrackPointExtension>
        </extensions>
      </trkpt>
      <trkpt lat="52.01792470179498195648193359375" lon="5.80871430225670337677001953125">
        <ele>29.6000003814697265625</ele>
        <time>2026-05-30T11:00:04.000Z</time>
        <extensions>
          <ns3:TrackPointExtension>
            <ns3:hr>159</ns3:hr>
          </ns3:TrackPointExtension>
        </extensions>
      </trkpt>
      <trkpt lat="52.01797868125140666961669921875" lon="5.80855957232415676116943359375">
        <ele>29.3999996185302734375</ele>
        <time>2026-05-30T11:00:15.000Z</time>
        <extensions>
          <ns3:TrackPointExtension>
            <ns3:hr>159</ns3:hr>
          </ns3:TrackPointExtension>
        </extensions>
      </trkpt>
      <trkpt lat="52.01805277727544307708740234375" lon="5.80839537084102630615234375">
        <ele>29.200000762939453125</ele>
        <time>2026-05-30T11:00:26.000Z</time>
        <extensions>
          <ns3:TrackPointExtension>
            <ns3:hr>158</ns3:hr>
          </ns3:TrackPointExtension>
        </extensions>
      </trkpt>
      <trkpt lat="52.01813726685941219329833984375" lon="5.80822379328310489654541015625">
        <ele>28.799999237060546875</ele>
        <time>2026-05-30T11:00:36.000Z</time>
        <extensions>
          <ns3:TrackPointExtension>
            <ns3:hr>158</ns3:hr>
          </ns3:TrackPointExtension>
        </extensions>
      </trkpt>
      <trkpt lat="52.01814212836325168609619140625" lon="5.80821054987609386444091796875">
        <ele>28.799999237060546875</ele>
        <time>2026-05-30T11:00:37.000Z</time>
        <extensions>
          <ns3:TrackPointExtension>
            <ns3:hr>159</ns3:hr>
          </ns3:TrackPointExtension>
        </extensions>
      </trkpt>
      <trkpt lat="52.0182052440941333770751953125" lon="5.80810728482902050018310546875">
        <ele>28.6000003814697265625</ele>
        <time>2026-05-30T11:00:44.000Z</time>
        <extensions>
          <ns3:TrackPointExtension>
            <ns3:hr>160</ns3:hr>
          </ns3:TrackPointExtension>
        </extensions>
      </trkpt>
      <trkpt lat="52.018263749778270721435546875" lon="5.80798155628144741058349609375">
        <ele>28.6000003814697265625</ele>
        <time>2026-05-30T11:00:52.000Z</time>
        <extensions>
          <ns3:TrackPointExtension>
            <ns3:hr>160</ns3:hr>
          </ns3:TrackPointExtension>
        </extensions>
      </trkpt>
      <trkpt lat="52.01833491213619709014892578125" lon="5.80783705227077007293701171875">
        <ele>28.200000762939453125</ele>
        <time>2026-05-30T11:01:01.000Z</time>
        <extensions>
          <ns3:TrackPointExtension>
            <ns3:hr>159</ns3:hr>
          </ns3:TrackPointExtension>
        </extensions>
      </trkpt>
      <trkpt lat="52.0184067450463771820068359375" lon="5.80770646221935749053955078125">
        <ele>28.200000762939453125</ele>
        <time>2026-05-30T11:01:09.000Z</time>
        <extensions>
          <ns3:TrackPointExtension>
            <ns3:hr>160</ns3:hr>
          </ns3:TrackPointExtension>
        </extensions>
      </trkpt>
      <trkpt lat="52.0184536837041378021240234375" lon="5.8076193742454051971435546875">
        <ele>28.6000003814697265625</ele>
        <time>2026-05-30T11:01:17.000Z</time>
        <extensions>
          <ns3:TrackPointExtension>
            <ns3:hr>160</ns3:hr>
          </ns3:TrackPointExtension>
        </extensions>
      </trkpt>
      <trkpt lat="52.01854697428643703460693359375" lon="5.80746506340801715850830078125">
        <ele>28.200000762939453125</ele>
        <time>2026-05-30T11:01:27.000Z</time>
        <extensions>
          <ns3:TrackPointExtension>
            <ns3:hr>162</ns3:hr>
          </ns3:TrackPointExtension>
        </extensions>
      </trkpt>
      <trkpt lat="52.01863355934619903564453125" lon="5.80733799375593662261962890625">
        <ele>28.3999996185302734375</ele>
        <time>2026-05-30T11:01:37.000Z</time>
        <extensions>
          <ns3:TrackPointExtension>
            <ns3:hr>162</ns3:hr>
          </ns3:TrackPointExtension>
        </extensions>
      </trkpt>
      <trkpt lat="52.0187390036880970001220703125" lon="5.80727797932922840118408203125">
        <ele>28.3999996185302734375</ele>
        <time>2026-05-30T11:01:47.000Z</time>
        <extensions>
          <ns3:TrackPointExtension>
            <ns3:hr>162</ns3:hr>
          </ns3:TrackPointExtension>
        </extensions>
      </trkpt>
      <trkpt lat="52.0187281072139739990234375" lon="5.807222910225391387939453125">
        <ele>28.3999996185302734375</ele>
        <time>2026-05-30T11:01:51.000Z</time>
        <extensions>
          <ns3:TrackPointExtension>
            <ns3:hr>162</ns3:hr>
          </ns3:TrackPointExtension>
        </extensions>
      </trkpt>
      <trkpt lat="52.01871670782566070556640625" lon="5.80721042118966579437255859375">
        <ele>28.3999996185302734375</ele>
        <time>2026-05-30T11:01:52.000Z</time>
        <extensions>
          <ns3:TrackPointExtension>
            <ns3:hr>162</ns3:hr>
          </ns3:TrackPointExtension>
        </extensions>
      </trkpt>
      <trkpt lat="52.01866499148309230804443359375" lon="5.807122327387332916259765625">
        <ele>28.3999996185302734375</ele>
        <time>2026-05-30T11:01:59.000Z</time>
        <extensions>
          <ns3:TrackPointExtension>
            <ns3:hr>161</ns3:hr>
          </ns3:TrackPointExtension>
        </extensions>
      </trkpt>
      <trkpt lat="52.01859005726873874664306640625" lon="5.807020403444766998291015625">
        <ele>28.200000762939453125</ele>
        <time>2026-05-30T11:02:07.000Z</time>
        <extensions>
          <ns3:TrackPointExtension>
            <ns3:hr>163</ns3:hr>
          </ns3:TrackPointExtension>
        </extensions>
      </trkpt>
      <trkpt lat="52.018515877425670623779296875" lon="5.806889645755290985107421875">
        <ele>28.3999996185302734375</ele>
        <time>2026-05-30T11:02:16.000Z</time>
        <extensions>
          <ns3:TrackPointExtension>
            <ns3:hr>163</ns3:hr>
          </ns3:TrackPointExtension>
        </extensions>
      </trkpt>
      <trkpt lat="52.01850355602800846099853515625" lon="5.8068479038774967193603515625">
        <ele>28.200000762939453125</ele>
        <time>2026-05-30T11:02:19.000Z</time>
        <extensions>
          <ns3:TrackPointExtension>
            <ns3:hr>160</ns3:hr>
          </ns3:TrackPointExtension>
        </extensions>
      </trkpt>
      <trkpt lat="52.01847539283335208892822265625" lon="5.806778334081172943115234375">
        <ele>28.3999996185302734375</ele>
        <time>2026-05-30T11:02:24.000Z</time>
        <extensions>
          <ns3:TrackPointExtension>
            <ns3:hr>159</ns3:hr>
          </ns3:TrackPointExtension>
        </extensions>
      </trkpt>
      <trkpt lat="52.01842862181365489959716796875" lon="5.806706584990024566650390625">
        <ele>28.6000003814697265625</ele>
        <time>2026-05-30T11:02:31.000Z</time>
        <extensions>
          <ns3:TrackPointExtension>
            <ns3:hr>161</ns3:hr>
          </ns3:TrackPointExtension>
        </extensions>
      </trkpt>
      <trkpt lat="52.01834094710648059844970703125" lon="5.80659586004912853240966796875">
        <ele>28</ele>
        <time>2026-05-30T11:02:39.000Z</time>
        <extensions>
          <ns3:TrackPointExtension>
            <ns3:hr>160</ns3:hr>
          </ns3:TrackPointExtension>
        </extensions>
      </trkpt>
      <trkpt lat="52.018253020942211151123046875" lon="5.80651053227484226226806640625">
        <ele>27.799999237060546875</ele>
        <time>2026-05-30T11:02:48.000Z</time>
        <extensions>
          <ns3:TrackPointExtension>
            <ns3:hr>160</ns3:hr>
          </ns3:TrackPointExtension>
        </extensions>
      </trkpt>
      <trkpt lat="52.01822075061500072479248046875" lon="5.80648555420339107513427734375">
        <ele>27.799999237060546875</ele>
        <time>2026-05-30T11:02:51.000Z</time>
        <extensions>
          <ns3:TrackPointExtension>
            <ns3:hr>161</ns3:hr>
          </ns3:TrackPointExtension>
        </extensions>
      </trkpt>
      <trkpt lat="52.01816283166408538818359375" lon="5.80642671324312686920166015625">
        <ele>27.6000003814697265625</ele>
        <time>2026-05-30T11:02:56.000Z</time>
        <extensions>
          <ns3:TrackPointExtension>
            <ns3:hr>161</ns3:hr>
          </ns3:TrackPointExtension>
        </extensions>
      </trkpt>
      <trkpt lat="52.0180842094123363494873046875" lon="5.8063602447509765625">
        <ele>27.6000003814697265625</ele>
        <time>2026-05-30T11:03:04.000Z</time>
        <extensions>
          <ns3:TrackPointExtension>
            <ns3:hr>161</ns3:hr>
          </ns3:TrackPointExtension>
        </extensions>
      </trkpt>
      <trkpt lat="52.018037773668766021728515625" lon="5.8062645234167575836181640625">
        <ele>27.6000003814697265625</ele>
        <time>2026-05-30T11:03:11.000Z</time>
        <extensions>
          <ns3:TrackPointExtension>
            <ns3:hr>161</ns3:hr>
          </ns3:TrackPointExtension>
        </extensions>
      </trkpt>
      <trkpt lat="52.0179447345435619354248046875" lon="5.80613602884113788604736328125">
        <ele>27.799999237060546875</ele>
        <time>2026-05-30T11:03:21.000Z</time>
        <extensions>
          <ns3:TrackPointExtension>
            <ns3:hr>159</ns3:hr>
          </ns3:TrackPointExtension>
        </extensions>
      </trkpt>
      <trkpt lat="52.01787776313722133636474609375" lon="5.80604935996234416961669921875">
        <ele>27.799999237060546875</ele>
        <time>2026-05-30T11:03:29.000Z</time>
        <extensions>
          <ns3:TrackPointExtension>
            <ns3:hr>159</ns3:hr>
          </ns3:TrackPointExtension>
        </extensions>
      </trkpt>
      <trkpt lat="52.01777114532887935638427734375" lon="5.80595280043780803680419921875">
        <ele>27.6000003814697265625</ele>
        <time>2026-05-30T11:03:38.000Z</time>
        <extensions>
          <ns3:TrackPointExtension>
            <ns3:hr>159</ns3:hr>
          </ns3:TrackPointExtension>
        </extensions>
      </trkpt>
      <trkpt lat="52.0177083648741245269775390625" lon="5.80586160533130168914794921875">
        <ele>27.799999237060546875</ele>
        <time>2026-05-30T11:03:46.000Z</time>
        <extensions>
          <ns3:TrackPointExtension>
            <ns3:hr>159</ns3:hr>
          </ns3:TrackPointExtension>
        </extensions>
      </trkpt>
      <trkpt lat="52.01762010343372821807861328125" lon="5.80577074550092220306396484375">
        <ele>27.3999996185302734375</ele>
        <time>2026-05-30T11:03:56.000Z</time>
        <extensions>
          <ns3:TrackPointExtension>
            <ns3:hr>158</ns3:hr>
          </ns3:TrackPointExtension>
        </extensions>
      </trkpt>
      <trkpt lat="52.017538547515869140625" lon="5.80569245852530002593994140625">
        <ele>27.3999996185302734375</ele>
        <time>2026-05-30T11:04:04.000Z</time>
        <extensions>
          <ns3:TrackPointExtension>
            <ns3:hr>159</ns3:hr>
          </ns3:TrackPointExtension>
        </extensions>
      </trkpt>
      <trkpt lat="52.017487250268459320068359375" lon="5.8056191168725490570068359375">
        <ele>27.3999996185302734375</ele>
        <time>2026-05-30T11:04:11.000Z</time>
        <extensions>
          <ns3:TrackPointExtension>
            <ns3:hr>159</ns3:hr>
          </ns3:TrackPointExtension>
        </extensions>
      </trkpt>
      <trkpt lat="52.0174066163599491119384765625" lon="5.8055272512137889862060546875">
        <ele>27.799999237060546875</ele>
        <time>2026-05-30T11:04:20.000Z</time>
        <extensions>
          <ns3:TrackPointExtension>
            <ns3:hr>159</ns3:hr>
          </ns3:TrackPointExtension>
        </extensions>
      </trkpt>
      <trkpt lat="52.01730460859835147857666015625" lon="5.8054053783416748046875">
        <ele>27.3999996185302734375</ele>
        <time>2026-05-30T11:04:31.000Z</time>
        <extensions>
          <ns3:TrackPointExtension>
            <ns3:hr>159</ns3:hr>
          </ns3:TrackPointExtension>
        </extensions>
      </trkpt>
      <trkpt lat="52.0172188617289066314697265625" lon="5.80528794787824153900146484375">
        <ele>27.3999996185302734375</ele>
        <time>2026-05-30T11:04:40.000Z</time>
        <extensions>
          <ns3:TrackPointExtension>
            <ns3:hr>159</ns3:hr>
          </ns3:TrackPointExtension>
        </extensions>
      </trkpt>
      <trkpt lat="52.01715339906513690948486328125" lon="5.8052221499383449554443359375">
        <ele>27.799999237060546875</ele>
        <time>2026-05-30T11:04:48.000Z</time>
        <extensions>
          <ns3:TrackPointExtension>
            <ns3:hr>159</ns3:hr>
          </ns3:TrackPointExtension>
        </extensions>
      </trkpt>
      <trkpt lat="52.01704703271389007568359375" lon="5.80509223043918609619140625">
        <ele>27.6000003814697265625</ele>
        <time>2026-05-30T11:05:00.000Z</time>
        <extensions>
          <ns3:TrackPointExtension>
            <ns3:hr>159</ns3:hr>
          </ns3:TrackPointExtension>
        </extensions>
      </trkpt>
      <trkpt lat="52.01696380041539669036865234375" lon="5.80500304698944091796875">
        <ele>27.799999237060546875</ele>
        <time>2026-05-30T11:05:09.000Z</time>
        <extensions>
          <ns3:TrackPointExtension>
            <ns3:hr>159</ns3:hr>
          </ns3:TrackPointExtension>
        </extensions>
      </trkpt>
      <trkpt lat="52.01684226281940937042236328125" lon="5.8048761449754238128662109375">
        <ele>27.200000762939453125</ele>
        <time>2026-05-30T11:05:20.000Z</time>
        <extensions>
          <ns3:TrackPointExtension>
            <ns3:hr>159</ns3:hr>
          </ns3:TrackPointExtension>
        </extensions>
      </trkpt>
      <trkpt lat="52.01676079072058200836181640625" lon="5.80476701259613037109375">
        <ele>27.3999996185302734375</ele>
        <time>2026-05-30T11:05:29.000Z</time>
        <extensions>
          <ns3:TrackPointExtension>
            <ns3:hr>159</ns3:hr>
          </ns3:TrackPointExtension>
        </extensions>
      </trkpt>
      <trkpt lat="52.01669432222843170166015625" lon="5.80465679056942462921142578125">
        <ele>27.200000762939453125</ele>
        <time>2026-05-30T11:05:38.000Z</time>
        <extensions>
          <ns3:TrackPointExtension>
            <ns3:hr>162</ns3:hr>
          </ns3:TrackPointExtension>
        </extensions>
      </trkpt>
      <trkpt lat="52.01660304330289363861083984375" lon="5.80456878058612346649169921875">
        <ele>27.200000762939453125</ele>
        <time>2026-05-30T11:05:47.000Z</time>
        <extensions>
          <ns3:TrackPointExtension>
            <ns3:hr>160</ns3:hr>
          </ns3:TrackPointExtension>
        </extensions>
      </trkpt>
      <trkpt lat="52.0165063999593257904052734375" lon="5.80445897765457630157470703125">
        <ele>27.200000762939453125</ele>
        <time>2026-05-30T11:05:57.000Z</time>
        <extensions>
          <ns3:TrackPointExtension>
            <ns3:hr>161</ns3:hr>
          </ns3:TrackPointExtension>
        </extensions>
      </trkpt>
      <trkpt lat="52.01638997532427310943603515625" lon="5.80434783361852169036865234375">
        <ele>27.200000762939453125</ele>
        <time>2026-05-30T11:06:08.000Z</time>
        <extensions>
          <ns3:TrackPointExtension>
            <ns3:hr>162</ns3:hr>
          </ns3:TrackPointExtension>
        </extensions>
      </trkpt>
      <trkpt lat="52.016323506832122802734375" lon="5.804259739816188812255859375">
        <ele>27.3999996185302734375</ele>
        <time>2026-05-30T11:06:16.000Z</time>
        <extensions>
          <ns3:TrackPointExtension>
            <ns3:hr>163</ns3:hr>
          </ns3:TrackPointExtension>
        </extensions>
      </trkpt>
      <trkpt lat="52.01622703112661838531494140625" lon="5.8041418902575969696044921875">
        <ele>27.6000003814697265625</ele>
        <time>2026-05-30T11:06:25.000Z</time>
        <extensions>
          <ns3:TrackPointExtension>
            <ns3:hr>161</ns3:hr>
          </ns3:TrackPointExtension>
        </extensions>
      </trkpt>
      <trkpt lat="52.01615762896835803985595703125" lon="5.8040610887110233306884765625">
        <ele>27.799999237060546875</ele>
        <time>2026-05-30T11:06:33.000Z</time>
        <extensions>
          <ns3:TrackPointExtension>
            <ns3:hr>162</ns3:hr>
          </ns3:TrackPointExtension>
        </extensions>
      </trkpt>
      <trkpt lat="52.016069702804088592529296875" lon="5.8039672113955020904541015625">
        <ele>28.200000762939453125</ele>
        <time>2026-05-30T11:06:41.000Z</time>
        <extensions>
          <ns3:TrackPointExtension>
            <ns3:hr>163</ns3:hr>
          </ns3:TrackPointExtension>
        </extensions>
      </trkpt>
      <trkpt lat="52.0159974507987499237060546875" lon="5.8038797043263912200927734375">
        <ele>28</ele>
        <time>2026-05-30T11:06:50.000Z</time>
        <extensions>
          <ns3:TrackPointExtension>
            <ns3:hr>164</ns3:hr>
          </ns3:TrackPointExtension>
        </extensions>
      </trkpt>
      <trkpt lat="52.0159324072301387786865234375" lon="5.8037932030856609344482421875">
        <ele>28.799999237060546875</ele>
        <time>2026-05-30T11:06:57.000Z</time>
        <extensions>
          <ns3:TrackPointExtension>
            <ns3:hr>164</ns3:hr>
          </ns3:TrackPointExtension>
        </extensions>
      </trkpt>
      <trkpt lat="52.01592385768890380859375" lon="5.8037875033915042877197265625">
        <ele>28.799999237060546875</ele>
        <time>2026-05-30T11:06:58.000Z</time>
        <extensions>
          <ns3:TrackPointExtension>
            <ns3:hr>164</ns3:hr>
          </ns3:TrackPointExtension>
        </extensions>
      </trkpt>
      <trkpt lat="52.01583601534366607666015625" lon="5.803675018250942230224609375">
        <ele>28.200000762939453125</ele>
        <time>2026-05-30T11:07:05.000Z</time>
        <extensions>
          <ns3:TrackPointExtension>
            <ns3:hr>167</ns3:hr>
          </ns3:TrackPointExtension>
        </extensions>
      </trkpt>
      <trkpt lat="52.015787065029144287109375" lon="5.8036084659397602081298828125">
        <ele>28.3999996185302734375</ele>
        <time>2026-05-30T11:07:12.000Z</time>
        <extensions>
          <ns3:TrackPointExtension>
            <ns3:hr>166</ns3:hr>
          </ns3:TrackPointExtension>
        </extensions>
      </trkpt>
      <trkpt lat="52.0157305710017681121826171875" lon="5.8035497926175594329833984375">
        <ele>28.6000003814697265625</ele>
        <time>2026-05-30T11:07:20.000Z</time>
        <extensions>
          <ns3:TrackPointExtension>
            <ns3:hr>166</ns3:hr>
          </ns3:TrackPointExtension>
        </extensions>
      </trkpt>
      <trkpt lat="52.01565630733966827392578125" lon="5.80346572212874889373779296875">
        <ele>28.799999237060546875</ele>
        <time>2026-05-30T11:07:28.000Z</time>
        <extensions>
          <ns3:TrackPointExtension>
            <ns3:hr>165</ns3:hr>
          </ns3:TrackPointExtension>
        </extensions>
      </trkpt>
      <trkpt lat="52.0155827142298221588134765625" lon="5.803348124027252197265625">
        <ele>29</ele>
        <time>2026-05-30T11:07:37.000Z</time>
        <extensions>
          <ns3:TrackPointExtension>
            <ns3:hr>165</ns3:hr>
          </ns3:TrackPointExtension>
        </extensions>
      </trkpt>
      <trkpt lat="52.0154777728021144866943359375" lon="5.80325416289269924163818359375">
        <ele>28.799999237060546875</ele>
        <time>2026-05-30T11:07:46.000Z</time>
        <extensions>
          <ns3:TrackPointExtension>
            <ns3:hr>163</ns3:hr>
          </ns3:TrackPointExtension>
        </extensions>
      </trkpt>
      <trkpt lat="52.01536453329026699066162109375" lon="5.803165733814239501953125">
        <ele>29.3999996185302734375</ele>
        <time>2026-05-30T11:07:55.000Z</time>
        <extensions>
          <ns3:TrackPointExtension>
            <ns3:hr>164</ns3:hr>
          </ns3:TrackPointExtension>
        </extensions>
      </trkpt>
      <trkpt lat="52.0153163373470306396484375" lon="5.8030924759805202484130859375">
        <ele>29</ele>
        <time>2026-05-30T11:08:02.000Z</time>
        <extensions>
          <ns3:TrackPointExtension>
            <ns3:hr>163</ns3:hr>
          </ns3:TrackPointExtension>
        </extensions>
      </trkpt>
      <trkpt lat="52.0152350328862667083740234375" lon="5.80302734859287738800048828125">
        <ele>29.3999996185302734375</ele>
        <time>2026-05-30T11:08:11.000Z</time>
        <extensions>
          <ns3:TrackPointExtension>
            <ns3:hr>163</ns3:hr>
          </ns3:TrackPointExtension>
        </extensions>
      </trkpt>
      <trkpt lat="52.015145011246204376220703125" lon="5.80291938968002796173095703125">
        <ele>29.3999996185302734375</ele>
        <time>2026-05-30T11:08:19.000Z</time>
        <extensions>
          <ns3:TrackPointExtension>
            <ns3:hr>163</ns3:hr>
          </ns3:TrackPointExtension>
        </extensions>
      </trkpt>
      <trkpt lat="52.01507183723151683807373046875" lon="5.802833139896392822265625">
        <ele>29.3999996185302734375</ele>
        <time>2026-05-30T11:08:27.000Z</time>
        <extensions>
          <ns3:TrackPointExtension>
            <ns3:hr>162</ns3:hr>
          </ns3:TrackPointExtension>
        </extensions>
      </trkpt>
      <trkpt lat="52.014987431466579437255859375" lon="5.802738256752490997314453125">
        <ele>29.6000003814697265625</ele>
        <time>2026-05-30T11:08:36.000Z</time>
        <extensions>
          <ns3:TrackPointExtension>
            <ns3:hr>162</ns3:hr>
          </ns3:TrackPointExtension>
        </extensions>
      </trkpt>
      <trkpt lat="52.0148977451026439666748046875" lon="5.802604816854000091552734375">
        <ele>29.6000003814697265625</ele>
        <time>2026-05-30T11:08:47.000Z</time>
        <extensions>
          <ns3:TrackPointExtension>
            <ns3:hr>161</ns3:hr>
          </ns3:TrackPointExtension>
        </extensions>
      </trkpt>
      <trkpt lat="52.01479724608361721038818359375" lon="5.80251873470842838287353515625">
        <ele>29.6000003814697265625</ele>
        <time>2026-05-30T11:08:56.000Z</time>
        <extensions>
          <ns3:TrackPointExtension>
            <ns3:hr>161</ns3:hr>
          </ns3:TrackPointExtension>
        </extensions>
      </trkpt>
      <trkpt lat="52.01469180174171924591064453125" lon="5.8023548685014247894287109375">
        <ele>29.799999237060546875</ele>
        <time>2026-05-30T11:09:08.000Z</time>
        <extensions>
          <ns3:TrackPointExtension>
            <ns3:hr>161</ns3:hr>
          </ns3:TrackPointExtension>
        </extensions>
      </trkpt>
      <trkpt lat="52.01468459330499172210693359375" lon="5.8023414574563503265380859375">
        <ele>29.799999237060546875</ele>
        <time>2026-05-30T11:09:09.000Z</time>
        <extensions>
          <ns3:TrackPointExtension>
            <ns3:hr>160</ns3:hr>
          </ns3:TrackPointExtension>
        </extensions>
      </trkpt>
      <trkpt lat="52.0146496407687664031982421875" lon="5.8022928424179553985595703125">
        <ele>29.799999237060546875</ele>
        <time>2026-05-30T11:09:13.000Z</time>
        <extensions>
          <ns3:TrackPointExtension>
            <ns3:hr>161</ns3:hr>
          </ns3:TrackPointExtension>
        </extensions>
      </trkpt>
      <trkpt lat="52.0146243274211883544921875" lon="5.80224079079926013946533203125">
        <ele>30.6000003814697265625</ele>
        <time>2026-05-30T11:09:18.000Z</time>
        <extensions>
          <ns3:TrackPointExtension>
            <ns3:hr>161</ns3:hr>
          </ns3:TrackPointExtension>
        </extensions>
      </trkpt>
      <trkpt lat="52.01454897411167621612548828125" lon="5.8021345920860767364501953125">
        <ele>29.799999237060546875</ele>
        <time>2026-05-30T11:09:27.000Z</time>
        <extensions>
          <ns3:TrackPointExtension>
            <ns3:hr>161</ns3:hr>
          </ns3:TrackPointExtension>
        </extensions>
      </trkpt>
      <trkpt lat="52.01442978344857692718505859375" lon="5.80201439559459686279296875">
        <ele>30</ele>
        <time>2026-05-30T11:09:37.000Z</time>
        <extensions>
          <ns3:TrackPointExtension>
            <ns3:hr>162</ns3:hr>
          </ns3:TrackPointExtension>
        </extensions>
      </trkpt>
      <trkpt lat="52.014373876154422760009765625" lon="5.801945663988590240478515625">
        <ele>30</ele>
        <time>2026-05-30T11:09:45.000Z</time>
        <extensions>
          <ns3:TrackPointExtension>
            <ns3:hr>161</ns3:hr>
          </ns3:TrackPointExtension>
        </extensions>
      </trkpt>
      <trkpt lat="52.01425041072070598602294921875" lon="5.8018150739371776580810546875">
        <ele>30.3999996185302734375</ele>
        <time>2026-05-30T11:09:57.000Z</time>
        <extensions>
          <ns3:TrackPointExtension>
            <ns3:hr>160</ns3:hr>
          </ns3:TrackPointExtension>
        </extensions>
      </trkpt>
      <trkpt lat="52.01417648233473300933837890625" lon="5.8017024211585521697998046875">
        <ele>30</ele>
        <time>2026-05-30T11:10:07.000Z</time>
        <extensions>
          <ns3:TrackPointExtension>
            <ns3:hr>159</ns3:hr>
          </ns3:TrackPointExtension>
        </extensions>
      </trkpt>
      <trkpt lat="52.01407221145927906036376953125" lon="5.80160460434854030609130859375">
        <ele>29.799999237060546875</ele>
        <time>2026-05-30T11:10:18.000Z</time>
        <extensions>
          <ns3:TrackPointExtension>
            <ns3:hr>158</ns3:hr>
          </ns3:TrackPointExtension>
        </extensions>
      </trkpt>
      <trkpt lat="52.0140072517096996307373046875" lon="5.801504440605640411376953125">
        <ele>29.6000003814697265625</ele>
        <time>2026-05-30T11:10:26.000Z</time>
        <extensions>
          <ns3:TrackPointExtension>
            <ns3:hr>158</ns3:hr>
          </ns3:TrackPointExtension>
        </extensions>
      </trkpt>
      <trkpt lat="52.0139083452522754669189453125" lon="5.80138952471315860748291015625">
        <ele>29.6000003814697265625</ele>
        <time>2026-05-30T11:10:35.000Z</time>
        <extensions>
          <ns3:TrackPointExtension>
            <ns3:hr>158</ns3:hr>
          </ns3:TrackPointExtension>
        </extensions>
      </trkpt>
      <trkpt lat="52.01384120620787143707275390625" lon="5.80132246948778629302978515625">
        <ele>29.6000003814697265625</ele>
        <time>2026-05-30T11:10:44.000Z</time>
        <extensions>
          <ns3:TrackPointExtension>
            <ns3:hr>158</ns3:hr>
          </ns3:TrackPointExtension>
        </extensions>
      </trkpt>
      <trkpt lat="52.01377750374376773834228515625" lon="5.80122725106775760650634765625">
        <ele>29.6000003814697265625</ele>
        <time>2026-05-30T11:10:52.000Z</time>
        <extensions>
          <ns3:TrackPointExtension>
            <ns3:hr>158</ns3:hr>
          </ns3:TrackPointExtension>
        </extensions>
      </trkpt>
      <trkpt lat="52.0137162320315837860107421875" lon="5.8011518977582454681396484375">
        <ele>29.6000003814697265625</ele>
        <time>2026-05-30T11:11:00.000Z</time>
        <extensions>
          <ns3:TrackPointExtension>
            <ns3:hr>159</ns3:hr>
          </ns3:TrackPointExtension>
        </extensions>
      </trkpt>
      <trkpt lat="52.013632245361804962158203125" lon="5.8010494709014892578125">
        <ele>29.3999996185302734375</ele>
        <time>2026-05-30T11:11:09.000Z</time>
        <extensions>
          <ns3:TrackPointExtension>
            <ns3:hr>159</ns3:hr>
          </ns3:TrackPointExtension>
        </extensions>
      </trkpt>
      <trkpt lat="52.0135542936623096466064453125" lon="5.80093480646610260009765625">
        <ele>29.200000762939453125</ele>
        <time>2026-05-30T11:11:19.000Z</time>
        <extensions>
          <ns3:TrackPointExtension>
            <ns3:hr>157</ns3:hr>
          </ns3:TrackPointExtension>
        </extensions>
      </trkpt>
      <trkpt lat="52.0134704746305942535400390625" lon="5.8008256740868091583251953125">
        <ele>29.3999996185302734375</ele>
        <time>2026-05-30T11:11:29.000Z</time>
        <extensions>
          <ns3:TrackPointExtension>
            <ns3:hr>157</ns3:hr>
          </ns3:TrackPointExtension>
        </extensions>
      </trkpt>
      <trkpt lat="52.0133635215461254119873046875" lon="5.800729282200336456298828125">
        <ele>29.799999237060546875</ele>
        <time>2026-05-30T11:11:38.000Z</time>
        <extensions>
          <ns3:TrackPointExtension>
            <ns3:hr>156</ns3:hr>
          </ns3:TrackPointExtension>
        </extensions>
      </trkpt>
      <trkpt lat="52.013292610645294189453125" lon="5.800652168691158294677734375">
        <ele>29.200000762939453125</ele>
        <time>2026-05-30T11:11:45.000Z</time>
        <extensions>
          <ns3:TrackPointExtension>
            <ns3:hr>155</ns3:hr>
          </ns3:TrackPointExtension>
        </extensions>
      </trkpt>
      <trkpt lat="52.0132213644683361053466796875" lon="5.80056122504174709320068359375">
        <ele>29.3999996185302734375</ele>
        <time>2026-05-30T11:11:54.000Z</time>
        <extensions>
          <ns3:TrackPointExtension>
            <ns3:hr>156</ns3:hr>
          </ns3:TrackPointExtension>
        </extensions>
      </trkpt>
      <trkpt lat="52.01313695870339870452880859375" lon="5.80048042349517345428466796875">
        <ele>28.799999237060546875</ele>
        <time>2026-05-30T11:12:04.000Z</time>
        <extensions>
          <ns3:TrackPointExtension>
            <ns3:hr>157</ns3:hr>
          </ns3:TrackPointExtension>
        </extensions>
      </trkpt>
      <trkpt lat="52.01305615715682506561279296875" lon="5.8003748953342437744140625">
        <ele>29</ele>
        <time>2026-05-30T11:12:13.000Z</time>
        <extensions>
          <ns3:TrackPointExtension>
            <ns3:hr>157</ns3:hr>
          </ns3:TrackPointExtension>
        </extensions>
      </trkpt>
      <trkpt lat="52.0130275748670101165771484375" lon="5.8003405295312404632568359375">
        <ele>28.799999237060546875</ele>
        <time>2026-05-30T11:12:17.000Z</time>
        <extensions>
          <ns3:TrackPointExtension>
            <ns3:hr>156</ns3:hr>
          </ns3:TrackPointExtension>
        </extensions>
      </trkpt>
      <trkpt lat="52.01300100423395633697509765625" lon="5.800314210355281829833984375">
        <ele>28.799999237060546875</ele>
        <time>2026-05-30T11:12:20.000Z</time>
        <extensions>
          <ns3:TrackPointExtension>
            <ns3:hr>155</ns3:hr>
          </ns3:TrackPointExtension>
        </extensions>
      </trkpt>
      <trkpt lat="52.01294015161693096160888671875" lon="5.8002235181629657745361328125">
        <ele>28.799999237060546875</ele>
        <time>2026-05-30T11:12:28.000Z</time>
        <extensions>
          <ns3:TrackPointExtension>
            <ns3:hr>156</ns3:hr>
          </ns3:TrackPointExtension>
        </extensions>
      </trkpt>
      <trkpt lat="52.01284325681626796722412109375" lon="5.80013089813292026519775390625">
        <ele>28.799999237060546875</ele>
        <time>2026-05-30T11:12:37.000Z</time>
        <extensions>
          <ns3:TrackPointExtension>
            <ns3:hr>155</ns3:hr>
          </ns3:TrackPointExtension>
        </extensions>
      </trkpt>
      <trkpt lat="52.01276379637420177459716796875" lon="5.80001539550721645355224609375">
        <ele>28.799999237060546875</ele>
        <time>2026-05-30T11:12:47.000Z</time>
        <extensions>
          <ns3:TrackPointExtension>
            <ns3:hr>156</ns3:hr>
          </ns3:TrackPointExtension>
        </extensions>
      </trkpt>
      <trkpt lat="52.0126674883067607879638671875" lon="5.799927301704883575439453125">
        <ele>29</ele>
        <time>2026-05-30T11:12:56.000Z</time>
        <extensions>
          <ns3:TrackPointExtension>
            <ns3:hr>157</ns3:hr>
          </ns3:TrackPointExtension>
        </extensions>
      </trkpt>
      <trkpt lat="52.01261593960225582122802734375" lon="5.79984289593994617462158203125">
        <ele>29</ele>
        <time>2026-05-30T11:13:03.000Z</time>
        <extensions>
          <ns3:TrackPointExtension>
            <ns3:hr>156</ns3:hr>
          </ns3:TrackPointExtension>
        </extensions>
      </trkpt>
      <trkpt lat="52.01254016719758510589599609375" lon="5.79976670444011688232421875">
        <ele>28.6000003814697265625</ele>
        <time>2026-05-30T11:13:10.000Z</time>
        <extensions>
          <ns3:TrackPointExtension>
            <ns3:hr>157</ns3:hr>
          </ns3:TrackPointExtension>
        </extensions>
      </trkpt>
      <trkpt lat="52.01245668344199657440185546875" lon="5.799678526818752288818359375">
        <ele>28.3999996185302734375</ele>
        <time>2026-05-30T11:13:19.000Z</time>
        <extensions>
          <ns3:TrackPointExtension>
            <ns3:hr>156</ns3:hr>
          </ns3:TrackPointExtension>
        </extensions>
      </trkpt>
      <trkpt lat="52.01237236149609088897705078125" lon="5.7995455898344516754150390625">
        <ele>28.200000762939453125</ele>
        <time>2026-05-30T11:13:30.000Z</time>
        <extensions>
          <ns3:TrackPointExtension>
            <ns3:hr>156</ns3:hr>
          </ns3:TrackPointExtension>
        </extensions>
      </trkpt>
      <trkpt lat="52.01227144338190555572509765625" lon="5.79945263452827930450439453125">
        <ele>28.200000762939453125</ele>
        <time>2026-05-30T11:13:39.000Z</time>
        <extensions>
          <ns3:TrackPointExtension>
            <ns3:hr>156</ns3:hr>
          </ns3:TrackPointExtension>
        </extensions>
      </trkpt>
      <trkpt lat="52.012198269367218017578125" lon="5.7993449270725250244140625">
        <ele>28</ele>
        <time>2026-05-30T11:13:49.000Z</time>
        <extensions>
          <ns3:TrackPointExtension>
            <ns3:hr>157</ns3:hr>
          </ns3:TrackPointExtension>
        </extensions>
      </trkpt>
      <trkpt lat="52.0121189765632152557373046875" lon="5.799269489943981170654296875">
        <ele>27.799999237060546875</ele>
        <time>2026-05-30T11:13:58.000Z</time>
        <extensions>
          <ns3:TrackPointExtension>
            <ns3:hr>157</ns3:hr>
          </ns3:TrackPointExtension>
        </extensions>
      </trkpt>
      <trkpt lat="52.01210816390812397003173828125" lon="5.799260437488555908203125">
        <ele>27.799999237060546875</ele>
        <time>2026-05-30T11:13:59.000Z</time>
        <extensions>
          <ns3:TrackPointExtension>
            <ns3:hr>158</ns3:hr>
          </ns3:TrackPointExtension>
        </extensions>
      </trkpt>
      <trkpt lat="52.01202065683901309967041015625" lon="5.7991598546504974365234375">
        <ele>27.799999237060546875</ele>
        <time>2026-05-30T11:14:08.000Z</time>
        <extensions>
          <ns3:TrackPointExtension>
            <ns3:hr>156</ns3:hr>
          </ns3:TrackPointExtension>
        </extensions>
      </trkpt>
      <trkpt lat="52.0119553618133068084716796875" lon="5.799061618745326995849609375">
        <ele>27.6000003814697265625</ele>
        <time>2026-05-30T11:14:15.000Z</time>
        <extensions>
          <ns3:TrackPointExtension>
            <ns3:hr>155</ns3:hr>
          </ns3:TrackPointExtension>
        </extensions>
      </trkpt>
      <trkpt lat="52.011878080666065216064453125" lon="5.79896899871528148651123046875">
        <ele>27.6000003814697265625</ele>
        <time>2026-05-30T11:14:24.000Z</time>
        <extensions>
          <ns3:TrackPointExtension>
            <ns3:hr>156</ns3:hr>
          </ns3:TrackPointExtension>
        </extensions>
      </trkpt>
      <trkpt lat="52.01176936738193035125732421875" lon="5.79885098151862621307373046875">
        <ele>28</ele>
        <time>2026-05-30T11:14:34.000Z</time>
        <extensions>
          <ns3:TrackPointExtension>
            <ns3:hr>156</ns3:hr>
          </ns3:TrackPointExtension>
        </extensions>
      </trkpt>
      <trkpt lat="52.011713124811649322509765625" lon="5.7988029532134532928466796875">
        <ele>27.3999996185302734375</ele>
        <time>2026-05-30T11:14:41.000Z</time>
        <extensions>
          <ns3:TrackPointExtension>
            <ns3:hr>155</ns3:hr>
          </ns3:TrackPointExtension>
        </extensions>
      </trkpt>
      <trkpt lat="52.0116338320076465606689453125" lon="5.7986856065690517425537109375">
        <ele>27.3999996185302734375</ele>
        <time>2026-05-30T11:14:49.000Z</time>
        <extensions>
          <ns3:TrackPointExtension>
            <ns3:hr>154</ns3:hr>
          </ns3:TrackPointExtension>
        </extensions>
      </trkpt>
      <trkpt lat="52.01155546121299266815185546875" lon="5.79860405065119266510009765625">
        <ele>27.799999237060546875</ele>
        <time>2026-05-30T11:14:57.000Z</time>
        <extensions>
          <ns3:TrackPointExtension>
            <ns3:hr>154</ns3:hr>
          </ns3:TrackPointExtension>
        </extensions>
      </trkpt>
      <trkpt lat="52.011473067104816436767578125" lon="5.7985162921249866485595703125">
        <ele>27.3999996185302734375</ele>
        <time>2026-05-30T11:15:06.000Z</time>
        <extensions>
          <ns3:TrackPointExtension>
            <ns3:hr>154</ns3:hr>
          </ns3:TrackPointExtension>
        </extensions>
      </trkpt>
      <trkpt lat="52.01137240044772624969482421875" lon="5.79842484556138515472412109375">
        <ele>26.799999237060546875</ele>
        <time>2026-05-30T11:15:16.000Z</time>
        <extensions>
          <ns3:TrackPointExtension>
            <ns3:hr>155</ns3:hr>
          </ns3:TrackPointExtension>
        </extensions>
      </trkpt>
      <trkpt lat="52.01136334799230098724365234375" lon="5.798414535820484161376953125">
        <ele>26.799999237060546875</ele>
        <time>2026-05-30T11:15:17.000Z</time>
        <extensions>
          <ns3:TrackPointExtension>
            <ns3:hr>155</ns3:hr>
          </ns3:TrackPointExtension>
        </extensions>
      </trkpt>
      <trkpt lat="52.01128170825541019439697265625" lon="5.798301212489604949951171875">
        <ele>26.6000003814697265625</ele>
        <time>2026-05-30T11:15:27.000Z</time>
        <extensions>
          <ns3:TrackPointExtension>
            <ns3:hr>155</ns3:hr>
          </ns3:TrackPointExtension>
        </extensions>
      </trkpt>
      <trkpt lat="52.01118380762636661529541015625" lon="5.7981997914612293243408203125">
        <ele>26.3999996185302734375</ele>
        <time>2026-05-30T11:15:37.000Z</time>
        <extensions>
          <ns3:TrackPointExtension>
            <ns3:hr>155</ns3:hr>
          </ns3:TrackPointExtension>
        </extensions>
      </trkpt>
      <trkpt lat="52.01110049150884151458740234375" lon="5.79811823554337024688720703125">
        <ele>26.3999996185302734375</ele>
        <time>2026-05-30T11:15:45.000Z</time>
        <extensions>
          <ns3:TrackPointExtension>
            <ns3:hr>155</ns3:hr>
          </ns3:TrackPointExtension>
        </extensions>
      </trkpt>
      <trkpt lat="52.0110135711729526519775390625" lon="5.79799820668995380401611328125">
        <ele>26.6000003814697265625</ele>
        <time>2026-05-30T11:15:55.000Z</time>
        <extensions>
          <ns3:TrackPointExtension>
            <ns3:hr>155</ns3:hr>
          </ns3:TrackPointExtension>
        </extensions>
      </trkpt>
      <trkpt lat="52.0109740085899829864501953125" lon="5.79793400131165981292724609375">
        <ele>26.3999996185302734375</ele>
        <time>2026-05-30T11:16:01.000Z</time>
        <extensions>
          <ns3:TrackPointExtension>
            <ns3:hr>158</ns3:hr>
          </ns3:TrackPointExtension>
        </extensions>
      </trkpt>
      <trkpt lat="52.01095439493656158447265625" lon="5.79790483228862285614013671875">
        <ele>26.3999996185302734375</ele>
        <time>2026-05-30T11:16:03.000Z</time>
        <extensions>
          <ns3:TrackPointExtension>
            <ns3:hr>158</ns3:hr>
          </ns3:TrackPointExtension>
        </extensions>
      </trkpt>
      <trkpt lat="52.010851465165615081787109375" lon="5.79777960665524005889892578125">
        <ele>26.6000003814697265625</ele>
        <time>2026-05-30T11:16:15.000Z</time>
        <extensions>
          <ns3:TrackPointExtension>
            <ns3:hr>156</ns3:hr>
          </ns3:TrackPointExtension>
        </extensions>
      </trkpt>
      <trkpt lat="52.010764293372631072998046875" lon="5.7976985536515712738037109375">
        <ele>26.6000003814697265625</ele>
        <time>2026-05-30T11:16:24.000Z</time>
        <extensions>
          <ns3:TrackPointExtension>
            <ns3:hr>154</ns3:hr>
          </ns3:TrackPointExtension>
        </extensions>
      </trkpt>
      <trkpt lat="52.01068324036896228790283203125" lon="5.797626972198486328125">
        <ele>26.6000003814697265625</ele>
        <time>2026-05-30T11:16:32.000Z</time>
        <extensions>
          <ns3:TrackPointExtension>
            <ns3:hr>153</ns3:hr>
          </ns3:TrackPointExtension>
        </extensions>
      </trkpt>
      <trkpt lat="52.0106065459549427032470703125" lon="5.7975242100656032562255859375">
        <ele>26.6000003814697265625</ele>
        <time>2026-05-30T11:16:40.000Z</time>
        <extensions>
          <ns3:TrackPointExtension>
            <ns3:hr>153</ns3:hr>
          </ns3:TrackPointExtension>
        </extensions>
      </trkpt>
      <trkpt lat="52.01051107607781887054443359375" lon="5.7974298298358917236328125">
        <ele>26.799999237060546875</ele>
        <time>2026-05-30T11:16:50.000Z</time>
        <extensions>
          <ns3:TrackPointExtension>
            <ns3:hr>153</ns3:hr>
          </ns3:TrackPointExtension>
        </extensions>
      </trkpt>
      <trkpt lat="52.0104194618761539459228515625" lon="5.7973223738372325897216796875">
        <ele>26.799999237060546875</ele>
        <time>2026-05-30T11:17:00.000Z</time>
        <extensions>
          <ns3:TrackPointExtension>
            <ns3:hr>153</ns3:hr>
          </ns3:TrackPointExtension>
        </extensions>
      </trkpt>
      <trkpt lat="52.01029247604310512542724609375" lon="5.797179043292999267578125">
        <ele>27</ele>
        <time>2026-05-30T11:17:13.000Z</time>
        <extensions>
          <ns3:TrackPointExtension>
            <ns3:hr>155</ns3:hr>
          </ns3:TrackPointExtension>
        </extensions>
      </trkpt>
      <trkpt lat="52.01022617518901824951171875" lon="5.797115005552768707275390625">
        <ele>27.200000762939453125</ele>
        <time>2026-05-30T11:17:21.000Z</time>
        <extensions>
          <ns3:TrackPointExtension>
            <ns3:hr>155</ns3:hr>
          </ns3:TrackPointExtension>
        </extensions>
      </trkpt>
      <trkpt lat="52.01014394871890544891357421875" lon="5.79700947739183902740478515625">
        <ele>27</ele>
        <time>2026-05-30T11:17:30.000Z</time>
        <extensions>
          <ns3:TrackPointExtension>
            <ns3:hr>155</ns3:hr>
          </ns3:TrackPointExtension>
        </extensions>
      </trkpt>
      <trkpt lat="52.01005158014595508575439453125" lon="5.796887017786502838134765625">
        <ele>27.200000762939453125</ele>
        <time>2026-05-30T11:17:40.000Z</time>
        <extensions>
          <ns3:TrackPointExtension>
            <ns3:hr>157</ns3:hr>
          </ns3:TrackPointExtension>
        </extensions>
      </trkpt>
      <trkpt lat="52.0099577866494655609130859375" lon="5.796782411634922027587890625">
        <ele>27.3999996185302734375</ele>
        <time>2026-05-30T11:17:50.000Z</time>
        <extensions>
          <ns3:TrackPointExtension>
            <ns3:hr>159</ns3:hr>
          </ns3:TrackPointExtension>
        </extensions>
      </trkpt>
      <trkpt lat="52.00985628180205821990966796875" lon="5.7966538332402706146240234375">
        <ele>27.3999996185302734375</ele>
        <time>2026-05-30T11:18:01.000Z</time>
        <extensions>
          <ns3:TrackPointExtension>
            <ns3:hr>158</ns3:hr>
          </ns3:TrackPointExtension>
        </extensions>
      </trkpt>
      <trkpt lat="52.00978470034897327423095703125" lon="5.7965522445738315582275390625">
        <ele>27.6000003814697265625</ele>
        <time>2026-05-30T11:18:09.000Z</time>
        <extensions>
          <ns3:TrackPointExtension>
            <ns3:hr>158</ns3:hr>
          </ns3:TrackPointExtension>
        </extensions>
      </trkpt>
      <trkpt lat="52.00971244834363460540771484375" lon="5.796478651463985443115234375">
        <ele>27.6000003814697265625</ele>
        <time>2026-05-30T11:18:16.000Z</time>
        <extensions>
          <ns3:TrackPointExtension>
            <ns3:hr>156</ns3:hr>
          </ns3:TrackPointExtension>
        </extensions>
      </trkpt>
      <trkpt lat="52.00968780554831027984619140625" lon="5.79642743803560733795166015625">
        <ele>27.799999237060546875</ele>
        <time>2026-05-30T11:18:20.000Z</time>
        <extensions>
          <ns3:TrackPointExtension>
            <ns3:hr>157</ns3:hr>
          </ns3:TrackPointExtension>
        </extensions>
      </trkpt>
      <trkpt lat="52.00966198928654193878173828125" lon="5.7963993586599826812744140625">
        <ele>28.200000762939453125</ele>
        <time>2026-05-30T11:18:23.000Z</time>
        <extensions>
          <ns3:TrackPointExtension>
            <ns3:hr>157</ns3:hr>
          </ns3:TrackPointExtension>
        </extensions>
      </trkpt>
      <trkpt lat="52.00957666151225566864013671875" lon="5.7963138632476329803466796875">
        <ele>27.799999237060546875</ele>
        <time>2026-05-30T11:18:31.000Z</time>
        <extensions>
          <ns3:TrackPointExtension>
            <ns3:hr>159</ns3:hr>
          </ns3:TrackPointExtension>
        </extensions>
      </trkpt>
      <trkpt lat="52.00947381556034088134765625" lon="5.7961799204349517822265625">
        <ele>28</ele>
        <time>2026-05-30T11:18:43.000Z</time>
        <extensions>
          <ns3:TrackPointExtension>
            <ns3:hr>161</ns3:hr>
          </ns3:TrackPointExtension>
        </extensions>
      </trkpt>
      <trkpt lat="52.009381614625453948974609375" lon="5.796057879924774169921875">
        <ele>28</ele>
        <time>2026-05-30T11:18:53.000Z</time>
        <extensions>
          <ns3:TrackPointExtension>
            <ns3:hr>162</ns3:hr>
          </ns3:TrackPointExtension>
        </extensions>
      </trkpt>
      <trkpt lat="52.0092788524925708770751953125" lon="5.795946903526782989501953125">
        <ele>28.3999996185302734375</ele>
        <time>2026-05-30T11:19:03.000Z</time>
        <extensions>
          <ns3:TrackPointExtension>
            <ns3:hr>162</ns3:hr>
          </ns3:TrackPointExtension>
        </extensions>
      </trkpt>
      <trkpt lat="52.0091983862221240997314453125" lon="5.79586065374314785003662109375">
        <ele>28.200000762939453125</ele>
        <time>2026-05-30T11:19:13.000Z</time>
        <extensions>
          <ns3:TrackPointExtension>
            <ns3:hr>164</ns3:hr>
          </ns3:TrackPointExtension>
        </extensions>
      </trkpt>
      <trkpt lat="52.00912470929324626922607421875" lon="5.79574875533580780029296875">
        <ele>28.200000762939453125</ele>
        <time>2026-05-30T11:19:22.000Z</time>
        <extensions>
          <ns3:TrackPointExtension>
            <ns3:hr>164</ns3:hr>
          </ns3:TrackPointExtension>
        </extensions>
      </trkpt>
      <trkpt lat="52.0090589113533496856689453125" lon="5.79567189328372478485107421875">
        <ele>28</ele>
        <time>2026-05-30T11:19:29.000Z</time>
        <extensions>
          <ns3:TrackPointExtension>
            <ns3:hr>164</ns3:hr>
          </ns3:TrackPointExtension>
        </extensions>
      </trkpt>
      <trkpt lat="52.00898758135735988616943359375" lon="5.79559511505067348480224609375">
        <ele>28</ele>
        <time>2026-05-30T11:19:38.000Z</time>
        <extensions>
          <ns3:TrackPointExtension>
            <ns3:hr>164</ns3:hr>
          </ns3:TrackPointExtension>
        </extensions>
      </trkpt>
      <trkpt lat="52.0089003257453441619873046875" lon="5.79547642730176448822021484375">
        <ele>28</ele>
        <time>2026-05-30T11:19:47.000Z</time>
        <extensions>
          <ns3:TrackPointExtension>
            <ns3:hr>165</ns3:hr>
          </ns3:TrackPointExtension>
        </extensions>
      </trkpt>
      <trkpt lat="52.0088066160678863525390625" lon="5.7953891716897487640380859375">
        <ele>28</ele>
        <time>2026-05-30T11:19:57.000Z</time>
        <extensions>
          <ns3:TrackPointExtension>
            <ns3:hr>164</ns3:hr>
          </ns3:TrackPointExtension>
        </extensions>
      </trkpt>
      <trkpt lat="52.008711062371730804443359375" lon="5.795287750661373138427734375">
        <ele>27.799999237060546875</ele>
        <time>2026-05-30T11:20:07.000Z</time>
        <extensions>
          <ns3:TrackPointExtension>
            <ns3:hr>164</ns3:hr>
          </ns3:TrackPointExtension>
        </extensions>
      </trkpt>
      <trkpt lat="52.00864425860345363616943359375" lon="5.79521088860929012298583984375">
        <ele>28</ele>
        <time>2026-05-30T11:20:14.000Z</time>
        <extensions>
          <ns3:TrackPointExtension>
            <ns3:hr>163</ns3:hr>
          </ns3:TrackPointExtension>
        </extensions>
      </trkpt>
      <trkpt lat="52.0085811428725719451904296875" lon="5.79511768184602260589599609375">
        <ele>28.200000762939453125</ele>
        <time>2026-05-30T11:20:21.000Z</time>
        <extensions>
          <ns3:TrackPointExtension>
            <ns3:hr>163</ns3:hr>
          </ns3:TrackPointExtension>
        </extensions>
      </trkpt>
      <trkpt lat="52.008496485650539398193359375" lon="5.79505448229610919952392578125">
        <ele>28</ele>
        <time>2026-05-30T11:20:29.000Z</time>
        <extensions>
          <ns3:TrackPointExtension>
            <ns3:hr>162</ns3:hr>
          </ns3:TrackPointExtension>
        </extensions>
      </trkpt>
      <trkpt lat="52.00842800550162792205810546875" lon="5.79498541541397571563720703125">
        <ele>28</ele>
        <time>2026-05-30T11:20:37.000Z</time>
        <extensions>
          <ns3:TrackPointExtension>
            <ns3:hr>160</ns3:hr>
          </ns3:TrackPointExtension>
        </extensions>
      </trkpt>
      <trkpt lat="52.0083479583263397216796875" lon="5.7948989979922771453857421875">
        <ele>28</ele>
        <time>2026-05-30T11:20:45.000Z</time>
        <extensions>
          <ns3:TrackPointExtension>
            <ns3:hr>161</ns3:hr>
          </ns3:TrackPointExtension>
        </extensions>
      </trkpt>
      <trkpt lat="52.00827713124454021453857421875" lon="5.7947970740497112274169921875">
        <ele>28</ele>
        <time>2026-05-30T11:20:54.000Z</time>
        <extensions>
          <ns3:TrackPointExtension>
            <ns3:hr>161</ns3:hr>
          </ns3:TrackPointExtension>
        </extensions>
      </trkpt>
      <trkpt lat="52.00819934718310832977294921875" lon="5.79470328055322170257568359375">
        <ele>28.200000762939453125</ele>
        <time>2026-05-30T11:21:04.000Z</time>
        <extensions>
          <ns3:TrackPointExtension>
            <ns3:hr>161</ns3:hr>
          </ns3:TrackPointExtension>
        </extensions>
      </trkpt>
      <trkpt lat="52.00811552815139293670654296875" lon="5.7945959083735942840576171875">
        <ele>28.200000762939453125</ele>
        <time>2026-05-30T11:21:12.000Z</time>
        <extensions>
          <ns3:TrackPointExtension>
            <ns3:hr>161</ns3:hr>
          </ns3:TrackPointExtension>
        </extensions>
      </trkpt>
      <trkpt lat="52.0080477185547351837158203125" lon="5.79449884593486785888671875">
        <ele>28.200000762939453125</ele>
        <time>2026-05-30T11:21:20.000Z</time>
        <extensions>
          <ns3:TrackPointExtension>
            <ns3:hr>162</ns3:hr>
          </ns3:TrackPointExtension>
        </extensions>
      </trkpt>
      <trkpt lat="52.0079786516726016998291015625" lon="5.79442651011049747467041015625">
        <ele>28.3999996185302734375</ele>
        <time>2026-05-30T11:21:28.000Z</time>
        <extensions>
          <ns3:TrackPointExtension>
            <ns3:hr>162</ns3:hr>
          </ns3:TrackPointExtension>
        </extensions>
      </trkpt>
      <trkpt lat="52.00788301415741443634033203125" lon="5.79432810656726360321044921875">
        <ele>28.3999996185302734375</ele>
        <time>2026-05-30T11:21:38.000Z</time>
        <extensions>
          <ns3:TrackPointExtension>
            <ns3:hr>161</ns3:hr>
          </ns3:TrackPointExtension>
        </extensions>
      </trkpt>
      <trkpt lat="52.00781025923788547515869140625" lon="5.79428016208112239837646484375">
        <ele>28.200000762939453125</ele>
        <time>2026-05-30T11:21:47.000Z</time>
        <extensions>
          <ns3:TrackPointExtension>
            <ns3:hr>161</ns3:hr>
          </ns3:TrackPointExtension>
        </extensions>
      </trkpt>
      <trkpt lat="52.00772174634039402008056640625" lon="5.7941875420510768890380859375">
        <ele>28.3999996185302734375</ele>
        <time>2026-05-30T11:21:56.000Z</time>
        <extensions>
          <ns3:TrackPointExtension>
            <ns3:hr>159</ns3:hr>
          </ns3:TrackPointExtension>
        </extensions>
      </trkpt>
      <trkpt lat="52.00766575522720813751220703125" lon="5.79404664225876331329345703125">
        <ele>28.3999996185302734375</ele>
        <time>2026-05-30T11:22:06.000Z</time>
        <extensions>
          <ns3:TrackPointExtension>
            <ns3:hr>161</ns3:hr>
          </ns3:TrackPointExtension>
        </extensions>
      </trkpt>
      <trkpt lat="52.00755494646728038787841796875" lon="5.793931223452091217041015625">
        <ele>28.200000762939453125</ele>
        <time>2026-05-30T11:22:17.000Z</time>
        <extensions>
          <ns3:TrackPointExtension>
            <ns3:hr>162</ns3:hr>
          </ns3:TrackPointExtension>
        </extensions>
      </trkpt>
      <trkpt lat="52.0075149647891521453857421875" lon="5.793837010860443115234375">
        <ele>28.200000762939453125</ele>
        <time>2026-05-30T11:22:26.000Z</time>
        <extensions>
          <ns3:TrackPointExtension>
            <ns3:hr>160</ns3:hr>
          </ns3:TrackPointExtension>
        </extensions>
      </trkpt>
      <trkpt lat="52.00752175413072109222412109375" lon="5.79372025094926357269287109375">
        <ele>28.200000762939453125</ele>
        <time>2026-05-30T11:22:31.000Z</time>
        <extensions>
          <ns3:TrackPointExtension>
            <ns3:hr>160</ns3:hr>
          </ns3:TrackPointExtension>
        </extensions>
      </trkpt>
      <trkpt lat="52.00751052238047122955322265625" lon="5.7936749048531055450439453125">
        <ele>28.200000762939453125</ele>
        <time>2026-05-30T11:22:33.000Z</time>
        <extensions>
          <ns3:TrackPointExtension>
            <ns3:hr>160</ns3:hr>
          </ns3:TrackPointExtension>
        </extensions>
      </trkpt>
      <trkpt lat="52.007437013089656829833984375" lon="5.79359871335327625274658203125">
        <ele>28.200000762939453125</ele>
        <time>2026-05-30T11:22:40.000Z</time>
        <extensions>
          <ns3:TrackPointExtension>
            <ns3:hr>160</ns3:hr>
          </ns3:TrackPointExtension>
        </extensions>
      </trkpt>
      <trkpt lat="52.007371298968791961669921875" lon="5.79352386295795440673828125">
        <ele>28.200000762939453125</ele>
        <time>2026-05-30T11:22:48.000Z</time>
        <extensions>
          <ns3:TrackPointExtension>
            <ns3:hr>157</ns3:hr>
          </ns3:TrackPointExtension>
        </extensions>
      </trkpt>
      <trkpt lat="52.00734305195510387420654296875" lon="5.79349092207849025726318359375">
        <ele>28.200000762939453125</ele>
        <time>2026-05-30T11:22:51.000Z</time>
        <extensions>
          <ns3:TrackPointExtension>
            <ns3:hr>159</ns3:hr>
          </ns3:TrackPointExtension>
        </extensions>
      </trkpt>
      <trkpt lat="52.0072588138282299041748046875" lon="5.7933942787349224090576171875">
        <ele>28.200000762939453125</ele>
        <time>2026-05-30T11:22:59.000Z</time>
        <extensions>
          <ns3:TrackPointExtension>
            <ns3:hr>160</ns3:hr>
          </ns3:TrackPointExtension>
        </extensions>
      </trkpt>
      <trkpt lat="52.00723148882389068603515625" lon="5.79336435534060001373291015625">
        <ele>29.200000762939453125</ele>
        <time>2026-05-30T11:23:02.000Z</time>
        <extensions>
          <ns3:TrackPointExtension>
            <ns3:hr>161</ns3:hr>
          </ns3:TrackPointExtension>
        </extensions>
      </trkpt>
      <trkpt lat="52.00718480162322521209716796875" lon="5.79332127235829830169677734375">
        <ele>29.200000762939453125</ele>
        <time>2026-05-30T11:23:08.000Z</time>
        <extensions>
          <ns3:TrackPointExtension>
            <ns3:hr>161</ns3:hr>
          </ns3:TrackPointExtension>
        </extensions>
      </trkpt>
      <trkpt lat="52.00709830038249492645263671875" lon="5.79323560930788516998291015625">
        <ele>28</ele>
        <time>2026-05-30T11:23:15.000Z</time>
        <extensions>
          <ns3:TrackPointExtension>
            <ns3:hr>163</ns3:hr>
          </ns3:TrackPointExtension>
        </extensions>
      </trkpt>
      <trkpt lat="52.00708706863224506378173828125" lon="5.793058834969997406005859375">
        <ele>28.200000762939453125</ele>
        <time>2026-05-30T11:23:22.000Z</time>
        <extensions>
          <ns3:TrackPointExtension>
            <ns3:hr>162</ns3:hr>
          </ns3:TrackPointExtension>
        </extensions>
      </trkpt>
      <trkpt lat="52.00715026818215847015380859375" lon="5.79289010725915431976318359375">
        <ele>28</ele>
        <time>2026-05-30T11:23:32.000Z</time>
        <extensions>
          <ns3:TrackPointExtension>
            <ns3:hr>161</ns3:hr>
          </ns3:TrackPointExtension>
        </extensions>
      </trkpt>
      <trkpt lat="52.0072336681187152862548828125" lon="5.792686007916927337646484375">
        <ele>28</ele>
        <time>2026-05-30T11:23:44.000Z</time>
        <extensions>
          <ns3:TrackPointExtension>
            <ns3:hr>159</ns3:hr>
          </ns3:TrackPointExtension>
        </extensions>
      </trkpt>
      <trkpt lat="52.00725705362856388092041015625" lon="5.792521722614765167236328125">
        <ele>28.200000762939453125</ele>
        <time>2026-05-30T11:23:54.000Z</time>
        <extensions>
          <ns3:TrackPointExtension>
            <ns3:hr>158</ns3:hr>
          </ns3:TrackPointExtension>
        </extensions>
      </trkpt>
      <trkpt lat="52.0073215104639530181884765625" lon="5.792388617992401123046875">
        <ele>28.3999996185302734375</ele>
        <time>2026-05-30T11:24:03.000Z</time>
        <extensions>
          <ns3:TrackPointExtension>
            <ns3:hr>157</ns3:hr>
          </ns3:TrackPointExtension>
        </extensions>
      </trkpt>
      <trkpt lat="52.00737758539617061614990234375" lon="5.79221427440643310546875">
        <ele>28.3999996185302734375</ele>
        <time>2026-05-30T11:24:13.000Z</time>
        <extensions>
          <ns3:TrackPointExtension>
            <ns3:hr>159</ns3:hr>
          </ns3:TrackPointExtension>
        </extensions>
      </trkpt>
      <trkpt lat="52.0073972828686237335205078125" lon="5.7921363227069377899169921875">
        <ele>29</ele>
        <time>2026-05-30T11:24:18.000Z</time>
        <extensions>
          <ns3:TrackPointExtension>
            <ns3:hr>159</ns3:hr>
          </ns3:TrackPointExtension>
        </extensions>
      </trkpt>
      <trkpt lat="52.00740658678114414215087890625" lon="5.792067758738994598388671875">
        <ele>29.200000762939453125</ele>
        <time>2026-05-30T11:24:22.000Z</time>
        <extensions>
          <ns3:TrackPointExtension>
            <ns3:hr>159</ns3:hr>
          </ns3:TrackPointExtension>
        </extensions>
      </trkpt>
      <trkpt lat="52.0074720494449138641357421875" lon="5.7919398508965969085693359375">
        <ele>28.3999996185302734375</ele>
        <time>2026-05-30T11:24:30.000Z</time>
        <extensions>
          <ns3:TrackPointExtension>
            <ns3:hr>160</ns3:hr>
          </ns3:TrackPointExtension>
        </extensions>
      </trkpt>
      <trkpt lat="52.00755159370601177215576171875" lon="5.7917730510234832763671875">
        <ele>28.6000003814697265625</ele>
        <time>2026-05-30T11:24:41.000Z</time>
        <extensions>
          <ns3:TrackPointExtension>
            <ns3:hr>158</ns3:hr>
          </ns3:TrackPointExtension>
        </extensions>
      </trkpt>
      <trkpt lat="52.0076023042201995849609375" lon="5.79166299663484096527099609375">
        <ele>28.799999237060546875</ele>
        <time>2026-05-30T11:24:49.000Z</time>
        <extensions>
          <ns3:TrackPointExtension>
            <ns3:hr>157</ns3:hr>
          </ns3:TrackPointExtension>
        </extensions>
      </trkpt>
      <trkpt lat="52.00763373635709285736083984375" lon="5.79152503050863742828369140625">
        <ele>28.6000003814697265625</ele>
        <time>2026-05-30T11:24:58.000Z</time>
        <extensions>
          <ns3:TrackPointExtension>
            <ns3:hr>156</ns3:hr>
          </ns3:TrackPointExtension>
        </extensions>
      </trkpt>
      <trkpt lat="52.00767044909298419952392578125" lon="5.79140785150229930877685546875">
        <ele>28.799999237060546875</ele>
        <time>2026-05-30T11:25:06.000Z</time>
        <extensions>
          <ns3:TrackPointExtension>
            <ns3:hr>154</ns3:hr>
          </ns3:TrackPointExtension>
        </extensions>
      </trkpt>
      <trkpt lat="52.00772057287395000457763671875" lon="5.7913018204271793365478515625">
        <ele>28.799999237060546875</ele>
        <time>2026-05-30T11:25:13.000Z</time>
        <extensions>
          <ns3:TrackPointExtension>
            <ns3:hr>155</ns3:hr>
          </ns3:TrackPointExtension>
        </extensions>
      </trkpt>
      <trkpt lat="52.00775988399982452392578125" lon="5.79114834778010845184326171875">
        <ele>29</ele>
        <time>2026-05-30T11:25:22.000Z</time>
        <extensions>
          <ns3:TrackPointExtension>
            <ns3:hr>157</ns3:hr>
          </ns3:TrackPointExtension>
        </extensions>
      </trkpt>
      <trkpt lat="52.00781679712235927581787109375" lon="5.790967047214508056640625">
        <ele>29.3999996185302734375</ele>
        <time>2026-05-30T11:25:33.000Z</time>
        <extensions>
          <ns3:TrackPointExtension>
            <ns3:hr>159</ns3:hr>
          </ns3:TrackPointExtension>
        </extensions>
      </trkpt>
      <trkpt lat="52.00787077657878398895263671875" lon="5.790813155472278594970703125">
        <ele>29</ele>
        <time>2026-05-30T11:25:41.000Z</time>
        <extensions>
          <ns3:TrackPointExtension>
            <ns3:hr>158</ns3:hr>
          </ns3:TrackPointExtension>
        </extensions>
      </trkpt>
      <trkpt lat="52.0079065673053264617919921875" lon="5.7906886003911495208740234375">
        <ele>29</ele>
        <time>2026-05-30T11:25:49.000Z</time>
        <extensions>
          <ns3:TrackPointExtension>
            <ns3:hr>158</ns3:hr>
          </ns3:TrackPointExtension>
        </extensions>
      </trkpt>
      <trkpt lat="52.0079484768211841583251953125" lon="5.7905481196939945220947265625">
        <ele>29.200000762939453125</ele>
        <time>2026-05-30T11:25:58.000Z</time>
        <extensions>
          <ns3:TrackPointExtension>
            <ns3:hr>157</ns3:hr>
          </ns3:TrackPointExtension>
        </extensions>
      </trkpt>
      <trkpt lat="52.00800907798111438751220703125" lon="5.79039640724658966064453125">
        <ele>29.6000003814697265625</ele>
        <time>2026-05-30T11:26:08.000Z</time>
        <extensions>
          <ns3:TrackPointExtension>
            <ns3:hr>157</ns3:hr>
          </ns3:TrackPointExtension>
        </extensions>
      </trkpt>
      <trkpt lat="52.0080530829727649688720703125" lon="5.7902369834482669830322265625">
        <ele>29.200000762939453125</ele>
        <time>2026-05-30T11:26:17.000Z</time>
        <extensions>
          <ns3:TrackPointExtension>
            <ns3:hr>158</ns3:hr>
          </ns3:TrackPointExtension>
        </extensions>
      </trkpt>
      <trkpt lat="52.00810664333403110504150390625" lon="5.7900706864893436431884765625">
        <ele>29.200000762939453125</ele>
        <time>2026-05-30T11:26:27.000Z</time>
        <extensions>
          <ns3:TrackPointExtension>
            <ns3:hr>158</ns3:hr>
          </ns3:TrackPointExtension>
        </extensions>
      </trkpt>
      <trkpt lat="52.00814880430698394775390625" lon="5.789971612393856048583984375">
        <ele>29.200000762939453125</ele>
        <time>2026-05-30T11:26:34.000Z</time>
        <extensions>
          <ns3:TrackPointExtension>
            <ns3:hr>161</ns3:hr>
          </ns3:TrackPointExtension>
        </extensions>
      </trkpt>
      <trkpt lat="52.0081628859043121337890625" lon="5.78993699513375759124755859375">
        <ele>29.3999996185302734375</ele>
        <time>2026-05-30T11:26:36.000Z</time>
        <extensions>
          <ns3:TrackPointExtension>
            <ns3:hr>161</ns3:hr>
          </ns3:TrackPointExtension>
        </extensions>
      </trkpt>
      <trkpt lat="52.00821443460881710052490234375" lon="5.7897655852138996124267578125">
        <ele>29.3999996185302734375</ele>
        <time>2026-05-30T11:26:46.000Z</time>
        <extensions>
          <ns3:TrackPointExtension>
            <ns3:hr>158</ns3:hr>
          </ns3:TrackPointExtension>
        </extensions>
      </trkpt>
      <trkpt lat="52.00826003216207027435302734375" lon="5.78962183557450771331787109375">
        <ele>29.3999996185302734375</ele>
        <time>2026-05-30T11:26:55.000Z</time>
        <extensions>
          <ns3:TrackPointExtension>
            <ns3:hr>157</ns3:hr>
          </ns3:TrackPointExtension>
        </extensions>
      </trkpt>
      <trkpt lat="52.00830428861081600189208984375" lon="5.78949384391307830810546875">
        <ele>29.6000003814697265625</ele>
        <time>2026-05-30T11:27:05.000Z</time>
        <extensions>
          <ns3:TrackPointExtension>
            <ns3:hr>156</ns3:hr>
          </ns3:TrackPointExtension>
        </extensions>
      </trkpt>
      <trkpt lat="52.0083622075617313385009765625" lon="5.78927482478320598602294921875">
        <ele>29.3999996185302734375</ele>
        <time>2026-05-30T11:27:17.000Z</time>
        <extensions>
          <ns3:TrackPointExtension>
            <ns3:hr>156</ns3:hr>
          </ns3:TrackPointExtension>
        </extensions>
      </trkpt>
      <trkpt lat="52.0084272511303424835205078125" lon="5.78909662552177906036376953125">
        <ele>29.3999996185302734375</ele>
        <time>2026-05-30T11:27:28.000Z</time>
        <extensions>
          <ns3:TrackPointExtension>
            <ns3:hr>156</ns3:hr>
          </ns3:TrackPointExtension>
        </extensions>
      </trkpt>
      <trkpt lat="52.00847092084586620330810546875" lon="5.7889629341661930084228515625">
        <ele>29.799999237060546875</ele>
        <time>2026-05-30T11:27:37.000Z</time>
        <extensions>
          <ns3:TrackPointExtension>
            <ns3:hr>155</ns3:hr>
          </ns3:TrackPointExtension>
        </extensions>
      </trkpt>
      <trkpt lat="52.00849757529795169830322265625" lon="5.7888838090002536773681640625">
        <ele>29.6000003814697265625</ele>
        <time>2026-05-30T11:27:42.000Z</time>
        <extensions>
          <ns3:TrackPointExtension>
            <ns3:hr>158</ns3:hr>
          </ns3:TrackPointExtension>
        </extensions>
      </trkpt>
      <trkpt lat="52.00853697024285793304443359375" lon="5.7887724973261356353759765625">
        <ele>29.3999996185302734375</ele>
        <time>2026-05-30T11:27:49.000Z</time>
        <extensions>
          <ns3:TrackPointExtension>
            <ns3:hr>156</ns3:hr>
          </ns3:TrackPointExtension>
        </extensions>
      </trkpt>
      <trkpt lat="52.0085905306041240692138671875" lon="5.7886135764420032501220703125">
        <ele>29.200000762939453125</ele>
        <time>2026-05-30T11:28:00.000Z</time>
        <extensions>
          <ns3:TrackPointExtension>
            <ns3:hr>156</ns3:hr>
          </ns3:TrackPointExtension>
        </extensions>
      </trkpt>
      <trkpt lat="52.00863403268158435821533203125" lon="5.7884660549461841583251953125">
        <ele>29.200000762939453125</ele>
        <time>2026-05-30T11:28:09.000Z</time>
        <extensions>
          <ns3:TrackPointExtension>
            <ns3:hr>156</ns3:hr>
          </ns3:TrackPointExtension>
        </extensions>
      </trkpt>
      <trkpt lat="52.00867996551096439361572265625" lon="5.78827343881130218505859375">
        <ele>29.3999996185302734375</ele>
        <time>2026-05-30T11:28:20.000Z</time>
        <extensions>
          <ns3:TrackPointExtension>
            <ns3:hr>155</ns3:hr>
          </ns3:TrackPointExtension>
        </extensions>
      </trkpt>
      <trkpt lat="52.0087410695850849151611328125" lon="5.78814561478793621063232421875">
        <ele>29.3999996185302734375</ele>
        <time>2026-05-30T11:28:30.000Z</time>
        <extensions>
          <ns3:TrackPointExtension>
            <ns3:hr>155</ns3:hr>
          </ns3:TrackPointExtension>
        </extensions>
      </trkpt>
      <trkpt lat="52.008802592754364013671875" lon="5.78797596506774425506591796875">
        <ele>29.3999996185302734375</ele>
        <time>2026-05-30T11:28:40.000Z</time>
        <extensions>
          <ns3:TrackPointExtension>
            <ns3:hr>157</ns3:hr>
          </ns3:TrackPointExtension>
        </extensions>
      </trkpt>
      <trkpt lat="52.0088393054902553558349609375" lon="5.7878843508660793304443359375">
        <ele>29.6000003814697265625</ele>
        <time>2026-05-30T11:28:48.000Z</time>
        <extensions>
          <ns3:TrackPointExtension>
            <ns3:hr>157</ns3:hr>
          </ns3:TrackPointExtension>
        </extensions>
      </trkpt>
      <trkpt lat="52.0088481903076171875" lon="5.78787647187709808349609375">
        <ele>29.3999996185302734375</ele>
        <time>2026-05-30T11:28:55.000Z</time>
        <extensions>
          <ns3:TrackPointExtension>
            <ns3:hr>156</ns3:hr>
          </ns3:TrackPointExtension>
        </extensions>
      </trkpt>
      <trkpt lat="52.00885598547756671905517578125" lon="5.7878167927265167236328125">
        <ele>29.799999237060546875</ele>
        <time>2026-05-30T11:29:02.000Z</time>
        <extensions>
          <ns3:TrackPointExtension>
            <ns3:hr>159</ns3:hr>
          </ns3:TrackPointExtension>
        </extensions>
      </trkpt>
      <trkpt lat="52.00884676538407802581787109375" lon="5.787805058062076568603515625">
        <ele>29.6000003814697265625</ele>
        <time>2026-05-30T11:29:12.000Z</time>
        <extensions>
          <ns3:TrackPointExtension>
            <ns3:hr>158</ns3:hr>
          </ns3:TrackPointExtension>
        </extensions>
      </trkpt>
      <trkpt lat="52.00880569405853748321533203125" lon="5.787801705300807952880859375">
        <ele>29.799999237060546875</ele>
        <time>2026-05-30T11:29:21.000Z</time>
        <extensions>
          <ns3:TrackPointExtension>
            <ns3:hr>161</ns3:hr>
          </ns3:TrackPointExtension>
        </extensions>
      </trkpt>
      <trkpt lat="52.0087997429072856903076171875" lon="5.78781017102301120758056640625">
        <ele>29.6000003814697265625</ele>
        <time>2026-05-30T11:29:22.000Z</time>
        <extensions>
          <ns3:TrackPointExtension>
            <ns3:hr>160</ns3:hr>
          </ns3:TrackPointExtension>
        </extensions>
      </trkpt>
      <trkpt lat="52.00879546813666820526123046875" lon="5.7878357358276844024658203125">
        <ele>29.799999237060546875</ele>
        <time>2026-05-30T11:29:31.000Z</time>
        <extensions>
          <ns3:TrackPointExtension>
            <ns3:hr>159</ns3:hr>
          </ns3:TrackPointExtension>
        </extensions>
      </trkpt>
      <trkpt lat="52.008777447044849395751953125" lon="5.7878256775438785552978515625">
        <ele>29.3999996185302734375</ele>
        <time>2026-05-30T11:29:39.000Z</time>
        <extensions>
          <ns3:TrackPointExtension>
            <ns3:hr>158</ns3:hr>
          </ns3:TrackPointExtension>
        </extensions>
      </trkpt>
      <trkpt lat="52.00871533714234828948974609375" lon="5.78775904141366481781005859375">
        <ele>29.3999996185302734375</ele>
        <time>2026-05-30T11:29:47.000Z</time>
        <extensions>
          <ns3:TrackPointExtension>
            <ns3:hr>154</ns3:hr>
          </ns3:TrackPointExtension>
        </extensions>
      </trkpt>
      <trkpt lat="52.0086894370615482330322265625" lon="5.7877175509929656982421875">
        <ele>29.3999996185302734375</ele>
        <time>2026-05-30T11:29:50.000Z</time>
        <extensions>
          <ns3:TrackPointExtension>
            <ns3:hr>153</ns3:hr>
          </ns3:TrackPointExtension>
        </extensions>
      </trkpt>
      <trkpt lat="52.00858139432966709136962890625" lon="5.7876466400921344757080078125">
        <ele>29.200000762939453125</ele>
        <time>2026-05-30T11:29:59.000Z</time>
        <extensions>
          <ns3:TrackPointExtension>
            <ns3:hr>155</ns3:hr>
          </ns3:TrackPointExtension>
        </extensions>
      </trkpt>
      <trkpt lat="52.00846371240913867950439453125" lon="5.78754262067377567291259765625">
        <ele>29</ele>
        <time>2026-05-30T11:30:10.000Z</time>
        <extensions>
          <ns3:TrackPointExtension>
            <ns3:hr>156</ns3:hr>
          </ns3:TrackPointExtension>
        </extensions>
      </trkpt>
      <trkpt lat="52.0083653926849365234375" lon="5.7874334044754505157470703125">
        <ele>29</ele>
        <time>2026-05-30T11:30:21.000Z</time>
        <extensions>
          <ns3:TrackPointExtension>
            <ns3:hr>158</ns3:hr>
          </ns3:TrackPointExtension>
        </extensions>
      </trkpt>
      <trkpt lat="52.0083145983517169952392578125" lon="5.78741588629782199859619140625">
        <ele>29.200000762939453125</ele>
        <time>2026-05-30T11:30:27.000Z</time>
        <extensions>
          <ns3:TrackPointExtension>
            <ns3:hr>158</ns3:hr>
          </ns3:TrackPointExtension>
        </extensions>
      </trkpt>
      <trkpt lat="52.0082150213420391082763671875" lon="5.78737548552453517913818359375">
        <ele>29.3999996185302734375</ele>
        <time>2026-05-30T11:30:36.000Z</time>
        <extensions>
          <ns3:TrackPointExtension>
            <ns3:hr>159</ns3:hr>
          </ns3:TrackPointExtension>
        </extensions>
      </trkpt>
      <trkpt lat="52.0081318728625774383544921875" lon="5.7873438857495784759521484375">
        <ele>29.200000762939453125</ele>
        <time>2026-05-30T11:30:44.000Z</time>
        <extensions>
          <ns3:TrackPointExtension>
            <ns3:hr>158</ns3:hr>
          </ns3:TrackPointExtension>
        </extensions>
      </trkpt>
      <trkpt lat="52.0080309547483921051025390625" lon="5.78729845583438873291015625">
        <ele>29.200000762939453125</ele>
        <time>2026-05-30T11:30:52.000Z</time>
        <extensions>
          <ns3:TrackPointExtension>
            <ns3:hr>158</ns3:hr>
          </ns3:TrackPointExtension>
        </extensions>
      </trkpt>
      <trkpt lat="52.00794671662151813507080078125" lon="5.78726836480200290679931640625">
        <ele>29.3999996185302734375</ele>
        <time>2026-05-30T11:31:00.000Z</time>
        <extensions>
          <ns3:TrackPointExtension>
            <ns3:hr>159</ns3:hr>
          </ns3:TrackPointExtension>
        </extensions>
      </trkpt>
      <trkpt lat="52.00780523009598255157470703125" lon="5.78720399178564548492431640625">
        <ele>29</ele>
        <time>2026-05-30T11:31:11.000Z</time>
        <extensions>
          <ns3:TrackPointExtension>
            <ns3:hr>159</ns3:hr>
          </ns3:TrackPointExtension>
        </extensions>
      </trkpt>
      <trkpt lat="52.0077283680438995361328125" lon="5.7871641777455806732177734375">
        <ele>29.200000762939453125</ele>
        <time>2026-05-30T11:31:21.000Z</time>
        <extensions>
          <ns3:TrackPointExtension>
            <ns3:hr>159</ns3:hr>
          </ns3:TrackPointExtension>
        </extensions>
      </trkpt>
      <trkpt lat="52.00767229311168193817138671875" lon="5.78721840865910053253173828125">
        <ele>29.200000762939453125</ele>
        <time>2026-05-30T11:31:27.000Z</time>
        <extensions>
          <ns3:TrackPointExtension>
            <ns3:hr>158</ns3:hr>
          </ns3:TrackPointExtension>
        </extensions>
      </trkpt>
      <trkpt lat="52.007620073854923248291015625" lon="5.7873603142797946929931640625">
        <ele>29.200000762939453125</ele>
        <time>2026-05-30T11:31:35.000Z</time>
        <extensions>
          <ns3:TrackPointExtension>
            <ns3:hr>158</ns3:hr>
          </ns3:TrackPointExtension>
        </extensions>
      </trkpt>
      <trkpt lat="52.0075776614248752593994140625" lon="5.78749216161668300628662109375">
        <ele>29</ele>
        <time>2026-05-30T11:31:44.000Z</time>
        <extensions>
          <ns3:TrackPointExtension>
            <ns3:hr>158</ns3:hr>
          </ns3:TrackPointExtension>
        </extensions>
      </trkpt>
      <trkpt lat="52.0075500011444091796875" lon="5.787623338401317596435546875">
        <ele>29.200000762939453125</ele>
        <time>2026-05-30T11:31:53.000Z</time>
        <extensions>
          <ns3:TrackPointExtension>
            <ns3:hr>157</ns3:hr>
          </ns3:TrackPointExtension>
        </extensions>
      </trkpt>
      <trkpt lat="52.00750884599983692169189453125" lon="5.78776239417493343353271484375">
        <ele>29.200000762939453125</ele>
        <time>2026-05-30T11:32:02.000Z</time>
        <extensions>
          <ns3:TrackPointExtension>
            <ns3:hr>157</ns3:hr>
          </ns3:TrackPointExtension>
        </extensions>
      </trkpt>
      <trkpt lat="52.00746039859950542449951171875" lon="5.787916369736194610595703125">
        <ele>29.200000762939453125</ele>
        <time>2026-05-30T11:32:11.000Z</time>
        <extensions>
          <ns3:TrackPointExtension>
            <ns3:hr>158</ns3:hr>
          </ns3:TrackPointExtension>
        </extensions>
      </trkpt>
      <trkpt lat="52.00742058455944061279296875" lon="5.7880828343331813812255859375">
        <ele>29.3999996185302734375</ele>
        <time>2026-05-30T11:32:21.000Z</time>
        <extensions>
          <ns3:TrackPointExtension>
            <ns3:hr>158</ns3:hr>
          </ns3:TrackPointExtension>
        </extensions>
      </trkpt>
      <trkpt lat="52.0073922537267208099365234375" lon="5.7882352173328399658203125">
        <ele>29.200000762939453125</ele>
        <time>2026-05-30T11:32:30.000Z</time>
        <extensions>
          <ns3:TrackPointExtension>
            <ns3:hr>158</ns3:hr>
          </ns3:TrackPointExtension>
        </extensions>
      </trkpt>
      <trkpt lat="52.0074385218322277069091796875" lon="5.78832305967807769775390625">
        <ele>29.200000762939453125</ele>
        <time>2026-05-30T11:32:37.000Z</time>
        <extensions>
          <ns3:TrackPointExtension>
            <ns3:hr>158</ns3:hr>
          </ns3:TrackPointExtension>
        </extensions>
      </trkpt>
      <trkpt lat="52.007500045001506805419921875" lon="5.78842925839126110076904296875">
        <ele>29.200000762939453125</ele>
        <time>2026-05-30T11:32:46.000Z</time>
        <extensions>
          <ns3:TrackPointExtension>
            <ns3:hr>159</ns3:hr>
          </ns3:TrackPointExtension>
        </extensions>
      </trkpt>
      <trkpt lat="52.00755243189632892608642578125" lon="5.78858348540961742401123046875">
        <ele>29.3999996185302734375</ele>
        <time>2026-05-30T11:32:54.000Z</time>
        <extensions>
          <ns3:TrackPointExtension>
            <ns3:hr>160</ns3:hr>
          </ns3:TrackPointExtension>
        </extensions>
      </trkpt>
      <trkpt lat="52.00753164477646350860595703125" lon="5.7887530513107776641845703125">
        <ele>29.6000003814697265625</ele>
        <time>2026-05-30T11:33:03.000Z</time>
        <extensions>
          <ns3:TrackPointExtension>
            <ns3:hr>161</ns3:hr>
          </ns3:TrackPointExtension>
        </extensions>
      </trkpt>
      <trkpt lat="52.00747950933873653411865234375" lon="5.7888908497989177703857421875">
        <ele>29.799999237060546875</ele>
        <time>2026-05-30T11:33:11.000Z</time>
        <extensions>
          <ns3:TrackPointExtension>
            <ns3:hr>161</ns3:hr>
          </ns3:TrackPointExtension>
        </extensions>
      </trkpt>
      <trkpt lat="52.0074324868619441986083984375" lon="5.7890403829514980316162109375">
        <ele>29.6000003814697265625</ele>
        <time>2026-05-30T11:33:20.000Z</time>
        <extensions>
          <ns3:TrackPointExtension>
            <ns3:hr>161</ns3:hr>
          </ns3:TrackPointExtension>
        </extensions>
      </trkpt>
      <trkpt lat="52.0073899067938327789306640625" lon="5.78917575068771839141845703125">
        <ele>30</ele>
        <time>2026-05-30T11:33:29.000Z</time>
        <extensions>
          <ns3:TrackPointExtension>
            <ns3:hr>161</ns3:hr>
          </ns3:TrackPointExtension>
        </extensions>
      </trkpt>
      <trkpt lat="52.00739367865025997161865234375" lon="5.78918044455349445343017578125">
        <ele>30</ele>
        <time>2026-05-30T11:33:37.000Z</time>
        <extensions>
          <ns3:TrackPointExtension>
            <ns3:hr>161</ns3:hr>
          </ns3:TrackPointExtension>
        </extensions>
      </trkpt>
      <trkpt lat="52.00735730119049549102783203125" lon="5.78930650837719440460205078125">
        <ele>29.6000003814697265625</ele>
        <time>2026-05-30T11:33:44.000Z</time>
        <extensions>
          <ns3:TrackPointExtension>
            <ns3:hr>162</ns3:hr>
          </ns3:TrackPointExtension>
        </extensions>
      </trkpt>
      <trkpt lat="52.00731840915977954864501953125" lon="5.7894269563257694244384765625">
        <ele>30</ele>
        <time>2026-05-30T11:33:51.000Z</time>
        <extensions>
          <ns3:TrackPointExtension>
            <ns3:hr>162</ns3:hr>
          </ns3:TrackPointExtension>
        </extensions>
      </trkpt>
      <trkpt lat="52.00727432034909725189208984375" lon="5.78963273204863071441650390625">
        <ele>29.6000003814697265625</ele>
        <time>2026-05-30T11:34:02.000Z</time>
        <extensions>
          <ns3:TrackPointExtension>
            <ns3:hr>161</ns3:hr>
          </ns3:TrackPointExtension>
        </extensions>
      </trkpt>
      <trkpt lat="52.00724246911704540252685546875" lon="5.78977371565997600555419921875">
        <ele>29.799999237060546875</ele>
        <time>2026-05-30T11:34:11.000Z</time>
        <extensions>
          <ns3:TrackPointExtension>
            <ns3:hr>160</ns3:hr>
          </ns3:TrackPointExtension>
        </extensions>
      </trkpt>
      <trkpt lat="52.00719737447798252105712890625" lon="5.7899228297173976898193359375">
        <ele>29.799999237060546875</ele>
        <time>2026-05-30T11:34:20.000Z</time>
        <extensions>
          <ns3:TrackPointExtension>
            <ns3:hr>160</ns3:hr>
          </ns3:TrackPointExtension>
        </extensions>
      </trkpt>
      <trkpt lat="52.00713149271905422210693359375" lon="5.79011452384293079376220703125">
        <ele>30</ele>
        <time>2026-05-30T11:34:32.000Z</time>
        <extensions>
          <ns3:TrackPointExtension>
            <ns3:hr>159</ns3:hr>
          </ns3:TrackPointExtension>
        </extensions>
      </trkpt>
      <trkpt lat="52.00703702867031097412109375" lon="5.7902410067617893218994140625">
        <ele>30</ele>
        <time>2026-05-30T11:34:42.000Z</time>
        <extensions>
          <ns3:TrackPointExtension>
            <ns3:hr>158</ns3:hr>
          </ns3:TrackPointExtension>
        </extensions>
      </trkpt>
      <trkpt lat="52.0069332607090473175048828125" lon="5.7902991771697998046875">
        <ele>30</ele>
        <time>2026-05-30T11:34:51.000Z</time>
        <extensions>
          <ns3:TrackPointExtension>
            <ns3:hr>159</ns3:hr>
          </ns3:TrackPointExtension>
        </extensions>
      </trkpt>
      <trkpt lat="52.0068303309381008148193359375" lon="5.79037570394575595855712890625">
        <ele>30</ele>
        <time>2026-05-30T11:35:01.000Z</time>
        <extensions>
          <ns3:TrackPointExtension>
            <ns3:hr>159</ns3:hr>
          </ns3:TrackPointExtension>
        </extensions>
      </trkpt>
      <trkpt lat="52.0067153312265872955322265625" lon="5.79045985825359821319580078125">
        <ele>30</ele>
        <time>2026-05-30T11:35:13.000Z</time>
        <extensions>
          <ns3:TrackPointExtension>
            <ns3:hr>160</ns3:hr>
          </ns3:TrackPointExtension>
        </extensions>
      </trkpt>
      <trkpt lat="52.006665207445621490478515625" lon="5.79057519324123859405517578125">
        <ele>30</ele>
        <time>2026-05-30T11:35:23.000Z</time>
        <extensions>
          <ns3:TrackPointExtension>
            <ns3:hr>159</ns3:hr>
          </ns3:TrackPointExtension>
        </extensions>
      </trkpt>
      <trkpt lat="52.00668356381356716156005859375" lon="5.79070125706493854522705078125">
        <ele>30</ele>
        <time>2026-05-30T11:35:31.000Z</time>
        <extensions>
          <ns3:TrackPointExtension>
            <ns3:hr>159</ns3:hr>
          </ns3:TrackPointExtension>
        </extensions>
      </trkpt>
      <trkpt lat="52.00667769648134708404541015625" lon="5.7907144166529178619384765625">
        <ele>30.200000762939453125</ele>
        <time>2026-05-30T11:35:32.000Z</time>
        <extensions>
          <ns3:TrackPointExtension>
            <ns3:hr>159</ns3:hr>
          </ns3:TrackPointExtension>
        </extensions>
      </trkpt>
      <trkpt lat="52.00665347278118133544921875" lon="5.790795721113681793212890625">
        <ele>30.200000762939453125</ele>
        <time>2026-05-30T11:35:37.000Z</time>
        <extensions>
          <ns3:TrackPointExtension>
            <ns3:hr>158</ns3:hr>
          </ns3:TrackPointExtension>
        </extensions>
      </trkpt>
      <trkpt lat="52.006606869399547576904296875" lon="5.7909335196018218994140625">
        <ele>30.200000762939453125</ele>
        <time>2026-05-30T11:35:46.000Z</time>
        <extensions>
          <ns3:TrackPointExtension>
            <ns3:hr>158</ns3:hr>
          </ns3:TrackPointExtension>
        </extensions>
      </trkpt>
      <trkpt lat="52.0065507106482982635498046875" lon="5.79110543243587017059326171875">
        <ele>30.200000762939453125</ele>
        <time>2026-05-30T11:35:56.000Z</time>
        <extensions>
          <ns3:TrackPointExtension>
            <ns3:hr>158</ns3:hr>
          </ns3:TrackPointExtension>
        </extensions>
      </trkpt>
      <trkpt lat="52.00652983970940113067626953125" lon="5.7912867330014705657958984375">
        <ele>30</ele>
        <time>2026-05-30T11:36:06.000Z</time>
        <extensions>
          <ns3:TrackPointExtension>
            <ns3:hr>159</ns3:hr>
          </ns3:TrackPointExtension>
        </extensions>
      </trkpt>
      <trkpt lat="52.006486840546131134033203125" lon="5.7914243638515472412109375">
        <ele>30.200000762939453125</ele>
        <time>2026-05-30T11:36:15.000Z</time>
        <extensions>
          <ns3:TrackPointExtension>
            <ns3:hr>159</ns3:hr>
          </ns3:TrackPointExtension>
        </extensions>
      </trkpt>
      <trkpt lat="52.00644434429705142974853515625" lon="5.7915391959249973297119140625">
        <ele>30.3999996185302734375</ele>
        <time>2026-05-30T11:36:23.000Z</time>
        <extensions>
          <ns3:TrackPointExtension>
            <ns3:hr>159</ns3:hr>
          </ns3:TrackPointExtension>
        </extensions>
      </trkpt>
      <trkpt lat="52.0064075477421283721923828125" lon="5.7916669361293315887451171875">
        <ele>30.3999996185302734375</ele>
        <time>2026-05-30T11:36:30.000Z</time>
        <extensions>
          <ns3:TrackPointExtension>
            <ns3:hr>159</ns3:hr>
          </ns3:TrackPointExtension>
        </extensions>
      </trkpt>
      <trkpt lat="52.0063780434429645538330078125" lon="5.79182677902281284332275390625">
        <ele>30.799999237060546875</ele>
        <time>2026-05-30T11:36:39.000Z</time>
        <extensions>
          <ns3:TrackPointExtension>
            <ns3:hr>160</ns3:hr>
          </ns3:TrackPointExtension>
        </extensions>
      </trkpt>
      <trkpt lat="52.00635306537151336669921875" lon="5.79195451922714710235595703125">
        <ele>30.6000003814697265625</ele>
        <time>2026-05-30T11:36:47.000Z</time>
        <extensions>
          <ns3:TrackPointExtension>
            <ns3:hr>160</ns3:hr>
          </ns3:TrackPointExtension>
        </extensions>
      </trkpt>
      <trkpt lat="52.0063019357621669769287109375" lon="5.7920890487730503082275390625">
        <ele>30.799999237060546875</ele>
        <time>2026-05-30T11:36:55.000Z</time>
        <extensions>
          <ns3:TrackPointExtension>
            <ns3:hr>159</ns3:hr>
          </ns3:TrackPointExtension>
        </extensions>
      </trkpt>
      <trkpt lat="52.0062794722616672515869140625" lon="5.792191810905933380126953125">
        <ele>30.799999237060546875</ele>
        <time>2026-05-30T11:37:03.000Z</time>
        <extensions>
          <ns3:TrackPointExtension>
            <ns3:hr>159</ns3:hr>
          </ns3:TrackPointExtension>
        </extensions>
      </trkpt>
      <trkpt lat="52.00626379810273647308349609375" lon="5.79225107096135616302490234375">
        <ele>30.799999237060546875</ele>
        <time>2026-05-30T11:37:10.000Z</time>
        <extensions>
          <ns3:TrackPointExtension>
            <ns3:hr>160</ns3:hr>
          </ns3:TrackPointExtension>
        </extensions>
      </trkpt>
      <trkpt lat="52.00619020499289035797119140625" lon="5.79237948171794414520263671875">
        <ele>30.799999237060546875</ele>
        <time>2026-05-30T11:37:18.000Z</time>
        <extensions>
          <ns3:TrackPointExtension>
            <ns3:hr>161</ns3:hr>
          </ns3:TrackPointExtension>
        </extensions>
      </trkpt>
      <trkpt lat="52.00614024884998798370361328125" lon="5.7925098203122615814208984375">
        <ele>30.799999237060546875</ele>
        <time>2026-05-30T11:37:26.000Z</time>
        <extensions>
          <ns3:TrackPointExtension>
            <ns3:hr>162</ns3:hr>
          </ns3:TrackPointExtension>
        </extensions>
      </trkpt>
      <trkpt lat="52.00608828105032444000244140625" lon="5.79264468513429164886474609375">
        <ele>30.6000003814697265625</ele>
        <time>2026-05-30T11:37:35.000Z</time>
        <extensions>
          <ns3:TrackPointExtension>
            <ns3:hr>161</ns3:hr>
          </ns3:TrackPointExtension>
        </extensions>
      </trkpt>
      <trkpt lat="52.00603430159389972686767578125" lon="5.79279472120106220245361328125">
        <ele>30.200000762939453125</ele>
        <time>2026-05-30T11:37:44.000Z</time>
        <extensions>
          <ns3:TrackPointExtension>
            <ns3:hr>162</ns3:hr>
          </ns3:TrackPointExtension>
        </extensions>
      </trkpt>
      <trkpt lat="52.005979232490062713623046875" lon="5.792946852743625640869140625">
        <ele>30.200000762939453125</ele>
        <time>2026-05-30T11:37:54.000Z</time>
        <extensions>
          <ns3:TrackPointExtension>
            <ns3:hr>161</ns3:hr>
          </ns3:TrackPointExtension>
        </extensions>
      </trkpt>
      <trkpt lat="52.0059428550302982330322265625" lon="5.79310602508485317230224609375">
        <ele>29.799999237060546875</ele>
        <time>2026-05-30T11:38:03.000Z</time>
        <extensions>
          <ns3:TrackPointExtension>
            <ns3:hr>159</ns3:hr>
          </ns3:TrackPointExtension>
        </extensions>
      </trkpt>
      <trkpt lat="52.005908489227294921875" lon="5.79325790517032146453857421875">
        <ele>29.799999237060546875</ele>
        <time>2026-05-30T11:38:12.000Z</time>
        <extensions>
          <ns3:TrackPointExtension>
            <ns3:hr>162</ns3:hr>
          </ns3:TrackPointExtension>
        </extensions>
      </trkpt>
      <trkpt lat="52.00586699880659580230712890625" lon="5.79341657459735870361328125">
        <ele>30</ele>
        <time>2026-05-30T11:38:22.000Z</time>
        <extensions>
          <ns3:TrackPointExtension>
            <ns3:hr>159</ns3:hr>
          </ns3:TrackPointExtension>
        </extensions>
      </trkpt>
      <trkpt lat="52.005829699337482452392578125" lon="5.79356920905411243438720703125">
        <ele>30</ele>
        <time>2026-05-30T11:38:31.000Z</time>
        <extensions>
          <ns3:TrackPointExtension>
            <ns3:hr>161</ns3:hr>
          </ns3:TrackPointExtension>
        </extensions>
      </trkpt>
      <trkpt lat="52.00579206459224224090576171875" lon="5.7936452329158782958984375">
        <ele>29.799999237060546875</ele>
        <time>2026-05-30T11:38:39.000Z</time>
        <extensions>
          <ns3:TrackPointExtension>
            <ns3:hr>163</ns3:hr>
          </ns3:TrackPointExtension>
        </extensions>
      </trkpt>
      <trkpt lat="52.005786113440990447998046875" lon="5.793646909296512603759765625">
        <ele>30</ele>
        <time>2026-05-30T11:38:40.000Z</time>
        <extensions>
          <ns3:TrackPointExtension>
            <ns3:hr>163</ns3:hr>
          </ns3:TrackPointExtension>
        </extensions>
      </trkpt>
      <trkpt lat="52.0057789050042629241943359375" lon="5.79364447854459285736083984375">
        <ele>30</ele>
        <time>2026-05-30T11:38:42.000Z</time>
        <extensions>
          <ns3:TrackPointExtension>
            <ns3:hr>163</ns3:hr>
          </ns3:TrackPointExtension>
        </extensions>
      </trkpt>
      <trkpt lat="52.005770690739154815673828125" lon="5.79363425262272357940673828125">
        <ele>29.6000003814697265625</ele>
        <time>2026-05-30T11:38:49.000Z</time>
        <extensions>
          <ns3:TrackPointExtension>
            <ns3:hr>162</ns3:hr>
          </ns3:TrackPointExtension>
        </extensions>
      </trkpt>
      <trkpt lat="52.0057601295411586761474609375" lon="5.793656297028064727783203125">
        <ele>29.3999996185302734375</ele>
        <time>2026-05-30T11:39:00.000Z</time>
        <extensions>
          <ns3:TrackPointExtension>
            <ns3:hr>157</ns3:hr>
          </ns3:TrackPointExtension>
        </extensions>
      </trkpt>
      <trkpt lat="52.00576364994049072265625" lon="5.79366325400769710540771484375">
        <ele>29.3999996185302734375</ele>
        <time>2026-05-30T11:39:02.000Z</time>
        <extensions>
          <ns3:TrackPointExtension>
            <ns3:hr>154</ns3:hr>
          </ns3:TrackPointExtension>
        </extensions>
      </trkpt>
      <trkpt lat="52.00576809234917163848876953125" lon="5.79366392455995082855224609375">
        <ele>29.3999996185302734375</ele>
        <time>2026-05-30T11:39:03.000Z</time>
        <extensions>
          <ns3:TrackPointExtension>
            <ns3:hr>153</ns3:hr>
          </ns3:TrackPointExtension>
        </extensions>
      </trkpt>
      <trkpt lat="52.0057703554630279541015625" lon="5.79374246299266815185546875">
        <ele>29.6000003814697265625</ele>
        <time>2026-05-30T11:39:11.000Z</time>
        <extensions>
          <ns3:TrackPointExtension>
            <ns3:hr>153</ns3:hr>
          </ns3:TrackPointExtension>
        </extensions>
      </trkpt>
      <trkpt lat="52.00576038099825382232666015625" lon="5.79383910633623600006103515625">
        <ele>29.200000762939453125</ele>
        <time>2026-05-30T11:39:17.000Z</time>
        <extensions>
          <ns3:TrackPointExtension>
            <ns3:hr>157</ns3:hr>
          </ns3:TrackPointExtension>
        </extensions>
      </trkpt>
      <trkpt lat="52.00575895607471466064453125" lon="5.79385201446712017059326171875">
        <ele>29.200000762939453125</ele>
        <time>2026-05-30T11:39:18.000Z</time>
        <extensions>
          <ns3:TrackPointExtension>
            <ns3:hr>159</ns3:hr>
          </ns3:TrackPointExtension>
        </extensions>
      </trkpt>
      <trkpt lat="52.005751915276050567626953125" lon="5.79390498809516429901123046875">
        <ele>29.200000762939453125</ele>
        <time>2026-05-30T11:39:21.000Z</time>
        <extensions>
          <ns3:TrackPointExtension>
            <ns3:hr>161</ns3:hr>
          </ns3:TrackPointExtension>
        </extensions>
      </trkpt>
      <trkpt lat="52.00572148896753787994384765625" lon="5.79404563643038272857666015625">
        <ele>29.3999996185302734375</ele>
        <time>2026-05-30T11:39:29.000Z</time>
        <extensions>
          <ns3:TrackPointExtension>
            <ns3:hr>161</ns3:hr>
          </ns3:TrackPointExtension>
        </extensions>
      </trkpt>
      <trkpt lat="52.0057105086743831634521484375" lon="5.79419575631618499755859375">
        <ele>29.3999996185302734375</ele>
        <time>2026-05-30T11:39:38.000Z</time>
        <extensions>
          <ns3:TrackPointExtension>
            <ns3:hr>160</ns3:hr>
          </ns3:TrackPointExtension>
        </extensions>
      </trkpt>
      <trkpt lat="52.00569818727672100067138671875" lon="5.79440035857260227203369140625">
        <ele>29.6000003814697265625</ele>
        <time>2026-05-30T11:39:50.000Z</time>
        <extensions>
          <ns3:TrackPointExtension>
            <ns3:hr>162</ns3:hr>
          </ns3:TrackPointExtension>
        </extensions>
      </trkpt>
      <trkpt lat="52.0056763105094432830810546875" lon="5.794570930302143096923828125">
        <ele>29.6000003814697265625</ele>
        <time>2026-05-30T11:39:59.000Z</time>
        <extensions>
          <ns3:TrackPointExtension>
            <ns3:hr>162</ns3:hr>
          </ns3:TrackPointExtension>
        </extensions>
      </trkpt>
      <trkpt lat="52.00565895996987819671630859375" lon="5.79476010985672473907470703125">
        <ele>29.6000003814697265625</ele>
        <time>2026-05-30T11:40:10.000Z</time>
        <extensions>
          <ns3:TrackPointExtension>
            <ns3:hr>162</ns3:hr>
          </ns3:TrackPointExtension>
        </extensions>
      </trkpt>
      <trkpt lat="52.00561537407338619232177734375" lon="5.79491299577057361602783203125">
        <ele>29.6000003814697265625</ele>
        <time>2026-05-30T11:40:20.000Z</time>
        <extensions>
          <ns3:TrackPointExtension>
            <ns3:hr>160</ns3:hr>
          </ns3:TrackPointExtension>
        </extensions>
      </trkpt>
      <trkpt lat="52.0056005381047725677490234375" lon="5.79507107846438884735107421875">
        <ele>29.6000003814697265625</ele>
        <time>2026-05-30T11:40:30.000Z</time>
        <extensions>
          <ns3:TrackPointExtension>
            <ns3:hr>161</ns3:hr>
          </ns3:TrackPointExtension>
        </extensions>
      </trkpt>
      <trkpt lat="52.0055740512907505035400390625" lon="5.79524776898324489593505859375">
        <ele>29.6000003814697265625</ele>
        <time>2026-05-30T11:40:39.000Z</time>
        <extensions>
          <ns3:TrackPointExtension>
            <ns3:hr>162</ns3:hr>
          </ns3:TrackPointExtension>
        </extensions>
      </trkpt>
      <trkpt lat="52.005535326898097991943359375" lon="5.79540048725903034210205078125">
        <ele>29.6000003814697265625</ele>
        <time>2026-05-30T11:40:47.000Z</time>
        <extensions>
          <ns3:TrackPointExtension>
            <ns3:hr>162</ns3:hr>
          </ns3:TrackPointExtension>
        </extensions>
      </trkpt>
      <trkpt lat="52.005518563091754913330078125" lon="5.79554985277354717254638671875">
        <ele>29.6000003814697265625</ele>
        <time>2026-05-30T11:40:56.000Z</time>
        <extensions>
          <ns3:TrackPointExtension>
            <ns3:hr>161</ns3:hr>
          </ns3:TrackPointExtension>
        </extensions>
      </trkpt>
      <trkpt lat="52.00551043264567852020263671875" lon="5.79575185663998126983642578125">
        <ele>29.6000003814697265625</ele>
        <time>2026-05-30T11:41:06.000Z</time>
        <extensions>
          <ns3:TrackPointExtension>
            <ns3:hr>160</ns3:hr>
          </ns3:TrackPointExtension>
        </extensions>
      </trkpt>
      <trkpt lat="52.0054979436099529266357421875" lon="5.79596442170441150665283203125">
        <ele>29.3999996185302734375</ele>
        <time>2026-05-30T11:41:18.000Z</time>
        <extensions>
          <ns3:TrackPointExtension>
            <ns3:hr>158</ns3:hr>
          </ns3:TrackPointExtension>
        </extensions>
      </trkpt>
      <trkpt lat="52.005468942224979400634765625" lon="5.79611378721892833709716796875">
        <ele>29.3999996185302734375</ele>
        <time>2026-05-30T11:41:27.000Z</time>
        <extensions>
          <ns3:TrackPointExtension>
            <ns3:hr>157</ns3:hr>
          </ns3:TrackPointExtension>
        </extensions>
      </trkpt>
      <trkpt lat="52.00542778708040714263916015625" lon="5.79626382328569889068603515625">
        <ele>29.6000003814697265625</ele>
        <time>2026-05-30T11:41:36.000Z</time>
        <extensions>
          <ns3:TrackPointExtension>
            <ns3:hr>160</ns3:hr>
          </ns3:TrackPointExtension>
        </extensions>
      </trkpt>
      <trkpt lat="52.0054030604660511016845703125" lon="5.796343870460987091064453125">
        <ele>29.3999996185302734375</ele>
        <time>2026-05-30T11:41:40.000Z</time>
        <extensions>
          <ns3:TrackPointExtension>
            <ns3:hr>160</ns3:hr>
          </ns3:TrackPointExtension>
        </extensions>
      </trkpt>
      <trkpt lat="52.0053873024880886077880859375" lon="5.7964989356696605682373046875">
        <ele>29.200000762939453125</ele>
        <time>2026-05-30T11:41:49.000Z</time>
        <extensions>
          <ns3:TrackPointExtension>
            <ns3:hr>160</ns3:hr>
          </ns3:TrackPointExtension>
        </extensions>
      </trkpt>
      <trkpt lat="52.00538638047873973846435546875" lon="5.79666364006698131561279296875">
        <ele>29.200000762939453125</ele>
        <time>2026-05-30T11:41:58.000Z</time>
        <extensions>
          <ns3:TrackPointExtension>
            <ns3:hr>157</ns3:hr>
          </ns3:TrackPointExtension>
        </extensions>
      </trkpt>
      <trkpt lat="52.00538554228842258453369140625" lon="5.79668023623526096343994140625">
        <ele>29.200000762939453125</ele>
        <time>2026-05-30T11:41:59.000Z</time>
        <extensions>
          <ns3:TrackPointExtension>
            <ns3:hr>157</ns3:hr>
          </ns3:TrackPointExtension>
        </extensions>
      </trkpt>
      <trkpt lat="52.005364336073398590087890625" lon="5.7968799769878387451171875">
        <ele>29.200000762939453125</ele>
        <time>2026-05-30T11:42:12.000Z</time>
        <extensions>
          <ns3:TrackPointExtension>
            <ns3:hr>157</ns3:hr>
          </ns3:TrackPointExtension>
        </extensions>
      </trkpt>
      <trkpt lat="52.00532921589910984039306640625" lon="5.79706731252372264862060546875">
        <ele>29.200000762939453125</ele>
        <time>2026-05-30T11:42:22.000Z</time>
        <extensions>
          <ns3:TrackPointExtension>
            <ns3:hr>156</ns3:hr>
          </ns3:TrackPointExtension>
        </extensions>
      </trkpt>
      <trkpt lat="52.00529702939093112945556640625" lon="5.7972278259694576263427734375">
        <ele>29</ele>
        <time>2026-05-30T11:42:31.000Z</time>
        <extensions>
          <ns3:TrackPointExtension>
            <ns3:hr>157</ns3:hr>
          </ns3:TrackPointExtension>
        </extensions>
      </trkpt>
      <trkpt lat="52.0052833668887615203857421875" lon="5.79738465137779712677001953125">
        <ele>28.799999237060546875</ele>
        <time>2026-05-30T11:42:39.000Z</time>
        <extensions>
          <ns3:TrackPointExtension>
            <ns3:hr>155</ns3:hr>
          </ns3:TrackPointExtension>
        </extensions>
      </trkpt>
      <trkpt lat="52.00526417233049869537353515625" lon="5.79751901328563690185546875">
        <ele>28.6000003814697265625</ele>
        <time>2026-05-30T11:42:47.000Z</time>
        <extensions>
          <ns3:TrackPointExtension>
            <ns3:hr>152</ns3:hr>
          </ns3:TrackPointExtension>
        </extensions>
      </trkpt>
      <trkpt lat="52.00522997416555881500244140625" lon="5.79772043041884899139404296875">
        <ele>28.3999996185302734375</ele>
        <time>2026-05-30T11:42:59.000Z</time>
        <extensions>
          <ns3:TrackPointExtension>
            <ns3:hr>151</ns3:hr>
          </ns3:TrackPointExtension>
        </extensions>
      </trkpt>
      <trkpt lat="52.00521421618759632110595703125" lon="5.79784833826124668121337890625">
        <ele>28.3999996185302734375</ele>
        <time>2026-05-30T11:43:06.000Z</time>
        <extensions>
          <ns3:TrackPointExtension>
            <ns3:hr>150</ns3:hr>
          </ns3:TrackPointExtension>
        </extensions>
      </trkpt>
      <trkpt lat="52.00521069578826427459716796875" lon="5.79787985421717166900634765625">
        <ele>28</ele>
        <time>2026-05-30T11:43:08.000Z</time>
        <extensions>
          <ns3:TrackPointExtension>
            <ns3:hr>150</ns3:hr>
          </ns3:TrackPointExtension>
        </extensions>
      </trkpt>
      <trkpt lat="52.005193345248699188232421875" lon="5.7979832030832767486572265625">
        <ele>28</ele>
        <time>2026-05-30T11:43:14.000Z</time>
        <extensions>
          <ns3:TrackPointExtension>
            <ns3:hr>153</ns3:hr>
          </ns3:TrackPointExtension>
        </extensions>
      </trkpt>
      <trkpt lat="52.0051844604313373565673828125" lon="5.79801346175372600555419921875">
        <ele>28.200000762939453125</ele>
        <time>2026-05-30T11:43:16.000Z</time>
        <extensions>
          <ns3:TrackPointExtension>
            <ns3:hr>153</ns3:hr>
          </ns3:TrackPointExtension>
        </extensions>
      </trkpt>
      <trkpt lat="52.00517968274652957916259765625" lon="5.79804263077676296234130859375">
        <ele>28.200000762939453125</ele>
        <time>2026-05-30T11:43:18.000Z</time>
        <extensions>
          <ns3:TrackPointExtension>
            <ns3:hr>156</ns3:hr>
          </ns3:TrackPointExtension>
        </extensions>
      </trkpt>
      <trkpt lat="52.00517063029110431671142578125" lon="5.79818378202617168426513671875">
        <ele>27.799999237060546875</ele>
        <time>2026-05-30T11:43:26.000Z</time>
        <extensions>
          <ns3:TrackPointExtension>
            <ns3:hr>156</ns3:hr>
          </ns3:TrackPointExtension>
        </extensions>
      </trkpt>
      <trkpt lat="52.00513936579227447509765625" lon="5.79829894937574863433837890625">
        <ele>28.3999996185302734375</ele>
        <time>2026-05-30T11:43:34.000Z</time>
        <extensions>
          <ns3:TrackPointExtension>
            <ns3:hr>155</ns3:hr>
          </ns3:TrackPointExtension>
        </extensions>
      </trkpt>
      <trkpt lat="52.00507859699428081512451171875" lon="5.79848720692098140716552734375">
        <ele>27.799999237060546875</ele>
        <time>2026-05-30T11:43:44.000Z</time>
        <extensions>
          <ns3:TrackPointExtension>
            <ns3:hr>158</ns3:hr>
          </ns3:TrackPointExtension>
        </extensions>
      </trkpt>
      <trkpt lat="52.005049847066402435302734375" lon="5.7986198924481868743896484375">
        <ele>28.200000762939453125</ele>
        <time>2026-05-30T11:43:52.000Z</time>
        <extensions>
          <ns3:TrackPointExtension>
            <ns3:hr>157</ns3:hr>
          </ns3:TrackPointExtension>
        </extensions>
      </trkpt>
      <trkpt lat="52.00500701554119586944580078125" lon="5.7988166995346546173095703125">
        <ele>27.3999996185302734375</ele>
        <time>2026-05-30T11:43:59.000Z</time>
        <extensions>
          <ns3:TrackPointExtension>
            <ns3:hr>160</ns3:hr>
          </ns3:TrackPointExtension>
        </extensions>
      </trkpt>
      <trkpt lat="52.0049879886209964752197265625" lon="5.79899489879608154296875">
        <ele>27.200000762939453125</ele>
        <time>2026-05-30T11:44:10.000Z</time>
        <extensions>
          <ns3:TrackPointExtension>
            <ns3:hr>161</ns3:hr>
          </ns3:TrackPointExtension>
        </extensions>
      </trkpt>
      <trkpt lat="52.00498522259294986724853515625" lon="5.79902213998138904571533203125">
        <ele>27</ele>
        <time>2026-05-30T11:44:12.000Z</time>
        <extensions>
          <ns3:TrackPointExtension>
            <ns3:hr>160</ns3:hr>
          </ns3:TrackPointExtension>
        </extensions>
      </trkpt>
      <trkpt lat="52.004958651959896087646484375" lon="5.79914837144315242767333984375">
        <ele>27</ele>
        <time>2026-05-30T11:44:20.000Z</time>
        <extensions>
          <ns3:TrackPointExtension>
            <ns3:hr>160</ns3:hr>
          </ns3:TrackPointExtension>
        </extensions>
      </trkpt>
      <trkpt lat="52.00490978546440601348876953125" lon="5.7993380539119243621826171875">
        <ele>27</ele>
        <time>2026-05-30T11:44:31.000Z</time>
        <extensions>
          <ns3:TrackPointExtension>
            <ns3:hr>159</ns3:hr>
          </ns3:TrackPointExtension>
        </extensions>
      </trkpt>
      <trkpt lat="52.00487340800464153289794921875" lon="5.7995514571666717529296875">
        <ele>26.3999996185302734375</ele>
        <time>2026-05-30T11:44:43.000Z</time>
        <extensions>
          <ns3:TrackPointExtension>
            <ns3:hr>159</ns3:hr>
          </ns3:TrackPointExtension>
        </extensions>
      </trkpt>
      <trkpt lat="52.0048300735652446746826171875" lon="5.79972471110522747039794921875">
        <ele>26.3999996185302734375</ele>
        <time>2026-05-30T11:44:53.000Z</time>
        <extensions>
          <ns3:TrackPointExtension>
            <ns3:hr>157</ns3:hr>
          </ns3:TrackPointExtension>
        </extensions>
      </trkpt>
      <trkpt lat="52.00480970554053783416748046875" lon="5.79989100806415081024169921875">
        <ele>26</ele>
        <time>2026-05-30T11:45:00.000Z</time>
        <extensions>
          <ns3:TrackPointExtension>
            <ns3:hr>157</ns3:hr>
          </ns3:TrackPointExtension>
        </extensions>
      </trkpt>
      <trkpt lat="52.0048039220273494720458984375" lon="5.79994046129286289215087890625">
        <ele>25.799999237060546875</ele>
        <time>2026-05-30T11:45:03.000Z</time>
        <extensions>
          <ns3:TrackPointExtension>
            <ns3:hr>157</ns3:hr>
          </ns3:TrackPointExtension>
        </extensions>
      </trkpt>
      <trkpt lat="52.0047794468700885772705078125" lon="5.80012050457298755645751953125">
        <ele>25.6000003814697265625</ele>
        <time>2026-05-30T11:45:14.000Z</time>
        <extensions>
          <ns3:TrackPointExtension>
            <ns3:hr>156</ns3:hr>
          </ns3:TrackPointExtension>
        </extensions>
      </trkpt>
      <trkpt lat="52.0047465898096561431884765625" lon="5.8002944290637969970703125">
        <ele>25.200000762939453125</ele>
        <time>2026-05-30T11:45:24.000Z</time>
        <extensions>
          <ns3:TrackPointExtension>
            <ns3:hr>155</ns3:hr>
          </ns3:TrackPointExtension>
        </extensions>
      </trkpt>
      <trkpt lat="52.00471415184438228607177734375" lon="5.800462402403354644775390625">
        <ele>25.6000003814697265625</ele>
        <time>2026-05-30T11:45:34.000Z</time>
        <extensions>
          <ns3:TrackPointExtension>
            <ns3:hr>154</ns3:hr>
          </ns3:TrackPointExtension>
        </extensions>
      </trkpt>
      <trkpt lat="52.00470208190381526947021484375" lon="5.80056424252688884735107421875">
        <ele>25</ele>
        <time>2026-05-30T11:45:39.000Z</time>
        <extensions>
          <ns3:TrackPointExtension>
            <ns3:hr>155</ns3:hr>
          </ns3:TrackPointExtension>
        </extensions>
      </trkpt>
      <trkpt lat="52.0046929456293582916259765625" lon="5.80060891807079315185546875">
        <ele>24.6000003814697265625</ele>
        <time>2026-05-30T11:45:42.000Z</time>
        <extensions>
          <ns3:TrackPointExtension>
            <ns3:hr>154</ns3:hr>
          </ns3:TrackPointExtension>
        </extensions>
      </trkpt>
      <trkpt lat="52.0046518743038177490234375" lon="5.80080916173756122589111328125">
        <ele>24.200000762939453125</ele>
        <time>2026-05-30T11:45:53.000Z</time>
        <extensions>
          <ns3:TrackPointExtension>
            <ns3:hr>155</ns3:hr>
          </ns3:TrackPointExtension>
        </extensions>
      </trkpt>
      <trkpt lat="52.004599235951900482177734375" lon="5.8009641431272029876708984375">
        <ele>24</ele>
        <time>2026-05-30T11:46:02.000Z</time>
        <extensions>
          <ns3:TrackPointExtension>
            <ns3:hr>154</ns3:hr>
          </ns3:TrackPointExtension>
        </extensions>
      </trkpt>
      <trkpt lat="52.00456964783370494842529296875" lon="5.80117352306842803955078125">
        <ele>23.6000003814697265625</ele>
        <time>2026-05-30T11:46:13.000Z</time>
        <extensions>
          <ns3:TrackPointExtension>
            <ns3:hr>155</ns3:hr>
          </ns3:TrackPointExtension>
        </extensions>
      </trkpt>
      <trkpt lat="52.0045303367078304290771484375" lon="5.80136052332818508148193359375">
        <ele>23.3999996185302734375</ele>
        <time>2026-05-30T11:46:23.000Z</time>
        <extensions>
          <ns3:TrackPointExtension>
            <ns3:hr>155</ns3:hr>
          </ns3:TrackPointExtension>
        </extensions>
      </trkpt>
      <trkpt lat="52.00448415242135524749755859375" lon="5.80150569789111614227294921875">
        <ele>23.200000762939453125</ele>
        <time>2026-05-30T11:46:32.000Z</time>
        <extensions>
          <ns3:TrackPointExtension>
            <ns3:hr>156</ns3:hr>
          </ns3:TrackPointExtension>
        </extensions>
      </trkpt>
      <trkpt lat="52.0044642873108386993408203125" lon="5.80165355466306209564208984375">
        <ele>23</ele>
        <time>2026-05-30T11:46:41.000Z</time>
        <extensions>
          <ns3:TrackPointExtension>
            <ns3:hr>154</ns3:hr>
          </ns3:TrackPointExtension>
        </extensions>
      </trkpt>
      <trkpt lat="52.00446202419698238372802734375" lon="5.80167149193584918975830078125">
        <ele>22.799999237060546875</ele>
        <time>2026-05-30T11:46:42.000Z</time>
        <extensions>
          <ns3:TrackPointExtension>
            <ns3:hr>153</ns3:hr>
          </ns3:TrackPointExtension>
        </extensions>
      </trkpt>
      <trkpt lat="52.004427574574947357177734375" lon="5.8017838932573795318603515625">
        <ele>22.3999996185302734375</ele>
        <time>2026-05-30T11:46:51.000Z</time>
        <extensions>
          <ns3:TrackPointExtension>
            <ns3:hr>150</ns3:hr>
          </ns3:TrackPointExtension>
        </extensions>
      </trkpt>
      <trkpt lat="52.00439295731484889984130859375" lon="5.80195429734885692596435546875">
        <ele>22</ele>
        <time>2026-05-30T11:47:00.000Z</time>
        <extensions>
          <ns3:TrackPointExtension>
            <ns3:hr>151</ns3:hr>
          </ns3:TrackPointExtension>
        </extensions>
      </trkpt>
      <trkpt lat="52.00439027510583400726318359375" lon="5.80197391100227832794189453125">
        <ele>22</ele>
        <time>2026-05-30T11:47:01.000Z</time>
        <extensions>
          <ns3:TrackPointExtension>
            <ns3:hr>151</ns3:hr>
          </ns3:TrackPointExtension>
        </extensions>
      </trkpt>
      <trkpt lat="52.0043559931218624114990234375" lon="5.80214523710310459136962890625">
        <ele>21.200000762939453125</ele>
        <time>2026-05-30T11:47:10.000Z</time>
        <extensions>
          <ns3:TrackPointExtension>
            <ns3:hr>152</ns3:hr>
          </ns3:TrackPointExtension>
        </extensions>
      </trkpt>
      <trkpt lat="52.00432824902236461639404296875" lon="5.80223257653415203094482421875">
        <ele>20.799999237060546875</ele>
        <time>2026-05-30T11:47:15.000Z</time>
        <extensions>
          <ns3:TrackPointExtension>
            <ns3:hr>151</ns3:hr>
          </ns3:TrackPointExtension>
        </extensions>
      </trkpt>
      <trkpt lat="52.00431014411151409149169921875" lon="5.802288316190242767333984375">
        <ele>21</ele>
        <time>2026-05-30T11:47:19.000Z</time>
        <extensions>
          <ns3:TrackPointExtension>
            <ns3:hr>150</ns3:hr>
          </ns3:TrackPointExtension>
        </extensions>
      </trkpt>
      <trkpt lat="52.00431081466376781463623046875" lon="5.80244966782629489898681640625">
        <ele>20.3999996185302734375</ele>
        <time>2026-05-30T11:47:28.000Z</time>
        <extensions>
          <ns3:TrackPointExtension>
            <ns3:hr>150</ns3:hr>
          </ns3:TrackPointExtension>
        </extensions>
      </trkpt>
      <trkpt lat="52.004263289272785186767578125" lon="5.802604816854000091552734375">
        <ele>20</ele>
        <time>2026-05-30T11:47:37.000Z</time>
        <extensions>
          <ns3:TrackPointExtension>
            <ns3:hr>151</ns3:hr>
          </ns3:TrackPointExtension>
        </extensions>
      </trkpt>
      <trkpt lat="52.004227079451084136962890625" lon="5.80273884348571300506591796875">
        <ele>20.3999996185302734375</ele>
        <time>2026-05-30T11:47:45.000Z</time>
        <extensions>
          <ns3:TrackPointExtension>
            <ns3:hr>152</ns3:hr>
          </ns3:TrackPointExtension>
        </extensions>
      </trkpt>
      <trkpt lat="52.0042061246931552886962890625" lon="5.80284831114113330841064453125">
        <ele>20.200000762939453125</ele>
        <time>2026-05-30T11:47:51.000Z</time>
        <extensions>
          <ns3:TrackPointExtension>
            <ns3:hr>155</ns3:hr>
          </ns3:TrackPointExtension>
        </extensions>
      </trkpt>
      <trkpt lat="52.004191540181636810302734375" lon="5.80292592756450176239013671875">
        <ele>20</ele>
        <time>2026-05-30T11:47:55.000Z</time>
        <extensions>
          <ns3:TrackPointExtension>
            <ns3:hr>156</ns3:hr>
          </ns3:TrackPointExtension>
        </extensions>
      </trkpt>
      <trkpt lat="52.00418240390717983245849609375" lon="5.8029989339411258697509765625">
        <ele>19.799999237060546875</ele>
        <time>2026-05-30T11:47:58.000Z</time>
        <extensions>
          <ns3:TrackPointExtension>
            <ns3:hr>156</ns3:hr>
          </ns3:TrackPointExtension>
        </extensions>
      </trkpt>
      <trkpt lat="52.004166729748249053955078125" lon="5.8031273446977138519287109375">
        <ele>19.799999237060546875</ele>
        <time>2026-05-30T11:48:05.000Z</time>
        <extensions>
          <ns3:TrackPointExtension>
            <ns3:hr>155</ns3:hr>
          </ns3:TrackPointExtension>
        </extensions>
      </trkpt>
      <trkpt lat="52.0041417516767978668212890625" lon="5.8033033646643161773681640625">
        <ele>19.200000762939453125</ele>
        <time>2026-05-30T11:48:15.000Z</time>
        <extensions>
          <ns3:TrackPointExtension>
            <ns3:hr>154</ns3:hr>
          </ns3:TrackPointExtension>
        </extensions>
      </trkpt>
      <trkpt lat="52.00410135090351104736328125" lon="5.80352758057415485382080078125">
        <ele>19.200000762939453125</ele>
        <time>2026-05-30T11:48:27.000Z</time>
        <extensions>
          <ns3:TrackPointExtension>
            <ns3:hr>154</ns3:hr>
          </ns3:TrackPointExtension>
        </extensions>
      </trkpt>
      <trkpt lat="52.004063129425048828125" lon="5.80366806127130985260009765625">
        <ele>19.3999996185302734375</ele>
        <time>2026-05-30T11:48:35.000Z</time>
        <extensions>
          <ns3:TrackPointExtension>
            <ns3:hr>157</ns3:hr>
          </ns3:TrackPointExtension>
        </extensions>
      </trkpt>
      <trkpt lat="52.004042677581310272216796875" lon="5.803717933595180511474609375">
        <ele>19.3999996185302734375</ele>
        <time>2026-05-30T11:48:38.000Z</time>
        <extensions>
          <ns3:TrackPointExtension>
            <ns3:hr>158</ns3:hr>
          </ns3:TrackPointExtension>
        </extensions>
      </trkpt>
      <trkpt lat="52.00400345027446746826171875" lon="5.80388389527797698974609375">
        <ele>19.200000762939453125</ele>
        <time>2026-05-30T11:48:47.000Z</time>
        <extensions>
          <ns3:TrackPointExtension>
            <ns3:hr>159</ns3:hr>
          </ns3:TrackPointExtension>
        </extensions>
      </trkpt>
      <trkpt lat="52.00396045111119747161865234375" lon="5.80408061854541301727294921875">
        <ele>19.3999996185302734375</ele>
        <time>2026-05-30T11:48:58.000Z</time>
        <extensions>
          <ns3:TrackPointExtension>
            <ns3:hr>158</ns3:hr>
          </ns3:TrackPointExtension>
        </extensions>
      </trkpt>
      <trkpt lat="52.0039231516420841217041015625" lon="5.80427759326994419097900390625">
        <ele>19.3999996185302734375</ele>
        <time>2026-05-30T11:49:08.000Z</time>
        <extensions>
          <ns3:TrackPointExtension>
            <ns3:hr>159</ns3:hr>
          </ns3:TrackPointExtension>
        </extensions>
      </trkpt>
      <trkpt lat="52.00387227348983287811279296875" lon="5.8044612407684326171875">
        <ele>19.3999996185302734375</ele>
        <time>2026-05-30T11:49:20.000Z</time>
        <extensions>
          <ns3:TrackPointExtension>
            <ns3:hr>158</ns3:hr>
          </ns3:TrackPointExtension>
        </extensions>
      </trkpt>
      <trkpt lat="52.00383522547781467437744140625" lon="5.80462359823286533355712890625">
        <ele>19.3999996185302734375</ele>
        <time>2026-05-30T11:49:29.000Z</time>
        <extensions>
          <ns3:TrackPointExtension>
            <ns3:hr>159</ns3:hr>
          </ns3:TrackPointExtension>
        </extensions>
      </trkpt>
      <trkpt lat="52.0038235746324062347412109375" lon="5.8047735504806041717529296875">
        <ele>19.6000003814697265625</ele>
        <time>2026-05-30T11:49:38.000Z</time>
        <extensions>
          <ns3:TrackPointExtension>
            <ns3:hr>159</ns3:hr>
          </ns3:TrackPointExtension>
        </extensions>
      </trkpt>
      <trkpt lat="52.00379532761871814727783203125" lon="5.80490824766457080841064453125">
        <ele>19.799999237060546875</ele>
        <time>2026-05-30T11:49:48.000Z</time>
        <extensions>
          <ns3:TrackPointExtension>
            <ns3:hr>157</ns3:hr>
          </ns3:TrackPointExtension>
        </extensions>
      </trkpt>
      <trkpt lat="52.00374637730419635772705078125" lon="5.8050776459276676177978515625">
        <ele>19.6000003814697265625</ele>
        <time>2026-05-30T11:49:56.000Z</time>
        <extensions>
          <ns3:TrackPointExtension>
            <ns3:hr>157</ns3:hr>
          </ns3:TrackPointExtension>
        </extensions>
      </trkpt>
      <trkpt lat="52.00373464263975620269775390625" lon="5.80516196787357330322265625">
        <ele>19.799999237060546875</ele>
        <time>2026-05-30T11:50:01.000Z</time>
        <extensions>
          <ns3:TrackPointExtension>
            <ns3:hr>154</ns3:hr>
          </ns3:TrackPointExtension>
        </extensions>
      </trkpt>
      <trkpt lat="52.003729529678821563720703125" lon="5.80519826151430606842041015625">
        <ele>19.799999237060546875</ele>
        <time>2026-05-30T11:50:03.000Z</time>
        <extensions>
          <ns3:TrackPointExtension>
            <ns3:hr>151</ns3:hr>
          </ns3:TrackPointExtension>
        </extensions>
      </trkpt>
      <trkpt lat="52.0037211477756500244140625" lon="5.80526112578809261322021484375">
        <ele>19.799999237060546875</ele>
        <time>2026-05-30T11:50:07.000Z</time>
        <extensions>
          <ns3:TrackPointExtension>
            <ns3:hr>152</ns3:hr>
          </ns3:TrackPointExtension>
        </extensions>
      </trkpt>
      <trkpt lat="52.00369390659034252166748046875" lon="5.8053505606949329376220703125">
        <ele>19.6000003814697265625</ele>
        <time>2026-05-30T11:50:12.000Z</time>
        <extensions>
          <ns3:TrackPointExtension>
            <ns3:hr>155</ns3:hr>
          </ns3:TrackPointExtension>
        </extensions>
      </trkpt>
      <trkpt lat="52.00367345474660396575927734375" lon="5.80544150434434413909912109375">
        <ele>20</ele>
        <time>2026-05-30T11:50:17.000Z</time>
        <extensions>
          <ns3:TrackPointExtension>
            <ns3:hr>157</ns3:hr>
          </ns3:TrackPointExtension>
        </extensions>
      </trkpt>
      <trkpt lat="52.00365819968283176422119140625" lon="5.8056010119616985321044921875">
        <ele>20.200000762939453125</ele>
        <time>2026-05-30T11:50:26.000Z</time>
        <extensions>
          <ns3:TrackPointExtension>
            <ns3:hr>160</ns3:hr>
          </ns3:TrackPointExtension>
        </extensions>
      </trkpt>
      <trkpt lat="52.0036519132554531097412109375" lon="5.805641077458858489990234375">
        <ele>20.200000762939453125</ele>
        <time>2026-05-30T11:50:28.000Z</time>
        <extensions>
          <ns3:TrackPointExtension>
            <ns3:hr>160</ns3:hr>
          </ns3:TrackPointExtension>
        </extensions>
      </trkpt>
      <trkpt lat="52.0036153681576251983642578125" lon="5.805813409388065338134765625">
        <ele>19.799999237060546875</ele>
        <time>2026-05-30T11:50:38.000Z</time>
        <extensions>
          <ns3:TrackPointExtension>
            <ns3:hr>160</ns3:hr>
          </ns3:TrackPointExtension>
        </extensions>
      </trkpt>
      <trkpt lat="52.0035861991345882415771484375" lon="5.8059761859476566314697265625">
        <ele>20.200000762939453125</ele>
        <time>2026-05-30T11:50:47.000Z</time>
        <extensions>
          <ns3:TrackPointExtension>
            <ns3:hr>160</ns3:hr>
          </ns3:TrackPointExtension>
        </extensions>
      </trkpt>
      <trkpt lat="52.00354319997131824493408203125" lon="5.80606813542544841766357421875">
        <ele>20</ele>
        <time>2026-05-30T11:50:57.000Z</time>
        <extensions>
          <ns3:TrackPointExtension>
            <ns3:hr>159</ns3:hr>
          </ns3:TrackPointExtension>
        </extensions>
      </trkpt>
      <trkpt lat="52.00342350639402866363525390625" lon="5.8060853183269500732421875">
        <ele>20</ele>
        <time>2026-05-30T11:51:04.000Z</time>
        <extensions>
          <ns3:TrackPointExtension>
            <ns3:hr>160</ns3:hr>
          </ns3:TrackPointExtension>
        </extensions>
      </trkpt>
      <trkpt lat="52.00348955579102039337158203125" lon="5.80635345540940761566162109375">
        <ele>20.200000762939453125</ele>
        <time>2026-05-30T11:51:13.000Z</time>
        <extensions>
          <ns3:TrackPointExtension>
            <ns3:hr>162</ns3:hr>
          </ns3:TrackPointExtension>
        </extensions>
      </trkpt>
      <trkpt lat="52.00346759520471096038818359375" lon="5.80652453005313873291015625">
        <ele>20.200000762939453125</ele>
        <time>2026-05-30T11:51:21.000Z</time>
        <extensions>
          <ns3:TrackPointExtension>
            <ns3:hr>161</ns3:hr>
          </ns3:TrackPointExtension>
        </extensions>
      </trkpt>
      <trkpt lat="52.0034634880721569061279296875" lon="5.80668319948017597198486328125">
        <ele>20.200000762939453125</ele>
        <time>2026-05-30T11:51:27.000Z</time>
        <extensions>
          <ns3:TrackPointExtension>
            <ns3:hr>160</ns3:hr>
          </ns3:TrackPointExtension>
        </extensions>
      </trkpt>
      <trkpt lat="52.003419063985347747802734375" lon="5.8068200759589672088623046875">
        <ele>20.200000762939453125</ele>
        <time>2026-05-30T11:51:35.000Z</time>
        <extensions>
          <ns3:TrackPointExtension>
            <ns3:hr>159</ns3:hr>
          </ns3:TrackPointExtension>
        </extensions>
      </trkpt>
      <trkpt lat="52.00339299626648426055908203125" lon="5.8069253526628017425537109375">
        <ele>20.3999996185302734375</ele>
        <time>2026-05-30T11:51:41.000Z</time>
        <extensions>
          <ns3:TrackPointExtension>
            <ns3:hr>160</ns3:hr>
          </ns3:TrackPointExtension>
        </extensions>
      </trkpt>
      <trkpt lat="52.0033739693462848663330078125" lon="5.8070333115756511688232421875">
        <ele>20.6000003814697265625</ele>
        <time>2026-05-30T11:51:48.000Z</time>
        <extensions>
          <ns3:TrackPointExtension>
            <ns3:hr>160</ns3:hr>
          </ns3:TrackPointExtension>
        </extensions>
      </trkpt>
      <trkpt lat="52.003368437290191650390625" lon="5.80721846781671047210693359375">
        <ele>20.3999996185302734375</ele>
        <time>2026-05-30T11:51:58.000Z</time>
        <extensions>
          <ns3:TrackPointExtension>
            <ns3:hr>160</ns3:hr>
          </ns3:TrackPointExtension>
        </extensions>
      </trkpt>
      <trkpt lat="52.0033295452594757080078125" lon="5.8073830045759677886962890625">
        <ele>20.6000003814697265625</ele>
        <time>2026-05-30T11:52:07.000Z</time>
        <extensions>
          <ns3:TrackPointExtension>
            <ns3:hr>159</ns3:hr>
          </ns3:TrackPointExtension>
        </extensions>
      </trkpt>
      <trkpt lat="52.00330079533159732818603515625" lon="5.8075975812971591949462890625">
        <ele>20.799999237060546875</ele>
        <time>2026-05-30T11:52:19.000Z</time>
        <extensions>
          <ns3:TrackPointExtension>
            <ns3:hr>160</ns3:hr>
          </ns3:TrackPointExtension>
        </extensions>
      </trkpt>
      <trkpt lat="52.00325922109186649322509765625" lon="5.80780318938195705413818359375">
        <ele>20.799999237060546875</ele>
        <time>2026-05-30T11:52:31.000Z</time>
        <extensions>
          <ns3:TrackPointExtension>
            <ns3:hr>162</ns3:hr>
          </ns3:TrackPointExtension>
        </extensions>
      </trkpt>
      <trkpt lat="52.00324262492358684539794921875" lon="5.807847864925861358642578125">
        <ele>20.799999237060546875</ele>
        <time>2026-05-30T11:52:34.000Z</time>
        <extensions>
          <ns3:TrackPointExtension>
            <ns3:hr>162</ns3:hr>
          </ns3:TrackPointExtension>
        </extensions>
      </trkpt>
      <trkpt lat="52.00321563519537448883056640625" lon="5.80799563787877559661865234375">
        <ele>21</ele>
        <time>2026-05-30T11:52:43.000Z</time>
        <extensions>
          <ns3:TrackPointExtension>
            <ns3:hr>161</ns3:hr>
          </ns3:TrackPointExtension>
        </extensions>
      </trkpt>
      <trkpt lat="52.00320708565413951873779296875" lon="5.808174423873424530029296875">
        <ele>21</ele>
        <time>2026-05-30T11:52:53.000Z</time>
        <extensions>
          <ns3:TrackPointExtension>
            <ns3:hr>160</ns3:hr>
          </ns3:TrackPointExtension>
        </extensions>
      </trkpt>
      <trkpt lat="52.00317473150789737701416015625" lon="5.8083429001271724700927734375">
        <ele>21.6000003814697265625</ele>
        <time>2026-05-30T11:53:03.000Z</time>
        <extensions>
          <ns3:TrackPointExtension>
            <ns3:hr>161</ns3:hr>
          </ns3:TrackPointExtension>
        </extensions>
      </trkpt>
      <trkpt lat="52.00313114561140537261962890625" lon="5.8085102029144763946533203125">
        <ele>21.3999996185302734375</ele>
        <time>2026-05-30T11:53:12.000Z</time>
        <extensions>
          <ns3:TrackPointExtension>
            <ns3:hr>162</ns3:hr>
          </ns3:TrackPointExtension>
        </extensions>
      </trkpt>
      <trkpt lat="52.003103904426097869873046875" lon="5.80868764780461788177490234375">
        <ele>21.6000003814697265625</ele>
        <time>2026-05-30T11:53:22.000Z</time>
        <extensions>
          <ns3:TrackPointExtension>
            <ns3:hr>163</ns3:hr>
          </ns3:TrackPointExtension>
        </extensions>
      </trkpt>
      <trkpt lat="52.00305461883544921875" lon="5.80882712267339229583740234375">
        <ele>21.6000003814697265625</ele>
        <time>2026-05-30T11:53:31.000Z</time>
        <extensions>
          <ns3:TrackPointExtension>
            <ns3:hr>162</ns3:hr>
          </ns3:TrackPointExtension>
        </extensions>
      </trkpt>
      <trkpt lat="52.00303777121007442474365234375" lon="5.808987133204936981201171875">
        <ele>21.799999237060546875</ele>
        <time>2026-05-30T11:53:39.000Z</time>
        <extensions>
          <ns3:TrackPointExtension>
            <ns3:hr>163</ns3:hr>
          </ns3:TrackPointExtension>
        </extensions>
      </trkpt>
      <trkpt lat="52.0030276291072368621826171875" lon="5.809172205626964569091796875">
        <ele>22.200000762939453125</ele>
        <time>2026-05-30T11:53:49.000Z</time>
        <extensions>
          <ns3:TrackPointExtension>
            <ns3:hr>163</ns3:hr>
          </ns3:TrackPointExtension>
        </extensions>
      </trkpt>
      <trkpt lat="52.00299385003745555877685546875" lon="5.80929483287036418914794921875">
        <ele>22.6000003814697265625</ele>
        <time>2026-05-30T11:53:57.000Z</time>
        <extensions>
          <ns3:TrackPointExtension>
            <ns3:hr>163</ns3:hr>
          </ns3:TrackPointExtension>
        </extensions>
      </trkpt>
      <trkpt lat="52.00294422917068004608154296875" lon="5.809495747089385986328125">
        <ele>22.799999237060546875</ele>
        <time>2026-05-30T11:54:08.000Z</time>
        <extensions>
          <ns3:TrackPointExtension>
            <ns3:hr>165</ns3:hr>
          </ns3:TrackPointExtension>
        </extensions>
      </trkpt>
      <trkpt lat="52.00293718837201595306396484375" lon="5.809573866426944732666015625">
        <ele>23</ele>
        <time>2026-05-30T11:54:12.000Z</time>
        <extensions>
          <ns3:TrackPointExtension>
            <ns3:hr>164</ns3:hr>
          </ns3:TrackPointExtension>
        </extensions>
      </trkpt>
      <trkpt lat="52.00291983783245086669921875" lon="5.8096712641417980194091796875">
        <ele>23</ele>
        <time>2026-05-30T11:54:17.000Z</time>
        <extensions>
          <ns3:TrackPointExtension>
            <ns3:hr>165</ns3:hr>
          </ns3:TrackPointExtension>
        </extensions>
      </trkpt>
      <trkpt lat="52.0028737373650074005126953125" lon="5.80981819890439510345458984375">
        <ele>23.799999237060546875</ele>
        <time>2026-05-30T11:54:27.000Z</time>
        <extensions>
          <ns3:TrackPointExtension>
            <ns3:hr>165</ns3:hr>
          </ns3:TrackPointExtension>
        </extensions>
      </trkpt>
      <trkpt lat="52.002844400703907012939453125" lon="5.81000846810638904571533203125">
        <ele>23.3999996185302734375</ele>
        <time>2026-05-30T11:54:36.000Z</time>
        <extensions>
          <ns3:TrackPointExtension>
            <ns3:hr>166</ns3:hr>
          </ns3:TrackPointExtension>
        </extensions>
      </trkpt>
      <trkpt lat="52.00282000936567783355712890625" lon="5.81017442978918552398681640625">
        <ele>23.6000003814697265625</ele>
        <time>2026-05-30T11:54:46.000Z</time>
        <extensions>
          <ns3:TrackPointExtension>
            <ns3:hr>165</ns3:hr>
          </ns3:TrackPointExtension>
        </extensions>
      </trkpt>
      <trkpt lat="52.00278438627719879150390625" lon="5.8103706501424312591552734375">
        <ele>23.6000003814697265625</ele>
        <time>2026-05-30T11:54:57.000Z</time>
        <extensions>
          <ns3:TrackPointExtension>
            <ns3:hr>166</ns3:hr>
          </ns3:TrackPointExtension>
        </extensions>
      </trkpt>
      <trkpt lat="52.00274809263646602630615234375" lon="5.8105563931167125701904296875">
        <ele>23.6000003814697265625</ele>
        <time>2026-05-30T11:55:07.000Z</time>
        <extensions>
          <ns3:TrackPointExtension>
            <ns3:hr>165</ns3:hr>
          </ns3:TrackPointExtension>
        </extensions>
      </trkpt>
      <trkpt lat="52.00271456502377986907958984375" lon="5.81073962152004241943359375">
        <ele>23.799999237060546875</ele>
        <time>2026-05-30T11:55:17.000Z</time>
        <extensions>
          <ns3:TrackPointExtension>
            <ns3:hr>164</ns3:hr>
          </ns3:TrackPointExtension>
        </extensions>
      </trkpt>
      <trkpt lat="52.002662681043148040771484375" lon="5.81092326901853084564208984375">
        <ele>23.799999237060546875</ele>
        <time>2026-05-30T11:55:27.000Z</time>
        <extensions>
          <ns3:TrackPointExtension>
            <ns3:hr>164</ns3:hr>
          </ns3:TrackPointExtension>
        </extensions>
      </trkpt>
      <trkpt lat="52.0026407204568386077880859375" lon="5.8110304735600948333740234375">
        <ele>24</ele>
        <time>2026-05-30T11:55:33.000Z</time>
        <extensions>
          <ns3:TrackPointExtension>
            <ns3:hr>163</ns3:hr>
          </ns3:TrackPointExtension>
        </extensions>
      </trkpt>
      <trkpt lat="52.00263845734298229217529296875" lon="5.81108118407428264617919921875">
        <ele>23.799999237060546875</ele>
        <time>2026-05-30T11:55:36.000Z</time>
        <extensions>
          <ns3:TrackPointExtension>
            <ns3:hr>163</ns3:hr>
          </ns3:TrackPointExtension>
        </extensions>
      </trkpt>
      <trkpt lat="52.00263376347720623016357421875" lon="5.8112497441470623016357421875">
        <ele>23.799999237060546875</ele>
        <time>2026-05-30T11:55:46.000Z</time>
        <extensions>
          <ns3:TrackPointExtension>
            <ns3:hr>163</ns3:hr>
          </ns3:TrackPointExtension>
        </extensions>
      </trkpt>
      <trkpt lat="52.002614401280879974365234375" lon="5.81137019209563732147216796875">
        <ele>23.799999237060546875</ele>
        <time>2026-05-30T11:55:54.000Z</time>
        <extensions>
          <ns3:TrackPointExtension>
            <ns3:hr>162</ns3:hr>
          </ns3:TrackPointExtension>
        </extensions>
      </trkpt>
      <trkpt lat="52.00257643125951290130615234375" lon="5.81152659840881824493408203125">
        <ele>23.6000003814697265625</ele>
        <time>2026-05-30T11:56:03.000Z</time>
        <extensions>
          <ns3:TrackPointExtension>
            <ns3:hr>162</ns3:hr>
          </ns3:TrackPointExtension>
        </extensions>
      </trkpt>
      <trkpt lat="52.0025351084768772125244140625" lon="5.81165769137442111968994140625">
        <ele>23.6000003814697265625</ele>
        <time>2026-05-30T11:56:13.000Z</time>
        <extensions>
          <ns3:TrackPointExtension>
            <ns3:hr>161</ns3:hr>
          </ns3:TrackPointExtension>
        </extensions>
      </trkpt>
      <trkpt lat="52.00257458724081516265869140625" lon="5.81163640134036540985107421875">
        <ele>23.799999237060546875</ele>
        <time>2026-05-30T11:56:24.000Z</time>
        <extensions>
          <ns3:TrackPointExtension>
            <ns3:hr>161</ns3:hr>
          </ns3:TrackPointExtension>
        </extensions>
      </trkpt>
      <trkpt lat="52.00256771408021450042724609375" lon="5.81163791008293628692626953125">
        <ele>23.6000003814697265625</ele>
        <time>2026-05-30T11:56:32.000Z</time>
        <extensions>
          <ns3:TrackPointExtension>
            <ns3:hr>162</ns3:hr>
          </ns3:TrackPointExtension>
        </extensions>
      </trkpt>
      <trkpt lat="52.00255899690091609954833984375" lon="5.811663977801799774169921875">
        <ele>23.6000003814697265625</ele>
        <time>2026-05-30T11:56:35.000Z</time>
        <extensions>
          <ns3:TrackPointExtension>
            <ns3:hr>163</ns3:hr>
          </ns3:TrackPointExtension>
        </extensions>
      </trkpt>
      <trkpt lat="52.002550698816776275634765625" lon="5.811724998056888580322265625">
        <ele>23.3999996185302734375</ele>
        <time>2026-05-30T11:56:38.000Z</time>
        <extensions>
          <ns3:TrackPointExtension>
            <ns3:hr>160</ns3:hr>
          </ns3:TrackPointExtension>
        </extensions>
      </trkpt>
      <trkpt lat="52.0025475136935710906982421875" lon="5.81173731945455074310302734375">
        <ele>23.200000762939453125</ele>
        <time>2026-05-30T11:56:39.000Z</time>
        <extensions>
          <ns3:TrackPointExtension>
            <ns3:hr>160</ns3:hr>
          </ns3:TrackPointExtension>
        </extensions>
      </trkpt>
      <trkpt lat="52.0025170035660266876220703125" lon="5.81186355091631412506103515625">
        <ele>23.3999996185302734375</ele>
        <time>2026-05-30T11:56:47.000Z</time>
        <extensions>
          <ns3:TrackPointExtension>
            <ns3:hr>163</ns3:hr>
          </ns3:TrackPointExtension>
        </extensions>
      </trkpt>
      <trkpt lat="52.00250954367220401763916015625" lon="5.8118887804448604583740234375">
        <ele>23.200000762939453125</ele>
        <time>2026-05-30T11:56:49.000Z</time>
        <extensions>
          <ns3:TrackPointExtension>
            <ns3:hr>163</ns3:hr>
          </ns3:TrackPointExtension>
        </extensions>
      </trkpt>
      <trkpt lat="52.0024739205837249755859375" lon="5.81207008101046085357666015625">
        <ele>23</ele>
        <time>2026-05-30T11:57:00.000Z</time>
        <extensions>
          <ns3:TrackPointExtension>
            <ns3:hr>161</ns3:hr>
          </ns3:TrackPointExtension>
        </extensions>
      </trkpt>
      <trkpt lat="52.00245447456836700439453125" lon="5.81226085312664508819580078125">
        <ele>23</ele>
        <time>2026-05-30T11:57:10.000Z</time>
        <extensions>
          <ns3:TrackPointExtension>
            <ns3:hr>161</ns3:hr>
          </ns3:TrackPointExtension>
        </extensions>
      </trkpt>
      <trkpt lat="52.0024318434298038482666015625" lon="5.8123357035219669342041015625">
        <ele>23</ele>
        <time>2026-05-30T11:57:15.000Z</time>
        <extensions>
          <ns3:TrackPointExtension>
            <ns3:hr>164</ns3:hr>
          </ns3:TrackPointExtension>
        </extensions>
      </trkpt>
      <trkpt lat="52.00241985730826854705810546875" lon="5.81236579455435276031494140625">
        <ele>22.799999237060546875</ele>
        <time>2026-05-30T11:57:17.000Z</time>
        <extensions>
          <ns3:TrackPointExtension>
            <ns3:hr>163</ns3:hr>
          </ns3:TrackPointExtension>
        </extensions>
      </trkpt>
      <trkpt lat="52.00240393169224262237548828125" lon="5.81242212094366550445556640625">
        <ele>23</ele>
        <time>2026-05-30T11:57:20.000Z</time>
        <extensions>
          <ns3:TrackPointExtension>
            <ns3:hr>161</ns3:hr>
          </ns3:TrackPointExtension>
        </extensions>
      </trkpt>
      <trkpt lat="52.0023517124354839324951171875" lon="5.81258690916001796722412109375">
        <ele>22.799999237060546875</ele>
        <time>2026-05-30T11:57:30.000Z</time>
        <extensions>
          <ns3:TrackPointExtension>
            <ns3:hr>159</ns3:hr>
          </ns3:TrackPointExtension>
        </extensions>
      </trkpt>
      <trkpt lat="52.00233285315334796905517578125" lon="5.81273426301777362823486328125">
        <ele>22.6000003814697265625</ele>
        <time>2026-05-30T11:57:38.000Z</time>
        <extensions>
          <ns3:TrackPointExtension>
            <ns3:hr>156</ns3:hr>
          </ns3:TrackPointExtension>
        </extensions>
      </trkpt>
      <trkpt lat="52.0023322664201259613037109375" lon="5.81274935044348239898681640625">
        <ele>22.6000003814697265625</ele>
        <time>2026-05-30T11:57:39.000Z</time>
        <extensions>
          <ns3:TrackPointExtension>
            <ns3:hr>156</ns3:hr>
          </ns3:TrackPointExtension>
        </extensions>
      </trkpt>
      <trkpt lat="52.002359591424465179443359375" lon="5.81285110674798488616943359375">
        <ele>22.799999237060546875</ele>
        <time>2026-05-30T11:57:48.000Z</time>
        <extensions>
          <ns3:TrackPointExtension>
            <ns3:hr>158</ns3:hr>
          </ns3:TrackPointExtension>
        </extensions>
      </trkpt>
      <trkpt lat="52.00247065164148807525634765625" lon="5.81289268098771572113037109375">
        <ele>22.3999996185302734375</ele>
        <time>2026-05-30T11:57:56.000Z</time>
        <extensions>
          <ns3:TrackPointExtension>
            <ns3:hr>159</ns3:hr>
          </ns3:TrackPointExtension>
        </extensions>
      </trkpt>
      <trkpt lat="52.0025803707540035247802734375" lon="5.81292017363011837005615234375">
        <ele>22.3999996185302734375</ele>
        <time>2026-05-30T11:58:06.000Z</time>
        <extensions>
          <ns3:TrackPointExtension>
            <ns3:hr>159</ns3:hr>
          </ns3:TrackPointExtension>
        </extensions>
      </trkpt>
      <trkpt lat="52.002693526446819305419921875" lon="5.81296258606016635894775390625">
        <ele>22.799999237060546875</ele>
        <time>2026-05-30T11:58:16.000Z</time>
        <extensions>
          <ns3:TrackPointExtension>
            <ns3:hr>161</ns3:hr>
          </ns3:TrackPointExtension>
        </extensions>
      </trkpt>
      <trkpt lat="52.00274641625583171844482421875" lon="5.81299058161675930023193359375">
        <ele>23.200000762939453125</ele>
        <time>2026-05-30T11:58:26.000Z</time>
        <extensions>
          <ns3:TrackPointExtension>
            <ns3:hr>161</ns3:hr>
          </ns3:TrackPointExtension>
        </extensions>
      </trkpt>
      <trkpt lat="52.00287734158337116241455078125" lon="5.8130642585456371307373046875">
        <ele>23.200000762939453125</ele>
        <time>2026-05-30T11:58:36.000Z</time>
        <extensions>
          <ns3:TrackPointExtension>
            <ns3:hr>164</ns3:hr>
          </ns3:TrackPointExtension>
        </extensions>
      </trkpt>
      <trkpt lat="52.00297775678336620330810546875" lon="5.813115723431110382080078125">
        <ele>23.3999996185302734375</ele>
        <time>2026-05-30T11:58:43.000Z</time>
        <extensions>
          <ns3:TrackPointExtension>
            <ns3:hr>164</ns3:hr>
          </ns3:TrackPointExtension>
        </extensions>
      </trkpt>
      <trkpt lat="52.00311337597668170928955078125" lon="5.8131990395486354827880859375">
        <ele>23.6000003814697265625</ele>
        <time>2026-05-30T11:58:53.000Z</time>
        <extensions>
          <ns3:TrackPointExtension>
            <ns3:hr>165</ns3:hr>
          </ns3:TrackPointExtension>
        </extensions>
      </trkpt>
      <trkpt lat="52.0031426288187503814697265625" lon="5.8131873048841953277587890625">
        <ele>23.799999237060546875</ele>
        <time>2026-05-30T11:58:57.000Z</time>
        <extensions>
          <ns3:TrackPointExtension>
            <ns3:hr>166</ns3:hr>
          </ns3:TrackPointExtension>
        </extensions>
      </trkpt>
      <trkpt lat="52.00315025635063648223876953125" lon="5.81314866431057453155517578125">
        <ele>24</ele>
        <time>2026-05-30T11:58:59.000Z</time>
        <extensions>
          <ns3:TrackPointExtension>
            <ns3:hr>166</ns3:hr>
          </ns3:TrackPointExtension>
        </extensions>
      </trkpt>
      <trkpt lat="52.0031516812741756439208984375" lon="5.8131293021142482757568359375">
        <ele>23.799999237060546875</ele>
        <time>2026-05-30T11:59:00.000Z</time>
        <extensions>
          <ns3:TrackPointExtension>
            <ns3:hr>166</ns3:hr>
          </ns3:TrackPointExtension>
        </extensions>
      </trkpt>
      <trkpt lat="52.00317707844078540802001953125" lon="5.8130082674324512481689453125">
        <ele>23.6000003814697265625</ele>
        <time>2026-05-30T11:59:08.000Z</time>
        <extensions>
          <ns3:TrackPointExtension>
            <ns3:hr>167</ns3:hr>
          </ns3:TrackPointExtension>
        </extensions>
      </trkpt>
      <trkpt lat="52.00319753028452396392822265625" lon="5.81285814754664897918701171875">
        <ele>23.6000003814697265625</ele>
        <time>2026-05-30T11:59:18.000Z</time>
        <extensions>
          <ns3:TrackPointExtension>
            <ns3:hr>166</ns3:hr>
          </ns3:TrackPointExtension>
        </extensions>
      </trkpt>
      <trkpt lat="52.0032985322177410125732421875" lon="5.812720097601413726806640625">
        <ele>23.6000003814697265625</ele>
        <time>2026-05-30T11:59:30.000Z</time>
        <extensions>
          <ns3:TrackPointExtension>
            <ns3:hr>165</ns3:hr>
          </ns3:TrackPointExtension>
        </extensions>
      </trkpt>
      <trkpt lat="52.0034410245716571807861328125" lon="5.81275035627186298370361328125">
        <ele>23.799999237060546875</ele>
        <time>2026-05-30T11:59:38.000Z</time>
        <extensions>
          <ns3:TrackPointExtension>
            <ns3:hr>167</ns3:hr>
          </ns3:TrackPointExtension>
        </extensions>
      </trkpt>
      <trkpt lat="52.00356449000537395477294921875" lon="5.81280349753797054290771484375">
        <ele>24</ele>
        <time>2026-05-30T11:59:47.000Z</time>
        <extensions>
          <ns3:TrackPointExtension>
            <ns3:hr>169</ns3:hr>
          </ns3:TrackPointExtension>
        </extensions>
      </trkpt>
      <trkpt lat="52.0036562718451023101806640625" lon="5.812842138111591339111328125">
        <ele>24.6000003814697265625</ele>
        <time>2026-05-30T11:59:55.000Z</time>
        <extensions>
          <ns3:TrackPointExtension>
            <ns3:hr>171</ns3:hr>
          </ns3:TrackPointExtension>
        </extensions>
      </trkpt>
      <trkpt lat="52.0036918111145496368408203125" lon="5.81286217086017131805419921875">
        <ele>24.200000762939453125</ele>
        <time>2026-05-30T11:59:58.000Z</time>
        <extensions>
          <ns3:TrackPointExtension>
            <ns3:hr>168</ns3:hr>
          </ns3:TrackPointExtension>
        </extensions>
      </trkpt>
      <trkpt lat="52.0037347264587879180908203125" lon="5.81288329325616359710693359375">
        <ele>24.3999996185302734375</ele>
        <time>2026-05-30T12:00:02.000Z</time>
        <extensions>
          <ns3:TrackPointExtension>
            <ns3:hr>166</ns3:hr>
          </ns3:TrackPointExtension>
        </extensions>
      </trkpt>
      <trkpt lat="52.00378493405878543853759765625" lon="5.81291648559272289276123046875">
        <ele>25</ele>
        <time>2026-05-30T12:00:07.000Z</time>
        <extensions>
          <ns3:TrackPointExtension>
            <ns3:hr>167</ns3:hr>
          </ns3:TrackPointExtension>
        </extensions>
      </trkpt>
      <trkpt lat="52.00382952578365802764892578125" lon="5.81294171512126922607421875">
        <ele>25.200000762939453125</ele>
        <time>2026-05-30T12:00:12.000Z</time>
        <extensions>
          <ns3:TrackPointExtension>
            <ns3:hr>167</ns3:hr>
          </ns3:TrackPointExtension>
        </extensions>
      </trkpt>
      <trkpt lat="52.0039372332394123077392578125" lon="5.81299041397869586944580078125">
        <ele>25.799999237060546875</ele>
        <time>2026-05-30T12:00:22.000Z</time>
        <extensions>
          <ns3:TrackPointExtension>
            <ns3:hr>169</ns3:hr>
          </ns3:TrackPointExtension>
        </extensions>
      </trkpt>
      <trkpt lat="52.0039982534945011138916015625" lon="5.81303483806550502777099609375">
        <ele>26</ele>
        <time>2026-05-30T12:00:27.000Z</time>
        <extensions>
          <ns3:TrackPointExtension>
            <ns3:hr>170</ns3:hr>
          </ns3:TrackPointExtension>
        </extensions>
      </trkpt>
      <trkpt lat="52.004032619297504425048828125" lon="5.81305730156600475311279296875">
        <ele>26.6000003814697265625</ele>
        <time>2026-05-30T12:00:31.000Z</time>
        <extensions>
          <ns3:TrackPointExtension>
            <ns3:hr>171</ns3:hr>
          </ns3:TrackPointExtension>
        </extensions>
      </trkpt>
      <trkpt lat="52.0041152648627758026123046875" lon="5.8130910806357860565185546875">
        <ele>26.799999237060546875</ele>
        <time>2026-05-30T12:00:38.000Z</time>
        <extensions>
          <ns3:TrackPointExtension>
            <ns3:hr>173</ns3:hr>
          </ns3:TrackPointExtension>
        </extensions>
      </trkpt>
      <trkpt lat="52.004191875457763671875" lon="5.8131368458271026611328125">
        <ele>26.6000003814697265625</ele>
        <time>2026-05-30T12:00:46.000Z</time>
        <extensions>
          <ns3:TrackPointExtension>
            <ns3:hr>173</ns3:hr>
          </ns3:TrackPointExtension>
        </extensions>
      </trkpt>
      <trkpt lat="52.004307210445404052734375" lon="5.8132225088775157928466796875">
        <ele>26.6000003814697265625</ele>
        <time>2026-05-30T12:00:55.000Z</time>
        <extensions>
          <ns3:TrackPointExtension>
            <ns3:hr>174</ns3:hr>
          </ns3:TrackPointExtension>
        </extensions>
      </trkpt>
      <trkpt lat="52.004382312297821044921875" lon="5.813286043703556060791015625">
        <ele>26.6000003814697265625</ele>
        <time>2026-05-30T12:01:03.000Z</time>
        <extensions>
          <ns3:TrackPointExtension>
            <ns3:hr>174</ns3:hr>
          </ns3:TrackPointExtension>
        </extensions>
      </trkpt>
      <trkpt lat="52.004478871822357177734375" lon="5.81332535482943058013916015625">
        <ele>26.200000762939453125</ele>
        <time>2026-05-30T12:01:13.000Z</time>
        <extensions>
          <ns3:TrackPointExtension>
            <ns3:hr>175</ns3:hr>
          </ns3:TrackPointExtension>
        </extensions>
      </trkpt>
      <trkpt lat="52.004549615085124969482421875" lon="5.8133747242391109466552734375">
        <ele>26.200000762939453125</ele>
        <time>2026-05-30T12:01:21.000Z</time>
        <extensions>
          <ns3:TrackPointExtension>
            <ns3:hr>173</ns3:hr>
          </ns3:TrackPointExtension>
        </extensions>
      </trkpt>
      <trkpt lat="52.00466117821633815765380859375" lon="5.81345058046281337738037109375">
        <ele>26</ele>
        <time>2026-05-30T12:01:30.000Z</time>
        <extensions>
          <ns3:TrackPointExtension>
            <ns3:hr>173</ns3:hr>
          </ns3:TrackPointExtension>
        </extensions>
      </trkpt>
      <trkpt lat="52.00478305108845233917236328125" lon="5.813534148037433624267578125">
        <ele>26.200000762939453125</ele>
        <time>2026-05-30T12:01:40.000Z</time>
        <extensions>
          <ns3:TrackPointExtension>
            <ns3:hr>172</ns3:hr>
          </ns3:TrackPointExtension>
        </extensions>
      </trkpt>
      <trkpt lat="52.0048998109996318817138671875" lon="5.81360480748116970062255859375">
        <ele>26.200000762939453125</ele>
        <time>2026-05-30T12:01:50.000Z</time>
        <extensions>
          <ns3:TrackPointExtension>
            <ns3:hr>171</ns3:hr>
          </ns3:TrackPointExtension>
        </extensions>
      </trkpt>
      <trkpt lat="52.00497818179428577423095703125" lon="5.81365476362407207489013671875">
        <ele>26.3999996185302734375</ele>
        <time>2026-05-30T12:01:59.000Z</time>
        <extensions>
          <ns3:TrackPointExtension>
            <ns3:hr>171</ns3:hr>
          </ns3:TrackPointExtension>
        </extensions>
      </trkpt>
      <trkpt lat="52.00504858978092670440673828125" lon="5.8136892132461071014404296875">
        <ele>26.3999996185302734375</ele>
        <time>2026-05-30T12:02:09.000Z</time>
        <extensions>
          <ns3:TrackPointExtension>
            <ns3:hr>171</ns3:hr>
          </ns3:TrackPointExtension>
        </extensions>
      </trkpt>
      <trkpt lat="52.0051666907966136932373046875" lon="5.81380127929151058197021484375">
        <ele>27.200000762939453125</ele>
        <time>2026-05-30T12:02:19.000Z</time>
        <extensions>
          <ns3:TrackPointExtension>
            <ns3:hr>171</ns3:hr>
          </ns3:TrackPointExtension>
        </extensions>
      </trkpt>
      <trkpt lat="52.00525880791246891021728515625" lon="5.8139591105282306671142578125">
        <ele>26.799999237060546875</ele>
        <time>2026-05-30T12:02:28.000Z</time>
        <extensions>
          <ns3:TrackPointExtension>
            <ns3:hr>170</ns3:hr>
          </ns3:TrackPointExtension>
        </extensions>
      </trkpt>
      <trkpt lat="52.005268447101116180419921875" lon="5.81408073194324970245361328125">
        <ele>27</ele>
        <time>2026-05-30T12:02:36.000Z</time>
        <extensions>
          <ns3:TrackPointExtension>
            <ns3:hr>171</ns3:hr>
          </ns3:TrackPointExtension>
        </extensions>
      </trkpt>
      <trkpt lat="52.0053014717996120452880859375" lon="5.8141480386257171630859375">
        <ele>27.6000003814697265625</ele>
        <time>2026-05-30T12:02:47.000Z</time>
        <extensions>
          <ns3:TrackPointExtension>
            <ns3:hr>171</ns3:hr>
          </ns3:TrackPointExtension>
        </extensions>
      </trkpt>
      <trkpt lat="52.0054136216640472412109375" lon="5.81414376385509967803955078125">
        <ele>27.6000003814697265625</ele>
        <time>2026-05-30T12:02:56.000Z</time>
        <extensions>
          <ns3:TrackPointExtension>
            <ns3:hr>171</ns3:hr>
          </ns3:TrackPointExtension>
        </extensions>
      </trkpt>
      <trkpt lat="52.0055478997528553009033203125" lon="5.81415616907179355621337890625">
        <ele>27.6000003814697265625</ele>
        <time>2026-05-30T12:03:07.000Z</time>
        <extensions>
          <ns3:TrackPointExtension>
            <ns3:hr>171</ns3:hr>
          </ns3:TrackPointExtension>
        </extensions>
      </trkpt>
      <trkpt lat="52.005648650228977203369140625" lon="5.81415809690952301025390625">
        <ele>28</ele>
        <time>2026-05-30T12:03:17.000Z</time>
        <extensions>
          <ns3:TrackPointExtension>
            <ns3:hr>170</ns3:hr>
          </ns3:TrackPointExtension>
        </extensions>
      </trkpt>
      <trkpt lat="52.0056826807558536529541015625" lon="5.81416538916528224945068359375">
        <ele>27.799999237060546875</ele>
        <time>2026-05-30T12:03:20.000Z</time>
        <extensions>
          <ns3:TrackPointExtension>
            <ns3:hr>170</ns3:hr>
          </ns3:TrackPointExtension>
        </extensions>
      </trkpt>
      <trkpt lat="52.00571981258690357208251953125" lon="5.8141760341823101043701171875">
        <ele>28.200000762939453125</ele>
        <time>2026-05-30T12:03:23.000Z</time>
        <extensions>
          <ns3:TrackPointExtension>
            <ns3:hr>170</ns3:hr>
          </ns3:TrackPointExtension>
        </extensions>
      </trkpt>
      <trkpt lat="52.00573883950710296630859375" lon="5.81417125649750232696533203125">
        <ele>28.200000762939453125</ele>
        <time>2026-05-30T12:03:26.000Z</time>
        <extensions>
          <ns3:TrackPointExtension>
            <ns3:hr>170</ns3:hr>
          </ns3:TrackPointExtension>
        </extensions>
      </trkpt>
      <trkpt lat="52.00586247257888317108154296875" lon="5.814153067767620086669921875">
        <ele>28.6000003814697265625</ele>
        <time>2026-05-30T12:03:37.000Z</time>
        <extensions>
          <ns3:TrackPointExtension>
            <ns3:hr>170</ns3:hr>
          </ns3:TrackPointExtension>
        </extensions>
      </trkpt>
      <trkpt lat="52.005953080952167510986328125" lon="5.81413529813289642333984375">
        <ele>28.6000003814697265625</ele>
        <time>2026-05-30T12:03:48.000Z</time>
        <extensions>
          <ns3:TrackPointExtension>
            <ns3:hr>170</ns3:hr>
          </ns3:TrackPointExtension>
        </extensions>
      </trkpt>
      <trkpt lat="52.0061029493808746337890625" lon="5.8141636289656162261962890625">
        <ele>29.200000762939453125</ele>
        <time>2026-05-30T12:04:00.000Z</time>
        <extensions>
          <ns3:TrackPointExtension>
            <ns3:hr>169</ns3:hr>
          </ns3:TrackPointExtension>
        </extensions>
      </trkpt>
      <trkpt lat="52.006118707358837127685546875" lon="5.8141641318798065185546875">
        <ele>29.200000762939453125</ele>
        <time>2026-05-30T12:04:01.000Z</time>
        <extensions>
          <ns3:TrackPointExtension>
            <ns3:hr>170</ns3:hr>
          </ns3:TrackPointExtension>
        </extensions>
      </trkpt>
      <trkpt lat="52.0062144286930561065673828125" lon="5.81415466032922267913818359375">
        <ele>29.3999996185302734375</ele>
        <time>2026-05-30T12:04:09.000Z</time>
        <extensions>
          <ns3:TrackPointExtension>
            <ns3:hr>169</ns3:hr>
          </ns3:TrackPointExtension>
        </extensions>
      </trkpt>
      <trkpt lat="52.00631610117852687835693359375" lon="5.8141482062637805938720703125">
        <ele>30</ele>
        <time>2026-05-30T12:04:17.000Z</time>
        <extensions>
          <ns3:TrackPointExtension>
            <ns3:hr>169</ns3:hr>
          </ns3:TrackPointExtension>
        </extensions>
      </trkpt>
      <trkpt lat="52.00643529184162616729736328125" lon="5.81414141692221164703369140625">
        <ele>30.200000762939453125</ele>
        <time>2026-05-30T12:04:26.000Z</time>
        <extensions>
          <ns3:TrackPointExtension>
            <ns3:hr>170</ns3:hr>
          </ns3:TrackPointExtension>
        </extensions>
      </trkpt>
      <trkpt lat="52.00655615888535976409912109375" lon="5.81414870917797088623046875">
        <ele>30.200000762939453125</ele>
        <time>2026-05-30T12:04:38.000Z</time>
        <extensions>
          <ns3:TrackPointExtension>
            <ns3:hr>171</ns3:hr>
          </ns3:TrackPointExtension>
        </extensions>
      </trkpt>
      <trkpt lat="52.0066848210990428924560546875" lon="5.81414862535893917083740234375">
        <ele>30.200000762939453125</ele>
        <time>2026-05-30T12:04:50.000Z</time>
        <extensions>
          <ns3:TrackPointExtension>
            <ns3:hr>170</ns3:hr>
          </ns3:TrackPointExtension>
        </extensions>
      </trkpt>
      <trkpt lat="52.0067847333848476409912109375" lon="5.8141368068754673004150390625">
        <ele>30.200000762939453125</ele>
        <time>2026-05-30T12:05:00.000Z</time>
        <extensions>
          <ns3:TrackPointExtension>
            <ns3:hr>171</ns3:hr>
          </ns3:TrackPointExtension>
        </extensions>
      </trkpt>
      <trkpt lat="52.0068514533340930938720703125" lon="5.81415063701570034027099609375">
        <ele>30</ele>
        <time>2026-05-30T12:05:06.000Z</time>
        <extensions>
          <ns3:TrackPointExtension>
            <ns3:hr>168</ns3:hr>
          </ns3:TrackPointExtension>
        </extensions>
      </trkpt>
      <trkpt lat="52.00690819881856441497802734375" lon="5.8141408301889896392822265625">
        <ele>30.200000762939453125</ele>
        <time>2026-05-30T12:05:11.000Z</time>
        <extensions>
          <ns3:TrackPointExtension>
            <ns3:hr>170</ns3:hr>
          </ns3:TrackPointExtension>
        </extensions>
      </trkpt>
      <trkpt lat="52.00698413886129856109619140625" lon="5.81413605250418186187744140625">
        <ele>30</ele>
        <time>2026-05-30T12:05:18.000Z</time>
        <extensions>
          <ns3:TrackPointExtension>
            <ns3:hr>169</ns3:hr>
          </ns3:TrackPointExtension>
        </extensions>
      </trkpt>
      <trkpt lat="52.00711808167397975921630859375" lon="5.81416320987045764923095703125">
        <ele>30.200000762939453125</ele>
        <time>2026-05-30T12:05:28.000Z</time>
        <extensions>
          <ns3:TrackPointExtension>
            <ns3:hr>167</ns3:hr>
          </ns3:TrackPointExtension>
        </extensions>
      </trkpt>
      <trkpt lat="52.00724129565060138702392578125" lon="5.814168490469455718994140625">
        <ele>30.200000762939453125</ele>
        <time>2026-05-30T12:05:39.000Z</time>
        <extensions>
          <ns3:TrackPointExtension>
            <ns3:hr>164</ns3:hr>
          </ns3:TrackPointExtension>
        </extensions>
      </trkpt>
      <trkpt lat="52.00736233033239841461181640625" lon="5.81416857428848743438720703125">
        <ele>30.3999996185302734375</ele>
        <time>2026-05-30T12:05:49.000Z</time>
        <extensions>
          <ns3:TrackPointExtension>
            <ns3:hr>162</ns3:hr>
          </ns3:TrackPointExtension>
        </extensions>
      </trkpt>
      <trkpt lat="52.0074641704559326171875" lon="5.8141656406223773956298828125">
        <ele>30.3999996185302734375</ele>
        <time>2026-05-30T12:05:57.000Z</time>
        <extensions>
          <ns3:TrackPointExtension>
            <ns3:hr>165</ns3:hr>
          </ns3:TrackPointExtension>
        </extensions>
      </trkpt>
      <trkpt lat="52.007482945919036865234375" lon="5.8141673170030117034912109375">
        <ele>30.3999996185302734375</ele>
        <time>2026-05-30T12:06:00.000Z</time>
        <extensions>
          <ns3:TrackPointExtension>
            <ns3:hr>165</ns3:hr>
          </ns3:TrackPointExtension>
        </extensions>
      </trkpt>
      <trkpt lat="52.0076168887317180633544921875" lon="5.81416270695626735687255859375">
        <ele>30.6000003814697265625</ele>
        <time>2026-05-30T12:06:10.000Z</time>
        <extensions>
          <ns3:TrackPointExtension>
            <ns3:hr>166</ns3:hr>
          </ns3:TrackPointExtension>
        </extensions>
      </trkpt>
      <trkpt lat="52.00773817487061023712158203125" lon="5.8141777105629444122314453125">
        <ele>30.799999237060546875</ele>
        <time>2026-05-30T12:06:20.000Z</time>
        <extensions>
          <ns3:TrackPointExtension>
            <ns3:hr>165</ns3:hr>
          </ns3:TrackPointExtension>
        </extensions>
      </trkpt>
      <trkpt lat="52.00786557979881763458251953125" lon="5.814178548753261566162109375">
        <ele>31</ele>
        <time>2026-05-30T12:06:29.000Z</time>
        <extensions>
          <ns3:TrackPointExtension>
            <ns3:hr>166</ns3:hr>
          </ns3:TrackPointExtension>
        </extensions>
      </trkpt>
      <trkpt lat="52.0079563558101654052734375" lon="5.81418684683740139007568359375">
        <ele>31</ele>
        <time>2026-05-30T12:06:39.000Z</time>
        <extensions>
          <ns3:TrackPointExtension>
            <ns3:hr>168</ns3:hr>
          </ns3:TrackPointExtension>
        </extensions>
      </trkpt>
      <trkpt lat="52.007984183728694915771484375" lon="5.8141870982944965362548828125">
        <ele>31.200000762939453125</ele>
        <time>2026-05-30T12:06:42.000Z</time>
        <extensions>
          <ns3:TrackPointExtension>
            <ns3:hr>168</ns3:hr>
          </ns3:TrackPointExtension>
        </extensions>
      </trkpt>
      <trkpt lat="52.00805333442986011505126953125" lon="5.8141850866377353668212890625">
        <ele>31.200000762939453125</ele>
        <time>2026-05-30T12:06:49.000Z</time>
        <extensions>
          <ns3:TrackPointExtension>
            <ns3:hr>168</ns3:hr>
          </ns3:TrackPointExtension>
        </extensions>
      </trkpt>
      <trkpt lat="52.00815894640982151031494140625" lon="5.81419204361736774444580078125">
        <ele>31.6000003814697265625</ele>
        <time>2026-05-30T12:06:56.000Z</time>
        <extensions>
          <ns3:TrackPointExtension>
            <ns3:hr>168</ns3:hr>
          </ns3:TrackPointExtension>
        </extensions>
      </trkpt>
      <trkpt lat="52.00826623477041721343994140625" lon="5.81419606693089008331298828125">
        <ele>31.6000003814697265625</ele>
        <time>2026-05-30T12:07:04.000Z</time>
        <extensions>
          <ns3:TrackPointExtension>
            <ns3:hr>169</ns3:hr>
          </ns3:TrackPointExtension>
        </extensions>
      </trkpt>
      <trkpt lat="52.0083720982074737548828125" lon="5.8141857571899890899658203125">
        <ele>31.799999237060546875</ele>
        <time>2026-05-30T12:07:14.000Z</time>
        <extensions>
          <ns3:TrackPointExtension>
            <ns3:hr>167</ns3:hr>
          </ns3:TrackPointExtension>
        </extensions>
      </trkpt>
      <trkpt lat="52.00853344984352588653564453125" lon="5.81420796923339366912841796875">
        <ele>31.799999237060546875</ele>
        <time>2026-05-30T12:07:27.000Z</time>
        <extensions>
          <ns3:TrackPointExtension>
            <ns3:hr>168</ns3:hr>
          </ns3:TrackPointExtension>
        </extensions>
      </trkpt>
      <trkpt lat="52.00866454280912876129150390625" lon="5.81423160620033740997314453125">
        <ele>32</ele>
        <time>2026-05-30T12:07:36.000Z</time>
        <extensions>
          <ns3:TrackPointExtension>
            <ns3:hr>167</ns3:hr>
          </ns3:TrackPointExtension>
        </extensions>
      </trkpt>
      <trkpt lat="52.00879412703216075897216796875" lon="5.8143036067485809326171875">
        <ele>32</ele>
        <time>2026-05-30T12:07:46.000Z</time>
        <extensions>
          <ns3:TrackPointExtension>
            <ns3:hr>166</ns3:hr>
          </ns3:TrackPointExtension>
        </extensions>
      </trkpt>
      <trkpt lat="52.008900158107280731201171875" lon="5.81435163505375385284423828125">
        <ele>31.799999237060546875</ele>
        <time>2026-05-30T12:07:56.000Z</time>
        <extensions>
          <ns3:TrackPointExtension>
            <ns3:hr>167</ns3:hr>
          </ns3:TrackPointExtension>
        </extensions>
      </trkpt>
      <trkpt lat="52.00894734822213649749755859375" lon="5.8143684826791286468505859375">
        <ele>32.40000152587890625</ele>
        <time>2026-05-30T12:08:02.000Z</time>
        <extensions>
          <ns3:TrackPointExtension>
            <ns3:hr>167</ns3:hr>
          </ns3:TrackPointExtension>
        </extensions>
      </trkpt>
      <trkpt lat="52.00898825190961360931396484375" lon="5.81437401473522186279296875">
        <ele>32</ele>
        <time>2026-05-30T12:08:07.000Z</time>
        <extensions>
          <ns3:TrackPointExtension>
            <ns3:hr>168</ns3:hr>
          </ns3:TrackPointExtension>
        </extensions>
      </trkpt>
      <trkpt lat="52.00910794548690319061279296875" lon="5.81443578936159610748291015625">
        <ele>32</ele>
        <time>2026-05-30T12:08:19.000Z</time>
        <extensions>
          <ns3:TrackPointExtension>
            <ns3:hr>168</ns3:hr>
          </ns3:TrackPointExtension>
        </extensions>
      </trkpt>
      <trkpt lat="52.00921355746686458587646484375" lon="5.81449865363538265228271484375">
        <ele>32</ele>
        <time>2026-05-30T12:08:28.000Z</time>
        <extensions>
          <ns3:TrackPointExtension>
            <ns3:hr>166</ns3:hr>
          </ns3:TrackPointExtension>
        </extensions>
      </trkpt>
      <trkpt lat="52.00931983999907970428466796875" lon="5.81459957174956798553466796875">
        <ele>32</ele>
        <time>2026-05-30T12:08:40.000Z</time>
        <extensions>
          <ns3:TrackPointExtension>
            <ns3:hr>166</ns3:hr>
          </ns3:TrackPointExtension>
        </extensions>
      </trkpt>
      <trkpt lat="52.0094729773700237274169921875" lon="5.81474340520799160003662109375">
        <ele>32</ele>
        <time>2026-05-30T12:08:51.000Z</time>
        <extensions>
          <ns3:TrackPointExtension>
            <ns3:hr>167</ns3:hr>
          </ns3:TrackPointExtension>
        </extensions>
      </trkpt>
      <trkpt lat="52.009553276002407073974609375" lon="5.81480643711984157562255859375">
        <ele>32.40000152587890625</ele>
        <time>2026-05-30T12:08:59.000Z</time>
        <extensions>
          <ns3:TrackPointExtension>
            <ns3:hr>166</ns3:hr>
          </ns3:TrackPointExtension>
        </extensions>
      </trkpt>
      <trkpt lat="52.00965612195432186126708984375" lon="5.81493032164871692657470703125">
        <ele>33</ele>
        <time>2026-05-30T12:09:11.000Z</time>
        <extensions>
          <ns3:TrackPointExtension>
            <ns3:hr>166</ns3:hr>
          </ns3:TrackPointExtension>
        </extensions>
      </trkpt>
      <trkpt lat="52.00972518883645534515380859375" lon="5.8150350116193294525146484375">
        <ele>32.40000152587890625</ele>
        <time>2026-05-30T12:09:20.000Z</time>
        <extensions>
          <ns3:TrackPointExtension>
            <ns3:hr>166</ns3:hr>
          </ns3:TrackPointExtension>
        </extensions>
      </trkpt>
      <trkpt lat="52.00982359237968921661376953125" lon="5.8151257038116455078125">
        <ele>32.59999847412109375</ele>
        <time>2026-05-30T12:09:29.000Z</time>
        <extensions>
          <ns3:TrackPointExtension>
            <ns3:hr>167</ns3:hr>
          </ns3:TrackPointExtension>
        </extensions>
      </trkpt>
      <trkpt lat="52.00996876694262027740478515625" lon="5.81523927859961986541748046875">
        <ele>32.40000152587890625</ele>
        <time>2026-05-30T12:09:39.000Z</time>
        <extensions>
          <ns3:TrackPointExtension>
            <ns3:hr>167</ns3:hr>
          </ns3:TrackPointExtension>
        </extensions>
      </trkpt>
      <trkpt lat="52.01002425514161586761474609375" lon="5.815280936658382415771484375">
        <ele>32.40000152587890625</ele>
        <time>2026-05-30T12:09:47.000Z</time>
        <extensions>
          <ns3:TrackPointExtension>
            <ns3:hr>168</ns3:hr>
          </ns3:TrackPointExtension>
        </extensions>
      </trkpt>
      <trkpt lat="52.0101066492497920989990234375" lon="5.81535260193049907684326171875">
        <ele>32.59999847412109375</ele>
        <time>2026-05-30T12:09:57.000Z</time>
        <extensions>
          <ns3:TrackPointExtension>
            <ns3:hr>169</ns3:hr>
          </ns3:TrackPointExtension>
        </extensions>
      </trkpt>
      <trkpt lat="52.01017512939870357513427734375" lon="5.81545888446271419525146484375">
        <ele>32.799999237060546875</ele>
        <time>2026-05-30T12:10:05.000Z</time>
        <extensions>
          <ns3:TrackPointExtension>
            <ns3:hr>169</ns3:hr>
          </ns3:TrackPointExtension>
        </extensions>
      </trkpt>
      <trkpt lat="52.01022349298000335693359375" lon="5.81553901545703411102294921875">
        <ele>33</ele>
        <time>2026-05-30T12:10:14.000Z</time>
        <extensions>
          <ns3:TrackPointExtension>
            <ns3:hr>169</ns3:hr>
          </ns3:TrackPointExtension>
        </extensions>
      </trkpt>
      <trkpt lat="52.01027252711355686187744140625" lon="5.81558511592447757720947265625">
        <ele>33.40000152587890625</ele>
        <time>2026-05-30T12:10:18.000Z</time>
        <extensions>
          <ns3:TrackPointExtension>
            <ns3:hr>169</ns3:hr>
          </ns3:TrackPointExtension>
        </extensions>
      </trkpt>
      <trkpt lat="52.0103185437619686126708984375" lon="5.81562048755586147308349609375">
        <ele>33.40000152587890625</ele>
        <time>2026-05-30T12:10:21.000Z</time>
        <extensions>
          <ns3:TrackPointExtension>
            <ns3:hr>169</ns3:hr>
          </ns3:TrackPointExtension>
        </extensions>
      </trkpt>
      <trkpt lat="52.0104774646461009979248046875" lon="5.8157447911798954010009765625">
        <ele>33</ele>
        <time>2026-05-30T12:10:33.000Z</time>
        <extensions>
          <ns3:TrackPointExtension>
            <ns3:hr>169</ns3:hr>
          </ns3:TrackPointExtension>
        </extensions>
      </trkpt>
      <trkpt lat="52.010561786592006683349609375" lon="5.81584696657955646514892578125">
        <ele>33</ele>
        <time>2026-05-30T12:10:42.000Z</time>
        <extensions>
          <ns3:TrackPointExtension>
            <ns3:hr>167</ns3:hr>
          </ns3:TrackPointExtension>
        </extensions>
      </trkpt>
      <trkpt lat="52.01065373606979846954345703125" lon="5.815940760076045989990234375">
        <ele>33.40000152587890625</ele>
        <time>2026-05-30T12:10:49.000Z</time>
        <extensions>
          <ns3:TrackPointExtension>
            <ns3:hr>167</ns3:hr>
          </ns3:TrackPointExtension>
        </extensions>
      </trkpt>
      <trkpt lat="52.010711990296840667724609375" lon="5.816019214689731597900390625">
        <ele>33.40000152587890625</ele>
        <time>2026-05-30T12:10:57.000Z</time>
        <extensions>
          <ns3:TrackPointExtension>
            <ns3:hr>167</ns3:hr>
          </ns3:TrackPointExtension>
        </extensions>
      </trkpt>
      <trkpt lat="52.0107765309512615203857421875" lon="5.81616832874715328216552734375">
        <ele>33.200000762939453125</ele>
        <time>2026-05-30T12:11:06.000Z</time>
        <extensions>
          <ns3:TrackPointExtension>
            <ns3:hr>168</ns3:hr>
          </ns3:TrackPointExtension>
        </extensions>
      </trkpt>
      <trkpt lat="52.010877616703510284423828125" lon="5.81633873283863067626953125">
        <ele>33.200000762939453125</ele>
        <time>2026-05-30T12:11:15.000Z</time>
        <extensions>
          <ns3:TrackPointExtension>
            <ns3:hr>171</ns3:hr>
          </ns3:TrackPointExtension>
        </extensions>
      </trkpt>
      <trkpt lat="52.010889686644077301025390625" lon="5.81635951995849609375">
        <ele>33.200000762939453125</ele>
        <time>2026-05-30T12:11:16.000Z</time>
        <extensions>
          <ns3:TrackPointExtension>
            <ns3:hr>171</ns3:hr>
          </ns3:TrackPointExtension>
        </extensions>
      </trkpt>
      <trkpt lat="52.01094257645308971405029296875" lon="5.8165051974356174468994140625">
        <ele>33.40000152587890625</ele>
        <time>2026-05-30T12:11:24.000Z</time>
        <extensions>
          <ns3:TrackPointExtension>
            <ns3:hr>170</ns3:hr>
          </ns3:TrackPointExtension>
        </extensions>
      </trkpt>
      <trkpt lat="52.0109552331268787384033203125" lon="5.81670820713043212890625">
        <ele>33</ele>
        <time>2026-05-30T12:11:35.000Z</time>
        <extensions>
          <ns3:TrackPointExtension>
            <ns3:hr>169</ns3:hr>
          </ns3:TrackPointExtension>
        </extensions>
      </trkpt>
      <trkpt lat="52.01093570329248905181884765625" lon="5.81694633699953556060791015625">
        <ele>33.59999847412109375</ele>
        <time>2026-05-30T12:11:47.000Z</time>
        <extensions>
          <ns3:TrackPointExtension>
            <ns3:hr>171</ns3:hr>
          </ns3:TrackPointExtension>
        </extensions>
      </trkpt>
      <trkpt lat="52.01094039715826511383056640625" lon="5.8171281404793262481689453125">
        <ele>34</ele>
        <time>2026-05-30T12:11:57.000Z</time>
        <extensions>
          <ns3:TrackPointExtension>
            <ns3:hr>171</ns3:hr>
          </ns3:TrackPointExtension>
        </extensions>
      </trkpt>
      <trkpt lat="52.0109545625746250152587890625" lon="5.8173236064612865447998046875">
        <ele>33.799999237060546875</ele>
        <time>2026-05-30T12:12:07.000Z</time>
        <extensions>
          <ns3:TrackPointExtension>
            <ns3:hr>172</ns3:hr>
          </ns3:TrackPointExtension>
        </extensions>
      </trkpt>
      <trkpt lat="52.010977528989315032958984375" lon="5.8175115287303924560546875">
        <ele>33.59999847412109375</ele>
        <time>2026-05-30T12:12:17.000Z</time>
        <extensions>
          <ns3:TrackPointExtension>
            <ns3:hr>172</ns3:hr>
          </ns3:TrackPointExtension>
        </extensions>
      </trkpt>
      <trkpt lat="52.0109066180884838104248046875" lon="5.81760565750300884246826171875">
        <ele>33.59999847412109375</ele>
        <time>2026-05-30T12:12:22.000Z</time>
        <extensions>
          <ns3:TrackPointExtension>
            <ns3:hr>171</ns3:hr>
          </ns3:TrackPointExtension>
        </extensions>
      </trkpt>
      <trkpt lat="52.0108868367969989776611328125" lon="5.81761588342487812042236328125">
        <ele>33.59999847412109375</ele>
        <time>2026-05-30T12:12:23.000Z</time>
        <extensions>
          <ns3:TrackPointExtension>
            <ns3:hr>171</ns3:hr>
          </ns3:TrackPointExtension>
        </extensions>
      </trkpt>
      <trkpt lat="52.01078399084508419036865234375" lon="5.8176501654088497161865234375">
        <ele>33.40000152587890625</ele>
        <time>2026-05-30T12:12:30.000Z</time>
        <extensions>
          <ns3:TrackPointExtension>
            <ns3:hr>169</ns3:hr>
          </ns3:TrackPointExtension>
        </extensions>
      </trkpt>
      <trkpt lat="52.0107044465839862823486328125" lon="5.817666091024875640869140625">
        <ele>33.40000152587890625</ele>
        <time>2026-05-30T12:12:36.000Z</time>
        <extensions>
          <ns3:TrackPointExtension>
            <ns3:hr>166</ns3:hr>
          </ns3:TrackPointExtension>
        </extensions>
      </trkpt>
      <trkpt lat="52.0106578432023525238037109375" lon="5.81768260337412357330322265625">
        <ele>33.200000762939453125</ele>
        <time>2026-05-30T12:12:40.000Z</time>
        <extensions>
          <ns3:TrackPointExtension>
            <ns3:hr>164</ns3:hr>
          </ns3:TrackPointExtension>
        </extensions>
      </trkpt>
      <trkpt lat="52.0106444321572780609130859375" lon="5.81773272715508937835693359375">
        <ele>33.200000762939453125</ele>
        <time>2026-05-30T12:12:45.000Z</time>
        <extensions>
          <ns3:TrackPointExtension>
            <ns3:hr>164</ns3:hr>
          </ns3:TrackPointExtension>
        </extensions>
      </trkpt>
      <trkpt lat="52.0106484554708003997802734375" lon="5.8177628181874752044677734375">
        <ele>33.200000762939453125</ele>
        <time>2026-05-30T12:12:47.000Z</time>
        <extensions>
          <ns3:TrackPointExtension>
            <ns3:hr>165</ns3:hr>
          </ns3:TrackPointExtension>
        </extensions>
      </trkpt>
      <trkpt lat="52.0106481201946735382080078125" lon="5.8178918994963169097900390625">
        <ele>33.200000762939453125</ele>
        <time>2026-05-30T12:12:54.000Z</time>
        <extensions>
          <ns3:TrackPointExtension>
            <ns3:hr>168</ns3:hr>
          </ns3:TrackPointExtension>
        </extensions>
      </trkpt>
      <trkpt lat="52.0106370560824871063232421875" lon="5.817969851195812225341796875">
        <ele>33.40000152587890625</ele>
        <time>2026-05-30T12:12:58.000Z</time>
        <extensions>
          <ns3:TrackPointExtension>
            <ns3:hr>169</ns3:hr>
          </ns3:TrackPointExtension>
        </extensions>
      </trkpt>
      <trkpt lat="52.01060093007981777191162109375" lon="5.81801033578813076019287109375">
        <ele>33.200000762939453125</ele>
        <time>2026-05-30T12:13:01.000Z</time>
        <extensions>
          <ns3:TrackPointExtension>
            <ns3:hr>168</ns3:hr>
          </ns3:TrackPointExtension>
        </extensions>
      </trkpt>
      <trkpt lat="52.010548375546932220458984375" lon="5.81802005879580974578857421875">
        <ele>33.200000762939453125</ele>
        <time>2026-05-30T12:13:05.000Z</time>
        <extensions>
          <ns3:TrackPointExtension>
            <ns3:hr>170</ns3:hr>
          </ns3:TrackPointExtension>
        </extensions>
      </trkpt>
      <trkpt lat="52.010428346693515777587890625" lon="5.8180296979844570159912109375">
        <ele>32.799999237060546875</ele>
        <time>2026-05-30T12:13:14.000Z</time>
        <extensions>
          <ns3:TrackPointExtension>
            <ns3:hr>169</ns3:hr>
          </ns3:TrackPointExtension>
        </extensions>
      </trkpt>
      <trkpt lat="52.0102887041866779327392578125" lon="5.81802458502352237701416015625">
        <ele>32.799999237060546875</ele>
        <time>2026-05-30T12:13:25.000Z</time>
        <extensions>
          <ns3:TrackPointExtension>
            <ns3:hr>170</ns3:hr>
          </ns3:TrackPointExtension>
        </extensions>
      </trkpt>
      <trkpt lat="52.0101693458855152130126953125" lon="5.818019807338714599609375">
        <ele>32.799999237060546875</ele>
        <time>2026-05-30T12:13:35.000Z</time>
        <extensions>
          <ns3:TrackPointExtension>
            <ns3:hr>170</ns3:hr>
          </ns3:TrackPointExtension>
        </extensions>
      </trkpt>
      <trkpt lat="52.0100996084511280059814453125" lon="5.81806875765323638916015625">
        <ele>32.799999237060546875</ele>
        <time>2026-05-30T12:13:45.000Z</time>
        <extensions>
          <ns3:TrackPointExtension>
            <ns3:hr>171</ns3:hr>
          </ns3:TrackPointExtension>
        </extensions>
      </trkpt>
      <trkpt lat="52.01006130315363407135009765625" lon="5.8181004412472248077392578125">
        <ele>32.799999237060546875</ele>
        <time>2026-05-30T12:13:53.000Z</time>
        <extensions>
          <ns3:TrackPointExtension>
            <ns3:hr>170</ns3:hr>
          </ns3:TrackPointExtension>
        </extensions>
      </trkpt>
      <trkpt lat="52.01005275361239910125732421875" lon="5.8181178756058216094970703125">
        <ele>32.799999237060546875</ele>
        <time>2026-05-30T12:14:01.000Z</time>
        <extensions>
          <ns3:TrackPointExtension>
            <ns3:hr>170</ns3:hr>
          </ns3:TrackPointExtension>
        </extensions>
      </trkpt>
      <trkpt lat="52.0100189745426177978515625" lon="5.81819507293403148651123046875">
        <ele>32.59999847412109375</ele>
        <time>2026-05-30T12:14:07.000Z</time>
        <extensions>
          <ns3:TrackPointExtension>
            <ns3:hr>173</ns3:hr>
          </ns3:TrackPointExtension>
        </extensions>
      </trkpt>
      <trkpt lat="52.0099599659442901611328125" lon="5.8182972483336925506591796875">
        <ele>32.40000152587890625</ele>
        <time>2026-05-30T12:14:16.000Z</time>
        <extensions>
          <ns3:TrackPointExtension>
            <ns3:hr>172</ns3:hr>
          </ns3:TrackPointExtension>
        </extensions>
      </trkpt>
      <trkpt lat="52.009881176054477691650390625" lon="5.8183173649013042449951171875">
        <ele>32.59999847412109375</ele>
        <time>2026-05-30T12:14:25.000Z</time>
        <extensions>
          <ns3:TrackPointExtension>
            <ns3:hr>171</ns3:hr>
          </ns3:TrackPointExtension>
        </extensions>
      </trkpt>
      <trkpt lat="52.0098732970654964447021484375" lon="5.8183388225734233856201171875">
        <ele>32.59999847412109375</ele>
        <time>2026-05-30T12:14:27.000Z</time>
        <extensions>
          <ns3:TrackPointExtension>
            <ns3:hr>171</ns3:hr>
          </ns3:TrackPointExtension>
        </extensions>
      </trkpt>
      <trkpt lat="52.00986751355230808258056640625" lon="5.818384587764739990234375">
        <ele>32.200000762939453125</ele>
        <time>2026-05-30T12:14:30.000Z</time>
        <extensions>
          <ns3:TrackPointExtension>
            <ns3:hr>171</ns3:hr>
          </ns3:TrackPointExtension>
        </extensions>
      </trkpt>
      <trkpt lat="52.009863741695880889892578125" lon="5.81839808262884616851806640625">
        <ele>32.200000762939453125</ele>
        <time>2026-05-30T12:14:31.000Z</time>
        <extensions>
          <ns3:TrackPointExtension>
            <ns3:hr>171</ns3:hr>
          </ns3:TrackPointExtension>
        </extensions>
      </trkpt>
      <trkpt lat="52.00984530150890350341796875" lon="5.81843093968927860260009765625">
        <ele>32.799999237060546875</ele>
        <time>2026-05-30T12:14:38.000Z</time>
        <extensions>
          <ns3:TrackPointExtension>
            <ns3:hr>171</ns3:hr>
          </ns3:TrackPointExtension>
        </extensions>
      </trkpt>
      <trkpt lat="52.00982828624546527862548828125" lon="5.81842674873769283294677734375">
        <ele>32.40000152587890625</ele>
        <time>2026-05-30T12:14:48.000Z</time>
        <extensions>
          <ns3:TrackPointExtension>
            <ns3:hr>171</ns3:hr>
          </ns3:TrackPointExtension>
        </extensions>
      </trkpt>
      <trkpt lat="52.01004353351891040802001953125" lon="5.81792266108095645904541015625">
        <ele>33.40000152587890625</ele>
        <time>2026-05-30T12:33:28.000Z</time>
        <extensions>
          <ns3:TrackPointExtension>
            <ns3:hr>165</ns3:hr>
          </ns3:TrackPointExtension>
        </extensions>
      </trkpt>
      <trkpt lat="52.01006297953426837921142578125" lon="5.81796121783554553985595703125">
        <ele>33.59999847412109375</ele>
        <time>2026-05-30T12:33:32.000Z</time>
        <extensions>
          <ns3:TrackPointExtension>
            <ns3:hr>165</ns3:hr>
          </ns3:TrackPointExtension>
        </extensions>
      </trkpt>
      <trkpt lat="52.010156102478504180908203125" lon="5.8179784007370471954345703125">
        <ele>33.40000152587890625</ele>
        <time>2026-05-30T12:33:40.000Z</time>
        <extensions>
          <ns3:TrackPointExtension>
            <ns3:hr>165</ns3:hr>
          </ns3:TrackPointExtension>
        </extensions>
      </trkpt>
      <trkpt lat="52.0101847685873508453369140625" lon="5.81797890365123748779296875">
        <ele>33.40000152587890625</ele>
        <time>2026-05-30T12:33:44.000Z</time>
        <extensions>
          <ns3:TrackPointExtension>
            <ns3:hr>168</ns3:hr>
          </ns3:TrackPointExtension>
        </extensions>
      </trkpt>
      <trkpt lat="52.01018669642508029937744140625" lon="5.8179807476699352264404296875">
        <ele>34</ele>
        <time>2026-05-30T12:33:49.000Z</time>
        <extensions>
          <ns3:TrackPointExtension>
            <ns3:hr>169</ns3:hr>
          </ns3:TrackPointExtension>
        </extensions>
      </trkpt>
      <trkpt lat="52.0102022029459476470947265625" lon="5.81799172796308994293212890625">
        <ele>33.799999237060546875</ele>
        <time>2026-05-30T12:33:57.000Z</time>
        <extensions>
          <ns3:TrackPointExtension>
            <ns3:hr>166</ns3:hr>
          </ns3:TrackPointExtension>
        </extensions>
      </trkpt>
      <trkpt lat="52.010197676718235015869140625" lon="5.8180102519690990447998046875">
        <ele>33.799999237060546875</ele>
        <time>2026-05-30T12:33:58.000Z</time>
        <extensions>
          <ns3:TrackPointExtension>
            <ns3:hr>165</ns3:hr>
          </ns3:TrackPointExtension>
        </extensions>
      </trkpt>
      <trkpt lat="52.010174877941608428955078125" lon="5.81808795221149921417236328125">
        <ele>34</ele>
        <time>2026-05-30T12:34:02.000Z</time>
        <extensions>
          <ns3:TrackPointExtension>
            <ns3:hr>162</ns3:hr>
          </ns3:TrackPointExtension>
        </extensions>
      </trkpt>
      <trkpt lat="52.01016389764845371246337890625" lon="5.81816188059747219085693359375">
        <ele>34.40000152587890625</ele>
        <time>2026-05-30T12:34:06.000Z</time>
        <extensions>
          <ns3:TrackPointExtension>
            <ns3:hr>163</ns3:hr>
          </ns3:TrackPointExtension>
        </extensions>
      </trkpt>
      <trkpt lat="52.01015911996364593505859375" lon="5.81823765300214290618896484375">
        <ele>34.40000152587890625</ele>
        <time>2026-05-30T12:34:11.000Z</time>
        <extensions>
          <ns3:TrackPointExtension>
            <ns3:hr>163</ns3:hr>
          </ns3:TrackPointExtension>
        </extensions>
      </trkpt>
      <trkpt lat="52.0101586170494556427001953125" lon="5.8183805644512176513671875">
        <ele>34.59999847412109375</ele>
        <time>2026-05-30T12:34:19.000Z</time>
        <extensions>
          <ns3:TrackPointExtension>
            <ns3:hr>166</ns3:hr>
          </ns3:TrackPointExtension>
        </extensions>
      </trkpt>
      <trkpt lat="52.01016180217266082763671875" lon="5.81856722943484783172607421875">
        <ele>33.799999237060546875</ele>
        <time>2026-05-30T12:34:28.000Z</time>
        <extensions>
          <ns3:TrackPointExtension>
            <ns3:hr>166</ns3:hr>
          </ns3:TrackPointExtension>
        </extensions>
      </trkpt>
      <trkpt lat="52.01015585102140903472900390625" lon="5.81873595714569091796875">
        <ele>34.40000152587890625</ele>
        <time>2026-05-30T12:34:37.000Z</time>
        <extensions>
          <ns3:TrackPointExtension>
            <ns3:hr>167</ns3:hr>
          </ns3:TrackPointExtension>
        </extensions>
      </trkpt>
      <trkpt lat="52.01018451713025569915771484375" lon="5.81881902180612087249755859375">
        <ele>33.799999237060546875</ele>
        <time>2026-05-30T12:34:43.000Z</time>
        <extensions>
          <ns3:TrackPointExtension>
            <ns3:hr>164</ns3:hr>
          </ns3:TrackPointExtension>
        </extensions>
      </trkpt>
      <trkpt lat="52.010191641747951507568359375" lon="5.81882807426154613494873046875">
        <ele>33.799999237060546875</ele>
        <time>2026-05-30T12:34:44.000Z</time>
        <extensions>
          <ns3:TrackPointExtension>
            <ns3:hr>163</ns3:hr>
          </ns3:TrackPointExtension>
        </extensions>
      </trkpt>
      <trkpt lat="52.01029515825212001800537109375" lon="5.8189483545720577239990234375">
        <ele>34</ele>
        <time>2026-05-30T12:34:54.000Z</time>
        <extensions>
          <ns3:TrackPointExtension>
            <ns3:hr>165</ns3:hr>
          </ns3:TrackPointExtension>
        </extensions>
      </trkpt>
      <trkpt lat="52.01034955680370330810546875" lon="5.81909797154366970062255859375">
        <ele>34.40000152587890625</ele>
        <time>2026-05-30T12:35:02.000Z</time>
        <extensions>
          <ns3:TrackPointExtension>
            <ns3:hr>163</ns3:hr>
          </ns3:TrackPointExtension>
        </extensions>
      </trkpt>
      <trkpt lat="52.01036724261939525604248046875" lon="5.81921883858740329742431640625">
        <ele>34.59999847412109375</ele>
        <time>2026-05-30T12:35:10.000Z</time>
        <extensions>
          <ns3:TrackPointExtension>
            <ns3:hr>164</ns3:hr>
          </ns3:TrackPointExtension>
        </extensions>
      </trkpt>
      <trkpt lat="52.0104469545185565948486328125" lon="5.81928807310760021209716796875">
        <ele>35.200000762939453125</ele>
        <time>2026-05-30T12:35:18.000Z</time>
        <extensions>
          <ns3:TrackPointExtension>
            <ns3:hr>167</ns3:hr>
          </ns3:TrackPointExtension>
        </extensions>
      </trkpt>
      <trkpt lat="52.01047101058065891265869140625" lon="5.81929611973464488983154296875">
        <ele>35.200000762939453125</ele>
        <time>2026-05-30T12:35:20.000Z</time>
        <extensions>
          <ns3:TrackPointExtension>
            <ns3:hr>167</ns3:hr>
          </ns3:TrackPointExtension>
        </extensions>
      </trkpt>
      <trkpt lat="52.01051258482038974761962890625" lon="5.81928337924182415008544921875">
        <ele>35.40000152587890625</ele>
        <time>2026-05-30T12:35:24.000Z</time>
        <extensions>
          <ns3:TrackPointExtension>
            <ns3:hr>169</ns3:hr>
          </ns3:TrackPointExtension>
        </extensions>
      </trkpt>
      <trkpt lat="52.01054125092923641204833984375" lon="5.81927265040576457977294921875">
        <ele>36</ele>
        <time>2026-05-30T12:35:27.000Z</time>
        <extensions>
          <ns3:TrackPointExtension>
            <ns3:hr>171</ns3:hr>
          </ns3:TrackPointExtension>
        </extensions>
      </trkpt>
      <trkpt lat="52.010568492114543914794921875" lon="5.8192682079970836639404296875">
        <ele>36</ele>
        <time>2026-05-30T12:35:30.000Z</time>
        <extensions>
          <ns3:TrackPointExtension>
            <ns3:hr>174</ns3:hr>
          </ns3:TrackPointExtension>
        </extensions>
      </trkpt>
      <trkpt lat="52.01064635999500751495361328125" lon="5.81926041282713413238525390625">
        <ele>36.200000762939453125</ele>
        <time>2026-05-30T12:35:36.000Z</time>
        <extensions>
          <ns3:TrackPointExtension>
            <ns3:hr>174</ns3:hr>
          </ns3:TrackPointExtension>
        </extensions>
      </trkpt>
      <trkpt lat="52.0107704959809780120849609375" lon="5.8192350156605243682861328125">
        <ele>36.40000152587890625</ele>
        <time>2026-05-30T12:35:46.000Z</time>
        <extensions>
          <ns3:TrackPointExtension>
            <ns3:hr>173</ns3:hr>
          </ns3:TrackPointExtension>
        </extensions>
      </trkpt>
      <trkpt lat="52.01089672744274139404296875" lon="5.8192366920411586761474609375">
        <ele>37</ele>
        <time>2026-05-30T12:35:56.000Z</time>
        <extensions>
          <ns3:TrackPointExtension>
            <ns3:hr>174</ns3:hr>
          </ns3:TrackPointExtension>
        </extensions>
      </trkpt>
      <trkpt lat="52.0109927840530872344970703125" lon="5.81922118552029132843017578125">
        <ele>37.40000152587890625</ele>
        <time>2026-05-30T12:36:05.000Z</time>
        <extensions>
          <ns3:TrackPointExtension>
            <ns3:hr>175</ns3:hr>
          </ns3:TrackPointExtension>
        </extensions>
      </trkpt>
      <trkpt lat="52.01106880791485309600830078125" lon="5.81921431235969066619873046875">
        <ele>37.40000152587890625</ele>
        <time>2026-05-30T12:36:12.000Z</time>
        <extensions>
          <ns3:TrackPointExtension>
            <ns3:hr>175</ns3:hr>
          </ns3:TrackPointExtension>
        </extensions>
      </trkpt>
      <trkpt lat="52.0111798681318759918212890625" lon="5.81921464763581752777099609375">
        <ele>37.40000152587890625</ele>
        <time>2026-05-30T12:36:22.000Z</time>
        <extensions>
          <ns3:TrackPointExtension>
            <ns3:hr>175</ns3:hr>
          </ns3:TrackPointExtension>
        </extensions>
      </trkpt>
      <trkpt lat="52.0112003199756145477294921875" lon="5.8192219398915767669677734375">
        <ele>37.40000152587890625</ele>
        <time>2026-05-30T12:36:24.000Z</time>
        <extensions>
          <ns3:TrackPointExtension>
            <ns3:hr>176</ns3:hr>
          </ns3:TrackPointExtension>
        </extensions>
      </trkpt>
      <trkpt lat="52.01130014844238758087158203125" lon="5.81923543475568294525146484375">
        <ele>37.59999847412109375</ele>
        <time>2026-05-30T12:36:31.000Z</time>
        <extensions>
          <ns3:TrackPointExtension>
            <ns3:hr>175</ns3:hr>
          </ns3:TrackPointExtension>
        </extensions>
      </trkpt>
      <trkpt lat="52.01139704324305057525634765625" lon="5.81924633122980594635009765625">
        <ele>37.59999847412109375</ele>
        <time>2026-05-30T12:36:40.000Z</time>
        <extensions>
          <ns3:TrackPointExtension>
            <ns3:hr>175</ns3:hr>
          </ns3:TrackPointExtension>
        </extensions>
      </trkpt>
      <trkpt lat="52.01149494387209415435791015625" lon="5.81927315331995487213134765625">
        <ele>37.59999847412109375</ele>
        <time>2026-05-30T12:36:49.000Z</time>
        <extensions>
          <ns3:TrackPointExtension>
            <ns3:hr>175</ns3:hr>
          </ns3:TrackPointExtension>
        </extensions>
      </trkpt>
      <trkpt lat="52.01164430938661098480224609375" lon="5.81927700899541378021240234375">
        <ele>37.59999847412109375</ele>
        <time>2026-05-30T12:36:59.000Z</time>
        <extensions>
          <ns3:TrackPointExtension>
            <ns3:hr>174</ns3:hr>
          </ns3:TrackPointExtension>
        </extensions>
      </trkpt>
      <trkpt lat="52.011785544455051422119140625" lon="5.81929176114499568939208984375">
        <ele>38.200000762939453125</ele>
        <time>2026-05-30T12:37:10.000Z</time>
        <extensions>
          <ns3:TrackPointExtension>
            <ns3:hr>175</ns3:hr>
          </ns3:TrackPointExtension>
        </extensions>
      </trkpt>
      <trkpt lat="52.01190196909010410308837890625" lon="5.81932160072028636932373046875">
        <ele>37.799999237060546875</ele>
        <time>2026-05-30T12:37:19.000Z</time>
        <extensions>
          <ns3:TrackPointExtension>
            <ns3:hr>174</ns3:hr>
          </ns3:TrackPointExtension>
        </extensions>
      </trkpt>
      <trkpt lat="52.01201009564101696014404296875" lon="5.8192792721092700958251953125">
        <ele>37.799999237060546875</ele>
        <time>2026-05-30T12:37:28.000Z</time>
        <extensions>
          <ns3:TrackPointExtension>
            <ns3:hr>173</ns3:hr>
          </ns3:TrackPointExtension>
        </extensions>
      </trkpt>
      <trkpt lat="52.01211579144001007080078125" lon="5.81928103230893611907958984375">
        <ele>38.200000762939453125</ele>
        <time>2026-05-30T12:37:38.000Z</time>
        <extensions>
          <ns3:TrackPointExtension>
            <ns3:hr>172</ns3:hr>
          </ns3:TrackPointExtension>
        </extensions>
      </trkpt>
      <trkpt lat="52.01223020441830158233642578125" lon="5.81928136758506298065185546875">
        <ele>38.40000152587890625</ele>
        <time>2026-05-30T12:37:47.000Z</time>
        <extensions>
          <ns3:TrackPointExtension>
            <ns3:hr>171</ns3:hr>
          </ns3:TrackPointExtension>
        </extensions>
      </trkpt>
      <trkpt lat="52.0122587867081165313720703125" lon="5.81927801482379436492919921875">
        <ele>38.59999847412109375</ele>
        <time>2026-05-30T12:37:49.000Z</time>
        <extensions>
          <ns3:TrackPointExtension>
            <ns3:hr>169</ns3:hr>
          </ns3:TrackPointExtension>
        </extensions>
      </trkpt>
      <trkpt lat="52.012389712035655975341796875" lon="5.8192725665867328643798828125">
        <ele>38.40000152587890625</ele>
        <time>2026-05-30T12:37:57.000Z</time>
        <extensions>
          <ns3:TrackPointExtension>
            <ns3:hr>171</ns3:hr>
          </ns3:TrackPointExtension>
        </extensions>
      </trkpt>
      <trkpt lat="52.012466490268707275390625" lon="5.8192527852952480316162109375">
        <ele>38.59999847412109375</ele>
        <time>2026-05-30T12:38:07.000Z</time>
        <extensions>
          <ns3:TrackPointExtension>
            <ns3:hr>173</ns3:hr>
          </ns3:TrackPointExtension>
        </extensions>
      </trkpt>
      <trkpt lat="52.01255458407104015350341796875" lon="5.81927063874900341033935546875">
        <ele>38.59999847412109375</ele>
        <time>2026-05-30T12:38:15.000Z</time>
        <extensions>
          <ns3:TrackPointExtension>
            <ns3:hr>173</ns3:hr>
          </ns3:TrackPointExtension>
        </extensions>
      </trkpt>
      <trkpt lat="52.0126762054860591888427734375" lon="5.81925990991294384002685546875">
        <ele>38.59999847412109375</ele>
        <time>2026-05-30T12:38:25.000Z</time>
        <extensions>
          <ns3:TrackPointExtension>
            <ns3:hr>171</ns3:hr>
          </ns3:TrackPointExtension>
        </extensions>
      </trkpt>
      <trkpt lat="52.01281945221126079559326171875" lon="5.81925689242780208587646484375">
        <ele>38.799999237060546875</ele>
        <time>2026-05-30T12:38:36.000Z</time>
        <extensions>
          <ns3:TrackPointExtension>
            <ns3:hr>173</ns3:hr>
          </ns3:TrackPointExtension>
        </extensions>
      </trkpt>
      <trkpt lat="52.012857757508754730224609375" lon="5.81915178336203098297119140625">
        <ele>38.799999237060546875</ele>
        <time>2026-05-30T12:38:44.000Z</time>
        <extensions>
          <ns3:TrackPointExtension>
            <ns3:hr>174</ns3:hr>
          </ns3:TrackPointExtension>
        </extensions>
      </trkpt>
      <trkpt lat="52.01297133229672908782958984375" lon="5.8190650306642055511474609375">
        <ele>38.799999237060546875</ele>
        <time>2026-05-30T12:38:54.000Z</time>
        <extensions>
          <ns3:TrackPointExtension>
            <ns3:hr>172</ns3:hr>
          </ns3:TrackPointExtension>
        </extensions>
      </trkpt>
      <trkpt lat="52.0130322687327861785888671875" lon="5.81895849667489528656005859375">
        <ele>38</ele>
        <time>2026-05-30T12:39:02.000Z</time>
        <extensions>
          <ns3:TrackPointExtension>
            <ns3:hr>172</ns3:hr>
          </ns3:TrackPointExtension>
        </extensions>
      </trkpt>
      <trkpt lat="52.01308406889438629150390625" lon="5.818797647953033447265625">
        <ele>37.799999237060546875</ele>
        <time>2026-05-30T12:39:11.000Z</time>
        <extensions>
          <ns3:TrackPointExtension>
            <ns3:hr>173</ns3:hr>
          </ns3:TrackPointExtension>
        </extensions>
      </trkpt>
      <trkpt lat="52.013129331171512603759765625" lon="5.8186301775276660919189453125">
        <ele>37.799999237060546875</ele>
        <time>2026-05-30T12:39:20.000Z</time>
        <extensions>
          <ns3:TrackPointExtension>
            <ns3:hr>172</ns3:hr>
          </ns3:TrackPointExtension>
        </extensions>
      </trkpt>
      <trkpt lat="52.0131693966686725616455078125" lon="5.81847368739545345306396484375">
        <ele>37.799999237060546875</ele>
        <time>2026-05-30T12:39:28.000Z</time>
        <extensions>
          <ns3:TrackPointExtension>
            <ns3:hr>172</ns3:hr>
          </ns3:TrackPointExtension>
        </extensions>
      </trkpt>
      <trkpt lat="52.01327727176249027252197265625" lon="5.818386264145374298095703125">
        <ele>38</ele>
        <time>2026-05-30T12:39:36.000Z</time>
        <extensions>
          <ns3:TrackPointExtension>
            <ns3:hr>174</ns3:hr>
          </ns3:TrackPointExtension>
        </extensions>
      </trkpt>
      <trkpt lat="52.0133420638740062713623046875" lon="5.8183666504919528961181640625">
        <ele>37.59999847412109375</ele>
        <time>2026-05-30T12:39:40.000Z</time>
        <extensions>
          <ns3:TrackPointExtension>
            <ns3:hr>174</ns3:hr>
          </ns3:TrackPointExtension>
        </extensions>
      </trkpt>
      <trkpt lat="52.0133809559047222137451171875" lon="5.8183472044765949249267578125">
        <ele>37.40000152587890625</ele>
        <time>2026-05-30T12:39:43.000Z</time>
        <extensions>
          <ns3:TrackPointExtension>
            <ns3:hr>175</ns3:hr>
          </ns3:TrackPointExtension>
        </extensions>
      </trkpt>
      <trkpt lat="52.0134684629738330841064453125" lon="5.81825441680848598480224609375">
        <ele>37</ele>
        <time>2026-05-30T12:39:52.000Z</time>
        <extensions>
          <ns3:TrackPointExtension>
            <ns3:hr>176</ns3:hr>
          </ns3:TrackPointExtension>
        </extensions>
      </trkpt>
      <trkpt lat="52.0135889947414398193359375" lon="5.81824972294270992279052734375">
        <ele>36.799999237060546875</ele>
        <time>2026-05-30T12:39:59.000Z</time>
        <extensions>
          <ns3:TrackPointExtension>
            <ns3:hr>177</ns3:hr>
          </ns3:TrackPointExtension>
        </extensions>
      </trkpt>
      <trkpt lat="52.01367440633475780487060546875" lon="5.818287022411823272705078125">
        <ele>36.59999847412109375</ele>
        <time>2026-05-30T12:40:06.000Z</time>
        <extensions>
          <ns3:TrackPointExtension>
            <ns3:hr>177</ns3:hr>
          </ns3:TrackPointExtension>
        </extensions>
      </trkpt>
      <trkpt lat="52.013685889542102813720703125" lon="5.81828895024955272674560546875">
        <ele>36.59999847412109375</ele>
        <time>2026-05-30T12:40:07.000Z</time>
        <extensions>
          <ns3:TrackPointExtension>
            <ns3:hr>177</ns3:hr>
          </ns3:TrackPointExtension>
        </extensions>
      </trkpt>
      <trkpt lat="52.01377876102924346923828125" lon="5.81834728829562664031982421875">
        <ele>36.200000762939453125</ele>
        <time>2026-05-30T12:40:14.000Z</time>
        <extensions>
          <ns3:TrackPointExtension>
            <ns3:hr>178</ns3:hr>
          </ns3:TrackPointExtension>
        </extensions>
      </trkpt>
      <trkpt lat="52.013876326382160186767578125" lon="5.818431861698627471923828125">
        <ele>36.200000762939453125</ele>
        <time>2026-05-30T12:40:22.000Z</time>
        <extensions>
          <ns3:TrackPointExtension>
            <ns3:hr>176</ns3:hr>
          </ns3:TrackPointExtension>
        </extensions>
      </trkpt>
      <trkpt lat="52.01395017094910144805908203125" lon="5.81848726607859134674072265625">
        <ele>36.40000152587890625</ele>
        <time>2026-05-30T12:40:29.000Z</time>
        <extensions>
          <ns3:TrackPointExtension>
            <ns3:hr>176</ns3:hr>
          </ns3:TrackPointExtension>
        </extensions>
      </trkpt>
      <trkpt lat="52.0140744745731353759765625" lon="5.8185869269073009490966796875">
        <ele>36</ele>
        <time>2026-05-30T12:40:41.000Z</time>
        <extensions>
          <ns3:TrackPointExtension>
            <ns3:hr>176</ns3:hr>
          </ns3:TrackPointExtension>
        </extensions>
      </trkpt>
      <trkpt lat="52.01418109238147735595703125" lon="5.81868139095604419708251953125">
        <ele>36</ele>
        <time>2026-05-30T12:40:51.000Z</time>
        <extensions>
          <ns3:TrackPointExtension>
            <ns3:hr>176</ns3:hr>
          </ns3:TrackPointExtension>
        </extensions>
      </trkpt>
      <trkpt lat="52.014239095151424407958984375" lon="5.81873101182281970977783203125">
        <ele>35.40000152587890625</ele>
        <time>2026-05-30T12:40:57.000Z</time>
        <extensions>
          <ns3:TrackPointExtension>
            <ns3:hr>175</ns3:hr>
          </ns3:TrackPointExtension>
        </extensions>
      </trkpt>
      <trkpt lat="52.01426231302320957183837890625" lon="5.81874308176338672637939453125">
        <ele>35.200000762939453125</ele>
        <time>2026-05-30T12:40:59.000Z</time>
        <extensions>
          <ns3:TrackPointExtension>
            <ns3:hr>175</ns3:hr>
          </ns3:TrackPointExtension>
        </extensions>
      </trkpt>
      <trkpt lat="52.01435937546193599700927734375" lon="5.8188204467296600341796875">
        <ele>35.40000152587890625</ele>
        <time>2026-05-30T12:41:07.000Z</time>
        <extensions>
          <ns3:TrackPointExtension>
            <ns3:hr>175</ns3:hr>
          </ns3:TrackPointExtension>
        </extensions>
      </trkpt>
      <trkpt lat="52.01442651450634002685546875" lon="5.818871743977069854736328125">
        <ele>35.799999237060546875</ele>
        <time>2026-05-30T12:41:14.000Z</time>
        <extensions>
          <ns3:TrackPointExtension>
            <ns3:hr>175</ns3:hr>
          </ns3:TrackPointExtension>
        </extensions>
      </trkpt>
      <trkpt lat="52.014526091516017913818359375" lon="5.81895866431295871734619140625">
        <ele>35.799999237060546875</ele>
        <time>2026-05-30T12:41:23.000Z</time>
        <extensions>
          <ns3:TrackPointExtension>
            <ns3:hr>174</ns3:hr>
          </ns3:TrackPointExtension>
        </extensions>
      </trkpt>
      <trkpt lat="52.01457110233604907989501953125" lon="5.8190717361867427825927734375">
        <ele>35</ele>
        <time>2026-05-30T12:41:30.000Z</time>
        <extensions>
          <ns3:TrackPointExtension>
            <ns3:hr>174</ns3:hr>
          </ns3:TrackPointExtension>
        </extensions>
      </trkpt>
      <trkpt lat="52.01461234129965305328369140625" lon="5.8191176690161228179931640625">
        <ele>35</ele>
        <time>2026-05-30T12:41:37.000Z</time>
        <extensions>
          <ns3:TrackPointExtension>
            <ns3:hr>174</ns3:hr>
          </ns3:TrackPointExtension>
        </extensions>
      </trkpt>
      <trkpt lat="52.014641426503658294677734375" lon="5.8191128075122833251953125">
        <ele>35</ele>
        <time>2026-05-30T12:41:47.000Z</time>
        <extensions>
          <ns3:TrackPointExtension>
            <ns3:hr>173</ns3:hr>
          </ns3:TrackPointExtension>
        </extensions>
      </trkpt>
      <trkpt lat="52.01464251615107059478759765625" lon="5.8191421441733837127685546875">
        <ele>35</ele>
        <time>2026-05-30T12:41:55.000Z</time>
        <extensions>
          <ns3:TrackPointExtension>
            <ns3:hr>176</ns3:hr>
          </ns3:TrackPointExtension>
        </extensions>
      </trkpt>
      <trkpt lat="52.0146415941417217254638671875" lon="5.819150023162364959716796875">
        <ele>35</ele>
        <time>2026-05-30T12:41:57.000Z</time>
        <extensions>
          <ns3:TrackPointExtension>
            <ns3:hr>177</ns3:hr>
          </ns3:TrackPointExtension>
        </extensions>
      </trkpt>
      <trkpt lat="52.0146291889250278472900390625" lon="5.81914893351495265960693359375">
        <ele>34.59999847412109375</ele>
        <time>2026-05-30T12:42:10.000Z</time>
        <extensions>
          <ns3:TrackPointExtension>
            <ns3:hr>178</ns3:hr>
          </ns3:TrackPointExtension>
        </extensions>
      </trkpt>
      <trkpt lat="52.01463648118078708648681640625" lon="5.8191297389566898345947265625">
        <ele>34.799999237060546875</ele>
        <time>2026-05-30T12:42:19.000Z</time>
        <extensions>
          <ns3:TrackPointExtension>
            <ns3:hr>177</ns3:hr>
          </ns3:TrackPointExtension>
        </extensions>
      </trkpt>
      <trkpt lat="52.01467864215373992919921875" lon="5.8191632665693759918212890625">
        <ele>34.59999847412109375</ele>
        <time>2026-05-30T12:42:26.000Z</time>
        <extensions>
          <ns3:TrackPointExtension>
            <ns3:hr>177</ns3:hr>
          </ns3:TrackPointExtension>
        </extensions>
      </trkpt>
      <trkpt lat="52.014771513640880584716796875" lon="5.81922168843448162078857421875">
        <ele>34.40000152587890625</ele>
        <time>2026-05-30T12:42:33.000Z</time>
        <extensions>
          <ns3:TrackPointExtension>
            <ns3:hr>174</ns3:hr>
          </ns3:TrackPointExtension>
        </extensions>
      </trkpt>
      <trkpt lat="52.014778889715671539306640625" lon="5.81922638230025768280029296875">
        <ele>34.40000152587890625</ele>
        <time>2026-05-30T12:42:34.000Z</time>
        <extensions>
          <ns3:TrackPointExtension>
            <ns3:hr>173</ns3:hr>
          </ns3:TrackPointExtension>
        </extensions>
      </trkpt>
      <trkpt lat="52.01483395881950855255126953125" lon="5.81925756298005580902099609375">
        <ele>34.40000152587890625</ele>
        <time>2026-05-30T12:42:40.000Z</time>
        <extensions>
          <ns3:TrackPointExtension>
            <ns3:hr>171</ns3:hr>
          </ns3:TrackPointExtension>
        </extensions>
      </trkpt>
      <trkpt lat="52.01488575898110866546630859375" lon="5.81928757019340991973876953125">
        <ele>34</ele>
        <time>2026-05-30T12:42:44.000Z</time>
        <extensions>
          <ns3:TrackPointExtension>
            <ns3:hr>171</ns3:hr>
          </ns3:TrackPointExtension>
        </extensions>
      </trkpt>
      <trkpt lat="52.01493185944855213165283203125" lon="5.81938681192696094512939453125">
        <ele>33.799999237060546875</ele>
        <time>2026-05-30T12:42:51.000Z</time>
        <extensions>
          <ns3:TrackPointExtension>
            <ns3:hr>172</ns3:hr>
          </ns3:TrackPointExtension>
        </extensions>
      </trkpt>
      <trkpt lat="52.0149051211774349212646484375" lon="5.81948504783213138580322265625">
        <ele>34.200000762939453125</ele>
        <time>2026-05-30T12:42:58.000Z</time>
        <extensions>
          <ns3:TrackPointExtension>
            <ns3:hr>171</ns3:hr>
          </ns3:TrackPointExtension>
        </extensions>
      </trkpt>
      <trkpt lat="52.01486463658511638641357421875" lon="5.819622762501239776611328125">
        <ele>35.59999847412109375</ele>
        <time>2026-05-30T12:43:06.000Z</time>
        <extensions>
          <ns3:TrackPointExtension>
            <ns3:hr>171</ns3:hr>
          </ns3:TrackPointExtension>
        </extensions>
      </trkpt>
      <trkpt lat="52.01485122554004192352294921875" lon="5.8196608163416385650634765625">
        <ele>35</ele>
        <time>2026-05-30T12:43:08.000Z</time>
        <extensions>
          <ns3:TrackPointExtension>
            <ns3:hr>171</ns3:hr>
          </ns3:TrackPointExtension>
        </extensions>
      </trkpt>
      <trkpt lat="52.0148380659520626068115234375" lon="5.81969560123980045318603515625">
        <ele>34.40000152587890625</ele>
        <time>2026-05-30T12:43:10.000Z</time>
        <extensions>
          <ns3:TrackPointExtension>
            <ns3:hr>171</ns3:hr>
          </ns3:TrackPointExtension>
        </extensions>
      </trkpt>
      <trkpt lat="52.014798335731029510498046875" lon="5.81980104558169841766357421875">
        <ele>34.59999847412109375</ele>
        <time>2026-05-30T12:43:16.000Z</time>
        <extensions>
          <ns3:TrackPointExtension>
            <ns3:hr>172</ns3:hr>
          </ns3:TrackPointExtension>
        </extensions>
      </trkpt>
      <trkpt lat="52.0147552527487277984619140625" lon="5.81994420848786830902099609375">
        <ele>35</ele>
        <time>2026-05-30T12:43:25.000Z</time>
        <extensions>
          <ns3:TrackPointExtension>
            <ns3:hr>175</ns3:hr>
          </ns3:TrackPointExtension>
        </extensions>
      </trkpt>
      <trkpt lat="52.01475030742585659027099609375" lon="5.81998159177601337432861328125">
        <ele>35</ele>
        <time>2026-05-30T12:43:27.000Z</time>
        <extensions>
          <ns3:TrackPointExtension>
            <ns3:hr>175</ns3:hr>
          </ns3:TrackPointExtension>
        </extensions>
      </trkpt>
      <trkpt lat="52.0146871916949748992919921875" lon="5.82022114656865596771240234375">
        <ele>34.59999847412109375</ele>
        <time>2026-05-30T12:43:39.000Z</time>
        <extensions>
          <ns3:TrackPointExtension>
            <ns3:hr>176</ns3:hr>
          </ns3:TrackPointExtension>
        </extensions>
      </trkpt>
      <trkpt lat="52.01464134268462657928466796875" lon="5.8203514851629734039306640625">
        <ele>34.59999847412109375</ele>
        <time>2026-05-30T12:43:48.000Z</time>
        <extensions>
          <ns3:TrackPointExtension>
            <ns3:hr>176</ns3:hr>
          </ns3:TrackPointExtension>
        </extensions>
      </trkpt>
      <trkpt lat="52.0145762152969837188720703125" lon="5.82059062086045742034912109375">
        <ele>35</ele>
        <time>2026-05-30T12:44:01.000Z</time>
        <extensions>
          <ns3:TrackPointExtension>
            <ns3:hr>175</ns3:hr>
          </ns3:TrackPointExtension>
        </extensions>
      </trkpt>
      <trkpt lat="52.01451963745057582855224609375" lon="5.82079430110752582550048828125">
        <ele>35.200000762939453125</ele>
        <time>2026-05-30T12:44:12.000Z</time>
        <extensions>
          <ns3:TrackPointExtension>
            <ns3:hr>175</ns3:hr>
          </ns3:TrackPointExtension>
        </extensions>
      </trkpt>
      <trkpt lat="52.014456354081630706787109375" lon="5.820916928350925445556640625">
        <ele>35.40000152587890625</ele>
        <time>2026-05-30T12:44:20.000Z</time>
        <extensions>
          <ns3:TrackPointExtension>
            <ns3:hr>175</ns3:hr>
          </ns3:TrackPointExtension>
        </extensions>
      </trkpt>
      <trkpt lat="52.014438919723033905029296875" lon="5.820947103202342987060546875">
        <ele>35.59999847412109375</ele>
        <time>2026-05-30T12:44:22.000Z</time>
        <extensions>
          <ns3:TrackPointExtension>
            <ns3:hr>176</ns3:hr>
          </ns3:TrackPointExtension>
        </extensions>
      </trkpt>
      <trkpt lat="52.0144164562225341796875" lon="5.82099781371653079986572265625">
        <ele>35.40000152587890625</ele>
        <time>2026-05-30T12:44:25.000Z</time>
        <extensions>
          <ns3:TrackPointExtension>
            <ns3:hr>179</ns3:hr>
          </ns3:TrackPointExtension>
        </extensions>
      </trkpt>
      <trkpt lat="52.01435334049165248870849609375" lon="5.82111314870417118072509765625">
        <ele>35.799999237060546875</ele>
        <time>2026-05-30T12:44:32.000Z</time>
        <extensions>
          <ns3:TrackPointExtension>
            <ns3:hr>177</ns3:hr>
          </ns3:TrackPointExtension>
        </extensions>
      </trkpt>
      <trkpt lat="52.014308832585811614990234375" lon="5.82126670517027378082275390625">
        <ele>35.799999237060546875</ele>
        <time>2026-05-30T12:44:42.000Z</time>
        <extensions>
          <ns3:TrackPointExtension>
            <ns3:hr>177</ns3:hr>
          </ns3:TrackPointExtension>
        </extensions>
      </trkpt>
      <trkpt lat="52.01426197774708271026611328125" lon="5.82144088111817836761474609375">
        <ele>36</ele>
        <time>2026-05-30T12:44:52.000Z</time>
        <extensions>
          <ns3:TrackPointExtension>
            <ns3:hr>177</ns3:hr>
          </ns3:TrackPointExtension>
        </extensions>
      </trkpt>
      <trkpt lat="52.014212273061275482177734375" lon="5.8216037414968013763427734375">
        <ele>35.799999237060546875</ele>
        <time>2026-05-30T12:45:02.000Z</time>
        <extensions>
          <ns3:TrackPointExtension>
            <ns3:hr>177</ns3:hr>
          </ns3:TrackPointExtension>
        </extensions>
      </trkpt>
      <trkpt lat="52.01414982788264751434326171875" lon="5.82180063240230083465576171875">
        <ele>35.799999237060546875</ele>
        <time>2026-05-30T12:45:12.000Z</time>
        <extensions>
          <ns3:TrackPointExtension>
            <ns3:hr>175</ns3:hr>
          </ns3:TrackPointExtension>
        </extensions>
      </trkpt>
      <trkpt lat="52.0140867121517658233642578125" lon="5.8219933323562145233154296875">
        <ele>35.799999237060546875</ele>
        <time>2026-05-30T12:45:23.000Z</time>
        <extensions>
          <ns3:TrackPointExtension>
            <ns3:hr>177</ns3:hr>
          </ns3:TrackPointExtension>
        </extensions>
      </trkpt>
      <trkpt lat="52.01403549872338771820068359375" lon="5.82218904979526996612548828125">
        <ele>36.200000762939453125</ele>
        <time>2026-05-30T12:45:35.000Z</time>
        <extensions>
          <ns3:TrackPointExtension>
            <ns3:hr>177</ns3:hr>
          </ns3:TrackPointExtension>
        </extensions>
      </trkpt>
      <trkpt lat="52.013990320265293121337890625" lon="5.8223877847194671630859375">
        <ele>36.200000762939453125</ele>
        <time>2026-05-30T12:45:46.000Z</time>
        <extensions>
          <ns3:TrackPointExtension>
            <ns3:hr>178</ns3:hr>
          </ns3:TrackPointExtension>
        </extensions>
      </trkpt>
      <trkpt lat="52.01393072493374347686767578125" lon="5.8225487172603607177734375">
        <ele>36.200000762939453125</ele>
        <time>2026-05-30T12:45:54.000Z</time>
        <extensions>
          <ns3:TrackPointExtension>
            <ns3:hr>177</ns3:hr>
          </ns3:TrackPointExtension>
        </extensions>
      </trkpt>
      <trkpt lat="52.0138778351247310638427734375" lon="5.82267947494983673095703125">
        <ele>36.40000152587890625</ele>
        <time>2026-05-30T12:46:02.000Z</time>
        <extensions>
          <ns3:TrackPointExtension>
            <ns3:hr>176</ns3:hr>
          </ns3:TrackPointExtension>
        </extensions>
      </trkpt>
      <trkpt lat="52.01386459171772003173828125" lon="5.8227098174393177032470703125">
        <ele>36.59999847412109375</ele>
        <time>2026-05-30T12:46:04.000Z</time>
        <extensions>
          <ns3:TrackPointExtension>
            <ns3:hr>176</ns3:hr>
          </ns3:TrackPointExtension>
        </extensions>
      </trkpt>
      <trkpt lat="52.013840787112712860107421875" lon="5.82278399728238582611083984375">
        <ele>36.59999847412109375</ele>
        <time>2026-05-30T12:46:09.000Z</time>
        <extensions>
          <ns3:TrackPointExtension>
            <ns3:hr>178</ns3:hr>
          </ns3:TrackPointExtension>
        </extensions>
      </trkpt>
      <trkpt lat="52.0137946866452693939208984375" lon="5.82295230589807033538818359375">
        <ele>36.59999847412109375</ele>
        <time>2026-05-30T12:46:18.000Z</time>
        <extensions>
          <ns3:TrackPointExtension>
            <ns3:hr>178</ns3:hr>
          </ns3:TrackPointExtension>
        </extensions>
      </trkpt>
      <trkpt lat="52.01372486539185047149658203125" lon="5.82312480546534061431884765625">
        <ele>36.59999847412109375</ele>
        <time>2026-05-30T12:46:29.000Z</time>
        <extensions>
          <ns3:TrackPointExtension>
            <ns3:hr>178</ns3:hr>
          </ns3:TrackPointExtension>
        </extensions>
      </trkpt>
      <trkpt lat="52.013705670833587646484375" lon="5.82318364642560482025146484375">
        <ele>37.200000762939453125</ele>
        <time>2026-05-30T12:46:33.000Z</time>
        <extensions>
          <ns3:TrackPointExtension>
            <ns3:hr>175</ns3:hr>
          </ns3:TrackPointExtension>
        </extensions>
      </trkpt>
      <trkpt lat="52.013675160706043243408203125" lon="5.82327081821858882904052734375">
        <ele>36.799999237060546875</ele>
        <time>2026-05-30T12:46:38.000Z</time>
        <extensions>
          <ns3:TrackPointExtension>
            <ns3:hr>176</ns3:hr>
          </ns3:TrackPointExtension>
        </extensions>
      </trkpt>
      <trkpt lat="52.013663090765476226806640625" lon="5.8233104646205902099609375">
        <ele>37</ele>
        <time>2026-05-30T12:46:40.000Z</time>
        <extensions>
          <ns3:TrackPointExtension>
            <ns3:hr>179</ns3:hr>
          </ns3:TrackPointExtension>
        </extensions>
      </trkpt>
      <trkpt lat="52.01364289037883281707763671875" lon="5.82337140105664730072021484375">
        <ele>37</ele>
        <time>2026-05-30T12:46:43.000Z</time>
        <extensions>
          <ns3:TrackPointExtension>
            <ns3:hr>182</ns3:hr>
          </ns3:TrackPointExtension>
        </extensions>
      </trkpt>
      <trkpt lat="52.01360081322491168975830078125" lon="5.8235299028456211090087890625">
        <ele>37.200000762939453125</ele>
        <time>2026-05-30T12:46:51.000Z</time>
        <extensions>
          <ns3:TrackPointExtension>
            <ns3:hr>182</ns3:hr>
          </ns3:TrackPointExtension>
        </extensions>
      </trkpt>
      <trkpt lat="52.013565190136432647705078125" lon="5.823691673576831817626953125">
        <ele>37.40000152587890625</ele>
        <time>2026-05-30T12:47:00.000Z</time>
        <extensions>
          <ns3:TrackPointExtension>
            <ns3:hr>182</ns3:hr>
          </ns3:TrackPointExtension>
        </extensions>
      </trkpt>
      <trkpt lat="52.01354297809302806854248046875" lon="5.823821090161800384521484375">
        <ele>37.59999847412109375</ele>
        <time>2026-05-30T12:47:07.000Z</time>
        <extensions>
          <ns3:TrackPointExtension>
            <ns3:hr>182</ns3:hr>
          </ns3:TrackPointExtension>
        </extensions>
      </trkpt>
      <trkpt lat="52.0135140605270862579345703125" lon="5.8238849602639675140380859375">
        <ele>37.59999847412109375</ele>
        <time>2026-05-30T12:47:11.000Z</time>
        <extensions>
          <ns3:TrackPointExtension>
            <ns3:hr>181</ns3:hr>
          </ns3:TrackPointExtension>
        </extensions>
      </trkpt>
      <trkpt lat="52.013484053313732147216796875" lon="5.82401613704860210418701171875">
        <ele>37.799999237060546875</ele>
        <time>2026-05-30T12:47:20.000Z</time>
        <extensions>
          <ns3:TrackPointExtension>
            <ns3:hr>180</ns3:hr>
          </ns3:TrackPointExtension>
        </extensions>
      </trkpt>
      <trkpt lat="52.0134376175701618194580078125" lon="5.82420154474675655364990234375">
        <ele>38</ele>
        <time>2026-05-30T12:47:31.000Z</time>
        <extensions>
          <ns3:TrackPointExtension>
            <ns3:hr>182</ns3:hr>
          </ns3:TrackPointExtension>
        </extensions>
      </trkpt>
      <trkpt lat="52.0133475959300994873046875" lon="5.824376642704010009765625">
        <ele>38.200000762939453125</ele>
        <time>2026-05-30T12:47:41.000Z</time>
        <extensions>
          <ns3:TrackPointExtension>
            <ns3:hr>181</ns3:hr>
          </ns3:TrackPointExtension>
        </extensions>
      </trkpt>
      <trkpt lat="52.0133071951568126678466796875" lon="5.82453547976911067962646484375">
        <ele>38.40000152587890625</ele>
        <time>2026-05-30T12:47:50.000Z</time>
        <extensions>
          <ns3:TrackPointExtension>
            <ns3:hr>183</ns3:hr>
          </ns3:TrackPointExtension>
        </extensions>
      </trkpt>
      <trkpt lat="52.01329923234879970550537109375" lon="5.824554674327373504638671875">
        <ele>38.59999847412109375</ele>
        <time>2026-05-30T12:47:51.000Z</time>
        <extensions>
          <ns3:TrackPointExtension>
            <ns3:hr>183</ns3:hr>
          </ns3:TrackPointExtension>
        </extensions>
      </trkpt>
      <trkpt lat="52.01324625872075557708740234375" lon="5.82470588386058807373046875">
        <ele>38.40000152587890625</ele>
        <time>2026-05-30T12:47:59.000Z</time>
        <extensions>
          <ns3:TrackPointExtension>
            <ns3:hr>181</ns3:hr>
          </ns3:TrackPointExtension>
        </extensions>
      </trkpt>
      <trkpt lat="52.0131797902286052703857421875" lon="5.824924819171428680419921875">
        <ele>38.59999847412109375</ele>
        <time>2026-05-30T12:48:11.000Z</time>
        <extensions>
          <ns3:TrackPointExtension>
            <ns3:hr>182</ns3:hr>
          </ns3:TrackPointExtension>
        </extensions>
      </trkpt>
      <trkpt lat="52.01314751990139484405517578125" lon="5.8250248990952968597412109375">
        <ele>39.200000762939453125</ele>
        <time>2026-05-30T12:48:17.000Z</time>
        <extensions>
          <ns3:TrackPointExtension>
            <ns3:hr>182</ns3:hr>
          </ns3:TrackPointExtension>
        </extensions>
      </trkpt>
      <trkpt lat="52.01313100755214691162109375" lon="5.825078375637531280517578125">
        <ele>39</ele>
        <time>2026-05-30T12:48:20.000Z</time>
        <extensions>
          <ns3:TrackPointExtension>
            <ns3:hr>183</ns3:hr>
          </ns3:TrackPointExtension>
        </extensions>
      </trkpt>
      <trkpt lat="52.0130956359207630157470703125" lon="5.82521541975438594818115234375">
        <ele>39.40000152587890625</ele>
        <time>2026-05-30T12:48:28.000Z</time>
        <extensions>
          <ns3:TrackPointExtension>
            <ns3:hr>182</ns3:hr>
          </ns3:TrackPointExtension>
        </extensions>
      </trkpt>
      <trkpt lat="52.01304794289171695709228515625" lon="5.82532153464853763580322265625">
        <ele>39</ele>
        <time>2026-05-30T12:48:35.000Z</time>
        <extensions>
          <ns3:TrackPointExtension>
            <ns3:hr>183</ns3:hr>
          </ns3:TrackPointExtension>
        </extensions>
      </trkpt>
      <trkpt lat="52.01302506029605865478515625" lon="5.8254530467092990875244140625">
        <ele>39.200000762939453125</ele>
        <time>2026-05-30T12:48:43.000Z</time>
        <extensions>
          <ns3:TrackPointExtension>
            <ns3:hr>181</ns3:hr>
          </ns3:TrackPointExtension>
        </extensions>
      </trkpt>
      <trkpt lat="52.0129880122840404510498046875" lon="5.82562160678207874298095703125">
        <ele>39.40000152587890625</ele>
        <time>2026-05-30T12:48:52.000Z</time>
        <extensions>
          <ns3:TrackPointExtension>
            <ns3:hr>182</ns3:hr>
          </ns3:TrackPointExtension>
        </extensions>
      </trkpt>
      <trkpt lat="52.01297652907669544219970703125" lon="5.82565077580511569976806640625">
        <ele>39.59999847412109375</ele>
        <time>2026-05-30T12:48:54.000Z</time>
        <extensions>
          <ns3:TrackPointExtension>
            <ns3:hr>182</ns3:hr>
          </ns3:TrackPointExtension>
        </extensions>
      </trkpt>
      <trkpt lat="52.0129461027681827545166015625" lon="5.82571447826921939849853515625">
        <ele>40</ele>
        <time>2026-05-30T12:48:58.000Z</time>
        <extensions>
          <ns3:TrackPointExtension>
            <ns3:hr>181</ns3:hr>
          </ns3:TrackPointExtension>
        </extensions>
      </trkpt>
      <trkpt lat="52.01289438642561435699462890625" lon="5.82587993703782558441162109375">
        <ele>39.799999237060546875</ele>
        <time>2026-05-30T12:49:07.000Z</time>
        <extensions>
          <ns3:TrackPointExtension>
            <ns3:hr>181</ns3:hr>
          </ns3:TrackPointExtension>
        </extensions>
      </trkpt>
      <trkpt lat="52.0128736831247806549072265625" lon="5.82601270638406276702880859375">
        <ele>40.200000762939453125</ele>
        <time>2026-05-30T12:49:15.000Z</time>
        <extensions>
          <ns3:TrackPointExtension>
            <ns3:hr>181</ns3:hr>
          </ns3:TrackPointExtension>
        </extensions>
      </trkpt>
      <trkpt lat="52.012829594314098358154296875" lon="5.82617129199206829071044921875">
        <ele>40.200000762939453125</ele>
        <time>2026-05-30T12:49:24.000Z</time>
        <extensions>
          <ns3:TrackPointExtension>
            <ns3:hr>180</ns3:hr>
          </ns3:TrackPointExtension>
        </extensions>
      </trkpt>
      <trkpt lat="52.01275574974715709686279296875" lon="5.82635343074798583984375">
        <ele>39.799999237060546875</ele>
        <time>2026-05-30T12:49:34.000Z</time>
        <extensions>
          <ns3:TrackPointExtension>
            <ns3:hr>182</ns3:hr>
          </ns3:TrackPointExtension>
        </extensions>
      </trkpt>
      <trkpt lat="52.01268265955150127410888671875" lon="5.82657127641141414642333984375">
        <ele>40</ele>
        <time>2026-05-30T12:49:45.000Z</time>
        <extensions>
          <ns3:TrackPointExtension>
            <ns3:hr>183</ns3:hr>
          </ns3:TrackPointExtension>
        </extensions>
      </trkpt>
      <trkpt lat="52.01263320632278919219970703125" lon="5.82673120312392711639404296875">
        <ele>39.799999237060546875</ele>
        <time>2026-05-30T12:49:54.000Z</time>
        <extensions>
          <ns3:TrackPointExtension>
            <ns3:hr>181</ns3:hr>
          </ns3:TrackPointExtension>
        </extensions>
      </trkpt>
      <trkpt lat="52.012575455009937286376953125" lon="5.8268789760768413543701171875">
        <ele>39.59999847412109375</ele>
        <time>2026-05-30T12:50:02.000Z</time>
        <extensions>
          <ns3:TrackPointExtension>
            <ns3:hr>181</ns3:hr>
          </ns3:TrackPointExtension>
        </extensions>
      </trkpt>
      <trkpt lat="52.01253279112279415130615234375" lon="5.827006883919239044189453125">
        <ele>39.59999847412109375</ele>
        <time>2026-05-30T12:50:10.000Z</time>
        <extensions>
          <ns3:TrackPointExtension>
            <ns3:hr>182</ns3:hr>
          </ns3:TrackPointExtension>
        </extensions>
      </trkpt>
      <trkpt lat="52.012471854686737060546875" lon="5.82719556055963039398193359375">
        <ele>39.59999847412109375</ele>
        <time>2026-05-30T12:50:21.000Z</time>
        <extensions>
          <ns3:TrackPointExtension>
            <ns3:hr>182</ns3:hr>
          </ns3:TrackPointExtension>
        </extensions>
      </trkpt>
      <trkpt lat="52.0124069787561893463134765625" lon="5.827363617718219757080078125">
        <ele>39.40000152587890625</ele>
        <time>2026-05-30T12:50:32.000Z</time>
        <extensions>
          <ns3:TrackPointExtension>
            <ns3:hr>180</ns3:hr>
          </ns3:TrackPointExtension>
        </extensions>
      </trkpt>
      <trkpt lat="52.0123496465384960174560546875" lon="5.82757710479199886322021484375">
        <ele>39.799999237060546875</ele>
        <time>2026-05-30T12:50:43.000Z</time>
        <extensions>
          <ns3:TrackPointExtension>
            <ns3:hr>179</ns3:hr>
          </ns3:TrackPointExtension>
        </extensions>
      </trkpt>
      <trkpt lat="52.01234553940594196319580078125" lon="5.82768003456294536590576171875">
        <ele>39.200000762939453125</ele>
        <time>2026-05-30T12:50:50.000Z</time>
        <extensions>
          <ns3:TrackPointExtension>
            <ns3:hr>177</ns3:hr>
          </ns3:TrackPointExtension>
        </extensions>
      </trkpt>
      <trkpt lat="52.0122909732162952423095703125" lon="5.82787583582103252410888671875">
        <ele>39</ele>
        <time>2026-05-30T12:50:59.000Z</time>
        <extensions>
          <ns3:TrackPointExtension>
            <ns3:hr>176</ns3:hr>
          </ns3:TrackPointExtension>
        </extensions>
      </trkpt>
      <trkpt lat="52.01221771538257598876953125" lon="5.8280303142964839935302734375">
        <ele>38.799999237060546875</ele>
        <time>2026-05-30T12:51:08.000Z</time>
        <extensions>
          <ns3:TrackPointExtension>
            <ns3:hr>177</ns3:hr>
          </ns3:TrackPointExtension>
        </extensions>
      </trkpt>
      <trkpt lat="52.0121343992650508880615234375" lon="5.82823030650615692138671875">
        <ele>38.799999237060546875</ele>
        <time>2026-05-30T12:51:20.000Z</time>
        <extensions>
          <ns3:TrackPointExtension>
            <ns3:hr>177</ns3:hr>
          </ns3:TrackPointExtension>
        </extensions>
      </trkpt>
      <trkpt lat="52.01210179366171360015869140625" lon="5.82840196788311004638671875">
        <ele>38.59999847412109375</ele>
        <time>2026-05-30T12:51:29.000Z</time>
        <extensions>
          <ns3:TrackPointExtension>
            <ns3:hr>177</ns3:hr>
          </ns3:TrackPointExtension>
        </extensions>
      </trkpt>
      <trkpt lat="52.0120978541672229766845703125" lon="5.82841814495623111724853515625">
        <ele>38.59999847412109375</ele>
        <time>2026-05-30T12:51:30.000Z</time>
        <extensions>
          <ns3:TrackPointExtension>
            <ns3:hr>177</ns3:hr>
          </ns3:TrackPointExtension>
        </extensions>
      </trkpt>
      <trkpt lat="52.01206541620194911956787109375" lon="5.82857455126941204071044921875">
        <ele>38.40000152587890625</ele>
        <time>2026-05-30T12:51:40.000Z</time>
        <extensions>
          <ns3:TrackPointExtension>
            <ns3:hr>177</ns3:hr>
          </ns3:TrackPointExtension>
        </extensions>
      </trkpt>
      <trkpt lat="52.0119858719408512115478515625" lon="5.82877253182232379913330078125">
        <ele>38.200000762939453125</ele>
        <time>2026-05-30T12:51:50.000Z</time>
        <extensions>
          <ns3:TrackPointExtension>
            <ns3:hr>177</ns3:hr>
          </ns3:TrackPointExtension>
        </extensions>
      </trkpt>
      <trkpt lat="52.01193700544536113739013671875" lon="5.828885100781917572021484375">
        <ele>38.200000762939453125</ele>
        <time>2026-05-30T12:51:58.000Z</time>
        <extensions>
          <ns3:TrackPointExtension>
            <ns3:hr>177</ns3:hr>
          </ns3:TrackPointExtension>
        </extensions>
      </trkpt>
      <trkpt lat="52.01188285835087299346923828125" lon="5.8290314488112926483154296875">
        <ele>38.200000762939453125</ele>
        <time>2026-05-30T12:52:07.000Z</time>
        <extensions>
          <ns3:TrackPointExtension>
            <ns3:hr>176</ns3:hr>
          </ns3:TrackPointExtension>
        </extensions>
      </trkpt>
      <trkpt lat="52.01184832490980625152587890625" lon="5.82927041687071323394775390625">
        <ele>38.200000762939453125</ele>
        <time>2026-05-30T12:52:19.000Z</time>
        <extensions>
          <ns3:TrackPointExtension>
            <ns3:hr>175</ns3:hr>
          </ns3:TrackPointExtension>
        </extensions>
      </trkpt>
      <trkpt lat="52.0117780007421970367431640625" lon="5.82946806214749813079833984375">
        <ele>38.40000152587890625</ele>
        <time>2026-05-30T12:52:30.000Z</time>
        <extensions>
          <ns3:TrackPointExtension>
            <ns3:hr>175</ns3:hr>
          </ns3:TrackPointExtension>
        </extensions>
      </trkpt>
      <trkpt lat="52.01171354390680789947509765625" lon="5.829642824828624725341796875">
        <ele>38.200000762939453125</ele>
        <time>2026-05-30T12:52:40.000Z</time>
        <extensions>
          <ns3:TrackPointExtension>
            <ns3:hr>175</ns3:hr>
          </ns3:TrackPointExtension>
        </extensions>
      </trkpt>
      <trkpt lat="52.01168739236891269683837890625" lon="5.82982513122260570526123046875">
        <ele>38</ele>
        <time>2026-05-30T12:52:51.000Z</time>
        <extensions>
          <ns3:TrackPointExtension>
            <ns3:hr>176</ns3:hr>
          </ns3:TrackPointExtension>
        </extensions>
      </trkpt>
      <trkpt lat="52.0116497576236724853515625" lon="5.82995169796049594879150390625">
        <ele>37.799999237060546875</ele>
        <time>2026-05-30T12:52:58.000Z</time>
        <extensions>
          <ns3:TrackPointExtension>
            <ns3:hr>175</ns3:hr>
          </ns3:TrackPointExtension>
        </extensions>
      </trkpt>
      <trkpt lat="52.01159351505339145660400390625" lon="5.83006787113845348358154296875">
        <ele>37.59999847412109375</ele>
        <time>2026-05-30T12:53:05.000Z</time>
        <extensions>
          <ns3:TrackPointExtension>
            <ns3:hr>175</ns3:hr>
          </ns3:TrackPointExtension>
        </extensions>
      </trkpt>
      <trkpt lat="52.0115868933498859405517578125" lon="5.8301415480673313140869140625">
        <ele>37.59999847412109375</ele>
        <time>2026-05-30T12:53:10.000Z</time>
        <extensions>
          <ns3:TrackPointExtension>
            <ns3:hr>175</ns3:hr>
          </ns3:TrackPointExtension>
        </extensions>
      </trkpt>
      <trkpt lat="52.011613212525844573974609375" lon="5.8301703818142414093017578125">
        <ele>37.40000152587890625</ele>
        <time>2026-05-30T12:53:13.000Z</time>
        <extensions>
          <ns3:TrackPointExtension>
            <ns3:hr>174</ns3:hr>
          </ns3:TrackPointExtension>
        </extensions>
      </trkpt>
      <trkpt lat="52.01169736683368682861328125" lon="5.8302386105060577392578125">
        <ele>37.59999847412109375</ele>
        <time>2026-05-30T12:53:20.000Z</time>
        <extensions>
          <ns3:TrackPointExtension>
            <ns3:hr>174</ns3:hr>
          </ns3:TrackPointExtension>
        </extensions>
      </trkpt>
      <trkpt lat="52.01178613118827342987060546875" lon="5.83029351197183132171630859375">
        <ele>37.59999847412109375</ele>
        <time>2026-05-30T12:53:28.000Z</time>
        <extensions>
          <ns3:TrackPointExtension>
            <ns3:hr>174</ns3:hr>
          </ns3:TrackPointExtension>
        </extensions>
      </trkpt>
      <trkpt lat="52.01189777813851833343505859375" lon="5.83034698851406574249267578125">
        <ele>37.799999237060546875</ele>
        <time>2026-05-30T12:53:38.000Z</time>
        <extensions>
          <ns3:TrackPointExtension>
            <ns3:hr>177</ns3:hr>
          </ns3:TrackPointExtension>
        </extensions>
      </trkpt>
      <trkpt lat="52.0120136998593807220458984375" lon="5.830405913293361663818359375">
        <ele>38</ele>
        <time>2026-05-30T12:53:46.000Z</time>
        <extensions>
          <ns3:TrackPointExtension>
            <ns3:hr>176</ns3:hr>
          </ns3:TrackPointExtension>
        </extensions>
      </trkpt>
      <trkpt lat="52.01211855746805667877197265625" lon="5.830435417592525482177734375">
        <ele>37.799999237060546875</ele>
        <time>2026-05-30T12:53:56.000Z</time>
        <extensions>
          <ns3:TrackPointExtension>
            <ns3:hr>174</ns3:hr>
          </ns3:TrackPointExtension>
        </extensions>
      </trkpt>
      <trkpt lat="52.01223489828407764434814453125" lon="5.830504484474658966064453125">
        <ele>37.799999237060546875</ele>
        <time>2026-05-30T12:54:08.000Z</time>
        <extensions>
          <ns3:TrackPointExtension>
            <ns3:hr>176</ns3:hr>
          </ns3:TrackPointExtension>
        </extensions>
      </trkpt>
      <trkpt lat="52.01231871731579303741455078125" lon="5.83055536262691020965576171875">
        <ele>38</ele>
        <time>2026-05-30T12:54:16.000Z</time>
        <extensions>
          <ns3:TrackPointExtension>
            <ns3:hr>175</ns3:hr>
          </ns3:TrackPointExtension>
        </extensions>
      </trkpt>
      <trkpt lat="52.0124141871929168701171875" lon="5.830599367618560791015625">
        <ele>37.799999237060546875</ele>
        <time>2026-05-30T12:54:25.000Z</time>
        <extensions>
          <ns3:TrackPointExtension>
            <ns3:hr>175</ns3:hr>
          </ns3:TrackPointExtension>
        </extensions>
      </trkpt>
      <trkpt lat="52.0125400833785533905029296875" lon="5.830658711493015289306640625">
        <ele>38</ele>
        <time>2026-05-30T12:54:37.000Z</time>
        <extensions>
          <ns3:TrackPointExtension>
            <ns3:hr>174</ns3:hr>
          </ns3:TrackPointExtension>
        </extensions>
      </trkpt>
      <trkpt lat="52.0126517303287982940673828125" lon="5.83071981556713581085205078125">
        <ele>37.799999237060546875</ele>
        <time>2026-05-30T12:54:47.000Z</time>
        <extensions>
          <ns3:TrackPointExtension>
            <ns3:hr>176</ns3:hr>
          </ns3:TrackPointExtension>
        </extensions>
      </trkpt>
      <trkpt lat="52.01278374530375003814697265625" lon="5.83081754855811595916748046875">
        <ele>37.799999237060546875</ele>
        <time>2026-05-30T12:54:58.000Z</time>
        <extensions>
          <ns3:TrackPointExtension>
            <ns3:hr>176</ns3:hr>
          </ns3:TrackPointExtension>
        </extensions>
      </trkpt>
      <trkpt lat="52.0129130780696868896484375" lon="5.8308825083076953887939453125">
        <ele>37.799999237060546875</ele>
        <time>2026-05-30T12:55:09.000Z</time>
        <extensions>
          <ns3:TrackPointExtension>
            <ns3:hr>175</ns3:hr>
          </ns3:TrackPointExtension>
        </extensions>
      </trkpt>
      <trkpt lat="52.01302547939121723175048828125" lon="5.83092835731804370880126953125">
        <ele>37.59999847412109375</ele>
        <time>2026-05-30T12:55:18.000Z</time>
        <extensions>
          <ns3:TrackPointExtension>
            <ns3:hr>174</ns3:hr>
          </ns3:TrackPointExtension>
        </extensions>
      </trkpt>
      <trkpt lat="52.01310661621391773223876953125" lon="5.83089885301887989044189453125">
        <ele>37.59999847412109375</ele>
        <time>2026-05-30T12:55:28.000Z</time>
        <extensions>
          <ns3:TrackPointExtension>
            <ns3:hr>174</ns3:hr>
          </ns3:TrackPointExtension>
        </extensions>
      </trkpt>
      <trkpt lat="52.01316545717418193817138671875" lon="5.83073574118316173553466796875">
        <ele>38.200000762939453125</ele>
        <time>2026-05-30T12:55:38.000Z</time>
        <extensions>
          <ns3:TrackPointExtension>
            <ns3:hr>174</ns3:hr>
          </ns3:TrackPointExtension>
        </extensions>
      </trkpt>
      <trkpt lat="52.013204097747802734375" lon="5.8305368386209011077880859375">
        <ele>37.799999237060546875</ele>
        <time>2026-05-30T12:55:48.000Z</time>
        <extensions>
          <ns3:TrackPointExtension>
            <ns3:hr>173</ns3:hr>
          </ns3:TrackPointExtension>
        </extensions>
      </trkpt>
      <trkpt lat="52.01324977912008762359619140625" lon="5.83037531934678554534912109375">
        <ele>37.799999237060546875</ele>
        <time>2026-05-30T12:55:58.000Z</time>
        <extensions>
          <ns3:TrackPointExtension>
            <ns3:hr>175</ns3:hr>
          </ns3:TrackPointExtension>
        </extensions>
      </trkpt>
      <trkpt lat="52.013330161571502685546875" lon="5.83033039234578609466552734375">
        <ele>37.59999847412109375</ele>
        <time>2026-05-30T12:56:06.000Z</time>
        <extensions>
          <ns3:TrackPointExtension>
            <ns3:hr>175</ns3:hr>
          </ns3:TrackPointExtension>
        </extensions>
      </trkpt>
      <trkpt lat="52.01335773803293704986572265625" lon="5.83033693023025989532470703125">
        <ele>37.59999847412109375</ele>
        <time>2026-05-30T12:56:08.000Z</time>
        <extensions>
          <ns3:TrackPointExtension>
            <ns3:hr>175</ns3:hr>
          </ns3:TrackPointExtension>
        </extensions>
      </trkpt>
      <trkpt lat="52.01350023038685321807861328125" lon="5.83041856996715068817138671875">
        <ele>37.59999847412109375</ele>
        <time>2026-05-30T12:56:19.000Z</time>
        <extensions>
          <ns3:TrackPointExtension>
            <ns3:hr>174</ns3:hr>
          </ns3:TrackPointExtension>
        </extensions>
      </trkpt>
      <trkpt lat="52.0135700516402721405029296875" lon="5.8304459787905216217041015625">
        <ele>37.40000152587890625</ele>
        <time>2026-05-30T12:56:26.000Z</time>
        <extensions>
          <ns3:TrackPointExtension>
            <ns3:hr>174</ns3:hr>
          </ns3:TrackPointExtension>
        </extensions>
      </trkpt>
      <trkpt lat="52.0136548765003681182861328125" lon="5.83049886859953403472900390625">
        <ele>38</ele>
        <time>2026-05-30T12:56:34.000Z</time>
        <extensions>
          <ns3:TrackPointExtension>
            <ns3:hr>172</ns3:hr>
          </ns3:TrackPointExtension>
        </extensions>
      </trkpt>
      <trkpt lat="52.01372486539185047149658203125" lon="5.83052954636514186859130859375">
        <ele>37</ele>
        <time>2026-05-30T12:56:41.000Z</time>
        <extensions>
          <ns3:TrackPointExtension>
            <ns3:hr>173</ns3:hr>
          </ns3:TrackPointExtension>
        </extensions>
      </trkpt>
      <trkpt lat="52.01384891755878925323486328125" lon="5.83057899959385395050048828125">
        <ele>37</ele>
        <time>2026-05-30T12:56:52.000Z</time>
        <extensions>
          <ns3:TrackPointExtension>
            <ns3:hr>173</ns3:hr>
          </ns3:TrackPointExtension>
        </extensions>
      </trkpt>
      <trkpt lat="52.01393709518015384674072265625" lon="5.83063758909702301025390625">
        <ele>37</ele>
        <time>2026-05-30T12:57:00.000Z</time>
        <extensions>
          <ns3:TrackPointExtension>
            <ns3:hr>174</ns3:hr>
          </ns3:TrackPointExtension>
        </extensions>
      </trkpt>
      <trkpt lat="52.01394698582589626312255859375" lon="5.8306451328098773956298828125">
        <ele>37.200000762939453125</ele>
        <time>2026-05-30T12:57:07.000Z</time>
        <extensions>
          <ns3:TrackPointExtension>
            <ns3:hr>174</ns3:hr>
          </ns3:TrackPointExtension>
        </extensions>
      </trkpt>
      <trkpt lat="52.014013789594173431396484375" lon="5.83063582889735698699951171875">
        <ele>36.59999847412109375</ele>
        <time>2026-05-30T12:57:15.000Z</time>
        <extensions>
          <ns3:TrackPointExtension>
            <ns3:hr>173</ns3:hr>
          </ns3:TrackPointExtension>
        </extensions>
      </trkpt>
      <trkpt lat="52.01405913569033145904541015625" lon="5.8305670134723186492919921875">
        <ele>36.40000152587890625</ele>
        <time>2026-05-30T12:57:20.000Z</time>
        <extensions>
          <ns3:TrackPointExtension>
            <ns3:hr>173</ns3:hr>
          </ns3:TrackPointExtension>
        </extensions>
      </trkpt>
      <trkpt lat="52.01407740823924541473388671875" lon="5.8305204100906848907470703125">
        <ele>36.40000152587890625</ele>
        <time>2026-05-30T12:57:23.000Z</time>
        <extensions>
          <ns3:TrackPointExtension>
            <ns3:hr>173</ns3:hr>
          </ns3:TrackPointExtension>
        </extensions>
      </trkpt>
      <trkpt lat="52.01408914290368556976318359375" lon="5.83039392717182636260986328125">
        <ele>36.40000152587890625</ele>
        <time>2026-05-30T12:57:30.000Z</time>
        <extensions>
          <ns3:TrackPointExtension>
            <ns3:hr>172</ns3:hr>
          </ns3:TrackPointExtension>
        </extensions>
      </trkpt>
      <trkpt lat="52.01411747373640537261962890625" lon="5.83025227300822734832763671875">
        <ele>36.59999847412109375</ele>
        <time>2026-05-30T12:57:39.000Z</time>
        <extensions>
          <ns3:TrackPointExtension>
            <ns3:hr>169</ns3:hr>
          </ns3:TrackPointExtension>
        </extensions>
      </trkpt>
      <trkpt lat="52.0141534321010112762451171875" lon="5.83008144982159137725830078125">
        <ele>37.200000762939453125</ele>
        <time>2026-05-30T12:57:49.000Z</time>
        <extensions>
          <ns3:TrackPointExtension>
            <ns3:hr>170</ns3:hr>
          </ns3:TrackPointExtension>
        </extensions>
      </trkpt>
      <trkpt lat="52.014177739620208740234375" lon="5.82992889918386936187744140625">
        <ele>36.40000152587890625</ele>
        <time>2026-05-30T12:57:57.000Z</time>
        <extensions>
          <ns3:TrackPointExtension>
            <ns3:hr>173</ns3:hr>
          </ns3:TrackPointExtension>
        </extensions>
      </trkpt>
      <trkpt lat="52.014277316629886627197265625" lon="5.82988045178353786468505859375">
        <ele>36.200000762939453125</ele>
        <time>2026-05-30T12:58:04.000Z</time>
        <extensions>
          <ns3:TrackPointExtension>
            <ns3:hr>170</ns3:hr>
          </ns3:TrackPointExtension>
        </extensions>
      </trkpt>
      <trkpt lat="52.0143918134272098541259765625" lon="5.82995320670306682586669921875">
        <ele>36.200000762939453125</ele>
        <time>2026-05-30T12:58:13.000Z</time>
        <extensions>
          <ns3:TrackPointExtension>
            <ns3:hr>170</ns3:hr>
          </ns3:TrackPointExtension>
        </extensions>
      </trkpt>
      <trkpt lat="52.014471106231212615966796875" lon="5.829978100955486297607421875">
        <ele>36.40000152587890625</ele>
        <time>2026-05-30T12:58:21.000Z</time>
        <extensions>
          <ns3:TrackPointExtension>
            <ns3:hr>171</ns3:hr>
          </ns3:TrackPointExtension>
        </extensions>
      </trkpt>
      <trkpt lat="52.01454964466392993927001953125" lon="5.8300101198256015777587890625">
        <ele>36.200000762939453125</ele>
        <time>2026-05-30T12:58:29.000Z</time>
        <extensions>
          <ns3:TrackPointExtension>
            <ns3:hr>171</ns3:hr>
          </ns3:TrackPointExtension>
        </extensions>
      </trkpt>
      <trkpt lat="52.01460261829197406768798828125" lon="5.83004557527601718902587890625">
        <ele>36.200000762939453125</ele>
        <time>2026-05-30T12:58:35.000Z</time>
        <extensions>
          <ns3:TrackPointExtension>
            <ns3:hr>172</ns3:hr>
          </ns3:TrackPointExtension>
        </extensions>
      </trkpt>
      <trkpt lat="52.0146942324936389923095703125" lon="5.83010139875113964080810546875">
        <ele>36.200000762939453125</ele>
        <time>2026-05-30T12:58:45.000Z</time>
        <extensions>
          <ns3:TrackPointExtension>
            <ns3:hr>173</ns3:hr>
          </ns3:TrackPointExtension>
        </extensions>
      </trkpt>
      <trkpt lat="52.01481099240481853485107421875" lon="5.83013869822025299072265625">
        <ele>36</ele>
        <time>2026-05-30T12:58:55.000Z</time>
        <extensions>
          <ns3:TrackPointExtension>
            <ns3:hr>173</ns3:hr>
          </ns3:TrackPointExtension>
        </extensions>
      </trkpt>
      <trkpt lat="52.0149041153490543365478515625" lon="5.83019510842859745025634765625">
        <ele>36.200000762939453125</ele>
        <time>2026-05-30T12:59:03.000Z</time>
        <extensions>
          <ns3:TrackPointExtension>
            <ns3:hr>173</ns3:hr>
          </ns3:TrackPointExtension>
        </extensions>
      </trkpt>
      <trkpt lat="52.01500721275806427001953125" lon="5.83026635460555553436279296875">
        <ele>36.40000152587890625</ele>
        <time>2026-05-30T12:59:13.000Z</time>
        <extensions>
          <ns3:TrackPointExtension>
            <ns3:hr>173</ns3:hr>
          </ns3:TrackPointExtension>
        </extensions>
      </trkpt>
      <trkpt lat="52.0150932110846042633056640625" lon="5.8303145505487918853759765625">
        <ele>36</ele>
        <time>2026-05-30T12:59:21.000Z</time>
        <extensions>
          <ns3:TrackPointExtension>
            <ns3:hr>170</ns3:hr>
          </ns3:TrackPointExtension>
        </extensions>
      </trkpt>
      <trkpt lat="52.01519639231264591217041015625" lon="5.83037079311907291412353515625">
        <ele>36.59999847412109375</ele>
        <time>2026-05-30T12:59:32.000Z</time>
        <extensions>
          <ns3:TrackPointExtension>
            <ns3:hr>171</ns3:hr>
          </ns3:TrackPointExtension>
        </extensions>
      </trkpt>
      <trkpt lat="52.015293873846530914306640625" lon="5.8304090984165668487548828125">
        <ele>36.200000762939453125</ele>
        <time>2026-05-30T12:59:41.000Z</time>
        <extensions>
          <ns3:TrackPointExtension>
            <ns3:hr>172</ns3:hr>
          </ns3:TrackPointExtension>
        </extensions>
      </trkpt>
      <trkpt lat="52.01540962792932987213134765625" lon="5.83044908009469509124755859375">
        <ele>36.200000762939453125</ele>
        <time>2026-05-30T12:59:50.000Z</time>
        <extensions>
          <ns3:TrackPointExtension>
            <ns3:hr>171</ns3:hr>
          </ns3:TrackPointExtension>
        </extensions>
      </trkpt>
      <trkpt lat="52.0155059359967708587646484375" lon="5.83049635402858257293701171875">
        <ele>36</ele>
        <time>2026-05-30T12:59:59.000Z</time>
        <extensions>
          <ns3:TrackPointExtension>
            <ns3:hr>170</ns3:hr>
          </ns3:TrackPointExtension>
        </extensions>
      </trkpt>
      <trkpt lat="52.0155364461243152618408203125" lon="5.83046182058751583099365234375">
        <ele>36</ele>
        <time>2026-05-30T13:00:03.000Z</time>
        <extensions>
          <ns3:TrackPointExtension>
            <ns3:hr>169</ns3:hr>
          </ns3:TrackPointExtension>
        </extensions>
      </trkpt>
      <trkpt lat="52.0155374519526958465576171875" lon="5.8304208330810070037841796875">
        <ele>35.799999237060546875</ele>
        <time>2026-05-30T13:00:05.000Z</time>
        <extensions>
          <ns3:TrackPointExtension>
            <ns3:hr>170</ns3:hr>
          </ns3:TrackPointExtension>
        </extensions>
      </trkpt>
      <trkpt lat="52.0155310817062854766845703125" lon="5.83028018474578857421875">
        <ele>35.799999237060546875</ele>
        <time>2026-05-30T13:00:12.000Z</time>
        <extensions>
          <ns3:TrackPointExtension>
            <ns3:hr>171</ns3:hr>
          </ns3:TrackPointExtension>
        </extensions>
      </trkpt>
      <trkpt lat="52.01553988270461559295654296875" lon="5.83019368350505828857421875">
        <ele>35.40000152587890625</ele>
        <time>2026-05-30T13:00:16.000Z</time>
        <extensions>
          <ns3:TrackPointExtension>
            <ns3:hr>171</ns3:hr>
          </ns3:TrackPointExtension>
        </extensions>
      </trkpt>
      <trkpt lat="52.01554834842681884765625" lon="5.83010709844529628753662109375">
        <ele>35.799999237060546875</ele>
        <time>2026-05-30T13:00:22.000Z</time>
        <extensions>
          <ns3:TrackPointExtension>
            <ns3:hr>172</ns3:hr>
          </ns3:TrackPointExtension>
        </extensions>
      </trkpt>
      <trkpt lat="52.01554390601813793182373046875" lon="5.82998656667768955230712890625">
        <ele>35.40000152587890625</ele>
        <time>2026-05-30T13:00:29.000Z</time>
        <extensions>
          <ns3:TrackPointExtension>
            <ns3:hr>171</ns3:hr>
          </ns3:TrackPointExtension>
        </extensions>
      </trkpt>
      <trkpt lat="52.01552831567823886871337890625" lon="5.82995890639722347259521484375">
        <ele>35.40000152587890625</ele>
        <time>2026-05-30T13:00:31.000Z</time>
        <extensions>
          <ns3:TrackPointExtension>
            <ns3:hr>171</ns3:hr>
          </ns3:TrackPointExtension>
        </extensions>
      </trkpt>
      <trkpt lat="52.015458829700946807861328125" lon="5.82990358583629131317138671875">
        <ele>35.200000762939453125</ele>
        <time>2026-05-30T13:00:39.000Z</time>
        <extensions>
          <ns3:TrackPointExtension>
            <ns3:hr>171</ns3:hr>
          </ns3:TrackPointExtension>
        </extensions>
      </trkpt>
      <trkpt lat="52.01534626074135303497314453125" lon="5.82984407432377338409423828125">
        <ele>34.799999237060546875</ele>
        <time>2026-05-30T13:00:49.000Z</time>
        <extensions>
          <ns3:TrackPointExtension>
            <ns3:hr>172</ns3:hr>
          </ns3:TrackPointExtension>
        </extensions>
      </trkpt>
      <trkpt lat="52.01527467928826808929443359375" lon="5.829758159816265106201171875">
        <ele>34.799999237060546875</ele>
        <time>2026-05-30T13:00:58.000Z</time>
        <extensions>
          <ns3:TrackPointExtension>
            <ns3:hr>171</ns3:hr>
          </ns3:TrackPointExtension>
        </extensions>
      </trkpt>
      <trkpt lat="52.01519429683685302734375" lon="5.8296788670122623443603515625">
        <ele>35.200000762939453125</ele>
        <time>2026-05-30T13:01:05.000Z</time>
        <extensions>
          <ns3:TrackPointExtension>
            <ns3:hr>171</ns3:hr>
          </ns3:TrackPointExtension>
        </extensions>
      </trkpt>
      <trkpt lat="52.01513453386723995208740234375" lon="5.8295611850917339324951171875">
        <ele>35.200000762939453125</ele>
        <time>2026-05-30T13:01:14.000Z</time>
        <extensions>
          <ns3:TrackPointExtension>
            <ns3:hr>172</ns3:hr>
          </ns3:TrackPointExtension>
        </extensions>
      </trkpt>
      <trkpt lat="52.015098072588443756103515625" lon="5.82948683761060237884521484375">
        <ele>35</ele>
        <time>2026-05-30T13:01:19.000Z</time>
        <extensions>
          <ns3:TrackPointExtension>
            <ns3:hr>175</ns3:hr>
          </ns3:TrackPointExtension>
        </extensions>
      </trkpt>
      <trkpt lat="52.01504602096974849700927734375" lon="5.82939262501895427703857421875">
        <ele>34.799999237060546875</ele>
        <time>2026-05-30T13:01:25.000Z</time>
        <extensions>
          <ns3:TrackPointExtension>
            <ns3:hr>174</ns3:hr>
          </ns3:TrackPointExtension>
        </extensions>
      </trkpt>
      <trkpt lat="52.0150412432849407196044921875" lon="5.829168073832988739013671875">
        <ele>35</ele>
        <time>2026-05-30T13:01:35.000Z</time>
        <extensions>
          <ns3:TrackPointExtension>
            <ns3:hr>174</ns3:hr>
          </ns3:TrackPointExtension>
        </extensions>
      </trkpt>
      <trkpt lat="52.015021629631519317626953125" lon="5.8290726877748966217041015625">
        <ele>35.200000762939453125</ele>
        <time>2026-05-30T13:01:43.000Z</time>
        <extensions>
          <ns3:TrackPointExtension>
            <ns3:hr>174</ns3:hr>
          </ns3:TrackPointExtension>
        </extensions>
      </trkpt>
      <trkpt lat="52.01500427909195423126220703125" lon="5.829068161547183990478515625">
        <ele>35</ele>
        <time>2026-05-30T13:01:45.000Z</time>
        <extensions>
          <ns3:TrackPointExtension>
            <ns3:hr>175</ns3:hr>
          </ns3:TrackPointExtension>
        </extensions>
      </trkpt>
      <trkpt lat="52.01491534709930419921875" lon="5.8290562592446804046630859375">
        <ele>35</ele>
        <time>2026-05-30T13:01:52.000Z</time>
        <extensions>
          <ns3:TrackPointExtension>
            <ns3:hr>173</ns3:hr>
          </ns3:TrackPointExtension>
        </extensions>
      </trkpt>
      <trkpt lat="52.0148410834372043609619140625" lon="5.8290190435945987701416015625">
        <ele>35.40000152587890625</ele>
        <time>2026-05-30T13:02:00.000Z</time>
        <extensions>
          <ns3:TrackPointExtension>
            <ns3:hr>172</ns3:hr>
          </ns3:TrackPointExtension>
        </extensions>
      </trkpt>
      <trkpt lat="52.0147508941590785980224609375" lon="5.82897922955453395843505859375">
        <ele>35.200000762939453125</ele>
        <time>2026-05-30T13:02:09.000Z</time>
        <extensions>
          <ns3:TrackPointExtension>
            <ns3:hr>173</ns3:hr>
          </ns3:TrackPointExtension>
        </extensions>
      </trkpt>
      <trkpt lat="52.014614604413509368896484375" lon="5.82892089150846004486083984375">
        <ele>35.200000762939453125</ele>
        <time>2026-05-30T13:02:22.000Z</time>
        <extensions>
          <ns3:TrackPointExtension>
            <ns3:hr>174</ns3:hr>
          </ns3:TrackPointExtension>
        </extensions>
      </trkpt>
      <trkpt lat="52.014525420963764190673828125" lon="5.8288701809942722320556640625">
        <ele>35.200000762939453125</ele>
        <time>2026-05-30T13:02:31.000Z</time>
        <extensions>
          <ns3:TrackPointExtension>
            <ns3:hr>171</ns3:hr>
          </ns3:TrackPointExtension>
        </extensions>
      </trkpt>
      <trkpt lat="52.0145148597657680511474609375" lon="5.82886422984302043914794921875">
        <ele>35.40000152587890625</ele>
        <time>2026-05-30T13:02:32.000Z</time>
        <extensions>
          <ns3:TrackPointExtension>
            <ns3:hr>170</ns3:hr>
          </ns3:TrackPointExtension>
        </extensions>
      </trkpt>
      <trkpt lat="52.01449767686426639556884765625" lon="5.82885802723467350006103515625">
        <ele>35.59999847412109375</ele>
        <time>2026-05-30T13:02:34.000Z</time>
        <extensions>
          <ns3:TrackPointExtension>
            <ns3:hr>167</ns3:hr>
          </ns3:TrackPointExtension>
        </extensions>
      </trkpt>
      <trkpt lat="52.01443933881819248199462890625" lon="5.82882097922265529632568359375">
        <ele>36.200000762939453125</ele>
        <time>2026-05-30T13:02:40.000Z</time>
        <extensions>
          <ns3:TrackPointExtension>
            <ns3:hr>168</ns3:hr>
          </ns3:TrackPointExtension>
        </extensions>
      </trkpt>
      <trkpt lat="52.01436708681285381317138671875" lon="5.82875526510179042816162109375">
        <ele>36.59999847412109375</ele>
        <time>2026-05-30T13:02:46.000Z</time>
        <extensions>
          <ns3:TrackPointExtension>
            <ns3:hr>170</ns3:hr>
          </ns3:TrackPointExtension>
        </extensions>
      </trkpt>
      <trkpt lat="52.014320231974124908447265625" lon="5.8287213183939456939697265625">
        <ele>36.799999237060546875</ele>
        <time>2026-05-30T13:02:50.000Z</time>
        <extensions>
          <ns3:TrackPointExtension>
            <ns3:hr>171</ns3:hr>
          </ns3:TrackPointExtension>
        </extensions>
      </trkpt>
      <trkpt lat="52.01426298357546329498291015625" lon="5.8287025429308414459228515625">
        <ele>37.200000762939453125</ele>
        <time>2026-05-30T13:02:55.000Z</time>
        <extensions>
          <ns3:TrackPointExtension>
            <ns3:hr>174</ns3:hr>
          </ns3:TrackPointExtension>
        </extensions>
      </trkpt>
      <trkpt lat="52.0142193138599395751953125" lon="5.82868686877191066741943359375">
        <ele>37</ele>
        <time>2026-05-30T13:02:58.000Z</time>
        <extensions>
          <ns3:TrackPointExtension>
            <ns3:hr>176</ns3:hr>
          </ns3:TrackPointExtension>
        </extensions>
      </trkpt>
      <trkpt lat="52.0141254365444183349609375" lon="5.82864060066640377044677734375">
        <ele>37.200000762939453125</ele>
        <time>2026-05-30T13:03:08.000Z</time>
        <extensions>
          <ns3:TrackPointExtension>
            <ns3:hr>177</ns3:hr>
          </ns3:TrackPointExtension>
        </extensions>
      </trkpt>
      <trkpt lat="52.01406885869801044464111328125" lon="5.8286254294216632843017578125">
        <ele>37.59999847412109375</ele>
        <time>2026-05-30T13:03:13.000Z</time>
        <extensions>
          <ns3:TrackPointExtension>
            <ns3:hr>177</ns3:hr>
          </ns3:TrackPointExtension>
        </extensions>
      </trkpt>
      <trkpt lat="52.01402057893574237823486328125" lon="5.82860589958727359771728515625">
        <ele>37.40000152587890625</ele>
        <time>2026-05-30T13:03:17.000Z</time>
        <extensions>
          <ns3:TrackPointExtension>
            <ns3:hr>178</ns3:hr>
          </ns3:TrackPointExtension>
        </extensions>
      </trkpt>
      <trkpt lat="52.01392116956412792205810546875" lon="5.82854940555989742279052734375">
        <ele>37.59999847412109375</ele>
        <time>2026-05-30T13:03:26.000Z</time>
        <extensions>
          <ns3:TrackPointExtension>
            <ns3:hr>177</ns3:hr>
          </ns3:TrackPointExtension>
        </extensions>
      </trkpt>
      <trkpt lat="52.01382528059184551239013671875" lon="5.82850783132016658782958984375">
        <ele>37.40000152587890625</ele>
        <time>2026-05-30T13:03:35.000Z</time>
        <extensions>
          <ns3:TrackPointExtension>
            <ns3:hr>178</ns3:hr>
          </ns3:TrackPointExtension>
        </extensions>
      </trkpt>
      <trkpt lat="52.0136957801878452301025390625" lon="5.82840372808277606964111328125">
        <ele>36.59999847412109375</ele>
        <time>2026-05-30T13:03:46.000Z</time>
        <extensions>
          <ns3:TrackPointExtension>
            <ns3:hr>178</ns3:hr>
          </ns3:TrackPointExtension>
        </extensions>
      </trkpt>
      <trkpt lat="52.0136612467467784881591796875" lon="5.82827867008745670318603515625">
        <ele>37.200000762939453125</ele>
        <time>2026-05-30T13:03:55.000Z</time>
        <extensions>
          <ns3:TrackPointExtension>
            <ns3:hr>178</ns3:hr>
          </ns3:TrackPointExtension>
        </extensions>
      </trkpt>
      <trkpt lat="52.01367415487766265869140625" lon="5.8282616548240184783935546875">
        <ele>37.200000762939453125</ele>
        <time>2026-05-30T13:04:04.000Z</time>
        <extensions>
          <ns3:TrackPointExtension>
            <ns3:hr>179</ns3:hr>
          </ns3:TrackPointExtension>
        </extensions>
      </trkpt>
      <trkpt lat="52.0137209258973598480224609375" lon="5.828150846064090728759765625">
        <ele>37</ele>
        <time>2026-05-30T13:04:12.000Z</time>
        <extensions>
          <ns3:TrackPointExtension>
            <ns3:hr>179</ns3:hr>
          </ns3:TrackPointExtension>
        </extensions>
      </trkpt>
      <trkpt lat="52.01374984346330165863037109375" lon="5.82808437757194042205810546875">
        <ele>37</ele>
        <time>2026-05-30T13:04:20.000Z</time>
        <extensions>
          <ns3:TrackPointExtension>
            <ns3:hr>178</ns3:hr>
          </ns3:TrackPointExtension>
        </extensions>
      </trkpt>
      <trkpt lat="52.0137581415474414825439453125" lon="5.82802738063037395477294921875">
        <ele>36.799999237060546875</ele>
        <time>2026-05-30T13:04:24.000Z</time>
        <extensions>
          <ns3:TrackPointExtension>
            <ns3:hr>175</ns3:hr>
          </ns3:TrackPointExtension>
        </extensions>
      </trkpt>
      <trkpt lat="52.0137901604175567626953125" lon="5.8279129676520824432373046875">
        <ele>37.200000762939453125</ele>
        <time>2026-05-30T13:04:31.000Z</time>
        <extensions>
          <ns3:TrackPointExtension>
            <ns3:hr>175</ns3:hr>
          </ns3:TrackPointExtension>
        </extensions>
      </trkpt>
      <trkpt lat="52.013839781284332275390625" lon="5.82779000513255596160888671875">
        <ele>38.200000762939453125</ele>
        <time>2026-05-30T13:04:40.000Z</time>
        <extensions>
          <ns3:TrackPointExtension>
            <ns3:hr>174</ns3:hr>
          </ns3:TrackPointExtension>
        </extensions>
      </trkpt>
      <trkpt lat="52.01389719732105731964111328125" lon="5.8276824653148651123046875">
        <ele>38.40000152587890625</ele>
        <time>2026-05-30T13:04:47.000Z</time>
        <extensions>
          <ns3:TrackPointExtension>
            <ns3:hr>177</ns3:hr>
          </ns3:TrackPointExtension>
        </extensions>
      </trkpt>
      <trkpt lat="52.01390809379518032073974609375" lon="5.8276393823325634002685546875">
        <ele>38.59999847412109375</ele>
        <time>2026-05-30T13:04:51.000Z</time>
        <extensions>
          <ns3:TrackPointExtension>
            <ns3:hr>178</ns3:hr>
          </ns3:TrackPointExtension>
        </extensions>
      </trkpt>
      <trkpt lat="52.01392971910536289215087890625" lon="5.82749538123607635498046875">
        <ele>38.40000152587890625</ele>
        <time>2026-05-30T13:04:59.000Z</time>
        <extensions>
          <ns3:TrackPointExtension>
            <ns3:hr>179</ns3:hr>
          </ns3:TrackPointExtension>
        </extensions>
      </trkpt>
      <trkpt lat="52.01394782401621341705322265625" lon="5.8272846601903438568115234375">
        <ele>37.40000152587890625</ele>
        <time>2026-05-30T13:05:08.000Z</time>
        <extensions>
          <ns3:TrackPointExtension>
            <ns3:hr>177</ns3:hr>
          </ns3:TrackPointExtension>
        </extensions>
      </trkpt>
      <trkpt lat="52.01398436911404132843017578125" lon="5.8271106518805027008056640625">
        <ele>37.200000762939453125</ele>
        <time>2026-05-30T13:05:19.000Z</time>
        <extensions>
          <ns3:TrackPointExtension>
            <ns3:hr>176</ns3:hr>
          </ns3:TrackPointExtension>
        </extensions>
      </trkpt>
      <trkpt lat="52.014017142355442047119140625" lon="5.8269031159579753875732421875">
        <ele>37.200000762939453125</ele>
        <time>2026-05-30T13:05:29.000Z</time>
        <extensions>
          <ns3:TrackPointExtension>
            <ns3:hr>176</ns3:hr>
          </ns3:TrackPointExtension>
        </extensions>
      </trkpt>
      <trkpt lat="52.01398554258048534393310546875" lon="5.826774202287197113037109375">
        <ele>37.40000152587890625</ele>
        <time>2026-05-30T13:05:38.000Z</time>
        <extensions>
          <ns3:TrackPointExtension>
            <ns3:hr>176</ns3:hr>
          </ns3:TrackPointExtension>
        </extensions>
      </trkpt>
      <trkpt lat="52.013931311666965484619140625" lon="5.826581753790378570556640625">
        <ele>38.200000762939453125</ele>
        <time>2026-05-30T13:05:50.000Z</time>
        <extensions>
          <ns3:TrackPointExtension>
            <ns3:hr>176</ns3:hr>
          </ns3:TrackPointExtension>
        </extensions>
      </trkpt>
      <trkpt lat="52.01388495974242687225341796875" lon="5.82641269080340862274169921875">
        <ele>38.59999847412109375</ele>
        <time>2026-05-30T13:06:00.000Z</time>
        <extensions>
          <ns3:TrackPointExtension>
            <ns3:hr>177</ns3:hr>
          </ns3:TrackPointExtension>
        </extensions>
      </trkpt>
      <trkpt lat="52.013874314725399017333984375" lon="5.82639835774898529052734375">
        <ele>38.59999847412109375</ele>
        <time>2026-05-30T13:06:02.000Z</time>
        <extensions>
          <ns3:TrackPointExtension>
            <ns3:hr>177</ns3:hr>
          </ns3:TrackPointExtension>
        </extensions>
      </trkpt>
      <trkpt lat="52.01382796280086040496826171875" lon="5.82637094892561435699462890625">
        <ele>38.59999847412109375</ele>
        <time>2026-05-30T13:06:07.000Z</time>
        <extensions>
          <ns3:TrackPointExtension>
            <ns3:hr>177</ns3:hr>
          </ns3:TrackPointExtension>
        </extensions>
      </trkpt>
      <trkpt lat="52.01371732167899608612060546875" lon="5.8262375928461551666259765625">
        <ele>38.59999847412109375</ele>
        <time>2026-05-30T13:06:17.000Z</time>
        <extensions>
          <ns3:TrackPointExtension>
            <ns3:hr>178</ns3:hr>
          </ns3:TrackPointExtension>
        </extensions>
      </trkpt>
      <trkpt lat="52.01370039023458957672119140625" lon="5.82615134306252002716064453125">
        <ele>38.799999237060546875</ele>
        <time>2026-05-30T13:06:21.000Z</time>
        <extensions>
          <ns3:TrackPointExtension>
            <ns3:hr>178</ns3:hr>
          </ns3:TrackPointExtension>
        </extensions>
      </trkpt>
      <trkpt lat="52.0137138850986957550048828125" lon="5.8260723017156124114990234375">
        <ele>39</ele>
        <time>2026-05-30T13:06:25.000Z</time>
        <extensions>
          <ns3:TrackPointExtension>
            <ns3:hr>177</ns3:hr>
          </ns3:TrackPointExtension>
        </extensions>
      </trkpt>
      <trkpt lat="52.013736851513385772705078125" lon="5.82591430284082889556884765625">
        <ele>39.200000762939453125</ele>
        <time>2026-05-30T13:06:34.000Z</time>
        <extensions>
          <ns3:TrackPointExtension>
            <ns3:hr>177</ns3:hr>
          </ns3:TrackPointExtension>
        </extensions>
      </trkpt>
      <trkpt lat="52.0138265378773212432861328125" lon="5.82577717490494251251220703125">
        <ele>39</ele>
        <time>2026-05-30T13:06:44.000Z</time>
        <extensions>
          <ns3:TrackPointExtension>
            <ns3:hr>177</ns3:hr>
          </ns3:TrackPointExtension>
        </extensions>
      </trkpt>
      <trkpt lat="52.0139854587614536285400390625" lon="5.82578656263649463653564453125">
        <ele>38.59999847412109375</ele>
        <time>2026-05-30T13:06:53.000Z</time>
        <extensions>
          <ns3:TrackPointExtension>
            <ns3:hr>176</ns3:hr>
          </ns3:TrackPointExtension>
        </extensions>
      </trkpt>
      <trkpt lat="52.0140652544796466827392578125" lon="5.82578203640878200531005859375">
        <ele>38.59999847412109375</ele>
        <time>2026-05-30T13:07:02.000Z</time>
        <extensions>
          <ns3:TrackPointExtension>
            <ns3:hr>176</ns3:hr>
          </ns3:TrackPointExtension>
        </extensions>
      </trkpt>
      <trkpt lat="52.014137841761112213134765625" lon="5.8257118798792362213134765625">
        <ele>38.200000762939453125</ele>
        <time>2026-05-30T13:07:12.000Z</time>
        <extensions>
          <ns3:TrackPointExtension>
            <ns3:hr>175</ns3:hr>
          </ns3:TrackPointExtension>
        </extensions>
      </trkpt>
      <trkpt lat="52.0141775719821453094482421875" lon="5.82560853101313114166259765625">
        <ele>38.200000762939453125</ele>
        <time>2026-05-30T13:07:20.000Z</time>
        <extensions>
          <ns3:TrackPointExtension>
            <ns3:hr>174</ns3:hr>
          </ns3:TrackPointExtension>
        </extensions>
      </trkpt>
      <trkpt lat="52.0142489857971668243408203125" lon="5.82548833452165126800537109375">
        <ele>38.799999237060546875</ele>
        <time>2026-05-30T13:07:29.000Z</time>
        <extensions>
          <ns3:TrackPointExtension>
            <ns3:hr>172</ns3:hr>
          </ns3:TrackPointExtension>
        </extensions>
      </trkpt>
      <trkpt lat="52.01435015536844730377197265625" lon="5.82538087852299213409423828125">
        <ele>39.59999847412109375</ele>
        <time>2026-05-30T13:07:39.000Z</time>
        <extensions>
          <ns3:TrackPointExtension>
            <ns3:hr>174</ns3:hr>
          </ns3:TrackPointExtension>
        </extensions>
      </trkpt>
      <trkpt lat="52.014433555305004119873046875" lon="5.82533888518810272216796875">
        <ele>39</ele>
        <time>2026-05-30T13:07:44.000Z</time>
        <extensions>
          <ns3:TrackPointExtension>
            <ns3:hr>177</ns3:hr>
          </ns3:TrackPointExtension>
        </extensions>
      </trkpt>
      <trkpt lat="52.01452500186860561370849609375" lon="5.82535925321280956268310546875">
        <ele>38.200000762939453125</ele>
        <time>2026-05-30T13:07:50.000Z</time>
        <extensions>
          <ns3:TrackPointExtension>
            <ns3:hr>176</ns3:hr>
          </ns3:TrackPointExtension>
        </extensions>
      </trkpt>
      <trkpt lat="52.0146016962826251983642578125" lon="5.82545799203217029571533203125">
        <ele>37.799999237060546875</ele>
        <time>2026-05-30T13:07:57.000Z</time>
        <extensions>
          <ns3:TrackPointExtension>
            <ns3:hr>177</ns3:hr>
          </ns3:TrackPointExtension>
        </extensions>
      </trkpt>
      <trkpt lat="52.014651484787464141845703125" lon="5.82555212080478668212890625">
        <ele>38.200000762939453125</ele>
        <time>2026-05-30T13:08:04.000Z</time>
        <extensions>
          <ns3:TrackPointExtension>
            <ns3:hr>177</ns3:hr>
          </ns3:TrackPointExtension>
        </extensions>
      </trkpt>
      <trkpt lat="52.014725245535373687744140625" lon="5.82560366950929164886474609375">
        <ele>37.59999847412109375</ele>
        <time>2026-05-30T13:08:11.000Z</time>
        <extensions>
          <ns3:TrackPointExtension>
            <ns3:hr>176</ns3:hr>
          </ns3:TrackPointExtension>
        </extensions>
      </trkpt>
      <trkpt lat="52.01473941095173358917236328125" lon="5.825612805783748626708984375">
        <ele>37.59999847412109375</ele>
        <time>2026-05-30T13:08:12.000Z</time>
        <extensions>
          <ns3:TrackPointExtension>
            <ns3:hr>176</ns3:hr>
          </ns3:TrackPointExtension>
        </extensions>
      </trkpt>
      <trkpt lat="52.01482825912535190582275390625" lon="5.82571313716471195220947265625">
        <ele>37.200000762939453125</ele>
        <time>2026-05-30T13:08:19.000Z</time>
        <extensions>
          <ns3:TrackPointExtension>
            <ns3:hr>175</ns3:hr>
          </ns3:TrackPointExtension>
        </extensions>
      </trkpt>
      <trkpt lat="52.01492733322083950042724609375" lon="5.82578639499843120574951171875">
        <ele>37</ele>
        <time>2026-05-30T13:08:27.000Z</time>
        <extensions>
          <ns3:TrackPointExtension>
            <ns3:hr>173</ns3:hr>
          </ns3:TrackPointExtension>
        </extensions>
      </trkpt>
      <trkpt lat="52.0150016807019710540771484375" lon="5.8258151449263095855712890625">
        <ele>36.799999237060546875</ele>
        <time>2026-05-30T13:08:35.000Z</time>
        <extensions>
          <ns3:TrackPointExtension>
            <ns3:hr>171</ns3:hr>
          </ns3:TrackPointExtension>
        </extensions>
      </trkpt>
      <trkpt lat="52.0150814764201641082763671875" lon="5.82582478411495685577392578125">
        <ele>36.59999847412109375</ele>
        <time>2026-05-30T13:08:42.000Z</time>
        <extensions>
          <ns3:TrackPointExtension>
            <ns3:hr>171</ns3:hr>
          </ns3:TrackPointExtension>
        </extensions>
      </trkpt>
      <trkpt lat="52.015111148357391357421875" lon="5.82584070973098278045654296875">
        <ele>36.40000152587890625</ele>
        <time>2026-05-30T13:08:44.000Z</time>
        <extensions>
          <ns3:TrackPointExtension>
            <ns3:hr>171</ns3:hr>
          </ns3:TrackPointExtension>
        </extensions>
      </trkpt>
      <trkpt lat="52.0152031816542148590087890625" lon="5.8259318210184574127197265625">
        <ele>35.799999237060546875</ele>
        <time>2026-05-30T13:08:52.000Z</time>
        <extensions>
          <ns3:TrackPointExtension>
            <ns3:hr>172</ns3:hr>
          </ns3:TrackPointExtension>
        </extensions>
      </trkpt>
      <trkpt lat="52.015240900218486785888671875" lon="5.82597716711461544036865234375">
        <ele>35.40000152587890625</ele>
        <time>2026-05-30T13:08:58.000Z</time>
        <extensions>
          <ns3:TrackPointExtension>
            <ns3:hr>171</ns3:hr>
          </ns3:TrackPointExtension>
        </extensions>
      </trkpt>
      <trkpt lat="52.01524802483618259429931640625" lon="5.82598521374166011810302734375">
        <ele>35.40000152587890625</ele>
        <time>2026-05-30T13:08:59.000Z</time>
        <extensions>
          <ns3:TrackPointExtension>
            <ns3:hr>171</ns3:hr>
          </ns3:TrackPointExtension>
        </extensions>
      </trkpt>
      <trkpt lat="52.01535648666322231292724609375" lon="5.82606702111661434173583984375">
        <ele>35.200000762939453125</ele>
        <time>2026-05-30T13:09:07.000Z</time>
        <extensions>
          <ns3:TrackPointExtension>
            <ns3:hr>172</ns3:hr>
          </ns3:TrackPointExtension>
        </extensions>
      </trkpt>
      <trkpt lat="52.01544533483684062957763671875" lon="5.8261742256581783294677734375">
        <ele>35.40000152587890625</ele>
        <time>2026-05-30T13:09:15.000Z</time>
        <extensions>
          <ns3:TrackPointExtension>
            <ns3:hr>168</ns3:hr>
          </ns3:TrackPointExtension>
        </extensions>
      </trkpt>
      <trkpt lat="52.0155324228107929229736328125" lon="5.826243460178375244140625">
        <ele>35.200000762939453125</ele>
        <time>2026-05-30T13:09:23.000Z</time>
        <extensions>
          <ns3:TrackPointExtension>
            <ns3:hr>170</ns3:hr>
          </ns3:TrackPointExtension>
        </extensions>
      </trkpt>
      <trkpt lat="52.01561800204217433929443359375" lon="5.8263264410197734832763671875">
        <ele>35</ele>
        <time>2026-05-30T13:09:30.000Z</time>
        <extensions>
          <ns3:TrackPointExtension>
            <ns3:hr>172</ns3:hr>
          </ns3:TrackPointExtension>
        </extensions>
      </trkpt>
      <trkpt lat="52.01567173004150390625" lon="5.8265141956508159637451171875">
        <ele>34.799999237060546875</ele>
        <time>2026-05-30T13:09:39.000Z</time>
        <extensions>
          <ns3:TrackPointExtension>
            <ns3:hr>173</ns3:hr>
          </ns3:TrackPointExtension>
        </extensions>
      </trkpt>
      <trkpt lat="52.0156514458358287811279296875" lon="5.82664285786449909210205078125">
        <ele>35.799999237060546875</ele>
        <time>2026-05-30T13:09:47.000Z</time>
        <extensions>
          <ns3:TrackPointExtension>
            <ns3:hr>173</ns3:hr>
          </ns3:TrackPointExtension>
        </extensions>
      </trkpt>
      <trkpt lat="52.0156033337116241455078125" lon="5.82677294500172138214111328125">
        <ele>36.200000762939453125</ele>
        <time>2026-05-30T13:09:55.000Z</time>
        <extensions>
          <ns3:TrackPointExtension>
            <ns3:hr>174</ns3:hr>
          </ns3:TrackPointExtension>
        </extensions>
      </trkpt>
      <trkpt lat="52.0155751705169677734375" lon="5.826895236968994140625">
        <ele>36.200000762939453125</ele>
        <time>2026-05-30T13:10:02.000Z</time>
        <extensions>
          <ns3:TrackPointExtension>
            <ns3:hr>176</ns3:hr>
          </ns3:TrackPointExtension>
        </extensions>
      </trkpt>
      <trkpt lat="52.0155324228107929229736328125" lon="5.827053822576999664306640625">
        <ele>36.200000762939453125</ele>
        <time>2026-05-30T13:10:11.000Z</time>
        <extensions>
          <ns3:TrackPointExtension>
            <ns3:hr>177</ns3:hr>
          </ns3:TrackPointExtension>
        </extensions>
      </trkpt>
      <trkpt lat="52.01549939811229705810546875" lon="5.8272082172334194183349609375">
        <ele>36.59999847412109375</ele>
        <time>2026-05-30T13:10:21.000Z</time>
        <extensions>
          <ns3:TrackPointExtension>
            <ns3:hr>177</ns3:hr>
          </ns3:TrackPointExtension>
        </extensions>
      </trkpt>
      <trkpt lat="52.015475593507289886474609375" lon="5.82736219279468059539794921875">
        <ele>36.40000152587890625</ele>
        <time>2026-05-30T13:10:29.000Z</time>
        <extensions>
          <ns3:TrackPointExtension>
            <ns3:hr>177</ns3:hr>
          </ns3:TrackPointExtension>
        </extensions>
      </trkpt>
      <trkpt lat="52.0154382102191448211669921875" lon="5.82754894159734249114990234375">
        <ele>36.59999847412109375</ele>
        <time>2026-05-30T13:10:40.000Z</time>
        <extensions>
          <ns3:TrackPointExtension>
            <ns3:hr>177</ns3:hr>
          </ns3:TrackPointExtension>
        </extensions>
      </trkpt>
      <trkpt lat="52.01540007255971431732177734375" lon="5.827700234949588775634765625">
        <ele>36.59999847412109375</ele>
        <time>2026-05-30T13:10:48.000Z</time>
        <extensions>
          <ns3:TrackPointExtension>
            <ns3:hr>178</ns3:hr>
          </ns3:TrackPointExtension>
        </extensions>
      </trkpt>
      <trkpt lat="52.015405856072902679443359375" lon="5.82783065736293792724609375">
        <ele>36.799999237060546875</ele>
        <time>2026-05-30T13:10:56.000Z</time>
        <extensions>
          <ns3:TrackPointExtension>
            <ns3:hr>178</ns3:hr>
          </ns3:TrackPointExtension>
        </extensions>
      </trkpt>
      <trkpt lat="52.01548137702047824859619140625" lon="5.82787952385842800140380859375">
        <ele>36.59999847412109375</ele>
        <time>2026-05-30T13:11:03.000Z</time>
        <extensions>
          <ns3:TrackPointExtension>
            <ns3:hr>179</ns3:hr>
          </ns3:TrackPointExtension>
        </extensions>
      </trkpt>
      <trkpt lat="52.0155632682144641876220703125" lon="5.82791673950850963592529296875">
        <ele>37</ele>
        <time>2026-05-30T13:11:09.000Z</time>
        <extensions>
          <ns3:TrackPointExtension>
            <ns3:hr>176</ns3:hr>
          </ns3:TrackPointExtension>
        </extensions>
      </trkpt>
      <trkpt lat="52.01557089574635028839111328125" lon="5.8279243670403957366943359375">
        <ele>36.799999237060546875</ele>
        <time>2026-05-30T13:11:10.000Z</time>
        <extensions>
          <ns3:TrackPointExtension>
            <ns3:hr>177</ns3:hr>
          </ns3:TrackPointExtension>
        </extensions>
      </trkpt>
      <trkpt lat="52.015668042004108428955078125" lon="5.82800659351050853729248046875">
        <ele>36.40000152587890625</ele>
        <time>2026-05-30T13:11:19.000Z</time>
        <extensions>
          <ns3:TrackPointExtension>
            <ns3:hr>179</ns3:hr>
          </ns3:TrackPointExtension>
        </extensions>
      </trkpt>
      <trkpt lat="52.01572604477405548095703125" lon="5.82811270840466022491455078125">
        <ele>36</ele>
        <time>2026-05-30T13:11:26.000Z</time>
        <extensions>
          <ns3:TrackPointExtension>
            <ns3:hr>179</ns3:hr>
          </ns3:TrackPointExtension>
        </extensions>
      </trkpt>
      <trkpt lat="52.0158120431005954742431640625" lon="5.82820407114923000335693359375">
        <ele>36</ele>
        <time>2026-05-30T13:11:36.000Z</time>
        <extensions>
          <ns3:TrackPointExtension>
            <ns3:hr>178</ns3:hr>
          </ns3:TrackPointExtension>
        </extensions>
      </trkpt>
      <trkpt lat="52.01591958291828632354736328125" lon="5.828303731977939605712890625">
        <ele>35.59999847412109375</ele>
        <time>2026-05-30T13:11:45.000Z</time>
        <extensions>
          <ns3:TrackPointExtension>
            <ns3:hr>178</ns3:hr>
          </ns3:TrackPointExtension>
        </extensions>
      </trkpt>
      <trkpt lat="52.01596132479608058929443359375" lon="5.8283501677215099334716796875">
        <ele>35.59999847412109375</ele>
        <time>2026-05-30T13:11:50.000Z</time>
        <extensions>
          <ns3:TrackPointExtension>
            <ns3:hr>177</ns3:hr>
          </ns3:TrackPointExtension>
        </extensions>
      </trkpt>
      <trkpt lat="52.01600558124482631683349609375" lon="5.8283833600580692291259765625">
        <ele>35.59999847412109375</ele>
        <time>2026-05-30T13:11:54.000Z</time>
        <extensions>
          <ns3:TrackPointExtension>
            <ns3:hr>178</ns3:hr>
          </ns3:TrackPointExtension>
        </extensions>
      </trkpt>
      <trkpt lat="52.01610918156802654266357421875" lon="5.82845452241599559783935546875">
        <ele>35.200000762939453125</ele>
        <time>2026-05-30T13:12:03.000Z</time>
        <extensions>
          <ns3:TrackPointExtension>
            <ns3:hr>178</ns3:hr>
          </ns3:TrackPointExtension>
        </extensions>
      </trkpt>
      <trkpt lat="52.0162351615726947784423828125" lon="5.82857170142233371734619140625">
        <ele>34.59999847412109375</ele>
        <time>2026-05-30T13:12:15.000Z</time>
        <extensions>
          <ns3:TrackPointExtension>
            <ns3:hr>178</ns3:hr>
          </ns3:TrackPointExtension>
        </extensions>
      </trkpt>
      <trkpt lat="52.0162539370357990264892578125" lon="5.8285810053348541259765625">
        <ele>34.59999847412109375</ele>
        <time>2026-05-30T13:12:17.000Z</time>
        <extensions>
          <ns3:TrackPointExtension>
            <ns3:hr>177</ns3:hr>
          </ns3:TrackPointExtension>
        </extensions>
      </trkpt>
      <trkpt lat="52.01635594479739665985107421875" lon="5.82865417934954166412353515625">
        <ele>34.40000152587890625</ele>
        <time>2026-05-30T13:12:24.000Z</time>
        <extensions>
          <ns3:TrackPointExtension>
            <ns3:hr>177</ns3:hr>
          </ns3:TrackPointExtension>
        </extensions>
      </trkpt>
      <trkpt lat="52.0164616405963897705078125" lon="5.828775800764560699462890625">
        <ele>34</ele>
        <time>2026-05-30T13:12:35.000Z</time>
        <extensions>
          <ns3:TrackPointExtension>
            <ns3:hr>178</ns3:hr>
          </ns3:TrackPointExtension>
        </extensions>
      </trkpt>
      <trkpt lat="52.016567252576351165771484375" lon="5.828869342803955078125">
        <ele>33.799999237060546875</ele>
        <time>2026-05-30T13:12:44.000Z</time>
        <extensions>
          <ns3:TrackPointExtension>
            <ns3:hr>177</ns3:hr>
          </ns3:TrackPointExtension>
        </extensions>
      </trkpt>
      <trkpt lat="52.01661385595798492431640625" lon="5.82879901863634586334228515625">
        <ele>33.59999847412109375</ele>
        <time>2026-05-30T13:12:53.000Z</time>
        <extensions>
          <ns3:TrackPointExtension>
            <ns3:hr>177</ns3:hr>
          </ns3:TrackPointExtension>
        </extensions>
      </trkpt>
      <trkpt lat="52.0166545920073986053466796875" lon="5.82862048409879207611083984375">
        <ele>33.59999847412109375</ele>
        <time>2026-05-30T13:13:02.000Z</time>
        <extensions>
          <ns3:TrackPointExtension>
            <ns3:hr>176</ns3:hr>
          </ns3:TrackPointExtension>
        </extensions>
      </trkpt>
      <trkpt lat="52.01666481792926788330078125" lon="5.8285587094724178314208984375">
        <ele>33.59999847412109375</ele>
        <time>2026-05-30T13:13:05.000Z</time>
        <extensions>
          <ns3:TrackPointExtension>
            <ns3:hr>176</ns3:hr>
          </ns3:TrackPointExtension>
        </extensions>
      </trkpt>
      <trkpt lat="52.01669859699904918670654296875" lon="5.828424431383609771728515625">
        <ele>33.59999847412109375</ele>
        <time>2026-05-30T13:13:13.000Z</time>
        <extensions>
          <ns3:TrackPointExtension>
            <ns3:hr>176</ns3:hr>
          </ns3:TrackPointExtension>
        </extensions>
      </trkpt>
      <trkpt lat="52.0167513191699981689453125" lon="5.82827112637460231781005859375">
        <ele>34.200000762939453125</ele>
        <time>2026-05-30T13:13:21.000Z</time>
        <extensions>
          <ns3:TrackPointExtension>
            <ns3:hr>177</ns3:hr>
          </ns3:TrackPointExtension>
        </extensions>
      </trkpt>
      <trkpt lat="52.0168031193315982818603515625" lon="5.8281389437615871429443359375">
        <ele>33.40000152587890625</ele>
        <time>2026-05-30T13:13:29.000Z</time>
        <extensions>
          <ns3:TrackPointExtension>
            <ns3:hr>178</ns3:hr>
          </ns3:TrackPointExtension>
        </extensions>
      </trkpt>
      <trkpt lat="52.01684276573359966278076171875" lon="5.82795529626309871673583984375">
        <ele>33.799999237060546875</ele>
        <time>2026-05-30T13:13:39.000Z</time>
        <extensions>
          <ns3:TrackPointExtension>
            <ns3:hr>179</ns3:hr>
          </ns3:TrackPointExtension>
        </extensions>
      </trkpt>
      <trkpt lat="52.016909904778003692626953125" lon="5.8277734927833080291748046875">
        <ele>34</ele>
        <time>2026-05-30T13:13:49.000Z</time>
        <extensions>
          <ns3:TrackPointExtension>
            <ns3:hr>178</ns3:hr>
          </ns3:TrackPointExtension>
        </extensions>
      </trkpt>
      <trkpt lat="52.01694904826581478118896484375" lon="5.8276771008968353271484375">
        <ele>34.200000762939453125</ele>
        <time>2026-05-30T13:13:55.000Z</time>
        <extensions>
          <ns3:TrackPointExtension>
            <ns3:hr>179</ns3:hr>
          </ns3:TrackPointExtension>
        </extensions>
      </trkpt>
      <trkpt lat="52.01696950010955333709716796875" lon="5.82760090939700603485107421875">
        <ele>34.40000152587890625</ele>
        <time>2026-05-30T13:14:00.000Z</time>
        <extensions>
          <ns3:TrackPointExtension>
            <ns3:hr>178</ns3:hr>
          </ns3:TrackPointExtension>
        </extensions>
      </trkpt>
      <trkpt lat="52.01697654090821743011474609375" lon="5.82752647809684276580810546875">
        <ele>34.59999847412109375</ele>
        <time>2026-05-30T13:14:04.000Z</time>
        <extensions>
          <ns3:TrackPointExtension>
            <ns3:hr>178</ns3:hr>
          </ns3:TrackPointExtension>
        </extensions>
      </trkpt>
      <trkpt lat="52.01698911376297473907470703125" lon="5.827456153929233551025390625">
        <ele>35</ele>
        <time>2026-05-30T13:14:09.000Z</time>
        <extensions>
          <ns3:TrackPointExtension>
            <ns3:hr>178</ns3:hr>
          </ns3:TrackPointExtension>
        </extensions>
      </trkpt>
      <trkpt lat="52.0170331187546253204345703125" lon="5.82732061855494976043701171875">
        <ele>35</ele>
        <time>2026-05-30T13:14:17.000Z</time>
        <extensions>
          <ns3:TrackPointExtension>
            <ns3:hr>179</ns3:hr>
          </ns3:TrackPointExtension>
        </extensions>
      </trkpt>
      <trkpt lat="52.01707930304110050201416015625" lon="5.8271522261202335357666015625">
        <ele>35.59999847412109375</ele>
        <time>2026-05-30T13:14:27.000Z</time>
        <extensions>
          <ns3:TrackPointExtension>
            <ns3:hr>180</ns3:hr>
          </ns3:TrackPointExtension>
        </extensions>
      </trkpt>
      <trkpt lat="52.01708324253559112548828125" lon="5.82713588140904903411865234375">
        <ele>35.59999847412109375</ele>
        <time>2026-05-30T13:14:28.000Z</time>
        <extensions>
          <ns3:TrackPointExtension>
            <ns3:hr>180</ns3:hr>
          </ns3:TrackPointExtension>
        </extensions>
      </trkpt>
      <trkpt lat="52.0171373896300792694091796875" lon="5.82694686949253082275390625">
        <ele>36.200000762939453125</ele>
        <time>2026-05-30T13:14:39.000Z</time>
        <extensions>
          <ns3:TrackPointExtension>
            <ns3:hr>181</ns3:hr>
          </ns3:TrackPointExtension>
        </extensions>
      </trkpt>
      <trkpt lat="52.01717770658433437347412109375" lon="5.8267998509109020233154296875">
        <ele>36.59999847412109375</ele>
        <time>2026-05-30T13:14:49.000Z</time>
        <extensions>
          <ns3:TrackPointExtension>
            <ns3:hr>181</ns3:hr>
          </ns3:TrackPointExtension>
        </extensions>
      </trkpt>
      <trkpt lat="52.01718307100236415863037109375" lon="5.82678384147584438323974609375">
        <ele>36.59999847412109375</ele>
        <time>2026-05-30T13:14:50.000Z</time>
        <extensions>
          <ns3:TrackPointExtension>
            <ns3:hr>181</ns3:hr>
          </ns3:TrackPointExtension>
        </extensions>
      </trkpt>
      <trkpt lat="52.01725515536963939666748046875" lon="5.8266364037990570068359375">
        <ele>36.799999237060546875</ele>
        <time>2026-05-30T13:14:59.000Z</time>
        <extensions>
          <ns3:TrackPointExtension>
            <ns3:hr>181</ns3:hr>
          </ns3:TrackPointExtension>
        </extensions>
      </trkpt>
      <trkpt lat="52.01731215231120586395263671875" lon="5.82648209296166896820068359375">
        <ele>37</ele>
        <time>2026-05-30T13:15:09.000Z</time>
        <extensions>
          <ns3:TrackPointExtension>
            <ns3:hr>180</ns3:hr>
          </ns3:TrackPointExtension>
        </extensions>
      </trkpt>
      <trkpt lat="52.017357163131237030029296875" lon="5.82623474299907684326171875">
        <ele>37.200000762939453125</ele>
        <time>2026-05-30T13:15:21.000Z</time>
        <extensions>
          <ns3:TrackPointExtension>
            <ns3:hr>182</ns3:hr>
          </ns3:TrackPointExtension>
        </extensions>
      </trkpt>
      <trkpt lat="52.01738239265978336334228515625" lon="5.82614279352128505706787109375">
        <ele>37.40000152587890625</ele>
        <time>2026-05-30T13:15:26.000Z</time>
        <extensions>
          <ns3:TrackPointExtension>
            <ns3:hr>178</ns3:hr>
          </ns3:TrackPointExtension>
        </extensions>
      </trkpt>
      <trkpt lat="52.017424218356609344482421875" lon="5.82603651098906993865966796875">
        <ele>37.40000152587890625</ele>
        <time>2026-05-30T13:15:32.000Z</time>
        <extensions>
          <ns3:TrackPointExtension>
            <ns3:hr>180</ns3:hr>
          </ns3:TrackPointExtension>
        </extensions>
      </trkpt>
      <trkpt lat="52.01747710816562175750732421875" lon="5.825882367789745330810546875">
        <ele>37.40000152587890625</ele>
        <time>2026-05-30T13:15:43.000Z</time>
        <extensions>
          <ns3:TrackPointExtension>
            <ns3:hr>180</ns3:hr>
          </ns3:TrackPointExtension>
        </extensions>
      </trkpt>
      <trkpt lat="52.0175088755786418914794921875" lon="5.82574549131095409393310546875">
        <ele>37.59999847412109375</ele>
        <time>2026-05-30T13:15:51.000Z</time>
        <extensions>
          <ns3:TrackPointExtension>
            <ns3:hr>180</ns3:hr>
          </ns3:TrackPointExtension>
        </extensions>
      </trkpt>
      <trkpt lat="52.01751776039600372314453125" lon="5.82570475526154041290283203125">
        <ele>38.200000762939453125</ele>
        <time>2026-05-30T13:15:54.000Z</time>
        <extensions>
          <ns3:TrackPointExtension>
            <ns3:hr>180</ns3:hr>
          </ns3:TrackPointExtension>
        </extensions>
      </trkpt>
      <trkpt lat="52.017559669911861419677734375" lon="5.82555480301380157470703125">
        <ele>37.59999847412109375</ele>
        <time>2026-05-30T13:16:02.000Z</time>
        <extensions>
          <ns3:TrackPointExtension>
            <ns3:hr>179</ns3:hr>
          </ns3:TrackPointExtension>
        </extensions>
      </trkpt>
      <trkpt lat="52.01762848533689975738525390625" lon="5.82539579831063747406005859375">
        <ele>37.59999847412109375</ele>
        <time>2026-05-30T13:16:11.000Z</time>
        <extensions>
          <ns3:TrackPointExtension>
            <ns3:hr>179</ns3:hr>
          </ns3:TrackPointExtension>
        </extensions>
      </trkpt>
      <trkpt lat="52.0176748372614383697509765625" lon="5.82529596984386444091796875">
        <ele>37.59999847412109375</ele>
        <time>2026-05-30T13:16:18.000Z</time>
        <extensions>
          <ns3:TrackPointExtension>
            <ns3:hr>178</ns3:hr>
          </ns3:TrackPointExtension>
        </extensions>
      </trkpt>
      <trkpt lat="52.01774717308580875396728515625" lon="5.82511081360280513763427734375">
        <ele>38</ele>
        <time>2026-05-30T13:16:28.000Z</time>
        <extensions>
          <ns3:TrackPointExtension>
            <ns3:hr>178</ns3:hr>
          </ns3:TrackPointExtension>
        </extensions>
      </trkpt>
      <trkpt lat="52.01778656803071498870849609375" lon="5.82495608367025852203369140625">
        <ele>37.59999847412109375</ele>
        <time>2026-05-30T13:16:38.000Z</time>
        <extensions>
          <ns3:TrackPointExtension>
            <ns3:hr>178</ns3:hr>
          </ns3:TrackPointExtension>
        </extensions>
      </trkpt>
      <trkpt lat="52.01780986972153186798095703125" lon="5.82482390105724334716796875">
        <ele>38</ele>
        <time>2026-05-30T13:16:47.000Z</time>
        <extensions>
          <ns3:TrackPointExtension>
            <ns3:hr>177</ns3:hr>
          </ns3:TrackPointExtension>
        </extensions>
      </trkpt>
      <trkpt lat="52.0178518630564212799072265625" lon="5.82465517334640026092529296875">
        <ele>37.799999237060546875</ele>
        <time>2026-05-30T13:16:56.000Z</time>
        <extensions>
          <ns3:TrackPointExtension>
            <ns3:hr>177</ns3:hr>
          </ns3:TrackPointExtension>
        </extensions>
      </trkpt>
      <trkpt lat="52.01788245700299739837646484375" lon="5.82451955415308475494384765625">
        <ele>38</ele>
        <time>2026-05-30T13:17:05.000Z</time>
        <extensions>
          <ns3:TrackPointExtension>
            <ns3:hr>178</ns3:hr>
          </ns3:TrackPointExtension>
        </extensions>
      </trkpt>
      <trkpt lat="52.0179393701255321502685546875" lon="5.82433984614908695220947265625">
        <ele>38</ele>
        <time>2026-05-30T13:17:15.000Z</time>
        <extensions>
          <ns3:TrackPointExtension>
            <ns3:hr>177</ns3:hr>
          </ns3:TrackPointExtension>
        </extensions>
      </trkpt>
      <trkpt lat="52.01799896545708179473876953125" lon="5.82418151199817657470703125">
        <ele>37.40000152587890625</ele>
        <time>2026-05-30T13:17:24.000Z</time>
        <extensions>
          <ns3:TrackPointExtension>
            <ns3:hr>177</ns3:hr>
          </ns3:TrackPointExtension>
        </extensions>
      </trkpt>
      <trkpt lat="52.01805411837995052337646484375" lon="5.82400691695511341094970703125">
        <ele>37.40000152587890625</ele>
        <time>2026-05-30T13:17:34.000Z</time>
        <extensions>
          <ns3:TrackPointExtension>
            <ns3:hr>177</ns3:hr>
          </ns3:TrackPointExtension>
        </extensions>
      </trkpt>
      <trkpt lat="52.0180977880954742431640625" lon="5.823829807341098785400390625">
        <ele>37.40000152587890625</ele>
        <time>2026-05-30T13:17:44.000Z</time>
        <extensions>
          <ns3:TrackPointExtension>
            <ns3:hr>177</ns3:hr>
          </ns3:TrackPointExtension>
        </extensions>
      </trkpt>
      <trkpt lat="52.0181334950029850006103515625" lon="5.823683626949787139892578125">
        <ele>37.40000152587890625</ele>
        <time>2026-05-30T13:17:53.000Z</time>
        <extensions>
          <ns3:TrackPointExtension>
            <ns3:hr>177</ns3:hr>
          </ns3:TrackPointExtension>
        </extensions>
      </trkpt>
      <trkpt lat="52.018194012343883514404296875" lon="5.8235198445618152618408203125">
        <ele>37.200000762939453125</ele>
        <time>2026-05-30T13:18:03.000Z</time>
        <extensions>
          <ns3:TrackPointExtension>
            <ns3:hr>175</ns3:hr>
          </ns3:TrackPointExtension>
        </extensions>
      </trkpt>
      <trkpt lat="52.018240951001644134521484375" lon="5.8233458362519741058349609375">
        <ele>37</ele>
        <time>2026-05-30T13:18:13.000Z</time>
        <extensions>
          <ns3:TrackPointExtension>
            <ns3:hr>175</ns3:hr>
          </ns3:TrackPointExtension>
        </extensions>
      </trkpt>
      <trkpt lat="52.018288560211658477783203125" lon="5.82317425869405269622802734375">
        <ele>36.799999237060546875</ele>
        <time>2026-05-30T13:18:23.000Z</time>
        <extensions>
          <ns3:TrackPointExtension>
            <ns3:hr>173</ns3:hr>
          </ns3:TrackPointExtension>
        </extensions>
      </trkpt>
      <trkpt lat="52.018297277390956878662109375" lon="5.82311156205832958221435546875">
        <ele>36.59999847412109375</ele>
        <time>2026-05-30T13:18:27.000Z</time>
        <extensions>
          <ns3:TrackPointExtension>
            <ns3:hr>173</ns3:hr>
          </ns3:TrackPointExtension>
        </extensions>
      </trkpt>
      <trkpt lat="52.018324099481105804443359375" lon="5.8230182714760303497314453125">
        <ele>36.40000152587890625</ele>
        <time>2026-05-30T13:18:32.000Z</time>
        <extensions>
          <ns3:TrackPointExtension>
            <ns3:hr>172</ns3:hr>
          </ns3:TrackPointExtension>
        </extensions>
      </trkpt>
      <trkpt lat="52.01839794404804706573486328125" lon="5.82283043302595615386962890625">
        <ele>36.200000762939453125</ele>
        <time>2026-05-30T13:18:44.000Z</time>
        <extensions>
          <ns3:TrackPointExtension>
            <ns3:hr>173</ns3:hr>
          </ns3:TrackPointExtension>
        </extensions>
      </trkpt>
      <trkpt lat="52.0184493251144886016845703125" lon="5.82263253629207611083984375">
        <ele>36.59999847412109375</ele>
        <time>2026-05-30T13:18:55.000Z</time>
        <extensions>
          <ns3:TrackPointExtension>
            <ns3:hr>172</ns3:hr>
          </ns3:TrackPointExtension>
        </extensions>
      </trkpt>
      <trkpt lat="52.018471620976924896240234375" lon="5.82251694984734058380126953125">
        <ele>35.59999847412109375</ele>
        <time>2026-05-30T13:19:03.000Z</time>
        <extensions>
          <ns3:TrackPointExtension>
            <ns3:hr>172</ns3:hr>
          </ns3:TrackPointExtension>
        </extensions>
      </trkpt>
      <trkpt lat="52.01848545111715793609619140625" lon="5.82248643971979618072509765625">
        <ele>35.799999237060546875</ele>
        <time>2026-05-30T13:19:05.000Z</time>
        <extensions>
          <ns3:TrackPointExtension>
            <ns3:hr>173</ns3:hr>
          </ns3:TrackPointExtension>
        </extensions>
      </trkpt>
      <trkpt lat="52.0185656659305095672607421875" lon="5.822309665381908416748046875">
        <ele>35.40000152587890625</ele>
        <time>2026-05-30T13:19:14.000Z</time>
        <extensions>
          <ns3:TrackPointExtension>
            <ns3:hr>173</ns3:hr>
          </ns3:TrackPointExtension>
        </extensions>
      </trkpt>
      <trkpt lat="52.0186213217675685882568359375" lon="5.82214764319360256195068359375">
        <ele>35.200000762939453125</ele>
        <time>2026-05-30T13:19:22.000Z</time>
        <extensions>
          <ns3:TrackPointExtension>
            <ns3:hr>174</ns3:hr>
          </ns3:TrackPointExtension>
        </extensions>
      </trkpt>
      <trkpt lat="52.0186930708587169647216796875" lon="5.82203381694853305816650390625">
        <ele>35.40000152587890625</ele>
        <time>2026-05-30T13:19:31.000Z</time>
        <extensions>
          <ns3:TrackPointExtension>
            <ns3:hr>174</ns3:hr>
          </ns3:TrackPointExtension>
        </extensions>
      </trkpt>
      <trkpt lat="52.01867555268108844757080078125" lon="5.82198335789144039154052734375">
        <ele>35</ele>
        <time>2026-05-30T13:19:38.000Z</time>
        <extensions>
          <ns3:TrackPointExtension>
            <ns3:hr>173</ns3:hr>
          </ns3:TrackPointExtension>
        </extensions>
      </trkpt>
      <trkpt lat="52.0186637341976165771484375" lon="5.8219514228403568267822265625">
        <ele>35.200000762939453125</ele>
        <time>2026-05-30T13:19:40.000Z</time>
        <extensions>
          <ns3:TrackPointExtension>
            <ns3:hr>173</ns3:hr>
          </ns3:TrackPointExtension>
        </extensions>
      </trkpt>
      <trkpt lat="52.01854278333485126495361328125" lon="5.8217787556350231170654296875">
        <ele>35.200000762939453125</ele>
        <time>2026-05-30T13:19:51.000Z</time>
        <extensions>
          <ns3:TrackPointExtension>
            <ns3:hr>173</ns3:hr>
          </ns3:TrackPointExtension>
        </extensions>
      </trkpt>
      <trkpt lat="52.01844119466841220855712890625" lon="5.82169870845973491668701171875">
        <ele>35</ele>
        <time>2026-05-30T13:20:01.000Z</time>
        <extensions>
          <ns3:TrackPointExtension>
            <ns3:hr>173</ns3:hr>
          </ns3:TrackPointExtension>
        </extensions>
      </trkpt>
      <trkpt lat="52.01833977364003658294677734375" lon="5.82160650752484798431396484375">
        <ele>35</ele>
        <time>2026-05-30T13:20:10.000Z</time>
        <extensions>
          <ns3:TrackPointExtension>
            <ns3:hr>172</ns3:hr>
          </ns3:TrackPointExtension>
        </extensions>
      </trkpt>
      <trkpt lat="52.01824463903903961181640625" lon="5.82153190858662128448486328125">
        <ele>35.200000762939453125</ele>
        <time>2026-05-30T13:20:20.000Z</time>
        <extensions>
          <ns3:TrackPointExtension>
            <ns3:hr>173</ns3:hr>
          </ns3:TrackPointExtension>
        </extensions>
      </trkpt>
      <trkpt lat="52.0180996321141719818115234375" lon="5.82147625274956226348876953125">
        <ele>34.799999237060546875</ele>
        <time>2026-05-30T13:20:31.000Z</time>
        <extensions>
          <ns3:TrackPointExtension>
            <ns3:hr>173</ns3:hr>
          </ns3:TrackPointExtension>
        </extensions>
      </trkpt>
      <trkpt lat="52.01800114475190639495849609375" lon="5.8214005641639232635498046875">
        <ele>34.59999847412109375</ele>
        <time>2026-05-30T13:20:40.000Z</time>
        <extensions>
          <ns3:TrackPointExtension>
            <ns3:hr>173</ns3:hr>
          </ns3:TrackPointExtension>
        </extensions>
      </trkpt>
      <trkpt lat="52.0178897492587566375732421875" lon="5.8213103748857975006103515625">
        <ele>34.59999847412109375</ele>
        <time>2026-05-30T13:20:50.000Z</time>
        <extensions>
          <ns3:TrackPointExtension>
            <ns3:hr>172</ns3:hr>
          </ns3:TrackPointExtension>
        </extensions>
      </trkpt>
      <trkpt lat="52.0177884958684444427490234375" lon="5.82123468630015850067138671875">
        <ele>34.799999237060546875</ele>
        <time>2026-05-30T13:21:01.000Z</time>
        <extensions>
          <ns3:TrackPointExtension>
            <ns3:hr>172</ns3:hr>
          </ns3:TrackPointExtension>
        </extensions>
      </trkpt>
      <trkpt lat="52.0176932774484157562255859375" lon="5.82116779871284961700439453125">
        <ele>34.40000152587890625</ele>
        <time>2026-05-30T13:21:10.000Z</time>
        <extensions>
          <ns3:TrackPointExtension>
            <ns3:hr>170</ns3:hr>
          </ns3:TrackPointExtension>
        </extensions>
      </trkpt>
      <trkpt lat="52.0175608433783054351806640625" lon="5.82106453366577625274658203125">
        <ele>34.200000762939453125</ele>
        <time>2026-05-30T13:21:22.000Z</time>
        <extensions>
          <ns3:TrackPointExtension>
            <ns3:hr>170</ns3:hr>
          </ns3:TrackPointExtension>
        </extensions>
      </trkpt>
      <trkpt lat="52.01743871904909610748291015625" lon="5.821007788181304931640625">
        <ele>34.200000762939453125</ele>
        <time>2026-05-30T13:21:33.000Z</time>
        <extensions>
          <ns3:TrackPointExtension>
            <ns3:hr>170</ns3:hr>
          </ns3:TrackPointExtension>
        </extensions>
      </trkpt>
      <trkpt lat="52.01732975430786609649658203125" lon="5.8209040202200412750244140625">
        <ele>33.799999237060546875</ele>
        <time>2026-05-30T13:21:44.000Z</time>
        <extensions>
          <ns3:TrackPointExtension>
            <ns3:hr>169</ns3:hr>
          </ns3:TrackPointExtension>
        </extensions>
      </trkpt>
      <trkpt lat="52.01720871962606906890869140625" lon="5.8208084665238857269287109375">
        <ele>33.59999847412109375</ele>
        <time>2026-05-30T13:21:53.000Z</time>
        <extensions>
          <ns3:TrackPointExtension>
            <ns3:hr>171</ns3:hr>
          </ns3:TrackPointExtension>
        </extensions>
      </trkpt>
      <trkpt lat="52.01719748787581920623779296875" lon="5.82079933024942874908447265625">
        <ele>33.59999847412109375</ele>
        <time>2026-05-30T13:21:54.000Z</time>
        <extensions>
          <ns3:TrackPointExtension>
            <ns3:hr>171</ns3:hr>
          </ns3:TrackPointExtension>
        </extensions>
      </trkpt>
      <trkpt lat="52.017116434872150421142578125" lon="5.82076362334191799163818359375">
        <ele>33.59999847412109375</ele>
        <time>2026-05-30T13:22:03.000Z</time>
        <extensions>
          <ns3:TrackPointExtension>
            <ns3:hr>171</ns3:hr>
          </ns3:TrackPointExtension>
        </extensions>
      </trkpt>
      <trkpt lat="52.01701107434928417205810546875" lon="5.8207021839916706085205078125">
        <ele>33.200000762939453125</ele>
        <time>2026-05-30T13:22:13.000Z</time>
        <extensions>
          <ns3:TrackPointExtension>
            <ns3:hr>169</ns3:hr>
          </ns3:TrackPointExtension>
        </extensions>
      </trkpt>
      <trkpt lat="52.016901858150959014892578125" lon="5.82059137523174285888671875">
        <ele>33.200000762939453125</ele>
        <time>2026-05-30T13:22:22.000Z</time>
        <extensions>
          <ns3:TrackPointExtension>
            <ns3:hr>168</ns3:hr>
          </ns3:TrackPointExtension>
        </extensions>
      </trkpt>
      <trkpt lat="52.0168007723987102508544921875" lon="5.820513255894184112548828125">
        <ele>32.799999237060546875</ele>
        <time>2026-05-30T13:22:30.000Z</time>
        <extensions>
          <ns3:TrackPointExtension>
            <ns3:hr>167</ns3:hr>
          </ns3:TrackPointExtension>
        </extensions>
      </trkpt>
      <trkpt lat="52.01666708104312419891357421875" lon="5.82043656148016452789306640625">
        <ele>33</ele>
        <time>2026-05-30T13:22:41.000Z</time>
        <extensions>
          <ns3:TrackPointExtension>
            <ns3:hr>168</ns3:hr>
          </ns3:TrackPointExtension>
        </extensions>
      </trkpt>
      <trkpt lat="52.01656289398670196533203125" lon="5.8203514851629734039306640625">
        <ele>33</ele>
        <time>2026-05-30T13:22:50.000Z</time>
        <extensions>
          <ns3:TrackPointExtension>
            <ns3:hr>168</ns3:hr>
          </ns3:TrackPointExtension>
        </extensions>
      </trkpt>
      <trkpt lat="52.01648804359138011932373046875" lon="5.82032642327249050140380859375">
        <ele>32.59999847412109375</ele>
        <time>2026-05-30T13:22:56.000Z</time>
        <extensions>
          <ns3:TrackPointExtension>
            <ns3:hr>171</ns3:hr>
          </ns3:TrackPointExtension>
        </extensions>
      </trkpt>
      <trkpt lat="52.01646708883345127105712890625" lon="5.82032860256731510162353515625">
        <ele>32.59999847412109375</ele>
        <time>2026-05-30T13:22:58.000Z</time>
        <extensions>
          <ns3:TrackPointExtension>
            <ns3:hr>173</ns3:hr>
          </ns3:TrackPointExtension>
        </extensions>
      </trkpt>
      <trkpt lat="52.0163914002478122711181640625" lon="5.8203219808638095855712890625">
        <ele>32.59999847412109375</ele>
        <time>2026-05-30T13:23:05.000Z</time>
        <extensions>
          <ns3:TrackPointExtension>
            <ns3:hr>172</ns3:hr>
          </ns3:TrackPointExtension>
        </extensions>
      </trkpt>
      <trkpt lat="52.0163650810718536376953125" lon="5.82031435333192348480224609375">
        <ele>32.59999847412109375</ele>
        <time>2026-05-30T13:23:08.000Z</time>
        <extensions>
          <ns3:TrackPointExtension>
            <ns3:hr>171</ns3:hr>
          </ns3:TrackPointExtension>
        </extensions>
      </trkpt>
      <trkpt lat="52.01623700559139251708984375" lon="5.8202542550861835479736328125">
        <ele>32.40000152587890625</ele>
        <time>2026-05-30T13:23:18.000Z</time>
        <extensions>
          <ns3:TrackPointExtension>
            <ns3:hr>170</ns3:hr>
          </ns3:TrackPointExtension>
        </extensions>
      </trkpt>
      <trkpt lat="52.01613902114331722259521484375" lon="5.8201898820698261260986328125">
        <ele>32.59999847412109375</ele>
        <time>2026-05-30T13:23:28.000Z</time>
        <extensions>
          <ns3:TrackPointExtension>
            <ns3:hr>169</ns3:hr>
          </ns3:TrackPointExtension>
        </extensions>
      </trkpt>
      <trkpt lat="52.01605436392128467559814453125" lon="5.82010195590555667877197265625">
        <ele>32.200000762939453125</ele>
        <time>2026-05-30T13:23:35.000Z</time>
        <extensions>
          <ns3:TrackPointExtension>
            <ns3:hr>172</ns3:hr>
          </ns3:TrackPointExtension>
        </extensions>
      </trkpt>
      <trkpt lat="52.016004659235477447509765625" lon="5.82005769945681095123291015625">
        <ele>32.200000762939453125</ele>
        <time>2026-05-30T13:23:40.000Z</time>
        <extensions>
          <ns3:TrackPointExtension>
            <ns3:hr>172</ns3:hr>
          </ns3:TrackPointExtension>
        </extensions>
      </trkpt>
      <trkpt lat="52.0159143023192882537841796875" lon="5.81999734975397586822509765625">
        <ele>32.200000762939453125</ele>
        <time>2026-05-30T13:23:49.000Z</time>
        <extensions>
          <ns3:TrackPointExtension>
            <ns3:hr>172</ns3:hr>
          </ns3:TrackPointExtension>
        </extensions>
      </trkpt>
      <trkpt lat="52.015774659812450408935546875" lon="5.81989374943077564239501953125">
        <ele>31.799999237060546875</ele>
        <time>2026-05-30T13:23:58.000Z</time>
        <extensions>
          <ns3:TrackPointExtension>
            <ns3:hr>172</ns3:hr>
          </ns3:TrackPointExtension>
        </extensions>
      </trkpt>
      <trkpt lat="52.01565789990127086639404296875" lon="5.819832645356655120849609375">
        <ele>31.799999237060546875</ele>
        <time>2026-05-30T13:24:08.000Z</time>
        <extensions>
          <ns3:TrackPointExtension>
            <ns3:hr>173</ns3:hr>
          </ns3:TrackPointExtension>
        </extensions>
      </trkpt>
      <trkpt lat="52.0155951194465160369873046875" lon="5.81978646107017993927001953125">
        <ele>31.6000003814697265625</ele>
        <time>2026-05-30T13:24:14.000Z</time>
        <extensions>
          <ns3:TrackPointExtension>
            <ns3:hr>171</ns3:hr>
          </ns3:TrackPointExtension>
        </extensions>
      </trkpt>
      <trkpt lat="52.01555044390261173248291015625" lon="5.819750837981700897216796875">
        <ele>31.799999237060546875</ele>
        <time>2026-05-30T13:24:19.000Z</time>
        <extensions>
          <ns3:TrackPointExtension>
            <ns3:hr>171</ns3:hr>
          </ns3:TrackPointExtension>
        </extensions>
      </trkpt>
      <trkpt lat="52.0154449157416820526123046875" lon="5.8196601457893848419189453125">
        <ele>31.6000003814697265625</ele>
        <time>2026-05-30T13:24:29.000Z</time>
        <extensions>
          <ns3:TrackPointExtension>
            <ns3:hr>172</ns3:hr>
          </ns3:TrackPointExtension>
        </extensions>
      </trkpt>
      <trkpt lat="52.01533637009561061859130859375" lon="5.81956551410257816314697265625">
        <ele>31.799999237060546875</ele>
        <time>2026-05-30T13:24:39.000Z</time>
        <extensions>
          <ns3:TrackPointExtension>
            <ns3:hr>171</ns3:hr>
          </ns3:TrackPointExtension>
        </extensions>
      </trkpt>
      <trkpt lat="52.01525942422449588775634765625" lon="5.81952251493930816650390625">
        <ele>32</ele>
        <time>2026-05-30T13:24:47.000Z</time>
        <extensions>
          <ns3:TrackPointExtension>
            <ns3:hr>171</ns3:hr>
          </ns3:TrackPointExtension>
        </extensions>
      </trkpt>
      <trkpt lat="52.01518868096172809600830078125" lon="5.81949560903012752532958984375">
        <ele>32.59999847412109375</ele>
        <time>2026-05-30T13:24:54.000Z</time>
        <extensions>
          <ns3:TrackPointExtension>
            <ns3:hr>171</ns3:hr>
          </ns3:TrackPointExtension>
        </extensions>
      </trkpt>
      <trkpt lat="52.0151639543473720550537109375" lon="5.8194904960691928863525390625">
        <ele>33</ele>
        <time>2026-05-30T13:24:56.000Z</time>
        <extensions>
          <ns3:TrackPointExtension>
            <ns3:hr>172</ns3:hr>
          </ns3:TrackPointExtension>
        </extensions>
      </trkpt>
      <trkpt lat="52.0150918699800968170166015625" lon="5.81944867037236690521240234375">
        <ele>33.40000152587890625</ele>
        <time>2026-05-30T13:25:05.000Z</time>
        <extensions>
          <ns3:TrackPointExtension>
            <ns3:hr>173</ns3:hr>
          </ns3:TrackPointExtension>
        </extensions>
      </trkpt>
      <trkpt lat="52.0149805583059787750244140625" lon="5.81941924989223480224609375">
        <ele>32.799999237060546875</ele>
        <time>2026-05-30T13:25:13.000Z</time>
        <extensions>
          <ns3:TrackPointExtension>
            <ns3:hr>174</ns3:hr>
          </ns3:TrackPointExtension>
        </extensions>
      </trkpt>
      <trkpt lat="52.0148880220949649810791015625" lon="5.8193671144545078277587890625">
        <ele>33.200000762939453125</ele>
        <time>2026-05-30T13:25:20.000Z</time>
        <extensions>
          <ns3:TrackPointExtension>
            <ns3:hr>177</ns3:hr>
          </ns3:TrackPointExtension>
        </extensions>
      </trkpt>
      <trkpt lat="52.01486648060381412506103515625" lon="5.81934691406786441802978515625">
        <ele>33.200000762939453125</ele>
        <time>2026-05-30T13:25:23.000Z</time>
        <extensions>
          <ns3:TrackPointExtension>
            <ns3:hr>178</ns3:hr>
          </ns3:TrackPointExtension>
        </extensions>
      </trkpt>
      <trkpt lat="52.01486128382384777069091796875" lon="5.81931221298873424530029296875">
        <ele>33.59999847412109375</ele>
        <time>2026-05-30T13:25:32.000Z</time>
        <extensions>
          <ns3:TrackPointExtension>
            <ns3:hr>178</ns3:hr>
          </ns3:TrackPointExtension>
        </extensions>
      </trkpt>
      <trkpt lat="52.01484569348394870758056640625" lon="5.81928916275501251220703125">
        <ele>33.59999847412109375</ele>
        <time>2026-05-30T13:25:43.000Z</time>
        <extensions>
          <ns3:TrackPointExtension>
            <ns3:hr>177</ns3:hr>
          </ns3:TrackPointExtension>
        </extensions>
      </trkpt>
      <trkpt lat="52.01484116725623607635498046875" lon="5.8193198405206203460693359375">
        <ele>33.40000152587890625</ele>
        <time>2026-05-30T13:25:54.000Z</time>
        <extensions>
          <ns3:TrackPointExtension>
            <ns3:hr>179</ns3:hr>
          </ns3:TrackPointExtension>
        </extensions>
      </trkpt>
      <trkpt lat="52.014847956597805023193359375" lon="5.81931858323514461517333984375">
        <ele>33</ele>
        <time>2026-05-30T13:26:06.000Z</time>
        <extensions>
          <ns3:TrackPointExtension>
            <ns3:hr>179</ns3:hr>
          </ns3:TrackPointExtension>
        </extensions>
      </trkpt>
      <trkpt lat="52.01478115282952785491943359375" lon="5.81927197985351085662841796875">
        <ele>32.799999237060546875</ele>
        <time>2026-05-30T13:26:14.000Z</time>
        <extensions>
          <ns3:TrackPointExtension>
            <ns3:hr>177</ns3:hr>
          </ns3:TrackPointExtension>
        </extensions>
      </trkpt>
      <trkpt lat="52.01469884254038333892822265625" lon="5.81922772340476512908935546875">
        <ele>32.799999237060546875</ele>
        <time>2026-05-30T13:26:21.000Z</time>
        <extensions>
          <ns3:TrackPointExtension>
            <ns3:hr>174</ns3:hr>
          </ns3:TrackPointExtension>
        </extensions>
      </trkpt>
      <trkpt lat="52.01467285864055156707763671875" lon="5.81921816803514957427978515625">
        <ele>33</ele>
        <time>2026-05-30T13:26:24.000Z</time>
        <extensions>
          <ns3:TrackPointExtension>
            <ns3:hr>174</ns3:hr>
          </ns3:TrackPointExtension>
        </extensions>
      </trkpt>
      <trkpt lat="52.01460328884422779083251953125" lon="5.8191689662635326385498046875">
        <ele>32.799999237060546875</ele>
        <time>2026-05-30T13:26:32.000Z</time>
        <extensions>
          <ns3:TrackPointExtension>
            <ns3:hr>171</ns3:hr>
          </ns3:TrackPointExtension>
        </extensions>
      </trkpt>
      <trkpt lat="52.01460848562419414520263671875" lon="5.81915647722780704498291015625">
        <ele>33</ele>
        <time>2026-05-30T13:26:42.000Z</time>
        <extensions>
          <ns3:TrackPointExtension>
            <ns3:hr>172</ns3:hr>
          </ns3:TrackPointExtension>
        </extensions>
      </trkpt>
      <trkpt lat="52.0145795680582523345947265625" lon="5.8190618455410003662109375">
        <ele>32.59999847412109375</ele>
        <time>2026-05-30T13:26:49.000Z</time>
        <extensions>
          <ns3:TrackPointExtension>
            <ns3:hr>172</ns3:hr>
          </ns3:TrackPointExtension>
        </extensions>
      </trkpt>
      <trkpt lat="52.014571689069271087646484375" lon="5.81890015862882137298583984375">
        <ele>32.40000152587890625</ele>
        <time>2026-05-30T13:26:56.000Z</time>
        <extensions>
          <ns3:TrackPointExtension>
            <ns3:hr>173</ns3:hr>
          </ns3:TrackPointExtension>
        </extensions>
      </trkpt>
      <trkpt lat="52.01450966298580169677734375" lon="5.81878398545086383819580078125">
        <ele>32</ele>
        <time>2026-05-30T13:27:05.000Z</time>
        <extensions>
          <ns3:TrackPointExtension>
            <ns3:hr>172</ns3:hr>
          </ns3:TrackPointExtension>
        </extensions>
      </trkpt>
      <trkpt lat="52.01440639793872833251953125" lon="5.81868943758308887481689453125">
        <ele>32.40000152587890625</ele>
        <time>2026-05-30T13:27:15.000Z</time>
        <extensions>
          <ns3:TrackPointExtension>
            <ns3:hr>172</ns3:hr>
          </ns3:TrackPointExtension>
        </extensions>
      </trkpt>
      <trkpt lat="52.0143157057464122772216796875" lon="5.81860251724720001220703125">
        <ele>32.799999237060546875</ele>
        <time>2026-05-30T13:27:22.000Z</time>
        <extensions>
          <ns3:TrackPointExtension>
            <ns3:hr>172</ns3:hr>
          </ns3:TrackPointExtension>
        </extensions>
      </trkpt>
      <trkpt lat="52.0142184756696224212646484375" lon="5.81854912452399730682373046875">
        <ele>32.799999237060546875</ele>
        <time>2026-05-30T13:27:30.000Z</time>
        <extensions>
          <ns3:TrackPointExtension>
            <ns3:hr>173</ns3:hr>
          </ns3:TrackPointExtension>
        </extensions>
      </trkpt>
      <trkpt lat="52.01410590671002864837646484375" lon="5.818577706813812255859375">
        <ele>33</ele>
        <time>2026-05-30T13:27:39.000Z</time>
        <extensions>
          <ns3:TrackPointExtension>
            <ns3:hr>175</ns3:hr>
          </ns3:TrackPointExtension>
        </extensions>
      </trkpt>
      <trkpt lat="52.013993673026561737060546875" lon="5.81853185780346393585205078125">
        <ele>33.200000762939453125</ele>
        <time>2026-05-30T13:27:48.000Z</time>
        <extensions>
          <ns3:TrackPointExtension>
            <ns3:hr>177</ns3:hr>
          </ns3:TrackPointExtension>
        </extensions>
      </trkpt>
      <trkpt lat="52.013864256441593170166015625" lon="5.81845256499946117401123046875">
        <ele>33.200000762939453125</ele>
        <time>2026-05-30T13:27:58.000Z</time>
        <extensions>
          <ns3:TrackPointExtension>
            <ns3:hr>178</ns3:hr>
          </ns3:TrackPointExtension>
        </extensions>
      </trkpt>
      <trkpt lat="52.0137497596442699432373046875" lon="5.8183632977306842803955078125">
        <ele>33.200000762939453125</ele>
        <time>2026-05-30T13:28:09.000Z</time>
        <extensions>
          <ns3:TrackPointExtension>
            <ns3:hr>178</ns3:hr>
          </ns3:TrackPointExtension>
        </extensions>
      </trkpt>
      <trkpt lat="52.01365848071873188018798828125" lon="5.81831878982484340667724609375">
        <ele>33.59999847412109375</ele>
        <time>2026-05-30T13:28:17.000Z</time>
        <extensions>
          <ns3:TrackPointExtension>
            <ns3:hr>179</ns3:hr>
          </ns3:TrackPointExtension>
        </extensions>
      </trkpt>
      <trkpt lat="52.0136468298733234405517578125" lon="5.818315185606479644775390625">
        <ele>33.59999847412109375</ele>
        <time>2026-05-30T13:28:18.000Z</time>
        <extensions>
          <ns3:TrackPointExtension>
            <ns3:hr>179</ns3:hr>
          </ns3:TrackPointExtension>
        </extensions>
      </trkpt>
      <trkpt lat="52.0135112106800079345703125" lon="5.818293727934360504150390625">
        <ele>34.200000762939453125</ele>
        <time>2026-05-30T13:28:29.000Z</time>
        <extensions>
          <ns3:TrackPointExtension>
            <ns3:hr>180</ns3:hr>
          </ns3:TrackPointExtension>
        </extensions>
      </trkpt>
      <trkpt lat="52.0134158246219158172607421875" lon="5.81835717894136905670166015625">
        <ele>34.200000762939453125</ele>
        <time>2026-05-30T13:28:38.000Z</time>
        <extensions>
          <ns3:TrackPointExtension>
            <ns3:hr>180</ns3:hr>
          </ns3:TrackPointExtension>
        </extensions>
      </trkpt>
      <trkpt lat="52.01333326287567615509033203125" lon="5.8184288442134857177734375">
        <ele>34.40000152587890625</ele>
        <time>2026-05-30T13:28:48.000Z</time>
        <extensions>
          <ns3:TrackPointExtension>
            <ns3:hr>180</ns3:hr>
          </ns3:TrackPointExtension>
        </extensions>
      </trkpt>
      <trkpt lat="52.013278864324092864990234375" lon="5.8184663951396942138671875">
        <ele>34.799999237060546875</ele>
        <time>2026-05-30T13:28:54.000Z</time>
        <extensions>
          <ns3:TrackPointExtension>
            <ns3:hr>180</ns3:hr>
          </ns3:TrackPointExtension>
        </extensions>
      </trkpt>
      <trkpt lat="52.0132590830326080322265625" lon="5.81849120557308197021484375">
        <ele>35</ele>
        <time>2026-05-30T13:28:56.000Z</time>
        <extensions>
          <ns3:TrackPointExtension>
            <ns3:hr>179</ns3:hr>
          </ns3:TrackPointExtension>
        </extensions>
      </trkpt>
      <trkpt lat="52.01319127343595027923583984375" lon="5.8185862563550472259521484375">
        <ele>34.799999237060546875</ele>
        <time>2026-05-30T13:29:04.000Z</time>
        <extensions>
          <ns3:TrackPointExtension>
            <ns3:hr>180</ns3:hr>
          </ns3:TrackPointExtension>
        </extensions>
      </trkpt>
      <trkpt lat="52.01315338723361492156982421875" lon="5.8187344484031200408935546875">
        <ele>35.200000762939453125</ele>
        <time>2026-05-30T13:29:13.000Z</time>
        <extensions>
          <ns3:TrackPointExtension>
            <ns3:hr>181</ns3:hr>
          </ns3:TrackPointExtension>
        </extensions>
      </trkpt>
      <trkpt lat="52.0131224580109119415283203125" lon="5.81886378116905689239501953125">
        <ele>35.40000152587890625</ele>
        <time>2026-05-30T13:29:20.000Z</time>
        <extensions>
          <ns3:TrackPointExtension>
            <ns3:hr>181</ns3:hr>
          </ns3:TrackPointExtension>
        </extensions>
      </trkpt>
      <trkpt lat="52.0130771957337856292724609375" lon="5.81904030404984951019287109375">
        <ele>35</ele>
        <time>2026-05-30T13:29:29.000Z</time>
        <extensions>
          <ns3:TrackPointExtension>
            <ns3:hr>181</ns3:hr>
          </ns3:TrackPointExtension>
        </extensions>
      </trkpt>
      <trkpt lat="52.013014666736125946044921875" lon="5.81913359463214874267578125">
        <ele>35.59999847412109375</ele>
        <time>2026-05-30T13:29:36.000Z</time>
        <extensions>
          <ns3:TrackPointExtension>
            <ns3:hr>181</ns3:hr>
          </ns3:TrackPointExtension>
        </extensions>
      </trkpt>
      <trkpt lat="52.01298206113278865814208984375" lon="5.81915463320910930633544921875">
        <ele>35.799999237060546875</ele>
        <time>2026-05-30T13:29:39.000Z</time>
        <extensions>
          <ns3:TrackPointExtension>
            <ns3:hr>181</ns3:hr>
          </ns3:TrackPointExtension>
        </extensions>
      </trkpt>
      <trkpt lat="52.012912072241306304931640625" lon="5.81918933428823947906494140625">
        <ele>36.200000762939453125</ele>
        <time>2026-05-30T13:29:46.000Z</time>
        <extensions>
          <ns3:TrackPointExtension>
            <ns3:hr>181</ns3:hr>
          </ns3:TrackPointExtension>
        </extensions>
      </trkpt>
      <trkpt lat="52.0128326117992401123046875" lon="5.81920391879975795745849609375">
        <ele>36.40000152587890625</ele>
        <time>2026-05-30T13:29:54.000Z</time>
        <extensions>
          <ns3:TrackPointExtension>
            <ns3:hr>181</ns3:hr>
          </ns3:TrackPointExtension>
        </extensions>
      </trkpt>
      <trkpt lat="52.01270394958555698394775390625" lon="5.81922805868089199066162109375">
        <ele>36.40000152587890625</ele>
        <time>2026-05-30T13:30:05.000Z</time>
        <extensions>
          <ns3:TrackPointExtension>
            <ns3:hr>180</ns3:hr>
          </ns3:TrackPointExtension>
        </extensions>
      </trkpt>
      <trkpt lat="52.0125608704984188079833984375" lon="5.81924758851528167724609375">
        <ele>35.59999847412109375</ele>
        <time>2026-05-30T13:30:16.000Z</time>
        <extensions>
          <ns3:TrackPointExtension>
            <ns3:hr>180</ns3:hr>
          </ns3:TrackPointExtension>
        </extensions>
      </trkpt>
      <trkpt lat="52.012440674006938934326171875" lon="5.8192651905119419097900390625">
        <ele>36</ele>
        <time>2026-05-30T13:30:27.000Z</time>
        <extensions>
          <ns3:TrackPointExtension>
            <ns3:hr>180</ns3:hr>
          </ns3:TrackPointExtension>
        </extensions>
      </trkpt>
      <trkpt lat="52.0123268477618694305419921875" lon="5.81923007033765316009521484375">
        <ele>36.200000762939453125</ele>
        <time>2026-05-30T13:30:35.000Z</time>
        <extensions>
          <ns3:TrackPointExtension>
            <ns3:hr>180</ns3:hr>
          </ns3:TrackPointExtension>
        </extensions>
      </trkpt>
      <trkpt lat="52.012262977659702301025390625" lon="5.819232501089572906494140625">
        <ele>36</ele>
        <time>2026-05-30T13:30:41.000Z</time>
        <extensions>
          <ns3:TrackPointExtension>
            <ns3:hr>179</ns3:hr>
          </ns3:TrackPointExtension>
        </extensions>
      </trkpt>
      <trkpt lat="52.0121561922132968902587890625" lon="5.819176845252513885498046875">
        <ele>36.200000762939453125</ele>
        <time>2026-05-30T13:30:49.000Z</time>
        <extensions>
          <ns3:TrackPointExtension>
            <ns3:hr>180</ns3:hr>
          </ns3:TrackPointExtension>
        </extensions>
      </trkpt>
      <trkpt lat="52.01204873621463775634765625" lon="5.8191503584384918212890625">
        <ele>36.200000762939453125</ele>
        <time>2026-05-30T13:30:59.000Z</time>
        <extensions>
          <ns3:TrackPointExtension>
            <ns3:hr>180</ns3:hr>
          </ns3:TrackPointExtension>
        </extensions>
      </trkpt>
      <trkpt lat="52.01192828826606273651123046875" lon="5.81917910836637020111083984375">
        <ele>36.200000762939453125</ele>
        <time>2026-05-30T13:31:08.000Z</time>
        <extensions>
          <ns3:TrackPointExtension>
            <ns3:hr>179</ns3:hr>
          </ns3:TrackPointExtension>
        </extensions>
      </trkpt>
      <trkpt lat="52.0118175633251667022705078125" lon="5.8191827125847339630126953125">
        <ele>36.40000152587890625</ele>
        <time>2026-05-30T13:31:17.000Z</time>
        <extensions>
          <ns3:TrackPointExtension>
            <ns3:hr>178</ns3:hr>
          </ns3:TrackPointExtension>
        </extensions>
      </trkpt>
      <trkpt lat="52.011678926646709442138671875" lon="5.819178521633148193359375">
        <ele>36.59999847412109375</ele>
        <time>2026-05-30T13:31:26.000Z</time>
        <extensions>
          <ns3:TrackPointExtension>
            <ns3:hr>178</ns3:hr>
          </ns3:TrackPointExtension>
        </extensions>
      </trkpt>
      <trkpt lat="52.0115905813872814178466796875" lon="5.81915647722780704498291015625">
        <ele>36.59999847412109375</ele>
        <time>2026-05-30T13:31:34.000Z</time>
        <extensions>
          <ns3:TrackPointExtension>
            <ns3:hr>178</ns3:hr>
          </ns3:TrackPointExtension>
        </extensions>
      </trkpt>
      <trkpt lat="52.01147449202835559844970703125" lon="5.819157399237155914306640625">
        <ele>36.799999237060546875</ele>
        <time>2026-05-30T13:31:44.000Z</time>
        <extensions>
          <ns3:TrackPointExtension>
            <ns3:hr>178</ns3:hr>
          </ns3:TrackPointExtension>
        </extensions>
      </trkpt>
      <trkpt lat="52.01145571656525135040283203125" lon="5.81917474977672100067138671875">
        <ele>36.799999237060546875</ele>
        <time>2026-05-30T13:31:47.000Z</time>
        <extensions>
          <ns3:TrackPointExtension>
            <ns3:hr>178</ns3:hr>
          </ns3:TrackPointExtension>
        </extensions>
      </trkpt>
      <trkpt lat="52.0114055089652538299560546875" lon="5.819224454462528228759765625">
        <ele>37.200000762939453125</ele>
        <time>2026-05-30T13:31:53.000Z</time>
        <extensions>
          <ns3:TrackPointExtension>
            <ns3:hr>178</ns3:hr>
          </ns3:TrackPointExtension>
        </extensions>
      </trkpt>
      <trkpt lat="52.01129646040499210357666015625" lon="5.81922604702413082122802734375">
        <ele>37.59999847412109375</ele>
        <time>2026-05-30T13:32:00.000Z</time>
        <extensions>
          <ns3:TrackPointExtension>
            <ns3:hr>180</ns3:hr>
          </ns3:TrackPointExtension>
        </extensions>
      </trkpt>
      <trkpt lat="52.0111701451241970062255859375" lon="5.81925504840910434722900390625">
        <ele>37.59999847412109375</ele>
        <time>2026-05-30T13:32:10.000Z</time>
        <extensions>
          <ns3:TrackPointExtension>
            <ns3:hr>180</ns3:hr>
          </ns3:TrackPointExtension>
        </extensions>
      </trkpt>
      <trkpt lat="52.01112069189548492431640625" lon="5.81924800761044025421142578125">
        <ele>38</ele>
        <time>2026-05-30T13:32:15.000Z</time>
        <extensions>
          <ns3:TrackPointExtension>
            <ns3:hr>181</ns3:hr>
          </ns3:TrackPointExtension>
        </extensions>
      </trkpt>
      <trkpt lat="52.0110631920397281646728515625" lon="5.81922420300543308258056640625">
        <ele>37.59999847412109375</ele>
        <time>2026-05-30T13:32:19.000Z</time>
        <extensions>
          <ns3:TrackPointExtension>
            <ns3:hr>181</ns3:hr>
          </ns3:TrackPointExtension>
        </extensions>
      </trkpt>
      <trkpt lat="52.0109589211642742156982421875" lon="5.81916041672229766845703125">
        <ele>37.59999847412109375</ele>
        <time>2026-05-30T13:32:28.000Z</time>
        <extensions>
          <ns3:TrackPointExtension>
            <ns3:hr>182</ns3:hr>
          </ns3:TrackPointExtension>
        </extensions>
      </trkpt>
      <trkpt lat="52.010883986949920654296875" lon="5.81904382444918155670166015625">
        <ele>37.40000152587890625</ele>
        <time>2026-05-30T13:32:37.000Z</time>
        <extensions>
          <ns3:TrackPointExtension>
            <ns3:hr>183</ns3:hr>
          </ns3:TrackPointExtension>
        </extensions>
      </trkpt>
      <trkpt lat="52.01082623563706874847412109375" lon="5.8190055191516876220703125">
        <ele>36.799999237060546875</ele>
        <time>2026-05-30T13:32:43.000Z</time>
        <extensions>
          <ns3:TrackPointExtension>
            <ns3:hr>182</ns3:hr>
          </ns3:TrackPointExtension>
        </extensions>
      </trkpt>
      <trkpt lat="52.01079874299466609954833984375" lon="5.81900225020945072174072265625">
        <ele>36.59999847412109375</ele>
        <time>2026-05-30T13:32:45.000Z</time>
        <extensions>
          <ns3:TrackPointExtension>
            <ns3:hr>182</ns3:hr>
          </ns3:TrackPointExtension>
        </extensions>
      </trkpt>
      <trkpt lat="52.010748200118541717529296875" lon="5.81894793547689914703369140625">
        <ele>36.40000152587890625</ele>
        <time>2026-05-30T13:32:50.000Z</time>
        <extensions>
          <ns3:TrackPointExtension>
            <ns3:hr>181</ns3:hr>
          </ns3:TrackPointExtension>
        </extensions>
      </trkpt>
      <trkpt lat="52.01074308715760707855224609375" lon="5.8188970573246479034423828125">
        <ele>36.200000762939453125</ele>
        <time>2026-05-30T13:32:52.000Z</time>
        <extensions>
          <ns3:TrackPointExtension>
            <ns3:hr>182</ns3:hr>
          </ns3:TrackPointExtension>
        </extensions>
      </trkpt>
      <trkpt lat="52.01072062365710735321044921875" lon="5.81868474371731281280517578125">
        <ele>36</ele>
        <time>2026-05-30T13:33:01.000Z</time>
        <extensions>
          <ns3:TrackPointExtension>
            <ns3:hr>180</ns3:hr>
          </ns3:TrackPointExtension>
        </extensions>
      </trkpt>
      <trkpt lat="52.01066345907747745513916015625" lon="5.81863814033567905426025390625">
        <ele>36.200000762939453125</ele>
        <time>2026-05-30T13:33:10.000Z</time>
        <extensions>
          <ns3:TrackPointExtension>
            <ns3:hr>179</ns3:hr>
          </ns3:TrackPointExtension>
        </extensions>
      </trkpt>
      <trkpt lat="52.01063680462539196014404296875" lon="5.81862531602382659912109375">
        <ele>36.799999237060546875</ele>
        <time>2026-05-30T13:33:16.000Z</time>
        <extensions>
          <ns3:TrackPointExtension>
            <ns3:hr>179</ns3:hr>
          </ns3:TrackPointExtension>
        </extensions>
      </trkpt>
      <trkpt lat="52.0105927996337413787841796875" lon="5.81851962022483348846435546875">
        <ele>36.200000762939453125</ele>
        <time>2026-05-30T13:33:21.000Z</time>
        <extensions>
          <ns3:TrackPointExtension>
            <ns3:hr>177</ns3:hr>
          </ns3:TrackPointExtension>
        </extensions>
      </trkpt>
      <trkpt lat="52.01058349572122097015380859375" lon="5.8183689974248409271240234375">
        <ele>36</ele>
        <time>2026-05-30T13:33:28.000Z</time>
        <extensions>
          <ns3:TrackPointExtension>
            <ns3:hr>179</ns3:hr>
          </ns3:TrackPointExtension>
        </extensions>
      </trkpt>
      <trkpt lat="52.0105814002454280853271484375" lon="5.818229354918003082275390625">
        <ele>36.200000762939453125</ele>
        <time>2026-05-30T13:33:35.000Z</time>
        <extensions>
          <ns3:TrackPointExtension>
            <ns3:hr>179</ns3:hr>
          </ns3:TrackPointExtension>
        </extensions>
      </trkpt>
      <trkpt lat="52.01058265753090381622314453125" lon="5.818136818706989288330078125">
        <ele>35.799999237060546875</ele>
        <time>2026-05-30T13:33:40.000Z</time>
        <extensions>
          <ns3:TrackPointExtension>
            <ns3:hr>179</ns3:hr>
          </ns3:TrackPointExtension>
        </extensions>
      </trkpt>
      <trkpt lat="52.0105659775435924530029296875" lon="5.81805241294205188751220703125">
        <ele>36</ele>
        <time>2026-05-30T13:33:45.000Z</time>
        <extensions>
          <ns3:TrackPointExtension>
            <ns3:hr>178</ns3:hr>
          </ns3:TrackPointExtension>
        </extensions>
      </trkpt>
      <trkpt lat="52.01055550016462802886962890625" lon="5.8180501498281955718994140625">
        <ele>35.799999237060546875</ele>
        <time>2026-05-30T13:33:46.000Z</time>
        <extensions>
          <ns3:TrackPointExtension>
            <ns3:hr>178</ns3:hr>
          </ns3:TrackPointExtension>
        </extensions>
      </trkpt>
      <trkpt lat="52.010498754680156707763671875" lon="5.81805023364722728729248046875">
        <ele>36</ele>
        <time>2026-05-30T13:33:51.000Z</time>
        <extensions>
          <ns3:TrackPointExtension>
            <ns3:hr>179</ns3:hr>
          </ns3:TrackPointExtension>
        </extensions>
      </trkpt>
      <trkpt lat="52.0103648118674755096435546875" lon="5.81801570020616054534912109375">
        <ele>35.59999847412109375</ele>
        <time>2026-05-30T13:34:02.000Z</time>
        <extensions>
          <ns3:TrackPointExtension>
            <ns3:hr>178</ns3:hr>
          </ns3:TrackPointExtension>
        </extensions>
      </trkpt>
      <trkpt lat="52.010255344212055206298828125" lon="5.81801452673971652984619140625">
        <ele>35.59999847412109375</ele>
        <time>2026-05-30T13:34:12.000Z</time>
        <extensions>
          <ns3:TrackPointExtension>
            <ns3:hr>178</ns3:hr>
          </ns3:TrackPointExtension>
        </extensions>
      </trkpt>
      <trkpt lat="52.0102270133793354034423828125" lon="5.818030871450901031494140625">
        <ele>36</ele>
        <time>2026-05-30T13:34:17.000Z</time>
        <extensions>
          <ns3:TrackPointExtension>
            <ns3:hr>178</ns3:hr>
          </ns3:TrackPointExtension>
        </extensions>
      </trkpt>
      <trkpt lat="52.01019801199436187744140625" lon="5.81806381233036518096923828125">
        <ele>35.40000152587890625</ele>
        <time>2026-05-30T13:34:20.000Z</time>
        <extensions>
          <ns3:TrackPointExtension>
            <ns3:hr>179</ns3:hr>
          </ns3:TrackPointExtension>
        </extensions>
      </trkpt>
      <trkpt lat="52.0101509056985378265380859375" lon="5.81813287921249866485595703125">
        <ele>35.59999847412109375</ele>
        <time>2026-05-30T13:34:27.000Z</time>
        <extensions>
          <ns3:TrackPointExtension>
            <ns3:hr>179</ns3:hr>
          </ns3:TrackPointExtension>
        </extensions>
      </trkpt>
      <trkpt lat="52.0101368241012096405029296875" lon="5.8183173649013042449951171875">
        <ele>35</ele>
        <time>2026-05-30T13:34:37.000Z</time>
        <extensions>
          <ns3:TrackPointExtension>
            <ns3:hr>177</ns3:hr>
          </ns3:TrackPointExtension>
        </extensions>
      </trkpt>
      <trkpt lat="52.01014093123376369476318359375" lon="5.81855599768459796905517578125">
        <ele>35.40000152587890625</ele>
        <time>2026-05-30T13:34:49.000Z</time>
        <extensions>
          <ns3:TrackPointExtension>
            <ns3:hr>178</ns3:hr>
          </ns3:TrackPointExtension>
        </extensions>
      </trkpt>
      <trkpt lat="52.0101116783916950225830078125" lon="5.818690024316310882568359375">
        <ele>35.799999237060546875</ele>
        <time>2026-05-30T13:34:58.000Z</time>
        <extensions>
          <ns3:TrackPointExtension>
            <ns3:hr>177</ns3:hr>
          </ns3:TrackPointExtension>
        </extensions>
      </trkpt>
      <trkpt lat="52.010099105536937713623046875" lon="5.81869681365787982940673828125">
        <ele>35.799999237060546875</ele>
        <time>2026-05-30T13:34:59.000Z</time>
        <extensions>
          <ns3:TrackPointExtension>
            <ns3:hr>178</ns3:hr>
          </ns3:TrackPointExtension>
        </extensions>
      </trkpt>
      <trkpt lat="52.00998687185347080230712890625" lon="5.81872313283383846282958984375">
        <ele>35.40000152587890625</ele>
        <time>2026-05-30T13:35:05.000Z</time>
        <extensions>
          <ns3:TrackPointExtension>
            <ns3:hr>180</ns3:hr>
          </ns3:TrackPointExtension>
        </extensions>
      </trkpt>
      <trkpt lat="52.0099245943129062652587890625" lon="5.81872615031898021697998046875">
        <ele>35</ele>
        <time>2026-05-30T13:35:13.000Z</time>
        <extensions>
          <ns3:TrackPointExtension>
            <ns3:hr>180</ns3:hr>
          </ns3:TrackPointExtension>
        </extensions>
      </trkpt>
      <trkpt lat="52.00994244776666164398193359375" lon="5.818728916347026824951171875">
        <ele>34.799999237060546875</ele>
        <time>2026-05-30T13:35:17.000Z</time>
        <extensions>
          <ns3:TrackPointExtension>
            <ns3:hr>181</ns3:hr>
          </ns3:TrackPointExtension>
        </extensions>
      </trkpt>
      <trkpt lat="52.0099115185439586639404296875" lon="5.81873402930796146392822265625">
        <ele>34.799999237060546875</ele>
        <time>2026-05-30T13:35:23.000Z</time>
        <extensions>
          <ns3:TrackPointExtension>
            <ns3:hr>181</ns3:hr>
          </ns3:TrackPointExtension>
        </extensions>
      </trkpt>
      <trkpt lat="52.0098407752811908721923828125" lon="5.818693377077579498291015625">
        <ele>35.59999847412109375</ele>
        <time>2026-05-30T13:35:31.000Z</time>
        <extensions>
          <ns3:TrackPointExtension>
            <ns3:hr>182</ns3:hr>
          </ns3:TrackPointExtension>
        </extensions>
      </trkpt>
      <trkpt lat="52.00983432121574878692626953125" lon="5.81864970736205577850341796875">
        <ele>35.40000152587890625</ele>
        <time>2026-05-30T13:35:33.000Z</time>
        <extensions>
          <ns3:TrackPointExtension>
            <ns3:hr>181</ns3:hr>
          </ns3:TrackPointExtension>
        </extensions>
      </trkpt>
      <trkpt lat="52.0098297111690044403076171875" lon="5.81862523220479488372802734375">
        <ele>34.59999847412109375</ele>
        <time>2026-05-30T13:35:37.000Z</time>
        <extensions>
          <ns3:TrackPointExtension>
            <ns3:hr>182</ns3:hr>
          </ns3:TrackPointExtension>
        </extensions>
      </trkpt>
      <trkpt lat="52.00983080081641674041748046875" lon="5.81856454722583293914794921875">
        <ele>34.799999237060546875</ele>
        <time>2026-05-30T13:35:45.000Z</time>
        <extensions>
          <ns3:TrackPointExtension>
            <ns3:hr>181</ns3:hr>
          </ns3:TrackPointExtension>
        </extensions>
      </trkpt>
      <trkpt lat="52.00982091017067432403564453125" lon="5.8184819854795932769775390625">
        <ele>34.59999847412109375</ele>
        <time>2026-05-30T13:35:54.000Z</time>
        <extensions>
          <ns3:TrackPointExtension>
            <ns3:hr>179</ns3:hr>
          </ns3:TrackPointExtension>
        </extensions>
      </trkpt>
      <trkpt lat="52.00981219299137592315673828125" lon="5.81843295134603977203369140625">
        <ele>34.799999237060546875</ele>
        <time>2026-05-30T13:36:00.000Z</time>
        <extensions>
          <ns3:TrackPointExtension>
            <ns3:hr>179</ns3:hr>
          </ns3:TrackPointExtension>
        </extensions>
      </trkpt>
      <trkpt lat="52.009817473590373992919921875" lon="5.8183626271784305572509765625">
        <ele>34.59999847412109375</ele>
        <time>2026-05-30T13:36:07.000Z</time>
        <extensions>
          <ns3:TrackPointExtension>
            <ns3:hr>177</ns3:hr>
          </ns3:TrackPointExtension>
        </extensions>
      </trkpt>
      <trkpt lat="52.00981571339070796966552734375" lon="5.818317867815494537353515625">
        <ele>34.59999847412109375</ele>
        <time>2026-05-30T13:36:13.000Z</time>
        <extensions>
          <ns3:TrackPointExtension>
            <ns3:hr>176</ns3:hr>
          </ns3:TrackPointExtension>
        </extensions>
      </trkpt>
      <trkpt lat="52.00982384383678436279296875" lon="5.81834980286657810211181640625">
        <ele>34.40000152587890625</ele>
        <time>2026-05-30T13:36:20.000Z</time>
        <extensions>
          <ns3:TrackPointExtension>
            <ns3:hr>176</ns3:hr>
          </ns3:TrackPointExtension>
        </extensions>
      </trkpt>
      <trkpt lat="52.0098303817212581634521484375" lon="5.81834368407726287841796875">
        <ele>34.59999847412109375</ele>
        <time>2026-05-30T13:36:28.000Z</time>
        <extensions>
          <ns3:TrackPointExtension>
            <ns3:hr>177</ns3:hr>
          </ns3:TrackPointExtension>
        </extensions>
      </trkpt>
      <trkpt lat="52.00983063317835330963134765625" lon="5.8183408342301845550537109375">
        <ele>34.59999847412109375</ele>
        <time>2026-05-30T13:36:29.000Z</time>
        <extensions>
          <ns3:TrackPointExtension>
            <ns3:hr>177</ns3:hr>
          </ns3:TrackPointExtension>
        </extensions>
      </trkpt>
    </trkseg>
  </trk>
</gpx>
