<?xml version="1.0" encoding="UTF-8"?>
<gpx creator="Garmin Connect" version="1.1"
  xsi:schemaLocation="http://www.topografix.com/GPX/1/1 http://www.topografix.com/GPX/11.xsd"
  xmlns:ns3="http://www.garmin.com/xmlschemas/TrackPointExtension/v1"
  xmlns="http://www.topografix.com/GPX/1/1"
  xmlns:xsi="http://www.w3.org/2001/XMLSchema-instance" xmlns:ns2="http://www.garmin.com/xmlschemas/GpxExtensions/v3">
  <metadata>
    <link href="connect.garmin.com">
      <text>Garmin Connect</text>
    </link>
    <time>2026-06-21T14:05:19.000Z</time>
  </metadata>
  <trk>
    <name>Midzomeravond</name>
    <type>walking</type>
    <trkseg>
      <trkpt lat="51.41066067852079868316650390625" lon="5.47904424369335174560546875">
        <ele>17.6000003814697265625</ele>
        <time>2026-06-21T14:05:19.000Z</time>
        <extensions>
          <ns3:TrackPointExtension>
            <ns3:hr>142</ns3:hr>
          </ns3:TrackPointExtension>
        </extensions>
      </trkpt>
      <trkpt lat="51.410637460649013519287109375" lon="5.4789854027330875396728515625">
        <ele>18</ele>
        <time>2026-06-21T14:05:24.000Z</time>
        <extensions>
          <ns3:TrackPointExtension>
            <ns3:hr>139</ns3:hr>
          </ns3:TrackPointExtension>
        </extensions>
      </trkpt>
      <trkpt lat="51.4106195233762264251708984375" lon="5.47892061062157154083251953125">
        <ele>18</ele>
        <time>2026-06-21T14:05:30.000Z</time>
        <extensions>
          <ns3:TrackPointExtension>
            <ns3:hr>137</ns3:hr>
          </ns3:TrackPointExtension>
        </extensions>
      </trkpt>
      <trkpt lat="51.41062530688941478729248046875" lon="5.4787753522396087646484375">
        <ele>17.3999996185302734375</ele>
        <time>2026-06-21T14:05:40.000Z</time>
        <extensions>
          <ns3:TrackPointExtension>
            <ns3:hr>136</ns3:hr>
          </ns3:TrackPointExtension>
        </extensions>
      </trkpt>
      <trkpt lat="51.4106369577348232269287109375" lon="5.47863529063761234283447265625">
        <ele>17.6000003814697265625</ele>
        <time>2026-06-21T14:05:50.000Z</time>
        <extensions>
          <ns3:TrackPointExtension>
            <ns3:hr>137</ns3:hr>
          </ns3:TrackPointExtension>
        </extensions>
      </trkpt>
      <trkpt lat="51.41064324416220188140869140625" lon="5.47849883325397968292236328125">
        <ele>17.200000762939453125</ele>
        <time>2026-06-21T14:05:57.000Z</time>
        <extensions>
          <ns3:TrackPointExtension>
            <ns3:hr>140</ns3:hr>
          </ns3:TrackPointExtension>
        </extensions>
      </trkpt>
      <trkpt lat="51.4106423221528530120849609375" lon="5.47845826484262943267822265625">
        <ele>17.200000762939453125</ele>
        <time>2026-06-21T14:06:00.000Z</time>
        <extensions>
          <ns3:TrackPointExtension>
            <ns3:hr>140</ns3:hr>
          </ns3:TrackPointExtension>
        </extensions>
      </trkpt>
      <trkpt lat="51.41066369600594043731689453125" lon="5.47829649411141872406005859375">
        <ele>17</ele>
        <time>2026-06-21T14:06:08.000Z</time>
        <extensions>
          <ns3:TrackPointExtension>
            <ns3:hr>137</ns3:hr>
          </ns3:TrackPointExtension>
        </extensions>
      </trkpt>
      <trkpt lat="51.410675346851348876953125" lon="5.4782545007765293121337890625">
        <ele>17.200000762939453125</ele>
        <time>2026-06-21T14:06:10.000Z</time>
        <extensions>
          <ns3:TrackPointExtension>
            <ns3:hr>134</ns3:hr>
          </ns3:TrackPointExtension>
        </extensions>
      </trkpt>
      <trkpt lat="51.41069001518189907073974609375" lon="5.47812759876251220703125">
        <ele>17</ele>
        <time>2026-06-21T14:06:16.000Z</time>
        <extensions>
          <ns3:TrackPointExtension>
            <ns3:hr>132</ns3:hr>
          </ns3:TrackPointExtension>
        </extensions>
      </trkpt>
      <trkpt lat="51.4106936194002628326416015625" lon="5.47802072949707508087158203125">
        <ele>16.799999237060546875</ele>
        <time>2026-06-21T14:06:21.000Z</time>
        <extensions>
          <ns3:TrackPointExtension>
            <ns3:hr>145</ns3:hr>
          </ns3:TrackPointExtension>
        </extensions>
      </trkpt>
      <trkpt lat="51.410694122314453125" lon="5.47800430096685886383056640625">
        <ele>16.799999237060546875</ele>
        <time>2026-06-21T14:06:22.000Z</time>
        <extensions>
          <ns3:TrackPointExtension>
            <ns3:hr>152</ns3:hr>
          </ns3:TrackPointExtension>
        </extensions>
      </trkpt>
      <trkpt lat="51.41069822944700717926025390625" lon="5.47796599566936492919921875">
        <ele>16.799999237060546875</ele>
        <time>2026-06-21T14:06:24.000Z</time>
        <extensions>
          <ns3:TrackPointExtension>
            <ns3:hr>155</ns3:hr>
          </ns3:TrackPointExtension>
        </extensions>
      </trkpt>
      <trkpt lat="51.4107008278369903564453125" lon="5.4779477231204509735107421875">
        <ele>16.799999237060546875</ele>
        <time>2026-06-21T14:06:25.000Z</time>
        <extensions>
          <ns3:TrackPointExtension>
            <ns3:hr>155</ns3:hr>
          </ns3:TrackPointExtension>
        </extensions>
      </trkpt>
      <trkpt lat="51.410677693784236907958984375" lon="5.47780732624232769012451171875">
        <ele>16.799999237060546875</ele>
        <time>2026-06-21T14:06:34.000Z</time>
        <extensions>
          <ns3:TrackPointExtension>
            <ns3:hr>156</ns3:hr>
          </ns3:TrackPointExtension>
        </extensions>
      </trkpt>
      <trkpt lat="51.41065849922597408294677734375" lon="5.47778033651411533355712890625">
        <ele>16.6000003814697265625</ele>
        <time>2026-06-21T14:06:36.000Z</time>
        <extensions>
          <ns3:TrackPointExtension>
            <ns3:hr>155</ns3:hr>
          </ns3:TrackPointExtension>
        </extensions>
      </trkpt>
      <trkpt lat="51.4105970598757266998291015625" lon="5.4777264408767223358154296875">
        <ele>17.200000762939453125</ele>
        <time>2026-06-21T14:06:42.000Z</time>
        <extensions>
          <ns3:TrackPointExtension>
            <ns3:hr>154</ns3:hr>
          </ns3:TrackPointExtension>
        </extensions>
      </trkpt>
      <trkpt lat="51.4104639552533626556396484375" lon="5.4777157120406627655029296875">
        <ele>16.3999996185302734375</ele>
        <time>2026-06-21T14:06:52.000Z</time>
        <extensions>
          <ns3:TrackPointExtension>
            <ns3:hr>153</ns3:hr>
          </ns3:TrackPointExtension>
        </extensions>
      </trkpt>
      <trkpt lat="51.410329677164554595947265625" lon="5.477688722312450408935546875">
        <ele>16.3999996185302734375</ele>
        <time>2026-06-21T14:07:03.000Z</time>
        <extensions>
          <ns3:TrackPointExtension>
            <ns3:hr>152</ns3:hr>
          </ns3:TrackPointExtension>
        </extensions>
      </trkpt>
      <trkpt lat="51.41024828888475894927978515625" lon="5.47764136455953121185302734375">
        <ele>16.3999996185302734375</ele>
        <time>2026-06-21T14:07:10.000Z</time>
        <extensions>
          <ns3:TrackPointExtension>
            <ns3:hr>156</ns3:hr>
          </ns3:TrackPointExtension>
        </extensions>
      </trkpt>
      <trkpt lat="51.41015407629311084747314453125" lon="5.47755536623299121856689453125">
        <ele>16.799999237060546875</ele>
        <time>2026-06-21T14:07:19.000Z</time>
        <extensions>
          <ns3:TrackPointExtension>
            <ns3:hr>157</ns3:hr>
          </ns3:TrackPointExtension>
        </extensions>
      </trkpt>
      <trkpt lat="51.41007059253752231597900390625" lon="5.47743014059960842132568359375">
        <ele>16.6000003814697265625</ele>
        <time>2026-06-21T14:07:28.000Z</time>
        <extensions>
          <ns3:TrackPointExtension>
            <ns3:hr>156</ns3:hr>
          </ns3:TrackPointExtension>
        </extensions>
      </trkpt>
      <trkpt lat="51.40998895280063152313232421875" lon="5.47728563658893108367919921875">
        <ele>16.6000003814697265625</ele>
        <time>2026-06-21T14:07:37.000Z</time>
        <extensions>
          <ns3:TrackPointExtension>
            <ns3:hr>156</ns3:hr>
          </ns3:TrackPointExtension>
        </extensions>
      </trkpt>
      <trkpt lat="51.40995584428310394287109375" lon="5.4771621711552143096923828125">
        <ele>17.3999996185302734375</ele>
        <time>2026-06-21T14:07:45.000Z</time>
        <extensions>
          <ns3:TrackPointExtension>
            <ns3:hr>156</ns3:hr>
          </ns3:TrackPointExtension>
        </extensions>
      </trkpt>
      <trkpt lat="51.40992441214621067047119140625" lon="5.4769633524119853973388671875">
        <ele>17</ele>
        <time>2026-06-21T14:07:56.000Z</time>
        <extensions>
          <ns3:TrackPointExtension>
            <ns3:hr>156</ns3:hr>
          </ns3:TrackPointExtension>
        </extensions>
      </trkpt>
      <trkpt lat="51.40991603024303913116455078125" lon="5.47676478512585163116455078125">
        <ele>17</ele>
        <time>2026-06-21T14:08:04.000Z</time>
        <extensions>
          <ns3:TrackPointExtension>
            <ns3:hr>156</ns3:hr>
          </ns3:TrackPointExtension>
        </extensions>
      </trkpt>
      <trkpt lat="51.40992625616490840911865234375" lon="5.4765600152313709259033203125">
        <ele>17.3999996185302734375</ele>
        <time>2026-06-21T14:08:15.000Z</time>
        <extensions>
          <ns3:TrackPointExtension>
            <ns3:hr>156</ns3:hr>
          </ns3:TrackPointExtension>
        </extensions>
      </trkpt>
      <trkpt lat="51.40985794365406036376953125" lon="5.476456247270107269287109375">
        <ele>17</ele>
        <time>2026-06-21T14:08:23.000Z</time>
        <extensions>
          <ns3:TrackPointExtension>
            <ns3:hr>156</ns3:hr>
          </ns3:TrackPointExtension>
        </extensions>
      </trkpt>
      <trkpt lat="51.4097528345882892608642578125" lon="5.47643135301768779754638671875">
        <ele>17.200000762939453125</ele>
        <time>2026-06-21T14:08:31.000Z</time>
        <extensions>
          <ns3:TrackPointExtension>
            <ns3:hr>154</ns3:hr>
          </ns3:TrackPointExtension>
        </extensions>
      </trkpt>
      <trkpt lat="51.4096708595752716064453125" lon="5.47637703828513622283935546875">
        <ele>17</ele>
        <time>2026-06-21T14:08:39.000Z</time>
        <extensions>
          <ns3:TrackPointExtension>
            <ns3:hr>154</ns3:hr>
          </ns3:TrackPointExtension>
        </extensions>
      </trkpt>
      <trkpt lat="51.40957656316459178924560546875" lon="5.4763367213308811187744140625">
        <ele>17</ele>
        <time>2026-06-21T14:08:48.000Z</time>
        <extensions>
          <ns3:TrackPointExtension>
            <ns3:hr>155</ns3:hr>
          </ns3:TrackPointExtension>
        </extensions>
      </trkpt>
      <trkpt lat="51.40946097671985626220703125" lon="5.47627620398998260498046875">
        <ele>17.200000762939453125</ele>
        <time>2026-06-21T14:08:57.000Z</time>
        <extensions>
          <ns3:TrackPointExtension>
            <ns3:hr>157</ns3:hr>
          </ns3:TrackPointExtension>
        </extensions>
      </trkpt>
      <trkpt lat="51.4093464799225330352783203125" lon="5.47620235942304134368896484375">
        <ele>17</ele>
        <time>2026-06-21T14:09:07.000Z</time>
        <extensions>
          <ns3:TrackPointExtension>
            <ns3:hr>158</ns3:hr>
          </ns3:TrackPointExtension>
        </extensions>
      </trkpt>
      <trkpt lat="51.409226618707180023193359375" lon="5.4761120863258838653564453125">
        <ele>17.200000762939453125</ele>
        <time>2026-06-21T14:09:17.000Z</time>
        <extensions>
          <ns3:TrackPointExtension>
            <ns3:hr>158</ns3:hr>
          </ns3:TrackPointExtension>
        </extensions>
      </trkpt>
      <trkpt lat="51.4091235212981700897216796875" lon="5.47605601139366626739501953125">
        <ele>17.200000762939453125</ele>
        <time>2026-06-21T14:09:27.000Z</time>
        <extensions>
          <ns3:TrackPointExtension>
            <ns3:hr>156</ns3:hr>
          </ns3:TrackPointExtension>
        </extensions>
      </trkpt>
      <trkpt lat="51.40899854712188243865966796875" lon="5.47599465586245059967041015625">
        <ele>17.3999996185302734375</ele>
        <time>2026-06-21T14:09:38.000Z</time>
        <extensions>
          <ns3:TrackPointExtension>
            <ns3:hr>154</ns3:hr>
          </ns3:TrackPointExtension>
        </extensions>
      </trkpt>
      <trkpt lat="51.408896036446094512939453125" lon="5.4759112559258937835693359375">
        <ele>17.3999996185302734375</ele>
        <time>2026-06-21T14:09:47.000Z</time>
        <extensions>
          <ns3:TrackPointExtension>
            <ns3:hr>154</ns3:hr>
          </ns3:TrackPointExtension>
        </extensions>
      </trkpt>
      <trkpt lat="51.408835351467132568359375" lon="5.47577085904777050018310546875">
        <ele>17.3999996185302734375</ele>
        <time>2026-06-21T14:09:56.000Z</time>
        <extensions>
          <ns3:TrackPointExtension>
            <ns3:hr>154</ns3:hr>
          </ns3:TrackPointExtension>
        </extensions>
      </trkpt>
      <trkpt lat="51.4088522829115390777587890625" lon="5.47558545134961605072021484375">
        <ele>17.3999996185302734375</ele>
        <time>2026-06-21T14:10:05.000Z</time>
        <extensions>
          <ns3:TrackPointExtension>
            <ns3:hr>154</ns3:hr>
          </ns3:TrackPointExtension>
        </extensions>
      </trkpt>
      <trkpt lat="51.4088640175759792327880859375" lon="5.47541513107717037200927734375">
        <ele>17.3999996185302734375</ele>
        <time>2026-06-21T14:10:14.000Z</time>
        <extensions>
          <ns3:TrackPointExtension>
            <ns3:hr>154</ns3:hr>
          </ns3:TrackPointExtension>
        </extensions>
      </trkpt>
      <trkpt lat="51.40887130983173847198486328125" lon="5.4752616584300994873046875">
        <ele>17.3999996185302734375</ele>
        <time>2026-06-21T14:10:22.000Z</time>
        <extensions>
          <ns3:TrackPointExtension>
            <ns3:hr>155</ns3:hr>
          </ns3:TrackPointExtension>
        </extensions>
      </trkpt>
      <trkpt lat="51.4088546298444271087646484375" lon="5.47523508779704570770263671875">
        <ele>17.6000003814697265625</ele>
        <time>2026-06-21T14:10:30.000Z</time>
        <extensions>
          <ns3:TrackPointExtension>
            <ns3:hr>154</ns3:hr>
          </ns3:TrackPointExtension>
        </extensions>
      </trkpt>
      <trkpt lat="51.408835686743259429931640625" lon="5.47520608641207218170166015625">
        <ele>18.3999996185302734375</ele>
        <time>2026-06-21T14:10:39.000Z</time>
        <extensions>
          <ns3:TrackPointExtension>
            <ns3:hr>156</ns3:hr>
          </ns3:TrackPointExtension>
        </extensions>
      </trkpt>
      <trkpt lat="51.4088422246277332305908203125" lon="5.47517658211290836334228515625">
        <ele>17.6000003814697265625</ele>
        <time>2026-06-21T14:10:49.000Z</time>
        <extensions>
          <ns3:TrackPointExtension>
            <ns3:hr>156</ns3:hr>
          </ns3:TrackPointExtension>
        </extensions>
      </trkpt>
      <trkpt lat="51.4088264666497707366943359375" lon="5.47516585327684879302978515625">
        <ele>17.6000003814697265625</ele>
        <time>2026-06-21T14:11:00.000Z</time>
        <extensions>
          <ns3:TrackPointExtension>
            <ns3:hr>156</ns3:hr>
          </ns3:TrackPointExtension>
        </extensions>
      </trkpt>
      <trkpt lat="51.40879436396062374114990234375" lon="5.47514053992927074432373046875">
        <ele>17.6000003814697265625</ele>
        <time>2026-06-21T14:11:12.000Z</time>
        <extensions>
          <ns3:TrackPointExtension>
            <ns3:hr>154</ns3:hr>
          </ns3:TrackPointExtension>
        </extensions>
      </trkpt>
      <trkpt lat="51.4087915979325771331787109375" lon="5.47513970173895359039306640625">
        <ele>17.3999996185302734375</ele>
        <time>2026-06-21T14:11:13.000Z</time>
        <extensions>
          <ns3:TrackPointExtension>
            <ns3:hr>153</ns3:hr>
          </ns3:TrackPointExtension>
        </extensions>
      </trkpt>
      <trkpt lat="51.40876720659434795379638671875" lon="5.4751382768154144287109375">
        <ele>16.3999996185302734375</ele>
        <time>2026-06-21T14:11:22.000Z</time>
        <extensions>
          <ns3:TrackPointExtension>
            <ns3:hr>151</ns3:hr>
          </ns3:TrackPointExtension>
        </extensions>
      </trkpt>
      <trkpt lat="51.408736445009708404541015625" lon="5.4751490056514739990234375">
        <ele>16.3999996185302734375</ele>
        <time>2026-06-21T14:11:25.000Z</time>
        <extensions>
          <ns3:TrackPointExtension>
            <ns3:hr>150</ns3:hr>
          </ns3:TrackPointExtension>
        </extensions>
      </trkpt>
      <trkpt lat="51.4086859859526157379150390625" lon="5.475178174674510955810546875">
        <ele>16.200000762939453125</ele>
        <time>2026-06-21T14:11:29.000Z</time>
        <extensions>
          <ns3:TrackPointExtension>
            <ns3:hr>147</ns3:hr>
          </ns3:TrackPointExtension>
        </extensions>
      </trkpt>
      <trkpt lat="51.4086735807359218597412109375" lon="5.475185215473175048828125">
        <ele>16.200000762939453125</ele>
        <time>2026-06-21T14:11:30.000Z</time>
        <extensions>
          <ns3:TrackPointExtension>
            <ns3:hr>146</ns3:hr>
          </ns3:TrackPointExtension>
        </extensions>
      </trkpt>
      <trkpt lat="51.4086263068020343780517578125" lon="5.4752460680902004241943359375">
        <ele>16</ele>
        <time>2026-06-21T14:11:37.000Z</time>
        <extensions>
          <ns3:TrackPointExtension>
            <ns3:hr>145</ns3:hr>
          </ns3:TrackPointExtension>
        </extensions>
      </trkpt>
      <trkpt lat="51.4085944555699825286865234375" lon="5.4752906598150730133056640625">
        <ele>16</ele>
        <time>2026-06-21T14:11:41.000Z</time>
        <extensions>
          <ns3:TrackPointExtension>
            <ns3:hr>148</ns3:hr>
          </ns3:TrackPointExtension>
        </extensions>
      </trkpt>
      <trkpt lat="51.40854097902774810791015625" lon="5.4753421247005462646484375">
        <ele>16</ele>
        <time>2026-06-21T14:11:46.000Z</time>
        <extensions>
          <ns3:TrackPointExtension>
            <ns3:hr>148</ns3:hr>
          </ns3:TrackPointExtension>
        </extensions>
      </trkpt>
      <trkpt lat="51.40847568400204181671142578125" lon="5.4754190705716609954833984375">
        <ele>16.200000762939453125</ele>
        <time>2026-06-21T14:11:54.000Z</time>
        <extensions>
          <ns3:TrackPointExtension>
            <ns3:hr>150</ns3:hr>
          </ns3:TrackPointExtension>
        </extensions>
      </trkpt>
      <trkpt lat="51.40840125270187854766845703125" lon="5.47548486851155757904052734375">
        <ele>16.200000762939453125</ele>
        <time>2026-06-21T14:12:02.000Z</time>
        <extensions>
          <ns3:TrackPointExtension>
            <ns3:hr>149</ns3:hr>
          </ns3:TrackPointExtension>
        </extensions>
      </trkpt>
      <trkpt lat="51.40835448168218135833740234375" lon="5.47552476637065410614013671875">
        <ele>16.200000762939453125</ele>
        <time>2026-06-21T14:12:07.000Z</time>
        <extensions>
          <ns3:TrackPointExtension>
            <ns3:hr>153</ns3:hr>
          </ns3:TrackPointExtension>
        </extensions>
      </trkpt>
      <trkpt lat="51.40831056050956249237060546875" lon="5.475565753877162933349609375">
        <ele>16.200000762939453125</ele>
        <time>2026-06-21T14:12:11.000Z</time>
        <extensions>
          <ns3:TrackPointExtension>
            <ns3:hr>155</ns3:hr>
          </ns3:TrackPointExtension>
        </extensions>
      </trkpt>
      <trkpt lat="51.40822154469788074493408203125" lon="5.47566466033458709716796875">
        <ele>16.200000762939453125</ele>
        <time>2026-06-21T14:12:21.000Z</time>
        <extensions>
          <ns3:TrackPointExtension>
            <ns3:hr>155</ns3:hr>
          </ns3:TrackPointExtension>
        </extensions>
      </trkpt>
      <trkpt lat="51.40814962796866893768310546875" lon="5.475803799927234649658203125">
        <ele>16.200000762939453125</ele>
        <time>2026-06-21T14:12:31.000Z</time>
        <extensions>
          <ns3:TrackPointExtension>
            <ns3:hr>155</ns3:hr>
          </ns3:TrackPointExtension>
        </extensions>
      </trkpt>
      <trkpt lat="51.40810051001608371734619140625" lon="5.47589658759534358978271484375">
        <ele>16.3999996185302734375</ele>
        <time>2026-06-21T14:12:40.000Z</time>
        <extensions>
          <ns3:TrackPointExtension>
            <ns3:hr>155</ns3:hr>
          </ns3:TrackPointExtension>
        </extensions>
      </trkpt>
      <trkpt lat="51.40804435126483440399169921875" lon="5.4760287702083587646484375">
        <ele>16.6000003814697265625</ele>
        <time>2026-06-21T14:12:49.000Z</time>
        <extensions>
          <ns3:TrackPointExtension>
            <ns3:hr>156</ns3:hr>
          </ns3:TrackPointExtension>
        </extensions>
      </trkpt>
      <trkpt lat="51.40797100961208343505859375" lon="5.47612457536160945892333984375">
        <ele>17.200000762939453125</ele>
        <time>2026-06-21T14:12:58.000Z</time>
        <extensions>
          <ns3:TrackPointExtension>
            <ns3:hr>155</ns3:hr>
          </ns3:TrackPointExtension>
        </extensions>
      </trkpt>
      <trkpt lat="51.407961286604404449462890625" lon="5.47613203525543212890625">
        <ele>17.3999996185302734375</ele>
        <time>2026-06-21T14:12:59.000Z</time>
        <extensions>
          <ns3:TrackPointExtension>
            <ns3:hr>156</ns3:hr>
          </ns3:TrackPointExtension>
        </extensions>
      </trkpt>
      <trkpt lat="51.4078796468675136566162109375" lon="5.4761513136327266693115234375">
        <ele>17</ele>
        <time>2026-06-21T14:13:07.000Z</time>
        <extensions>
          <ns3:TrackPointExtension>
            <ns3:hr>155</ns3:hr>
          </ns3:TrackPointExtension>
        </extensions>
      </trkpt>
      <trkpt lat="51.40774972736835479736328125" lon="5.47607772052288055419921875">
        <ele>17</ele>
        <time>2026-06-21T14:13:16.000Z</time>
        <extensions>
          <ns3:TrackPointExtension>
            <ns3:hr>155</ns3:hr>
          </ns3:TrackPointExtension>
        </extensions>
      </trkpt>
      <trkpt lat="51.4076717756688594818115234375" lon="5.4759873636066913604736328125">
        <ele>17.200000762939453125</ele>
        <time>2026-06-21T14:13:23.000Z</time>
        <extensions>
          <ns3:TrackPointExtension>
            <ns3:hr>156</ns3:hr>
          </ns3:TrackPointExtension>
        </extensions>
      </trkpt>
      <trkpt lat="51.407612264156341552734375" lon="5.47589122317731380462646484375">
        <ele>17.200000762939453125</ele>
        <time>2026-06-21T14:13:31.000Z</time>
        <extensions>
          <ns3:TrackPointExtension>
            <ns3:hr>158</ns3:hr>
          </ns3:TrackPointExtension>
        </extensions>
      </trkpt>
      <trkpt lat="51.40753573738038539886474609375" lon="5.47576432116329669952392578125">
        <ele>17.6000003814697265625</ele>
        <time>2026-06-21T14:13:41.000Z</time>
        <extensions>
          <ns3:TrackPointExtension>
            <ns3:hr>159</ns3:hr>
          </ns3:TrackPointExtension>
        </extensions>
      </trkpt>
      <trkpt lat="51.40745376236736774444580078125" lon="5.475638844072818756103515625">
        <ele>17.6000003814697265625</ele>
        <time>2026-06-21T14:13:51.000Z</time>
        <extensions>
          <ns3:TrackPointExtension>
            <ns3:hr>160</ns3:hr>
          </ns3:TrackPointExtension>
        </extensions>
      </trkpt>
      <trkpt lat="51.407349072396755218505859375" lon="5.47556919045746326446533203125">
        <ele>17.3999996185302734375</ele>
        <time>2026-06-21T14:14:01.000Z</time>
        <extensions>
          <ns3:TrackPointExtension>
            <ns3:hr>159</ns3:hr>
          </ns3:TrackPointExtension>
        </extensions>
      </trkpt>
      <trkpt lat="51.40723717398941516876220703125" lon="5.47556516714394092559814453125">
        <ele>17.6000003814697265625</ele>
        <time>2026-06-21T14:14:11.000Z</time>
        <extensions>
          <ns3:TrackPointExtension>
            <ns3:hr>159</ns3:hr>
          </ns3:TrackPointExtension>
        </extensions>
      </trkpt>
      <trkpt lat="51.4071467332541942596435546875" lon="5.4756681807339191436767578125">
        <ele>17.799999237060546875</ele>
        <time>2026-06-21T14:14:20.000Z</time>
        <extensions>
          <ns3:TrackPointExtension>
            <ns3:hr>160</ns3:hr>
          </ns3:TrackPointExtension>
        </extensions>
      </trkpt>
      <trkpt lat="51.40703684650361537933349609375" lon="5.4758100025355815887451171875">
        <ele>17.6000003814697265625</ele>
        <time>2026-06-21T14:14:31.000Z</time>
        <extensions>
          <ns3:TrackPointExtension>
            <ns3:hr>161</ns3:hr>
          </ns3:TrackPointExtension>
        </extensions>
      </trkpt>
      <trkpt lat="51.406942047178745269775390625" lon="5.47589792869985103607177734375">
        <ele>17.3999996185302734375</ele>
        <time>2026-06-21T14:14:40.000Z</time>
        <extensions>
          <ns3:TrackPointExtension>
            <ns3:hr>161</ns3:hr>
          </ns3:TrackPointExtension>
        </extensions>
      </trkpt>
      <trkpt lat="51.40685630030930042266845703125" lon="5.4759893752634525299072265625">
        <ele>17.799999237060546875</ele>
        <time>2026-06-21T14:14:50.000Z</time>
        <extensions>
          <ns3:TrackPointExtension>
            <ns3:hr>162</ns3:hr>
          </ns3:TrackPointExtension>
        </extensions>
      </trkpt>
      <trkpt lat="51.40682394616305828094482421875" lon="5.4760126769542694091796875">
        <ele>17.799999237060546875</ele>
        <time>2026-06-21T14:14:54.000Z</time>
        <extensions>
          <ns3:TrackPointExtension>
            <ns3:hr>165</ns3:hr>
          </ns3:TrackPointExtension>
        </extensions>
      </trkpt>
      <trkpt lat="51.406764686107635498046875" lon="5.47604494728147983551025390625">
        <ele>18.200000762939453125</ele>
        <time>2026-06-21T14:14:59.000Z</time>
        <extensions>
          <ns3:TrackPointExtension>
            <ns3:hr>165</ns3:hr>
          </ns3:TrackPointExtension>
        </extensions>
      </trkpt>
      <trkpt lat="51.4067209325730800628662109375" lon="5.47605182044208049774169921875">
        <ele>18.3999996185302734375</ele>
        <time>2026-06-21T14:15:03.000Z</time>
        <extensions>
          <ns3:TrackPointExtension>
            <ns3:hr>165</ns3:hr>
          </ns3:TrackPointExtension>
        </extensions>
      </trkpt>
      <trkpt lat="51.40666670165956020355224609375" lon="5.4760755412280559539794921875">
        <ele>18.6000003814697265625</ele>
        <time>2026-06-21T14:15:07.000Z</time>
        <extensions>
          <ns3:TrackPointExtension>
            <ns3:hr>165</ns3:hr>
          </ns3:TrackPointExtension>
        </extensions>
      </trkpt>
      <trkpt lat="51.4065687172114849090576171875" lon="5.47605433501303195953369140625">
        <ele>18.6000003814697265625</ele>
        <time>2026-06-21T14:15:15.000Z</time>
        <extensions>
          <ns3:TrackPointExtension>
            <ns3:hr>168</ns3:hr>
          </ns3:TrackPointExtension>
        </extensions>
      </trkpt>
      <trkpt lat="51.40651599504053592681884765625" lon="5.47589206136763095855712890625">
        <ele>18.6000003814697265625</ele>
        <time>2026-06-21T14:15:24.000Z</time>
        <extensions>
          <ns3:TrackPointExtension>
            <ns3:hr>169</ns3:hr>
          </ns3:TrackPointExtension>
        </extensions>
      </trkpt>
      <trkpt lat="51.406469643115997314453125" lon="5.47573565505445003509521484375">
        <ele>18.799999237060546875</ele>
        <time>2026-06-21T14:15:33.000Z</time>
        <extensions>
          <ns3:TrackPointExtension>
            <ns3:hr>170</ns3:hr>
          </ns3:TrackPointExtension>
        </extensions>
      </trkpt>
      <trkpt lat="51.40637719072401523590087890625" lon="5.47562635503709316253662109375">
        <ele>18.799999237060546875</ele>
        <time>2026-06-21T14:15:43.000Z</time>
        <extensions>
          <ns3:TrackPointExtension>
            <ns3:hr>168</ns3:hr>
          </ns3:TrackPointExtension>
        </extensions>
      </trkpt>
      <trkpt lat="51.4062810502946376800537109375" lon="5.4754549451172351837158203125">
        <ele>18.200000762939453125</ele>
        <time>2026-06-21T14:15:53.000Z</time>
        <extensions>
          <ns3:TrackPointExtension>
            <ns3:hr>168</ns3:hr>
          </ns3:TrackPointExtension>
        </extensions>
      </trkpt>
      <trkpt lat="51.40626520849764347076416015625" lon="5.47526895068585872650146484375">
        <ele>18.200000762939453125</ele>
        <time>2026-06-21T14:16:02.000Z</time>
        <extensions>
          <ns3:TrackPointExtension>
            <ns3:hr>167</ns3:hr>
          </ns3:TrackPointExtension>
        </extensions>
      </trkpt>
      <trkpt lat="51.40624391846358776092529296875" lon="5.47512193210422992706298828125">
        <ele>18.200000762939453125</ele>
        <time>2026-06-21T14:16:09.000Z</time>
        <extensions>
          <ns3:TrackPointExtension>
            <ns3:hr>166</ns3:hr>
          </ns3:TrackPointExtension>
        </extensions>
      </trkpt>
      <trkpt lat="51.40621843747794628143310546875" lon="5.474999807775020599365234375">
        <ele>18.200000762939453125</ele>
        <time>2026-06-21T14:16:16.000Z</time>
        <extensions>
          <ns3:TrackPointExtension>
            <ns3:hr>169</ns3:hr>
          </ns3:TrackPointExtension>
        </extensions>
      </trkpt>
      <trkpt lat="51.4062139950692653656005859375" lon="5.4749815352261066436767578125">
        <ele>18.3999996185302734375</ele>
        <time>2026-06-21T14:16:17.000Z</time>
        <extensions>
          <ns3:TrackPointExtension>
            <ns3:hr>169</ns3:hr>
          </ns3:TrackPointExtension>
        </extensions>
      </trkpt>
      <trkpt lat="51.40616856515407562255859375" lon="5.4748484306037425994873046875">
        <ele>18.200000762939453125</ele>
        <time>2026-06-21T14:16:25.000Z</time>
        <extensions>
          <ns3:TrackPointExtension>
            <ns3:hr>170</ns3:hr>
          </ns3:TrackPointExtension>
        </extensions>
      </trkpt>
      <trkpt lat="51.40611517243087291717529296875" lon="5.47467869706451892852783203125">
        <ele>18.3999996185302734375</ele>
        <time>2026-06-21T14:16:34.000Z</time>
        <extensions>
          <ns3:TrackPointExtension>
            <ns3:hr>170</ns3:hr>
          </ns3:TrackPointExtension>
        </extensions>
      </trkpt>
      <trkpt lat="51.4060845784842967987060546875" lon="5.4744977317750453948974609375">
        <ele>18.200000762939453125</ele>
        <time>2026-06-21T14:16:43.000Z</time>
        <extensions>
          <ns3:TrackPointExtension>
            <ns3:hr>169</ns3:hr>
          </ns3:TrackPointExtension>
        </extensions>
      </trkpt>
      <trkpt lat="51.4060721732676029205322265625" lon="5.47428843565285205841064453125">
        <ele>18.200000762939453125</ele>
        <time>2026-06-21T14:16:54.000Z</time>
        <extensions>
          <ns3:TrackPointExtension>
            <ns3:hr>169</ns3:hr>
          </ns3:TrackPointExtension>
        </extensions>
      </trkpt>
      <trkpt lat="51.40607208944857120513916015625" lon="5.4740990884602069854736328125">
        <ele>18.200000762939453125</ele>
        <time>2026-06-21T14:17:03.000Z</time>
        <extensions>
          <ns3:TrackPointExtension>
            <ns3:hr>169</ns3:hr>
          </ns3:TrackPointExtension>
        </extensions>
      </trkpt>
      <trkpt lat="51.406074352562427520751953125" lon="5.47390202991664409637451171875">
        <ele>18</ele>
        <time>2026-06-21T14:17:14.000Z</time>
        <extensions>
          <ns3:TrackPointExtension>
            <ns3:hr>167</ns3:hr>
          </ns3:TrackPointExtension>
        </extensions>
      </trkpt>
      <trkpt lat="51.4060688205063343048095703125" lon="5.473700948059558868408203125">
        <ele>18.200000762939453125</ele>
        <time>2026-06-21T14:17:23.000Z</time>
        <extensions>
          <ns3:TrackPointExtension>
            <ns3:hr>168</ns3:hr>
          </ns3:TrackPointExtension>
        </extensions>
      </trkpt>
      <trkpt lat="51.40608382411301136016845703125" lon="5.47351059503853321075439453125">
        <ele>18</ele>
        <time>2026-06-21T14:17:33.000Z</time>
        <extensions>
          <ns3:TrackPointExtension>
            <ns3:hr>169</ns3:hr>
          </ns3:TrackPointExtension>
        </extensions>
      </trkpt>
      <trkpt lat="51.4060788787901401519775390625" lon="5.47330565750598907470703125">
        <ele>18</ele>
        <time>2026-06-21T14:17:43.000Z</time>
        <extensions>
          <ns3:TrackPointExtension>
            <ns3:hr>169</ns3:hr>
          </ns3:TrackPointExtension>
        </extensions>
      </trkpt>
      <trkpt lat="51.405987180769443511962890625" lon="5.47315151430666446685791015625">
        <ele>18</ele>
        <time>2026-06-21T14:17:53.000Z</time>
        <extensions>
          <ns3:TrackPointExtension>
            <ns3:hr>170</ns3:hr>
          </ns3:TrackPointExtension>
        </extensions>
      </trkpt>
      <trkpt lat="51.40589288435876369476318359375" lon="5.4730785079300403594970703125">
        <ele>18.200000762939453125</ele>
        <time>2026-06-21T14:18:01.000Z</time>
        <extensions>
          <ns3:TrackPointExtension>
            <ns3:hr>169</ns3:hr>
          </ns3:TrackPointExtension>
        </extensions>
      </trkpt>
      <trkpt lat="51.4058099873363971710205078125" lon="5.47313324175775051116943359375">
        <ele>18</ele>
        <time>2026-06-21T14:18:08.000Z</time>
        <extensions>
          <ns3:TrackPointExtension>
            <ns3:hr>169</ns3:hr>
          </ns3:TrackPointExtension>
        </extensions>
      </trkpt>
      <trkpt lat="51.40577067621052265167236328125" lon="5.4731117002665996551513671875">
        <ele>18</ele>
        <time>2026-06-21T14:18:15.000Z</time>
        <extensions>
          <ns3:TrackPointExtension>
            <ns3:hr>168</ns3:hr>
          </ns3:TrackPointExtension>
        </extensions>
      </trkpt>
      <trkpt lat="51.40535526908934116363525390625" lon="5.4732070863246917724609375">
        <ele>18.799999237060546875</ele>
        <time>2026-06-21T14:18:46.000Z</time>
        <extensions>
          <ns3:TrackPointExtension>
            <ns3:hr>168</ns3:hr>
          </ns3:TrackPointExtension>
        </extensions>
      </trkpt>
      <trkpt lat="51.4053543470799922943115234375" lon="5.47319409437477588653564453125">
        <ele>18.6000003814697265625</ele>
        <time>2026-06-21T14:18:47.000Z</time>
        <extensions>
          <ns3:TrackPointExtension>
            <ns3:hr>169</ns3:hr>
          </ns3:TrackPointExtension>
        </extensions>
      </trkpt>
      <trkpt lat="51.40528234653174877166748046875" lon="5.47322661615908145904541015625">
        <ele>18.6000003814697265625</ele>
        <time>2026-06-21T14:18:55.000Z</time>
        <extensions>
          <ns3:TrackPointExtension>
            <ns3:hr>168</ns3:hr>
          </ns3:TrackPointExtension>
        </extensions>
      </trkpt>
      <trkpt lat="51.4051840268075466156005859375" lon="5.47329702414572238922119140625">
        <ele>18.200000762939453125</ele>
        <time>2026-06-21T14:19:01.000Z</time>
        <extensions>
          <ns3:TrackPointExtension>
            <ns3:hr>167</ns3:hr>
          </ns3:TrackPointExtension>
        </extensions>
      </trkpt>
      <trkpt lat="51.405067853629589080810546875" lon="5.47337413765490055084228515625">
        <ele>17.3999996185302734375</ele>
        <time>2026-06-21T14:19:08.000Z</time>
        <extensions>
          <ns3:TrackPointExtension>
            <ns3:hr>167</ns3:hr>
          </ns3:TrackPointExtension>
        </extensions>
      </trkpt>
      <trkpt lat="51.40505385585129261016845703125" lon="5.4733787477016448974609375">
        <ele>17.3999996185302734375</ele>
        <time>2026-06-21T14:19:09.000Z</time>
        <extensions>
          <ns3:TrackPointExtension>
            <ns3:hr>167</ns3:hr>
          </ns3:TrackPointExtension>
        </extensions>
      </trkpt>
      <trkpt lat="51.40495209954679012298583984375" lon="5.473428703844547271728515625">
        <ele>17.200000762939453125</ele>
        <time>2026-06-21T14:19:16.000Z</time>
        <extensions>
          <ns3:TrackPointExtension>
            <ns3:hr>168</ns3:hr>
          </ns3:TrackPointExtension>
        </extensions>
      </trkpt>
      <trkpt lat="51.40485906042158603668212890625" lon="5.47342057339847087860107421875">
        <ele>17.200000762939453125</ele>
        <time>2026-06-21T14:19:24.000Z</time>
        <extensions>
          <ns3:TrackPointExtension>
            <ns3:hr>168</ns3:hr>
          </ns3:TrackPointExtension>
        </extensions>
      </trkpt>
      <trkpt lat="51.40483693219721317291259765625" lon="5.47332870773971080780029296875">
        <ele>17.6000003814697265625</ele>
        <time>2026-06-21T14:19:31.000Z</time>
        <extensions>
          <ns3:TrackPointExtension>
            <ns3:hr>169</ns3:hr>
          </ns3:TrackPointExtension>
        </extensions>
      </trkpt>
      <trkpt lat="51.40483492054045200347900390625" lon="5.47315972857177257537841796875">
        <ele>17.200000762939453125</ele>
        <time>2026-06-21T14:19:39.000Z</time>
        <extensions>
          <ns3:TrackPointExtension>
            <ns3:hr>166</ns3:hr>
          </ns3:TrackPointExtension>
        </extensions>
      </trkpt>
      <trkpt lat="51.40483475290238857269287109375" lon="5.473102815449237823486328125">
        <ele>17</ele>
        <time>2026-06-21T14:19:42.000Z</time>
        <extensions>
          <ns3:TrackPointExtension>
            <ns3:hr>164</ns3:hr>
          </ns3:TrackPointExtension>
        </extensions>
      </trkpt>
      <trkpt lat="51.40483726747334003448486328125" lon="5.47289066947996616363525390625">
        <ele>17.200000762939453125</ele>
        <time>2026-06-21T14:19:53.000Z</time>
        <extensions>
          <ns3:TrackPointExtension>
            <ns3:hr>162</ns3:hr>
          </ns3:TrackPointExtension>
        </extensions>
      </trkpt>
      <trkpt lat="51.40483559109270572662353515625" lon="5.472685061395168304443359375">
        <ele>16.799999237060546875</ele>
        <time>2026-06-21T14:20:04.000Z</time>
        <extensions>
          <ns3:TrackPointExtension>
            <ns3:hr>161</ns3:hr>
          </ns3:TrackPointExtension>
        </extensions>
      </trkpt>
      <trkpt lat="51.40483810566365718841552734375" lon="5.4724909365177154541015625">
        <ele>16.799999237060546875</ele>
        <time>2026-06-21T14:20:13.000Z</time>
        <extensions>
          <ns3:TrackPointExtension>
            <ns3:hr>161</ns3:hr>
          </ns3:TrackPointExtension>
        </extensions>
      </trkpt>
      <trkpt lat="51.40483274124562740325927734375" lon="5.47227225266396999359130859375">
        <ele>16.799999237060546875</ele>
        <time>2026-06-21T14:20:24.000Z</time>
        <extensions>
          <ns3:TrackPointExtension>
            <ns3:hr>162</ns3:hr>
          </ns3:TrackPointExtension>
        </extensions>
      </trkpt>
      <trkpt lat="51.404830478131771087646484375" lon="5.47206756658852100372314453125">
        <ele>17</ele>
        <time>2026-06-21T14:20:34.000Z</time>
        <extensions>
          <ns3:TrackPointExtension>
            <ns3:hr>162</ns3:hr>
          </ns3:TrackPointExtension>
        </extensions>
      </trkpt>
      <trkpt lat="51.4048306457698345184326171875" lon="5.4718923009932041168212890625">
        <ele>17.3999996185302734375</ele>
        <time>2026-06-21T14:20:43.000Z</time>
        <extensions>
          <ns3:TrackPointExtension>
            <ns3:hr>162</ns3:hr>
          </ns3:TrackPointExtension>
        </extensions>
      </trkpt>
      <trkpt lat="51.4048390276730060577392578125" lon="5.4716636426746845245361328125">
        <ele>17.6000003814697265625</ele>
        <time>2026-06-21T14:20:53.000Z</time>
        <extensions>
          <ns3:TrackPointExtension>
            <ns3:hr>163</ns3:hr>
          </ns3:TrackPointExtension>
        </extensions>
      </trkpt>
      <trkpt lat="51.40484011732041835784912109375" lon="5.47154336236417293548583984375">
        <ele>18.200000762939453125</ele>
        <time>2026-06-21T14:21:01.000Z</time>
        <extensions>
          <ns3:TrackPointExtension>
            <ns3:hr>163</ns3:hr>
          </ns3:TrackPointExtension>
        </extensions>
      </trkpt>
      <trkpt lat="51.40487548895180225372314453125" lon="5.4713551886379718780517578125">
        <ele>18.200000762939453125</ele>
        <time>2026-06-21T14:21:11.000Z</time>
        <extensions>
          <ns3:TrackPointExtension>
            <ns3:hr>163</ns3:hr>
          </ns3:TrackPointExtension>
        </extensions>
      </trkpt>
      <trkpt lat="51.4049359224736690521240234375" lon="5.47118226997554302215576171875">
        <ele>17.799999237060546875</ele>
        <time>2026-06-21T14:21:20.000Z</time>
        <extensions>
          <ns3:TrackPointExtension>
            <ns3:hr>162</ns3:hr>
          </ns3:TrackPointExtension>
        </extensions>
      </trkpt>
      <trkpt lat="51.4049654267728328704833984375" lon="5.4710661806166172027587890625">
        <ele>17.799999237060546875</ele>
        <time>2026-06-21T14:21:27.000Z</time>
        <extensions>
          <ns3:TrackPointExtension>
            <ns3:hr>163</ns3:hr>
          </ns3:TrackPointExtension>
        </extensions>
      </trkpt>
      <trkpt lat="51.40498462133109569549560546875" lon="5.4709961079061031341552734375">
        <ele>17.6000003814697265625</ele>
        <time>2026-06-21T14:21:31.000Z</time>
        <extensions>
          <ns3:TrackPointExtension>
            <ns3:hr>166</ns3:hr>
          </ns3:TrackPointExtension>
        </extensions>
      </trkpt>
      <trkpt lat="51.40499803237617015838623046875" lon="5.4708841256797313690185546875">
        <ele>17.799999237060546875</ele>
        <time>2026-06-21T14:21:37.000Z</time>
        <extensions>
          <ns3:TrackPointExtension>
            <ns3:hr>166</ns3:hr>
          </ns3:TrackPointExtension>
        </extensions>
      </trkpt>
      <trkpt lat="51.4049992896616458892822265625" lon="5.470702908933162689208984375">
        <ele>17.6000003814697265625</ele>
        <time>2026-06-21T14:21:46.000Z</time>
        <extensions>
          <ns3:TrackPointExtension>
            <ns3:hr>166</ns3:hr>
          </ns3:TrackPointExtension>
        </extensions>
      </trkpt>
      <trkpt lat="51.40499048866331577301025390625" lon="5.4705154895782470703125">
        <ele>17.799999237060546875</ele>
        <time>2026-06-21T14:21:55.000Z</time>
        <extensions>
          <ns3:TrackPointExtension>
            <ns3:hr>168</ns3:hr>
          </ns3:TrackPointExtension>
        </extensions>
      </trkpt>
      <trkpt lat="51.40499048866331577301025390625" lon="5.4703223705291748046875">
        <ele>17.6000003814697265625</ele>
        <time>2026-06-21T14:22:05.000Z</time>
        <extensions>
          <ns3:TrackPointExtension>
            <ns3:hr>168</ns3:hr>
          </ns3:TrackPointExtension>
        </extensions>
      </trkpt>
      <trkpt lat="51.404919661581516265869140625" lon="5.47018281184136867523193359375">
        <ele>17.6000003814697265625</ele>
        <time>2026-06-21T14:22:13.000Z</time>
        <extensions>
          <ns3:TrackPointExtension>
            <ns3:hr>167</ns3:hr>
          </ns3:TrackPointExtension>
        </extensions>
      </trkpt>
      <trkpt lat="51.40482117421925067901611328125" lon="5.4700271598994731903076171875">
        <ele>17.799999237060546875</ele>
        <time>2026-06-21T14:22:24.000Z</time>
        <extensions>
          <ns3:TrackPointExtension>
            <ns3:hr>166</ns3:hr>
          </ns3:TrackPointExtension>
        </extensions>
      </trkpt>
      <trkpt lat="51.4047277159988880157470703125" lon="5.46987117268145084381103515625">
        <ele>17.799999237060546875</ele>
        <time>2026-06-21T14:22:35.000Z</time>
        <extensions>
          <ns3:TrackPointExtension>
            <ns3:hr>164</ns3:hr>
          </ns3:TrackPointExtension>
        </extensions>
      </trkpt>
      <trkpt lat="51.40462839044630527496337890625" lon="5.469742007553577423095703125">
        <ele>17.6000003814697265625</ele>
        <time>2026-06-21T14:22:45.000Z</time>
        <extensions>
          <ns3:TrackPointExtension>
            <ns3:hr>165</ns3:hr>
          </ns3:TrackPointExtension>
        </extensions>
      </trkpt>
      <trkpt lat="51.4045667834579944610595703125" lon="5.469587109982967376708984375">
        <ele>17.6000003814697265625</ele>
        <time>2026-06-21T14:22:54.000Z</time>
        <extensions>
          <ns3:TrackPointExtension>
            <ns3:hr>166</ns3:hr>
          </ns3:TrackPointExtension>
        </extensions>
      </trkpt>
      <trkpt lat="51.4045040868222713470458984375" lon="5.46945090405642986297607421875">
        <ele>17.6000003814697265625</ele>
        <time>2026-06-21T14:23:03.000Z</time>
        <extensions>
          <ns3:TrackPointExtension>
            <ns3:hr>167</ns3:hr>
          </ns3:TrackPointExtension>
        </extensions>
      </trkpt>
      <trkpt lat="51.40440442599356174468994140625" lon="5.469333641231060028076171875">
        <ele>17.3999996185302734375</ele>
        <time>2026-06-21T14:23:12.000Z</time>
        <extensions>
          <ns3:TrackPointExtension>
            <ns3:hr>166</ns3:hr>
          </ns3:TrackPointExtension>
        </extensions>
      </trkpt>
      <trkpt lat="51.40437777154147624969482421875" lon="5.469198524951934814453125">
        <ele>17.6000003814697265625</ele>
        <time>2026-06-21T14:23:21.000Z</time>
        <extensions>
          <ns3:TrackPointExtension>
            <ns3:hr>167</ns3:hr>
          </ns3:TrackPointExtension>
        </extensions>
      </trkpt>
      <trkpt lat="51.40433032996952533721923828125" lon="5.46904739923775196075439453125">
        <ele>17.6000003814697265625</ele>
        <time>2026-06-21T14:23:30.000Z</time>
        <extensions>
          <ns3:TrackPointExtension>
            <ns3:hr>168</ns3:hr>
          </ns3:TrackPointExtension>
        </extensions>
      </trkpt>
      <trkpt lat="51.4042841456830501556396484375" lon="5.46886919997632503509521484375">
        <ele>17.6000003814697265625</ele>
        <time>2026-06-21T14:23:38.000Z</time>
        <extensions>
          <ns3:TrackPointExtension>
            <ns3:hr>167</ns3:hr>
          </ns3:TrackPointExtension>
        </extensions>
      </trkpt>
      <trkpt lat="51.40424148179590702056884765625" lon="5.46869301237165927886962890625">
        <ele>17.6000003814697265625</ele>
        <time>2026-06-21T14:23:48.000Z</time>
        <extensions>
          <ns3:TrackPointExtension>
            <ns3:hr>167</ns3:hr>
          </ns3:TrackPointExtension>
        </extensions>
      </trkpt>
      <trkpt lat="51.40419152565300464630126953125" lon="5.46849151141941547393798828125">
        <ele>17.6000003814697265625</ele>
        <time>2026-06-21T14:23:59.000Z</time>
        <extensions>
          <ns3:TrackPointExtension>
            <ns3:hr>168</ns3:hr>
          </ns3:TrackPointExtension>
        </extensions>
      </trkpt>
      <trkpt lat="51.40415833331644535064697265625" lon="5.46827517449855804443359375">
        <ele>18</ele>
        <time>2026-06-21T14:24:10.000Z</time>
        <extensions>
          <ns3:TrackPointExtension>
            <ns3:hr>168</ns3:hr>
          </ns3:TrackPointExtension>
        </extensions>
      </trkpt>
      <trkpt lat="51.404141150414943695068359375" lon="5.4680678062140941619873046875">
        <ele>18.200000762939453125</ele>
        <time>2026-06-21T14:24:20.000Z</time>
        <extensions>
          <ns3:TrackPointExtension>
            <ns3:hr>168</ns3:hr>
          </ns3:TrackPointExtension>
        </extensions>
      </trkpt>
      <trkpt lat="51.40412262640893459320068359375" lon="5.4678766988217830657958984375">
        <ele>18</ele>
        <time>2026-06-21T14:24:30.000Z</time>
        <extensions>
          <ns3:TrackPointExtension>
            <ns3:hr>168</ns3:hr>
          </ns3:TrackPointExtension>
        </extensions>
      </trkpt>
      <trkpt lat="51.4041151665151119232177734375" lon="5.46764242462813854217529296875">
        <ele>18.200000762939453125</ele>
        <time>2026-06-21T14:24:41.000Z</time>
        <extensions>
          <ns3:TrackPointExtension>
            <ns3:hr>169</ns3:hr>
          </ns3:TrackPointExtension>
        </extensions>
      </trkpt>
      <trkpt lat="51.40411390922963619232177734375" lon="5.46750060282647609710693359375">
        <ele>18.200000762939453125</ele>
        <time>2026-06-21T14:24:48.000Z</time>
        <extensions>
          <ns3:TrackPointExtension>
            <ns3:hr>169</ns3:hr>
          </ns3:TrackPointExtension>
        </extensions>
      </trkpt>
      <trkpt lat="51.40416151843965053558349609375" lon="5.46734453178942203521728515625">
        <ele>18</ele>
        <time>2026-06-21T14:24:56.000Z</time>
        <extensions>
          <ns3:TrackPointExtension>
            <ns3:hr>169</ns3:hr>
          </ns3:TrackPointExtension>
        </extensions>
      </trkpt>
      <trkpt lat="51.404259167611598968505859375" lon="5.46729214489459991455078125">
        <ele>18</ele>
        <time>2026-06-21T14:25:04.000Z</time>
        <extensions>
          <ns3:TrackPointExtension>
            <ns3:hr>169</ns3:hr>
          </ns3:TrackPointExtension>
        </extensions>
      </trkpt>
      <trkpt lat="51.404316835105419158935546875" lon="5.4673154465854167938232421875">
        <ele>18.3999996185302734375</ele>
        <time>2026-06-21T14:25:08.000Z</time>
        <extensions>
          <ns3:TrackPointExtension>
            <ns3:hr>169</ns3:hr>
          </ns3:TrackPointExtension>
        </extensions>
      </trkpt>
      <trkpt lat="51.404368467628955841064453125" lon="5.467326678335666656494140625">
        <ele>18.799999237060546875</ele>
        <time>2026-06-21T14:25:12.000Z</time>
        <extensions>
          <ns3:TrackPointExtension>
            <ns3:hr>168</ns3:hr>
          </ns3:TrackPointExtension>
        </extensions>
      </trkpt>
      <trkpt lat="51.4044812880456447601318359375" lon="5.46732894144952297210693359375">
        <ele>18.3999996185302734375</ele>
        <time>2026-06-21T14:25:21.000Z</time>
        <extensions>
          <ns3:TrackPointExtension>
            <ns3:hr>169</ns3:hr>
          </ns3:TrackPointExtension>
        </extensions>
      </trkpt>
      <trkpt lat="51.40453702770173549652099609375" lon="5.46736582182347774505615234375">
        <ele>18.3999996185302734375</ele>
        <time>2026-06-21T14:25:26.000Z</time>
        <extensions>
          <ns3:TrackPointExtension>
            <ns3:hr>172</ns3:hr>
          </ns3:TrackPointExtension>
        </extensions>
      </trkpt>
      <trkpt lat="51.404549181461334228515625" lon="5.4674036242067813873291015625">
        <ele>18.6000003814697265625</ele>
        <time>2026-06-21T14:25:29.000Z</time>
        <extensions>
          <ns3:TrackPointExtension>
            <ns3:hr>172</ns3:hr>
          </ns3:TrackPointExtension>
        </extensions>
      </trkpt>
      <trkpt lat="51.4046050049364566802978515625" lon="5.4675712622702121734619140625">
        <ele>18.3999996185302734375</ele>
        <time>2026-06-21T14:25:37.000Z</time>
        <extensions>
          <ns3:TrackPointExtension>
            <ns3:hr>174</ns3:hr>
          </ns3:TrackPointExtension>
        </extensions>
      </trkpt>
      <trkpt lat="51.40465437434613704681396484375" lon="5.46776329167187213897705078125">
        <ele>18.200000762939453125</ele>
        <time>2026-06-21T14:25:47.000Z</time>
        <extensions>
          <ns3:TrackPointExtension>
            <ns3:hr>176</ns3:hr>
          </ns3:TrackPointExtension>
        </extensions>
      </trkpt>
      <trkpt lat="51.4046874828636646270751953125" lon="5.46785381622612476348876953125">
        <ele>18.200000762939453125</ele>
        <time>2026-06-21T14:25:54.000Z</time>
        <extensions>
          <ns3:TrackPointExtension>
            <ns3:hr>177</ns3:hr>
          </ns3:TrackPointExtension>
        </extensions>
      </trkpt>
      <trkpt lat="51.404745317995548248291015625" lon="5.4678976535797119140625">
        <ele>18</ele>
        <time>2026-06-21T14:26:00.000Z</time>
        <extensions>
          <ns3:TrackPointExtension>
            <ns3:hr>174</ns3:hr>
          </ns3:TrackPointExtension>
        </extensions>
      </trkpt>
      <trkpt lat="51.40476132743060588836669921875" lon="5.46789832413196563720703125">
        <ele>18</ele>
        <time>2026-06-21T14:26:01.000Z</time>
        <extensions>
          <ns3:TrackPointExtension>
            <ns3:hr>174</ns3:hr>
          </ns3:TrackPointExtension>
        </extensions>
      </trkpt>
      <trkpt lat="51.40484581701457500457763671875" lon="5.46791399829089641571044921875">
        <ele>18.3999996185302734375</ele>
        <time>2026-06-21T14:26:08.000Z</time>
        <extensions>
          <ns3:TrackPointExtension>
            <ns3:hr>177</ns3:hr>
          </ns3:TrackPointExtension>
        </extensions>
      </trkpt>
      <trkpt lat="51.40488789416849613189697265625" lon="5.46791031025350093841552734375">
        <ele>18</ele>
        <time>2026-06-21T14:26:11.000Z</time>
        <extensions>
          <ns3:TrackPointExtension>
            <ns3:hr>178</ns3:hr>
          </ns3:TrackPointExtension>
        </extensions>
      </trkpt>
      <trkpt lat="51.404919661581516265869140625" lon="5.4678522236645221710205078125">
        <ele>17.3999996185302734375</ele>
        <time>2026-06-21T14:26:15.000Z</time>
        <extensions>
          <ns3:TrackPointExtension>
            <ns3:hr>179</ns3:hr>
          </ns3:TrackPointExtension>
        </extensions>
      </trkpt>
      <trkpt lat="51.4049221761524677276611328125" lon="5.46778391115367412567138671875">
        <ele>17.3999996185302734375</ele>
        <time>2026-06-21T14:26:18.000Z</time>
        <extensions>
          <ns3:TrackPointExtension>
            <ns3:hr>177</ns3:hr>
          </ns3:TrackPointExtension>
        </extensions>
      </trkpt>
      <trkpt lat="51.4048970304429531097412109375" lon="5.4675769619643688201904296875">
        <ele>17.3999996185302734375</ele>
        <time>2026-06-21T14:26:27.000Z</time>
        <extensions>
          <ns3:TrackPointExtension>
            <ns3:hr>177</ns3:hr>
          </ns3:TrackPointExtension>
        </extensions>
      </trkpt>
      <trkpt lat="51.40491723082959651947021484375" lon="5.467455089092254638671875">
        <ele>17.3999996185302734375</ele>
        <time>2026-06-21T14:26:34.000Z</time>
        <extensions>
          <ns3:TrackPointExtension>
            <ns3:hr>176</ns3:hr>
          </ns3:TrackPointExtension>
        </extensions>
      </trkpt>
      <trkpt lat="51.404923014342784881591796875" lon="5.4674022831022739410400390625">
        <ele>17.3999996185302734375</ele>
        <time>2026-06-21T14:26:37.000Z</time>
        <extensions>
          <ns3:TrackPointExtension>
            <ns3:hr>173</ns3:hr>
          </ns3:TrackPointExtension>
        </extensions>
      </trkpt>
      <trkpt lat="51.40492611564695835113525390625" lon="5.46733346767723560333251953125">
        <ele>17.3999996185302734375</ele>
        <time>2026-06-21T14:26:42.000Z</time>
        <extensions>
          <ns3:TrackPointExtension>
            <ns3:hr>172</ns3:hr>
          </ns3:TrackPointExtension>
        </extensions>
      </trkpt>
      <trkpt lat="51.40491865575313568115234375" lon="5.467104725539684295654296875">
        <ele>17.6000003814697265625</ele>
        <time>2026-06-21T14:26:52.000Z</time>
        <extensions>
          <ns3:TrackPointExtension>
            <ns3:hr>172</ns3:hr>
          </ns3:TrackPointExtension>
        </extensions>
      </trkpt>
      <trkpt lat="51.40493935905396938323974609375" lon="5.4669328965246677398681640625">
        <ele>17.3999996185302734375</ele>
        <time>2026-06-21T14:27:01.000Z</time>
        <extensions>
          <ns3:TrackPointExtension>
            <ns3:hr>171</ns3:hr>
          </ns3:TrackPointExtension>
        </extensions>
      </trkpt>
      <trkpt lat="51.4049667678773403167724609375" lon="5.46674740500748157501220703125">
        <ele>17.6000003814697265625</ele>
        <time>2026-06-21T14:27:11.000Z</time>
        <extensions>
          <ns3:TrackPointExtension>
            <ns3:hr>173</ns3:hr>
          </ns3:TrackPointExtension>
        </extensions>
      </trkpt>
      <trkpt lat="51.40495662577450275421142578125" lon="5.46653064899146556854248046875">
        <ele>17.799999237060546875</ele>
        <time>2026-06-21T14:27:21.000Z</time>
        <extensions>
          <ns3:TrackPointExtension>
            <ns3:hr>172</ns3:hr>
          </ns3:TrackPointExtension>
        </extensions>
      </trkpt>
      <trkpt lat="51.4049580506980419158935546875" lon="5.46637306921184062957763671875">
        <ele>18</ele>
        <time>2026-06-21T14:27:29.000Z</time>
        <extensions>
          <ns3:TrackPointExtension>
            <ns3:hr>170</ns3:hr>
          </ns3:TrackPointExtension>
        </extensions>
      </trkpt>
      <trkpt lat="51.40499669127166271209716796875" lon="5.466212220489978790283203125">
        <ele>18</ele>
        <time>2026-06-21T14:27:38.000Z</time>
        <extensions>
          <ns3:TrackPointExtension>
            <ns3:hr>170</ns3:hr>
          </ns3:TrackPointExtension>
        </extensions>
      </trkpt>
      <trkpt lat="51.405016891658306121826171875" lon="5.4660618491470813751220703125">
        <ele>17.799999237060546875</ele>
        <time>2026-06-21T14:27:47.000Z</time>
        <extensions>
          <ns3:TrackPointExtension>
            <ns3:hr>170</ns3:hr>
          </ns3:TrackPointExtension>
        </extensions>
      </trkpt>
      <trkpt lat="51.40502820722758769989013671875" lon="5.4658231325447559356689453125">
        <ele>18</ele>
        <time>2026-06-21T14:27:58.000Z</time>
        <extensions>
          <ns3:TrackPointExtension>
            <ns3:hr>170</ns3:hr>
          </ns3:TrackPointExtension>
        </extensions>
      </trkpt>
      <trkpt lat="51.4050254411995410919189453125" lon="5.4657098092138767242431640625">
        <ele>18</ele>
        <time>2026-06-21T14:28:04.000Z</time>
        <extensions>
          <ns3:TrackPointExtension>
            <ns3:hr>169</ns3:hr>
          </ns3:TrackPointExtension>
        </extensions>
      </trkpt>
      <trkpt lat="51.40502451919019222259521484375" lon="5.46555533073842525482177734375">
        <ele>17.799999237060546875</ele>
        <time>2026-06-21T14:28:12.000Z</time>
        <extensions>
          <ns3:TrackPointExtension>
            <ns3:hr>172</ns3:hr>
          </ns3:TrackPointExtension>
        </extensions>
      </trkpt>
      <trkpt lat="51.40501697547733783721923828125" lon="5.46535936184227466583251953125">
        <ele>18</ele>
        <time>2026-06-21T14:28:22.000Z</time>
        <extensions>
          <ns3:TrackPointExtension>
            <ns3:hr>171</ns3:hr>
          </ns3:TrackPointExtension>
        </extensions>
      </trkpt>
      <trkpt lat="51.40503457747399806976318359375" lon="5.4651725292205810546875">
        <ele>18.200000762939453125</ele>
        <time>2026-06-21T14:28:31.000Z</time>
        <extensions>
          <ns3:TrackPointExtension>
            <ns3:hr>170</ns3:hr>
          </ns3:TrackPointExtension>
        </extensions>
      </trkpt>
      <trkpt lat="51.40500188805162906646728515625" lon="5.46501972712576389312744140625">
        <ele>18.200000762939453125</ele>
        <time>2026-06-21T14:28:40.000Z</time>
        <extensions>
          <ns3:TrackPointExtension>
            <ns3:hr>171</ns3:hr>
          </ns3:TrackPointExtension>
        </extensions>
      </trkpt>
      <trkpt lat="51.4049892313778400421142578125" lon="5.4649470560252666473388671875">
        <ele>18.3999996185302734375</ele>
        <time>2026-06-21T14:28:44.000Z</time>
        <extensions>
          <ns3:TrackPointExtension>
            <ns3:hr>169</ns3:hr>
          </ns3:TrackPointExtension>
        </extensions>
      </trkpt>
      <trkpt lat="51.40499643981456756591796875" lon="5.46485669910907745361328125">
        <ele>18.3999996185302734375</ele>
        <time>2026-06-21T14:28:49.000Z</time>
        <extensions>
          <ns3:TrackPointExtension>
            <ns3:hr>171</ns3:hr>
          </ns3:TrackPointExtension>
        </extensions>
      </trkpt>
      <trkpt lat="51.40497908927500247955322265625" lon="5.46469710767269134521484375">
        <ele>18.200000762939453125</ele>
        <time>2026-06-21T14:28:58.000Z</time>
        <extensions>
          <ns3:TrackPointExtension>
            <ns3:hr>169</ns3:hr>
          </ns3:TrackPointExtension>
        </extensions>
      </trkpt>
      <trkpt lat="51.4049635827541351318359375" lon="5.46468771994113922119140625">
        <ele>18.200000762939453125</ele>
        <time>2026-06-21T14:28:59.000Z</time>
        <extensions>
          <ns3:TrackPointExtension>
            <ns3:hr>169</ns3:hr>
          </ns3:TrackPointExtension>
        </extensions>
      </trkpt>
      <trkpt lat="51.40486744232475757598876953125" lon="5.4647147096693515777587890625">
        <ele>18.200000762939453125</ele>
        <time>2026-06-21T14:29:07.000Z</time>
        <extensions>
          <ns3:TrackPointExtension>
            <ns3:hr>171</ns3:hr>
          </ns3:TrackPointExtension>
        </extensions>
      </trkpt>
      <trkpt lat="51.4047672785818576812744140625" lon="5.46480917371809482574462890625">
        <ele>18.3999996185302734375</ele>
        <time>2026-06-21T14:29:17.000Z</time>
        <extensions>
          <ns3:TrackPointExtension>
            <ns3:hr>171</ns3:hr>
          </ns3:TrackPointExtension>
        </extensions>
      </trkpt>
      <trkpt lat="51.40460777096450328826904296875" lon="5.46480062417685985565185546875">
        <ele>18.3999996185302734375</ele>
        <time>2026-06-21T14:29:28.000Z</time>
        <extensions>
          <ns3:TrackPointExtension>
            <ns3:hr>171</ns3:hr>
          </ns3:TrackPointExtension>
        </extensions>
      </trkpt>
      <trkpt lat="51.404489837586879730224609375" lon="5.46482048928737640380859375">
        <ele>18.3999996185302734375</ele>
        <time>2026-06-21T14:29:36.000Z</time>
        <extensions>
          <ns3:TrackPointExtension>
            <ns3:hr>172</ns3:hr>
          </ns3:TrackPointExtension>
        </extensions>
      </trkpt>
      <trkpt lat="51.40447181649506092071533203125" lon="5.46477212570607662200927734375">
        <ele>18.3999996185302734375</ele>
        <time>2026-06-21T14:29:39.000Z</time>
        <extensions>
          <ns3:TrackPointExtension>
            <ns3:hr>173</ns3:hr>
          </ns3:TrackPointExtension>
        </extensions>
      </trkpt>
      <trkpt lat="51.404475755989551544189453125" lon="5.46470993198454380035400390625">
        <ele>18.3999996185302734375</ele>
        <time>2026-06-21T14:29:41.000Z</time>
        <extensions>
          <ns3:TrackPointExtension>
            <ns3:hr>172</ns3:hr>
          </ns3:TrackPointExtension>
        </extensions>
      </trkpt>
      <trkpt lat="51.40449511818587779998779296875" lon="5.464531481266021728515625">
        <ele>18.3999996185302734375</ele>
        <time>2026-06-21T14:29:47.000Z</time>
        <extensions>
          <ns3:TrackPointExtension>
            <ns3:hr>173</ns3:hr>
          </ns3:TrackPointExtension>
        </extensions>
      </trkpt>
      <trkpt lat="51.40449394471943378448486328125" lon="5.4643043316900730133056640625">
        <ele>18.3999996185302734375</ele>
        <time>2026-06-21T14:29:58.000Z</time>
        <extensions>
          <ns3:TrackPointExtension>
            <ns3:hr>172</ns3:hr>
          </ns3:TrackPointExtension>
        </extensions>
      </trkpt>
      <trkpt lat="51.40448547899723052978515625" lon="5.464110039174556732177734375">
        <ele>18.3999996185302734375</ele>
        <time>2026-06-21T14:30:07.000Z</time>
        <extensions>
          <ns3:TrackPointExtension>
            <ns3:hr>173</ns3:hr>
          </ns3:TrackPointExtension>
        </extensions>
      </trkpt>
      <trkpt lat="51.40446745790541172027587890625" lon="5.46394147910177707672119140625">
        <ele>18.200000762939453125</ele>
        <time>2026-06-21T14:30:16.000Z</time>
        <extensions>
          <ns3:TrackPointExtension>
            <ns3:hr>173</ns3:hr>
          </ns3:TrackPointExtension>
        </extensions>
      </trkpt>
      <trkpt lat="51.40444281511008739471435546875" lon="5.46387945301830768585205078125">
        <ele>18.200000762939453125</ele>
        <time>2026-06-21T14:30:20.000Z</time>
        <extensions>
          <ns3:TrackPointExtension>
            <ns3:hr>173</ns3:hr>
          </ns3:TrackPointExtension>
        </extensions>
      </trkpt>
      <trkpt lat="51.40442487783730030059814453125" lon="5.463814996182918548583984375">
        <ele>18.3999996185302734375</ele>
        <time>2026-06-21T14:30:23.000Z</time>
        <extensions>
          <ns3:TrackPointExtension>
            <ns3:hr>172</ns3:hr>
          </ns3:TrackPointExtension>
        </extensions>
      </trkpt>
      <trkpt lat="51.40444256365299224853515625" lon="5.46364224515855312347412109375">
        <ele>18.200000762939453125</ele>
        <time>2026-06-21T14:30:32.000Z</time>
        <extensions>
          <ns3:TrackPointExtension>
            <ns3:hr>173</ns3:hr>
          </ns3:TrackPointExtension>
        </extensions>
      </trkpt>
      <trkpt lat="51.4044477604329586029052734375" lon="5.46346320770680904388427734375">
        <ele>18</ele>
        <time>2026-06-21T14:30:39.000Z</time>
        <extensions>
          <ns3:TrackPointExtension>
            <ns3:hr>172</ns3:hr>
          </ns3:TrackPointExtension>
        </extensions>
      </trkpt>
      <trkpt lat="51.4044470898807048797607421875" lon="5.4632971622049808502197265625">
        <ele>18.200000762939453125</ele>
        <time>2026-06-21T14:30:48.000Z</time>
        <extensions>
          <ns3:TrackPointExtension>
            <ns3:hr>173</ns3:hr>
          </ns3:TrackPointExtension>
        </extensions>
      </trkpt>
      <trkpt lat="51.40437575988471508026123046875" lon="5.4631268419325351715087890625">
        <ele>18</ele>
        <time>2026-06-21T14:30:57.000Z</time>
        <extensions>
          <ns3:TrackPointExtension>
            <ns3:hr>175</ns3:hr>
          </ns3:TrackPointExtension>
        </extensions>
      </trkpt>
      <trkpt lat="51.40431641601026058197021484375" lon="5.4630141891539096832275390625">
        <ele>18</ele>
        <time>2026-06-21T14:31:04.000Z</time>
        <extensions>
          <ns3:TrackPointExtension>
            <ns3:hr>173</ns3:hr>
          </ns3:TrackPointExtension>
        </extensions>
      </trkpt>
      <trkpt lat="51.40431306324899196624755859375" lon="5.46290933154523372650146484375">
        <ele>18.6000003814697265625</ele>
        <time>2026-06-21T14:31:10.000Z</time>
        <extensions>
          <ns3:TrackPointExtension>
            <ns3:hr>174</ns3:hr>
          </ns3:TrackPointExtension>
        </extensions>
      </trkpt>
      <trkpt lat="51.404308788478374481201171875" lon="5.4627077467739582061767578125">
        <ele>17.799999237060546875</ele>
        <time>2026-06-21T14:31:20.000Z</time>
        <extensions>
          <ns3:TrackPointExtension>
            <ns3:hr>173</ns3:hr>
          </ns3:TrackPointExtension>
        </extensions>
      </trkpt>
      <trkpt lat="51.404293365776538848876953125" lon="5.4625434614717960357666015625">
        <ele>17.799999237060546875</ele>
        <time>2026-06-21T14:31:29.000Z</time>
        <extensions>
          <ns3:TrackPointExtension>
            <ns3:hr>174</ns3:hr>
          </ns3:TrackPointExtension>
        </extensions>
      </trkpt>
      <trkpt lat="51.40421952120959758758544921875" lon="5.4624445550143718719482421875">
        <ele>17.799999237060546875</ele>
        <time>2026-06-21T14:31:37.000Z</time>
        <extensions>
          <ns3:TrackPointExtension>
            <ns3:hr>173</ns3:hr>
          </ns3:TrackPointExtension>
        </extensions>
      </trkpt>
      <trkpt lat="51.404157243669033050537109375" lon="5.46226778067648410797119140625">
        <ele>17.3999996185302734375</ele>
        <time>2026-06-21T14:31:47.000Z</time>
        <extensions>
          <ns3:TrackPointExtension>
            <ns3:hr>174</ns3:hr>
          </ns3:TrackPointExtension>
        </extensions>
      </trkpt>
      <trkpt lat="51.40415296889841556549072265625" lon="5.46225084923207759857177734375">
        <ele>17.3999996185302734375</ele>
        <time>2026-06-21T14:31:48.000Z</time>
        <extensions>
          <ns3:TrackPointExtension>
            <ns3:hr>174</ns3:hr>
          </ns3:TrackPointExtension>
        </extensions>
      </trkpt>
      <trkpt lat="51.40415665693581104278564453125" lon="5.46222545206546783447265625">
        <ele>17.3999996185302734375</ele>
        <time>2026-06-21T14:31:49.000Z</time>
        <extensions>
          <ns3:TrackPointExtension>
            <ns3:hr>174</ns3:hr>
          </ns3:TrackPointExtension>
        </extensions>
      </trkpt>
      <trkpt lat="51.40413754619657993316650390625" lon="5.4620727337896823883056640625">
        <ele>17.200000762939453125</ele>
        <time>2026-06-21T14:31:56.000Z</time>
        <extensions>
          <ns3:TrackPointExtension>
            <ns3:hr>172</ns3:hr>
          </ns3:TrackPointExtension>
        </extensions>
      </trkpt>
      <trkpt lat="51.40410150401294231414794921875" lon="5.461963601410388946533203125">
        <ele>17.200000762939453125</ele>
        <time>2026-06-21T14:32:04.000Z</time>
        <extensions>
          <ns3:TrackPointExtension>
            <ns3:hr>173</ns3:hr>
          </ns3:TrackPointExtension>
        </extensions>
      </trkpt>
      <trkpt lat="51.4040937088429927825927734375" lon="5.46183049678802490234375">
        <ele>17.200000762939453125</ele>
        <time>2026-06-21T14:32:11.000Z</time>
        <extensions>
          <ns3:TrackPointExtension>
            <ns3:hr>170</ns3:hr>
          </ns3:TrackPointExtension>
        </extensions>
      </trkpt>
      <trkpt lat="51.4040182717144489288330078125" lon="5.46178498305380344390869140625">
        <ele>17.200000762939453125</ele>
        <time>2026-06-21T14:32:18.000Z</time>
        <extensions>
          <ns3:TrackPointExtension>
            <ns3:hr>170</ns3:hr>
          </ns3:TrackPointExtension>
        </extensions>
      </trkpt>
      <trkpt lat="51.403917185962200164794921875" lon="5.46177542768418788909912109375">
        <ele>17.200000762939453125</ele>
        <time>2026-06-21T14:32:26.000Z</time>
        <extensions>
          <ns3:TrackPointExtension>
            <ns3:hr>169</ns3:hr>
          </ns3:TrackPointExtension>
        </extensions>
      </trkpt>
      <trkpt lat="51.4037976600229740142822265625" lon="5.46174961142241954803466796875">
        <ele>17.200000762939453125</ele>
        <time>2026-06-21T14:32:36.000Z</time>
        <extensions>
          <ns3:TrackPointExtension>
            <ns3:hr>169</ns3:hr>
          </ns3:TrackPointExtension>
        </extensions>
      </trkpt>
      <trkpt lat="51.4036742784082889556884765625" lon="5.46170937828719615936279296875">
        <ele>17.200000762939453125</ele>
        <time>2026-06-21T14:32:46.000Z</time>
        <extensions>
          <ns3:TrackPointExtension>
            <ns3:hr>169</ns3:hr>
          </ns3:TrackPointExtension>
        </extensions>
      </trkpt>
      <trkpt lat="51.40357109718024730682373046875" lon="5.46168490312993526458740234375">
        <ele>17.200000762939453125</ele>
        <time>2026-06-21T14:32:54.000Z</time>
        <extensions>
          <ns3:TrackPointExtension>
            <ns3:hr>170</ns3:hr>
          </ns3:TrackPointExtension>
        </extensions>
      </trkpt>
      <trkpt lat="51.40345743857324123382568359375" lon="5.4616378806531429290771484375">
        <ele>17.3999996185302734375</ele>
        <time>2026-06-21T14:33:04.000Z</time>
        <extensions>
          <ns3:TrackPointExtension>
            <ns3:hr>170</ns3:hr>
          </ns3:TrackPointExtension>
        </extensions>
      </trkpt>
      <trkpt lat="51.40333690680563449859619140625" lon="5.46156227588653564453125">
        <ele>17.3999996185302734375</ele>
        <time>2026-06-21T14:33:14.000Z</time>
        <extensions>
          <ns3:TrackPointExtension>
            <ns3:hr>169</ns3:hr>
          </ns3:TrackPointExtension>
        </extensions>
      </trkpt>
      <trkpt lat="51.4032347314059734344482421875" lon="5.46148826368153095245361328125">
        <ele>17.6000003814697265625</ele>
        <time>2026-06-21T14:33:23.000Z</time>
        <extensions>
          <ns3:TrackPointExtension>
            <ns3:hr>169</ns3:hr>
          </ns3:TrackPointExtension>
        </extensions>
      </trkpt>
      <trkpt lat="51.403159797191619873046875" lon="5.46145238913595676422119140625">
        <ele>17.799999237060546875</ele>
        <time>2026-06-21T14:33:30.000Z</time>
        <extensions>
          <ns3:TrackPointExtension>
            <ns3:hr>169</ns3:hr>
          </ns3:TrackPointExtension>
        </extensions>
      </trkpt>
      <trkpt lat="51.4030647464096546173095703125" lon="5.46141936443746089935302734375">
        <ele>17.3999996185302734375</ele>
        <time>2026-06-21T14:33:38.000Z</time>
        <extensions>
          <ns3:TrackPointExtension>
            <ns3:hr>169</ns3:hr>
          </ns3:TrackPointExtension>
        </extensions>
      </trkpt>
      <trkpt lat="51.4029586315155029296875" lon="5.46138080768287181854248046875">
        <ele>17.3999996185302734375</ele>
        <time>2026-06-21T14:33:47.000Z</time>
        <extensions>
          <ns3:TrackPointExtension>
            <ns3:hr>170</ns3:hr>
          </ns3:TrackPointExtension>
        </extensions>
      </trkpt>
      <trkpt lat="51.40286265872418880462646484375" lon="5.46135297976434230804443359375">
        <ele>17.6000003814697265625</ele>
        <time>2026-06-21T14:33:56.000Z</time>
        <extensions>
          <ns3:TrackPointExtension>
            <ns3:hr>172</ns3:hr>
          </ns3:TrackPointExtension>
        </extensions>
      </trkpt>
      <trkpt lat="51.40274933539330959320068359375" lon="5.46132288873195648193359375">
        <ele>17.799999237060546875</ele>
        <time>2026-06-21T14:34:05.000Z</time>
        <extensions>
          <ns3:TrackPointExtension>
            <ns3:hr>171</ns3:hr>
          </ns3:TrackPointExtension>
        </extensions>
      </trkpt>
      <trkpt lat="51.40262310393154621124267578125" lon="5.46126178465783596038818359375">
        <ele>17.799999237060546875</ele>
        <time>2026-06-21T14:34:15.000Z</time>
        <extensions>
          <ns3:TrackPointExtension>
            <ns3:hr>171</ns3:hr>
          </ns3:TrackPointExtension>
        </extensions>
      </trkpt>
      <trkpt lat="51.4024897478520870208740234375" lon="5.4612060450017452239990234375">
        <ele>17.799999237060546875</ele>
        <time>2026-06-21T14:34:26.000Z</time>
        <extensions>
          <ns3:TrackPointExtension>
            <ns3:hr>171</ns3:hr>
          </ns3:TrackPointExtension>
        </extensions>
      </trkpt>
      <trkpt lat="51.4023781009018421173095703125" lon="5.4611627943813800811767578125">
        <ele>18</ele>
        <time>2026-06-21T14:34:35.000Z</time>
        <extensions>
          <ns3:TrackPointExtension>
            <ns3:hr>171</ns3:hr>
          </ns3:TrackPointExtension>
        </extensions>
      </trkpt>
      <trkpt lat="51.4022359438240528106689453125" lon="5.4610940627753734588623046875">
        <ele>18</ele>
        <time>2026-06-21T14:34:47.000Z</time>
        <extensions>
          <ns3:TrackPointExtension>
            <ns3:hr>170</ns3:hr>
          </ns3:TrackPointExtension>
        </extensions>
      </trkpt>
      <trkpt lat="51.40212505124509334564208984375" lon="5.4610772989690303802490234375">
        <ele>18</ele>
        <time>2026-06-21T14:34:57.000Z</time>
        <extensions>
          <ns3:TrackPointExtension>
            <ns3:hr>168</ns3:hr>
          </ns3:TrackPointExtension>
        </extensions>
      </trkpt>
      <trkpt lat="51.401983313262462615966796875" lon="5.46099029481410980224609375">
        <ele>18</ele>
        <time>2026-06-21T14:35:09.000Z</time>
        <extensions>
          <ns3:TrackPointExtension>
            <ns3:hr>169</ns3:hr>
          </ns3:TrackPointExtension>
        </extensions>
      </trkpt>
      <trkpt lat="51.40186990611255168914794921875" lon="5.460958443582057952880859375">
        <ele>18</ele>
        <time>2026-06-21T14:35:19.000Z</time>
        <extensions>
          <ns3:TrackPointExtension>
            <ns3:hr>169</ns3:hr>
          </ns3:TrackPointExtension>
        </extensions>
      </trkpt>
      <trkpt lat="51.401749290525913238525390625" lon="5.4608704335987567901611328125">
        <ele>18</ele>
        <time>2026-06-21T14:35:29.000Z</time>
        <extensions>
          <ns3:TrackPointExtension>
            <ns3:hr>169</ns3:hr>
          </ns3:TrackPointExtension>
        </extensions>
      </trkpt>
      <trkpt lat="51.4016656391322612762451171875" lon="5.4607815854251384735107421875">
        <ele>18</ele>
        <time>2026-06-21T14:35:37.000Z</time>
        <extensions>
          <ns3:TrackPointExtension>
            <ns3:hr>169</ns3:hr>
          </ns3:TrackPointExtension>
        </extensions>
      </trkpt>
      <trkpt lat="51.40158223919570446014404296875" lon="5.460713021457195281982421875">
        <ele>18</ele>
        <time>2026-06-21T14:35:46.000Z</time>
        <extensions>
          <ns3:TrackPointExtension>
            <ns3:hr>168</ns3:hr>
          </ns3:TrackPointExtension>
        </extensions>
      </trkpt>
      <trkpt lat="51.40147872269153594970703125" lon="5.46061151660978794097900390625">
        <ele>18.200000762939453125</ele>
        <time>2026-06-21T14:35:55.000Z</time>
        <extensions>
          <ns3:TrackPointExtension>
            <ns3:hr>168</ns3:hr>
          </ns3:TrackPointExtension>
        </extensions>
      </trkpt>
      <trkpt lat="51.40138928778469562530517578125" lon="5.460679829120635986328125">
        <ele>17.799999237060546875</ele>
        <time>2026-06-21T14:36:04.000Z</time>
        <extensions>
          <ns3:TrackPointExtension>
            <ns3:hr>169</ns3:hr>
          </ns3:TrackPointExtension>
        </extensions>
      </trkpt>
      <trkpt lat="51.40135710127651691436767578125" lon="5.4608483053743839263916015625">
        <ele>18</ele>
        <time>2026-06-21T14:36:14.000Z</time>
        <extensions>
          <ns3:TrackPointExtension>
            <ns3:hr>169</ns3:hr>
          </ns3:TrackPointExtension>
        </extensions>
      </trkpt>
      <trkpt lat="51.40133145265281200408935546875" lon="5.46107101254165172576904296875">
        <ele>18.200000762939453125</ele>
        <time>2026-06-21T14:36:25.000Z</time>
        <extensions>
          <ns3:TrackPointExtension>
            <ns3:hr>168</ns3:hr>
          </ns3:TrackPointExtension>
        </extensions>
      </trkpt>
      <trkpt lat="51.40128216706216335296630859375" lon="5.46129480935633182525634765625">
        <ele>18.200000762939453125</ele>
        <time>2026-06-21T14:36:35.000Z</time>
        <extensions>
          <ns3:TrackPointExtension>
            <ns3:hr>169</ns3:hr>
          </ns3:TrackPointExtension>
        </extensions>
      </trkpt>
      <trkpt lat="51.4012193866074085235595703125" lon="5.461401678621768951416015625">
        <ele>18.3999996185302734375</ele>
        <time>2026-06-21T14:36:43.000Z</time>
        <extensions>
          <ns3:TrackPointExtension>
            <ns3:hr>170</ns3:hr>
          </ns3:TrackPointExtension>
        </extensions>
      </trkpt>
      <trkpt lat="51.401129029691219329833984375" lon="5.46146906912326812744140625">
        <ele>18.3999996185302734375</ele>
        <time>2026-06-21T14:36:52.000Z</time>
        <extensions>
          <ns3:TrackPointExtension>
            <ns3:hr>170</ns3:hr>
          </ns3:TrackPointExtension>
        </extensions>
      </trkpt>
      <trkpt lat="51.40107798390090465545654296875" lon="5.4614819772541522979736328125">
        <ele>18.3999996185302734375</ele>
        <time>2026-06-21T14:36:56.000Z</time>
        <extensions>
          <ns3:TrackPointExtension>
            <ns3:hr>170</ns3:hr>
          </ns3:TrackPointExtension>
        </extensions>
      </trkpt>
      <trkpt lat="51.401043869554996490478515625" lon="5.46144769527018070220947265625">
        <ele>18.6000003814697265625</ele>
        <time>2026-06-21T14:37:00.000Z</time>
        <extensions>
          <ns3:TrackPointExtension>
            <ns3:hr>170</ns3:hr>
          </ns3:TrackPointExtension>
        </extensions>
      </trkpt>
      <trkpt lat="51.400935240089893341064453125" lon="5.46136924065649509429931640625">
        <ele>18.6000003814697265625</ele>
        <time>2026-06-21T14:37:09.000Z</time>
        <extensions>
          <ns3:TrackPointExtension>
            <ns3:hr>172</ns3:hr>
          </ns3:TrackPointExtension>
        </extensions>
      </trkpt>
      <trkpt lat="51.4008147083222866058349609375" lon="5.46119875274598598480224609375">
        <ele>18.3999996185302734375</ele>
        <time>2026-06-21T14:37:19.000Z</time>
        <extensions>
          <ns3:TrackPointExtension>
            <ns3:hr>171</ns3:hr>
          </ns3:TrackPointExtension>
        </extensions>
      </trkpt>
      <trkpt lat="51.400759555399417877197265625" lon="5.461151562631130218505859375">
        <ele>18.3999996185302734375</ele>
        <time>2026-06-21T14:37:26.000Z</time>
        <extensions>
          <ns3:TrackPointExtension>
            <ns3:hr>172</ns3:hr>
          </ns3:TrackPointExtension>
        </extensions>
      </trkpt>
      <trkpt lat="51.40065654180943965911865234375" lon="5.46106112189590930938720703125">
        <ele>18.6000003814697265625</ele>
        <time>2026-06-21T14:37:36.000Z</time>
        <extensions>
          <ns3:TrackPointExtension>
            <ns3:hr>173</ns3:hr>
          </ns3:TrackPointExtension>
        </extensions>
      </trkpt>
      <trkpt lat="51.400568783283233642578125" lon="5.4609961621463298797607421875">
        <ele>18.3999996185302734375</ele>
        <time>2026-06-21T14:37:45.000Z</time>
        <extensions>
          <ns3:TrackPointExtension>
            <ns3:hr>171</ns3:hr>
          </ns3:TrackPointExtension>
        </extensions>
      </trkpt>
      <trkpt lat="51.4004462398588657379150390625" lon="5.46088342554867267608642578125">
        <ele>19</ele>
        <time>2026-06-21T14:37:55.000Z</time>
        <extensions>
          <ns3:TrackPointExtension>
            <ns3:hr>171</ns3:hr>
          </ns3:TrackPointExtension>
        </extensions>
      </trkpt>
      <trkpt lat="51.40037390403449535369873046875" lon="5.4608204774558544158935546875">
        <ele>19</ele>
        <time>2026-06-21T14:38:02.000Z</time>
        <extensions>
          <ns3:TrackPointExtension>
            <ns3:hr>174</ns3:hr>
          </ns3:TrackPointExtension>
        </extensions>
      </trkpt>
      <trkpt lat="51.40036367811262607574462890625" lon="5.4608144424855709075927734375">
        <ele>18.799999237060546875</ele>
        <time>2026-06-21T14:38:03.000Z</time>
        <extensions>
          <ns3:TrackPointExtension>
            <ns3:hr>174</ns3:hr>
          </ns3:TrackPointExtension>
        </extensions>
      </trkpt>
      <trkpt lat="51.400298886001110076904296875" lon="5.4607544280588626861572265625">
        <ele>18.6000003814697265625</ele>
        <time>2026-06-21T14:38:08.000Z</time>
        <extensions>
          <ns3:TrackPointExtension>
            <ns3:hr>171</ns3:hr>
          </ns3:TrackPointExtension>
        </extensions>
      </trkpt>
      <trkpt lat="51.40025236643850803375244140625" lon="5.46074084937572479248046875">
        <ele>18.6000003814697265625</ele>
        <time>2026-06-21T14:38:12.000Z</time>
        <extensions>
          <ns3:TrackPointExtension>
            <ns3:hr>172</ns3:hr>
          </ns3:TrackPointExtension>
        </extensions>
      </trkpt>
      <trkpt lat="51.40014423988759517669677734375" lon="5.46072768978774547576904296875">
        <ele>18.799999237060546875</ele>
        <time>2026-06-21T14:38:21.000Z</time>
        <extensions>
          <ns3:TrackPointExtension>
            <ns3:hr>173</ns3:hr>
          </ns3:TrackPointExtension>
        </extensions>
      </trkpt>
      <trkpt lat="51.40005002729594707489013671875" lon="5.46061872504651546478271484375">
        <ele>19</ele>
        <time>2026-06-21T14:38:30.000Z</time>
        <extensions>
          <ns3:TrackPointExtension>
            <ns3:hr>175</ns3:hr>
          </ns3:TrackPointExtension>
        </extensions>
      </trkpt>
      <trkpt lat="51.40002186410129070281982421875" lon="5.460633225739002227783203125">
        <ele>19</ele>
        <time>2026-06-21T14:38:33.000Z</time>
        <extensions>
          <ns3:TrackPointExtension>
            <ns3:hr>175</ns3:hr>
          </ns3:TrackPointExtension>
        </extensions>
      </trkpt>
      <trkpt lat="51.39998875558376312255859375" lon="5.46068225987255573272705078125">
        <ele>19</ele>
        <time>2026-06-21T14:38:37.000Z</time>
        <extensions>
          <ns3:TrackPointExtension>
            <ns3:hr>174</ns3:hr>
          </ns3:TrackPointExtension>
        </extensions>
      </trkpt>
      <trkpt lat="51.3998755998909473419189453125" lon="5.460811592638492584228515625">
        <ele>19</ele>
        <time>2026-06-21T14:38:48.000Z</time>
        <extensions>
          <ns3:TrackPointExtension>
            <ns3:hr>175</ns3:hr>
          </ns3:TrackPointExtension>
        </extensions>
      </trkpt>
      <trkpt lat="51.399766467511653900146484375" lon="5.4609197191894054412841796875">
        <ele>19.200000762939453125</ele>
        <time>2026-06-21T14:38:59.000Z</time>
        <extensions>
          <ns3:TrackPointExtension>
            <ns3:hr>174</ns3:hr>
          </ns3:TrackPointExtension>
        </extensions>
      </trkpt>
      <trkpt lat="51.3996747694909572601318359375" lon="5.4610246606171131134033203125">
        <ele>19.200000762939453125</ele>
        <time>2026-06-21T14:39:08.000Z</time>
        <extensions>
          <ns3:TrackPointExtension>
            <ns3:hr>173</ns3:hr>
          </ns3:TrackPointExtension>
        </extensions>
      </trkpt>
      <trkpt lat="51.3996432535350322723388671875" lon="5.46105173416435718536376953125">
        <ele>19.3999996185302734375</ele>
        <time>2026-06-21T14:39:11.000Z</time>
        <extensions>
          <ns3:TrackPointExtension>
            <ns3:hr>172</ns3:hr>
          </ns3:TrackPointExtension>
        </extensions>
      </trkpt>
      <trkpt lat="51.39953940175473690032958984375" lon="5.46112650074064731597900390625">
        <ele>19.6000003814697265625</ele>
        <time>2026-06-21T14:39:19.000Z</time>
        <extensions>
          <ns3:TrackPointExtension>
            <ns3:hr>172</ns3:hr>
          </ns3:TrackPointExtension>
        </extensions>
      </trkpt>
      <trkpt lat="51.39943328686058521270751953125" lon="5.46117008663713932037353515625">
        <ele>19.3999996185302734375</ele>
        <time>2026-06-21T14:39:28.000Z</time>
        <extensions>
          <ns3:TrackPointExtension>
            <ns3:hr>174</ns3:hr>
          </ns3:TrackPointExtension>
        </extensions>
      </trkpt>
      <trkpt lat="51.3993917964398860931396484375" lon="5.4611934721469879150390625">
        <ele>19.3999996185302734375</ele>
        <time>2026-06-21T14:39:32.000Z</time>
        <extensions>
          <ns3:TrackPointExtension>
            <ns3:hr>179</ns3:hr>
          </ns3:TrackPointExtension>
        </extensions>
      </trkpt>
      <trkpt lat="51.39933002181351184844970703125" lon="5.46121149323880672454833984375">
        <ele>19.6000003814697265625</ele>
        <time>2026-06-21T14:39:37.000Z</time>
        <extensions>
          <ns3:TrackPointExtension>
            <ns3:hr>180</ns3:hr>
          </ns3:TrackPointExtension>
        </extensions>
      </trkpt>
      <trkpt lat="51.399205885827541351318359375" lon="5.4612533189356327056884765625">
        <ele>19.6000003814697265625</ele>
        <time>2026-06-21T14:39:47.000Z</time>
        <extensions>
          <ns3:TrackPointExtension>
            <ns3:hr>177</ns3:hr>
          </ns3:TrackPointExtension>
        </extensions>
      </trkpt>
      <trkpt lat="51.3991389982402324676513671875" lon="5.4612781293690204620361328125">
        <ele>19.799999237060546875</ele>
        <time>2026-06-21T14:39:53.000Z</time>
        <extensions>
          <ns3:TrackPointExtension>
            <ns3:hr>174</ns3:hr>
          </ns3:TrackPointExtension>
        </extensions>
      </trkpt>
      <trkpt lat="51.3990962505340576171875" lon="5.4612838290631771087646484375">
        <ele>19.6000003814697265625</ele>
        <time>2026-06-21T14:39:56.000Z</time>
        <extensions>
          <ns3:TrackPointExtension>
            <ns3:hr>174</ns3:hr>
          </ns3:TrackPointExtension>
        </extensions>
      </trkpt>
      <trkpt lat="51.3990132696926593780517578125" lon="5.46120026148855686187744140625">
        <ele>19.200000762939453125</ele>
        <time>2026-06-21T14:40:03.000Z</time>
        <extensions>
          <ns3:TrackPointExtension>
            <ns3:hr>175</ns3:hr>
          </ns3:TrackPointExtension>
        </extensions>
      </trkpt>
      <trkpt lat="51.39889835380017757415771484375" lon="5.46107604168355464935302734375">
        <ele>18.3999996185302734375</ele>
        <time>2026-06-21T14:40:14.000Z</time>
        <extensions>
          <ns3:TrackPointExtension>
            <ns3:hr>174</ns3:hr>
          </ns3:TrackPointExtension>
        </extensions>
      </trkpt>
      <trkpt lat="51.398885361850261688232421875" lon="5.46107034198939800262451171875">
        <ele>18.3999996185302734375</ele>
        <time>2026-06-21T14:40:15.000Z</time>
        <extensions>
          <ns3:TrackPointExtension>
            <ns3:hr>173</ns3:hr>
          </ns3:TrackPointExtension>
        </extensions>
      </trkpt>
      <trkpt lat="51.3987809233367443084716796875" lon="5.46101384796202182769775390625">
        <ele>18.6000003814697265625</ele>
        <time>2026-06-21T14:40:23.000Z</time>
        <extensions>
          <ns3:TrackPointExtension>
            <ns3:hr>174</ns3:hr>
          </ns3:TrackPointExtension>
        </extensions>
      </trkpt>
      <trkpt lat="51.39865511097013950347900390625" lon="5.46102382242679595947265625">
        <ele>18.799999237060546875</ele>
        <time>2026-06-21T14:40:32.000Z</time>
        <extensions>
          <ns3:TrackPointExtension>
            <ns3:hr>173</ns3:hr>
          </ns3:TrackPointExtension>
        </extensions>
      </trkpt>
      <trkpt lat="51.39849719591438770294189453125" lon="5.46107604168355464935302734375">
        <ele>18.6000003814697265625</ele>
        <time>2026-06-21T14:40:44.000Z</time>
        <extensions>
          <ns3:TrackPointExtension>
            <ns3:hr>173</ns3:hr>
          </ns3:TrackPointExtension>
        </extensions>
      </trkpt>
      <trkpt lat="51.39848805963993072509765625" lon="5.46107478439807891845703125">
        <ele>18.6000003814697265625</ele>
        <time>2026-06-21T14:40:45.000Z</time>
        <extensions>
          <ns3:TrackPointExtension>
            <ns3:hr>173</ns3:hr>
          </ns3:TrackPointExtension>
        </extensions>
      </trkpt>
      <trkpt lat="51.3984124548733234405517578125" lon="5.46105600893497467041015625">
        <ele>18.799999237060546875</ele>
        <time>2026-06-21T14:40:52.000Z</time>
        <extensions>
          <ns3:TrackPointExtension>
            <ns3:hr>174</ns3:hr>
          </ns3:TrackPointExtension>
        </extensions>
      </trkpt>
      <trkpt lat="51.39832980930805206298828125" lon="5.46103765256702899932861328125">
        <ele>18.6000003814697265625</ele>
        <time>2026-06-21T14:40:59.000Z</time>
        <extensions>
          <ns3:TrackPointExtension>
            <ns3:hr>171</ns3:hr>
          </ns3:TrackPointExtension>
        </extensions>
      </trkpt>
      <trkpt lat="51.39830374158918857574462890625" lon="5.46103714965283870697021484375">
        <ele>18.6000003814697265625</ele>
        <time>2026-06-21T14:41:01.000Z</time>
        <extensions>
          <ns3:TrackPointExtension>
            <ns3:hr>172</ns3:hr>
          </ns3:TrackPointExtension>
        </extensions>
      </trkpt>
      <trkpt lat="51.3981817848980426788330078125" lon="5.46103094704449176788330078125">
        <ele>18.6000003814697265625</ele>
        <time>2026-06-21T14:41:12.000Z</time>
        <extensions>
          <ns3:TrackPointExtension>
            <ns3:hr>173</ns3:hr>
          </ns3:TrackPointExtension>
        </extensions>
      </trkpt>
      <trkpt lat="51.39810140244662761688232421875" lon="5.4610370658338069915771484375">
        <ele>18.799999237060546875</ele>
        <time>2026-06-21T14:41:20.000Z</time>
        <extensions>
          <ns3:TrackPointExtension>
            <ns3:hr>174</ns3:hr>
          </ns3:TrackPointExtension>
        </extensions>
      </trkpt>
      <trkpt lat="51.39797835610806941986083984375" lon="5.46107470057904720306396484375">
        <ele>18.6000003814697265625</ele>
        <time>2026-06-21T14:41:30.000Z</time>
        <extensions>
          <ns3:TrackPointExtension>
            <ns3:hr>173</ns3:hr>
          </ns3:TrackPointExtension>
        </extensions>
      </trkpt>
      <trkpt lat="51.39783536083996295928955078125" lon="5.461100600659847259521484375">
        <ele>18.799999237060546875</ele>
        <time>2026-06-21T14:41:41.000Z</time>
        <extensions>
          <ns3:TrackPointExtension>
            <ns3:hr>174</ns3:hr>
          </ns3:TrackPointExtension>
        </extensions>
      </trkpt>
      <trkpt lat="51.39772304333746433258056640625" lon="5.461191125214099884033203125">
        <ele>19.6000003814697265625</ele>
        <time>2026-06-21T14:41:51.000Z</time>
        <extensions>
          <ns3:TrackPointExtension>
            <ns3:hr>176</ns3:hr>
          </ns3:TrackPointExtension>
        </extensions>
      </trkpt>
      <trkpt lat="51.3976372964680194854736328125" lon="5.46119858510792255401611328125">
        <ele>20</ele>
        <time>2026-06-21T14:41:59.000Z</time>
        <extensions>
          <ns3:TrackPointExtension>
            <ns3:hr>176</ns3:hr>
          </ns3:TrackPointExtension>
        </extensions>
      </trkpt>
      <trkpt lat="51.397557668387889862060546875" lon="5.4612023569643497467041015625">
        <ele>20</ele>
        <time>2026-06-21T14:42:06.000Z</time>
        <extensions>
          <ns3:TrackPointExtension>
            <ns3:hr>179</ns3:hr>
          </ns3:TrackPointExtension>
        </extensions>
      </trkpt>
      <trkpt lat="51.3975353725254535675048828125" lon="5.46120797283947467803955078125">
        <ele>19.799999237060546875</ele>
        <time>2026-06-21T14:42:08.000Z</time>
        <extensions>
          <ns3:TrackPointExtension>
            <ns3:hr>180</ns3:hr>
          </ns3:TrackPointExtension>
        </extensions>
      </trkpt>
      <trkpt lat="51.3974123261868953704833984375" lon="5.46115650795400142669677734375">
        <ele>19.799999237060546875</ele>
        <time>2026-06-21T14:42:20.000Z</time>
        <extensions>
          <ns3:TrackPointExtension>
            <ns3:hr>180</ns3:hr>
          </ns3:TrackPointExtension>
        </extensions>
      </trkpt>
      <trkpt lat="51.3973486237227916717529296875" lon="5.46116623096168041229248046875">
        <ele>19.799999237060546875</ele>
        <time>2026-06-21T14:42:26.000Z</time>
        <extensions>
          <ns3:TrackPointExtension>
            <ns3:hr>179</ns3:hr>
          </ns3:TrackPointExtension>
        </extensions>
      </trkpt>
      <trkpt lat="51.39732674695551395416259765625" lon="5.46116505749523639678955078125">
        <ele>19.799999237060546875</ele>
        <time>2026-06-21T14:42:28.000Z</time>
        <extensions>
          <ns3:TrackPointExtension>
            <ns3:hr>179</ns3:hr>
          </ns3:TrackPointExtension>
        </extensions>
      </trkpt>
      <trkpt lat="51.3972309418022632598876953125" lon="5.46114586293697357177734375">
        <ele>19.799999237060546875</ele>
        <time>2026-06-21T14:42:35.000Z</time>
        <extensions>
          <ns3:TrackPointExtension>
            <ns3:hr>176</ns3:hr>
          </ns3:TrackPointExtension>
        </extensions>
      </trkpt>
      <trkpt lat="51.3971746154129505157470703125" lon="5.461126081645488739013671875">
        <ele>19.799999237060546875</ele>
        <time>2026-06-21T14:42:39.000Z</time>
        <extensions>
          <ns3:TrackPointExtension>
            <ns3:hr>177</ns3:hr>
          </ns3:TrackPointExtension>
        </extensions>
      </trkpt>
      <trkpt lat="51.39705752022564411163330078125" lon="5.46112566255033016204833984375">
        <ele>19.799999237060546875</ele>
        <time>2026-06-21T14:42:48.000Z</time>
        <extensions>
          <ns3:TrackPointExtension>
            <ns3:hr>178</ns3:hr>
          </ns3:TrackPointExtension>
        </extensions>
      </trkpt>
      <trkpt lat="51.396966911852359771728515625" lon="5.46112147159874439239501953125">
        <ele>19.799999237060546875</ele>
        <time>2026-06-21T14:42:57.000Z</time>
        <extensions>
          <ns3:TrackPointExtension>
            <ns3:hr>176</ns3:hr>
          </ns3:TrackPointExtension>
        </extensions>
      </trkpt>
      <trkpt lat="51.3968499004840850830078125" lon="5.4611296020448207855224609375">
        <ele>20</ele>
        <time>2026-06-21T14:43:07.000Z</time>
        <extensions>
          <ns3:TrackPointExtension>
            <ns3:hr>177</ns3:hr>
          </ns3:TrackPointExtension>
        </extensions>
      </trkpt>
      <trkpt lat="51.39670212753117084503173828125" lon="5.46112398616969585418701171875">
        <ele>20</ele>
        <time>2026-06-21T14:43:18.000Z</time>
        <extensions>
          <ns3:TrackPointExtension>
            <ns3:hr>177</ns3:hr>
          </ns3:TrackPointExtension>
        </extensions>
      </trkpt>
      <trkpt lat="51.396604478359222412109375" lon="5.4610923863947391510009765625">
        <ele>20.200000762939453125</ele>
        <time>2026-06-21T14:43:27.000Z</time>
        <extensions>
          <ns3:TrackPointExtension>
            <ns3:hr>176</ns3:hr>
          </ns3:TrackPointExtension>
        </extensions>
      </trkpt>
      <trkpt lat="51.396551169455051422119140625" lon="5.461093224585056304931640625">
        <ele>20.6000003814697265625</ele>
        <time>2026-06-21T14:43:32.000Z</time>
        <extensions>
          <ns3:TrackPointExtension>
            <ns3:hr>177</ns3:hr>
          </ns3:TrackPointExtension>
        </extensions>
      </trkpt>
      <trkpt lat="51.3965171389281749725341796875" lon="5.46110353432595729827880859375">
        <ele>20.3999996185302734375</ele>
        <time>2026-06-21T14:43:35.000Z</time>
        <extensions>
          <ns3:TrackPointExtension>
            <ns3:hr>176</ns3:hr>
          </ns3:TrackPointExtension>
        </extensions>
      </trkpt>
      <trkpt lat="51.396404318511486053466796875" lon="5.46108492650091648101806640625">
        <ele>20.799999237060546875</ele>
        <time>2026-06-21T14:43:47.000Z</time>
        <extensions>
          <ns3:TrackPointExtension>
            <ns3:hr>175</ns3:hr>
          </ns3:TrackPointExtension>
        </extensions>
      </trkpt>
      <trkpt lat="51.3963082619011402130126953125" lon="5.46104854904115200042724609375">
        <ele>20.799999237060546875</ele>
        <time>2026-06-21T14:43:57.000Z</time>
        <extensions>
          <ns3:TrackPointExtension>
            <ns3:hr>175</ns3:hr>
          </ns3:TrackPointExtension>
        </extensions>
      </trkpt>
      <trkpt lat="51.3961873948574066162109375" lon="5.46104955486953258514404296875">
        <ele>20.3999996185302734375</ele>
        <time>2026-06-21T14:44:06.000Z</time>
        <extensions>
          <ns3:TrackPointExtension>
            <ns3:hr>175</ns3:hr>
          </ns3:TrackPointExtension>
        </extensions>
      </trkpt>
      <trkpt lat="51.3960506021976470947265625" lon="5.46103631146252155303955078125">
        <ele>20.200000762939453125</ele>
        <time>2026-06-21T14:44:15.000Z</time>
        <extensions>
          <ns3:TrackPointExtension>
            <ns3:hr>175</ns3:hr>
          </ns3:TrackPointExtension>
        </extensions>
      </trkpt>
      <trkpt lat="51.3959619216620922088623046875" lon="5.4610330425202846527099609375">
        <ele>20.200000762939453125</ele>
        <time>2026-06-21T14:44:24.000Z</time>
        <extensions>
          <ns3:TrackPointExtension>
            <ns3:hr>172</ns3:hr>
          </ns3:TrackPointExtension>
        </extensions>
      </trkpt>
      <trkpt lat="51.39590064994990825653076171875" lon="5.46101585961878299713134765625">
        <ele>20.200000762939453125</ele>
        <time>2026-06-21T14:44:28.000Z</time>
        <extensions>
          <ns3:TrackPointExtension>
            <ns3:hr>175</ns3:hr>
          </ns3:TrackPointExtension>
        </extensions>
      </trkpt>
      <trkpt lat="51.39583493582904338836669921875" lon="5.46100714243948459625244140625">
        <ele>20.200000762939453125</ele>
        <time>2026-06-21T14:44:33.000Z</time>
        <extensions>
          <ns3:TrackPointExtension>
            <ns3:hr>177</ns3:hr>
          </ns3:TrackPointExtension>
        </extensions>
      </trkpt>
      <trkpt lat="51.395737789571285247802734375" lon="5.46099490486085414886474609375">
        <ele>20</ele>
        <time>2026-06-21T14:44:43.000Z</time>
        <extensions>
          <ns3:TrackPointExtension>
            <ns3:hr>176</ns3:hr>
          </ns3:TrackPointExtension>
        </extensions>
      </trkpt>
      <trkpt lat="51.395635865628719329833984375" lon="5.4609703458845615386962890625">
        <ele>20.200000762939453125</ele>
        <time>2026-06-21T14:44:52.000Z</time>
        <extensions>
          <ns3:TrackPointExtension>
            <ns3:hr>175</ns3:hr>
          </ns3:TrackPointExtension>
        </extensions>
      </trkpt>
      <trkpt lat="51.39554701745510101318359375" lon="5.460962466895580291748046875">
        <ele>20.6000003814697265625</ele>
        <time>2026-06-21T14:45:01.000Z</time>
        <extensions>
          <ns3:TrackPointExtension>
            <ns3:hr>176</ns3:hr>
          </ns3:TrackPointExtension>
        </extensions>
      </trkpt>
      <trkpt lat="51.39541969634592533111572265625" lon="5.461017787456512451171875">
        <ele>20.200000762939453125</ele>
        <time>2026-06-21T14:45:12.000Z</time>
        <extensions>
          <ns3:TrackPointExtension>
            <ns3:hr>177</ns3:hr>
          </ns3:TrackPointExtension>
        </extensions>
      </trkpt>
      <trkpt lat="51.39532011933624744415283203125" lon="5.46105575747787952423095703125">
        <ele>20</ele>
        <time>2026-06-21T14:45:22.000Z</time>
        <extensions>
          <ns3:TrackPointExtension>
            <ns3:hr>177</ns3:hr>
          </ns3:TrackPointExtension>
        </extensions>
      </trkpt>
      <trkpt lat="51.3951746933162212371826171875" lon="5.46104016713798046112060546875">
        <ele>20.200000762939453125</ele>
        <time>2026-06-21T14:45:33.000Z</time>
        <extensions>
          <ns3:TrackPointExtension>
            <ns3:hr>176</ns3:hr>
          </ns3:TrackPointExtension>
        </extensions>
      </trkpt>
      <trkpt lat="51.3950620405375957489013671875" lon="5.4610521532595157623291015625">
        <ele>20.200000762939453125</ele>
        <time>2026-06-21T14:45:42.000Z</time>
        <extensions>
          <ns3:TrackPointExtension>
            <ns3:hr>173</ns3:hr>
          </ns3:TrackPointExtension>
        </extensions>
      </trkpt>
      <trkpt lat="51.39504753984510898590087890625" lon="5.461050979793071746826171875">
        <ele>20.200000762939453125</ele>
        <time>2026-06-21T14:45:43.000Z</time>
        <extensions>
          <ns3:TrackPointExtension>
            <ns3:hr>173</ns3:hr>
          </ns3:TrackPointExtension>
        </extensions>
      </trkpt>
      <trkpt lat="51.39497059397399425506591796875" lon="5.46104586683213710784912109375">
        <ele>20.200000762939453125</ele>
        <time>2026-06-21T14:45:51.000Z</time>
        <extensions>
          <ns3:TrackPointExtension>
            <ns3:hr>172</ns3:hr>
          </ns3:TrackPointExtension>
        </extensions>
      </trkpt>
      <trkpt lat="51.3948769681155681610107421875" lon="5.4610494710505008697509765625">
        <ele>20.6000003814697265625</ele>
        <time>2026-06-21T14:45:59.000Z</time>
        <extensions>
          <ns3:TrackPointExtension>
            <ns3:hr>175</ns3:hr>
          </ns3:TrackPointExtension>
        </extensions>
      </trkpt>
      <trkpt lat="51.39485442079603672027587890625" lon="5.46104603447020053863525390625">
        <ele>20.3999996185302734375</ele>
        <time>2026-06-21T14:46:01.000Z</time>
        <extensions>
          <ns3:TrackPointExtension>
            <ns3:hr>176</ns3:hr>
          </ns3:TrackPointExtension>
        </extensions>
      </trkpt>
      <trkpt lat="51.3947703503072261810302734375" lon="5.46103052794933319091796875">
        <ele>20.3999996185302734375</ele>
        <time>2026-06-21T14:46:07.000Z</time>
        <extensions>
          <ns3:TrackPointExtension>
            <ns3:hr>173</ns3:hr>
          </ns3:TrackPointExtension>
        </extensions>
      </trkpt>
      <trkpt lat="51.39472601003944873809814453125" lon="5.46102055348455905914306640625">
        <ele>20.3999996185302734375</ele>
        <time>2026-06-21T14:46:10.000Z</time>
        <extensions>
          <ns3:TrackPointExtension>
            <ns3:hr>173</ns3:hr>
          </ns3:TrackPointExtension>
        </extensions>
      </trkpt>
      <trkpt lat="51.3945983536541461944580078125" lon="5.46097160317003726959228515625">
        <ele>20.6000003814697265625</ele>
        <time>2026-06-21T14:46:21.000Z</time>
        <extensions>
          <ns3:TrackPointExtension>
            <ns3:hr>173</ns3:hr>
          </ns3:TrackPointExtension>
        </extensions>
      </trkpt>
      <trkpt lat="51.39448427595198154449462890625" lon="5.4609663225710391998291015625">
        <ele>20.799999237060546875</ele>
        <time>2026-06-21T14:46:30.000Z</time>
        <extensions>
          <ns3:TrackPointExtension>
            <ns3:hr>174</ns3:hr>
          </ns3:TrackPointExtension>
        </extensions>
      </trkpt>
      <trkpt lat="51.3943934999406337738037109375" lon="5.46098518185317516326904296875">
        <ele>21</ele>
        <time>2026-06-21T14:46:40.000Z</time>
        <extensions>
          <ns3:TrackPointExtension>
            <ns3:hr>174</ns3:hr>
          </ns3:TrackPointExtension>
        </extensions>
      </trkpt>
      <trkpt lat="51.3942728005349636077880859375" lon="5.46096003614366054534912109375">
        <ele>21.200000762939453125</ele>
        <time>2026-06-21T14:46:50.000Z</time>
        <extensions>
          <ns3:TrackPointExtension>
            <ns3:hr>173</ns3:hr>
          </ns3:TrackPointExtension>
        </extensions>
      </trkpt>
      <trkpt lat="51.3941457308828830718994140625" lon="5.46092701144516468048095703125">
        <ele>21.200000762939453125</ele>
        <time>2026-06-21T14:47:01.000Z</time>
        <extensions>
          <ns3:TrackPointExtension>
            <ns3:hr>173</ns3:hr>
          </ns3:TrackPointExtension>
        </extensions>
      </trkpt>
      <trkpt lat="51.39401991851627826690673828125" lon="5.4609193839132785797119140625">
        <ele>21.200000762939453125</ele>
        <time>2026-06-21T14:47:11.000Z</time>
        <extensions>
          <ns3:TrackPointExtension>
            <ns3:hr>173</ns3:hr>
          </ns3:TrackPointExtension>
        </extensions>
      </trkpt>
      <trkpt lat="51.3939123786985874176025390625" lon="5.46091930009424686431884765625">
        <ele>21.3999996185302734375</ele>
        <time>2026-06-21T14:47:21.000Z</time>
        <extensions>
          <ns3:TrackPointExtension>
            <ns3:hr>172</ns3:hr>
          </ns3:TrackPointExtension>
        </extensions>
      </trkpt>
      <trkpt lat="51.39380668289959430694580078125" lon="5.46092365868389606475830078125">
        <ele>21.6000003814697265625</ele>
        <time>2026-06-21T14:47:29.000Z</time>
        <extensions>
          <ns3:TrackPointExtension>
            <ns3:hr>171</ns3:hr>
          </ns3:TrackPointExtension>
        </extensions>
      </trkpt>
      <trkpt lat="51.39377835206687450408935546875" lon="5.4609250836074352264404296875">
        <ele>21.799999237060546875</ele>
        <time>2026-06-21T14:47:31.000Z</time>
        <extensions>
          <ns3:TrackPointExtension>
            <ns3:hr>171</ns3:hr>
          </ns3:TrackPointExtension>
        </extensions>
      </trkpt>
      <trkpt lat="51.39359847642481327056884765625" lon="5.46093975193798542022705078125">
        <ele>21.6000003814697265625</ele>
        <time>2026-06-21T14:47:43.000Z</time>
        <extensions>
          <ns3:TrackPointExtension>
            <ns3:hr>171</ns3:hr>
          </ns3:TrackPointExtension>
        </extensions>
      </trkpt>
      <trkpt lat="51.393484733998775482177734375" lon="5.46094746328890323638916015625">
        <ele>21.6000003814697265625</ele>
        <time>2026-06-21T14:47:51.000Z</time>
        <extensions>
          <ns3:TrackPointExtension>
            <ns3:hr>171</ns3:hr>
          </ns3:TrackPointExtension>
        </extensions>
      </trkpt>
      <trkpt lat="51.39340954832732677459716796875" lon="5.46096808277070522308349609375">
        <ele>21.6000003814697265625</ele>
        <time>2026-06-21T14:48:00.000Z</time>
        <extensions>
          <ns3:TrackPointExtension>
            <ns3:hr>171</ns3:hr>
          </ns3:TrackPointExtension>
        </extensions>
      </trkpt>
      <trkpt lat="51.39332455582916736602783203125" lon="5.46098669059574604034423828125">
        <ele>21.3999996185302734375</ele>
        <time>2026-06-21T14:48:08.000Z</time>
        <extensions>
          <ns3:TrackPointExtension>
            <ns3:hr>171</ns3:hr>
          </ns3:TrackPointExtension>
        </extensions>
      </trkpt>
      <trkpt lat="51.3932082988321781158447265625" lon="5.46099440194666385650634765625">
        <ele>21.200000762939453125</ele>
        <time>2026-06-21T14:48:17.000Z</time>
        <extensions>
          <ns3:TrackPointExtension>
            <ns3:hr>171</ns3:hr>
          </ns3:TrackPointExtension>
        </extensions>
      </trkpt>
      <trkpt lat="51.3930706679821014404296875" lon="5.46096749603748321533203125">
        <ele>21.3999996185302734375</ele>
        <time>2026-06-21T14:48:28.000Z</time>
        <extensions>
          <ns3:TrackPointExtension>
            <ns3:hr>171</ns3:hr>
          </ns3:TrackPointExtension>
        </extensions>
      </trkpt>
      <trkpt lat="51.39293999411165714263916015625" lon="5.4609676636755466461181640625">
        <ele>21.3999996185302734375</ele>
        <time>2026-06-21T14:48:38.000Z</time>
        <extensions>
          <ns3:TrackPointExtension>
            <ns3:hr>171</ns3:hr>
          </ns3:TrackPointExtension>
        </extensions>
      </trkpt>
      <trkpt lat="51.392828263342380523681640625" lon="5.46095903031527996063232421875">
        <ele>21.3999996185302734375</ele>
        <time>2026-06-21T14:48:48.000Z</time>
        <extensions>
          <ns3:TrackPointExtension>
            <ns3:hr>171</ns3:hr>
          </ns3:TrackPointExtension>
        </extensions>
      </trkpt>
      <trkpt lat="51.39269993640482425689697265625" lon="5.46094209887087345123291015625">
        <ele>21.3999996185302734375</ele>
        <time>2026-06-21T14:48:58.000Z</time>
        <extensions>
          <ns3:TrackPointExtension>
            <ns3:hr>171</ns3:hr>
          </ns3:TrackPointExtension>
        </extensions>
      </trkpt>
      <trkpt lat="51.3925545103847980499267578125" lon="5.4609150253236293792724609375">
        <ele>21.6000003814697265625</ele>
        <time>2026-06-21T14:49:10.000Z</time>
        <extensions>
          <ns3:TrackPointExtension>
            <ns3:hr>173</ns3:hr>
          </ns3:TrackPointExtension>
        </extensions>
      </trkpt>
      <trkpt lat="51.39244680292904376983642578125" lon="5.46089163981378078460693359375">
        <ele>21.799999237060546875</ele>
        <time>2026-06-21T14:49:20.000Z</time>
        <extensions>
          <ns3:TrackPointExtension>
            <ns3:hr>171</ns3:hr>
          </ns3:TrackPointExtension>
        </extensions>
      </trkpt>
      <trkpt lat="51.3923384249210357666015625" lon="5.4608224891126155853271484375">
        <ele>22.200000762939453125</ele>
        <time>2026-06-21T14:49:29.000Z</time>
        <extensions>
          <ns3:TrackPointExtension>
            <ns3:hr>171</ns3:hr>
          </ns3:TrackPointExtension>
        </extensions>
      </trkpt>
      <trkpt lat="51.39222820289433002471923828125" lon="5.460765324532985687255859375">
        <ele>22</ele>
        <time>2026-06-21T14:49:37.000Z</time>
        <extensions>
          <ns3:TrackPointExtension>
            <ns3:hr>171</ns3:hr>
          </ns3:TrackPointExtension>
        </extensions>
      </trkpt>
      <trkpt lat="51.39212560839951038360595703125" lon="5.46079122461378574371337890625">
        <ele>22</ele>
        <time>2026-06-21T14:49:45.000Z</time>
        <extensions>
          <ns3:TrackPointExtension>
            <ns3:hr>171</ns3:hr>
          </ns3:TrackPointExtension>
        </extensions>
      </trkpt>
      <trkpt lat="51.39207816682755947113037109375" lon="5.460674464702606201171875">
        <ele>22</ele>
        <time>2026-06-21T14:49:51.000Z</time>
        <extensions>
          <ns3:TrackPointExtension>
            <ns3:hr>171</ns3:hr>
          </ns3:TrackPointExtension>
        </extensions>
      </trkpt>
      <trkpt lat="51.39202318154275417327880859375" lon="5.46046097762882709503173828125">
        <ele>22</ele>
        <time>2026-06-21T14:50:01.000Z</time>
        <extensions>
          <ns3:TrackPointExtension>
            <ns3:hr>172</ns3:hr>
          </ns3:TrackPointExtension>
        </extensions>
      </trkpt>
      <trkpt lat="51.39198764227330684661865234375" lon="5.46032334677875041961669921875">
        <ele>22</ele>
        <time>2026-06-21T14:50:09.000Z</time>
        <extensions>
          <ns3:TrackPointExtension>
            <ns3:hr>173</ns3:hr>
          </ns3:TrackPointExtension>
        </extensions>
      </trkpt>
      <trkpt lat="51.39195025898516178131103515625" lon="5.46012553386390209197998046875">
        <ele>22</ele>
        <time>2026-06-21T14:50:19.000Z</time>
        <extensions>
          <ns3:TrackPointExtension>
            <ns3:hr>173</ns3:hr>
          </ns3:TrackPointExtension>
        </extensions>
      </trkpt>
      <trkpt lat="51.39193617738783359527587890625" lon="5.45998455025255680084228515625">
        <ele>22</ele>
        <time>2026-06-21T14:50:29.000Z</time>
        <extensions>
          <ns3:TrackPointExtension>
            <ns3:hr>173</ns3:hr>
          </ns3:TrackPointExtension>
        </extensions>
      </trkpt>
      <trkpt lat="51.39195419847965240478515625" lon="5.45997113920748233795166015625">
        <ele>22.200000762939453125</ele>
        <time>2026-06-21T14:50:35.000Z</time>
        <extensions>
          <ns3:TrackPointExtension>
            <ns3:hr>173</ns3:hr>
          </ns3:TrackPointExtension>
        </extensions>
      </trkpt>
      <trkpt lat="51.3919548690319061279296875" lon="5.4599728994071483612060546875">
        <ele>22.200000762939453125</ele>
        <time>2026-06-21T14:50:36.000Z</time>
        <extensions>
          <ns3:TrackPointExtension>
            <ns3:hr>173</ns3:hr>
          </ns3:TrackPointExtension>
        </extensions>
      </trkpt>
      <trkpt lat="51.39198127202689647674560546875" lon="5.45998907648026943206787109375">
        <ele>22.6000003814697265625</ele>
        <time>2026-06-21T14:50:44.000Z</time>
        <extensions>
          <ns3:TrackPointExtension>
            <ns3:hr>174</ns3:hr>
          </ns3:TrackPointExtension>
        </extensions>
      </trkpt>
      <trkpt lat="51.3919862173497676849365234375" lon="5.45999192632734775543212890625">
        <ele>22.3999996185302734375</ele>
        <time>2026-06-21T14:50:49.000Z</time>
        <extensions>
          <ns3:TrackPointExtension>
            <ns3:hr>177</ns3:hr>
          </ns3:TrackPointExtension>
        </extensions>
      </trkpt>
      <trkpt lat="51.39199149794876575469970703125" lon="5.45997750945389270782470703125">
        <ele>22.6000003814697265625</ele>
        <time>2026-06-21T14:50:55.000Z</time>
        <extensions>
          <ns3:TrackPointExtension>
            <ns3:hr>178</ns3:hr>
          </ns3:TrackPointExtension>
        </extensions>
      </trkpt>
      <trkpt lat="51.391958557069301605224609375" lon="5.45994398184120655059814453125">
        <ele>22.3999996185302734375</ele>
        <time>2026-06-21T14:51:05.000Z</time>
        <extensions>
          <ns3:TrackPointExtension>
            <ns3:hr>178</ns3:hr>
          </ns3:TrackPointExtension>
        </extensions>
      </trkpt>
      <trkpt lat="51.3919114507734775543212890625" lon="5.45981339178979396820068359375">
        <ele>22</ele>
        <time>2026-06-21T14:51:13.000Z</time>
        <extensions>
          <ns3:TrackPointExtension>
            <ns3:hr>178</ns3:hr>
          </ns3:TrackPointExtension>
        </extensions>
      </trkpt>
      <trkpt lat="51.3918829523026943206787109375" lon="5.459633432328701019287109375">
        <ele>22</ele>
        <time>2026-06-21T14:51:22.000Z</time>
        <extensions>
          <ns3:TrackPointExtension>
            <ns3:hr>180</ns3:hr>
          </ns3:TrackPointExtension>
        </extensions>
      </trkpt>
      <trkpt lat="51.391854621469974517822265625" lon="5.45952069573104381561279296875">
        <ele>22</ele>
        <time>2026-06-21T14:51:28.000Z</time>
        <extensions>
          <ns3:TrackPointExtension>
            <ns3:hr>177</ns3:hr>
          </ns3:TrackPointExtension>
        </extensions>
      </trkpt>
      <trkpt lat="51.39184615574777126312255859375" lon="5.4594850726425647735595703125">
        <ele>22</ele>
        <time>2026-06-21T14:51:30.000Z</time>
        <extensions>
          <ns3:TrackPointExtension>
            <ns3:hr>175</ns3:hr>
          </ns3:TrackPointExtension>
        </extensions>
      </trkpt>
      <trkpt lat="51.39182603918015956878662109375" lon="5.4594341106712818145751953125">
        <ele>21.799999237060546875</ele>
        <time>2026-06-21T14:51:33.000Z</time>
        <extensions>
          <ns3:TrackPointExtension>
            <ns3:hr>172</ns3:hr>
          </ns3:TrackPointExtension>
        </extensions>
      </trkpt>
      <trkpt lat="51.39179402031004428863525390625" lon="5.4593368805944919586181640625">
        <ele>22</ele>
        <time>2026-06-21T14:51:38.000Z</time>
        <extensions>
          <ns3:TrackPointExtension>
            <ns3:hr>172</ns3:hr>
          </ns3:TrackPointExtension>
        </extensions>
      </trkpt>
      <trkpt lat="51.39171724207699298858642578125" lon="5.4591353796422481536865234375">
        <ele>21.799999237060546875</ele>
        <time>2026-06-21T14:51:50.000Z</time>
        <extensions>
          <ns3:TrackPointExtension>
            <ns3:hr>174</ns3:hr>
          </ns3:TrackPointExtension>
        </extensions>
      </trkpt>
      <trkpt lat="51.3916740752756595611572265625" lon="5.45902214013040065765380859375">
        <ele>21.6000003814697265625</ele>
        <time>2026-06-21T14:51:57.000Z</time>
        <extensions>
          <ns3:TrackPointExtension>
            <ns3:hr>174</ns3:hr>
          </ns3:TrackPointExtension>
        </extensions>
      </trkpt>
      <trkpt lat="51.3916678726673126220703125" lon="5.45900470577180385589599609375">
        <ele>21.6000003814697265625</ele>
        <time>2026-06-21T14:51:58.000Z</time>
        <extensions>
          <ns3:TrackPointExtension>
            <ns3:hr>174</ns3:hr>
          </ns3:TrackPointExtension>
        </extensions>
      </trkpt>
      <trkpt lat="51.39159687794744968414306640625" lon="5.4588336311280727386474609375">
        <ele>21.799999237060546875</ele>
        <time>2026-06-21T14:52:09.000Z</time>
        <extensions>
          <ns3:TrackPointExtension>
            <ns3:hr>174</ns3:hr>
          </ns3:TrackPointExtension>
        </extensions>
      </trkpt>
      <trkpt lat="51.39157868921756744384765625" lon="5.45883555896580219268798828125">
        <ele>21.799999237060546875</ele>
        <time>2026-06-21T14:52:11.000Z</time>
        <extensions>
          <ns3:TrackPointExtension>
            <ns3:hr>174</ns3:hr>
          </ns3:TrackPointExtension>
        </extensions>
      </trkpt>
      <trkpt lat="51.39154491014778614044189453125" lon="5.45885718427598476409912109375">
        <ele>21.3999996185302734375</ele>
        <time>2026-06-21T14:52:14.000Z</time>
        <extensions>
          <ns3:TrackPointExtension>
            <ns3:hr>174</ns3:hr>
          </ns3:TrackPointExtension>
        </extensions>
      </trkpt>
      <trkpt lat="51.3915396295487880706787109375" lon="5.4588708467781543731689453125">
        <ele>21.3999996185302734375</ele>
        <time>2026-06-21T14:52:15.000Z</time>
        <extensions>
          <ns3:TrackPointExtension>
            <ns3:hr>174</ns3:hr>
          </ns3:TrackPointExtension>
        </extensions>
      </trkpt>
      <trkpt lat="51.39150417409837245941162109375" lon="5.45888953842222690582275390625">
        <ele>21.6000003814697265625</ele>
        <time>2026-06-21T14:52:19.000Z</time>
        <extensions>
          <ns3:TrackPointExtension>
            <ns3:hr>175</ns3:hr>
          </ns3:TrackPointExtension>
        </extensions>
      </trkpt>
      <trkpt lat="51.391479112207889556884765625" lon="5.458856262266635894775390625">
        <ele>21.6000003814697265625</ele>
        <time>2026-06-21T14:52:21.000Z</time>
        <extensions>
          <ns3:TrackPointExtension>
            <ns3:hr>175</ns3:hr>
          </ns3:TrackPointExtension>
        </extensions>
      </trkpt>
      <trkpt lat="51.39144231565296649932861328125" lon="5.458743274211883544921875">
        <ele>21.799999237060546875</ele>
        <time>2026-06-21T14:52:29.000Z</time>
        <extensions>
          <ns3:TrackPointExtension>
            <ns3:hr>173</ns3:hr>
          </ns3:TrackPointExtension>
        </extensions>
      </trkpt>
      <trkpt lat="51.39137676917016506195068359375" lon="5.45862483792006969451904296875">
        <ele>22</ele>
        <time>2026-06-21T14:52:36.000Z</time>
        <extensions>
          <ns3:TrackPointExtension>
            <ns3:hr>172</ns3:hr>
          </ns3:TrackPointExtension>
        </extensions>
      </trkpt>
      <trkpt lat="51.39128188602626323699951171875" lon="5.45861394144594669342041015625">
        <ele>22.200000762939453125</ele>
        <time>2026-06-21T14:52:44.000Z</time>
        <extensions>
          <ns3:TrackPointExtension>
            <ns3:hr>173</ns3:hr>
          </ns3:TrackPointExtension>
        </extensions>
      </trkpt>
      <trkpt lat="51.39116135425865650177001953125" lon="5.45862886123359203338623046875">
        <ele>21.3999996185302734375</ele>
        <time>2026-06-21T14:52:54.000Z</time>
        <extensions>
          <ns3:TrackPointExtension>
            <ns3:hr>174</ns3:hr>
          </ns3:TrackPointExtension>
        </extensions>
      </trkpt>
      <trkpt lat="51.3910534791648387908935546875" lon="5.45860975049436092376708984375">
        <ele>21.200000762939453125</ele>
        <time>2026-06-21T14:53:02.000Z</time>
        <extensions>
          <ns3:TrackPointExtension>
            <ns3:hr>171</ns3:hr>
          </ns3:TrackPointExtension>
        </extensions>
      </trkpt>
      <trkpt lat="51.3910310156643390655517578125" lon="5.45860103331506252288818359375">
        <ele>21.200000762939453125</ele>
        <time>2026-06-21T14:53:04.000Z</time>
        <extensions>
          <ns3:TrackPointExtension>
            <ns3:hr>172</ns3:hr>
          </ns3:TrackPointExtension>
        </extensions>
      </trkpt>
      <trkpt lat="51.390893049538135528564453125" lon="5.45857739634811878204345703125">
        <ele>21.3999996185302734375</ele>
        <time>2026-06-21T14:53:15.000Z</time>
        <extensions>
          <ns3:TrackPointExtension>
            <ns3:hr>173</ns3:hr>
          </ns3:TrackPointExtension>
        </extensions>
      </trkpt>
      <trkpt lat="51.39078752137720584869384765625" lon="5.45857722871005535125732421875">
        <ele>21.3999996185302734375</ele>
        <time>2026-06-21T14:53:24.000Z</time>
        <extensions>
          <ns3:TrackPointExtension>
            <ns3:hr>172</ns3:hr>
          </ns3:TrackPointExtension>
        </extensions>
      </trkpt>
      <trkpt lat="51.39067386277019977569580078125" lon="5.45854152180254459381103515625">
        <ele>21.799999237060546875</ele>
        <time>2026-06-21T14:53:33.000Z</time>
        <extensions>
          <ns3:TrackPointExtension>
            <ns3:hr>172</ns3:hr>
          </ns3:TrackPointExtension>
        </extensions>
      </trkpt>
      <trkpt lat="51.3906159438192844390869140625" lon="5.45851972885429859161376953125">
        <ele>21.3999996185302734375</ele>
        <time>2026-06-21T14:53:38.000Z</time>
        <extensions>
          <ns3:TrackPointExtension>
            <ns3:hr>175</ns3:hr>
          </ns3:TrackPointExtension>
        </extensions>
      </trkpt>
      <trkpt lat="51.3905472122132778167724609375" lon="5.458504222333431243896484375">
        <ele>21.799999237060546875</ele>
        <time>2026-06-21T14:53:44.000Z</time>
        <extensions>
          <ns3:TrackPointExtension>
            <ns3:hr>175</ns3:hr>
          </ns3:TrackPointExtension>
        </extensions>
      </trkpt>
      <trkpt lat="51.390461213886737823486328125" lon="5.4585701040923595428466796875">
        <ele>21.6000003814697265625</ele>
        <time>2026-06-21T14:53:52.000Z</time>
        <extensions>
          <ns3:TrackPointExtension>
            <ns3:hr>174</ns3:hr>
          </ns3:TrackPointExtension>
        </extensions>
      </trkpt>
      <trkpt lat="51.39036842621862888336181640625" lon="5.45862969942390918731689453125">
        <ele>21.3999996185302734375</ele>
        <time>2026-06-21T14:53:59.000Z</time>
        <extensions>
          <ns3:TrackPointExtension>
            <ns3:hr>177</ns3:hr>
          </ns3:TrackPointExtension>
        </extensions>
      </trkpt>
      <trkpt lat="51.390338838100433349609375" lon="5.458562560379505157470703125">
        <ele>21.3999996185302734375</ele>
        <time>2026-06-21T14:54:03.000Z</time>
        <extensions>
          <ns3:TrackPointExtension>
            <ns3:hr>180</ns3:hr>
          </ns3:TrackPointExtension>
        </extensions>
      </trkpt>
      <trkpt lat="51.39032433740794658660888671875" lon="5.45851687900722026824951171875">
        <ele>21.3999996185302734375</ele>
        <time>2026-06-21T14:54:05.000Z</time>
        <extensions>
          <ns3:TrackPointExtension>
            <ns3:hr>180</ns3:hr>
          </ns3:TrackPointExtension>
        </extensions>
      </trkpt>
      <trkpt lat="51.39027647674083709716796875" lon="5.458406321704387664794921875">
        <ele>21.6000003814697265625</ele>
        <time>2026-06-21T14:54:13.000Z</time>
        <extensions>
          <ns3:TrackPointExtension>
            <ns3:hr>178</ns3:hr>
          </ns3:TrackPointExtension>
        </extensions>
      </trkpt>
      <trkpt lat="51.39022543095052242279052734375" lon="5.45827598311007022857666015625">
        <ele>22</ele>
        <time>2026-06-21T14:54:21.000Z</time>
        <extensions>
          <ns3:TrackPointExtension>
            <ns3:hr>179</ns3:hr>
          </ns3:TrackPointExtension>
        </extensions>
      </trkpt>
      <trkpt lat="51.390186958014965057373046875" lon="5.45814472250640392303466796875">
        <ele>21.6000003814697265625</ele>
        <time>2026-06-21T14:54:29.000Z</time>
        <extensions>
          <ns3:TrackPointExtension>
            <ns3:hr>178</ns3:hr>
          </ns3:TrackPointExtension>
        </extensions>
      </trkpt>
      <trkpt lat="51.3901193998754024505615234375" lon="5.457965098321437835693359375">
        <ele>21.799999237060546875</ele>
        <time>2026-06-21T14:54:39.000Z</time>
        <extensions>
          <ns3:TrackPointExtension>
            <ns3:hr>178</ns3:hr>
          </ns3:TrackPointExtension>
        </extensions>
      </trkpt>
      <trkpt lat="51.39006533659994602203369140625" lon="5.4578217677772045135498046875">
        <ele>21.6000003814697265625</ele>
        <time>2026-06-21T14:54:48.000Z</time>
        <extensions>
          <ns3:TrackPointExtension>
            <ns3:hr>178</ns3:hr>
          </ns3:TrackPointExtension>
        </extensions>
      </trkpt>
      <trkpt lat="51.389997862279415130615234375" lon="5.45765538699924945831298828125">
        <ele>21.6000003814697265625</ele>
        <time>2026-06-21T14:54:58.000Z</time>
        <extensions>
          <ns3:TrackPointExtension>
            <ns3:hr>178</ns3:hr>
          </ns3:TrackPointExtension>
        </extensions>
      </trkpt>
      <trkpt lat="51.3899014703929424285888671875" lon="5.45752932317554950714111328125">
        <ele>21.6000003814697265625</ele>
        <time>2026-06-21T14:55:10.000Z</time>
        <extensions>
          <ns3:TrackPointExtension>
            <ns3:hr>179</ns3:hr>
          </ns3:TrackPointExtension>
        </extensions>
      </trkpt>
      <trkpt lat="51.389858387410640716552734375" lon="5.45756109058856964111328125">
        <ele>21.799999237060546875</ele>
        <time>2026-06-21T14:55:14.000Z</time>
        <extensions>
          <ns3:TrackPointExtension>
            <ns3:hr>180</ns3:hr>
          </ns3:TrackPointExtension>
        </extensions>
      </trkpt>
      <trkpt lat="51.38981672935187816619873046875" lon="5.4576021619141101837158203125">
        <ele>22</ele>
        <time>2026-06-21T14:55:17.000Z</time>
        <extensions>
          <ns3:TrackPointExtension>
            <ns3:hr>180</ns3:hr>
          </ns3:TrackPointExtension>
        </extensions>
      </trkpt>
      <trkpt lat="51.38977012597024440765380859375" lon="5.457649938762187957763671875">
        <ele>21.799999237060546875</ele>
        <time>2026-06-21T14:55:21.000Z</time>
        <extensions>
          <ns3:TrackPointExtension>
            <ns3:hr>177</ns3:hr>
          </ns3:TrackPointExtension>
        </extensions>
      </trkpt>
      <trkpt lat="51.3897259533405303955078125" lon="5.4576765932142734527587890625">
        <ele>21.799999237060546875</ele>
        <time>2026-06-21T14:55:24.000Z</time>
        <extensions>
          <ns3:TrackPointExtension>
            <ns3:hr>174</ns3:hr>
          </ns3:TrackPointExtension>
        </extensions>
      </trkpt>
      <trkpt lat="51.38969234190881252288818359375" lon="5.45767751522362232208251953125">
        <ele>21.799999237060546875</ele>
        <time>2026-06-21T14:55:26.000Z</time>
        <extensions>
          <ns3:TrackPointExtension>
            <ns3:hr>173</ns3:hr>
          </ns3:TrackPointExtension>
        </extensions>
      </trkpt>
      <trkpt lat="51.38964406214654445648193359375" lon="5.45763510279357433319091796875">
        <ele>21.799999237060546875</ele>
        <time>2026-06-21T14:55:30.000Z</time>
        <extensions>
          <ns3:TrackPointExtension>
            <ns3:hr>176</ns3:hr>
          </ns3:TrackPointExtension>
        </extensions>
      </trkpt>
      <trkpt lat="51.3896352611482143402099609375" lon="5.4575910978019237518310546875">
        <ele>21.799999237060546875</ele>
        <time>2026-06-21T14:55:32.000Z</time>
        <extensions>
          <ns3:TrackPointExtension>
            <ns3:hr>179</ns3:hr>
          </ns3:TrackPointExtension>
        </extensions>
      </trkpt>
      <trkpt lat="51.38963266275823116302490234375" lon="5.457572154700756072998046875">
        <ele>21.799999237060546875</ele>
        <time>2026-06-21T14:55:33.000Z</time>
        <extensions>
          <ns3:TrackPointExtension>
            <ns3:hr>179</ns3:hr>
          </ns3:TrackPointExtension>
        </extensions>
      </trkpt>
      <trkpt lat="51.38958019204437732696533203125" lon="5.45742102898657321929931640625">
        <ele>21.799999237060546875</ele>
        <time>2026-06-21T14:55:41.000Z</time>
        <extensions>
          <ns3:TrackPointExtension>
            <ns3:hr>182</ns3:hr>
          </ns3:TrackPointExtension>
        </extensions>
      </trkpt>
      <trkpt lat="51.38951162807643413543701171875" lon="5.45722422190010547637939453125">
        <ele>21.799999237060546875</ele>
        <time>2026-06-21T14:55:52.000Z</time>
        <extensions>
          <ns3:TrackPointExtension>
            <ns3:hr>184</ns3:hr>
          </ns3:TrackPointExtension>
        </extensions>
      </trkpt>
      <trkpt lat="51.389474160969257354736328125" lon="5.45713436789810657501220703125">
        <ele>21.799999237060546875</ele>
        <time>2026-06-21T14:55:58.000Z</time>
        <extensions>
          <ns3:TrackPointExtension>
            <ns3:hr>187</ns3:hr>
          </ns3:TrackPointExtension>
        </extensions>
      </trkpt>
      <trkpt lat="51.38944826088845729827880859375" lon="5.457068569958209991455078125">
        <ele>21.799999237060546875</ele>
        <time>2026-06-21T14:56:02.000Z</time>
        <extensions>
          <ns3:TrackPointExtension>
            <ns3:hr>186</ns3:hr>
          </ns3:TrackPointExtension>
        </extensions>
      </trkpt>
      <trkpt lat="51.3894351013004779815673828125" lon="5.4570338688790798187255859375">
        <ele>21.799999237060546875</ele>
        <time>2026-06-21T14:56:04.000Z</time>
        <extensions>
          <ns3:TrackPointExtension>
            <ns3:hr>183</ns3:hr>
          </ns3:TrackPointExtension>
        </extensions>
      </trkpt>
      <trkpt lat="51.3894210197031497955322265625" lon="5.4570157639682292938232421875">
        <ele>21.799999237060546875</ele>
        <time>2026-06-21T14:56:06.000Z</time>
        <extensions>
          <ns3:TrackPointExtension>
            <ns3:hr>179</ns3:hr>
          </ns3:TrackPointExtension>
        </extensions>
      </trkpt>
      <trkpt lat="51.38938740827143192291259765625" lon="5.45694326050579547882080078125">
        <ele>21.799999237060546875</ele>
        <time>2026-06-21T14:56:11.000Z</time>
        <extensions>
          <ns3:TrackPointExtension>
            <ns3:hr>176</ns3:hr>
          </ns3:TrackPointExtension>
        </extensions>
      </trkpt>
      <trkpt lat="51.38937232084572315216064453125" lon="5.45691275037825107574462890625">
        <ele>21.799999237060546875</ele>
        <time>2026-06-21T14:56:13.000Z</time>
        <extensions>
          <ns3:TrackPointExtension>
            <ns3:hr>175</ns3:hr>
          </ns3:TrackPointExtension>
        </extensions>
      </trkpt>
      <trkpt lat="51.3893174193799495697021484375" lon="5.45674125663936138153076171875">
        <ele>21.799999237060546875</ele>
        <time>2026-06-21T14:56:22.000Z</time>
        <extensions>
          <ns3:TrackPointExtension>
            <ns3:hr>175</ns3:hr>
          </ns3:TrackPointExtension>
        </extensions>
      </trkpt>
      <trkpt lat="51.389271318912506103515625" lon="5.4566248320043087005615234375">
        <ele>22.799999237060546875</ele>
        <time>2026-06-21T14:56:30.000Z</time>
        <extensions>
          <ns3:TrackPointExtension>
            <ns3:hr>176</ns3:hr>
          </ns3:TrackPointExtension>
        </extensions>
      </trkpt>
      <trkpt lat="51.38926662504673004150390625" lon="5.4566149413585662841796875">
        <ele>22.799999237060546875</ele>
        <time>2026-06-21T14:56:31.000Z</time>
        <extensions>
          <ns3:TrackPointExtension>
            <ns3:hr>175</ns3:hr>
          </ns3:TrackPointExtension>
        </extensions>
      </trkpt>
      <trkpt lat="51.389219351112842559814453125" lon="5.45651712454855442047119140625">
        <ele>21.6000003814697265625</ele>
        <time>2026-06-21T14:56:37.000Z</time>
        <extensions>
          <ns3:TrackPointExtension>
            <ns3:hr>176</ns3:hr>
          </ns3:TrackPointExtension>
        </extensions>
      </trkpt>
      <trkpt lat="51.38921004720032215118408203125" lon="5.456472449004650115966796875">
        <ele>21.799999237060546875</ele>
        <time>2026-06-21T14:56:39.000Z</time>
        <extensions>
          <ns3:TrackPointExtension>
            <ns3:hr>178</ns3:hr>
          </ns3:TrackPointExtension>
        </extensions>
      </trkpt>
      <trkpt lat="51.38916076160967350006103515625" lon="5.45630422420799732208251953125">
        <ele>21.799999237060546875</ele>
        <time>2026-06-21T14:56:47.000Z</time>
        <extensions>
          <ns3:TrackPointExtension>
            <ns3:hr>178</ns3:hr>
          </ns3:TrackPointExtension>
        </extensions>
      </trkpt>
      <trkpt lat="51.3891038484871387481689453125" lon="5.456166677176952362060546875">
        <ele>21.799999237060546875</ele>
        <time>2026-06-21T14:56:55.000Z</time>
        <extensions>
          <ns3:TrackPointExtension>
            <ns3:hr>175</ns3:hr>
          </ns3:TrackPointExtension>
        </extensions>
      </trkpt>
      <trkpt lat="51.38908918015658855438232421875" lon="5.45613993890583515167236328125">
        <ele>21.799999237060546875</ele>
        <time>2026-06-21T14:56:57.000Z</time>
        <extensions>
          <ns3:TrackPointExtension>
            <ns3:hr>175</ns3:hr>
          </ns3:TrackPointExtension>
        </extensions>
      </trkpt>
      <trkpt lat="51.38905548490583896636962890625" lon="5.4560763202607631683349609375">
        <ele>21.799999237060546875</ele>
        <time>2026-06-21T14:57:03.000Z</time>
        <extensions>
          <ns3:TrackPointExtension>
            <ns3:hr>178</ns3:hr>
          </ns3:TrackPointExtension>
        </extensions>
      </trkpt>
      <trkpt lat="51.38904961757361888885498046875" lon="5.45604488812386989593505859375">
        <ele>21.799999237060546875</ele>
        <time>2026-06-21T14:57:05.000Z</time>
        <extensions>
          <ns3:TrackPointExtension>
            <ns3:hr>178</ns3:hr>
          </ns3:TrackPointExtension>
        </extensions>
      </trkpt>
      <trkpt lat="51.38898474164307117462158203125" lon="5.4558746516704559326171875">
        <ele>21.799999237060546875</ele>
        <time>2026-06-21T14:57:15.000Z</time>
        <extensions>
          <ns3:TrackPointExtension>
            <ns3:hr>176</ns3:hr>
          </ns3:TrackPointExtension>
        </extensions>
      </trkpt>
      <trkpt lat="51.3889405690133571624755859375" lon="5.4556783474981784820556640625">
        <ele>22.200000762939453125</ele>
        <time>2026-06-21T14:57:23.000Z</time>
        <extensions>
          <ns3:TrackPointExtension>
            <ns3:hr>174</ns3:hr>
          </ns3:TrackPointExtension>
        </extensions>
      </trkpt>
      <trkpt lat="51.38890720903873443603515625" lon="5.4556173272430896759033203125">
        <ele>22.200000762939453125</ele>
        <time>2026-06-21T14:57:27.000Z</time>
        <extensions>
          <ns3:TrackPointExtension>
            <ns3:hr>177</ns3:hr>
          </ns3:TrackPointExtension>
        </extensions>
      </trkpt>
      <trkpt lat="51.38886739499866962432861328125" lon="5.4555469192564487457275390625">
        <ele>22.200000762939453125</ele>
        <time>2026-06-21T14:57:32.000Z</time>
        <extensions>
          <ns3:TrackPointExtension>
            <ns3:hr>178</ns3:hr>
          </ns3:TrackPointExtension>
        </extensions>
      </trkpt>
      <trkpt lat="51.3888426683843135833740234375" lon="5.4555083625018596649169921875">
        <ele>22.200000762939453125</ele>
        <time>2026-06-21T14:57:35.000Z</time>
        <extensions>
          <ns3:TrackPointExtension>
            <ns3:hr>175</ns3:hr>
          </ns3:TrackPointExtension>
        </extensions>
      </trkpt>
      <trkpt lat="51.38880436308681964874267578125" lon="5.45545077882707118988037109375">
        <ele>22.200000762939453125</ele>
        <time>2026-06-21T14:57:40.000Z</time>
        <extensions>
          <ns3:TrackPointExtension>
            <ns3:hr>177</ns3:hr>
          </ns3:TrackPointExtension>
        </extensions>
      </trkpt>
      <trkpt lat="51.38874619267880916595458984375" lon="5.4552793689072132110595703125">
        <ele>22.200000762939453125</ele>
        <time>2026-06-21T14:57:49.000Z</time>
        <extensions>
          <ns3:TrackPointExtension>
            <ns3:hr>175</ns3:hr>
          </ns3:TrackPointExtension>
        </extensions>
      </trkpt>
      <trkpt lat="51.38869640417397022247314453125" lon="5.45515204779803752899169921875">
        <ele>22.3999996185302734375</ele>
        <time>2026-06-21T14:57:57.000Z</time>
        <extensions>
          <ns3:TrackPointExtension>
            <ns3:hr>175</ns3:hr>
          </ns3:TrackPointExtension>
        </extensions>
      </trkpt>
      <trkpt lat="51.3886235654354095458984375" lon="5.45501760207116603851318359375">
        <ele>22.3999996185302734375</ele>
        <time>2026-06-21T14:58:07.000Z</time>
        <extensions>
          <ns3:TrackPointExtension>
            <ns3:hr>175</ns3:hr>
          </ns3:TrackPointExtension>
        </extensions>
      </trkpt>
      <trkpt lat="51.38853572309017181396484375" lon="5.45488717965781688690185546875">
        <ele>22.3999996185302734375</ele>
        <time>2026-06-21T14:58:17.000Z</time>
        <extensions>
          <ns3:TrackPointExtension>
            <ns3:hr>176</ns3:hr>
          </ns3:TrackPointExtension>
        </extensions>
      </trkpt>
      <trkpt lat="51.38844561763107776641845703125" lon="5.4547534883022308349609375">
        <ele>22.200000762939453125</ele>
        <time>2026-06-21T14:58:26.000Z</time>
        <extensions>
          <ns3:TrackPointExtension>
            <ns3:hr>175</ns3:hr>
          </ns3:TrackPointExtension>
        </extensions>
      </trkpt>
      <trkpt lat="51.38838015496730804443359375" lon="5.45460906811058521270751953125">
        <ele>22.200000762939453125</ele>
        <time>2026-06-21T14:58:35.000Z</time>
        <extensions>
          <ns3:TrackPointExtension>
            <ns3:hr>176</ns3:hr>
          </ns3:TrackPointExtension>
        </extensions>
      </trkpt>
      <trkpt lat="51.38829390518367290496826171875" lon="5.45447730459272861480712890625">
        <ele>22.200000762939453125</ele>
        <time>2026-06-21T14:58:46.000Z</time>
        <extensions>
          <ns3:TrackPointExtension>
            <ns3:hr>175</ns3:hr>
          </ns3:TrackPointExtension>
        </extensions>
      </trkpt>
      <trkpt lat="51.38823456130921840667724609375" lon="5.45438996516168117523193359375">
        <ele>22.3999996185302734375</ele>
        <time>2026-06-21T14:58:54.000Z</time>
        <extensions>
          <ns3:TrackPointExtension>
            <ns3:hr>175</ns3:hr>
          </ns3:TrackPointExtension>
        </extensions>
      </trkpt>
      <trkpt lat="51.388178654015064239501953125" lon="5.45430983416736125946044921875">
        <ele>22</ele>
        <time>2026-06-21T14:59:00.000Z</time>
        <extensions>
          <ns3:TrackPointExtension>
            <ns3:hr>175</ns3:hr>
          </ns3:TrackPointExtension>
        </extensions>
      </trkpt>
      <trkpt lat="51.3881064020097255706787109375" lon="5.45418008230626583099365234375">
        <ele>22</ele>
        <time>2026-06-21T14:59:07.000Z</time>
        <extensions>
          <ns3:TrackPointExtension>
            <ns3:hr>172</ns3:hr>
          </ns3:TrackPointExtension>
        </extensions>
      </trkpt>
      <trkpt lat="51.38808779418468475341796875" lon="5.4541568644344806671142578125">
        <ele>22</ele>
        <time>2026-06-21T14:59:09.000Z</time>
        <extensions>
          <ns3:TrackPointExtension>
            <ns3:hr>173</ns3:hr>
          </ns3:TrackPointExtension>
        </extensions>
      </trkpt>
      <trkpt lat="51.38801679946482181549072265625" lon="5.45407396741211414337158203125">
        <ele>22.200000762939453125</ele>
        <time>2026-06-21T14:59:16.000Z</time>
        <extensions>
          <ns3:TrackPointExtension>
            <ns3:hr>176</ns3:hr>
          </ns3:TrackPointExtension>
        </extensions>
      </trkpt>
      <trkpt lat="51.3879820145666599273681640625" lon="5.45402015559375286102294921875">
        <ele>22</ele>
        <time>2026-06-21T14:59:21.000Z</time>
        <extensions>
          <ns3:TrackPointExtension>
            <ns3:hr>177</ns3:hr>
          </ns3:TrackPointExtension>
        </extensions>
      </trkpt>
      <trkpt lat="51.38791856355965137481689453125" lon="5.45390767045319080352783203125">
        <ele>22.200000762939453125</ele>
        <time>2026-06-21T14:59:30.000Z</time>
        <extensions>
          <ns3:TrackPointExtension>
            <ns3:hr>177</ns3:hr>
          </ns3:TrackPointExtension>
        </extensions>
      </trkpt>
      <trkpt lat="51.3878805935382843017578125" lon="5.45387045480310916900634765625">
        <ele>22.200000762939453125</ele>
        <time>2026-06-21T14:59:33.000Z</time>
        <extensions>
          <ns3:TrackPointExtension>
            <ns3:hr>174</ns3:hr>
          </ns3:TrackPointExtension>
        </extensions>
      </trkpt>
      <trkpt lat="51.38783139176666736602783203125" lon="5.4537987895309925079345703125">
        <ele>22.200000762939453125</ele>
        <time>2026-06-21T14:59:38.000Z</time>
        <extensions>
          <ns3:TrackPointExtension>
            <ns3:hr>174</ns3:hr>
          </ns3:TrackPointExtension>
        </extensions>
      </trkpt>
      <trkpt lat="51.387727372348308563232421875" lon="5.4536247812211513519287109375">
        <ele>22.200000762939453125</ele>
        <time>2026-06-21T14:59:50.000Z</time>
        <extensions>
          <ns3:TrackPointExtension>
            <ns3:hr>173</ns3:hr>
          </ns3:TrackPointExtension>
        </extensions>
      </trkpt>
      <trkpt lat="51.3876578025519847869873046875" lon="5.45346535742282867431640625">
        <ele>22.200000762939453125</ele>
        <time>2026-06-21T15:00:00.000Z</time>
        <extensions>
          <ns3:TrackPointExtension>
            <ns3:hr>176</ns3:hr>
          </ns3:TrackPointExtension>
        </extensions>
      </trkpt>
      <trkpt lat="51.38756467960774898529052734375" lon="5.45334172435104846954345703125">
        <ele>22.3999996185302734375</ele>
        <time>2026-06-21T15:00:09.000Z</time>
        <extensions>
          <ns3:TrackPointExtension>
            <ns3:hr>176</ns3:hr>
          </ns3:TrackPointExtension>
        </extensions>
      </trkpt>
      <trkpt lat="51.38751447200775146484375" lon="5.45325103215873241424560546875">
        <ele>22.3999996185302734375</ele>
        <time>2026-06-21T15:00:15.000Z</time>
        <extensions>
          <ns3:TrackPointExtension>
            <ns3:hr>173</ns3:hr>
          </ns3:TrackPointExtension>
        </extensions>
      </trkpt>
      <trkpt lat="51.3875005580484867095947265625" lon="5.453217923641204833984375">
        <ele>22.3999996185302734375</ele>
        <time>2026-06-21T15:00:17.000Z</time>
        <extensions>
          <ns3:TrackPointExtension>
            <ns3:hr>173</ns3:hr>
          </ns3:TrackPointExtension>
        </extensions>
      </trkpt>
      <trkpt lat="51.387447416782379150390625" lon="5.453101582825183868408203125">
        <ele>22.3999996185302734375</ele>
        <time>2026-06-21T15:00:24.000Z</time>
        <extensions>
          <ns3:TrackPointExtension>
            <ns3:hr>176</ns3:hr>
          </ns3:TrackPointExtension>
        </extensions>
      </trkpt>
      <trkpt lat="51.38743274845182895660400390625" lon="5.4530816338956356048583984375">
        <ele>22.200000762939453125</ele>
        <time>2026-06-21T15:00:26.000Z</time>
        <extensions>
          <ns3:TrackPointExtension>
            <ns3:hr>176</ns3:hr>
          </ns3:TrackPointExtension>
        </extensions>
      </trkpt>
      <trkpt lat="51.38736493885517120361328125" lon="5.45292598195374011993408203125">
        <ele>22.6000003814697265625</ele>
        <time>2026-06-21T15:00:36.000Z</time>
        <extensions>
          <ns3:TrackPointExtension>
            <ns3:hr>175</ns3:hr>
          </ns3:TrackPointExtension>
        </extensions>
      </trkpt>
      <trkpt lat="51.387321017682552337646484375" lon="5.4528378881514072418212890625">
        <ele>22.200000762939453125</ele>
        <time>2026-06-21T15:00:42.000Z</time>
        <extensions>
          <ns3:TrackPointExtension>
            <ns3:hr>174</ns3:hr>
          </ns3:TrackPointExtension>
        </extensions>
      </trkpt>
      <trkpt lat="51.38726837933063507080078125" lon="5.45265155844390392303466796875">
        <ele>22.200000762939453125</ele>
        <time>2026-06-21T15:00:51.000Z</time>
        <extensions>
          <ns3:TrackPointExtension>
            <ns3:hr>176</ns3:hr>
          </ns3:TrackPointExtension>
        </extensions>
      </trkpt>
      <trkpt lat="51.38720400631427764892578125" lon="5.4525022767484188079833984375">
        <ele>22.200000762939453125</ele>
        <time>2026-06-21T15:01:00.000Z</time>
        <extensions>
          <ns3:TrackPointExtension>
            <ns3:hr>176</ns3:hr>
          </ns3:TrackPointExtension>
        </extensions>
      </trkpt>
      <trkpt lat="51.38712613843381404876708984375" lon="5.4523376561701297760009765625">
        <ele>22.200000762939453125</ele>
        <time>2026-06-21T15:01:10.000Z</time>
        <extensions>
          <ns3:TrackPointExtension>
            <ns3:hr>176</ns3:hr>
          </ns3:TrackPointExtension>
        </extensions>
      </trkpt>
      <trkpt lat="51.387115158140659332275390625" lon="5.45228275470435619354248046875">
        <ele>22.799999237060546875</ele>
        <time>2026-06-21T15:01:14.000Z</time>
        <extensions>
          <ns3:TrackPointExtension>
            <ns3:hr>175</ns3:hr>
          </ns3:TrackPointExtension>
        </extensions>
      </trkpt>
      <trkpt lat="51.3871042616665363311767578125" lon="5.45220228843390941619873046875">
        <ele>22.799999237060546875</ele>
        <time>2026-06-21T15:01:19.000Z</time>
        <extensions>
          <ns3:TrackPointExtension>
            <ns3:hr>175</ns3:hr>
          </ns3:TrackPointExtension>
        </extensions>
      </trkpt>
      <trkpt lat="51.38705807738006114959716796875" lon="5.45204990543425083160400390625">
        <ele>22.799999237060546875</ele>
        <time>2026-06-21T15:01:27.000Z</time>
        <extensions>
          <ns3:TrackPointExtension>
            <ns3:hr>175</ns3:hr>
          </ns3:TrackPointExtension>
        </extensions>
      </trkpt>
      <trkpt lat="51.387011893093585968017578125" lon="5.45189894735813140869140625">
        <ele>22.3999996185302734375</ele>
        <time>2026-06-21T15:01:36.000Z</time>
        <extensions>
          <ns3:TrackPointExtension>
            <ns3:hr>174</ns3:hr>
          </ns3:TrackPointExtension>
        </extensions>
      </trkpt>
      <trkpt lat="51.38696269132196903228759765625" lon="5.45164816081523895263671875">
        <ele>22.3999996185302734375</ele>
        <time>2026-06-21T15:01:49.000Z</time>
        <extensions>
          <ns3:TrackPointExtension>
            <ns3:hr>175</ns3:hr>
          </ns3:TrackPointExtension>
        </extensions>
      </trkpt>
      <trkpt lat="51.3869376294314861297607421875" lon="5.45147691853344440460205078125">
        <ele>22.3999996185302734375</ele>
        <time>2026-06-21T15:01:58.000Z</time>
        <extensions>
          <ns3:TrackPointExtension>
            <ns3:hr>175</ns3:hr>
          </ns3:TrackPointExtension>
        </extensions>
      </trkpt>
      <trkpt lat="51.38690049760043621063232421875" lon="5.45130760408937931060791015625">
        <ele>22.3999996185302734375</ele>
        <time>2026-06-21T15:02:05.000Z</time>
        <extensions>
          <ns3:TrackPointExtension>
            <ns3:hr>176</ns3:hr>
          </ns3:TrackPointExtension>
        </extensions>
      </trkpt>
      <trkpt lat="51.38685674406588077545166015625" lon="5.451120100915431976318359375">
        <ele>22.200000762939453125</ele>
        <time>2026-06-21T15:02:15.000Z</time>
        <extensions>
          <ns3:TrackPointExtension>
            <ns3:hr>176</ns3:hr>
          </ns3:TrackPointExtension>
        </extensions>
      </trkpt>
      <trkpt lat="51.38683511875569820404052734375" lon="5.45092790387570858001708984375">
        <ele>22.3999996185302734375</ele>
        <time>2026-06-21T15:02:25.000Z</time>
        <extensions>
          <ns3:TrackPointExtension>
            <ns3:hr>176</ns3:hr>
          </ns3:TrackPointExtension>
        </extensions>
      </trkpt>
      <trkpt lat="51.38680703938007354736328125" lon="5.45069237239658832550048828125">
        <ele>22.200000762939453125</ele>
        <time>2026-06-21T15:02:36.000Z</time>
        <extensions>
          <ns3:TrackPointExtension>
            <ns3:hr>177</ns3:hr>
          </ns3:TrackPointExtension>
        </extensions>
      </trkpt>
      <trkpt lat="51.38678784482181072235107421875" lon="5.45046664774417877197265625">
        <ele>22.200000762939453125</ele>
        <time>2026-06-21T15:02:47.000Z</time>
        <extensions>
          <ns3:TrackPointExtension>
            <ns3:hr>177</ns3:hr>
          </ns3:TrackPointExtension>
        </extensions>
      </trkpt>
      <trkpt lat="51.38677342794835567474365234375" lon="5.45028501190245151519775390625">
        <ele>22.200000762939453125</ele>
        <time>2026-06-21T15:02:57.000Z</time>
        <extensions>
          <ns3:TrackPointExtension>
            <ns3:hr>176</ns3:hr>
          </ns3:TrackPointExtension>
        </extensions>
      </trkpt>
      <trkpt lat="51.38676420785486698150634765625" lon="5.450122654438018798828125">
        <ele>22</ele>
        <time>2026-06-21T15:03:05.000Z</time>
        <extensions>
          <ns3:TrackPointExtension>
            <ns3:hr>177</ns3:hr>
          </ns3:TrackPointExtension>
        </extensions>
      </trkpt>
      <trkpt lat="51.3867485336959362030029296875" lon="5.44995996169745922088623046875">
        <ele>22</ele>
        <time>2026-06-21T15:03:13.000Z</time>
        <extensions>
          <ns3:TrackPointExtension>
            <ns3:hr>176</ns3:hr>
          </ns3:TrackPointExtension>
        </extensions>
      </trkpt>
      <trkpt lat="51.3867401517927646636962890625" lon="5.44982987456023693084716796875">
        <ele>22</ele>
        <time>2026-06-21T15:03:20.000Z</time>
        <extensions>
          <ns3:TrackPointExtension>
            <ns3:hr>176</ns3:hr>
          </ns3:TrackPointExtension>
        </extensions>
      </trkpt>
      <trkpt lat="51.38673202134668827056884765625" lon="5.449741445481777191162109375">
        <ele>21.799999237060546875</ele>
        <time>2026-06-21T15:03:24.000Z</time>
        <extensions>
          <ns3:TrackPointExtension>
            <ns3:hr>176</ns3:hr>
          </ns3:TrackPointExtension>
        </extensions>
      </trkpt>
      <trkpt lat="51.386718861758708953857421875" lon="5.44961999170482158660888671875">
        <ele>21.799999237060546875</ele>
        <time>2026-06-21T15:03:30.000Z</time>
        <extensions>
          <ns3:TrackPointExtension>
            <ns3:hr>176</ns3:hr>
          </ns3:TrackPointExtension>
        </extensions>
      </trkpt>
      <trkpt lat="51.38670201413333415985107421875" lon="5.44940843246877193450927734375">
        <ele>21.3999996185302734375</ele>
        <time>2026-06-21T15:03:41.000Z</time>
        <extensions>
          <ns3:TrackPointExtension>
            <ns3:hr>176</ns3:hr>
          </ns3:TrackPointExtension>
        </extensions>
      </trkpt>
      <trkpt lat="51.38668172992765903472900390625" lon="5.44923190958797931671142578125">
        <ele>21.3999996185302734375</ele>
        <time>2026-06-21T15:03:50.000Z</time>
        <extensions>
          <ns3:TrackPointExtension>
            <ns3:hr>176</ns3:hr>
          </ns3:TrackPointExtension>
        </extensions>
      </trkpt>
      <trkpt lat="51.38666144572198390960693359375" lon="5.449068211019039154052734375">
        <ele>21.6000003814697265625</ele>
        <time>2026-06-21T15:03:59.000Z</time>
        <extensions>
          <ns3:TrackPointExtension>
            <ns3:hr>177</ns3:hr>
          </ns3:TrackPointExtension>
        </extensions>
      </trkpt>
      <trkpt lat="51.38663537800312042236328125" lon="5.44886595569550991058349609375">
        <ele>21.3999996185302734375</ele>
        <time>2026-06-21T15:04:09.000Z</time>
        <extensions>
          <ns3:TrackPointExtension>
            <ns3:hr>179</ns3:hr>
          </ns3:TrackPointExtension>
        </extensions>
      </trkpt>
      <trkpt lat="51.38662439770996570587158203125" lon="5.44873117469251155853271484375">
        <ele>21.3999996185302734375</ele>
        <time>2026-06-21T15:04:17.000Z</time>
        <extensions>
          <ns3:TrackPointExtension>
            <ns3:hr>177</ns3:hr>
          </ns3:TrackPointExtension>
        </extensions>
      </trkpt>
      <trkpt lat="51.38659858144819736480712890625" lon="5.44854543171823024749755859375">
        <ele>21.3999996185302734375</ele>
        <time>2026-06-21T15:04:26.000Z</time>
        <extensions>
          <ns3:TrackPointExtension>
            <ns3:hr>178</ns3:hr>
          </ns3:TrackPointExtension>
        </extensions>
      </trkpt>
      <trkpt lat="51.38657880015671253204345703125" lon="5.448385588824748992919921875">
        <ele>21.799999237060546875</ele>
        <time>2026-06-21T15:04:35.000Z</time>
        <extensions>
          <ns3:TrackPointExtension>
            <ns3:hr>178</ns3:hr>
          </ns3:TrackPointExtension>
        </extensions>
      </trkpt>
      <trkpt lat="51.3865356333553791046142578125" lon="5.44818274676799774169921875">
        <ele>21.3999996185302734375</ele>
        <time>2026-06-21T15:04:45.000Z</time>
        <extensions>
          <ns3:TrackPointExtension>
            <ns3:hr>178</ns3:hr>
          </ns3:TrackPointExtension>
        </extensions>
      </trkpt>
      <trkpt lat="51.38652431778609752655029296875" lon="5.4479975067079067230224609375">
        <ele>21.3999996185302734375</ele>
        <time>2026-06-21T15:04:53.000Z</time>
        <extensions>
          <ns3:TrackPointExtension>
            <ns3:hr>178</ns3:hr>
          </ns3:TrackPointExtension>
        </extensions>
      </trkpt>
      <trkpt lat="51.38651593588292598724365234375" lon="5.44789147563278675079345703125">
        <ele>21.3999996185302734375</ele>
        <time>2026-06-21T15:05:00.000Z</time>
        <extensions>
          <ns3:TrackPointExtension>
            <ns3:hr>177</ns3:hr>
          </ns3:TrackPointExtension>
        </extensions>
      </trkpt>
      <trkpt lat="51.3865220546722412109375" lon="5.44772836379706859588623046875">
        <ele>21.3999996185302734375</ele>
        <time>2026-06-21T15:05:09.000Z</time>
        <extensions>
          <ns3:TrackPointExtension>
            <ns3:hr>176</ns3:hr>
          </ns3:TrackPointExtension>
        </extensions>
      </trkpt>
      <trkpt lat="51.3865245692431926727294921875" lon="5.44760229997336864471435546875">
        <ele>21.200000762939453125</ele>
        <time>2026-06-21T15:05:15.000Z</time>
        <extensions>
          <ns3:TrackPointExtension>
            <ns3:hr>179</ns3:hr>
          </ns3:TrackPointExtension>
        </extensions>
      </trkpt>
      <trkpt lat="51.38652079738676548004150390625" lon="5.447533316910266876220703125">
        <ele>21</ele>
        <time>2026-06-21T15:05:18.000Z</time>
        <extensions>
          <ns3:TrackPointExtension>
            <ns3:hr>179</ns3:hr>
          </ns3:TrackPointExtension>
        </extensions>
      </trkpt>
      <trkpt lat="51.38652331195771694183349609375" lon="5.4474498331546783447265625">
        <ele>20.799999237060546875</ele>
        <time>2026-06-21T15:05:22.000Z</time>
        <extensions>
          <ns3:TrackPointExtension>
            <ns3:hr>178</ns3:hr>
          </ns3:TrackPointExtension>
        </extensions>
      </trkpt>
      <trkpt lat="51.38652230612933635711669921875" lon="5.44732050038874149322509765625">
        <ele>21.200000762939453125</ele>
        <time>2026-06-21T15:05:28.000Z</time>
        <extensions>
          <ns3:TrackPointExtension>
            <ns3:hr>178</ns3:hr>
          </ns3:TrackPointExtension>
        </extensions>
      </trkpt>
      <trkpt lat="51.38650260865688323974609375" lon="5.4471670277416706085205078125">
        <ele>20.799999237060546875</ele>
        <time>2026-06-21T15:05:37.000Z</time>
        <extensions>
          <ns3:TrackPointExtension>
            <ns3:hr>180</ns3:hr>
          </ns3:TrackPointExtension>
        </extensions>
      </trkpt>
      <trkpt lat="51.38649933971464633941650390625" lon="5.44698136858642101287841796875">
        <ele>21</ele>
        <time>2026-06-21T15:05:46.000Z</time>
        <extensions>
          <ns3:TrackPointExtension>
            <ns3:hr>178</ns3:hr>
          </ns3:TrackPointExtension>
        </extensions>
      </trkpt>
      <trkpt lat="51.386504285037517547607421875" lon="5.4468056000769138336181640625">
        <ele>21.799999237060546875</ele>
        <time>2026-06-21T15:05:55.000Z</time>
        <extensions>
          <ns3:TrackPointExtension>
            <ns3:hr>177</ns3:hr>
          </ns3:TrackPointExtension>
        </extensions>
      </trkpt>
      <trkpt lat="51.3865044526755809783935546875" lon="5.44661373831331729888916015625">
        <ele>21</ele>
        <time>2026-06-21T15:06:05.000Z</time>
        <extensions>
          <ns3:TrackPointExtension>
            <ns3:hr>179</ns3:hr>
          </ns3:TrackPointExtension>
        </extensions>
      </trkpt>
      <trkpt lat="51.38649330474436283111572265625" lon="5.44644123874604701995849609375">
        <ele>21</ele>
        <time>2026-06-21T15:06:14.000Z</time>
        <extensions>
          <ns3:TrackPointExtension>
            <ns3:hr>179</ns3:hr>
          </ns3:TrackPointExtension>
        </extensions>
      </trkpt>
      <trkpt lat="51.3864648900926113128662109375" lon="5.44630629010498523712158203125">
        <ele>21</ele>
        <time>2026-06-21T15:06:21.000Z</time>
        <extensions>
          <ns3:TrackPointExtension>
            <ns3:hr>182</ns3:hr>
          </ns3:TrackPointExtension>
        </extensions>
      </trkpt>
      <trkpt lat="51.3864152692258358001708984375" lon="5.4461357183754444122314453125">
        <ele>20.799999237060546875</ele>
        <time>2026-06-21T15:06:29.000Z</time>
        <extensions>
          <ns3:TrackPointExtension>
            <ns3:hr>185</ns3:hr>
          </ns3:TrackPointExtension>
        </extensions>
      </trkpt>
      <trkpt lat="51.3864107429981231689453125" lon="5.4461119137704372406005859375">
        <ele>20.799999237060546875</ele>
        <time>2026-06-21T15:06:30.000Z</time>
        <extensions>
          <ns3:TrackPointExtension>
            <ns3:hr>186</ns3:hr>
          </ns3:TrackPointExtension>
        </extensions>
      </trkpt>
      <trkpt lat="51.38639976270496845245361328125" lon="5.4460470378398895263671875">
        <ele>20.6000003814697265625</ele>
        <time>2026-06-21T15:06:33.000Z</time>
        <extensions>
          <ns3:TrackPointExtension>
            <ns3:hr>189</ns3:hr>
          </ns3:TrackPointExtension>
        </extensions>
      </trkpt>
      <trkpt lat="51.3863864354789257049560546875" lon="5.44594486244022846221923828125">
        <ele>20.6000003814697265625</ele>
        <time>2026-06-21T15:06:39.000Z</time>
        <extensions>
          <ns3:TrackPointExtension>
            <ns3:hr>191</ns3:hr>
          </ns3:TrackPointExtension>
        </extensions>
      </trkpt>
      <trkpt lat="51.3863436877727508544921875" lon="5.44580438174307346343994140625">
        <ele>20.6000003814697265625</ele>
        <time>2026-06-21T15:06:48.000Z</time>
        <extensions>
          <ns3:TrackPointExtension>
            <ns3:hr>190</ns3:hr>
          </ns3:TrackPointExtension>
        </extensions>
      </trkpt>
      <trkpt lat="51.38632298447191715240478515625" lon="5.4456505738198757171630859375">
        <ele>21</ele>
        <time>2026-06-21T15:06:56.000Z</time>
        <extensions>
          <ns3:TrackPointExtension>
            <ns3:hr>189</ns3:hr>
          </ns3:TrackPointExtension>
        </extensions>
      </trkpt>
      <trkpt lat="51.38631678186357021331787109375" lon="5.44558770954608917236328125">
        <ele>20.799999237060546875</ele>
        <time>2026-06-21T15:06:59.000Z</time>
        <extensions>
          <ns3:TrackPointExtension>
            <ns3:hr>186</ns3:hr>
          </ns3:TrackPointExtension>
        </extensions>
      </trkpt>
      <trkpt lat="51.38631359674036502838134765625" lon="5.445568263530731201171875">
        <ele>20.6000003814697265625</ele>
        <time>2026-06-21T15:07:00.000Z</time>
        <extensions>
          <ns3:TrackPointExtension>
            <ns3:hr>182</ns3:hr>
          </ns3:TrackPointExtension>
        </extensions>
      </trkpt>
      <trkpt lat="51.386306472122669219970703125" lon="5.44551352970302104949951171875">
        <ele>20.6000003814697265625</ele>
        <time>2026-06-21T15:07:03.000Z</time>
        <extensions>
          <ns3:TrackPointExtension>
            <ns3:hr>181</ns3:hr>
          </ns3:TrackPointExtension>
        </extensions>
      </trkpt>
      <trkpt lat="51.38628945685923099517822265625" lon="5.4453280381858348846435546875">
        <ele>20.3999996185302734375</ele>
        <time>2026-06-21T15:07:12.000Z</time>
        <extensions>
          <ns3:TrackPointExtension>
            <ns3:hr>180</ns3:hr>
          </ns3:TrackPointExtension>
        </extensions>
      </trkpt>
      <trkpt lat="51.38629230670630931854248046875" lon="5.44530951417982578277587890625">
        <ele>20.3999996185302734375</ele>
        <time>2026-06-21T15:07:13.000Z</time>
        <extensions>
          <ns3:TrackPointExtension>
            <ns3:hr>181</ns3:hr>
          </ns3:TrackPointExtension>
        </extensions>
      </trkpt>
      <trkpt lat="51.3863254152238368988037109375" lon="5.4451650939881801605224609375">
        <ele>20.6000003814697265625</ele>
        <time>2026-06-21T15:07:21.000Z</time>
        <extensions>
          <ns3:TrackPointExtension>
            <ns3:hr>181</ns3:hr>
          </ns3:TrackPointExtension>
        </extensions>
      </trkpt>
      <trkpt lat="51.386285685002803802490234375" lon="5.4450143873691558837890625">
        <ele>20.3999996185302734375</ele>
        <time>2026-06-21T15:07:29.000Z</time>
        <extensions>
          <ns3:TrackPointExtension>
            <ns3:hr>182</ns3:hr>
          </ns3:TrackPointExtension>
        </extensions>
      </trkpt>
      <trkpt lat="51.3862446136772632598876953125" lon="5.44479536823928356170654296875">
        <ele>20.6000003814697265625</ele>
        <time>2026-06-21T15:07:41.000Z</time>
        <extensions>
          <ns3:TrackPointExtension>
            <ns3:hr>182</ns3:hr>
          </ns3:TrackPointExtension>
        </extensions>
      </trkpt>
      <trkpt lat="51.38622676022350788116455078125" lon="5.4446254670619964599609375">
        <ele>20.799999237060546875</ele>
        <time>2026-06-21T15:07:51.000Z</time>
        <extensions>
          <ns3:TrackPointExtension>
            <ns3:hr>183</ns3:hr>
          </ns3:TrackPointExtension>
        </extensions>
      </trkpt>
      <trkpt lat="51.38625877909362316131591796875" lon="5.444419272243976593017578125">
        <ele>20.6000003814697265625</ele>
        <time>2026-06-21T15:08:01.000Z</time>
        <extensions>
          <ns3:TrackPointExtension>
            <ns3:hr>186</ns3:hr>
          </ns3:TrackPointExtension>
        </extensions>
      </trkpt>
      <trkpt lat="51.38626598753035068511962890625" lon="5.44439404271543025970458984375">
        <ele>20.6000003814697265625</ele>
        <time>2026-06-21T15:08:02.000Z</time>
        <extensions>
          <ns3:TrackPointExtension>
            <ns3:hr>186</ns3:hr>
          </ns3:TrackPointExtension>
        </extensions>
      </trkpt>
      <trkpt lat="51.38629616238176822662353515625" lon="5.44419740326702594757080078125">
        <ele>20.799999237060546875</ele>
        <time>2026-06-21T15:08:09.000Z</time>
        <extensions>
          <ns3:TrackPointExtension>
            <ns3:hr>184</ns3:hr>
          </ns3:TrackPointExtension>
        </extensions>
      </trkpt>
      <trkpt lat="51.3863280974328517913818359375" lon="5.44399724341928958892822265625">
        <ele>20.6000003814697265625</ele>
        <time>2026-06-21T15:08:20.000Z</time>
        <extensions>
          <ns3:TrackPointExtension>
            <ns3:hr>184</ns3:hr>
          </ns3:TrackPointExtension>
        </extensions>
      </trkpt>
      <trkpt lat="51.38641334138810634613037109375" lon="5.4439004324376583099365234375">
        <ele>21.200000762939453125</ele>
        <time>2026-06-21T15:08:29.000Z</time>
        <extensions>
          <ns3:TrackPointExtension>
            <ns3:hr>184</ns3:hr>
          </ns3:TrackPointExtension>
        </extensions>
      </trkpt>
      <trkpt lat="51.38643764890730381011962890625" lon="5.44389414601027965545654296875">
        <ele>21.200000762939453125</ele>
        <time>2026-06-21T15:08:35.000Z</time>
        <extensions>
          <ns3:TrackPointExtension>
            <ns3:hr>184</ns3:hr>
          </ns3:TrackPointExtension>
        </extensions>
      </trkpt>
      <trkpt lat="51.3864362239837646484375" lon="5.44390168972313404083251953125">
        <ele>21.3999996185302734375</ele>
        <time>2026-06-21T15:08:43.000Z</time>
        <extensions>
          <ns3:TrackPointExtension>
            <ns3:hr>185</ns3:hr>
          </ns3:TrackPointExtension>
        </extensions>
      </trkpt>
      <trkpt lat="51.3864333741366863250732421875" lon="5.4438940621912479400634765625">
        <ele>21</ele>
        <time>2026-06-21T15:08:51.000Z</time>
        <extensions>
          <ns3:TrackPointExtension>
            <ns3:hr>186</ns3:hr>
          </ns3:TrackPointExtension>
        </extensions>
      </trkpt>
      <trkpt lat="51.3864209689199924468994140625" lon="5.44380613602697849273681640625">
        <ele>21.200000762939453125</ele>
        <time>2026-06-21T15:08:59.000Z</time>
        <extensions>
          <ns3:TrackPointExtension>
            <ns3:hr>186</ns3:hr>
          </ns3:TrackPointExtension>
        </extensions>
      </trkpt>
      <trkpt lat="51.38648995198309421539306640625" lon="5.443678982555866241455078125">
        <ele>21</ele>
        <time>2026-06-21T15:09:07.000Z</time>
        <extensions>
          <ns3:TrackPointExtension>
            <ns3:hr>185</ns3:hr>
          </ns3:TrackPointExtension>
        </extensions>
      </trkpt>
      <trkpt lat="51.3866003416478633880615234375" lon="5.4435634799301624298095703125">
        <ele>20.3999996185302734375</ele>
        <time>2026-06-21T15:09:18.000Z</time>
        <extensions>
          <ns3:TrackPointExtension>
            <ns3:hr>182</ns3:hr>
          </ns3:TrackPointExtension>
        </extensions>
      </trkpt>
      <trkpt lat="51.38661970384418964385986328125" lon="5.4435574449598789215087890625">
        <ele>20.3999996185302734375</ele>
        <time>2026-06-21T15:09:20.000Z</time>
        <extensions>
          <ns3:TrackPointExtension>
            <ns3:hr>178</ns3:hr>
          </ns3:TrackPointExtension>
        </extensions>
      </trkpt>
      <trkpt lat="51.3866912014782428741455078125" lon="5.44353850185871124267578125">
        <ele>20.200000762939453125</ele>
        <time>2026-06-21T15:09:26.000Z</time>
        <extensions>
          <ns3:TrackPointExtension>
            <ns3:hr>181</ns3:hr>
          </ns3:TrackPointExtension>
        </extensions>
      </trkpt>
      <trkpt lat="51.38670218177139759063720703125" lon="5.44353120960295200347900390625">
        <ele>20.200000762939453125</ele>
        <time>2026-06-21T15:09:27.000Z</time>
        <extensions>
          <ns3:TrackPointExtension>
            <ns3:hr>181</ns3:hr>
          </ns3:TrackPointExtension>
        </extensions>
      </trkpt>
      <trkpt lat="51.386821456253528594970703125" lon="5.44349282048642635345458984375">
        <ele>20.6000003814697265625</ele>
        <time>2026-06-21T15:09:38.000Z</time>
        <extensions>
          <ns3:TrackPointExtension>
            <ns3:hr>181</ns3:hr>
          </ns3:TrackPointExtension>
        </extensions>
      </trkpt>
      <trkpt lat="51.38697065412998199462890625" lon="5.44346985407173633575439453125">
        <ele>20.200000762939453125</ele>
        <time>2026-06-21T15:09:50.000Z</time>
        <extensions>
          <ns3:TrackPointExtension>
            <ns3:hr>181</ns3:hr>
          </ns3:TrackPointExtension>
        </extensions>
      </trkpt>
      <trkpt lat="51.38706025667488574981689453125" lon="5.44346532784402370452880859375">
        <ele>20.200000762939453125</ele>
        <time>2026-06-21T15:09:58.000Z</time>
        <extensions>
          <ns3:TrackPointExtension>
            <ns3:hr>182</ns3:hr>
          </ns3:TrackPointExtension>
        </extensions>
      </trkpt>
      <trkpt lat="51.38721632771193981170654296875" lon="5.44345828704535961151123046875">
        <ele>20.200000762939453125</ele>
        <time>2026-06-21T15:10:09.000Z</time>
        <extensions>
          <ns3:TrackPointExtension>
            <ns3:hr>183</ns3:hr>
          </ns3:TrackPointExtension>
        </extensions>
      </trkpt>
      <trkpt lat="51.38730986975133419036865234375" lon="5.44344672001898288726806640625">
        <ele>20.200000762939453125</ele>
        <time>2026-06-21T15:10:18.000Z</time>
        <extensions>
          <ns3:TrackPointExtension>
            <ns3:hr>183</ns3:hr>
          </ns3:TrackPointExtension>
        </extensions>
      </trkpt>
      <trkpt lat="51.38741028495132923126220703125" lon="5.44338754378259181976318359375">
        <ele>20.3999996185302734375</ele>
        <time>2026-06-21T15:10:27.000Z</time>
        <extensions>
          <ns3:TrackPointExtension>
            <ns3:hr>185</ns3:hr>
          </ns3:TrackPointExtension>
        </extensions>
      </trkpt>
      <trkpt lat="51.3875156454741954803466796875" lon="5.44335753656923770904541015625">
        <ele>20.6000003814697265625</ele>
        <time>2026-06-21T15:10:35.000Z</time>
        <extensions>
          <ns3:TrackPointExtension>
            <ns3:hr>183</ns3:hr>
          </ns3:TrackPointExtension>
        </extensions>
      </trkpt>
      <trkpt lat="51.38762217946350574493408203125" lon="5.44331596232950687408447265625">
        <ele>20.3999996185302734375</ele>
        <time>2026-06-21T15:10:44.000Z</time>
        <extensions>
          <ns3:TrackPointExtension>
            <ns3:hr>183</ns3:hr>
          </ns3:TrackPointExtension>
        </extensions>
      </trkpt>
      <trkpt lat="51.38774287886917591094970703125" lon="5.4432942532002925872802734375">
        <ele>20.3999996185302734375</ele>
        <time>2026-06-21T15:10:55.000Z</time>
        <extensions>
          <ns3:TrackPointExtension>
            <ns3:hr>183</ns3:hr>
          </ns3:TrackPointExtension>
        </extensions>
      </trkpt>
      <trkpt lat="51.387870870530605316162109375" lon="5.4433093406260013580322265625">
        <ele>20.3999996185302734375</ele>
        <time>2026-06-21T15:11:06.000Z</time>
        <extensions>
          <ns3:TrackPointExtension>
            <ns3:hr>184</ns3:hr>
          </ns3:TrackPointExtension>
        </extensions>
      </trkpt>
      <trkpt lat="51.3880202360451221466064453125" lon="5.4433200694620609283447265625">
        <ele>20.3999996185302734375</ele>
        <time>2026-06-21T15:11:18.000Z</time>
        <extensions>
          <ns3:TrackPointExtension>
            <ns3:hr>184</ns3:hr>
          </ns3:TrackPointExtension>
        </extensions>
      </trkpt>
      <trkpt lat="51.388167925179004669189453125" lon="5.44334580190479755401611328125">
        <ele>20.3999996185302734375</ele>
        <time>2026-06-21T15:11:30.000Z</time>
        <extensions>
          <ns3:TrackPointExtension>
            <ns3:hr>184</ns3:hr>
          </ns3:TrackPointExtension>
        </extensions>
      </trkpt>
      <trkpt lat="51.38826842419803142547607421875" lon="5.44326768256723880767822265625">
        <ele>20.3999996185302734375</ele>
        <time>2026-06-21T15:11:39.000Z</time>
        <extensions>
          <ns3:TrackPointExtension>
            <ns3:hr>185</ns3:hr>
          </ns3:TrackPointExtension>
        </extensions>
      </trkpt>
      <trkpt lat="51.3883508183062076568603515625" lon="5.44326080940663814544677734375">
        <ele>20.3999996185302734375</ele>
        <time>2026-06-21T15:11:45.000Z</time>
        <extensions>
          <ns3:TrackPointExtension>
            <ns3:hr>184</ns3:hr>
          </ns3:TrackPointExtension>
        </extensions>
      </trkpt>
      <trkpt lat="51.388415358960628509521484375" lon="5.443266928195953369140625">
        <ele>20.799999237060546875</ele>
        <time>2026-06-21T15:11:52.000Z</time>
        <extensions>
          <ns3:TrackPointExtension>
            <ns3:hr>185</ns3:hr>
          </ns3:TrackPointExtension>
        </extensions>
      </trkpt>
      <trkpt lat="51.3885216414928436279296875" lon="5.4432734660804271697998046875">
        <ele>20.3999996185302734375</ele>
        <time>2026-06-21T15:12:01.000Z</time>
        <extensions>
          <ns3:TrackPointExtension>
            <ns3:hr>185</ns3:hr>
          </ns3:TrackPointExtension>
        </extensions>
      </trkpt>
      <trkpt lat="51.38860621489584445953369140625" lon="5.44335518963634967803955078125">
        <ele>20.3999996185302734375</ele>
        <time>2026-06-21T15:12:08.000Z</time>
        <extensions>
          <ns3:TrackPointExtension>
            <ns3:hr>185</ns3:hr>
          </ns3:TrackPointExtension>
        </extensions>
      </trkpt>
      <trkpt lat="51.38871048577129840850830078125" lon="5.4434618912637233734130859375">
        <ele>20.3999996185302734375</ele>
        <time>2026-06-21T15:12:17.000Z</time>
        <extensions>
          <ns3:TrackPointExtension>
            <ns3:hr>185</ns3:hr>
          </ns3:TrackPointExtension>
        </extensions>
      </trkpt>
      <trkpt lat="51.38879950158298015594482421875" lon="5.4435631446540355682373046875">
        <ele>20.3999996185302734375</ele>
        <time>2026-06-21T15:12:26.000Z</time>
        <extensions>
          <ns3:TrackPointExtension>
            <ns3:hr>185</ns3:hr>
          </ns3:TrackPointExtension>
        </extensions>
      </trkpt>
      <trkpt lat="51.388878710567951202392578125" lon="5.443690717220306396484375">
        <ele>20.3999996185302734375</ele>
        <time>2026-06-21T15:12:35.000Z</time>
        <extensions>
          <ns3:TrackPointExtension>
            <ns3:hr>185</ns3:hr>
          </ns3:TrackPointExtension>
        </extensions>
      </trkpt>
      <trkpt lat="51.3889533095061779022216796875" lon="5.4437814094126224517822265625">
        <ele>20.6000003814697265625</ele>
        <time>2026-06-21T15:12:44.000Z</time>
        <extensions>
          <ns3:TrackPointExtension>
            <ns3:hr>185</ns3:hr>
          </ns3:TrackPointExtension>
        </extensions>
      </trkpt>
      <trkpt lat="51.389026232063770294189453125" lon="5.44387000612914562225341796875">
        <ele>20.6000003814697265625</ele>
        <time>2026-06-21T15:12:51.000Z</time>
        <extensions>
          <ns3:TrackPointExtension>
            <ns3:hr>185</ns3:hr>
          </ns3:TrackPointExtension>
        </extensions>
      </trkpt>
      <trkpt lat="51.38909018598496913909912109375" lon="5.44396690092980861663818359375">
        <ele>20.799999237060546875</ele>
        <time>2026-06-21T15:13:01.000Z</time>
        <extensions>
          <ns3:TrackPointExtension>
            <ns3:hr>187</ns3:hr>
          </ns3:TrackPointExtension>
        </extensions>
      </trkpt>
      <trkpt lat="51.38917970471084117889404296875" lon="5.44410386122763156890869140625">
        <ele>20.799999237060546875</ele>
        <time>2026-06-21T15:13:11.000Z</time>
        <extensions>
          <ns3:TrackPointExtension>
            <ns3:hr>185</ns3:hr>
          </ns3:TrackPointExtension>
        </extensions>
      </trkpt>
      <trkpt lat="51.3892563991248607635498046875" lon="5.44422137551009654998779296875">
        <ele>21.6000003814697265625</ele>
        <time>2026-06-21T15:13:20.000Z</time>
        <extensions>
          <ns3:TrackPointExtension>
            <ns3:hr>187</ns3:hr>
          </ns3:TrackPointExtension>
        </extensions>
      </trkpt>
      <trkpt lat="51.38931783847510814666748046875" lon="5.4443151690065860748291015625">
        <ele>20.799999237060546875</ele>
        <time>2026-06-21T15:13:28.000Z</time>
        <extensions>
          <ns3:TrackPointExtension>
            <ns3:hr>184</ns3:hr>
          </ns3:TrackPointExtension>
        </extensions>
      </trkpt>
      <trkpt lat="51.3893569819629192352294921875" lon="5.44436931610107421875">
        <ele>20.799999237060546875</ele>
        <time>2026-06-21T15:13:32.000Z</time>
        <extensions>
          <ns3:TrackPointExtension>
            <ns3:hr>185</ns3:hr>
          </ns3:TrackPointExtension>
        </extensions>
      </trkpt>
      <trkpt lat="51.389442980289459228515625" lon="5.4443493671715259552001953125">
        <ele>21</ele>
        <time>2026-06-21T15:13:40.000Z</time>
        <extensions>
          <ns3:TrackPointExtension>
            <ns3:hr>185</ns3:hr>
          </ns3:TrackPointExtension>
        </extensions>
      </trkpt>
      <trkpt lat="51.38953828252851963043212890625" lon="5.44431743212044239044189453125">
        <ele>21</ele>
        <time>2026-06-21T15:13:48.000Z</time>
        <extensions>
          <ns3:TrackPointExtension>
            <ns3:hr>184</ns3:hr>
          </ns3:TrackPointExtension>
        </extensions>
      </trkpt>
      <trkpt lat="51.3896355964243412017822265625" lon="5.44428742490708827972412109375">
        <ele>21</ele>
        <time>2026-06-21T15:13:56.000Z</time>
        <extensions>
          <ns3:TrackPointExtension>
            <ns3:hr>184</ns3:hr>
          </ns3:TrackPointExtension>
        </extensions>
      </trkpt>
      <trkpt lat="51.38974682427942752838134765625" lon="5.4442618601024150848388671875">
        <ele>21</ele>
        <time>2026-06-21T15:14:06.000Z</time>
        <extensions>
          <ns3:TrackPointExtension>
            <ns3:hr>185</ns3:hr>
          </ns3:TrackPointExtension>
        </extensions>
      </trkpt>
      <trkpt lat="51.38986031524837017059326171875" lon="5.444251634180545806884765625">
        <ele>20.799999237060546875</ele>
        <time>2026-06-21T15:14:15.000Z</time>
        <extensions>
          <ns3:TrackPointExtension>
            <ns3:hr>184</ns3:hr>
          </ns3:TrackPointExtension>
        </extensions>
      </trkpt>
      <trkpt lat="51.389943547546863555908203125" lon="5.44425121508538722991943359375">
        <ele>21</ele>
        <time>2026-06-21T15:14:22.000Z</time>
        <extensions>
          <ns3:TrackPointExtension>
            <ns3:hr>181</ns3:hr>
          </ns3:TrackPointExtension>
        </extensions>
      </trkpt>
      <trkpt lat="51.38995570130646228790283203125" lon="5.44425121508538722991943359375">
        <ele>21</ele>
        <time>2026-06-21T15:14:23.000Z</time>
        <extensions>
          <ns3:TrackPointExtension>
            <ns3:hr>181</ns3:hr>
          </ns3:TrackPointExtension>
        </extensions>
      </trkpt>
      <trkpt lat="51.39004706405103206634521484375" lon="5.4442571662366390228271484375">
        <ele>21</ele>
        <time>2026-06-21T15:14:30.000Z</time>
        <extensions>
          <ns3:TrackPointExtension>
            <ns3:hr>179</ns3:hr>
          </ns3:TrackPointExtension>
        </extensions>
      </trkpt>
      <trkpt lat="51.39006634242832660675048828125" lon="5.4442558251321315765380859375">
        <ele>21</ele>
        <time>2026-06-21T15:14:32.000Z</time>
        <extensions>
          <ns3:TrackPointExtension>
            <ns3:hr>183</ns3:hr>
          </ns3:TrackPointExtension>
        </extensions>
      </trkpt>
      <trkpt lat="51.390142031013965606689453125" lon="5.44424216262996196746826171875">
        <ele>21</ele>
        <time>2026-06-21T15:14:39.000Z</time>
        <extensions>
          <ns3:TrackPointExtension>
            <ns3:hr>183</ns3:hr>
          </ns3:TrackPointExtension>
        </extensions>
      </trkpt>
      <trkpt lat="51.39023330993950366973876953125" lon="5.44422070495784282684326171875">
        <ele>21</ele>
        <time>2026-06-21T15:14:46.000Z</time>
        <extensions>
          <ns3:TrackPointExtension>
            <ns3:hr>183</ns3:hr>
          </ns3:TrackPointExtension>
        </extensions>
      </trkpt>
      <trkpt lat="51.390356607735157012939453125" lon="5.44421852566301822662353515625">
        <ele>21</ele>
        <time>2026-06-21T15:14:56.000Z</time>
        <extensions>
          <ns3:TrackPointExtension>
            <ns3:hr>184</ns3:hr>
          </ns3:TrackPointExtension>
        </extensions>
      </trkpt>
      <trkpt lat="51.39047135598957538604736328125" lon="5.4442083835601806640625">
        <ele>20.799999237060546875</ele>
        <time>2026-06-21T15:15:06.000Z</time>
        <extensions>
          <ns3:TrackPointExtension>
            <ns3:hr>184</ns3:hr>
          </ns3:TrackPointExtension>
        </extensions>
      </trkpt>
      <trkpt lat="51.39063631184399127960205078125" lon="5.44419120065867900848388671875">
        <ele>21</ele>
        <time>2026-06-21T15:15:19.000Z</time>
        <extensions>
          <ns3:TrackPointExtension>
            <ns3:hr>183</ns3:hr>
          </ns3:TrackPointExtension>
        </extensions>
      </trkpt>
      <trkpt lat="51.39073873870074748992919921875" lon="5.44418223202228546142578125">
        <ele>21</ele>
        <time>2026-06-21T15:15:28.000Z</time>
        <extensions>
          <ns3:TrackPointExtension>
            <ns3:hr>183</ns3:hr>
          </ns3:TrackPointExtension>
        </extensions>
      </trkpt>
      <trkpt lat="51.39082389883697032928466796875" lon="5.44417192228138446807861328125">
        <ele>21.3999996185302734375</ele>
        <time>2026-06-21T15:15:36.000Z</time>
        <extensions>
          <ns3:TrackPointExtension>
            <ns3:hr>184</ns3:hr>
          </ns3:TrackPointExtension>
        </extensions>
      </trkpt>
      <trkpt lat="51.39095935039222240447998046875" lon="5.44414736330509185791015625">
        <ele>21.3999996185302734375</ele>
        <time>2026-06-21T15:15:47.000Z</time>
        <extensions>
          <ns3:TrackPointExtension>
            <ns3:hr>183</ns3:hr>
          </ns3:TrackPointExtension>
        </extensions>
      </trkpt>
      <trkpt lat="51.39105892740190029144287109375" lon="5.444112159311771392822265625">
        <ele>21.200000762939453125</ele>
        <time>2026-06-21T15:15:56.000Z</time>
        <extensions>
          <ns3:TrackPointExtension>
            <ns3:hr>183</ns3:hr>
          </ns3:TrackPointExtension>
        </extensions>
      </trkpt>
      <trkpt lat="51.39116353355348110198974609375" lon="5.4440519772469997406005859375">
        <ele>21.200000762939453125</ele>
        <time>2026-06-21T15:16:05.000Z</time>
        <extensions>
          <ns3:TrackPointExtension>
            <ns3:hr>183</ns3:hr>
          </ns3:TrackPointExtension>
        </extensions>
      </trkpt>
      <trkpt lat="51.3912548124790191650390625" lon="5.44399338774383068084716796875">
        <ele>21</ele>
        <time>2026-06-21T15:16:13.000Z</time>
        <extensions>
          <ns3:TrackPointExtension>
            <ns3:hr>183</ns3:hr>
          </ns3:TrackPointExtension>
        </extensions>
      </trkpt>
      <trkpt lat="51.39134072698652744293212890625" lon="5.4438601993024349212646484375">
        <ele>21.200000762939453125</ele>
        <time>2026-06-21T15:16:23.000Z</time>
        <extensions>
          <ns3:TrackPointExtension>
            <ns3:hr>183</ns3:hr>
          </ns3:TrackPointExtension>
        </extensions>
      </trkpt>
      <trkpt lat="51.391395293176174163818359375" lon="5.44373304583132266998291015625">
        <ele>21.3999996185302734375</ele>
        <time>2026-06-21T15:16:31.000Z</time>
        <extensions>
          <ns3:TrackPointExtension>
            <ns3:hr>183</ns3:hr>
          </ns3:TrackPointExtension>
        </extensions>
      </trkpt>
      <trkpt lat="51.39148774556815624237060546875" lon="5.44361754320561885833740234375">
        <ele>21.6000003814697265625</ele>
        <time>2026-06-21T15:16:40.000Z</time>
        <extensions>
          <ns3:TrackPointExtension>
            <ns3:hr>183</ns3:hr>
          </ns3:TrackPointExtension>
        </extensions>
      </trkpt>
      <trkpt lat="51.39157340861856937408447265625" lon="5.44350631535053253173828125">
        <ele>21.200000762939453125</ele>
        <time>2026-06-21T15:16:50.000Z</time>
        <extensions>
          <ns3:TrackPointExtension>
            <ns3:hr>184</ns3:hr>
          </ns3:TrackPointExtension>
        </extensions>
      </trkpt>
      <trkpt lat="51.39166611246764659881591796875" lon="5.4433914832770824432373046875">
        <ele>21.200000762939453125</ele>
        <time>2026-06-21T15:16:59.000Z</time>
        <extensions>
          <ns3:TrackPointExtension>
            <ns3:hr>184</ns3:hr>
          </ns3:TrackPointExtension>
        </extensions>
      </trkpt>
      <trkpt lat="51.39172042720019817352294921875" lon="5.44330456294119358062744140625">
        <ele>21.200000762939453125</ele>
        <time>2026-06-21T15:17:06.000Z</time>
        <extensions>
          <ns3:TrackPointExtension>
            <ns3:hr>184</ns3:hr>
          </ns3:TrackPointExtension>
        </extensions>
      </trkpt>
      <trkpt lat="51.39179787598550319671630859375" lon="5.4432211630046367645263671875">
        <ele>21</ele>
        <time>2026-06-21T15:17:14.000Z</time>
        <extensions>
          <ns3:TrackPointExtension>
            <ns3:hr>184</ns3:hr>
          </ns3:TrackPointExtension>
        </extensions>
      </trkpt>
      <trkpt lat="51.3918829523026943206787109375" lon="5.44309719465672969818115234375">
        <ele>21</ele>
        <time>2026-06-21T15:17:23.000Z</time>
        <extensions>
          <ns3:TrackPointExtension>
            <ns3:hr>183</ns3:hr>
          </ns3:TrackPointExtension>
        </extensions>
      </trkpt>
      <trkpt lat="51.39194481074810028076171875" lon="5.44303315691649913787841796875">
        <ele>21</ele>
        <time>2026-06-21T15:17:29.000Z</time>
        <extensions>
          <ns3:TrackPointExtension>
            <ns3:hr>183</ns3:hr>
          </ns3:TrackPointExtension>
        </extensions>
      </trkpt>
      <trkpt lat="51.39202720485627651214599609375" lon="5.44292134232819080352783203125">
        <ele>21</ele>
        <time>2026-06-21T15:17:38.000Z</time>
        <extensions>
          <ns3:TrackPointExtension>
            <ns3:hr>183</ns3:hr>
          </ns3:TrackPointExtension>
        </extensions>
      </trkpt>
      <trkpt lat="51.39208554290235042572021484375" lon="5.4428364336490631103515625">
        <ele>21</ele>
        <time>2026-06-21T15:17:46.000Z</time>
        <extensions>
          <ns3:TrackPointExtension>
            <ns3:hr>185</ns3:hr>
          </ns3:TrackPointExtension>
        </extensions>
      </trkpt>
      <trkpt lat="51.39217891730368137359619140625" lon="5.44274096377193927764892578125">
        <ele>21.200000762939453125</ele>
        <time>2026-06-21T15:17:54.000Z</time>
        <extensions>
          <ns3:TrackPointExtension>
            <ns3:hr>184</ns3:hr>
          </ns3:TrackPointExtension>
        </extensions>
      </trkpt>
      <trkpt lat="51.39222920872271060943603515625" lon="5.44267541728913784027099609375">
        <ele>21.200000762939453125</ele>
        <time>2026-06-21T15:18:00.000Z</time>
        <extensions>
          <ns3:TrackPointExtension>
            <ns3:hr>185</ns3:hr>
          </ns3:TrackPointExtension>
        </extensions>
      </trkpt>
      <trkpt lat="51.39230598695576190948486328125" lon="5.44260115362703800201416015625">
        <ele>21</ele>
        <time>2026-06-21T15:18:09.000Z</time>
        <extensions>
          <ns3:TrackPointExtension>
            <ns3:hr>184</ns3:hr>
          </ns3:TrackPointExtension>
        </extensions>
      </trkpt>
      <trkpt lat="51.3923959247767925262451171875" lon="5.4425065219402313232421875">
        <ele>21</ele>
        <time>2026-06-21T15:18:18.000Z</time>
        <extensions>
          <ns3:TrackPointExtension>
            <ns3:hr>185</ns3:hr>
          </ns3:TrackPointExtension>
        </extensions>
      </trkpt>
      <trkpt lat="51.39250933192670345306396484375" lon="5.442410968244075775146484375">
        <ele>20.799999237060546875</ele>
        <time>2026-06-21T15:18:27.000Z</time>
        <extensions>
          <ns3:TrackPointExtension>
            <ns3:hr>184</ns3:hr>
          </ns3:TrackPointExtension>
        </extensions>
      </trkpt>
      <trkpt lat="51.392586529254913330078125" lon="5.44232924468815326690673828125">
        <ele>21.200000762939453125</ele>
        <time>2026-06-21T15:18:34.000Z</time>
        <extensions>
          <ns3:TrackPointExtension>
            <ns3:hr>184</ns3:hr>
          </ns3:TrackPointExtension>
        </extensions>
      </trkpt>
      <trkpt lat="51.39266498386859893798828125" lon="5.4422116465866565704345703125">
        <ele>21</ele>
        <time>2026-06-21T15:18:43.000Z</time>
        <extensions>
          <ns3:TrackPointExtension>
            <ns3:hr>184</ns3:hr>
          </ns3:TrackPointExtension>
        </extensions>
      </trkpt>
      <trkpt lat="51.39276833273470401763916015625" lon="5.442105866968631744384765625">
        <ele>21</ele>
        <time>2026-06-21T15:18:53.000Z</time>
        <extensions>
          <ns3:TrackPointExtension>
            <ns3:hr>184</ns3:hr>
          </ns3:TrackPointExtension>
        </extensions>
      </trkpt>
      <trkpt lat="51.392851062119007110595703125" lon="5.44203537516295909881591796875">
        <ele>21.6000003814697265625</ele>
        <time>2026-06-21T15:19:01.000Z</time>
        <extensions>
          <ns3:TrackPointExtension>
            <ns3:hr>183</ns3:hr>
          </ns3:TrackPointExtension>
        </extensions>
      </trkpt>
      <trkpt lat="51.392938233911991119384765625" lon="5.4419437609612941741943359375">
        <ele>20.799999237060546875</ele>
        <time>2026-06-21T15:19:11.000Z</time>
        <extensions>
          <ns3:TrackPointExtension>
            <ns3:hr>184</ns3:hr>
          </ns3:TrackPointExtension>
        </extensions>
      </trkpt>
      <trkpt lat="51.39302263967692852020263671875" lon="5.44182985089719295501708984375">
        <ele>20.6000003814697265625</ele>
        <time>2026-06-21T15:19:20.000Z</time>
        <extensions>
          <ns3:TrackPointExtension>
            <ns3:hr>184</ns3:hr>
          </ns3:TrackPointExtension>
        </extensions>
      </trkpt>
      <trkpt lat="51.3931135833263397216796875" lon="5.441698841750621795654296875">
        <ele>21.200000762939453125</ele>
        <time>2026-06-21T15:19:29.000Z</time>
        <extensions>
          <ns3:TrackPointExtension>
            <ns3:hr>184</ns3:hr>
          </ns3:TrackPointExtension>
        </extensions>
      </trkpt>
      <trkpt lat="51.39321106486022472381591796875" lon="5.44169909320771694183349609375">
        <ele>20.799999237060546875</ele>
        <time>2026-06-21T15:19:37.000Z</time>
        <extensions>
          <ns3:TrackPointExtension>
            <ns3:hr>185</ns3:hr>
          </ns3:TrackPointExtension>
        </extensions>
      </trkpt>
      <trkpt lat="51.39328734017908573150634765625" lon="5.44171459972858428955078125">
        <ele>20.6000003814697265625</ele>
        <time>2026-06-21T15:19:44.000Z</time>
        <extensions>
          <ns3:TrackPointExtension>
            <ns3:hr>184</ns3:hr>
          </ns3:TrackPointExtension>
        </extensions>
      </trkpt>
      <trkpt lat="51.39337451197206974029541015625" lon="5.44168652035295963287353515625">
        <ele>20.799999237060546875</ele>
        <time>2026-06-21T15:19:51.000Z</time>
        <extensions>
          <ns3:TrackPointExtension>
            <ns3:hr>187</ns3:hr>
          </ns3:TrackPointExtension>
        </extensions>
      </trkpt>
      <trkpt lat="51.39338691718876361846923828125" lon="5.4416748695075511932373046875">
        <ele>21</ele>
        <time>2026-06-21T15:19:52.000Z</time>
        <extensions>
          <ns3:TrackPointExtension>
            <ns3:hr>187</ns3:hr>
          </ns3:TrackPointExtension>
        </extensions>
      </trkpt>
      <trkpt lat="51.39339722692966461181640625" lon="5.44166120700538158416748046875">
        <ele>21</ele>
        <time>2026-06-21T15:19:53.000Z</time>
        <extensions>
          <ns3:TrackPointExtension>
            <ns3:hr>187</ns3:hr>
          </ns3:TrackPointExtension>
        </extensions>
      </trkpt>
      <trkpt lat="51.393445841968059539794921875" lon="5.44159348122775554656982421875">
        <ele>21</ele>
        <time>2026-06-21T15:19:59.000Z</time>
        <extensions>
          <ns3:TrackPointExtension>
            <ns3:hr>186</ns3:hr>
          </ns3:TrackPointExtension>
        </extensions>
      </trkpt>
      <trkpt lat="51.393535695970058441162109375" lon="5.4415642283856868743896484375">
        <ele>21.200000762939453125</ele>
        <time>2026-06-21T15:20:07.000Z</time>
        <extensions>
          <ns3:TrackPointExtension>
            <ns3:hr>185</ns3:hr>
          </ns3:TrackPointExtension>
        </extensions>
      </trkpt>
      <trkpt lat="51.3936528749763965606689453125" lon="5.4416239075362682342529296875">
        <ele>21</ele>
        <time>2026-06-21T15:20:17.000Z</time>
        <extensions>
          <ns3:TrackPointExtension>
            <ns3:hr>185</ns3:hr>
          </ns3:TrackPointExtension>
        </extensions>
      </trkpt>
      <trkpt lat="51.39368045143783092498779296875" lon="5.44161745347082614898681640625">
        <ele>21</ele>
        <time>2026-06-21T15:20:19.000Z</time>
        <extensions>
          <ns3:TrackPointExtension>
            <ns3:hr>185</ns3:hr>
          </ns3:TrackPointExtension>
        </extensions>
      </trkpt>
      <trkpt lat="51.3937303237617015838623046875" lon="5.4416133463382720947265625">
        <ele>21</ele>
        <time>2026-06-21T15:20:23.000Z</time>
        <extensions>
          <ns3:TrackPointExtension>
            <ns3:hr>185</ns3:hr>
          </ns3:TrackPointExtension>
        </extensions>
      </trkpt>
      <trkpt lat="51.3938299007713794708251953125" lon="5.44160328805446624755859375">
        <ele>21</ele>
        <time>2026-06-21T15:20:32.000Z</time>
        <extensions>
          <ns3:TrackPointExtension>
            <ns3:hr>185</ns3:hr>
          </ns3:TrackPointExtension>
        </extensions>
      </trkpt>
      <trkpt lat="51.393911875784397125244140625" lon="5.44167227111756801605224609375">
        <ele>21.200000762939453125</ele>
        <time>2026-06-21T15:20:39.000Z</time>
        <extensions>
          <ns3:TrackPointExtension>
            <ns3:hr>185</ns3:hr>
          </ns3:TrackPointExtension>
        </extensions>
      </trkpt>
      <trkpt lat="51.39393861405551433563232421875" lon="5.4418265819549560546875">
        <ele>21.200000762939453125</ele>
        <time>2026-06-21T15:20:47.000Z</time>
        <extensions>
          <ns3:TrackPointExtension>
            <ns3:hr>184</ns3:hr>
          </ns3:TrackPointExtension>
        </extensions>
      </trkpt>
      <trkpt lat="51.3939665257930755615234375" lon="5.4420034401118755340576171875">
        <ele>21</ele>
        <time>2026-06-21T15:20:57.000Z</time>
        <extensions>
          <ns3:TrackPointExtension>
            <ns3:hr>184</ns3:hr>
          </ns3:TrackPointExtension>
        </extensions>
      </trkpt>
      <trkpt lat="51.39399225823581218719482421875" lon="5.4421449266374111175537109375">
        <ele>21.200000762939453125</ele>
        <time>2026-06-21T15:21:04.000Z</time>
        <extensions>
          <ns3:TrackPointExtension>
            <ns3:hr>185</ns3:hr>
          </ns3:TrackPointExtension>
        </extensions>
      </trkpt>
      <trkpt lat="51.3940314017236232757568359375" lon="5.44231734238564968109130859375">
        <ele>21</ele>
        <time>2026-06-21T15:21:13.000Z</time>
        <extensions>
          <ns3:TrackPointExtension>
            <ns3:hr>185</ns3:hr>
          </ns3:TrackPointExtension>
        </extensions>
      </trkpt>
      <trkpt lat="51.39407842420041561126708984375" lon="5.4424701444804668426513671875">
        <ele>21</ele>
        <time>2026-06-21T15:21:23.000Z</time>
        <extensions>
          <ns3:TrackPointExtension>
            <ns3:hr>184</ns3:hr>
          </ns3:TrackPointExtension>
        </extensions>
      </trkpt>
      <trkpt lat="51.39412251301109790802001953125" lon="5.442631579935550689697265625">
        <ele>21</ele>
        <time>2026-06-21T15:21:32.000Z</time>
        <extensions>
          <ns3:TrackPointExtension>
            <ns3:hr>184</ns3:hr>
          </ns3:TrackPointExtension>
        </extensions>
      </trkpt>
      <trkpt lat="51.39414413832128047943115234375" lon="5.4427883215248584747314453125">
        <ele>21</ele>
        <time>2026-06-21T15:21:40.000Z</time>
        <extensions>
          <ns3:TrackPointExtension>
            <ns3:hr>184</ns3:hr>
          </ns3:TrackPointExtension>
        </extensions>
      </trkpt>
      <trkpt lat="51.3941816054284572601318359375" lon="5.44294514693319797515869140625">
        <ele>21.200000762939453125</ele>
        <time>2026-06-21T15:21:50.000Z</time>
        <extensions>
          <ns3:TrackPointExtension>
            <ns3:hr>185</ns3:hr>
          </ns3:TrackPointExtension>
        </extensions>
      </trkpt>
      <trkpt lat="51.39424748718738555908203125" lon="5.44306132011115550994873046875">
        <ele>21.200000762939453125</ele>
        <time>2026-06-21T15:21:57.000Z</time>
        <extensions>
          <ns3:TrackPointExtension>
            <ns3:hr>184</ns3:hr>
          </ns3:TrackPointExtension>
        </extensions>
      </trkpt>
      <trkpt lat="51.39430305920541286468505859375" lon="5.44319115579128265380859375">
        <ele>21.6000003814697265625</ele>
        <time>2026-06-21T15:22:06.000Z</time>
        <extensions>
          <ns3:TrackPointExtension>
            <ns3:hr>185</ns3:hr>
          </ns3:TrackPointExtension>
        </extensions>
      </trkpt>
      <trkpt lat="51.3943053223192691802978515625" lon="5.443401038646697998046875">
        <ele>21.200000762939453125</ele>
        <time>2026-06-21T15:22:17.000Z</time>
        <extensions>
          <ns3:TrackPointExtension>
            <ns3:hr>184</ns3:hr>
          </ns3:TrackPointExtension>
        </extensions>
      </trkpt>
      <trkpt lat="51.3943411968648433685302734375" lon="5.44359809719026088714599609375">
        <ele>21.200000762939453125</ele>
        <time>2026-06-21T15:22:27.000Z</time>
        <extensions>
          <ns3:TrackPointExtension>
            <ns3:hr>185</ns3:hr>
          </ns3:TrackPointExtension>
        </extensions>
      </trkpt>
      <trkpt lat="51.3943475671112537384033203125" lon="5.4437854327261447906494140625">
        <ele>21.3999996185302734375</ele>
        <time>2026-06-21T15:22:36.000Z</time>
        <extensions>
          <ns3:TrackPointExtension>
            <ns3:hr>186</ns3:hr>
          </ns3:TrackPointExtension>
        </extensions>
      </trkpt>
      <trkpt lat="51.39436391182243824005126953125" lon="5.44394594617187976837158203125">
        <ele>21.3999996185302734375</ele>
        <time>2026-06-21T15:22:45.000Z</time>
        <extensions>
          <ns3:TrackPointExtension>
            <ns3:hr>186</ns3:hr>
          </ns3:TrackPointExtension>
        </extensions>
      </trkpt>
      <trkpt lat="51.3943861238658428192138671875" lon="5.44412733055651187896728515625">
        <ele>21.200000762939453125</ele>
        <time>2026-06-21T15:22:54.000Z</time>
        <extensions>
          <ns3:TrackPointExtension>
            <ns3:hr>184</ns3:hr>
          </ns3:TrackPointExtension>
        </extensions>
      </trkpt>
      <trkpt lat="51.3943871296942234039306640625" lon="5.44433243572711944580078125">
        <ele>21.6000003814697265625</ele>
        <time>2026-06-21T15:23:04.000Z</time>
        <extensions>
          <ns3:TrackPointExtension>
            <ns3:hr>185</ns3:hr>
          </ns3:TrackPointExtension>
        </extensions>
      </trkpt>
      <trkpt lat="51.39440867118537425994873046875" lon="5.44456955976784229278564453125">
        <ele>21.6000003814697265625</ele>
        <time>2026-06-21T15:23:17.000Z</time>
        <extensions>
          <ns3:TrackPointExtension>
            <ns3:hr>185</ns3:hr>
          </ns3:TrackPointExtension>
        </extensions>
      </trkpt>
      <trkpt lat="51.3944159634411334991455078125" lon="5.444710962474346160888671875">
        <ele>21.6000003814697265625</ele>
        <time>2026-06-21T15:23:26.000Z</time>
        <extensions>
          <ns3:TrackPointExtension>
            <ns3:hr>185</ns3:hr>
          </ns3:TrackPointExtension>
        </extensions>
      </trkpt>
      <trkpt lat="51.39441789127886295318603515625" lon="5.4448915086686611175537109375">
        <ele>21.3999996185302734375</ele>
        <time>2026-06-21T15:23:35.000Z</time>
        <extensions>
          <ns3:TrackPointExtension>
            <ns3:hr>184</ns3:hr>
          </ns3:TrackPointExtension>
        </extensions>
      </trkpt>
      <trkpt lat="51.394444964826107025146484375" lon="5.44506601989269256591796875">
        <ele>21</ele>
        <time>2026-06-21T15:23:44.000Z</time>
        <extensions>
          <ns3:TrackPointExtension>
            <ns3:hr>183</ns3:hr>
          </ns3:TrackPointExtension>
        </extensions>
      </trkpt>
      <trkpt lat="51.39446801505982875823974609375" lon="5.445249080657958984375">
        <ele>21.6000003814697265625</ele>
        <time>2026-06-21T15:23:53.000Z</time>
        <extensions>
          <ns3:TrackPointExtension>
            <ns3:hr>184</ns3:hr>
          </ns3:TrackPointExtension>
        </extensions>
      </trkpt>
      <trkpt lat="51.39451880939304828643798828125" lon="5.44534094631671905517578125">
        <ele>21.799999237060546875</ele>
        <time>2026-06-21T15:23:59.000Z</time>
        <extensions>
          <ns3:TrackPointExtension>
            <ns3:hr>184</ns3:hr>
          </ns3:TrackPointExtension>
        </extensions>
      </trkpt>
      <trkpt lat="51.3945859484374523162841796875" lon="5.44545267708599567413330078125">
        <ele>21.6000003814697265625</ele>
        <time>2026-06-21T15:24:07.000Z</time>
        <extensions>
          <ns3:TrackPointExtension>
            <ns3:hr>184</ns3:hr>
          </ns3:TrackPointExtension>
        </extensions>
      </trkpt>
      <trkpt lat="51.39464956708252429962158203125" lon="5.4455912299454212188720703125">
        <ele>21.6000003814697265625</ele>
        <time>2026-06-21T15:24:16.000Z</time>
        <extensions>
          <ns3:TrackPointExtension>
            <ns3:hr>185</ns3:hr>
          </ns3:TrackPointExtension>
        </extensions>
      </trkpt>
      <trkpt lat="51.39467353932559490203857421875" lon="5.44564579613506793975830078125">
        <ele>22</ele>
        <time>2026-06-21T15:24:20.000Z</time>
        <extensions>
          <ns3:TrackPointExtension>
            <ns3:hr>185</ns3:hr>
          </ns3:TrackPointExtension>
        </extensions>
      </trkpt>
      <trkpt lat="51.3946992717683315277099609375" lon="5.4457032121717929840087890625">
        <ele>22.200000762939453125</ele>
        <time>2026-06-21T15:24:24.000Z</time>
        <extensions>
          <ns3:TrackPointExtension>
            <ns3:hr>184</ns3:hr>
          </ns3:TrackPointExtension>
        </extensions>
      </trkpt>
      <trkpt lat="51.39476716518402099609375" lon="5.4457947425544261932373046875">
        <ele>22.3999996185302734375</ele>
        <time>2026-06-21T15:24:32.000Z</time>
        <extensions>
          <ns3:TrackPointExtension>
            <ns3:hr>185</ns3:hr>
          </ns3:TrackPointExtension>
        </extensions>
      </trkpt>
      <trkpt lat="51.394836902618408203125" lon="5.4459100775420665740966796875">
        <ele>21.6000003814697265625</ele>
        <time>2026-06-21T15:24:42.000Z</time>
        <extensions>
          <ns3:TrackPointExtension>
            <ns3:hr>187</ns3:hr>
          </ns3:TrackPointExtension>
        </extensions>
      </trkpt>
      <trkpt lat="51.394906975328922271728515625" lon="5.44604008086025714874267578125">
        <ele>22</ele>
        <time>2026-06-21T15:24:50.000Z</time>
        <extensions>
          <ns3:TrackPointExtension>
            <ns3:hr>188</ns3:hr>
          </ns3:TrackPointExtension>
        </extensions>
      </trkpt>
      <trkpt lat="51.39498115517199039459228515625" lon="5.44612758792936801910400390625">
        <ele>21.3999996185302734375</ele>
        <time>2026-06-21T15:24:58.000Z</time>
        <extensions>
          <ns3:TrackPointExtension>
            <ns3:hr>186</ns3:hr>
          </ns3:TrackPointExtension>
        </extensions>
      </trkpt>
      <trkpt lat="51.395053826272487640380859375" lon="5.44628852047026157379150390625">
        <ele>21.6000003814697265625</ele>
        <time>2026-06-21T15:25:07.000Z</time>
        <extensions>
          <ns3:TrackPointExtension>
            <ns3:hr>186</ns3:hr>
          </ns3:TrackPointExtension>
        </extensions>
      </trkpt>
      <trkpt lat="51.395081318914890289306640625" lon="5.44638030230998992919921875">
        <ele>21.6000003814697265625</ele>
        <time>2026-06-21T15:25:13.000Z</time>
        <extensions>
          <ns3:TrackPointExtension>
            <ns3:hr>181</ns3:hr>
          </ns3:TrackPointExtension>
        </extensions>
      </trkpt>
      <trkpt lat="51.39509649015963077545166015625" lon="5.4464136622846126556396484375">
        <ele>21.6000003814697265625</ele>
        <time>2026-06-21T15:25:15.000Z</time>
        <extensions>
          <ns3:TrackPointExtension>
            <ns3:hr>178</ns3:hr>
          </ns3:TrackPointExtension>
        </extensions>
      </trkpt>
      <trkpt lat="51.39511878602206707000732421875" lon="5.4464498721063137054443359375">
        <ele>21.799999237060546875</ele>
        <time>2026-06-21T15:25:17.000Z</time>
        <extensions>
          <ns3:TrackPointExtension>
            <ns3:hr>178</ns3:hr>
          </ns3:TrackPointExtension>
        </extensions>
      </trkpt>
      <trkpt lat="51.39514611102640628814697265625" lon="5.44649320654571056365966796875">
        <ele>21.6000003814697265625</ele>
        <time>2026-06-21T15:25:20.000Z</time>
        <extensions>
          <ns3:TrackPointExtension>
            <ns3:hr>183</ns3:hr>
          </ns3:TrackPointExtension>
        </extensions>
      </trkpt>
      <trkpt lat="51.39515315182507038116455078125" lon="5.44650577940046787261962890625">
        <ele>21.6000003814697265625</ele>
        <time>2026-06-21T15:25:21.000Z</time>
        <extensions>
          <ns3:TrackPointExtension>
            <ns3:hr>186</ns3:hr>
          </ns3:TrackPointExtension>
        </extensions>
      </trkpt>
      <trkpt lat="51.3951606117188930511474609375" lon="5.446518100798130035400390625">
        <ele>21.3999996185302734375</ele>
        <time>2026-06-21T15:25:22.000Z</time>
        <extensions>
          <ns3:TrackPointExtension>
            <ns3:hr>186</ns3:hr>
          </ns3:TrackPointExtension>
        </extensions>
      </trkpt>
      <trkpt lat="51.39520092867314815521240234375" lon="5.44658943079411983489990234375">
        <ele>21.3999996185302734375</ele>
        <time>2026-06-21T15:25:27.000Z</time>
        <extensions>
          <ns3:TrackPointExtension>
            <ns3:hr>188</ns3:hr>
          </ns3:TrackPointExtension>
        </extensions>
      </trkpt>
      <trkpt lat="51.395257674157619476318359375" lon="5.4467140696942806243896484375">
        <ele>21.3999996185302734375</ele>
        <time>2026-06-21T15:25:36.000Z</time>
        <extensions>
          <ns3:TrackPointExtension>
            <ns3:hr>187</ns3:hr>
          </ns3:TrackPointExtension>
        </extensions>
      </trkpt>
      <trkpt lat="51.395334117114543914794921875" lon="5.44685848988592624664306640625">
        <ele>21.3999996185302734375</ele>
        <time>2026-06-21T15:25:45.000Z</time>
        <extensions>
          <ns3:TrackPointExtension>
            <ns3:hr>187</ns3:hr>
          </ns3:TrackPointExtension>
        </extensions>
      </trkpt>
      <trkpt lat="51.39541081152856349945068359375" lon="5.4469879902899265289306640625">
        <ele>21.799999237060546875</ele>
        <time>2026-06-21T15:25:54.000Z</time>
        <extensions>
          <ns3:TrackPointExtension>
            <ns3:hr>187</ns3:hr>
          </ns3:TrackPointExtension>
        </extensions>
      </trkpt>
      <trkpt lat="51.39547920785844326019287109375" lon="5.4471184127032756805419921875">
        <ele>21.799999237060546875</ele>
        <time>2026-06-21T15:26:04.000Z</time>
        <extensions>
          <ns3:TrackPointExtension>
            <ns3:hr>187</ns3:hr>
          </ns3:TrackPointExtension>
        </extensions>
      </trkpt>
      <trkpt lat="51.39553603716194629669189453125" lon="5.44725545682013034820556640625">
        <ele>21.6000003814697265625</ele>
        <time>2026-06-21T15:26:13.000Z</time>
        <extensions>
          <ns3:TrackPointExtension>
            <ns3:hr>188</ns3:hr>
          </ns3:TrackPointExtension>
        </extensions>
      </trkpt>
      <trkpt lat="51.3955961354076862335205078125" lon="5.44737548567354679107666015625">
        <ele>21.6000003814697265625</ele>
        <time>2026-06-21T15:26:20.000Z</time>
        <extensions>
          <ns3:TrackPointExtension>
            <ns3:hr>188</ns3:hr>
          </ns3:TrackPointExtension>
        </extensions>
      </trkpt>
      <trkpt lat="51.3956844806671142578125" lon="5.44754161499440670013427734375">
        <ele>21.799999237060546875</ele>
        <time>2026-06-21T15:26:31.000Z</time>
        <extensions>
          <ns3:TrackPointExtension>
            <ns3:hr>187</ns3:hr>
          </ns3:TrackPointExtension>
        </extensions>
      </trkpt>
      <trkpt lat="51.395741142332553863525390625" lon="5.4476417787373065948486328125">
        <ele>21.799999237060546875</ele>
        <time>2026-06-21T15:26:39.000Z</time>
        <extensions>
          <ns3:TrackPointExtension>
            <ns3:hr>188</ns3:hr>
          </ns3:TrackPointExtension>
        </extensions>
      </trkpt>
      <trkpt lat="51.3958160765469074249267578125" lon="5.44776977039873600006103515625">
        <ele>21.799999237060546875</ele>
        <time>2026-06-21T15:26:48.000Z</time>
        <extensions>
          <ns3:TrackPointExtension>
            <ns3:hr>188</ns3:hr>
          </ns3:TrackPointExtension>
        </extensions>
      </trkpt>
      <trkpt lat="51.3958630152046680450439453125" lon="5.44783883728086948394775390625">
        <ele>21.799999237060546875</ele>
        <time>2026-06-21T15:26:54.000Z</time>
        <extensions>
          <ns3:TrackPointExtension>
            <ns3:hr>187</ns3:hr>
          </ns3:TrackPointExtension>
        </extensions>
      </trkpt>
      <trkpt lat="51.39594423584640026092529296875" lon="5.4479951597750186920166015625">
        <ele>22</ele>
        <time>2026-06-21T15:27:04.000Z</time>
        <extensions>
          <ns3:TrackPointExtension>
            <ns3:hr>187</ns3:hr>
          </ns3:TrackPointExtension>
        </extensions>
      </trkpt>
      <trkpt lat="51.395989917218685150146484375" lon="5.44811812229454517364501953125">
        <ele>22</ele>
        <time>2026-06-21T15:27:11.000Z</time>
        <extensions>
          <ns3:TrackPointExtension>
            <ns3:hr>186</ns3:hr>
          </ns3:TrackPointExtension>
        </extensions>
      </trkpt>
      <trkpt lat="51.3960774242877960205078125" lon="5.4482405818998813629150390625">
        <ele>21.799999237060546875</ele>
        <time>2026-06-21T15:27:21.000Z</time>
        <extensions>
          <ns3:TrackPointExtension>
            <ns3:hr>186</ns3:hr>
          </ns3:TrackPointExtension>
        </extensions>
      </trkpt>
      <trkpt lat="51.3961208425462245941162109375" lon="5.448372848331928253173828125">
        <ele>21.6000003814697265625</ele>
        <time>2026-06-21T15:27:29.000Z</time>
        <extensions>
          <ns3:TrackPointExtension>
            <ns3:hr>186</ns3:hr>
          </ns3:TrackPointExtension>
        </extensions>
      </trkpt>
      <trkpt lat="51.396183036267757415771484375" lon="5.44848843477666378021240234375">
        <ele>21.6000003814697265625</ele>
        <time>2026-06-21T15:27:37.000Z</time>
        <extensions>
          <ns3:TrackPointExtension>
            <ns3:hr>187</ns3:hr>
          </ns3:TrackPointExtension>
        </extensions>
      </trkpt>
      <trkpt lat="51.39624229632318019866943359375" lon="5.4486211203038692474365234375">
        <ele>21.799999237060546875</ele>
        <time>2026-06-21T15:27:46.000Z</time>
        <extensions>
          <ns3:TrackPointExtension>
            <ns3:hr>187</ns3:hr>
          </ns3:TrackPointExtension>
        </extensions>
      </trkpt>
      <trkpt lat="51.39632075093686580657958984375" lon="5.4487713240087032318115234375">
        <ele>22</ele>
        <time>2026-06-21T15:27:56.000Z</time>
        <extensions>
          <ns3:TrackPointExtension>
            <ns3:hr>186</ns3:hr>
          </ns3:TrackPointExtension>
        </extensions>
      </trkpt>
      <trkpt lat="51.3963857106864452362060546875" lon="5.4489322565495967864990234375">
        <ele>22.200000762939453125</ele>
        <time>2026-06-21T15:28:06.000Z</time>
        <extensions>
          <ns3:TrackPointExtension>
            <ns3:hr>187</ns3:hr>
          </ns3:TrackPointExtension>
        </extensions>
      </trkpt>
      <trkpt lat="51.39646676369011402130126953125" lon="5.4490415565669536590576171875">
        <ele>21.799999237060546875</ele>
        <time>2026-06-21T15:28:15.000Z</time>
        <extensions>
          <ns3:TrackPointExtension>
            <ns3:hr>187</ns3:hr>
          </ns3:TrackPointExtension>
        </extensions>
      </trkpt>
      <trkpt lat="51.39657371677458286285400390625" lon="5.44919955544173717498779296875">
        <ele>21.3999996185302734375</ele>
        <time>2026-06-21T15:28:26.000Z</time>
        <extensions>
          <ns3:TrackPointExtension>
            <ns3:hr>187</ns3:hr>
          </ns3:TrackPointExtension>
        </extensions>
      </trkpt>
      <trkpt lat="51.39665166847407817840576171875" lon="5.449318997561931610107421875">
        <ele>21.6000003814697265625</ele>
        <time>2026-06-21T15:28:36.000Z</time>
        <extensions>
          <ns3:TrackPointExtension>
            <ns3:hr>188</ns3:hr>
          </ns3:TrackPointExtension>
        </extensions>
      </trkpt>
      <trkpt lat="51.39676147140562534332275390625" lon="5.44946056790649890899658203125">
        <ele>22.200000762939453125</ele>
        <time>2026-06-21T15:28:47.000Z</time>
        <extensions>
          <ns3:TrackPointExtension>
            <ns3:hr>188</ns3:hr>
          </ns3:TrackPointExtension>
        </extensions>
      </trkpt>
      <trkpt lat="51.396854259073734283447265625" lon="5.44958956539630889892578125">
        <ele>22</ele>
        <time>2026-06-21T15:28:57.000Z</time>
        <extensions>
          <ns3:TrackPointExtension>
            <ns3:hr>188</ns3:hr>
          </ns3:TrackPointExtension>
        </extensions>
      </trkpt>
      <trkpt lat="51.39694402925670146942138671875" lon="5.4497323930263519287109375">
        <ele>21.6000003814697265625</ele>
        <time>2026-06-21T15:29:08.000Z</time>
        <extensions>
          <ns3:TrackPointExtension>
            <ns3:hr>188</ns3:hr>
          </ns3:TrackPointExtension>
        </extensions>
      </trkpt>
      <trkpt lat="51.3970019482076168060302734375" lon="5.44983590953052043914794921875">
        <ele>21.799999237060546875</ele>
        <time>2026-06-21T15:29:15.000Z</time>
        <extensions>
          <ns3:TrackPointExtension>
            <ns3:hr>188</ns3:hr>
          </ns3:TrackPointExtension>
        </extensions>
      </trkpt>
      <trkpt lat="51.3970951549708843231201171875" lon="5.44995057396590709686279296875">
        <ele>21.799999237060546875</ele>
        <time>2026-06-21T15:29:24.000Z</time>
        <extensions>
          <ns3:TrackPointExtension>
            <ns3:hr>187</ns3:hr>
          </ns3:TrackPointExtension>
        </extensions>
      </trkpt>
      <trkpt lat="51.39716128818690776824951171875" lon="5.45004880987107753753662109375">
        <ele>21.6000003814697265625</ele>
        <time>2026-06-21T15:29:32.000Z</time>
        <extensions>
          <ns3:TrackPointExtension>
            <ns3:hr>187</ns3:hr>
          </ns3:TrackPointExtension>
        </extensions>
      </trkpt>
      <trkpt lat="51.3972527347505092620849609375" lon="5.45018157921731472015380859375">
        <ele>21.6000003814697265625</ele>
        <time>2026-06-21T15:29:43.000Z</time>
        <extensions>
          <ns3:TrackPointExtension>
            <ns3:hr>187</ns3:hr>
          </ns3:TrackPointExtension>
        </extensions>
      </trkpt>
      <trkpt lat="51.397379301488399505615234375" lon="5.45034988783299922943115234375">
        <ele>21.6000003814697265625</ele>
        <time>2026-06-21T15:29:56.000Z</time>
        <extensions>
          <ns3:TrackPointExtension>
            <ns3:hr>187</ns3:hr>
          </ns3:TrackPointExtension>
        </extensions>
      </trkpt>
      <trkpt lat="51.39745616354048252105712890625" lon="5.45045114122331142425537109375">
        <ele>21.6000003814697265625</ele>
        <time>2026-06-21T15:30:04.000Z</time>
        <extensions>
          <ns3:TrackPointExtension>
            <ns3:hr>187</ns3:hr>
          </ns3:TrackPointExtension>
        </extensions>
      </trkpt>
      <trkpt lat="51.397516764700412750244140625" lon="5.450553484261035919189453125">
        <ele>21.799999237060546875</ele>
        <time>2026-06-21T15:30:13.000Z</time>
        <extensions>
          <ns3:TrackPointExtension>
            <ns3:hr>186</ns3:hr>
          </ns3:TrackPointExtension>
        </extensions>
      </trkpt>
      <trkpt lat="51.3976017571985721588134765625" lon="5.45067862607538700103759765625">
        <ele>21.799999237060546875</ele>
        <time>2026-06-21T15:30:22.000Z</time>
        <extensions>
          <ns3:TrackPointExtension>
            <ns3:hr>187</ns3:hr>
          </ns3:TrackPointExtension>
        </extensions>
      </trkpt>
      <trkpt lat="51.397691108286380767822265625" lon="5.45079245232045650482177734375">
        <ele>21.799999237060546875</ele>
        <time>2026-06-21T15:30:32.000Z</time>
        <extensions>
          <ns3:TrackPointExtension>
            <ns3:hr>188</ns3:hr>
          </ns3:TrackPointExtension>
        </extensions>
      </trkpt>
      <trkpt lat="51.39775623567402362823486328125" lon="5.450882054865360260009765625">
        <ele>21.799999237060546875</ele>
        <time>2026-06-21T15:30:40.000Z</time>
        <extensions>
          <ns3:TrackPointExtension>
            <ns3:hr>186</ns3:hr>
          </ns3:TrackPointExtension>
        </extensions>
      </trkpt>
      <trkpt lat="51.39783896505832672119140625" lon="5.4510037600994110107421875">
        <ele>22</ele>
        <time>2026-06-21T15:30:50.000Z</time>
        <extensions>
          <ns3:TrackPointExtension>
            <ns3:hr>186</ns3:hr>
          </ns3:TrackPointExtension>
        </extensions>
      </trkpt>
      <trkpt lat="51.39792881906032562255859375" lon="5.4511378705501556396484375">
        <ele>22</ele>
        <time>2026-06-21T15:31:00.000Z</time>
        <extensions>
          <ns3:TrackPointExtension>
            <ns3:hr>187</ns3:hr>
          </ns3:TrackPointExtension>
        </extensions>
      </trkpt>
      <trkpt lat="51.3980087824165821075439453125" lon="5.45128949917852878570556640625">
        <ele>22</ele>
        <time>2026-06-21T15:31:09.000Z</time>
        <extensions>
          <ns3:TrackPointExtension>
            <ns3:hr>187</ns3:hr>
          </ns3:TrackPointExtension>
        </extensions>
      </trkpt>
      <trkpt lat="51.39808346517384052276611328125" lon="5.451423861086368560791015625">
        <ele>21.799999237060546875</ele>
        <time>2026-06-21T15:31:19.000Z</time>
        <extensions>
          <ns3:TrackPointExtension>
            <ns3:hr>186</ns3:hr>
          </ns3:TrackPointExtension>
        </extensions>
      </trkpt>
      <trkpt lat="51.3981475867331027984619140625" lon="5.45156635344028472900390625">
        <ele>22.200000762939453125</ele>
        <time>2026-06-21T15:31:29.000Z</time>
        <extensions>
          <ns3:TrackPointExtension>
            <ns3:hr>187</ns3:hr>
          </ns3:TrackPointExtension>
        </extensions>
      </trkpt>
      <trkpt lat="51.39820181764662265777587890625" lon="5.45175008475780487060546875">
        <ele>22.200000762939453125</ele>
        <time>2026-06-21T15:31:39.000Z</time>
        <extensions>
          <ns3:TrackPointExtension>
            <ns3:hr>187</ns3:hr>
          </ns3:TrackPointExtension>
        </extensions>
      </trkpt>
      <trkpt lat="51.3982572220265865325927734375" lon="5.45190003700554370880126953125">
        <ele>22.200000762939453125</ele>
        <time>2026-06-21T15:31:48.000Z</time>
        <extensions>
          <ns3:TrackPointExtension>
            <ns3:hr>187</ns3:hr>
          </ns3:TrackPointExtension>
        </extensions>
      </trkpt>
      <trkpt lat="51.39831681735813617706298828125" lon="5.4520654119551181793212890625">
        <ele>22.200000762939453125</ele>
        <time>2026-06-21T15:31:58.000Z</time>
        <extensions>
          <ns3:TrackPointExtension>
            <ns3:hr>188</ns3:hr>
          </ns3:TrackPointExtension>
        </extensions>
      </trkpt>
      <trkpt lat="51.39836392365396022796630859375" lon="5.45223481021821498870849609375">
        <ele>22.200000762939453125</ele>
        <time>2026-06-21T15:32:08.000Z</time>
        <extensions>
          <ns3:TrackPointExtension>
            <ns3:hr>189</ns3:hr>
          </ns3:TrackPointExtension>
        </extensions>
      </trkpt>
      <trkpt lat="51.398436762392520904541015625" lon="5.4523721896111965179443359375">
        <ele>22.3999996185302734375</ele>
        <time>2026-06-21T15:32:17.000Z</time>
        <extensions>
          <ns3:TrackPointExtension>
            <ns3:hr>188</ns3:hr>
          </ns3:TrackPointExtension>
        </extensions>
      </trkpt>
      <trkpt lat="51.3984592258930206298828125" lon="5.45241552405059337615966796875">
        <ele>22.3999996185302734375</ele>
        <time>2026-06-21T15:32:21.000Z</time>
        <extensions>
          <ns3:TrackPointExtension>
            <ns3:hr>188</ns3:hr>
          </ns3:TrackPointExtension>
        </extensions>
      </trkpt>
      <trkpt lat="51.398493759334087371826171875" lon="5.452520214021205902099609375">
        <ele>22.3999996185302734375</ele>
        <time>2026-06-21T15:32:28.000Z</time>
        <extensions>
          <ns3:TrackPointExtension>
            <ns3:hr>188</ns3:hr>
          </ns3:TrackPointExtension>
        </extensions>
      </trkpt>
      <trkpt lat="51.39856291003525257110595703125" lon="5.45271375216543674468994140625">
        <ele>22.3999996185302734375</ele>
        <time>2026-06-21T15:32:38.000Z</time>
        <extensions>
          <ns3:TrackPointExtension>
            <ns3:hr>187</ns3:hr>
          </ns3:TrackPointExtension>
        </extensions>
      </trkpt>
      <trkpt lat="51.39862443320453166961669921875" lon="5.45287552289664745330810546875">
        <ele>22.3999996185302734375</ele>
        <time>2026-06-21T15:32:48.000Z</time>
        <extensions>
          <ns3:TrackPointExtension>
            <ns3:hr>187</ns3:hr>
          </ns3:TrackPointExtension>
        </extensions>
      </trkpt>
      <trkpt lat="51.39868788421154022216796875" lon="5.45303125865757465362548828125">
        <ele>22</ele>
        <time>2026-06-21T15:32:57.000Z</time>
        <extensions>
          <ns3:TrackPointExtension>
            <ns3:hr>187</ns3:hr>
          </ns3:TrackPointExtension>
        </extensions>
      </trkpt>
      <trkpt lat="51.398755274713039398193359375" lon="5.45319068245589733123779296875">
        <ele>22</ele>
        <time>2026-06-21T15:33:07.000Z</time>
        <extensions>
          <ns3:TrackPointExtension>
            <ns3:hr>188</ns3:hr>
          </ns3:TrackPointExtension>
        </extensions>
      </trkpt>
      <trkpt lat="51.39880045317113399505615234375" lon="5.4533136449754238128662109375">
        <ele>21.799999237060546875</ele>
        <time>2026-06-21T15:33:16.000Z</time>
        <extensions>
          <ns3:TrackPointExtension>
            <ns3:hr>187</ns3:hr>
          </ns3:TrackPointExtension>
        </extensions>
      </trkpt>
      <trkpt lat="51.39883850701153278350830078125" lon="5.4534628428518772125244140625">
        <ele>21.799999237060546875</ele>
        <time>2026-06-21T15:33:25.000Z</time>
        <extensions>
          <ns3:TrackPointExtension>
            <ns3:hr>187</ns3:hr>
          </ns3:TrackPointExtension>
        </extensions>
      </trkpt>
      <trkpt lat="51.39889667741954326629638671875" lon="5.4536019824445247650146484375">
        <ele>21.799999237060546875</ele>
        <time>2026-06-21T15:33:33.000Z</time>
        <extensions>
          <ns3:TrackPointExtension>
            <ns3:hr>187</ns3:hr>
          </ns3:TrackPointExtension>
        </extensions>
      </trkpt>
      <trkpt lat="51.39896540902554988861083984375" lon="5.45378881506621837615966796875">
        <ele>22</ele>
        <time>2026-06-21T15:33:43.000Z</time>
        <extensions>
          <ns3:TrackPointExtension>
            <ns3:hr>188</ns3:hr>
          </ns3:TrackPointExtension>
        </extensions>
      </trkpt>
      <trkpt lat="51.3990058936178684234619140625" lon="5.45387431047856807708740234375">
        <ele>22</ele>
        <time>2026-06-21T15:33:51.000Z</time>
        <extensions>
          <ns3:TrackPointExtension>
            <ns3:hr>188</ns3:hr>
          </ns3:TrackPointExtension>
        </extensions>
      </trkpt>
      <trkpt lat="51.399074457585811614990234375" lon="5.45403272844851016998291015625">
        <ele>22</ele>
        <time>2026-06-21T15:34:01.000Z</time>
        <extensions>
          <ns3:TrackPointExtension>
            <ns3:hr>187</ns3:hr>
          </ns3:TrackPointExtension>
        </extensions>
      </trkpt>
      <trkpt lat="51.399127431213855743408203125" lon="5.45418242923915386199951171875">
        <ele>21.799999237060546875</ele>
        <time>2026-06-21T15:34:10.000Z</time>
        <extensions>
          <ns3:TrackPointExtension>
            <ns3:hr>187</ns3:hr>
          </ns3:TrackPointExtension>
        </extensions>
      </trkpt>
      <trkpt lat="51.399175040423870086669921875" lon="5.45429457910358905792236328125">
        <ele>21.799999237060546875</ele>
        <time>2026-06-21T15:34:18.000Z</time>
        <extensions>
          <ns3:TrackPointExtension>
            <ns3:hr>187</ns3:hr>
          </ns3:TrackPointExtension>
        </extensions>
      </trkpt>
      <trkpt lat="51.39923647977411746978759765625" lon="5.454430617392063140869140625">
        <ele>22</ele>
        <time>2026-06-21T15:34:27.000Z</time>
        <extensions>
          <ns3:TrackPointExtension>
            <ns3:hr>186</ns3:hr>
          </ns3:TrackPointExtension>
        </extensions>
      </trkpt>
      <trkpt lat="51.39927721582353115081787109375" lon="5.45458844862878322601318359375">
        <ele>22</ele>
        <time>2026-06-21T15:34:36.000Z</time>
        <extensions>
          <ns3:TrackPointExtension>
            <ns3:hr>187</ns3:hr>
          </ns3:TrackPointExtension>
        </extensions>
      </trkpt>
      <trkpt lat="51.39933538623154163360595703125" lon="5.454737730324268341064453125">
        <ele>21.799999237060546875</ele>
        <time>2026-06-21T15:34:46.000Z</time>
        <extensions>
          <ns3:TrackPointExtension>
            <ns3:hr>187</ns3:hr>
          </ns3:TrackPointExtension>
        </extensions>
      </trkpt>
      <trkpt lat="51.39938986860215663909912109375" lon="5.4548797197639942169189453125">
        <ele>21.799999237060546875</ele>
        <time>2026-06-21T15:34:55.000Z</time>
        <extensions>
          <ns3:TrackPointExtension>
            <ns3:hr>187</ns3:hr>
          </ns3:TrackPointExtension>
        </extensions>
      </trkpt>
      <trkpt lat="51.39945692382752895355224609375" lon="5.45503805391490459442138671875">
        <ele>21.799999237060546875</ele>
        <time>2026-06-21T15:35:04.000Z</time>
        <extensions>
          <ns3:TrackPointExtension>
            <ns3:hr>187</ns3:hr>
          </ns3:TrackPointExtension>
        </extensions>
      </trkpt>
      <trkpt lat="51.399500258266925811767578125" lon="5.4551569931209087371826171875">
        <ele>21.799999237060546875</ele>
        <time>2026-06-21T15:35:12.000Z</time>
        <extensions>
          <ns3:TrackPointExtension>
            <ns3:hr>187</ns3:hr>
          </ns3:TrackPointExtension>
        </extensions>
      </trkpt>
      <trkpt lat="51.39954753220081329345703125" lon="5.45528330840170383453369140625">
        <ele>21.799999237060546875</ele>
        <time>2026-06-21T15:35:21.000Z</time>
        <extensions>
          <ns3:TrackPointExtension>
            <ns3:hr>187</ns3:hr>
          </ns3:TrackPointExtension>
        </extensions>
      </trkpt>
      <trkpt lat="51.39960528351366519927978515625" lon="5.455445833504199981689453125">
        <ele>21.799999237060546875</ele>
        <time>2026-06-21T15:35:31.000Z</time>
        <extensions>
          <ns3:TrackPointExtension>
            <ns3:hr>186</ns3:hr>
          </ns3:TrackPointExtension>
        </extensions>
      </trkpt>
      <trkpt lat="51.39964736066758632659912109375" lon="5.455616153776645660400390625">
        <ele>21.799999237060546875</ele>
        <time>2026-06-21T15:35:40.000Z</time>
        <extensions>
          <ns3:TrackPointExtension>
            <ns3:hr>187</ns3:hr>
          </ns3:TrackPointExtension>
        </extensions>
      </trkpt>
      <trkpt lat="51.39967284165322780609130859375" lon="5.4557487554848194122314453125">
        <ele>22.200000762939453125</ele>
        <time>2026-06-21T15:35:49.000Z</time>
        <extensions>
          <ns3:TrackPointExtension>
            <ns3:hr>186</ns3:hr>
          </ns3:TrackPointExtension>
        </extensions>
      </trkpt>
      <trkpt lat="51.39971257187426090240478515625" lon="5.4559184052050113677978515625">
        <ele>22</ele>
        <time>2026-06-21T15:35:58.000Z</time>
        <extensions>
          <ns3:TrackPointExtension>
            <ns3:hr>187</ns3:hr>
          </ns3:TrackPointExtension>
        </extensions>
      </trkpt>
      <trkpt lat="51.39976755715906620025634765625" lon="5.45611462555825710296630859375">
        <ele>21.799999237060546875</ele>
        <time>2026-06-21T15:36:09.000Z</time>
        <extensions>
          <ns3:TrackPointExtension>
            <ns3:hr>186</ns3:hr>
          </ns3:TrackPointExtension>
        </extensions>
      </trkpt>
      <trkpt lat="51.39981097541749477386474609375" lon="5.4562744684517383575439453125">
        <ele>21.3999996185302734375</ele>
        <time>2026-06-21T15:36:18.000Z</time>
        <extensions>
          <ns3:TrackPointExtension>
            <ns3:hr>186</ns3:hr>
          </ns3:TrackPointExtension>
        </extensions>
      </trkpt>
      <trkpt lat="51.39985037036240100860595703125" lon="5.45644638128578662872314453125">
        <ele>21.3999996185302734375</ele>
        <time>2026-06-21T15:36:28.000Z</time>
        <extensions>
          <ns3:TrackPointExtension>
            <ns3:hr>186</ns3:hr>
          </ns3:TrackPointExtension>
        </extensions>
      </trkpt>
      <trkpt lat="51.3998896814882755279541015625" lon="5.4566258378326892852783203125">
        <ele>21.3999996185302734375</ele>
        <time>2026-06-21T15:36:39.000Z</time>
        <extensions>
          <ns3:TrackPointExtension>
            <ns3:hr>187</ns3:hr>
          </ns3:TrackPointExtension>
        </extensions>
      </trkpt>
      <trkpt lat="51.3999181799590587615966796875" lon="5.4568296857178211212158203125">
        <ele>21.3999996185302734375</ele>
        <time>2026-06-21T15:36:50.000Z</time>
        <extensions>
          <ns3:TrackPointExtension>
            <ns3:hr>186</ns3:hr>
          </ns3:TrackPointExtension>
        </extensions>
      </trkpt>
      <trkpt lat="51.39999537728726863861083984375" lon="5.45695600099861621856689453125">
        <ele>21</ele>
        <time>2026-06-21T15:37:01.000Z</time>
        <extensions>
          <ns3:TrackPointExtension>
            <ns3:hr>186</ns3:hr>
          </ns3:TrackPointExtension>
        </extensions>
      </trkpt>
      <trkpt lat="51.40009294264018535614013671875" lon="5.45703311450779438018798828125">
        <ele>21</ele>
        <time>2026-06-21T15:37:09.000Z</time>
        <extensions>
          <ns3:TrackPointExtension>
            <ns3:hr>185</ns3:hr>
          </ns3:TrackPointExtension>
        </extensions>
      </trkpt>
      <trkpt lat="51.4001327566802501678466796875" lon="5.4570616967976093292236328125">
        <ele>21</ele>
        <time>2026-06-21T15:37:12.000Z</time>
        <extensions>
          <ns3:TrackPointExtension>
            <ns3:hr>184</ns3:hr>
          </ns3:TrackPointExtension>
        </extensions>
      </trkpt>
      <trkpt lat="51.40023761428892612457275390625" lon="5.45714274980127811431884765625">
        <ele>21</ele>
        <time>2026-06-21T15:37:22.000Z</time>
        <extensions>
          <ns3:TrackPointExtension>
            <ns3:hr>184</ns3:hr>
          </ns3:TrackPointExtension>
        </extensions>
      </trkpt>
      <trkpt lat="51.40034146606922149658203125" lon="5.45719639398157596588134765625">
        <ele>20.799999237060546875</ele>
        <time>2026-06-21T15:37:32.000Z</time>
        <extensions>
          <ns3:TrackPointExtension>
            <ns3:hr>184</ns3:hr>
          </ns3:TrackPointExtension>
        </extensions>
      </trkpt>
      <trkpt lat="51.400417573750019073486328125" lon="5.457265377044677734375">
        <ele>21.200000762939453125</ele>
        <time>2026-06-21T15:37:40.000Z</time>
        <extensions>
          <ns3:TrackPointExtension>
            <ns3:hr>184</ns3:hr>
          </ns3:TrackPointExtension>
        </extensions>
      </trkpt>
      <trkpt lat="51.4005146361887454986572265625" lon="5.457366295158863067626953125">
        <ele>20.799999237060546875</ele>
        <time>2026-06-21T15:37:50.000Z</time>
        <extensions>
          <ns3:TrackPointExtension>
            <ns3:hr>185</ns3:hr>
          </ns3:TrackPointExtension>
        </extensions>
      </trkpt>
      <trkpt lat="51.400620751082897186279296875" lon="5.45743259601294994354248046875">
        <ele>20.799999237060546875</ele>
        <time>2026-06-21T15:37:59.000Z</time>
        <extensions>
          <ns3:TrackPointExtension>
            <ns3:hr>184</ns3:hr>
          </ns3:TrackPointExtension>
        </extensions>
      </trkpt>
      <trkpt lat="51.40069342218339443206787109375" lon="5.4575042612850666046142578125">
        <ele>20.6000003814697265625</ele>
        <time>2026-06-21T15:38:06.000Z</time>
        <extensions>
          <ns3:TrackPointExtension>
            <ns3:hr>185</ns3:hr>
          </ns3:TrackPointExtension>
        </extensions>
      </trkpt>
      <trkpt lat="51.40079316683113574981689453125" lon="5.4575709812343120574951171875">
        <ele>20.3999996185302734375</ele>
        <time>2026-06-21T15:38:16.000Z</time>
        <extensions>
          <ns3:TrackPointExtension>
            <ns3:hr>185</ns3:hr>
          </ns3:TrackPointExtension>
        </extensions>
      </trkpt>
      <trkpt lat="51.400889642536640167236328125" lon="5.45761213637888431549072265625">
        <ele>20.3999996185302734375</ele>
        <time>2026-06-21T15:38:24.000Z</time>
        <extensions>
          <ns3:TrackPointExtension>
            <ns3:hr>186</ns3:hr>
          </ns3:TrackPointExtension>
        </extensions>
      </trkpt>
      <trkpt lat="51.40098745934665203094482421875" lon="5.45771070756018161773681640625">
        <ele>20.3999996185302734375</ele>
        <time>2026-06-21T15:38:33.000Z</time>
        <extensions>
          <ns3:TrackPointExtension>
            <ns3:hr>186</ns3:hr>
          </ns3:TrackPointExtension>
        </extensions>
      </trkpt>
      <trkpt lat="51.40107044018805027008056640625" lon="5.457788743078708648681640625">
        <ele>20.6000003814697265625</ele>
        <time>2026-06-21T15:38:42.000Z</time>
        <extensions>
          <ns3:TrackPointExtension>
            <ns3:hr>186</ns3:hr>
          </ns3:TrackPointExtension>
        </extensions>
      </trkpt>
      <trkpt lat="51.40117454342544078826904296875" lon="5.45786082744598388671875">
        <ele>20.3999996185302734375</ele>
        <time>2026-06-21T15:38:51.000Z</time>
        <extensions>
          <ns3:TrackPointExtension>
            <ns3:hr>185</ns3:hr>
          </ns3:TrackPointExtension>
        </extensions>
      </trkpt>
      <trkpt lat="51.40120957978069782257080078125" lon="5.4578727297484874725341796875">
        <ele>20.200000762939453125</ele>
        <time>2026-06-21T15:38:54.000Z</time>
        <extensions>
          <ns3:TrackPointExtension>
            <ns3:hr>188</ns3:hr>
          </ns3:TrackPointExtension>
        </extensions>
      </trkpt>
      <trkpt lat="51.40127613209187984466552734375" lon="5.4579203389585018157958984375">
        <ele>20.6000003814697265625</ele>
        <time>2026-06-21T15:39:01.000Z</time>
        <extensions>
          <ns3:TrackPointExtension>
            <ns3:hr>186</ns3:hr>
          </ns3:TrackPointExtension>
        </extensions>
      </trkpt>
      <trkpt lat="51.401373445987701416015625" lon="5.4579967819154262542724609375">
        <ele>20.6000003814697265625</ele>
        <time>2026-06-21T15:39:10.000Z</time>
        <extensions>
          <ns3:TrackPointExtension>
            <ns3:hr>185</ns3:hr>
          </ns3:TrackPointExtension>
        </extensions>
      </trkpt>
      <trkpt lat="51.40146665275096893310546875" lon="5.458079762756824493408203125">
        <ele>20.3999996185302734375</ele>
        <time>2026-06-21T15:39:19.000Z</time>
        <extensions>
          <ns3:TrackPointExtension>
            <ns3:hr>188</ns3:hr>
          </ns3:TrackPointExtension>
        </extensions>
      </trkpt>
      <trkpt lat="51.40156379900872707366943359375" lon="5.45815997757017612457275390625">
        <ele>20.200000762939453125</ele>
        <time>2026-06-21T15:39:28.000Z</time>
        <extensions>
          <ns3:TrackPointExtension>
            <ns3:hr>186</ns3:hr>
          </ns3:TrackPointExtension>
        </extensions>
      </trkpt>
      <trkpt lat="51.40163303352892398834228515625" lon="5.45821194536983966827392578125">
        <ele>20.799999237060546875</ele>
        <time>2026-06-21T15:39:35.000Z</time>
        <extensions>
          <ns3:TrackPointExtension>
            <ns3:hr>185</ns3:hr>
          </ns3:TrackPointExtension>
        </extensions>
      </trkpt>
      <trkpt lat="51.4017226360738277435302734375" lon="5.45828000642359256744384765625">
        <ele>20.799999237060546875</ele>
        <time>2026-06-21T15:39:44.000Z</time>
        <extensions>
          <ns3:TrackPointExtension>
            <ns3:hr>185</ns3:hr>
          </ns3:TrackPointExtension>
        </extensions>
      </trkpt>
      <trkpt lat="51.40184844844043254852294921875" lon="5.4583702795207500457763671875">
        <ele>20.200000762939453125</ele>
        <time>2026-06-21T15:39:53.000Z</time>
        <extensions>
          <ns3:TrackPointExtension>
            <ns3:hr>187</ns3:hr>
          </ns3:TrackPointExtension>
        </extensions>
      </trkpt>
      <trkpt lat="51.40192975290119647979736328125" lon="5.45842920430004596710205078125">
        <ele>20.200000762939453125</ele>
        <time>2026-06-21T15:40:02.000Z</time>
        <extensions>
          <ns3:TrackPointExtension>
            <ns3:hr>186</ns3:hr>
          </ns3:TrackPointExtension>
        </extensions>
      </trkpt>
      <trkpt lat="51.4020123146474361419677734375" lon="5.45849676243960857391357421875">
        <ele>20.3999996185302734375</ele>
        <time>2026-06-21T15:40:10.000Z</time>
        <extensions>
          <ns3:TrackPointExtension>
            <ns3:hr>186</ns3:hr>
          </ns3:TrackPointExtension>
        </extensions>
      </trkpt>
      <trkpt lat="51.40213393606245517730712890625" lon="5.4585731215775012969970703125">
        <ele>20.6000003814697265625</ele>
        <time>2026-06-21T15:40:22.000Z</time>
        <extensions>
          <ns3:TrackPointExtension>
            <ns3:hr>185</ns3:hr>
          </ns3:TrackPointExtension>
        </extensions>
      </trkpt>
      <trkpt lat="51.40224491246044635772705078125" lon="5.45864445157349109649658203125">
        <ele>20.6000003814697265625</ele>
        <time>2026-06-21T15:40:32.000Z</time>
        <extensions>
          <ns3:TrackPointExtension>
            <ns3:hr>185</ns3:hr>
          </ns3:TrackPointExtension>
        </extensions>
      </trkpt>
      <trkpt lat="51.40231682918965816497802734375" lon="5.45871913433074951171875">
        <ele>20.3999996185302734375</ele>
        <time>2026-06-21T15:40:41.000Z</time>
        <extensions>
          <ns3:TrackPointExtension>
            <ns3:hr>185</ns3:hr>
          </ns3:TrackPointExtension>
        </extensions>
      </trkpt>
      <trkpt lat="51.40235756523907184600830078125" lon="5.45875509269535541534423828125">
        <ele>20</ele>
        <time>2026-06-21T15:40:45.000Z</time>
        <extensions>
          <ns3:TrackPointExtension>
            <ns3:hr>185</ns3:hr>
          </ns3:TrackPointExtension>
        </extensions>
      </trkpt>
      <trkpt lat="51.40239545144140720367431640625" lon="5.45878350734710693359375">
        <ele>19.799999237060546875</ele>
        <time>2026-06-21T15:40:49.000Z</time>
        <extensions>
          <ns3:TrackPointExtension>
            <ns3:hr>185</ns3:hr>
          </ns3:TrackPointExtension>
        </extensions>
      </trkpt>
      <trkpt lat="51.40250944532454013824462890625" lon="5.4588651470839977264404296875">
        <ele>20</ele>
        <time>2026-06-21T15:40:59.000Z</time>
        <extensions>
          <ns3:TrackPointExtension>
            <ns3:hr>185</ns3:hr>
          </ns3:TrackPointExtension>
        </extensions>
      </trkpt>
      <trkpt lat="51.40262058936059474945068359375" lon="5.45894569717347621917724609375">
        <ele>19.799999237060546875</ele>
        <time>2026-06-21T15:41:10.000Z</time>
        <extensions>
          <ns3:TrackPointExtension>
            <ns3:hr>186</ns3:hr>
          </ns3:TrackPointExtension>
        </extensions>
      </trkpt>
      <trkpt lat="51.40270792879164218902587890625" lon="5.45901945792138576507568359375">
        <ele>20.6000003814697265625</ele>
        <time>2026-06-21T15:41:19.000Z</time>
        <extensions>
          <ns3:TrackPointExtension>
            <ns3:hr>186</ns3:hr>
          </ns3:TrackPointExtension>
        </extensions>
      </trkpt>
      <trkpt lat="51.4027673564851284027099609375" lon="5.45907427556812763214111328125">
        <ele>20</ele>
        <time>2026-06-21T15:41:24.000Z</time>
        <extensions>
          <ns3:TrackPointExtension>
            <ns3:hr>183</ns3:hr>
          </ns3:TrackPointExtension>
        </extensions>
      </trkpt>
      <trkpt lat="51.40278361737728118896484375" lon="5.45908802188932895660400390625">
        <ele>19.799999237060546875</ele>
        <time>2026-06-21T15:41:25.000Z</time>
        <extensions>
          <ns3:TrackPointExtension>
            <ns3:hr>184</ns3:hr>
          </ns3:TrackPointExtension>
        </extensions>
      </trkpt>
      <trkpt lat="51.40287338756024837493896484375" lon="5.45914133079349994659423828125">
        <ele>19.799999237060546875</ele>
        <time>2026-06-21T15:41:33.000Z</time>
        <extensions>
          <ns3:TrackPointExtension>
            <ns3:hr>186</ns3:hr>
          </ns3:TrackPointExtension>
        </extensions>
      </trkpt>
      <trkpt lat="51.402983777225017547607421875" lon="5.45921676792204380035400390625">
        <ele>20.200000762939453125</ele>
        <time>2026-06-21T15:41:44.000Z</time>
        <extensions>
          <ns3:TrackPointExtension>
            <ns3:hr>186</ns3:hr>
          </ns3:TrackPointExtension>
        </extensions>
      </trkpt>
      <trkpt lat="51.40306650660932064056396484375" lon="5.4593077115714550018310546875">
        <ele>20</ele>
        <time>2026-06-21T15:41:52.000Z</time>
        <extensions>
          <ns3:TrackPointExtension>
            <ns3:hr>184</ns3:hr>
          </ns3:TrackPointExtension>
        </extensions>
      </trkpt>
      <trkpt lat="51.403140686452388763427734375" lon="5.4593347012996673583984375">
        <ele>20</ele>
        <time>2026-06-21T15:42:00.000Z</time>
        <extensions>
          <ns3:TrackPointExtension>
            <ns3:hr>185</ns3:hr>
          </ns3:TrackPointExtension>
        </extensions>
      </trkpt>
      <trkpt lat="51.40322559513151645660400390625" lon="5.45943000353872776031494140625">
        <ele>19.799999237060546875</ele>
        <time>2026-06-21T15:42:09.000Z</time>
        <extensions>
          <ns3:TrackPointExtension>
            <ns3:hr>186</ns3:hr>
          </ns3:TrackPointExtension>
        </extensions>
      </trkpt>
      <trkpt lat="51.40331209637224674224853515625" lon="5.45948096551001071929931640625">
        <ele>19.799999237060546875</ele>
        <time>2026-06-21T15:42:17.000Z</time>
        <extensions>
          <ns3:TrackPointExtension>
            <ns3:hr>185</ns3:hr>
          </ns3:TrackPointExtension>
        </extensions>
      </trkpt>
      <trkpt lat="51.4034120924770832061767578125" lon="5.45954466797411441802978515625">
        <ele>19.799999237060546875</ele>
        <time>2026-06-21T15:42:27.000Z</time>
        <extensions>
          <ns3:TrackPointExtension>
            <ns3:hr>186</ns3:hr>
          </ns3:TrackPointExtension>
        </extensions>
      </trkpt>
      <trkpt lat="51.403494738042354583740234375" lon="5.45961507596075534820556640625">
        <ele>19.799999237060546875</ele>
        <time>2026-06-21T15:42:35.000Z</time>
        <extensions>
          <ns3:TrackPointExtension>
            <ns3:hr>185</ns3:hr>
          </ns3:TrackPointExtension>
        </extensions>
      </trkpt>
      <trkpt lat="51.40361401252448558807373046875" lon="5.4596899263560771942138671875">
        <ele>19.6000003814697265625</ele>
        <time>2026-06-21T15:42:46.000Z</time>
        <extensions>
          <ns3:TrackPointExtension>
            <ns3:hr>184</ns3:hr>
          </ns3:TrackPointExtension>
        </extensions>
      </trkpt>
      <trkpt lat="51.4037265814840793609619140625" lon="5.4597879946231842041015625">
        <ele>19.6000003814697265625</ele>
        <time>2026-06-21T15:42:56.000Z</time>
        <extensions>
          <ns3:TrackPointExtension>
            <ns3:hr>185</ns3:hr>
          </ns3:TrackPointExtension>
        </extensions>
      </trkpt>
      <trkpt lat="51.403848119080066680908203125" lon="5.45988447032868862152099609375">
        <ele>19.3999996185302734375</ele>
        <time>2026-06-21T15:43:07.000Z</time>
        <extensions>
          <ns3:TrackPointExtension>
            <ns3:hr>185</ns3:hr>
          </ns3:TrackPointExtension>
        </extensions>
      </trkpt>
      <trkpt lat="51.40393772162497043609619140625" lon="5.4599578119814395904541015625">
        <ele>19.3999996185302734375</ele>
        <time>2026-06-21T15:43:16.000Z</time>
        <extensions>
          <ns3:TrackPointExtension>
            <ns3:hr>185</ns3:hr>
          </ns3:TrackPointExtension>
        </extensions>
      </trkpt>
      <trkpt lat="51.40406160615384578704833984375" lon="5.46004439704120159149169921875">
        <ele>19.3999996185302734375</ele>
        <time>2026-06-21T15:43:27.000Z</time>
        <extensions>
          <ns3:TrackPointExtension>
            <ns3:hr>184</ns3:hr>
          </ns3:TrackPointExtension>
        </extensions>
      </trkpt>
      <trkpt lat="51.40415179543197154998779296875" lon="5.46011849306523799896240234375">
        <ele>19</ele>
        <time>2026-06-21T15:43:36.000Z</time>
        <extensions>
          <ns3:TrackPointExtension>
            <ns3:hr>184</ns3:hr>
          </ns3:TrackPointExtension>
        </extensions>
      </trkpt>
      <trkpt lat="51.4042613469064235687255859375" lon="5.46021035872399806976318359375">
        <ele>19.3999996185302734375</ele>
        <time>2026-06-21T15:43:45.000Z</time>
        <extensions>
          <ns3:TrackPointExtension>
            <ns3:hr>184</ns3:hr>
          </ns3:TrackPointExtension>
        </extensions>
      </trkpt>
      <trkpt lat="51.40435866080224514007568359375" lon="5.4602833651006221771240234375">
        <ele>19.3999996185302734375</ele>
        <time>2026-06-21T15:43:55.000Z</time>
        <extensions>
          <ns3:TrackPointExtension>
            <ns3:hr>185</ns3:hr>
          </ns3:TrackPointExtension>
        </extensions>
      </trkpt>
      <trkpt lat="51.4044665358960628509521484375" lon="5.460376404225826263427734375">
        <ele>19.799999237060546875</ele>
        <time>2026-06-21T15:44:05.000Z</time>
        <extensions>
          <ns3:TrackPointExtension>
            <ns3:hr>186</ns3:hr>
          </ns3:TrackPointExtension>
        </extensions>
      </trkpt>
      <trkpt lat="51.40455680899322032928466796875" lon="5.460443794727325439453125">
        <ele>20.200000762939453125</ele>
        <time>2026-06-21T15:44:15.000Z</time>
        <extensions>
          <ns3:TrackPointExtension>
            <ns3:hr>185</ns3:hr>
          </ns3:TrackPointExtension>
        </extensions>
      </trkpt>
      <trkpt lat="51.4046807773411273956298828125" lon="5.4605147056281566619873046875">
        <ele>19.3999996185302734375</ele>
        <time>2026-06-21T15:44:26.000Z</time>
        <extensions>
          <ns3:TrackPointExtension>
            <ns3:hr>185</ns3:hr>
          </ns3:TrackPointExtension>
        </extensions>
      </trkpt>
      <trkpt lat="51.40476518310606479644775390625" lon="5.4605733789503574371337890625">
        <ele>20</ele>
        <time>2026-06-21T15:44:33.000Z</time>
        <extensions>
          <ns3:TrackPointExtension>
            <ns3:hr>185</ns3:hr>
          </ns3:TrackPointExtension>
        </extensions>
      </trkpt>
      <trkpt lat="51.40489409677684307098388671875" lon="5.4606920666992664337158203125">
        <ele>19.6000003814697265625</ele>
        <time>2026-06-21T15:44:46.000Z</time>
        <extensions>
          <ns3:TrackPointExtension>
            <ns3:hr>185</ns3:hr>
          </ns3:TrackPointExtension>
        </extensions>
      </trkpt>
      <trkpt lat="51.4049996249377727508544921875" lon="5.46077362261712551116943359375">
        <ele>19.6000003814697265625</ele>
        <time>2026-06-21T15:44:56.000Z</time>
        <extensions>
          <ns3:TrackPointExtension>
            <ns3:hr>186</ns3:hr>
          </ns3:TrackPointExtension>
        </extensions>
      </trkpt>
      <trkpt lat="51.40507548116147518157958984375" lon="5.46089063398540019989013671875">
        <ele>19.799999237060546875</ele>
        <time>2026-06-21T15:45:04.000Z</time>
        <extensions>
          <ns3:TrackPointExtension>
            <ns3:hr>186</ns3:hr>
          </ns3:TrackPointExtension>
        </extensions>
      </trkpt>
      <trkpt lat="51.40509241260588169097900390625" lon="5.4609907977283000946044921875">
        <ele>19.799999237060546875</ele>
        <time>2026-06-21T15:45:09.000Z</time>
        <extensions>
          <ns3:TrackPointExtension>
            <ns3:hr>185</ns3:hr>
          </ns3:TrackPointExtension>
        </extensions>
      </trkpt>
      <trkpt lat="51.4050941728055477142333984375" lon="5.46104972250759601593017578125">
        <ele>19.799999237060546875</ele>
        <time>2026-06-21T15:45:12.000Z</time>
        <extensions>
          <ns3:TrackPointExtension>
            <ns3:hr>186</ns3:hr>
          </ns3:TrackPointExtension>
        </extensions>
      </trkpt>
      <trkpt lat="51.405091993510723114013671875" lon="5.46121467836201190948486328125">
        <ele>19.799999237060546875</ele>
        <time>2026-06-21T15:45:21.000Z</time>
        <extensions>
          <ns3:TrackPointExtension>
            <ns3:hr>185</ns3:hr>
          </ns3:TrackPointExtension>
        </extensions>
      </trkpt>
      <trkpt lat="51.40507698990404605865478515625" lon="5.46134158037602901458740234375">
        <ele>19.3999996185302734375</ele>
        <time>2026-06-21T15:45:28.000Z</time>
        <extensions>
          <ns3:TrackPointExtension>
            <ns3:hr>186</ns3:hr>
          </ns3:TrackPointExtension>
        </extensions>
      </trkpt>
      <trkpt lat="51.40508604235947132110595703125" lon="5.46152128838002681732177734375">
        <ele>19</ele>
        <time>2026-06-21T15:45:38.000Z</time>
        <extensions>
          <ns3:TrackPointExtension>
            <ns3:hr>185</ns3:hr>
          </ns3:TrackPointExtension>
        </extensions>
      </trkpt>
      <trkpt lat="51.40507414005696773529052734375" lon="5.461685322225093841552734375">
        <ele>18.799999237060546875</ele>
        <time>2026-06-21T15:45:47.000Z</time>
        <extensions>
          <ns3:TrackPointExtension>
            <ns3:hr>186</ns3:hr>
          </ns3:TrackPointExtension>
        </extensions>
      </trkpt>
      <trkpt lat="51.405070535838603973388671875" lon="5.46186930499970912933349609375">
        <ele>18.799999237060546875</ele>
        <time>2026-06-21T15:45:57.000Z</time>
        <extensions>
          <ns3:TrackPointExtension>
            <ns3:hr>185</ns3:hr>
          </ns3:TrackPointExtension>
        </extensions>
      </trkpt>
      <trkpt lat="51.40505553223192691802978515625" lon="5.46199855394661426544189453125">
        <ele>18.200000762939453125</ele>
        <time>2026-06-21T15:46:04.000Z</time>
        <extensions>
          <ns3:TrackPointExtension>
            <ns3:hr>185</ns3:hr>
          </ns3:TrackPointExtension>
        </extensions>
      </trkpt>
      <trkpt lat="51.40504647977650165557861328125" lon="5.462072230875492095947265625">
        <ele>18.3999996185302734375</ele>
        <time>2026-06-21T15:46:11.000Z</time>
        <extensions>
          <ns3:TrackPointExtension>
            <ns3:hr>185</ns3:hr>
          </ns3:TrackPointExtension>
        </extensions>
      </trkpt>
      <trkpt lat="51.4050475694239139556884765625" lon="5.4620854742825031280517578125">
        <ele>18.6000003814697265625</ele>
        <time>2026-06-21T15:46:22.000Z</time>
        <extensions>
          <ns3:TrackPointExtension>
            <ns3:hr>185</ns3:hr>
          </ns3:TrackPointExtension>
        </extensions>
      </trkpt>
      <trkpt lat="51.40503742732107639312744140625" lon="5.46221246011555194854736328125">
        <ele>18.3999996185302734375</ele>
        <time>2026-06-21T15:46:29.000Z</time>
        <extensions>
          <ns3:TrackPointExtension>
            <ns3:hr>185</ns3:hr>
          </ns3:TrackPointExtension>
        </extensions>
      </trkpt>
      <trkpt lat="51.40505368821322917938232421875" lon="5.46234707348048686981201171875">
        <ele>18.799999237060546875</ele>
        <time>2026-06-21T15:46:38.000Z</time>
        <extensions>
          <ns3:TrackPointExtension>
            <ns3:hr>186</ns3:hr>
          </ns3:TrackPointExtension>
        </extensions>
      </trkpt>
      <trkpt lat="51.4050619862973690032958984375" lon="5.46237565577030181884765625">
        <ele>19</ele>
        <time>2026-06-21T15:46:45.000Z</time>
        <extensions>
          <ns3:TrackPointExtension>
            <ns3:hr>186</ns3:hr>
          </ns3:TrackPointExtension>
        </extensions>
      </trkpt>
      <trkpt lat="51.40507288277149200439453125" lon="5.462385714054107666015625">
        <ele>19</ele>
        <time>2026-06-21T15:46:56.000Z</time>
        <extensions>
          <ns3:TrackPointExtension>
            <ns3:hr>185</ns3:hr>
          </ns3:TrackPointExtension>
        </extensions>
      </trkpt>
      <trkpt lat="51.4050770737230777740478515625" lon="5.462394095957279205322265625">
        <ele>19</ele>
        <time>2026-06-21T15:47:05.000Z</time>
        <extensions>
          <ns3:TrackPointExtension>
            <ns3:hr>188</ns3:hr>
          </ns3:TrackPointExtension>
        </extensions>
      </trkpt>
      <trkpt lat="51.4050800912082195281982421875" lon="5.4624058306217193603515625">
        <ele>19.200000762939453125</ele>
        <time>2026-06-21T15:47:07.000Z</time>
        <extensions>
          <ns3:TrackPointExtension>
            <ns3:hr>188</ns3:hr>
          </ns3:TrackPointExtension>
        </extensions>
      </trkpt>
      <trkpt lat="51.40507967211306095123291015625" lon="5.4624244384467601776123046875">
        <ele>19.6000003814697265625</ele>
        <time>2026-06-21T15:47:17.000Z</time>
        <extensions>
          <ns3:TrackPointExtension>
            <ns3:hr>188</ns3:hr>
          </ns3:TrackPointExtension>
        </extensions>
      </trkpt>
      <trkpt lat="51.40508285723626613616943359375" lon="5.4624143801629543304443359375">
        <ele>19</ele>
        <time>2026-06-21T15:47:26.000Z</time>
        <extensions>
          <ns3:TrackPointExtension>
            <ns3:hr>188</ns3:hr>
          </ns3:TrackPointExtension>
        </extensions>
      </trkpt>
      <trkpt lat="51.40508570708334445953369140625" lon="5.46240574680268764495849609375">
        <ele>19.200000762939453125</ele>
        <time>2026-06-21T15:47:31.000Z</time>
        <extensions>
          <ns3:TrackPointExtension>
            <ns3:hr>185</ns3:hr>
          </ns3:TrackPointExtension>
        </extensions>
      </trkpt>
      <trkpt lat="51.40508520416915416717529296875" lon="5.4623902402818202972412109375">
        <ele>19</ele>
        <time>2026-06-21T15:47:35.000Z</time>
        <extensions>
          <ns3:TrackPointExtension>
            <ns3:hr>186</ns3:hr>
          </ns3:TrackPointExtension>
        </extensions>
      </trkpt>
      <trkpt lat="51.4050827734172344207763671875" lon="5.46236501075327396392822265625">
        <ele>19.3999996185302734375</ele>
        <time>2026-06-21T15:47:41.000Z</time>
        <extensions>
          <ns3:TrackPointExtension>
            <ns3:hr>186</ns3:hr>
          </ns3:TrackPointExtension>
        </extensions>
      </trkpt>
      <trkpt lat="51.4050904847681522369384765625" lon="5.46236920170485973358154296875">
        <ele>19</ele>
        <time>2026-06-21T15:47:49.000Z</time>
        <extensions>
          <ns3:TrackPointExtension>
            <ns3:hr>187</ns3:hr>
          </ns3:TrackPointExtension>
        </extensions>
      </trkpt>
      <trkpt lat="51.40508889220654964447021484375" lon="5.46237808652222156524658203125">
        <ele>19</ele>
        <time>2026-06-21T15:47:57.000Z</time>
        <extensions>
          <ns3:TrackPointExtension>
            <ns3:hr>188</ns3:hr>
          </ns3:TrackPointExtension>
        </extensions>
      </trkpt>
      <trkpt lat="51.4051163010299205780029296875" lon="5.462304241955280303955078125">
        <ele>19.200000762939453125</ele>
        <time>2026-06-21T15:48:05.000Z</time>
        <extensions>
          <ns3:TrackPointExtension>
            <ns3:hr>189</ns3:hr>
          </ns3:TrackPointExtension>
        </extensions>
      </trkpt>
      <trkpt lat="51.40521126799285411834716796875" lon="5.46227968297898769378662109375">
        <ele>19</ele>
        <time>2026-06-21T15:48:14.000Z</time>
        <extensions>
          <ns3:TrackPointExtension>
            <ns3:hr>188</ns3:hr>
          </ns3:TrackPointExtension>
        </extensions>
      </trkpt>
      <trkpt lat="51.4052701927721500396728515625" lon="5.4622407071292400360107421875">
        <ele>18.799999237060546875</ele>
        <time>2026-06-21T15:48:20.000Z</time>
        <extensions>
          <ns3:TrackPointExtension>
            <ns3:hr>185</ns3:hr>
          </ns3:TrackPointExtension>
        </extensions>
      </trkpt>
      <trkpt lat="51.4053124375641345977783203125" lon="5.46224850229918956756591796875">
        <ele>18.6000003814697265625</ele>
        <time>2026-06-21T15:48:25.000Z</time>
        <extensions>
          <ns3:TrackPointExtension>
            <ns3:hr>182</ns3:hr>
          </ns3:TrackPointExtension>
        </extensions>
      </trkpt>
      <trkpt lat="51.40532392077147960662841796875" lon="5.46224766410887241363525390625">
        <ele>17.799999237060546875</ele>
        <time>2026-06-21T15:48:29.000Z</time>
        <extensions>
          <ns3:TrackPointExtension>
            <ns3:hr>181</ns3:hr>
          </ns3:TrackPointExtension>
        </extensions>
      </trkpt>
      <trkpt lat="51.40540547668933868408203125" lon="5.46223844401538372039794921875">
        <ele>18</ele>
        <time>2026-06-21T15:48:34.000Z</time>
        <extensions>
          <ns3:TrackPointExtension>
            <ns3:hr>181</ns3:hr>
          </ns3:TrackPointExtension>
        </extensions>
      </trkpt>
      <trkpt lat="51.40550916083157062530517578125" lon="5.46223483979701995849609375">
        <ele>17.799999237060546875</ele>
        <time>2026-06-21T15:48:43.000Z</time>
        <extensions>
          <ns3:TrackPointExtension>
            <ns3:hr>180</ns3:hr>
          </ns3:TrackPointExtension>
        </extensions>
      </trkpt>
      <trkpt lat="51.4056260883808135986328125" lon="5.46223274432122707366943359375">
        <ele>17.799999237060546875</ele>
        <time>2026-06-21T15:48:53.000Z</time>
        <extensions>
          <ns3:TrackPointExtension>
            <ns3:hr>181</ns3:hr>
          </ns3:TrackPointExtension>
        </extensions>
      </trkpt>
      <trkpt lat="51.4057717658579349517822265625" lon="5.4622547887265682220458984375">
        <ele>18</ele>
        <time>2026-06-21T15:49:05.000Z</time>
        <extensions>
          <ns3:TrackPointExtension>
            <ns3:hr>181</ns3:hr>
          </ns3:TrackPointExtension>
        </extensions>
      </trkpt>
      <trkpt lat="51.40577721409499645233154296875" lon="5.4622276313602924346923828125">
        <ele>17.799999237060546875</ele>
        <time>2026-06-21T15:49:06.000Z</time>
        <extensions>
          <ns3:TrackPointExtension>
            <ns3:hr>181</ns3:hr>
          </ns3:TrackPointExtension>
        </extensions>
      </trkpt>
      <trkpt lat="51.40586706809699535369873046875" lon="5.46229175291955471038818359375">
        <ele>17.799999237060546875</ele>
        <time>2026-06-21T15:49:12.000Z</time>
        <extensions>
          <ns3:TrackPointExtension>
            <ns3:hr>182</ns3:hr>
          </ns3:TrackPointExtension>
        </extensions>
      </trkpt>
      <trkpt lat="51.405932195484638214111328125" lon="5.4622909985482692718505859375">
        <ele>18</ele>
        <time>2026-06-21T15:49:19.000Z</time>
        <extensions>
          <ns3:TrackPointExtension>
            <ns3:hr>183</ns3:hr>
          </ns3:TrackPointExtension>
        </extensions>
      </trkpt>
      <trkpt lat="51.40600067563354969024658203125" lon="5.46230315230786800384521484375">
        <ele>18</ele>
        <time>2026-06-21T15:49:25.000Z</time>
        <extensions>
          <ns3:TrackPointExtension>
            <ns3:hr>183</ns3:hr>
          </ns3:TrackPointExtension>
        </extensions>
      </trkpt>
      <trkpt lat="51.406046189367771148681640625" lon="5.4623620770871639251708984375">
        <ele>17.799999237060546875</ele>
        <time>2026-06-21T15:49:31.000Z</time>
        <extensions>
          <ns3:TrackPointExtension>
            <ns3:hr>183</ns3:hr>
          </ns3:TrackPointExtension>
        </extensions>
      </trkpt>
      <trkpt lat="51.406127996742725372314453125" lon="5.4623945988714694976806640625">
        <ele>17.799999237060546875</ele>
        <time>2026-06-21T15:49:38.000Z</time>
        <extensions>
          <ns3:TrackPointExtension>
            <ns3:hr>182</ns3:hr>
          </ns3:TrackPointExtension>
        </extensions>
      </trkpt>
      <trkpt lat="51.4062377996742725372314453125" lon="5.46247414313256740570068359375">
        <ele>17.6000003814697265625</ele>
        <time>2026-06-21T15:49:49.000Z</time>
        <extensions>
          <ns3:TrackPointExtension>
            <ns3:hr>182</ns3:hr>
          </ns3:TrackPointExtension>
        </extensions>
      </trkpt>
      <trkpt lat="51.406333185732364654541015625" lon="5.46250448562204837799072265625">
        <ele>17.6000003814697265625</ele>
        <time>2026-06-21T15:49:58.000Z</time>
        <extensions>
          <ns3:TrackPointExtension>
            <ns3:hr>182</ns3:hr>
          </ns3:TrackPointExtension>
        </extensions>
      </trkpt>
      <trkpt lat="51.4064664579927921295166015625" lon="5.4625293798744678497314453125">
        <ele>17.799999237060546875</ele>
        <time>2026-06-21T15:50:09.000Z</time>
        <extensions>
          <ns3:TrackPointExtension>
            <ns3:hr>183</ns3:hr>
          </ns3:TrackPointExtension>
        </extensions>
      </trkpt>
      <trkpt lat="51.4065375365316867828369140625" lon="5.4625437967479228973388671875">
        <ele>17.799999237060546875</ele>
        <time>2026-06-21T15:50:16.000Z</time>
        <extensions>
          <ns3:TrackPointExtension>
            <ns3:hr>183</ns3:hr>
          </ns3:TrackPointExtension>
        </extensions>
      </trkpt>
      <trkpt lat="51.406628899276256561279296875" lon="5.46256466768682003021240234375">
        <ele>17.799999237060546875</ele>
        <time>2026-06-21T15:50:23.000Z</time>
        <extensions>
          <ns3:TrackPointExtension>
            <ns3:hr>184</ns3:hr>
          </ns3:TrackPointExtension>
        </extensions>
      </trkpt>
      <trkpt lat="51.4067212678492069244384765625" lon="5.46258746646344661712646484375">
        <ele>17.799999237060546875</ele>
        <time>2026-06-21T15:50:32.000Z</time>
        <extensions>
          <ns3:TrackPointExtension>
            <ns3:hr>185</ns3:hr>
          </ns3:TrackPointExtension>
        </extensions>
      </trkpt>
      <trkpt lat="51.40684221871197223663330078125" lon="5.46260255388915538787841796875">
        <ele>17.799999237060546875</ele>
        <time>2026-06-21T15:50:43.000Z</time>
        <extensions>
          <ns3:TrackPointExtension>
            <ns3:hr>184</ns3:hr>
          </ns3:TrackPointExtension>
        </extensions>
      </trkpt>
      <trkpt lat="51.40695319510996341705322265625" lon="5.46263993717730045318603515625">
        <ele>17.799999237060546875</ele>
        <time>2026-06-21T15:50:53.000Z</time>
        <extensions>
          <ns3:TrackPointExtension>
            <ns3:hr>185</ns3:hr>
          </ns3:TrackPointExtension>
        </extensions>
      </trkpt>
      <trkpt lat="51.40707959420979022979736328125" lon="5.46264630742371082305908203125">
        <ele>17.799999237060546875</ele>
        <time>2026-06-21T15:51:04.000Z</time>
        <extensions>
          <ns3:TrackPointExtension>
            <ns3:hr>185</ns3:hr>
          </ns3:TrackPointExtension>
        </extensions>
      </trkpt>
      <trkpt lat="51.4071643352508544921875" lon="5.46265653334558010101318359375">
        <ele>17.6000003814697265625</ele>
        <time>2026-06-21T15:51:12.000Z</time>
        <extensions>
          <ns3:TrackPointExtension>
            <ns3:hr>184</ns3:hr>
          </ns3:TrackPointExtension>
        </extensions>
      </trkpt>
      <trkpt lat="51.40723180957138538360595703125" lon="5.46267606317996978759765625">
        <ele>17.6000003814697265625</ele>
        <time>2026-06-21T15:51:18.000Z</time>
        <extensions>
          <ns3:TrackPointExtension>
            <ns3:hr>184</ns3:hr>
          </ns3:TrackPointExtension>
        </extensions>
      </trkpt>
      <trkpt lat="51.4073475636541843414306640625" lon="5.4626960121095180511474609375">
        <ele>17.6000003814697265625</ele>
        <time>2026-06-21T15:51:28.000Z</time>
        <extensions>
          <ns3:TrackPointExtension>
            <ns3:hr>185</ns3:hr>
          </ns3:TrackPointExtension>
        </extensions>
      </trkpt>
      <trkpt lat="51.40745644457638263702392578125" lon="5.46271973289549350738525390625">
        <ele>17.6000003814697265625</ele>
        <time>2026-06-21T15:51:38.000Z</time>
        <extensions>
          <ns3:TrackPointExtension>
            <ns3:hr>184</ns3:hr>
          </ns3:TrackPointExtension>
        </extensions>
      </trkpt>
      <trkpt lat="51.40753808431327342987060546875" lon="5.46279869042336940765380859375">
        <ele>17.3999996185302734375</ele>
        <time>2026-06-21T15:51:47.000Z</time>
        <extensions>
          <ns3:TrackPointExtension>
            <ns3:hr>184</ns3:hr>
          </ns3:TrackPointExtension>
        </extensions>
      </trkpt>
      <trkpt lat="51.40760488808155059814453125" lon="5.46289223246276378631591796875">
        <ele>17.6000003814697265625</ele>
        <time>2026-06-21T15:51:55.000Z</time>
        <extensions>
          <ns3:TrackPointExtension>
            <ns3:hr>184</ns3:hr>
          </ns3:TrackPointExtension>
        </extensions>
      </trkpt>
      <trkpt lat="51.40770337544381618499755859375" lon="5.46304780058562755584716796875">
        <ele>17.6000003814697265625</ele>
        <time>2026-06-21T15:52:05.000Z</time>
        <extensions>
          <ns3:TrackPointExtension>
            <ns3:hr>184</ns3:hr>
          </ns3:TrackPointExtension>
        </extensions>
      </trkpt>
      <trkpt lat="51.40776204876601696014404296875" lon="5.4631073959171772003173828125">
        <ele>17.6000003814697265625</ele>
        <time>2026-06-21T15:52:12.000Z</time>
        <extensions>
          <ns3:TrackPointExtension>
            <ns3:hr>184</ns3:hr>
          </ns3:TrackPointExtension>
        </extensions>
      </trkpt>
      <trkpt lat="51.407825835049152374267578125" lon="5.4631707631051540374755859375">
        <ele>17.799999237060546875</ele>
        <time>2026-06-21T15:52:21.000Z</time>
        <extensions>
          <ns3:TrackPointExtension>
            <ns3:hr>185</ns3:hr>
          </ns3:TrackPointExtension>
        </extensions>
      </trkpt>
      <trkpt lat="51.40792113728821277618408203125" lon="5.46325701288878917694091796875">
        <ele>18</ele>
        <time>2026-06-21T15:52:29.000Z</time>
        <extensions>
          <ns3:TrackPointExtension>
            <ns3:hr>185</ns3:hr>
          </ns3:TrackPointExtension>
        </extensions>
      </trkpt>
      <trkpt lat="51.40800981782376766204833984375" lon="5.463335551321506500244140625">
        <ele>17.799999237060546875</ele>
        <time>2026-06-21T15:52:37.000Z</time>
        <extensions>
          <ns3:TrackPointExtension>
            <ns3:hr>186</ns3:hr>
          </ns3:TrackPointExtension>
        </extensions>
      </trkpt>
      <trkpt lat="51.4080955646932125091552734375" lon="5.46341123990714550018310546875">
        <ele>18</ele>
        <time>2026-06-21T15:52:47.000Z</time>
        <extensions>
          <ns3:TrackPointExtension>
            <ns3:hr>186</ns3:hr>
          </ns3:TrackPointExtension>
        </extensions>
      </trkpt>
      <trkpt lat="51.4082105644047260284423828125" lon="5.4635331965982913970947265625">
        <ele>17.799999237060546875</ele>
        <time>2026-06-21T15:52:57.000Z</time>
        <extensions>
          <ns3:TrackPointExtension>
            <ns3:hr>185</ns3:hr>
          </ns3:TrackPointExtension>
        </extensions>
      </trkpt>
      <trkpt lat="51.40829899348318576812744140625" lon="5.46360804699361324310302734375">
        <ele>18</ele>
        <time>2026-06-21T15:53:06.000Z</time>
        <extensions>
          <ns3:TrackPointExtension>
            <ns3:hr>184</ns3:hr>
          </ns3:TrackPointExtension>
        </extensions>
      </trkpt>
      <trkpt lat="51.40839169733226299285888671875" lon="5.46371131204068660736083984375">
        <ele>18.200000762939453125</ele>
        <time>2026-06-21T15:53:16.000Z</time>
        <extensions>
          <ns3:TrackPointExtension>
            <ns3:hr>185</ns3:hr>
          </ns3:TrackPointExtension>
        </extensions>
      </trkpt>
      <trkpt lat="51.40846160240471363067626953125" lon="5.463774763047695159912109375">
        <ele>18.200000762939453125</ele>
        <time>2026-06-21T15:53:24.000Z</time>
        <extensions>
          <ns3:TrackPointExtension>
            <ns3:hr>185</ns3:hr>
          </ns3:TrackPointExtension>
        </extensions>
      </trkpt>
      <trkpt lat="51.4085498638451099395751953125" lon="5.46384056098759174346923828125">
        <ele>18.200000762939453125</ele>
        <time>2026-06-21T15:53:33.000Z</time>
        <extensions>
          <ns3:TrackPointExtension>
            <ns3:hr>184</ns3:hr>
          </ns3:TrackPointExtension>
        </extensions>
      </trkpt>
      <trkpt lat="51.408621110022068023681640625" lon="5.46392060816287994384765625">
        <ele>18.200000762939453125</ele>
        <time>2026-06-21T15:53:41.000Z</time>
        <extensions>
          <ns3:TrackPointExtension>
            <ns3:hr>184</ns3:hr>
          </ns3:TrackPointExtension>
        </extensions>
      </trkpt>
      <trkpt lat="51.4086933620274066925048828125" lon="5.4639928601682186126708984375">
        <ele>18.3999996185302734375</ele>
        <time>2026-06-21T15:53:50.000Z</time>
        <extensions>
          <ns3:TrackPointExtension>
            <ns3:hr>184</ns3:hr>
          </ns3:TrackPointExtension>
        </extensions>
      </trkpt>
      <trkpt lat="51.40874507836997509002685546875" lon="5.4640580713748931884765625">
        <ele>18.3999996185302734375</ele>
        <time>2026-06-21T15:53:55.000Z</time>
        <extensions>
          <ns3:TrackPointExtension>
            <ns3:hr>184</ns3:hr>
          </ns3:TrackPointExtension>
        </extensions>
      </trkpt>
      <trkpt lat="51.40882655046880245208740234375" lon="5.464134849607944488525390625">
        <ele>18.6000003814697265625</ele>
        <time>2026-06-21T15:54:03.000Z</time>
        <extensions>
          <ns3:TrackPointExtension>
            <ns3:hr>185</ns3:hr>
          </ns3:TrackPointExtension>
        </extensions>
      </trkpt>
      <trkpt lat="51.40888706780970096588134765625" lon="5.46420400030910968780517578125">
        <ele>18.200000762939453125</ele>
        <time>2026-06-21T15:54:11.000Z</time>
        <extensions>
          <ns3:TrackPointExtension>
            <ns3:hr>184</ns3:hr>
          </ns3:TrackPointExtension>
        </extensions>
      </trkpt>
      <trkpt lat="51.40897792764008045196533203125" lon="5.46426971442997455596923828125">
        <ele>18.200000762939453125</ele>
        <time>2026-06-21T15:54:19.000Z</time>
        <extensions>
          <ns3:TrackPointExtension>
            <ns3:hr>185</ns3:hr>
          </ns3:TrackPointExtension>
        </extensions>
      </trkpt>
      <trkpt lat="51.40906711108982563018798828125" lon="5.4643459059298038482666015625">
        <ele>18.6000003814697265625</ele>
        <time>2026-06-21T15:54:27.000Z</time>
        <extensions>
          <ns3:TrackPointExtension>
            <ns3:hr>184</ns3:hr>
          </ns3:TrackPointExtension>
        </extensions>
      </trkpt>
      <trkpt lat="51.40915109775960445404052734375" lon="5.46441555954515933990478515625">
        <ele>18.3999996185302734375</ele>
        <time>2026-06-21T15:54:36.000Z</time>
        <extensions>
          <ns3:TrackPointExtension>
            <ns3:hr>185</ns3:hr>
          </ns3:TrackPointExtension>
        </extensions>
      </trkpt>
      <trkpt lat="51.40923240222036838531494140625" lon="5.4645135439932346343994140625">
        <ele>18.3999996185302734375</ele>
        <time>2026-06-21T15:54:45.000Z</time>
        <extensions>
          <ns3:TrackPointExtension>
            <ns3:hr>185</ns3:hr>
          </ns3:TrackPointExtension>
        </extensions>
      </trkpt>
      <trkpt lat="51.40932527370750904083251953125" lon="5.46461102552711963653564453125">
        <ele>18.3999996185302734375</ele>
        <time>2026-06-21T15:54:54.000Z</time>
        <extensions>
          <ns3:TrackPointExtension>
            <ns3:hr>185</ns3:hr>
          </ns3:TrackPointExtension>
        </extensions>
      </trkpt>
      <trkpt lat="51.40942568890750408172607421875" lon="5.46472099609673023223876953125">
        <ele>18.200000762939453125</ele>
        <time>2026-06-21T15:55:05.000Z</time>
        <extensions>
          <ns3:TrackPointExtension>
            <ns3:hr>186</ns3:hr>
          </ns3:TrackPointExtension>
        </extensions>
      </trkpt>
      <trkpt lat="51.40953540802001953125" lon="5.46481571160256862640380859375">
        <ele>18.200000762939453125</ele>
        <time>2026-06-21T15:55:16.000Z</time>
        <extensions>
          <ns3:TrackPointExtension>
            <ns3:hr>186</ns3:hr>
          </ns3:TrackPointExtension>
        </extensions>
      </trkpt>
      <trkpt lat="51.4096307940781116485595703125" lon="5.46491093002259731292724609375">
        <ele>18.200000762939453125</ele>
        <time>2026-06-21T15:55:25.000Z</time>
        <extensions>
          <ns3:TrackPointExtension>
            <ns3:hr>186</ns3:hr>
          </ns3:TrackPointExtension>
        </extensions>
      </trkpt>
      <trkpt lat="51.4097347296774387359619140625" lon="5.465001203119754791259765625">
        <ele>18.200000762939453125</ele>
        <time>2026-06-21T15:55:35.000Z</time>
        <extensions>
          <ns3:TrackPointExtension>
            <ns3:hr>186</ns3:hr>
          </ns3:TrackPointExtension>
        </extensions>
      </trkpt>
      <trkpt lat="51.40985526144504547119140625" lon="5.4651150293648242950439453125">
        <ele>18.200000762939453125</ele>
        <time>2026-06-21T15:55:46.000Z</time>
        <extensions>
          <ns3:TrackPointExtension>
            <ns3:hr>186</ns3:hr>
          </ns3:TrackPointExtension>
        </extensions>
      </trkpt>
      <trkpt lat="51.40992273576557636260986328125" lon="5.46516523696482181549072265625">
        <ele>18</ele>
        <time>2026-06-21T15:55:53.000Z</time>
        <extensions>
          <ns3:TrackPointExtension>
            <ns3:hr>186</ns3:hr>
          </ns3:TrackPointExtension>
        </extensions>
      </trkpt>
      <trkpt lat="51.40998995862901210784912109375" lon="5.46523815952241420745849609375">
        <ele>18</ele>
        <time>2026-06-21T15:55:59.000Z</time>
        <extensions>
          <ns3:TrackPointExtension>
            <ns3:hr>185</ns3:hr>
          </ns3:TrackPointExtension>
        </extensions>
      </trkpt>
      <trkpt lat="51.41005952842533588409423828125" lon="5.4653106629848480224609375">
        <ele>17.799999237060546875</ele>
        <time>2026-06-21T15:56:06.000Z</time>
        <extensions>
          <ns3:TrackPointExtension>
            <ns3:hr>185</ns3:hr>
          </ns3:TrackPointExtension>
        </extensions>
      </trkpt>
      <trkpt lat="51.41013865359127521514892578125" lon="5.46536975540220737457275390625">
        <ele>18</ele>
        <time>2026-06-21T15:56:14.000Z</time>
        <extensions>
          <ns3:TrackPointExtension>
            <ns3:hr>186</ns3:hr>
          </ns3:TrackPointExtension>
        </extensions>
      </trkpt>
      <trkpt lat="51.41022549010813236236572265625" lon="5.4654368944466114044189453125">
        <ele>18</ele>
        <time>2026-06-21T15:56:23.000Z</time>
        <extensions>
          <ns3:TrackPointExtension>
            <ns3:hr>186</ns3:hr>
          </ns3:TrackPointExtension>
        </extensions>
      </trkpt>
      <trkpt lat="51.41029371879994869232177734375" lon="5.46552532352507114410400390625">
        <ele>18</ele>
        <time>2026-06-21T15:56:30.000Z</time>
        <extensions>
          <ns3:TrackPointExtension>
            <ns3:hr>185</ns3:hr>
          </ns3:TrackPointExtension>
        </extensions>
      </trkpt>
      <trkpt lat="51.41038306988775730133056640625" lon="5.465624816715717315673828125">
        <ele>17.799999237060546875</ele>
        <time>2026-06-21T15:56:39.000Z</time>
        <extensions>
          <ns3:TrackPointExtension>
            <ns3:hr>185</ns3:hr>
          </ns3:TrackPointExtension>
        </extensions>
      </trkpt>
      <trkpt lat="51.41048549674451351165771484375" lon="5.46570218168199062347412109375">
        <ele>17.799999237060546875</ele>
        <time>2026-06-21T15:56:48.000Z</time>
        <extensions>
          <ns3:TrackPointExtension>
            <ns3:hr>187</ns3:hr>
          </ns3:TrackPointExtension>
        </extensions>
      </trkpt>
      <trkpt lat="51.41057250089943408966064453125" lon="5.46578901819884777069091796875">
        <ele>17.799999237060546875</ele>
        <time>2026-06-21T15:56:56.000Z</time>
        <extensions>
          <ns3:TrackPointExtension>
            <ns3:hr>184</ns3:hr>
          </ns3:TrackPointExtension>
        </extensions>
      </trkpt>
      <trkpt lat="51.41069135628640651702880859375" lon="5.46589010395109653472900390625">
        <ele>17.799999237060546875</ele>
        <time>2026-06-21T15:57:06.000Z</time>
        <extensions>
          <ns3:TrackPointExtension>
            <ns3:hr>185</ns3:hr>
          </ns3:TrackPointExtension>
        </extensions>
      </trkpt>
      <trkpt lat="51.4107663743197917938232421875" lon="5.46596537344157695770263671875">
        <ele>18.3999996185302734375</ele>
        <time>2026-06-21T15:57:14.000Z</time>
        <extensions>
          <ns3:TrackPointExtension>
            <ns3:hr>184</ns3:hr>
          </ns3:TrackPointExtension>
        </extensions>
      </trkpt>
      <trkpt lat="51.4108579047024250030517578125" lon="5.46604919247329235076904296875">
        <ele>18</ele>
        <time>2026-06-21T15:57:24.000Z</time>
        <extensions>
          <ns3:TrackPointExtension>
            <ns3:hr>185</ns3:hr>
          </ns3:TrackPointExtension>
        </extensions>
      </trkpt>
      <trkpt lat="51.4109286479651927947998046875" lon="5.46612898819148540496826171875">
        <ele>18</ele>
        <time>2026-06-21T15:57:31.000Z</time>
        <extensions>
          <ns3:TrackPointExtension>
            <ns3:hr>186</ns3:hr>
          </ns3:TrackPointExtension>
        </extensions>
      </trkpt>
      <trkpt lat="51.41101439483463764190673828125" lon="5.466228984296321868896484375">
        <ele>18.200000762939453125</ele>
        <time>2026-06-21T15:57:40.000Z</time>
        <extensions>
          <ns3:TrackPointExtension>
            <ns3:hr>185</ns3:hr>
          </ns3:TrackPointExtension>
        </extensions>
      </trkpt>
      <trkpt lat="51.4110942743718624114990234375" lon="5.46638681553304195404052734375">
        <ele>17.799999237060546875</ele>
        <time>2026-06-21T15:57:50.000Z</time>
        <extensions>
          <ns3:TrackPointExtension>
            <ns3:hr>186</ns3:hr>
          </ns3:TrackPointExtension>
        </extensions>
      </trkpt>
      <trkpt lat="51.411174237728118896484375" lon="5.46651832759380340576171875">
        <ele>18</ele>
        <time>2026-06-21T15:58:00.000Z</time>
        <extensions>
          <ns3:TrackPointExtension>
            <ns3:hr>186</ns3:hr>
          </ns3:TrackPointExtension>
        </extensions>
      </trkpt>
      <trkpt lat="51.4112421311438083648681640625" lon="5.4666170664131641387939453125">
        <ele>18</ele>
        <time>2026-06-21T15:58:09.000Z</time>
        <extensions>
          <ns3:TrackPointExtension>
            <ns3:hr>186</ns3:hr>
          </ns3:TrackPointExtension>
        </extensions>
      </trkpt>
      <trkpt lat="51.4113339968025684356689453125" lon="5.46674371697008609771728515625">
        <ele>18</ele>
        <time>2026-06-21T15:58:18.000Z</time>
        <extensions>
          <ns3:TrackPointExtension>
            <ns3:hr>187</ns3:hr>
          </ns3:TrackPointExtension>
        </extensions>
      </trkpt>
      <trkpt lat="51.411403901875019073486328125" lon="5.4668437130749225616455078125">
        <ele>18</ele>
        <time>2026-06-21T15:58:27.000Z</time>
        <extensions>
          <ns3:TrackPointExtension>
            <ns3:hr>187</ns3:hr>
          </ns3:TrackPointExtension>
        </extensions>
      </trkpt>
      <trkpt lat="51.4114684425294399261474609375" lon="5.46698243357241153717041015625">
        <ele>18</ele>
        <time>2026-06-21T15:58:36.000Z</time>
        <extensions>
          <ns3:TrackPointExtension>
            <ns3:hr>187</ns3:hr>
          </ns3:TrackPointExtension>
        </extensions>
      </trkpt>
      <trkpt lat="51.41154144890606403350830078125" lon="5.46713029034435749053955078125">
        <ele>17.799999237060546875</ele>
        <time>2026-06-21T15:58:46.000Z</time>
        <extensions>
          <ns3:TrackPointExtension>
            <ns3:hr>187</ns3:hr>
          </ns3:TrackPointExtension>
        </extensions>
      </trkpt>
      <trkpt lat="51.41161168925464153289794921875" lon="5.4672225750982761383056640625">
        <ele>18</ele>
        <time>2026-06-21T15:58:54.000Z</time>
        <extensions>
          <ns3:TrackPointExtension>
            <ns3:hr>187</ns3:hr>
          </ns3:TrackPointExtension>
        </extensions>
      </trkpt>
      <trkpt lat="51.4116905629634857177734375" lon="5.46734536997973918914794921875">
        <ele>18.200000762939453125</ele>
        <time>2026-06-21T15:59:03.000Z</time>
        <extensions>
          <ns3:TrackPointExtension>
            <ns3:hr>186</ns3:hr>
          </ns3:TrackPointExtension>
        </extensions>
      </trkpt>
      <trkpt lat="51.41174244694411754608154296875" lon="5.46743924729526042938232421875">
        <ele>18.3999996185302734375</ele>
        <time>2026-06-21T15:59:09.000Z</time>
        <extensions>
          <ns3:TrackPointExtension>
            <ns3:hr>189</ns3:hr>
          </ns3:TrackPointExtension>
        </extensions>
      </trkpt>
      <trkpt lat="51.411763988435268402099609375" lon="5.46747780404984951019287109375">
        <ele>18.200000762939453125</ele>
        <time>2026-06-21T15:59:12.000Z</time>
        <extensions>
          <ns3:TrackPointExtension>
            <ns3:hr>189</ns3:hr>
          </ns3:TrackPointExtension>
        </extensions>
      </trkpt>
      <trkpt lat="51.41184068284928798675537109375" lon="5.46759196557104587554931640625">
        <ele>18</ele>
        <time>2026-06-21T15:59:20.000Z</time>
        <extensions>
          <ns3:TrackPointExtension>
            <ns3:hr>188</ns3:hr>
          </ns3:TrackPointExtension>
        </extensions>
      </trkpt>
      <trkpt lat="51.4118848554790019989013671875" lon="5.46765952371060848236083984375">
        <ele>18</ele>
        <time>2026-06-21T15:59:27.000Z</time>
        <extensions>
          <ns3:TrackPointExtension>
            <ns3:hr>187</ns3:hr>
          </ns3:TrackPointExtension>
        </extensions>
      </trkpt>
      <trkpt lat="51.41189181245863437652587890625" lon="5.46767075546085834503173828125">
        <ele>18</ele>
        <time>2026-06-21T15:59:28.000Z</time>
        <extensions>
          <ns3:TrackPointExtension>
            <ns3:hr>188</ns3:hr>
          </ns3:TrackPointExtension>
        </extensions>
      </trkpt>
      <trkpt lat="51.41193724237382411956787109375" lon="5.46776689589023590087890625">
        <ele>18.200000762939453125</ele>
        <time>2026-06-21T15:59:34.000Z</time>
        <extensions>
          <ns3:TrackPointExtension>
            <ns3:hr>188</ns3:hr>
          </ns3:TrackPointExtension>
        </extensions>
      </trkpt>
      <trkpt lat="51.41201368533074855804443359375" lon="5.4679192788898944854736328125">
        <ele>18</ele>
        <time>2026-06-21T15:59:44.000Z</time>
        <extensions>
          <ns3:TrackPointExtension>
            <ns3:hr>187</ns3:hr>
          </ns3:TrackPointExtension>
        </extensions>
      </trkpt>
      <trkpt lat="51.41209918074309825897216796875" lon="5.46801793389022350311279296875">
        <ele>18</ele>
        <time>2026-06-21T15:59:53.000Z</time>
        <extensions>
          <ns3:TrackPointExtension>
            <ns3:hr>187</ns3:hr>
          </ns3:TrackPointExtension>
        </extensions>
      </trkpt>
      <trkpt lat="51.41217528842389583587646484375" lon="5.4681281559169292449951171875">
        <ele>18.200000762939453125</ele>
        <time>2026-06-21T16:00:02.000Z</time>
        <extensions>
          <ns3:TrackPointExtension>
            <ns3:hr>187</ns3:hr>
          </ns3:TrackPointExtension>
        </extensions>
      </trkpt>
      <trkpt lat="51.41226463951170444488525390625" lon="5.46827928163111209869384765625">
        <ele>17.799999237060546875</ele>
        <time>2026-06-21T16:00:12.000Z</time>
        <extensions>
          <ns3:TrackPointExtension>
            <ns3:hr>186</ns3:hr>
          </ns3:TrackPointExtension>
        </extensions>
      </trkpt>
      <trkpt lat="51.4123356342315673828125" lon="5.4683970473706722259521484375">
        <ele>18</ele>
        <time>2026-06-21T16:00:21.000Z</time>
        <extensions>
          <ns3:TrackPointExtension>
            <ns3:hr>186</ns3:hr>
          </ns3:TrackPointExtension>
        </extensions>
      </trkpt>
      <trkpt lat="51.41238852404057979583740234375" lon="5.4685261286795139312744140625">
        <ele>18</ele>
        <time>2026-06-21T16:00:30.000Z</time>
        <extensions>
          <ns3:TrackPointExtension>
            <ns3:hr>187</ns3:hr>
          </ns3:TrackPointExtension>
        </extensions>
      </trkpt>
      <trkpt lat="51.41246312297880649566650390625" lon="5.468637943267822265625">
        <ele>18.3999996185302734375</ele>
        <time>2026-06-21T16:00:38.000Z</time>
        <extensions>
          <ns3:TrackPointExtension>
            <ns3:hr>188</ns3:hr>
          </ns3:TrackPointExtension>
        </extensions>
      </trkpt>
      <trkpt lat="51.41248407773673534393310546875" lon="5.46866032294929027557373046875">
        <ele>18.3999996185302734375</ele>
        <time>2026-06-21T16:00:41.000Z</time>
        <extensions>
          <ns3:TrackPointExtension>
            <ns3:hr>185</ns3:hr>
          </ns3:TrackPointExtension>
        </extensions>
      </trkpt>
      <trkpt lat="51.412535794079303741455078125" lon="5.46874615363776683807373046875">
        <ele>18</ele>
        <time>2026-06-21T16:00:48.000Z</time>
        <extensions>
          <ns3:TrackPointExtension>
            <ns3:hr>186</ns3:hr>
          </ns3:TrackPointExtension>
        </extensions>
      </trkpt>
      <trkpt lat="51.41261994838714599609375" lon="5.46889250166714191436767578125">
        <ele>18</ele>
        <time>2026-06-21T16:00:59.000Z</time>
        <extensions>
          <ns3:TrackPointExtension>
            <ns3:hr>185</ns3:hr>
          </ns3:TrackPointExtension>
        </extensions>
      </trkpt>
      <trkpt lat="51.41268272884190082550048828125" lon="5.46899274922907352447509765625">
        <ele>18</ele>
        <time>2026-06-21T16:01:08.000Z</time>
        <extensions>
          <ns3:TrackPointExtension>
            <ns3:hr>186</ns3:hr>
          </ns3:TrackPointExtension>
        </extensions>
      </trkpt>
      <trkpt lat="51.41275548376142978668212890625" lon="5.4691406898200511932373046875">
        <ele>18</ele>
        <time>2026-06-21T16:01:17.000Z</time>
        <extensions>
          <ns3:TrackPointExtension>
            <ns3:hr>186</ns3:hr>
          </ns3:TrackPointExtension>
        </extensions>
      </trkpt>
      <trkpt lat="51.4128085412085056304931640625" lon="5.4692186415195465087890625">
        <ele>17.799999237060546875</ele>
        <time>2026-06-21T16:01:24.000Z</time>
        <extensions>
          <ns3:TrackPointExtension>
            <ns3:hr>185</ns3:hr>
          </ns3:TrackPointExtension>
        </extensions>
      </trkpt>
      <trkpt lat="51.41288205049932003021240234375" lon="5.46932601369917392730712890625">
        <ele>18</ele>
        <time>2026-06-21T16:01:32.000Z</time>
        <extensions>
          <ns3:TrackPointExtension>
            <ns3:hr>185</ns3:hr>
          </ns3:TrackPointExtension>
        </extensions>
      </trkpt>
      <trkpt lat="51.4129567332565784454345703125" lon="5.46944403089582920074462890625">
        <ele>17.799999237060546875</ele>
        <time>2026-06-21T16:01:42.000Z</time>
        <extensions>
          <ns3:TrackPointExtension>
            <ns3:hr>185</ns3:hr>
          </ns3:TrackPointExtension>
        </extensions>
      </trkpt>
      <trkpt lat="51.41303409822285175323486328125" lon="5.46956288628280162811279296875">
        <ele>18</ele>
        <time>2026-06-21T16:01:50.000Z</time>
        <extensions>
          <ns3:TrackPointExtension>
            <ns3:hr>186</ns3:hr>
          </ns3:TrackPointExtension>
        </extensions>
      </trkpt>
      <trkpt lat="51.41310920007526874542236328125" lon="5.469671599566936492919921875">
        <ele>18</ele>
        <time>2026-06-21T16:01:58.000Z</time>
        <extensions>
          <ns3:TrackPointExtension>
            <ns3:hr>185</ns3:hr>
          </ns3:TrackPointExtension>
        </extensions>
      </trkpt>
      <trkpt lat="51.41317709349095821380615234375" lon="5.46976522542536258697509765625">
        <ele>18</ele>
        <time>2026-06-21T16:02:07.000Z</time>
        <extensions>
          <ns3:TrackPointExtension>
            <ns3:hr>185</ns3:hr>
          </ns3:TrackPointExtension>
        </extensions>
      </trkpt>
      <trkpt lat="51.41323492862284183502197265625" lon="5.46988173387944698333740234375">
        <ele>18</ele>
        <time>2026-06-21T16:02:14.000Z</time>
        <extensions>
          <ns3:TrackPointExtension>
            <ns3:hr>185</ns3:hr>
          </ns3:TrackPointExtension>
        </extensions>
      </trkpt>
      <trkpt lat="51.4133107848465442657470703125" lon="5.470006205141544342041015625">
        <ele>18</ele>
        <time>2026-06-21T16:02:23.000Z</time>
        <extensions>
          <ns3:TrackPointExtension>
            <ns3:hr>185</ns3:hr>
          </ns3:TrackPointExtension>
        </extensions>
      </trkpt>
      <trkpt lat="51.413362920284271240234375" lon="5.47013034112751483917236328125">
        <ele>18</ele>
        <time>2026-06-21T16:02:32.000Z</time>
        <extensions>
          <ns3:TrackPointExtension>
            <ns3:hr>185</ns3:hr>
          </ns3:TrackPointExtension>
        </extensions>
      </trkpt>
      <trkpt lat="51.41346895135939121246337890625" lon="5.470275767147541046142578125">
        <ele>18</ele>
        <time>2026-06-21T16:02:43.000Z</time>
        <extensions>
          <ns3:TrackPointExtension>
            <ns3:hr>185</ns3:hr>
          </ns3:TrackPointExtension>
        </extensions>
      </trkpt>
      <trkpt lat="51.41355427913367748260498046875" lon="5.47040828503668308258056640625">
        <ele>18</ele>
        <time>2026-06-21T16:02:52.000Z</time>
        <extensions>
          <ns3:TrackPointExtension>
            <ns3:hr>185</ns3:hr>
          </ns3:TrackPointExtension>
        </extensions>
      </trkpt>
      <trkpt lat="51.41359694302082061767578125" lon="5.47053652815520763397216796875">
        <ele>17.799999237060546875</ele>
        <time>2026-06-21T16:03:01.000Z</time>
        <extensions>
          <ns3:TrackPointExtension>
            <ns3:hr>185</ns3:hr>
          </ns3:TrackPointExtension>
        </extensions>
      </trkpt>
      <trkpt lat="51.41365720890462398529052734375" lon="5.4706625081598758697509765625">
        <ele>17.799999237060546875</ele>
        <time>2026-06-21T16:03:10.000Z</time>
        <extensions>
          <ns3:TrackPointExtension>
            <ns3:hr>186</ns3:hr>
          </ns3:TrackPointExtension>
        </extensions>
      </trkpt>
      <trkpt lat="51.4137345738708972930908203125" lon="5.47076183371245861053466796875">
        <ele>17.799999237060546875</ele>
        <time>2026-06-21T16:03:18.000Z</time>
        <extensions>
          <ns3:TrackPointExtension>
            <ns3:hr>186</ns3:hr>
          </ns3:TrackPointExtension>
        </extensions>
      </trkpt>
      <trkpt lat="51.413813531398773193359375" lon="5.470805503427982330322265625">
        <ele>17.799999237060546875</ele>
        <time>2026-06-21T16:03:26.000Z</time>
        <extensions>
          <ns3:TrackPointExtension>
            <ns3:hr>185</ns3:hr>
          </ns3:TrackPointExtension>
        </extensions>
      </trkpt>
      <trkpt lat="51.41392744146287441253662109375" lon="5.47078731469810009002685546875">
        <ele>17.6000003814697265625</ele>
        <time>2026-06-21T16:03:36.000Z</time>
        <extensions>
          <ns3:TrackPointExtension>
            <ns3:hr>186</ns3:hr>
          </ns3:TrackPointExtension>
        </extensions>
      </trkpt>
      <trkpt lat="51.4140500687062740325927734375" lon="5.4708200879395008087158203125">
        <ele>17.3999996185302734375</ele>
        <time>2026-06-21T16:03:45.000Z</time>
        <extensions>
          <ns3:TrackPointExtension>
            <ns3:hr>186</ns3:hr>
          </ns3:TrackPointExtension>
        </extensions>
      </trkpt>
      <trkpt lat="51.4140812493860721588134765625" lon="5.47094908542931079864501953125">
        <ele>17.799999237060546875</ele>
        <time>2026-06-21T16:03:51.000Z</time>
        <extensions>
          <ns3:TrackPointExtension>
            <ns3:hr>186</ns3:hr>
          </ns3:TrackPointExtension>
        </extensions>
      </trkpt>
      <trkpt lat="51.41408108174800872802734375" lon="5.4711342416703701019287109375">
        <ele>18</ele>
        <time>2026-06-21T16:04:01.000Z</time>
        <extensions>
          <ns3:TrackPointExtension>
            <ns3:hr>186</ns3:hr>
          </ns3:TrackPointExtension>
        </extensions>
      </trkpt>
      <trkpt lat="51.41406423412263393402099609375" lon="5.47123457305133342742919921875">
        <ele>18</ele>
        <time>2026-06-21T16:04:08.000Z</time>
        <extensions>
          <ns3:TrackPointExtension>
            <ns3:hr>186</ns3:hr>
          </ns3:TrackPointExtension>
        </extensions>
      </trkpt>
      <trkpt lat="51.41404696740210056304931640625" lon="5.47125703655183315277099609375">
        <ele>18</ele>
        <time>2026-06-21T16:04:16.000Z</time>
        <extensions>
          <ns3:TrackPointExtension>
            <ns3:hr>187</ns3:hr>
          </ns3:TrackPointExtension>
        </extensions>
      </trkpt>
      <trkpt lat="51.4140691794455051422119140625" lon="5.47136868350207805633544921875">
        <ele>17.799999237060546875</ele>
        <time>2026-06-21T16:04:23.000Z</time>
        <extensions>
          <ns3:TrackPointExtension>
            <ns3:hr>187</ns3:hr>
          </ns3:TrackPointExtension>
        </extensions>
      </trkpt>
      <trkpt lat="51.41408435069024562835693359375" lon="5.4714128561317920684814453125">
        <ele>18.3999996185302734375</ele>
        <time>2026-06-21T16:04:31.000Z</time>
        <extensions>
          <ns3:TrackPointExtension>
            <ns3:hr>185</ns3:hr>
          </ns3:TrackPointExtension>
        </extensions>
      </trkpt>
      <trkpt lat="51.414085440337657928466796875" lon="5.47144328244030475616455078125">
        <ele>18.200000762939453125</ele>
        <time>2026-06-21T16:04:41.000Z</time>
        <extensions>
          <ns3:TrackPointExtension>
            <ns3:hr>184</ns3:hr>
          </ns3:TrackPointExtension>
        </extensions>
      </trkpt>
      <trkpt lat="51.41408351249992847442626953125" lon="5.47147748060524463653564453125">
        <ele>18.3999996185302734375</ele>
        <time>2026-06-21T16:04:53.000Z</time>
        <extensions>
          <ns3:TrackPointExtension>
            <ns3:hr>186</ns3:hr>
          </ns3:TrackPointExtension>
        </extensions>
      </trkpt>
      <trkpt lat="51.414061971008777618408203125" lon="5.471606142818927764892578125">
        <ele>18.3999996185302734375</ele>
        <time>2026-06-21T16:05:02.000Z</time>
        <extensions>
          <ns3:TrackPointExtension>
            <ns3:hr>184</ns3:hr>
          </ns3:TrackPointExtension>
        </extensions>
      </trkpt>
      <trkpt lat="51.41403556801378726959228515625" lon="5.47176766209304332733154296875">
        <ele>18.3999996185302734375</ele>
        <time>2026-06-21T16:05:12.000Z</time>
        <extensions>
          <ns3:TrackPointExtension>
            <ns3:hr>181</ns3:hr>
          </ns3:TrackPointExtension>
        </extensions>
      </trkpt>
      <trkpt lat="51.41403053887188434600830078125" lon="5.471800602972507476806640625">
        <ele>18.6000003814697265625</ele>
        <time>2026-06-21T16:05:14.000Z</time>
        <extensions>
          <ns3:TrackPointExtension>
            <ns3:hr>181</ns3:hr>
          </ns3:TrackPointExtension>
        </extensions>
      </trkpt>
      <trkpt lat="51.41400690190494060516357421875" lon="5.47202079556882381439208984375">
        <ele>18.3999996185302734375</ele>
        <time>2026-06-21T16:05:27.000Z</time>
        <extensions>
          <ns3:TrackPointExtension>
            <ns3:hr>180</ns3:hr>
          </ns3:TrackPointExtension>
        </extensions>
      </trkpt>
      <trkpt lat="51.41397907398641109466552734375" lon="5.472197234630584716796875">
        <ele>18</ele>
        <time>2026-06-21T16:05:37.000Z</time>
        <extensions>
          <ns3:TrackPointExtension>
            <ns3:hr>179</ns3:hr>
          </ns3:TrackPointExtension>
        </extensions>
      </trkpt>
      <trkpt lat="51.4139538444578647613525390625" lon="5.47233402729034423828125">
        <ele>18</ele>
        <time>2026-06-21T16:05:46.000Z</time>
        <extensions>
          <ns3:TrackPointExtension>
            <ns3:hr>180</ns3:hr>
          </ns3:TrackPointExtension>
        </extensions>
      </trkpt>
      <trkpt lat="51.4139474742114543914794921875" lon="5.47249202616512775421142578125">
        <ele>18.3999996185302734375</ele>
        <time>2026-06-21T16:05:55.000Z</time>
        <extensions>
          <ns3:TrackPointExtension>
            <ns3:hr>181</ns3:hr>
          </ns3:TrackPointExtension>
        </extensions>
      </trkpt>
      <trkpt lat="51.41393196769058704376220703125" lon="5.472675003111362457275390625">
        <ele>18</ele>
        <time>2026-06-21T16:06:04.000Z</time>
        <extensions>
          <ns3:TrackPointExtension>
            <ns3:hr>182</ns3:hr>
          </ns3:TrackPointExtension>
        </extensions>
      </trkpt>
      <trkpt lat="51.41391671262681484222412109375" lon="5.4728703014552593231201171875">
        <ele>18</ele>
        <time>2026-06-21T16:06:16.000Z</time>
        <extensions>
          <ns3:TrackPointExtension>
            <ns3:hr>183</ns3:hr>
          </ns3:TrackPointExtension>
        </extensions>
      </trkpt>
      <trkpt lat="51.4138864539563655853271484375" lon="5.4730563797056674957275390625">
        <ele>18.3999996185302734375</ele>
        <time>2026-06-21T16:06:26.000Z</time>
        <extensions>
          <ns3:TrackPointExtension>
            <ns3:hr>183</ns3:hr>
          </ns3:TrackPointExtension>
        </extensions>
      </trkpt>
      <trkpt lat="51.413888968527317047119140625" lon="5.47321873717010021209716796875">
        <ele>18</ele>
        <time>2026-06-21T16:06:35.000Z</time>
        <extensions>
          <ns3:TrackPointExtension>
            <ns3:hr>183</ns3:hr>
          </ns3:TrackPointExtension>
        </extensions>
      </trkpt>
      <trkpt lat="51.41388536430895328521728515625" lon="5.4733738861978054046630859375">
        <ele>18</ele>
        <time>2026-06-21T16:06:44.000Z</time>
        <extensions>
          <ns3:TrackPointExtension>
            <ns3:hr>184</ns3:hr>
          </ns3:TrackPointExtension>
        </extensions>
      </trkpt>
      <trkpt lat="51.413870863616466522216796875" lon="5.47355887480080127716064453125">
        <ele>18</ele>
        <time>2026-06-21T16:06:55.000Z</time>
        <extensions>
          <ns3:TrackPointExtension>
            <ns3:hr>183</ns3:hr>
          </ns3:TrackPointExtension>
        </extensions>
      </trkpt>
      <trkpt lat="51.4138810895383358001708984375" lon="5.4737440310418605804443359375">
        <ele>18</ele>
        <time>2026-06-21T16:07:05.000Z</time>
        <extensions>
          <ns3:TrackPointExtension>
            <ns3:hr>182</ns3:hr>
          </ns3:TrackPointExtension>
        </extensions>
      </trkpt>
      <trkpt lat="51.413933224976062774658203125" lon="5.473885349929332733154296875">
        <ele>17.799999237060546875</ele>
        <time>2026-06-21T16:07:15.000Z</time>
        <extensions>
          <ns3:TrackPointExtension>
            <ns3:hr>183</ns3:hr>
          </ns3:TrackPointExtension>
        </extensions>
      </trkpt>
      <trkpt lat="51.41395644284784793853759765625" lon="5.47403278760612010955810546875">
        <ele>17.6000003814697265625</ele>
        <time>2026-06-21T16:07:24.000Z</time>
        <extensions>
          <ns3:TrackPointExtension>
            <ns3:hr>183</ns3:hr>
          </ns3:TrackPointExtension>
        </extensions>
      </trkpt>
      <trkpt lat="51.41402685083448886871337890625" lon="5.47408752143383026123046875">
        <ele>17.3999996185302734375</ele>
        <time>2026-06-21T16:07:33.000Z</time>
        <extensions>
          <ns3:TrackPointExtension>
            <ns3:hr>183</ns3:hr>
          </ns3:TrackPointExtension>
        </extensions>
      </trkpt>
      <trkpt lat="51.41413740813732147216796875" lon="5.4740702547132968902587890625">
        <ele>17.3999996185302734375</ele>
        <time>2026-06-21T16:07:43.000Z</time>
        <extensions>
          <ns3:TrackPointExtension>
            <ns3:hr>182</ns3:hr>
          </ns3:TrackPointExtension>
        </extensions>
      </trkpt>
      <trkpt lat="51.41427311114966869354248046875" lon="5.4740618728101253509521484375">
        <ele>17.3999996185302734375</ele>
        <time>2026-06-21T16:07:55.000Z</time>
        <extensions>
          <ns3:TrackPointExtension>
            <ns3:hr>183</ns3:hr>
          </ns3:TrackPointExtension>
        </extensions>
      </trkpt>
      <trkpt lat="51.41439230181276798248291015625" lon="5.4740761220455169677734375">
        <ele>17.3999996185302734375</ele>
        <time>2026-06-21T16:08:05.000Z</time>
        <extensions>
          <ns3:TrackPointExtension>
            <ns3:hr>182</ns3:hr>
          </ns3:TrackPointExtension>
        </extensions>
      </trkpt>
      <trkpt lat="51.414486430585384368896484375" lon="5.47418232075870037078857421875">
        <ele>17.200000762939453125</ele>
        <time>2026-06-21T16:08:13.000Z</time>
        <extensions>
          <ns3:TrackPointExtension>
            <ns3:hr>183</ns3:hr>
          </ns3:TrackPointExtension>
        </extensions>
      </trkpt>
      <trkpt lat="51.41457058489322662353515625" lon="5.4743351228535175323486328125">
        <ele>17</ele>
        <time>2026-06-21T16:08:23.000Z</time>
        <extensions>
          <ns3:TrackPointExtension>
            <ns3:hr>183</ns3:hr>
          </ns3:TrackPointExtension>
        </extensions>
      </trkpt>
      <trkpt lat="51.41461609862744808197021484375" lon="5.474486164748668670654296875">
        <ele>17</ele>
        <time>2026-06-21T16:08:32.000Z</time>
        <extensions>
          <ns3:TrackPointExtension>
            <ns3:hr>183</ns3:hr>
          </ns3:TrackPointExtension>
        </extensions>
      </trkpt>
      <trkpt lat="51.414651386439800262451171875" lon="5.4746009968221187591552734375">
        <ele>16.799999237060546875</ele>
        <time>2026-06-21T16:08:39.000Z</time>
        <extensions>
          <ns3:TrackPointExtension>
            <ns3:hr>181</ns3:hr>
          </ns3:TrackPointExtension>
        </extensions>
      </trkpt>
      <trkpt lat="51.41465800814330577850341796875" lon="5.4746174253523349761962890625">
        <ele>16.799999237060546875</ele>
        <time>2026-06-21T16:08:40.000Z</time>
        <extensions>
          <ns3:TrackPointExtension>
            <ns3:hr>182</ns3:hr>
          </ns3:TrackPointExtension>
        </extensions>
      </trkpt>
      <trkpt lat="51.414705030620098114013671875" lon="5.47476637177169322967529296875">
        <ele>17</ele>
        <time>2026-06-21T16:08:49.000Z</time>
        <extensions>
          <ns3:TrackPointExtension>
            <ns3:hr>183</ns3:hr>
          </ns3:TrackPointExtension>
        </extensions>
      </trkpt>
      <trkpt lat="51.41474484466016292572021484375" lon="5.4748199321329593658447265625">
        <ele>17</ele>
        <time>2026-06-21T16:08:55.000Z</time>
        <extensions>
          <ns3:TrackPointExtension>
            <ns3:hr>183</ns3:hr>
          </ns3:TrackPointExtension>
        </extensions>
      </trkpt>
      <trkpt lat="51.4147554896771907806396484375" lon="5.47481347806751728057861328125">
        <ele>17</ele>
        <time>2026-06-21T16:08:56.000Z</time>
        <extensions>
          <ns3:TrackPointExtension>
            <ns3:hr>182</ns3:hr>
          </ns3:TrackPointExtension>
        </extensions>
      </trkpt>
      <trkpt lat="51.41483034007251262664794921875" lon="5.47474491409957408905029296875">
        <ele>17.200000762939453125</ele>
        <time>2026-06-21T16:09:04.000Z</time>
        <extensions>
          <ns3:TrackPointExtension>
            <ns3:hr>185</ns3:hr>
          </ns3:TrackPointExtension>
        </extensions>
      </trkpt>
      <trkpt lat="51.41484282910823822021484375" lon="5.4747332632541656494140625">
        <ele>17.200000762939453125</ele>
        <time>2026-06-21T16:09:05.000Z</time>
        <extensions>
          <ns3:TrackPointExtension>
            <ns3:hr>185</ns3:hr>
          </ns3:TrackPointExtension>
        </extensions>
      </trkpt>
      <trkpt lat="51.41488113440573215484619140625" lon="5.47469194047152996063232421875">
        <ele>17.200000762939453125</ele>
        <time>2026-06-21T16:09:09.000Z</time>
        <extensions>
          <ns3:TrackPointExtension>
            <ns3:hr>188</ns3:hr>
          </ns3:TrackPointExtension>
        </extensions>
      </trkpt>
      <trkpt lat="51.4149291627109050750732421875" lon="5.474662519991397857666015625">
        <ele>17.200000762939453125</ele>
        <time>2026-06-21T16:09:14.000Z</time>
        <extensions>
          <ns3:TrackPointExtension>
            <ns3:hr>186</ns3:hr>
          </ns3:TrackPointExtension>
        </extensions>
      </trkpt>
      <trkpt lat="51.415034271776676177978515625" lon="5.4746412299573421478271484375">
        <ele>17.799999237060546875</ele>
        <time>2026-06-21T16:09:24.000Z</time>
        <extensions>
          <ns3:TrackPointExtension>
            <ns3:hr>185</ns3:hr>
          </ns3:TrackPointExtension>
        </extensions>
      </trkpt>
      <trkpt lat="51.41504458151757717132568359375" lon="5.47464483417570590972900390625">
        <ele>17.799999237060546875</ele>
        <time>2026-06-21T16:09:25.000Z</time>
        <extensions>
          <ns3:TrackPointExtension>
            <ns3:hr>185</ns3:hr>
          </ns3:TrackPointExtension>
        </extensions>
      </trkpt>
      <trkpt lat="51.415165029466152191162109375" lon="5.47463092021644115447998046875">
        <ele>17.200000762939453125</ele>
        <time>2026-06-21T16:09:34.000Z</time>
        <extensions>
          <ns3:TrackPointExtension>
            <ns3:hr>184</ns3:hr>
          </ns3:TrackPointExtension>
        </extensions>
      </trkpt>
      <trkpt lat="51.4152936078608036041259765625" lon="5.47464248724281787872314453125">
        <ele>17.200000762939453125</ele>
        <time>2026-06-21T16:09:44.000Z</time>
        <extensions>
          <ns3:TrackPointExtension>
            <ns3:hr>185</ns3:hr>
          </ns3:TrackPointExtension>
        </extensions>
      </trkpt>
      <trkpt lat="51.41541506163775920867919921875" lon="5.4746982268989086151123046875">
        <ele>17.3999996185302734375</ele>
        <time>2026-06-21T16:09:53.000Z</time>
        <extensions>
          <ns3:TrackPointExtension>
            <ns3:hr>185</ns3:hr>
          </ns3:TrackPointExtension>
        </extensions>
      </trkpt>
      <trkpt lat="51.4155128784477710723876953125" lon="5.4747843928635120391845703125">
        <ele>17.3999996185302734375</ele>
        <time>2026-06-21T16:10:02.000Z</time>
        <extensions>
          <ns3:TrackPointExtension>
            <ns3:hr>184</ns3:hr>
          </ns3:TrackPointExtension>
        </extensions>
      </trkpt>
      <trkpt lat="51.415576748549938201904296875" lon="5.4748571477830410003662109375">
        <ele>17.200000762939453125</ele>
        <time>2026-06-21T16:10:09.000Z</time>
        <extensions>
          <ns3:TrackPointExtension>
            <ns3:hr>184</ns3:hr>
          </ns3:TrackPointExtension>
        </extensions>
      </trkpt>
      <trkpt lat="51.41565696336328983306884765625" lon="5.474991090595722198486328125">
        <ele>17.3999996185302734375</ele>
        <time>2026-06-21T16:10:18.000Z</time>
        <extensions>
          <ns3:TrackPointExtension>
            <ns3:hr>183</ns3:hr>
          </ns3:TrackPointExtension>
        </extensions>
      </trkpt>
      <trkpt lat="51.41573759727180004119873046875" lon="5.4751347564160823822021484375">
        <ele>17.200000762939453125</ele>
        <time>2026-06-21T16:10:28.000Z</time>
        <extensions>
          <ns3:TrackPointExtension>
            <ns3:hr>185</ns3:hr>
          </ns3:TrackPointExtension>
        </extensions>
      </trkpt>
      <trkpt lat="51.41583859920501708984375" lon="5.47527037560939788818359375">
        <ele>17.3999996185302734375</ele>
        <time>2026-06-21T16:10:39.000Z</time>
        <extensions>
          <ns3:TrackPointExtension>
            <ns3:hr>185</ns3:hr>
          </ns3:TrackPointExtension>
        </extensions>
      </trkpt>
      <trkpt lat="51.41593473963439464569091796875" lon="5.4753419570624828338623046875">
        <ele>17.6000003814697265625</ele>
        <time>2026-06-21T16:10:48.000Z</time>
        <extensions>
          <ns3:TrackPointExtension>
            <ns3:hr>185</ns3:hr>
          </ns3:TrackPointExtension>
        </extensions>
      </trkpt>
      <trkpt lat="51.41603968106210231781005859375" lon="5.4754113592207431793212890625">
        <ele>18</ele>
        <time>2026-06-21T16:10:57.000Z</time>
        <extensions>
          <ns3:TrackPointExtension>
            <ns3:hr>186</ns3:hr>
          </ns3:TrackPointExtension>
        </extensions>
      </trkpt>
      <trkpt lat="51.416108496487140655517578125" lon="5.47551847994327545166015625">
        <ele>18</ele>
        <time>2026-06-21T16:11:06.000Z</time>
        <extensions>
          <ns3:TrackPointExtension>
            <ns3:hr>186</ns3:hr>
          </ns3:TrackPointExtension>
        </extensions>
      </trkpt>
      <trkpt lat="51.4161955006420612335205078125" lon="5.47561579383909702301025390625">
        <ele>18</ele>
        <time>2026-06-21T16:11:15.000Z</time>
        <extensions>
          <ns3:TrackPointExtension>
            <ns3:hr>186</ns3:hr>
          </ns3:TrackPointExtension>
        </extensions>
      </trkpt>
      <trkpt lat="51.4162880368530750274658203125" lon="5.47566826455295085906982421875">
        <ele>17.799999237060546875</ele>
        <time>2026-06-21T16:11:24.000Z</time>
        <extensions>
          <ns3:TrackPointExtension>
            <ns3:hr>187</ns3:hr>
          </ns3:TrackPointExtension>
        </extensions>
      </trkpt>
      <trkpt lat="51.41629298217594623565673828125" lon="5.47565518878400325775146484375">
        <ele>17.799999237060546875</ele>
        <time>2026-06-21T16:11:25.000Z</time>
        <extensions>
          <ns3:TrackPointExtension>
            <ns3:hr>188</ns3:hr>
          </ns3:TrackPointExtension>
        </extensions>
      </trkpt>
      <trkpt lat="51.4162994362413883209228515625" lon="5.4755649156868457794189453125">
        <ele>18.6000003814697265625</ele>
        <time>2026-06-21T16:11:30.000Z</time>
        <extensions>
          <ns3:TrackPointExtension>
            <ns3:hr>186</ns3:hr>
          </ns3:TrackPointExtension>
        </extensions>
      </trkpt>
      <trkpt lat="51.4162944070994853973388671875" lon="5.4754163883626461029052734375">
        <ele>17.799999237060546875</ele>
        <time>2026-06-21T16:11:39.000Z</time>
        <extensions>
          <ns3:TrackPointExtension>
            <ns3:hr>186</ns3:hr>
          </ns3:TrackPointExtension>
        </extensions>
      </trkpt>
      <trkpt lat="51.41628812067210674285888671875" lon="5.475251264870166778564453125">
        <ele>18.6000003814697265625</ele>
        <time>2026-06-21T16:11:49.000Z</time>
        <extensions>
          <ns3:TrackPointExtension>
            <ns3:hr>184</ns3:hr>
          </ns3:TrackPointExtension>
        </extensions>
      </trkpt>
      <trkpt lat="51.4162799902260303497314453125" lon="5.47511304728686809539794921875">
        <ele>18</ele>
        <time>2026-06-21T16:11:57.000Z</time>
        <extensions>
          <ns3:TrackPointExtension>
            <ns3:hr>183</ns3:hr>
          </ns3:TrackPointExtension>
        </extensions>
      </trkpt>
      <trkpt lat="51.4162816666066646575927734375" lon="5.4750445671379566192626953125">
        <ele>17.799999237060546875</ele>
        <time>2026-06-21T16:12:00.000Z</time>
        <extensions>
          <ns3:TrackPointExtension>
            <ns3:hr>180</ns3:hr>
          </ns3:TrackPointExtension>
        </extensions>
      </trkpt>
      <trkpt lat="51.4162826724350452423095703125" lon="5.4749969579279422760009765625">
        <ele>17.799999237060546875</ele>
        <time>2026-06-21T16:12:02.000Z</time>
        <extensions>
          <ns3:TrackPointExtension>
            <ns3:hr>176</ns3:hr>
          </ns3:TrackPointExtension>
        </extensions>
      </trkpt>
      <trkpt lat="51.41628258861601352691650390625" lon="5.47494339756667613983154296875">
        <ele>17.799999237060546875</ele>
        <time>2026-06-21T16:12:05.000Z</time>
        <extensions>
          <ns3:TrackPointExtension>
            <ns3:hr>177</ns3:hr>
          </ns3:TrackPointExtension>
        </extensions>
      </trkpt>
      <trkpt lat="51.41630195081233978271484375" lon="5.474803335964679718017578125">
        <ele>17.799999237060546875</ele>
        <time>2026-06-21T16:12:13.000Z</time>
        <extensions>
          <ns3:TrackPointExtension>
            <ns3:hr>178</ns3:hr>
          </ns3:TrackPointExtension>
        </extensions>
      </trkpt>
      <trkpt lat="51.41631242819130420684814453125" lon="5.4747144877910614013671875">
        <ele>17.799999237060546875</ele>
        <time>2026-06-21T16:12:18.000Z</time>
        <extensions>
          <ns3:TrackPointExtension>
            <ns3:hr>181</ns3:hr>
          </ns3:TrackPointExtension>
        </extensions>
      </trkpt>
      <trkpt lat="51.41631259582936763763427734375" lon="5.4746774397790431976318359375">
        <ele>17.799999237060546875</ele>
        <time>2026-06-21T16:12:20.000Z</time>
        <extensions>
          <ns3:TrackPointExtension>
            <ns3:hr>183</ns3:hr>
          </ns3:TrackPointExtension>
        </extensions>
      </trkpt>
      <trkpt lat="51.41633053310215473175048828125" lon="5.47447644174098968505859375">
        <ele>18</ele>
        <time>2026-06-21T16:12:30.000Z</time>
        <extensions>
          <ns3:TrackPointExtension>
            <ns3:hr>184</ns3:hr>
          </ns3:TrackPointExtension>
        </extensions>
      </trkpt>
      <trkpt lat="51.4163869433104991912841796875" lon="5.4743163473904132843017578125">
        <ele>17.799999237060546875</ele>
        <time>2026-06-21T16:12:39.000Z</time>
        <extensions>
          <ns3:TrackPointExtension>
            <ns3:hr>183</ns3:hr>
          </ns3:TrackPointExtension>
        </extensions>
      </trkpt>
      <trkpt lat="51.41644435934722423553466796875" lon="5.4741909541189670562744140625">
        <ele>17.799999237060546875</ele>
        <time>2026-06-21T16:12:48.000Z</time>
        <extensions>
          <ns3:TrackPointExtension>
            <ns3:hr>183</ns3:hr>
          </ns3:TrackPointExtension>
        </extensions>
      </trkpt>
      <trkpt lat="51.4164553396403789520263671875" lon="5.47419673763215541839599609375">
        <ele>17.799999237060546875</ele>
        <time>2026-06-21T16:12:49.000Z</time>
        <extensions>
          <ns3:TrackPointExtension>
            <ns3:hr>183</ns3:hr>
          </ns3:TrackPointExtension>
        </extensions>
      </trkpt>
      <trkpt lat="51.4164831675589084625244140625" lon="5.4741627909243106842041015625">
        <ele>18</ele>
        <time>2026-06-21T16:12:52.000Z</time>
        <extensions>
          <ns3:TrackPointExtension>
            <ns3:hr>182</ns3:hr>
          </ns3:TrackPointExtension>
        </extensions>
      </trkpt>
      <trkpt lat="51.4164858497679233551025390625" lon="5.47414384782314300537109375">
        <ele>18</ele>
        <time>2026-06-21T16:12:53.000Z</time>
        <extensions>
          <ns3:TrackPointExtension>
            <ns3:hr>183</ns3:hr>
          </ns3:TrackPointExtension>
        </extensions>
      </trkpt>
      <trkpt lat="51.41649280674755573272705078125" lon="5.474028848111629486083984375">
        <ele>18.200000762939453125</ele>
        <time>2026-06-21T16:13:02.000Z</time>
        <extensions>
          <ns3:TrackPointExtension>
            <ns3:hr>183</ns3:hr>
          </ns3:TrackPointExtension>
        </extensions>
      </trkpt>
      <trkpt lat="51.41649716533720493316650390625" lon="5.47393857501447200775146484375">
        <ele>18.200000762939453125</ele>
        <time>2026-06-21T16:13:08.000Z</time>
        <extensions>
          <ns3:TrackPointExtension>
            <ns3:hr>185</ns3:hr>
          </ns3:TrackPointExtension>
        </extensions>
      </trkpt>
      <trkpt lat="51.41648928634822368621826171875" lon="5.4737611301243305206298828125">
        <ele>18.200000762939453125</ele>
        <time>2026-06-21T16:13:18.000Z</time>
        <extensions>
          <ns3:TrackPointExtension>
            <ns3:hr>184</ns3:hr>
          </ns3:TrackPointExtension>
        </extensions>
      </trkpt>
      <trkpt lat="51.41648006625473499298095703125" lon="5.4736390896141529083251953125">
        <ele>18.200000762939453125</ele>
        <time>2026-06-21T16:13:25.000Z</time>
        <extensions>
          <ns3:TrackPointExtension>
            <ns3:hr>183</ns3:hr>
          </ns3:TrackPointExtension>
        </extensions>
      </trkpt>
      <trkpt lat="51.416520886123180389404296875" lon="5.473542027175426483154296875">
        <ele>18.200000762939453125</ele>
        <time>2026-06-21T16:13:32.000Z</time>
        <extensions>
          <ns3:TrackPointExtension>
            <ns3:hr>183</ns3:hr>
          </ns3:TrackPointExtension>
        </extensions>
      </trkpt>
      <trkpt lat="51.4166340418159961700439453125" lon="5.47349617816507816314697265625">
        <ele>18</ele>
        <time>2026-06-21T16:13:41.000Z</time>
        <extensions>
          <ns3:TrackPointExtension>
            <ns3:hr>183</ns3:hr>
          </ns3:TrackPointExtension>
        </extensions>
      </trkpt>
      <trkpt lat="51.41674309037625789642333984375" lon="5.4735613055527210235595703125">
        <ele>18</ele>
        <time>2026-06-21T16:13:51.000Z</time>
        <extensions>
          <ns3:TrackPointExtension>
            <ns3:hr>183</ns3:hr>
          </ns3:TrackPointExtension>
        </extensions>
      </trkpt>
      <trkpt lat="51.41683042980730533599853515625" lon="5.4735750518739223480224609375">
        <ele>18</ele>
        <time>2026-06-21T16:13:59.000Z</time>
        <extensions>
          <ns3:TrackPointExtension>
            <ns3:hr>183</ns3:hr>
          </ns3:TrackPointExtension>
        </extensions>
      </trkpt>
      <trkpt lat="51.416935957968235015869140625" lon="5.4735673405230045318603515625">
        <ele>18</ele>
        <time>2026-06-21T16:14:08.000Z</time>
        <extensions>
          <ns3:TrackPointExtension>
            <ns3:hr>183</ns3:hr>
          </ns3:TrackPointExtension>
        </extensions>
      </trkpt>
      <trkpt lat="51.41704869456589221954345703125" lon="5.47365878708660602569580078125">
        <ele>18.200000762939453125</ele>
        <time>2026-06-21T16:14:18.000Z</time>
        <extensions>
          <ns3:TrackPointExtension>
            <ns3:hr>184</ns3:hr>
          </ns3:TrackPointExtension>
        </extensions>
      </trkpt>
      <trkpt lat="51.41704559326171875" lon="5.47361754812300205230712890625">
        <ele>18.3999996185302734375</ele>
        <time>2026-06-21T16:14:21.000Z</time>
        <extensions>
          <ns3:TrackPointExtension>
            <ns3:hr>183</ns3:hr>
          </ns3:TrackPointExtension>
        </extensions>
      </trkpt>
      <trkpt lat="51.41704617999494075775146484375" lon="5.47357396222651004791259765625">
        <ele>18.3999996185302734375</ele>
        <time>2026-06-21T16:14:23.000Z</time>
        <extensions>
          <ns3:TrackPointExtension>
            <ns3:hr>183</ns3:hr>
          </ns3:TrackPointExtension>
        </extensions>
      </trkpt>
      <trkpt lat="51.41705439426004886627197265625" lon="5.473362319171428680419921875">
        <ele>18.200000762939453125</ele>
        <time>2026-06-21T16:14:34.000Z</time>
        <extensions>
          <ns3:TrackPointExtension>
            <ns3:hr>183</ns3:hr>
          </ns3:TrackPointExtension>
        </extensions>
      </trkpt>
      <trkpt lat="51.41703955829143524169921875" lon="5.4731636680662631988525390625">
        <ele>18.200000762939453125</ele>
        <time>2026-06-21T16:14:44.000Z</time>
        <extensions>
          <ns3:TrackPointExtension>
            <ns3:hr>185</ns3:hr>
          </ns3:TrackPointExtension>
        </extensions>
      </trkpt>
      <trkpt lat="51.417019776999950408935546875" lon="5.47298789955675601959228515625">
        <ele>18.3999996185302734375</ele>
        <time>2026-06-21T16:14:54.000Z</time>
        <extensions>
          <ns3:TrackPointExtension>
            <ns3:hr>184</ns3:hr>
          </ns3:TrackPointExtension>
        </extensions>
      </trkpt>
      <trkpt lat="51.41699731349945068359375" lon="5.4727985523641109466552734375">
        <ele>18.200000762939453125</ele>
        <time>2026-06-21T16:15:04.000Z</time>
        <extensions>
          <ns3:TrackPointExtension>
            <ns3:hr>184</ns3:hr>
          </ns3:TrackPointExtension>
        </extensions>
      </trkpt>
      <trkpt lat="51.4169756881892681121826171875" lon="5.47259612940251827239990234375">
        <ele>18.3999996185302734375</ele>
        <time>2026-06-21T16:15:15.000Z</time>
        <extensions>
          <ns3:TrackPointExtension>
            <ns3:hr>184</ns3:hr>
          </ns3:TrackPointExtension>
        </extensions>
      </trkpt>
      <trkpt lat="51.41693118028342723846435546875" lon="5.47241457737982273101806640625">
        <ele>18.3999996185302734375</ele>
        <time>2026-06-21T16:15:25.000Z</time>
        <extensions>
          <ns3:TrackPointExtension>
            <ns3:hr>185</ns3:hr>
          </ns3:TrackPointExtension>
        </extensions>
      </trkpt>
      <trkpt lat="51.41690603457391262054443359375" lon="5.47218373976647853851318359375">
        <ele>18.3999996185302734375</ele>
        <time>2026-06-21T16:15:37.000Z</time>
        <extensions>
          <ns3:TrackPointExtension>
            <ns3:hr>184</ns3:hr>
          </ns3:TrackPointExtension>
        </extensions>
      </trkpt>
      <trkpt lat="51.41688038595020771026611328125" lon="5.47202356159687042236328125">
        <ele>18.200000762939453125</ele>
        <time>2026-06-21T16:15:46.000Z</time>
        <extensions>
          <ns3:TrackPointExtension>
            <ns3:hr>183</ns3:hr>
          </ns3:TrackPointExtension>
        </extensions>
      </trkpt>
      <trkpt lat="51.41684300266206264495849609375" lon="5.47178626991808414459228515625">
        <ele>18.3999996185302734375</ele>
        <time>2026-06-21T16:15:57.000Z</time>
        <extensions>
          <ns3:TrackPointExtension>
            <ns3:hr>183</ns3:hr>
          </ns3:TrackPointExtension>
        </extensions>
      </trkpt>
      <trkpt lat="51.41683042980730533599853515625" lon="5.471646375954151153564453125">
        <ele>18.6000003814697265625</ele>
        <time>2026-06-21T16:16:06.000Z</time>
        <extensions>
          <ns3:TrackPointExtension>
            <ns3:hr>183</ns3:hr>
          </ns3:TrackPointExtension>
        </extensions>
      </trkpt>
      <trkpt lat="51.41680084168910980224609375" lon="5.47145334072411060333251953125">
        <ele>18.3999996185302734375</ele>
        <time>2026-06-21T16:16:16.000Z</time>
        <extensions>
          <ns3:TrackPointExtension>
            <ns3:hr>183</ns3:hr>
          </ns3:TrackPointExtension>
        </extensions>
      </trkpt>
      <trkpt lat="51.4168127439916133880615234375" lon="5.4712705314159393310546875">
        <ele>18.799999237060546875</ele>
        <time>2026-06-21T16:16:26.000Z</time>
        <extensions>
          <ns3:TrackPointExtension>
            <ns3:hr>183</ns3:hr>
          </ns3:TrackPointExtension>
        </extensions>
      </trkpt>
      <trkpt lat="51.41682657413184642791748046875" lon="5.47107581980526447296142578125">
        <ele>18.6000003814697265625</ele>
        <time>2026-06-21T16:16:36.000Z</time>
        <extensions>
          <ns3:TrackPointExtension>
            <ns3:hr>183</ns3:hr>
          </ns3:TrackPointExtension>
        </extensions>
      </trkpt>
      <trkpt lat="51.41685540787875652313232421875" lon="5.4710594750940799713134765625">
        <ele>18.6000003814697265625</ele>
        <time>2026-06-21T16:16:39.000Z</time>
        <extensions>
          <ns3:TrackPointExtension>
            <ns3:hr>183</ns3:hr>
          </ns3:TrackPointExtension>
        </extensions>
      </trkpt>
      <trkpt lat="51.41688843257725238800048828125" lon="5.47106626443564891815185546875">
        <ele>18.6000003814697265625</ele>
        <time>2026-06-21T16:16:42.000Z</time>
        <extensions>
          <ns3:TrackPointExtension>
            <ns3:hr>183</ns3:hr>
          </ns3:TrackPointExtension>
        </extensions>
      </trkpt>
      <trkpt lat="51.4169227145612239837646484375" lon="5.4710720479488372802734375">
        <ele>18.799999237060546875</ele>
        <time>2026-06-21T16:16:48.000Z</time>
        <extensions>
          <ns3:TrackPointExtension>
            <ns3:hr>183</ns3:hr>
          </ns3:TrackPointExtension>
        </extensions>
      </trkpt>
      <trkpt lat="51.4169746823608875274658203125" lon="5.47110280953347682952880859375">
        <ele>18.6000003814697265625</ele>
        <time>2026-06-21T16:17:00.000Z</time>
        <extensions>
          <ns3:TrackPointExtension>
            <ns3:hr>184</ns3:hr>
          </ns3:TrackPointExtension>
        </extensions>
      </trkpt>
      <trkpt lat="51.41703645698726177215576171875" lon="5.47113214619457721710205078125">
        <ele>18.3999996185302734375</ele>
        <time>2026-06-21T16:17:08.000Z</time>
        <extensions>
          <ns3:TrackPointExtension>
            <ns3:hr>185</ns3:hr>
          </ns3:TrackPointExtension>
        </extensions>
      </trkpt>
      <trkpt lat="51.41711289994418621063232421875" lon="5.47115159220993518829345703125">
        <ele>18.200000762939453125</ele>
        <time>2026-06-21T16:17:16.000Z</time>
        <extensions>
          <ns3:TrackPointExtension>
            <ns3:hr>184</ns3:hr>
          </ns3:TrackPointExtension>
        </extensions>
      </trkpt>
      <trkpt lat="51.417202837765216827392578125" lon="5.47123641707003116607666015625">
        <ele>18.200000762939453125</ele>
        <time>2026-06-21T16:17:25.000Z</time>
        <extensions>
          <ns3:TrackPointExtension>
            <ns3:hr>182</ns3:hr>
          </ns3:TrackPointExtension>
        </extensions>
      </trkpt>
      <trkpt lat="51.417270563542842864990234375" lon="5.47131235711276531219482421875">
        <ele>18.200000762939453125</ele>
        <time>2026-06-21T16:17:31.000Z</time>
        <extensions>
          <ns3:TrackPointExtension>
            <ns3:hr>179</ns3:hr>
          </ns3:TrackPointExtension>
        </extensions>
      </trkpt>
      <trkpt lat="51.417320184409618377685546875" lon="5.47136432491242885589599609375">
        <ele>18.200000762939453125</ele>
        <time>2026-06-21T16:17:35.000Z</time>
        <extensions>
          <ns3:TrackPointExtension>
            <ns3:hr>178</ns3:hr>
          </ns3:TrackPointExtension>
        </extensions>
      </trkpt>
      <trkpt lat="51.4174035005271434783935546875" lon="5.47144956886768341064453125">
        <ele>18.3999996185302734375</ele>
        <time>2026-06-21T16:17:44.000Z</time>
        <extensions>
          <ns3:TrackPointExtension>
            <ns3:hr>179</ns3:hr>
          </ns3:TrackPointExtension>
        </extensions>
      </trkpt>
      <trkpt lat="51.41749419271945953369140625" lon="5.47154017724096775054931640625">
        <ele>18.200000762939453125</ele>
        <time>2026-06-21T16:17:54.000Z</time>
        <extensions>
          <ns3:TrackPointExtension>
            <ns3:hr>179</ns3:hr>
          </ns3:TrackPointExtension>
        </extensions>
      </trkpt>
      <trkpt lat="51.41759435646235942840576171875" lon="5.47163489274680614471435546875">
        <ele>18.200000762939453125</ele>
        <time>2026-06-21T16:18:05.000Z</time>
        <extensions>
          <ns3:TrackPointExtension>
            <ns3:hr>180</ns3:hr>
          </ns3:TrackPointExtension>
        </extensions>
      </trkpt>
      <trkpt lat="51.4176938496530055999755859375" lon="5.47173111699521541595458984375">
        <ele>18.200000762939453125</ele>
        <time>2026-06-21T16:18:16.000Z</time>
        <extensions>
          <ns3:TrackPointExtension>
            <ns3:hr>179</ns3:hr>
          </ns3:TrackPointExtension>
        </extensions>
      </trkpt>
      <trkpt lat="51.4177793450653553009033203125" lon="5.4718265868723392486572265625">
        <ele>18.3999996185302734375</ele>
        <time>2026-06-21T16:18:24.000Z</time>
        <extensions>
          <ns3:TrackPointExtension>
            <ns3:hr>179</ns3:hr>
          </ns3:TrackPointExtension>
        </extensions>
      </trkpt>
      <trkpt lat="51.4179047383368015289306640625" lon="5.471923649311065673828125">
        <ele>18.200000762939453125</ele>
        <time>2026-06-21T16:18:36.000Z</time>
        <extensions>
          <ns3:TrackPointExtension>
            <ns3:hr>180</ns3:hr>
          </ns3:TrackPointExtension>
        </extensions>
      </trkpt>
      <trkpt lat="51.41802820377051830291748046875" lon="5.47197268344461917877197265625">
        <ele>18.200000762939453125</ele>
        <time>2026-06-21T16:18:46.000Z</time>
        <extensions>
          <ns3:TrackPointExtension>
            <ns3:hr>182</ns3:hr>
          </ns3:TrackPointExtension>
        </extensions>
      </trkpt>
      <trkpt lat="51.4180914871394634246826171875" lon="5.47203621827065944671630859375">
        <ele>18.200000762939453125</ele>
        <time>2026-06-21T16:18:53.000Z</time>
        <extensions>
          <ns3:TrackPointExtension>
            <ns3:hr>185</ns3:hr>
          </ns3:TrackPointExtension>
        </extensions>
      </trkpt>
      <trkpt lat="51.41813448630273342132568359375" lon="5.47206874005496501922607421875">
        <ele>18.200000762939453125</ele>
        <time>2026-06-21T16:18:58.000Z</time>
        <extensions>
          <ns3:TrackPointExtension>
            <ns3:hr>186</ns3:hr>
          </ns3:TrackPointExtension>
        </extensions>
      </trkpt>
      <trkpt lat="51.41816533170640468597412109375" lon="5.472078211605548858642578125">
        <ele>18</ele>
        <time>2026-06-21T16:19:01.000Z</time>
        <extensions>
          <ns3:TrackPointExtension>
            <ns3:hr>183</ns3:hr>
          </ns3:TrackPointExtension>
        </extensions>
      </trkpt>
      <trkpt lat="51.418202631175518035888671875" lon="5.4720911197364330291748046875">
        <ele>18</ele>
        <time>2026-06-21T16:19:04.000Z</time>
        <extensions>
          <ns3:TrackPointExtension>
            <ns3:hr>180</ns3:hr>
          </ns3:TrackPointExtension>
        </extensions>
      </trkpt>
      <trkpt lat="51.41823976300656795501708984375" lon="5.472111403942108154296875">
        <ele>18.200000762939453125</ele>
        <time>2026-06-21T16:19:07.000Z</time>
        <extensions>
          <ns3:TrackPointExtension>
            <ns3:hr>180</ns3:hr>
          </ns3:TrackPointExtension>
        </extensions>
      </trkpt>
      <trkpt lat="51.418374292552471160888671875" lon="5.4722389765083789825439453125">
        <ele>18.200000762939453125</ele>
        <time>2026-06-21T16:19:18.000Z</time>
        <extensions>
          <ns3:TrackPointExtension>
            <ns3:hr>181</ns3:hr>
          </ns3:TrackPointExtension>
        </extensions>
      </trkpt>
      <trkpt lat="51.41846557147800922393798828125" lon="5.47231860458850860595703125">
        <ele>18.200000762939453125</ele>
        <time>2026-06-21T16:19:27.000Z</time>
        <extensions>
          <ns3:TrackPointExtension>
            <ns3:hr>180</ns3:hr>
          </ns3:TrackPointExtension>
        </extensions>
      </trkpt>
      <trkpt lat="51.41855039633810520172119140625" lon="5.472358167171478271484375">
        <ele>18.799999237060546875</ele>
        <time>2026-06-21T16:19:36.000Z</time>
        <extensions>
          <ns3:TrackPointExtension>
            <ns3:hr>179</ns3:hr>
          </ns3:TrackPointExtension>
        </extensions>
      </trkpt>
      <trkpt lat="51.41855458728969097137451171875" lon="5.4723657108843326568603515625">
        <ele>19</ele>
        <time>2026-06-21T16:19:37.000Z</time>
        <extensions>
          <ns3:TrackPointExtension>
            <ns3:hr>178</ns3:hr>
          </ns3:TrackPointExtension>
        </extensions>
      </trkpt>
      <trkpt lat="51.41855274327099323272705078125" lon="5.4723724164068698883056640625">
        <ele>18.799999237060546875</ele>
        <time>2026-06-21T16:19:41.000Z</time>
        <extensions>
          <ns3:TrackPointExtension>
            <ns3:hr>180</ns3:hr>
          </ns3:TrackPointExtension>
        </extensions>
      </trkpt>
      <trkpt lat="51.41856975853443145751953125" lon="5.4723891802132129669189453125">
        <ele>18.200000762939453125</ele>
        <time>2026-06-21T16:25:00.000Z</time>
        <extensions>
          <ns3:TrackPointExtension>
            <ns3:hr>176</ns3:hr>
          </ns3:TrackPointExtension>
        </extensions>
      </trkpt>
      <trkpt lat="51.418589539825916290283203125" lon="5.47236076556146144866943359375">
        <ele>18.200000762939453125</ele>
        <time>2026-06-21T16:25:02.000Z</time>
        <extensions>
          <ns3:TrackPointExtension>
            <ns3:hr>176</ns3:hr>
          </ns3:TrackPointExtension>
        </extensions>
      </trkpt>
      <trkpt lat="51.4186490513384342193603515625" lon="5.4723781161010265350341796875">
        <ele>18.200000762939453125</ele>
        <time>2026-06-21T16:25:10.000Z</time>
        <extensions>
          <ns3:TrackPointExtension>
            <ns3:hr>177</ns3:hr>
          </ns3:TrackPointExtension>
        </extensions>
      </trkpt>
      <trkpt lat="51.4186698384582996368408203125" lon="5.47239345498383045196533203125">
        <ele>18.200000762939453125</ele>
        <time>2026-06-21T16:25:13.000Z</time>
        <extensions>
          <ns3:TrackPointExtension>
            <ns3:hr>174</ns3:hr>
          </ns3:TrackPointExtension>
        </extensions>
      </trkpt>
      <trkpt lat="51.41869976185262203216552734375" lon="5.47241977415978908538818359375">
        <ele>17.799999237060546875</ele>
        <time>2026-06-21T16:25:16.000Z</time>
        <extensions>
          <ns3:TrackPointExtension>
            <ns3:hr>173</ns3:hr>
          </ns3:TrackPointExtension>
        </extensions>
      </trkpt>
      <trkpt lat="51.41874544322490692138671875" lon="5.4724461771547794342041015625">
        <ele>17.799999237060546875</ele>
        <time>2026-06-21T16:25:20.000Z</time>
        <extensions>
          <ns3:TrackPointExtension>
            <ns3:hr>174</ns3:hr>
          </ns3:TrackPointExtension>
        </extensions>
      </trkpt>
      <trkpt lat="51.4188877679407596588134765625" lon="5.47251281328499317169189453125">
        <ele>17.3999996185302734375</ele>
        <time>2026-06-21T16:25:31.000Z</time>
        <extensions>
          <ns3:TrackPointExtension>
            <ns3:hr>173</ns3:hr>
          </ns3:TrackPointExtension>
        </extensions>
      </trkpt>
      <trkpt lat="51.41898256726562976837158203125" lon="5.4725806228816509246826171875">
        <ele>17.6000003814697265625</ele>
        <time>2026-06-21T16:25:40.000Z</time>
        <extensions>
          <ns3:TrackPointExtension>
            <ns3:hr>174</ns3:hr>
          </ns3:TrackPointExtension>
        </extensions>
      </trkpt>
      <trkpt lat="51.419077031314373016357421875" lon="5.472605936229228973388671875">
        <ele>17.6000003814697265625</ele>
        <time>2026-06-21T16:25:48.000Z</time>
        <extensions>
          <ns3:TrackPointExtension>
            <ns3:hr>174</ns3:hr>
          </ns3:TrackPointExtension>
        </extensions>
      </trkpt>
      <trkpt lat="51.41917786560952663421630859375" lon="5.47264826484024524688720703125">
        <ele>17.3999996185302734375</ele>
        <time>2026-06-21T16:25:56.000Z</time>
        <extensions>
          <ns3:TrackPointExtension>
            <ns3:hr>176</ns3:hr>
          </ns3:TrackPointExtension>
        </extensions>
      </trkpt>
      <trkpt lat="51.41928146593272686004638671875" lon="5.47271012328565120697021484375">
        <ele>17.6000003814697265625</ele>
        <time>2026-06-21T16:26:05.000Z</time>
        <extensions>
          <ns3:TrackPointExtension>
            <ns3:hr>176</ns3:hr>
          </ns3:TrackPointExtension>
        </extensions>
      </trkpt>
      <trkpt lat="51.4193977229297161102294921875" lon="5.472774915397167205810546875">
        <ele>17.799999237060546875</ele>
        <time>2026-06-21T16:26:16.000Z</time>
        <extensions>
          <ns3:TrackPointExtension>
            <ns3:hr>176</ns3:hr>
          </ns3:TrackPointExtension>
        </extensions>
      </trkpt>
      <trkpt lat="51.41949780285358428955078125" lon="5.4728364385664463043212890625">
        <ele>18.3999996185302734375</ele>
        <time>2026-06-21T16:26:25.000Z</time>
        <extensions>
          <ns3:TrackPointExtension>
            <ns3:hr>175</ns3:hr>
          </ns3:TrackPointExtension>
        </extensions>
      </trkpt>
      <trkpt lat="51.41957424581050872802734375" lon="5.47288723289966583251953125">
        <ele>17.6000003814697265625</ele>
        <time>2026-06-21T16:26:33.000Z</time>
        <extensions>
          <ns3:TrackPointExtension>
            <ns3:hr>176</ns3:hr>
          </ns3:TrackPointExtension>
        </extensions>
      </trkpt>
      <trkpt lat="51.41972503624856472015380859375" lon="5.4729366861283779144287109375">
        <ele>17.6000003814697265625</ele>
        <time>2026-06-21T16:26:45.000Z</time>
        <extensions>
          <ns3:TrackPointExtension>
            <ns3:hr>177</ns3:hr>
          </ns3:TrackPointExtension>
        </extensions>
      </trkpt>
      <trkpt lat="51.419821344316005706787109375" lon="5.4730060882866382598876953125">
        <ele>18</ele>
        <time>2026-06-21T16:26:53.000Z</time>
        <extensions>
          <ns3:TrackPointExtension>
            <ns3:hr>176</ns3:hr>
          </ns3:TrackPointExtension>
        </extensions>
      </trkpt>
      <trkpt lat="51.41993810422718524932861328125" lon="5.47307507134974002838134765625">
        <ele>17.799999237060546875</ele>
        <time>2026-06-21T16:27:03.000Z</time>
        <extensions>
          <ns3:TrackPointExtension>
            <ns3:hr>177</ns3:hr>
          </ns3:TrackPointExtension>
        </extensions>
      </trkpt>
      <trkpt lat="51.42003650777041912078857421875" lon="5.47311848960816860198974609375">
        <ele>17.3999996185302734375</ele>
        <time>2026-06-21T16:27:11.000Z</time>
        <extensions>
          <ns3:TrackPointExtension>
            <ns3:hr>178</ns3:hr>
          </ns3:TrackPointExtension>
        </extensions>
      </trkpt>
      <trkpt lat="51.42014689743518829345703125" lon="5.4731817729771137237548828125">
        <ele>17.6000003814697265625</ele>
        <time>2026-06-21T16:27:20.000Z</time>
        <extensions>
          <ns3:TrackPointExtension>
            <ns3:hr>177</ns3:hr>
          </ns3:TrackPointExtension>
        </extensions>
      </trkpt>
      <trkpt lat="51.4202188141644001007080078125" lon="5.47321354039013385772705078125">
        <ele>17.3999996185302734375</ele>
        <time>2026-06-21T16:27:27.000Z</time>
        <extensions>
          <ns3:TrackPointExtension>
            <ns3:hr>178</ns3:hr>
          </ns3:TrackPointExtension>
        </extensions>
      </trkpt>
      <trkpt lat="51.42031746916472911834716796875" lon="5.4732716269791126251220703125">
        <ele>17.3999996185302734375</ele>
        <time>2026-06-21T16:27:35.000Z</time>
        <extensions>
          <ns3:TrackPointExtension>
            <ns3:hr>177</ns3:hr>
          </ns3:TrackPointExtension>
        </extensions>
      </trkpt>
      <trkpt lat="51.42043590545654296875" lon="5.47333943657577037811279296875">
        <ele>17.3999996185302734375</ele>
        <time>2026-06-21T16:27:46.000Z</time>
        <extensions>
          <ns3:TrackPointExtension>
            <ns3:hr>177</ns3:hr>
          </ns3:TrackPointExtension>
        </extensions>
      </trkpt>
      <trkpt lat="51.42054394818842411041259765625" lon="5.47339643351733684539794921875">
        <ele>17.3999996185302734375</ele>
        <time>2026-06-21T16:27:53.000Z</time>
        <extensions>
          <ns3:TrackPointExtension>
            <ns3:hr>178</ns3:hr>
          </ns3:TrackPointExtension>
        </extensions>
      </trkpt>
      <trkpt lat="51.4206355623900890350341796875" lon="5.4733948409557342529296875">
        <ele>17.200000762939453125</ele>
        <time>2026-06-21T16:28:01.000Z</time>
        <extensions>
          <ns3:TrackPointExtension>
            <ns3:hr>178</ns3:hr>
          </ns3:TrackPointExtension>
        </extensions>
      </trkpt>
      <trkpt lat="51.42075844109058380126953125" lon="5.47340179793536663055419921875">
        <ele>17.200000762939453125</ele>
        <time>2026-06-21T16:28:12.000Z</time>
        <extensions>
          <ns3:TrackPointExtension>
            <ns3:hr>177</ns3:hr>
          </ns3:TrackPointExtension>
        </extensions>
      </trkpt>
      <trkpt lat="51.4208555035293102264404296875" lon="5.4733919911086559295654296875">
        <ele>17.3999996185302734375</ele>
        <time>2026-06-21T16:28:20.000Z</time>
        <extensions>
          <ns3:TrackPointExtension>
            <ns3:hr>177</ns3:hr>
          </ns3:TrackPointExtension>
        </extensions>
      </trkpt>
      <trkpt lat="51.4209594391286373138427734375" lon="5.47333625145256519317626953125">
        <ele>17.200000762939453125</ele>
        <time>2026-06-21T16:28:29.000Z</time>
        <extensions>
          <ns3:TrackPointExtension>
            <ns3:hr>178</ns3:hr>
          </ns3:TrackPointExtension>
        </extensions>
      </trkpt>
      <trkpt lat="51.42107494175434112548828125" lon="5.47327104024589061737060546875">
        <ele>17</ele>
        <time>2026-06-21T16:28:39.000Z</time>
        <extensions>
          <ns3:TrackPointExtension>
            <ns3:hr>178</ns3:hr>
          </ns3:TrackPointExtension>
        </extensions>
      </trkpt>
      <trkpt lat="51.42116077244281768798828125" lon="5.47321454621851444244384765625">
        <ele>17.200000762939453125</ele>
        <time>2026-06-21T16:28:47.000Z</time>
        <extensions>
          <ns3:TrackPointExtension>
            <ns3:hr>178</ns3:hr>
          </ns3:TrackPointExtension>
        </extensions>
      </trkpt>
      <trkpt lat="51.4213155023753643035888671875" lon="5.4731106944382190704345703125">
        <ele>17.200000762939453125</ele>
        <time>2026-06-21T16:28:58.000Z</time>
        <extensions>
          <ns3:TrackPointExtension>
            <ns3:hr>177</ns3:hr>
          </ns3:TrackPointExtension>
        </extensions>
      </trkpt>
      <trkpt lat="51.42137727700173854827880859375" lon="5.47303366474807262420654296875">
        <ele>17.3999996185302734375</ele>
        <time>2026-06-21T16:29:06.000Z</time>
        <extensions>
          <ns3:TrackPointExtension>
            <ns3:hr>177</ns3:hr>
          </ns3:TrackPointExtension>
        </extensions>
      </trkpt>
      <trkpt lat="51.42144232057034969329833984375" lon="5.47294749878346920013427734375">
        <ele>17.200000762939453125</ele>
        <time>2026-06-21T16:29:14.000Z</time>
        <extensions>
          <ns3:TrackPointExtension>
            <ns3:hr>177</ns3:hr>
          </ns3:TrackPointExtension>
        </extensions>
      </trkpt>
      <trkpt lat="51.42151759006083011627197265625" lon="5.47284088097512722015380859375">
        <ele>16.799999237060546875</ele>
        <time>2026-06-21T16:29:21.000Z</time>
        <extensions>
          <ns3:TrackPointExtension>
            <ns3:hr>177</ns3:hr>
          </ns3:TrackPointExtension>
        </extensions>
      </trkpt>
      <trkpt lat="51.42159931361675262451171875" lon="5.47272806055843830108642578125">
        <ele>16.799999237060546875</ele>
        <time>2026-06-21T16:29:30.000Z</time>
        <extensions>
          <ns3:TrackPointExtension>
            <ns3:hr>178</ns3:hr>
          </ns3:TrackPointExtension>
        </extensions>
      </trkpt>
      <trkpt lat="51.42163979820907115936279296875" lon="5.472657568752765655517578125">
        <ele>16.799999237060546875</ele>
        <time>2026-06-21T16:29:35.000Z</time>
        <extensions>
          <ns3:TrackPointExtension>
            <ns3:hr>178</ns3:hr>
          </ns3:TrackPointExtension>
        </extensions>
      </trkpt>
      <trkpt lat="51.42167416401207447052001953125" lon="5.472615994513034820556640625">
        <ele>16.799999237060546875</ele>
        <time>2026-06-21T16:29:39.000Z</time>
        <extensions>
          <ns3:TrackPointExtension>
            <ns3:hr>178</ns3:hr>
          </ns3:TrackPointExtension>
        </extensions>
      </trkpt>
      <trkpt lat="51.42174205742776393890380859375" lon="5.4725276492536067962646484375">
        <ele>16.799999237060546875</ele>
        <time>2026-06-21T16:29:46.000Z</time>
        <extensions>
          <ns3:TrackPointExtension>
            <ns3:hr>179</ns3:hr>
          </ns3:TrackPointExtension>
        </extensions>
      </trkpt>
      <trkpt lat="51.4218435622751712799072265625" lon="5.47240183688700199127197265625">
        <ele>16.799999237060546875</ele>
        <time>2026-06-21T16:29:58.000Z</time>
        <extensions>
          <ns3:TrackPointExtension>
            <ns3:hr>179</ns3:hr>
          </ns3:TrackPointExtension>
        </extensions>
      </trkpt>
      <trkpt lat="51.4219364337623119354248046875" lon="5.47222766093909740447998046875">
        <ele>16.6000003814697265625</ele>
        <time>2026-06-21T16:30:08.000Z</time>
        <extensions>
          <ns3:TrackPointExtension>
            <ns3:hr>177</ns3:hr>
          </ns3:TrackPointExtension>
        </extensions>
      </trkpt>
      <trkpt lat="51.42203793860971927642822265625" lon="5.47205750830471515655517578125">
        <ele>16.6000003814697265625</ele>
        <time>2026-06-21T16:30:19.000Z</time>
        <extensions>
          <ns3:TrackPointExtension>
            <ns3:hr>176</ns3:hr>
          </ns3:TrackPointExtension>
        </extensions>
      </trkpt>
      <trkpt lat="51.4220960251986980438232421875" lon="5.471920631825923919677734375">
        <ele>16.3999996185302734375</ele>
        <time>2026-06-21T16:30:28.000Z</time>
        <extensions>
          <ns3:TrackPointExtension>
            <ns3:hr>176</ns3:hr>
          </ns3:TrackPointExtension>
        </extensions>
      </trkpt>
      <trkpt lat="51.42215310595929622650146484375" lon="5.47176531516015529632568359375">
        <ele>16.3999996185302734375</ele>
        <time>2026-06-21T16:30:37.000Z</time>
        <extensions>
          <ns3:TrackPointExtension>
            <ns3:hr>176</ns3:hr>
          </ns3:TrackPointExtension>
        </extensions>
      </trkpt>
      <trkpt lat="51.4222355000674724578857421875" lon="5.4715845175087451934814453125">
        <ele>16.3999996185302734375</ele>
        <time>2026-06-21T16:30:48.000Z</time>
        <extensions>
          <ns3:TrackPointExtension>
            <ns3:hr>176</ns3:hr>
          </ns3:TrackPointExtension>
        </extensions>
      </trkpt>
      <trkpt lat="51.42228889279067516326904296875" lon="5.47143456526100635528564453125">
        <ele>16.6000003814697265625</ele>
        <time>2026-06-21T16:30:57.000Z</time>
        <extensions>
          <ns3:TrackPointExtension>
            <ns3:hr>175</ns3:hr>
          </ns3:TrackPointExtension>
        </extensions>
      </trkpt>
      <trkpt lat="51.42233264632523059844970703125" lon="5.471310429275035858154296875">
        <ele>16.6000003814697265625</ele>
        <time>2026-06-21T16:31:03.000Z</time>
        <extensions>
          <ns3:TrackPointExtension>
            <ns3:hr>175</ns3:hr>
          </ns3:TrackPointExtension>
        </extensions>
      </trkpt>
      <trkpt lat="51.42235008068382740020751953125" lon="5.4712542705237865447998046875">
        <ele>16.799999237060546875</ele>
        <time>2026-06-21T16:31:07.000Z</time>
        <extensions>
          <ns3:TrackPointExtension>
            <ns3:hr>175</ns3:hr>
          </ns3:TrackPointExtension>
        </extensions>
      </trkpt>
      <trkpt lat="51.422415710985660552978515625" lon="5.4711149632930755615234375">
        <ele>16.6000003814697265625</ele>
        <time>2026-06-21T16:31:16.000Z</time>
        <extensions>
          <ns3:TrackPointExtension>
            <ns3:hr>176</ns3:hr>
          </ns3:TrackPointExtension>
        </extensions>
      </trkpt>
      <trkpt lat="51.42249207012355327606201171875" lon="5.4709558747708797454833984375">
        <ele>16.6000003814697265625</ele>
        <time>2026-06-21T16:31:25.000Z</time>
        <extensions>
          <ns3:TrackPointExtension>
            <ns3:hr>177</ns3:hr>
          </ns3:TrackPointExtension>
        </extensions>
      </trkpt>
      <trkpt lat="51.42254588194191455841064453125" lon="5.47082335688173770904541015625">
        <ele>16.6000003814697265625</ele>
        <time>2026-06-21T16:31:34.000Z</time>
        <extensions>
          <ns3:TrackPointExtension>
            <ns3:hr>176</ns3:hr>
          </ns3:TrackPointExtension>
        </extensions>
      </trkpt>
      <trkpt lat="51.422585360705852508544921875" lon="5.47066141851246356964111328125">
        <ele>16.6000003814697265625</ele>
        <time>2026-06-21T16:31:42.000Z</time>
        <extensions>
          <ns3:TrackPointExtension>
            <ns3:hr>177</ns3:hr>
          </ns3:TrackPointExtension>
        </extensions>
      </trkpt>
      <trkpt lat="51.4226418547332286834716796875" lon="5.47056452371180057525634765625">
        <ele>16.6000003814697265625</ele>
        <time>2026-06-21T16:31:49.000Z</time>
        <extensions>
          <ns3:TrackPointExtension>
            <ns3:hr>175</ns3:hr>
          </ns3:TrackPointExtension>
        </extensions>
      </trkpt>
      <trkpt lat="51.422730870544910430908203125" lon="5.47042186371982097625732421875">
        <ele>16.6000003814697265625</ele>
        <time>2026-06-21T16:31:58.000Z</time>
        <extensions>
          <ns3:TrackPointExtension>
            <ns3:hr>175</ns3:hr>
          </ns3:TrackPointExtension>
        </extensions>
      </trkpt>
      <trkpt lat="51.42281033098697662353515625" lon="5.47033913433551788330078125">
        <ele>16.799999237060546875</ele>
        <time>2026-06-21T16:32:06.000Z</time>
        <extensions>
          <ns3:TrackPointExtension>
            <ns3:hr>176</ns3:hr>
          </ns3:TrackPointExtension>
        </extensions>
      </trkpt>
      <trkpt lat="51.4229107461869716644287109375" lon="5.47020896337926387786865234375">
        <ele>17</ele>
        <time>2026-06-21T16:32:16.000Z</time>
        <extensions>
          <ns3:TrackPointExtension>
            <ns3:hr>175</ns3:hr>
          </ns3:TrackPointExtension>
        </extensions>
      </trkpt>
      <trkpt lat="51.42294100485742092132568359375" lon="5.4701512120664119720458984375">
        <ele>17.200000762939453125</ele>
        <time>2026-06-21T16:32:20.000Z</time>
        <extensions>
          <ns3:TrackPointExtension>
            <ns3:hr>178</ns3:hr>
          </ns3:TrackPointExtension>
        </extensions>
      </trkpt>
      <trkpt lat="51.4229746162891387939453125" lon="5.4701079614460468292236328125">
        <ele>17.6000003814697265625</ele>
        <time>2026-06-21T16:32:24.000Z</time>
        <extensions>
          <ns3:TrackPointExtension>
            <ns3:hr>177</ns3:hr>
          </ns3:TrackPointExtension>
        </extensions>
      </trkpt>
      <trkpt lat="51.42305801622569561004638671875" lon="5.46996739692986011505126953125">
        <ele>17.799999237060546875</ele>
        <time>2026-06-21T16:32:35.000Z</time>
        <extensions>
          <ns3:TrackPointExtension>
            <ns3:hr>178</ns3:hr>
          </ns3:TrackPointExtension>
        </extensions>
      </trkpt>
      <trkpt lat="51.423062123358249664306640625" lon="5.46994887292385101318359375">
        <ele>17.799999237060546875</ele>
        <time>2026-06-21T16:32:36.000Z</time>
        <extensions>
          <ns3:TrackPointExtension>
            <ns3:hr>177</ns3:hr>
          </ns3:TrackPointExtension>
        </extensions>
      </trkpt>
      <trkpt lat="51.4231370575726032257080078125" lon="5.46980805695056915283203125">
        <ele>17</ele>
        <time>2026-06-21T16:32:46.000Z</time>
        <extensions>
          <ns3:TrackPointExtension>
            <ns3:hr>177</ns3:hr>
          </ns3:TrackPointExtension>
        </extensions>
      </trkpt>
      <trkpt lat="51.4232225529849529266357421875" lon="5.4696902073919773101806640625">
        <ele>17</ele>
        <time>2026-06-21T16:32:55.000Z</time>
        <extensions>
          <ns3:TrackPointExtension>
            <ns3:hr>178</ns3:hr>
          </ns3:TrackPointExtension>
        </extensions>
      </trkpt>
      <trkpt lat="51.42330427654087543487548828125" lon="5.46963212080299854278564453125">
        <ele>16.799999237060546875</ele>
        <time>2026-06-21T16:33:02.000Z</time>
        <extensions>
          <ns3:TrackPointExtension>
            <ns3:hr>178</ns3:hr>
          </ns3:TrackPointExtension>
        </extensions>
      </trkpt>
      <trkpt lat="51.42332539893686771392822265625" lon="5.4696402512490749359130859375">
        <ele>16.799999237060546875</ele>
        <time>2026-06-21T16:33:04.000Z</time>
        <extensions>
          <ns3:TrackPointExtension>
            <ns3:hr>177</ns3:hr>
          </ns3:TrackPointExtension>
        </extensions>
      </trkpt>
      <trkpt lat="51.42341374419629573822021484375" lon="5.4697787202894687652587890625">
        <ele>16.799999237060546875</ele>
        <time>2026-06-21T16:33:13.000Z</time>
        <extensions>
          <ns3:TrackPointExtension>
            <ns3:hr>178</ns3:hr>
          </ns3:TrackPointExtension>
        </extensions>
      </trkpt>
      <trkpt lat="51.42346420325338840484619140625" lon="5.46990989707410335540771484375">
        <ele>17.200000762939453125</ele>
        <time>2026-06-21T16:33:21.000Z</time>
        <extensions>
          <ns3:TrackPointExtension>
            <ns3:hr>176</ns3:hr>
          </ns3:TrackPointExtension>
        </extensions>
      </trkpt>
      <trkpt lat="51.42353494651615619659423828125" lon="5.470067225396633148193359375">
        <ele>16.6000003814697265625</ele>
        <time>2026-06-21T16:33:32.000Z</time>
        <extensions>
          <ns3:TrackPointExtension>
            <ns3:hr>176</ns3:hr>
          </ns3:TrackPointExtension>
        </extensions>
      </trkpt>
      <trkpt lat="51.42355841584503650665283203125" lon="5.4701440036296844482421875">
        <ele>17.200000762939453125</ele>
        <time>2026-06-21T16:33:40.000Z</time>
        <extensions>
          <ns3:TrackPointExtension>
            <ns3:hr>174</ns3:hr>
          </ns3:TrackPointExtension>
        </extensions>
      </trkpt>
      <trkpt lat="51.42359563149511814117431640625" lon="5.4702363722026348114013671875">
        <ele>16.6000003814697265625</ele>
        <time>2026-06-21T16:33:47.000Z</time>
        <extensions>
          <ns3:TrackPointExtension>
            <ns3:hr>174</ns3:hr>
          </ns3:TrackPointExtension>
        </extensions>
      </trkpt>
      <trkpt lat="51.42362379468977451324462890625" lon="5.47041163779795169830322265625">
        <ele>17.200000762939453125</ele>
        <time>2026-06-21T16:33:55.000Z</time>
        <extensions>
          <ns3:TrackPointExtension>
            <ns3:hr>175</ns3:hr>
          </ns3:TrackPointExtension>
        </extensions>
      </trkpt>
      <trkpt lat="51.42366059124469757080078125" lon="5.470611043274402618408203125">
        <ele>16.3999996185302734375</ele>
        <time>2026-06-21T16:34:05.000Z</time>
        <extensions>
          <ns3:TrackPointExtension>
            <ns3:hr>177</ns3:hr>
          </ns3:TrackPointExtension>
        </extensions>
      </trkpt>
      <trkpt lat="51.423711888492107391357421875" lon="5.4707718081772327423095703125">
        <ele>16.6000003814697265625</ele>
        <time>2026-06-21T16:34:15.000Z</time>
        <extensions>
          <ns3:TrackPointExtension>
            <ns3:hr>178</ns3:hr>
          </ns3:TrackPointExtension>
        </extensions>
      </trkpt>
      <trkpt lat="51.42378975637257099151611328125" lon="5.470904745161533355712890625">
        <ele>16.200000762939453125</ele>
        <time>2026-06-21T16:34:23.000Z</time>
        <extensions>
          <ns3:TrackPointExtension>
            <ns3:hr>178</ns3:hr>
          </ns3:TrackPointExtension>
        </extensions>
      </trkpt>
      <trkpt lat="51.423880867660045623779296875" lon="5.47105184756219387054443359375">
        <ele>16</ele>
        <time>2026-06-21T16:34:32.000Z</time>
        <extensions>
          <ns3:TrackPointExtension>
            <ns3:hr>179</ns3:hr>
          </ns3:TrackPointExtension>
        </extensions>
      </trkpt>
      <trkpt lat="51.4239467494189739227294921875" lon="5.471154861152172088623046875">
        <ele>17</ele>
        <time>2026-06-21T16:34:40.000Z</time>
        <extensions>
          <ns3:TrackPointExtension>
            <ns3:hr>179</ns3:hr>
          </ns3:TrackPointExtension>
        </extensions>
      </trkpt>
      <trkpt lat="51.4240590669214725494384765625" lon="5.4712613113224506378173828125">
        <ele>16</ele>
        <time>2026-06-21T16:34:50.000Z</time>
        <extensions>
          <ns3:TrackPointExtension>
            <ns3:hr>177</ns3:hr>
          </ns3:TrackPointExtension>
        </extensions>
      </trkpt>
      <trkpt lat="51.4241529442369937896728515625" lon="5.47134228050708770751953125">
        <ele>16</ele>
        <time>2026-06-21T16:34:59.000Z</time>
        <extensions>
          <ns3:TrackPointExtension>
            <ns3:hr>177</ns3:hr>
          </ns3:TrackPointExtension>
        </extensions>
      </trkpt>
      <trkpt lat="51.424252353608608245849609375" lon="5.471419729292392730712890625">
        <ele>16</ele>
        <time>2026-06-21T16:35:09.000Z</time>
        <extensions>
          <ns3:TrackPointExtension>
            <ns3:hr>177</ns3:hr>
          </ns3:TrackPointExtension>
        </extensions>
      </trkpt>
      <trkpt lat="51.42437665723264217376708984375" lon="5.47146054916083812713623046875">
        <ele>17</ele>
        <time>2026-06-21T16:35:20.000Z</time>
        <extensions>
          <ns3:TrackPointExtension>
            <ns3:hr>177</ns3:hr>
          </ns3:TrackPointExtension>
        </extensions>
      </trkpt>
      <trkpt lat="51.4244996197521686553955078125" lon="5.4715164564549922943115234375">
        <ele>16.799999237060546875</ele>
        <time>2026-06-21T16:35:30.000Z</time>
        <extensions>
          <ns3:TrackPointExtension>
            <ns3:hr>177</ns3:hr>
          </ns3:TrackPointExtension>
        </extensions>
      </trkpt>
      <trkpt lat="51.42459123395383358001708984375" lon="5.47157563269138336181640625">
        <ele>16.200000762939453125</ele>
        <time>2026-06-21T16:35:39.000Z</time>
        <extensions>
          <ns3:TrackPointExtension>
            <ns3:hr>177</ns3:hr>
          </ns3:TrackPointExtension>
        </extensions>
      </trkpt>
      <trkpt lat="51.424694918096065521240234375" lon="5.47168250195682048797607421875">
        <ele>16.200000762939453125</ele>
        <time>2026-06-21T16:35:50.000Z</time>
        <extensions>
          <ns3:TrackPointExtension>
            <ns3:hr>177</ns3:hr>
          </ns3:TrackPointExtension>
        </extensions>
      </trkpt>
      <trkpt lat="51.42479994334280490875244140625" lon="5.47177587635815143585205078125">
        <ele>16.3999996185302734375</ele>
        <time>2026-06-21T16:36:01.000Z</time>
        <extensions>
          <ns3:TrackPointExtension>
            <ns3:hr>177</ns3:hr>
          </ns3:TrackPointExtension>
        </extensions>
      </trkpt>
      <trkpt lat="51.42493732273578643798828125" lon="5.47185315750539302825927734375">
        <ele>16.6000003814697265625</ele>
        <time>2026-06-21T16:36:13.000Z</time>
        <extensions>
          <ns3:TrackPointExtension>
            <ns3:hr>179</ns3:hr>
          </ns3:TrackPointExtension>
        </extensions>
      </trkpt>
      <trkpt lat="51.42497596330940723419189453125" lon="5.47175274230539798736572265625">
        <ele>18</ele>
        <time>2026-06-21T16:36:21.000Z</time>
        <extensions>
          <ns3:TrackPointExtension>
            <ns3:hr>180</ns3:hr>
          </ns3:TrackPointExtension>
        </extensions>
      </trkpt>
      <trkpt lat="51.42499499022960662841796875" lon="5.47165718860924243927001953125">
        <ele>17</ele>
        <time>2026-06-21T16:36:26.000Z</time>
        <extensions>
          <ns3:TrackPointExtension>
            <ns3:hr>183</ns3:hr>
          </ns3:TrackPointExtension>
        </extensions>
      </trkpt>
      <trkpt lat="51.42500437796115875244140625" lon="5.47162030823528766632080078125">
        <ele>17</ele>
        <time>2026-06-21T16:36:28.000Z</time>
        <extensions>
          <ns3:TrackPointExtension>
            <ns3:hr>184</ns3:hr>
          </ns3:TrackPointExtension>
        </extensions>
      </trkpt>
      <trkpt lat="51.42504922114312648773193359375" lon="5.47143188305199146270751953125">
        <ele>17.200000762939453125</ele>
        <time>2026-06-21T16:36:37.000Z</time>
        <extensions>
          <ns3:TrackPointExtension>
            <ns3:hr>184</ns3:hr>
          </ns3:TrackPointExtension>
        </extensions>
      </trkpt>
      <trkpt lat="51.4250789768993854522705078125" lon="5.4713424481451511383056640625">
        <ele>17.200000762939453125</ele>
        <time>2026-06-21T16:36:43.000Z</time>
        <extensions>
          <ns3:TrackPointExtension>
            <ns3:hr>181</ns3:hr>
          </ns3:TrackPointExtension>
        </extensions>
      </trkpt>
      <trkpt lat="51.42509289085865020751953125" lon="5.47132308594882488250732421875">
        <ele>17.200000762939453125</ele>
        <time>2026-06-21T16:36:45.000Z</time>
        <extensions>
          <ns3:TrackPointExtension>
            <ns3:hr>179</ns3:hr>
          </ns3:TrackPointExtension>
        </extensions>
      </trkpt>
      <trkpt lat="51.42518945038318634033203125" lon="5.47126960940659046173095703125">
        <ele>16.799999237060546875</ele>
        <time>2026-06-21T16:36:54.000Z</time>
        <extensions>
          <ns3:TrackPointExtension>
            <ns3:hr>178</ns3:hr>
          </ns3:TrackPointExtension>
        </extensions>
      </trkpt>
      <trkpt lat="51.42521702684462070465087890625" lon="5.47128033824265003204345703125">
        <ele>15.80000019073486328125</ele>
        <time>2026-06-21T16:36:58.000Z</time>
        <extensions>
          <ns3:TrackPointExtension>
            <ns3:hr>178</ns3:hr>
          </ns3:TrackPointExtension>
        </extensions>
      </trkpt>
      <trkpt lat="51.425218619406223297119140625" lon="5.47130028717219829559326171875">
        <ele>15.6000003814697265625</ele>
        <time>2026-06-21T16:36:59.000Z</time>
        <extensions>
          <ns3:TrackPointExtension>
            <ns3:hr>178</ns3:hr>
          </ns3:TrackPointExtension>
        </extensions>
      </trkpt>
      <trkpt lat="51.4252201281487941741943359375" lon="5.47145090997219085693359375">
        <ele>15.19999980926513671875</ele>
        <time>2026-06-21T16:37:06.000Z</time>
        <extensions>
          <ns3:TrackPointExtension>
            <ns3:hr>180</ns3:hr>
          </ns3:TrackPointExtension>
        </extensions>
      </trkpt>
      <trkpt lat="51.42526178620755672454833984375" lon="5.47157387249171733856201171875">
        <ele>14.80000019073486328125</ele>
        <time>2026-06-21T16:37:13.000Z</time>
        <extensions>
          <ns3:TrackPointExtension>
            <ns3:hr>178</ns3:hr>
          </ns3:TrackPointExtension>
        </extensions>
      </trkpt>
      <trkpt lat="51.4253186993300914764404296875" lon="5.47160907648503780364990234375">
        <ele>14.6000003814697265625</ele>
        <time>2026-06-21T16:37:18.000Z</time>
        <extensions>
          <ns3:TrackPointExtension>
            <ns3:hr>177</ns3:hr>
          </ns3:TrackPointExtension>
        </extensions>
      </trkpt>
      <trkpt lat="51.42534811981022357940673828125" lon="5.471624918282032012939453125">
        <ele>14.3999996185302734375</ele>
        <time>2026-06-21T16:37:21.000Z</time>
        <extensions>
          <ns3:TrackPointExtension>
            <ns3:hr>177</ns3:hr>
          </ns3:TrackPointExtension>
        </extensions>
      </trkpt>
      <trkpt lat="51.4254642091691493988037109375" lon="5.47169541008770465850830078125">
        <ele>14.3999996185302734375</ele>
        <time>2026-06-21T16:37:32.000Z</time>
        <extensions>
          <ns3:TrackPointExtension>
            <ns3:hr>175</ns3:hr>
          </ns3:TrackPointExtension>
        </extensions>
      </trkpt>
      <trkpt lat="51.42557225190103054046630859375" lon="5.47173748724162578582763671875">
        <ele>14.3999996185302734375</ele>
        <time>2026-06-21T16:37:39.000Z</time>
        <extensions>
          <ns3:TrackPointExtension>
            <ns3:hr>175</ns3:hr>
          </ns3:TrackPointExtension>
        </extensions>
      </trkpt>
      <trkpt lat="51.42562254332005977630615234375" lon="5.47177772037684917449951171875">
        <ele>14.80000019073486328125</ele>
        <time>2026-06-21T16:37:44.000Z</time>
        <extensions>
          <ns3:TrackPointExtension>
            <ns3:hr>176</ns3:hr>
          </ns3:TrackPointExtension>
        </extensions>
      </trkpt>
      <trkpt lat="51.42569831572473049163818359375" lon="5.47182776033878326416015625">
        <ele>15.19999980926513671875</ele>
        <time>2026-06-21T16:37:51.000Z</time>
        <extensions>
          <ns3:TrackPointExtension>
            <ns3:hr>176</ns3:hr>
          </ns3:TrackPointExtension>
        </extensions>
      </trkpt>
      <trkpt lat="51.4257884211838245391845703125" lon="5.47187872231006622314453125">
        <ele>15.6000003814697265625</ele>
        <time>2026-06-21T16:37:59.000Z</time>
        <extensions>
          <ns3:TrackPointExtension>
            <ns3:hr>177</ns3:hr>
          </ns3:TrackPointExtension>
        </extensions>
      </trkpt>
      <trkpt lat="51.42580174840986728668212890625" lon="5.47195977531373500823974609375">
        <ele>16.6000003814697265625</ele>
        <time>2026-06-21T16:38:05.000Z</time>
        <extensions>
          <ns3:TrackPointExtension>
            <ns3:hr>179</ns3:hr>
          </ns3:TrackPointExtension>
        </extensions>
      </trkpt>
      <trkpt lat="51.425820775330066680908203125" lon="5.47208215110003948211669921875">
        <ele>16.799999237060546875</ele>
        <time>2026-06-21T16:38:13.000Z</time>
        <extensions>
          <ns3:TrackPointExtension>
            <ns3:hr>181</ns3:hr>
          </ns3:TrackPointExtension>
        </extensions>
      </trkpt>
      <trkpt lat="51.42588707618415355682373046875" lon="5.4721601866185665130615234375">
        <ele>16.3999996185302734375</ele>
        <time>2026-06-21T16:38:22.000Z</time>
        <extensions>
          <ns3:TrackPointExtension>
            <ns3:hr>181</ns3:hr>
          </ns3:TrackPointExtension>
        </extensions>
      </trkpt>
      <trkpt lat="51.42600811086595058441162109375" lon="5.47222212888300418853759765625">
        <ele>16.3999996185302734375</ele>
        <time>2026-06-21T16:38:33.000Z</time>
        <extensions>
          <ns3:TrackPointExtension>
            <ns3:hr>180</ns3:hr>
          </ns3:TrackPointExtension>
        </extensions>
      </trkpt>
      <trkpt lat="51.4261421374976634979248046875" lon="5.4722802154719829559326171875">
        <ele>16.3999996185302734375</ele>
        <time>2026-06-21T16:38:43.000Z</time>
        <extensions>
          <ns3:TrackPointExtension>
            <ns3:hr>178</ns3:hr>
          </ns3:TrackPointExtension>
        </extensions>
      </trkpt>
      <trkpt lat="51.4262470789253711700439453125" lon="5.472377277910709381103515625">
        <ele>16.799999237060546875</ele>
        <time>2026-06-21T16:38:53.000Z</time>
        <extensions>
          <ns3:TrackPointExtension>
            <ns3:hr>179</ns3:hr>
          </ns3:TrackPointExtension>
        </extensions>
      </trkpt>
      <trkpt lat="51.42632980830967426300048828125" lon="5.472483225166797637939453125">
        <ele>16.6000003814697265625</ele>
        <time>2026-06-21T16:39:02.000Z</time>
        <extensions>
          <ns3:TrackPointExtension>
            <ns3:hr>180</ns3:hr>
          </ns3:TrackPointExtension>
        </extensions>
      </trkpt>
      <trkpt lat="51.4264239370822906494140625" lon="5.4726091213524341583251953125">
        <ele>16.6000003814697265625</ele>
        <time>2026-06-21T16:39:11.000Z</time>
        <extensions>
          <ns3:TrackPointExtension>
            <ns3:hr>177</ns3:hr>
          </ns3:TrackPointExtension>
        </extensions>
      </trkpt>
      <trkpt lat="51.42643357627093791961669921875" lon="5.472625382244586944580078125">
        <ele>16.6000003814697265625</ele>
        <time>2026-06-21T16:39:12.000Z</time>
        <extensions>
          <ns3:TrackPointExtension>
            <ns3:hr>177</ns3:hr>
          </ns3:TrackPointExtension>
        </extensions>
      </trkpt>
      <trkpt lat="51.4265099354088306427001953125" lon="5.4727613367140293121337890625">
        <ele>16.200000762939453125</ele>
        <time>2026-06-21T16:39:22.000Z</time>
        <extensions>
          <ns3:TrackPointExtension>
            <ns3:hr>178</ns3:hr>
          </ns3:TrackPointExtension>
        </extensions>
      </trkpt>
      <trkpt lat="51.4265729673206806182861328125" lon="5.4728589020669460296630859375">
        <ele>16.3999996185302734375</ele>
        <time>2026-06-21T16:39:29.000Z</time>
        <extensions>
          <ns3:TrackPointExtension>
            <ns3:hr>178</ns3:hr>
          </ns3:TrackPointExtension>
        </extensions>
      </trkpt>
      <trkpt lat="51.4266510866582393646240234375" lon="5.4730409570038318634033203125">
        <ele>16.3999996185302734375</ele>
        <time>2026-06-21T16:39:40.000Z</time>
        <extensions>
          <ns3:TrackPointExtension>
            <ns3:hr>177</ns3:hr>
          </ns3:TrackPointExtension>
        </extensions>
      </trkpt>
      <trkpt lat="51.42668955959379673004150390625" lon="5.47313542105257511138916015625">
        <ele>16.3999996185302734375</ele>
        <time>2026-06-21T16:39:47.000Z</time>
        <extensions>
          <ns3:TrackPointExtension>
            <ns3:hr>175</ns3:hr>
          </ns3:TrackPointExtension>
        </extensions>
      </trkpt>
      <trkpt lat="51.426736749708652496337890625" lon="5.4733101837337017059326171875">
        <ele>16.3999996185302734375</ele>
        <time>2026-06-21T16:39:57.000Z</time>
        <extensions>
          <ns3:TrackPointExtension>
            <ns3:hr>176</ns3:hr>
          </ns3:TrackPointExtension>
        </extensions>
      </trkpt>
      <trkpt lat="51.42679668031632900238037109375" lon="5.47350020147860050201416015625">
        <ele>16.200000762939453125</ele>
        <time>2026-06-21T16:40:06.000Z</time>
        <extensions>
          <ns3:TrackPointExtension>
            <ns3:hr>176</ns3:hr>
          </ns3:TrackPointExtension>
        </extensions>
      </trkpt>
      <trkpt lat="51.42685887403786182403564453125" lon="5.47369047068059444427490234375">
        <ele>16.3999996185302734375</ele>
        <time>2026-06-21T16:40:17.000Z</time>
        <extensions>
          <ns3:TrackPointExtension>
            <ns3:hr>175</ns3:hr>
          </ns3:TrackPointExtension>
        </extensions>
      </trkpt>
      <trkpt lat="51.4269219897687435150146484375" lon="5.47386213205754756927490234375">
        <ele>16.6000003814697265625</ele>
        <time>2026-06-21T16:40:28.000Z</time>
        <extensions>
          <ns3:TrackPointExtension>
            <ns3:hr>175</ns3:hr>
          </ns3:TrackPointExtension>
        </extensions>
      </trkpt>
      <trkpt lat="51.426978819072246551513671875" lon="5.4740444384515285491943359375">
        <ele>16.799999237060546875</ele>
        <time>2026-06-21T16:40:39.000Z</time>
        <extensions>
          <ns3:TrackPointExtension>
            <ns3:hr>174</ns3:hr>
          </ns3:TrackPointExtension>
        </extensions>
      </trkpt>
      <trkpt lat="51.427059285342693328857421875" lon="5.47421098686754703521728515625">
        <ele>16.6000003814697265625</ele>
        <time>2026-06-21T16:40:49.000Z</time>
        <extensions>
          <ns3:TrackPointExtension>
            <ns3:hr>175</ns3:hr>
          </ns3:TrackPointExtension>
        </extensions>
      </trkpt>
      <trkpt lat="51.427101194858551025390625" lon="5.47431374900043010711669921875">
        <ele>16.6000003814697265625</ele>
        <time>2026-06-21T16:40:55.000Z</time>
        <extensions>
          <ns3:TrackPointExtension>
            <ns3:hr>172</ns3:hr>
          </ns3:TrackPointExtension>
        </extensions>
      </trkpt>
      <trkpt lat="51.4271312020719051361083984375" lon="5.47438465990126132965087890625">
        <ele>16.6000003814697265625</ele>
        <time>2026-06-21T16:41:00.000Z</time>
        <extensions>
          <ns3:TrackPointExtension>
            <ns3:hr>170</ns3:hr>
          </ns3:TrackPointExtension>
        </extensions>
      </trkpt>
      <trkpt lat="51.42715643160045146942138671875" lon="5.47445976175367832183837890625">
        <ele>16.799999237060546875</ele>
        <time>2026-06-21T16:41:05.000Z</time>
        <extensions>
          <ns3:TrackPointExtension>
            <ns3:hr>174</ns3:hr>
          </ns3:TrackPointExtension>
        </extensions>
      </trkpt>
      <trkpt lat="51.4271878637373447418212890625" lon="5.47455967403948307037353515625">
        <ele>16.799999237060546875</ele>
        <time>2026-06-21T16:41:11.000Z</time>
        <extensions>
          <ns3:TrackPointExtension>
            <ns3:hr>176</ns3:hr>
          </ns3:TrackPointExtension>
        </extensions>
      </trkpt>
      <trkpt lat="51.4272438548505306243896484375" lon="5.47468909062445163726806640625">
        <ele>16.799999237060546875</ele>
        <time>2026-06-21T16:41:20.000Z</time>
        <extensions>
          <ns3:TrackPointExtension>
            <ns3:hr>176</ns3:hr>
          </ns3:TrackPointExtension>
        </extensions>
      </trkpt>
      <trkpt lat="51.42720387317240238189697265625" lon="5.474801994860172271728515625">
        <ele>16.6000003814697265625</ele>
        <time>2026-06-21T16:41:27.000Z</time>
        <extensions>
          <ns3:TrackPointExtension>
            <ns3:hr>177</ns3:hr>
          </ns3:TrackPointExtension>
        </extensions>
      </trkpt>
      <trkpt lat="51.42712240107357501983642578125" lon="5.47484315000474452972412109375">
        <ele>16.799999237060546875</ele>
        <time>2026-06-21T16:41:32.000Z</time>
        <extensions>
          <ns3:TrackPointExtension>
            <ns3:hr>180</ns3:hr>
          </ns3:TrackPointExtension>
        </extensions>
      </trkpt>
      <trkpt lat="51.42709440551698207855224609375" lon="5.47486267983913421630859375">
        <ele>17</ele>
        <time>2026-06-21T16:41:35.000Z</time>
        <extensions>
          <ns3:TrackPointExtension>
            <ns3:hr>181</ns3:hr>
          </ns3:TrackPointExtension>
        </extensions>
      </trkpt>
      <trkpt lat="51.42710329033434391021728515625" lon="5.47487483359873294830322265625">
        <ele>17.6000003814697265625</ele>
        <time>2026-06-21T16:41:39.000Z</time>
        <extensions>
          <ns3:TrackPointExtension>
            <ns3:hr>176</ns3:hr>
          </ns3:TrackPointExtension>
        </extensions>
      </trkpt>
      <trkpt lat="51.4271087385714054107666015625" lon="5.47487743198871612548828125">
        <ele>17.799999237060546875</ele>
        <time>2026-06-21T16:41:40.000Z</time>
        <extensions>
          <ns3:TrackPointExtension>
            <ns3:hr>174</ns3:hr>
          </ns3:TrackPointExtension>
        </extensions>
      </trkpt>
      <trkpt lat="51.4271104149520397186279296875" lon="5.47488204203546047210693359375">
        <ele>17.799999237060546875</ele>
        <time>2026-06-21T16:41:42.000Z</time>
        <extensions>
          <ns3:TrackPointExtension>
            <ns3:hr>173</ns3:hr>
          </ns3:TrackPointExtension>
        </extensions>
      </trkpt>
      <trkpt lat="51.4270671643316745758056640625" lon="5.47492302954196929931640625">
        <ele>17.6000003814697265625</ele>
        <time>2026-06-21T16:41:48.000Z</time>
        <extensions>
          <ns3:TrackPointExtension>
            <ns3:hr>176</ns3:hr>
          </ns3:TrackPointExtension>
        </extensions>
      </trkpt>
      <trkpt lat="51.42705920152366161346435546875" lon="5.47493199817836284637451171875">
        <ele>17.3999996185302734375</ele>
        <time>2026-06-21T16:41:49.000Z</time>
        <extensions>
          <ns3:TrackPointExtension>
            <ns3:hr>176</ns3:hr>
          </ns3:TrackPointExtension>
        </extensions>
      </trkpt>
      <trkpt lat="51.4270037971436977386474609375" lon="5.47496267594397068023681640625">
        <ele>16.799999237060546875</ele>
        <time>2026-06-21T16:41:53.000Z</time>
        <extensions>
          <ns3:TrackPointExtension>
            <ns3:hr>176</ns3:hr>
          </ns3:TrackPointExtension>
        </extensions>
      </trkpt>
      <trkpt lat="51.42693883739411830902099609375" lon="5.47498430125415325164794921875">
        <ele>16.200000762939453125</ele>
        <time>2026-06-21T16:41:57.000Z</time>
        <extensions>
          <ns3:TrackPointExtension>
            <ns3:hr>176</ns3:hr>
          </ns3:TrackPointExtension>
        </extensions>
      </trkpt>
      <trkpt lat="51.42687127925455570220947265625" lon="5.47505856491625308990478515625">
        <ele>16</ele>
        <time>2026-06-21T16:42:05.000Z</time>
        <extensions>
          <ns3:TrackPointExtension>
            <ns3:hr>176</ns3:hr>
          </ns3:TrackPointExtension>
        </extensions>
      </trkpt>
      <trkpt lat="51.42684194259345531463623046875" lon="5.47518110834062099456787109375">
        <ele>15.80000019073486328125</ele>
        <time>2026-06-21T16:42:12.000Z</time>
        <extensions>
          <ns3:TrackPointExtension>
            <ns3:hr>175</ns3:hr>
          </ns3:TrackPointExtension>
        </extensions>
      </trkpt>
      <trkpt lat="51.42675946466624736785888671875" lon="5.47536366619169712066650390625">
        <ele>15.80000019073486328125</ele>
        <time>2026-06-21T16:42:23.000Z</time>
        <extensions>
          <ns3:TrackPointExtension>
            <ns3:hr>175</ns3:hr>
          </ns3:TrackPointExtension>
        </extensions>
      </trkpt>
      <trkpt lat="51.42668955959379673004150390625" lon="5.47539786435663700103759765625">
        <ele>16.200000762939453125</ele>
        <time>2026-06-21T16:42:28.000Z</time>
        <extensions>
          <ns3:TrackPointExtension>
            <ns3:hr>172</ns3:hr>
          </ns3:TrackPointExtension>
        </extensions>
      </trkpt>
      <trkpt lat="51.4266584627330303192138671875" lon="5.4754217527806758880615234375">
        <ele>16.200000762939453125</ele>
        <time>2026-06-21T16:42:31.000Z</time>
        <extensions>
          <ns3:TrackPointExtension>
            <ns3:hr>171</ns3:hr>
          </ns3:TrackPointExtension>
        </extensions>
      </trkpt>
      <trkpt lat="51.42655964009463787078857421875" lon="5.47551336698234081268310546875">
        <ele>16</ele>
        <time>2026-06-21T16:42:41.000Z</time>
        <extensions>
          <ns3:TrackPointExtension>
            <ns3:hr>172</ns3:hr>
          </ns3:TrackPointExtension>
        </extensions>
      </trkpt>
      <trkpt lat="51.42656902782618999481201171875" lon="5.47559651546180248260498046875">
        <ele>16.6000003814697265625</ele>
        <time>2026-06-21T16:42:47.000Z</time>
        <extensions>
          <ns3:TrackPointExtension>
            <ns3:hr>173</ns3:hr>
          </ns3:TrackPointExtension>
        </extensions>
      </trkpt>
      <trkpt lat="51.42661965452134609222412109375" lon="5.47572375275194644927978515625">
        <ele>16.3999996185302734375</ele>
        <time>2026-06-21T16:42:55.000Z</time>
        <extensions>
          <ns3:TrackPointExtension>
            <ns3:hr>175</ns3:hr>
          </ns3:TrackPointExtension>
        </extensions>
      </trkpt>
      <trkpt lat="51.4267043955624103546142578125" lon="5.47576792538166046142578125">
        <ele>15.80000019073486328125</ele>
        <time>2026-06-21T16:43:04.000Z</time>
        <extensions>
          <ns3:TrackPointExtension>
            <ns3:hr>175</ns3:hr>
          </ns3:TrackPointExtension>
        </extensions>
      </trkpt>
      <trkpt lat="51.4268100075423717498779296875" lon="5.4757650755345821380615234375">
        <ele>16</ele>
        <time>2026-06-21T16:43:13.000Z</time>
        <extensions>
          <ns3:TrackPointExtension>
            <ns3:hr>176</ns3:hr>
          </ns3:TrackPointExtension>
        </extensions>
      </trkpt>
      <trkpt lat="51.4269263483583927154541015625" lon="5.47575543634593486785888671875">
        <ele>15.80000019073486328125</ele>
        <time>2026-06-21T16:43:22.000Z</time>
        <extensions>
          <ns3:TrackPointExtension>
            <ns3:hr>175</ns3:hr>
          </ns3:TrackPointExtension>
        </extensions>
      </trkpt>
      <trkpt lat="51.427029110491275787353515625" lon="5.47584931366145610809326171875">
        <ele>16</ele>
        <time>2026-06-21T16:43:32.000Z</time>
        <extensions>
          <ns3:TrackPointExtension>
            <ns3:hr>175</ns3:hr>
          </ns3:TrackPointExtension>
        </extensions>
      </trkpt>
      <trkpt lat="51.42708116210997104644775390625" lon="5.4759058915078639984130859375">
        <ele>16</ele>
        <time>2026-06-21T16:43:36.000Z</time>
        <extensions>
          <ns3:TrackPointExtension>
            <ns3:hr>176</ns3:hr>
          </ns3:TrackPointExtension>
        </extensions>
      </trkpt>
      <trkpt lat="51.427136398851871490478515625" lon="5.475992895662784576416015625">
        <ele>16</ele>
        <time>2026-06-21T16:43:42.000Z</time>
        <extensions>
          <ns3:TrackPointExtension>
            <ns3:hr>175</ns3:hr>
          </ns3:TrackPointExtension>
        </extensions>
      </trkpt>
      <trkpt lat="51.4272297732532024383544921875" lon="5.47607160173356533050537109375">
        <ele>15.80000019073486328125</ele>
        <time>2026-06-21T16:43:51.000Z</time>
        <extensions>
          <ns3:TrackPointExtension>
            <ns3:hr>175</ns3:hr>
          </ns3:TrackPointExtension>
        </extensions>
      </trkpt>
      <trkpt lat="51.42733094282448291778564453125" lon="5.47612759284675121307373046875">
        <ele>16</ele>
        <time>2026-06-21T16:44:00.000Z</time>
        <extensions>
          <ns3:TrackPointExtension>
            <ns3:hr>176</ns3:hr>
          </ns3:TrackPointExtension>
        </extensions>
      </trkpt>
      <trkpt lat="51.4274356327950954437255859375" lon="5.4762004315853118896484375">
        <ele>16</ele>
        <time>2026-06-21T16:44:09.000Z</time>
        <extensions>
          <ns3:TrackPointExtension>
            <ns3:hr>177</ns3:hr>
          </ns3:TrackPointExtension>
        </extensions>
      </trkpt>
      <trkpt lat="51.42753629945218563079833984375" lon="5.47635801136493682861328125">
        <ele>16</ele>
        <time>2026-06-21T16:44:19.000Z</time>
        <extensions>
          <ns3:TrackPointExtension>
            <ns3:hr>176</ns3:hr>
          </ns3:TrackPointExtension>
        </extensions>
      </trkpt>
      <trkpt lat="51.42761827446520328521728515625" lon="5.476506538689136505126953125">
        <ele>16.3999996185302734375</ele>
        <time>2026-06-21T16:44:28.000Z</time>
        <extensions>
          <ns3:TrackPointExtension>
            <ns3:hr>176</ns3:hr>
          </ns3:TrackPointExtension>
        </extensions>
      </trkpt>
      <trkpt lat="51.42768566496670246124267578125" lon="5.47661952674388885498046875">
        <ele>16.200000762939453125</ele>
        <time>2026-06-21T16:44:37.000Z</time>
        <extensions>
          <ns3:TrackPointExtension>
            <ns3:hr>177</ns3:hr>
          </ns3:TrackPointExtension>
        </extensions>
      </trkpt>
      <trkpt lat="51.42774098552763462066650390625" lon="5.47675363719463348388671875">
        <ele>16.3999996185302734375</ele>
        <time>2026-06-21T16:44:46.000Z</time>
        <extensions>
          <ns3:TrackPointExtension>
            <ns3:hr>175</ns3:hr>
          </ns3:TrackPointExtension>
        </extensions>
      </trkpt>
      <trkpt lat="51.4278213679790496826171875" lon="5.476885735988616943359375">
        <ele>16.3999996185302734375</ele>
        <time>2026-06-21T16:44:57.000Z</time>
        <extensions>
          <ns3:TrackPointExtension>
            <ns3:hr>176</ns3:hr>
          </ns3:TrackPointExtension>
        </extensions>
      </trkpt>
      <trkpt lat="51.42791859805583953857421875" lon="5.4770171642303466796875">
        <ele>16.3999996185302734375</ele>
        <time>2026-06-21T16:45:06.000Z</time>
        <extensions>
          <ns3:TrackPointExtension>
            <ns3:hr>176</ns3:hr>
          </ns3:TrackPointExtension>
        </extensions>
      </trkpt>
      <trkpt lat="51.42803527414798736572265625" lon="5.47718371264636516571044921875">
        <ele>16.3999996185302734375</ele>
        <time>2026-06-21T16:45:17.000Z</time>
        <extensions>
          <ns3:TrackPointExtension>
            <ns3:hr>176</ns3:hr>
          </ns3:TrackPointExtension>
        </extensions>
      </trkpt>
      <trkpt lat="51.4281152375042438507080078125" lon="5.47730457969009876251220703125">
        <ele>16.200000762939453125</ele>
        <time>2026-06-21T16:45:26.000Z</time>
        <extensions>
          <ns3:TrackPointExtension>
            <ns3:hr>176</ns3:hr>
          </ns3:TrackPointExtension>
        </extensions>
      </trkpt>
      <trkpt lat="51.428155638277530670166015625" lon="5.47747557051479816436767578125">
        <ele>16.3999996185302734375</ele>
        <time>2026-06-21T16:45:35.000Z</time>
        <extensions>
          <ns3:TrackPointExtension>
            <ns3:hr>175</ns3:hr>
          </ns3:TrackPointExtension>
        </extensions>
      </trkpt>
      <trkpt lat="51.42815857194364070892333984375" lon="5.477636754512786865234375">
        <ele>17</ele>
        <time>2026-06-21T16:45:44.000Z</time>
        <extensions>
          <ns3:TrackPointExtension>
            <ns3:hr>176</ns3:hr>
          </ns3:TrackPointExtension>
        </extensions>
      </trkpt>
      <trkpt lat="51.42815739847719669342041015625" lon="5.477806739509105682373046875">
        <ele>17.200000762939453125</ele>
        <time>2026-06-21T16:45:53.000Z</time>
        <extensions>
          <ns3:TrackPointExtension>
            <ns3:hr>176</ns3:hr>
          </ns3:TrackPointExtension>
        </extensions>
      </trkpt>
      <trkpt lat="51.42818539403378963470458984375" lon="5.47797496430575847625732421875">
        <ele>17.3999996185302734375</ele>
        <time>2026-06-21T16:46:02.000Z</time>
        <extensions>
          <ns3:TrackPointExtension>
            <ns3:hr>176</ns3:hr>
          </ns3:TrackPointExtension>
        </extensions>
      </trkpt>
      <trkpt lat="51.42822646535933017730712890625" lon="5.47810371033847332000732421875">
        <ele>17.6000003814697265625</ele>
        <time>2026-06-21T16:46:10.000Z</time>
        <extensions>
          <ns3:TrackPointExtension>
            <ns3:hr>177</ns3:hr>
          </ns3:TrackPointExtension>
        </extensions>
      </trkpt>
      <trkpt lat="51.42829000018537044525146484375" lon="5.4781934805214405059814453125">
        <ele>17.799999237060546875</ele>
        <time>2026-06-21T16:46:17.000Z</time>
        <extensions>
          <ns3:TrackPointExtension>
            <ns3:hr>179</ns3:hr>
          </ns3:TrackPointExtension>
        </extensions>
      </trkpt>
      <trkpt lat="51.42830081284046173095703125" lon="5.47820060513913631439208984375">
        <ele>17.799999237060546875</ele>
        <time>2026-06-21T16:46:18.000Z</time>
        <extensions>
          <ns3:TrackPointExtension>
            <ns3:hr>179</ns3:hr>
          </ns3:TrackPointExtension>
        </extensions>
      </trkpt>
      <trkpt lat="51.42838664352893829345703125" lon="5.478279478847980499267578125">
        <ele>17.799999237060546875</ele>
        <time>2026-06-21T16:46:28.000Z</time>
        <extensions>
          <ns3:TrackPointExtension>
            <ns3:hr>179</ns3:hr>
          </ns3:TrackPointExtension>
        </extensions>
      </trkpt>
      <trkpt lat="51.428480185568332672119140625" lon="5.47832247801125049591064453125">
        <ele>18</ele>
        <time>2026-06-21T16:46:37.000Z</time>
        <extensions>
          <ns3:TrackPointExtension>
            <ns3:hr>179</ns3:hr>
          </ns3:TrackPointExtension>
        </extensions>
      </trkpt>
      <trkpt lat="51.4285423792898654937744140625" lon="5.47831736505031585693359375">
        <ele>18</ele>
        <time>2026-06-21T16:46:46.000Z</time>
        <extensions>
          <ns3:TrackPointExtension>
            <ns3:hr>178</ns3:hr>
          </ns3:TrackPointExtension>
        </extensions>
      </trkpt>
      <trkpt lat="51.42864053137600421905517578125" lon="5.47831610776484012603759765625">
        <ele>17</ele>
        <time>2026-06-21T16:46:56.000Z</time>
        <extensions>
          <ns3:TrackPointExtension>
            <ns3:hr>177</ns3:hr>
          </ns3:TrackPointExtension>
        </extensions>
      </trkpt>
      <trkpt lat="51.42875050194561481475830078125" lon="5.47832616604864597320556640625">
        <ele>17</ele>
        <time>2026-06-21T16:47:04.000Z</time>
        <extensions>
          <ns3:TrackPointExtension>
            <ns3:hr>177</ns3:hr>
          </ns3:TrackPointExtension>
        </extensions>
      </trkpt>
      <trkpt lat="51.42880649305880069732666015625" lon="5.47833790071308612823486328125">
        <ele>17.3999996185302734375</ele>
        <time>2026-06-21T16:47:10.000Z</time>
        <extensions>
          <ns3:TrackPointExtension>
            <ns3:hr>174</ns3:hr>
          </ns3:TrackPointExtension>
        </extensions>
      </trkpt>
      <trkpt lat="51.4288379251956939697265625" lon="5.47834343276917934417724609375">
        <ele>17.200000762939453125</ele>
        <time>2026-06-21T16:47:13.000Z</time>
        <extensions>
          <ns3:TrackPointExtension>
            <ns3:hr>175</ns3:hr>
          </ns3:TrackPointExtension>
        </extensions>
      </trkpt>
      <trkpt lat="51.42892048694193363189697265625" lon="5.4784335382282733917236328125">
        <ele>17.6000003814697265625</ele>
        <time>2026-06-21T16:47:22.000Z</time>
        <extensions>
          <ns3:TrackPointExtension>
            <ns3:hr>176</ns3:hr>
          </ns3:TrackPointExtension>
        </extensions>
      </trkpt>
      <trkpt lat="51.4290013723075389862060546875" lon="5.478506125509738922119140625">
        <ele>18.200000762939453125</ele>
        <time>2026-06-21T16:47:32.000Z</time>
        <extensions>
          <ns3:TrackPointExtension>
            <ns3:hr>178</ns3:hr>
          </ns3:TrackPointExtension>
        </extensions>
      </trkpt>
      <trkpt lat="51.429008580744266510009765625" lon="5.47850235365331172943115234375">
        <ele>18.200000762939453125</ele>
        <time>2026-06-21T16:47:33.000Z</time>
        <extensions>
          <ns3:TrackPointExtension>
            <ns3:hr>179</ns3:hr>
          </ns3:TrackPointExtension>
        </extensions>
      </trkpt>
      <trkpt lat="51.42912249080836772918701171875" lon="5.47846463508903980255126953125">
        <ele>18.200000762939453125</ele>
        <time>2026-06-21T16:47:42.000Z</time>
        <extensions>
          <ns3:TrackPointExtension>
            <ns3:hr>179</ns3:hr>
          </ns3:TrackPointExtension>
        </extensions>
      </trkpt>
      <trkpt lat="51.4292384125292301177978515625" lon="5.47851526178419589996337890625">
        <ele>17.799999237060546875</ele>
        <time>2026-06-21T16:47:51.000Z</time>
        <extensions>
          <ns3:TrackPointExtension>
            <ns3:hr>180</ns3:hr>
          </ns3:TrackPointExtension>
        </extensions>
      </trkpt>
      <trkpt lat="51.42931862734258174896240234375" lon="5.47860796563327312469482421875">
        <ele>17.6000003814697265625</ele>
        <time>2026-06-21T16:47:59.000Z</time>
        <extensions>
          <ns3:TrackPointExtension>
            <ns3:hr>180</ns3:hr>
          </ns3:TrackPointExtension>
        </extensions>
      </trkpt>
      <trkpt lat="51.42932985909283161163330078125" lon="5.4787302576005458831787109375">
        <ele>17.6000003814697265625</ele>
        <time>2026-06-21T16:48:06.000Z</time>
        <extensions>
          <ns3:TrackPointExtension>
            <ns3:hr>179</ns3:hr>
          </ns3:TrackPointExtension>
        </extensions>
      </trkpt>
      <trkpt lat="51.42936221323907375335693359375" lon="5.4787963069975376129150390625">
        <ele>17.799999237060546875</ele>
        <time>2026-06-21T16:48:13.000Z</time>
        <extensions>
          <ns3:TrackPointExtension>
            <ns3:hr>180</ns3:hr>
          </ns3:TrackPointExtension>
        </extensions>
      </trkpt>
      <trkpt lat="51.42943614162504673004150390625" lon="5.47882757149636745452880859375">
        <ele>17</ele>
        <time>2026-06-21T16:48:20.000Z</time>
        <extensions>
          <ns3:TrackPointExtension>
            <ns3:hr>179</ns3:hr>
          </ns3:TrackPointExtension>
        </extensions>
      </trkpt>
      <trkpt lat="51.42952926456928253173828125" lon="5.47889806330204010009765625">
        <ele>17.3999996185302734375</ele>
        <time>2026-06-21T16:48:28.000Z</time>
        <extensions>
          <ns3:TrackPointExtension>
            <ns3:hr>179</ns3:hr>
          </ns3:TrackPointExtension>
        </extensions>
      </trkpt>
      <trkpt lat="51.42958500422537326812744140625" lon="5.4789364524185657501220703125">
        <ele>16.6000003814697265625</ele>
        <time>2026-06-21T16:48:34.000Z</time>
        <extensions>
          <ns3:TrackPointExtension>
            <ns3:hr>178</ns3:hr>
          </ns3:TrackPointExtension>
        </extensions>
      </trkpt>
      <trkpt lat="51.4296326972544193267822265625" lon="5.4789786972105503082275390625">
        <ele>16.3999996185302734375</ele>
        <time>2026-06-21T16:48:38.000Z</time>
        <extensions>
          <ns3:TrackPointExtension>
            <ns3:hr>178</ns3:hr>
          </ns3:TrackPointExtension>
        </extensions>
      </trkpt>
      <trkpt lat="51.42975901253521442413330078125" lon="5.4790846444666385650634765625">
        <ele>16.3999996185302734375</ele>
        <time>2026-06-21T16:48:48.000Z</time>
        <extensions>
          <ns3:TrackPointExtension>
            <ns3:hr>178</ns3:hr>
          </ns3:TrackPointExtension>
        </extensions>
      </trkpt>
      <trkpt lat="51.42984576523303985595703125" lon="5.4791798628866672515869140625">
        <ele>16.200000762939453125</ele>
        <time>2026-06-21T16:48:57.000Z</time>
        <extensions>
          <ns3:TrackPointExtension>
            <ns3:hr>177</ns3:hr>
          </ns3:TrackPointExtension>
        </extensions>
      </trkpt>
      <trkpt lat="51.42992430366575717926025390625" lon="5.4792499355971813201904296875">
        <ele>16.200000762939453125</ele>
        <time>2026-06-21T16:49:05.000Z</time>
        <extensions>
          <ns3:TrackPointExtension>
            <ns3:hr>180</ns3:hr>
          </ns3:TrackPointExtension>
        </extensions>
      </trkpt>
      <trkpt lat="51.42999471165239810943603515625" lon="5.47931875102221965789794921875">
        <ele>15.80000019073486328125</ele>
        <time>2026-06-21T16:49:12.000Z</time>
        <extensions>
          <ns3:TrackPointExtension>
            <ns3:hr>177</ns3:hr>
          </ns3:TrackPointExtension>
        </extensions>
      </trkpt>
      <trkpt lat="51.4300212822854518890380859375" lon="5.47935429029166698455810546875">
        <ele>15.80000019073486328125</ele>
        <time>2026-06-21T16:49:15.000Z</time>
        <extensions>
          <ns3:TrackPointExtension>
            <ns3:hr>177</ns3:hr>
          </ns3:TrackPointExtension>
        </extensions>
      </trkpt>
      <trkpt lat="51.43015044741332530975341796875" lon="5.4794115386903285980224609375">
        <ele>15.80000019073486328125</ele>
        <time>2026-06-21T16:49:26.000Z</time>
        <extensions>
          <ns3:TrackPointExtension>
            <ns3:hr>177</ns3:hr>
          </ns3:TrackPointExtension>
        </extensions>
      </trkpt>
      <trkpt lat="51.4302797801792621612548828125" lon="5.479460991919040679931640625">
        <ele>15.80000019073486328125</ele>
        <time>2026-06-21T16:49:37.000Z</time>
        <extensions>
          <ns3:TrackPointExtension>
            <ns3:hr>176</ns3:hr>
          </ns3:TrackPointExtension>
        </extensions>
      </trkpt>
      <trkpt lat="51.43037474714219570159912109375" lon="5.47951790504157543182373046875">
        <ele>16.3999996185302734375</ele>
        <time>2026-06-21T16:49:46.000Z</time>
        <extensions>
          <ns3:TrackPointExtension>
            <ns3:hr>177</ns3:hr>
          </ns3:TrackPointExtension>
        </extensions>
      </trkpt>
      <trkpt lat="51.430501230061054229736328125" lon="5.47953106462955474853515625">
        <ele>15.80000019073486328125</ele>
        <time>2026-06-21T16:49:56.000Z</time>
        <extensions>
          <ns3:TrackPointExtension>
            <ns3:hr>177</ns3:hr>
          </ns3:TrackPointExtension>
        </extensions>
      </trkpt>
      <trkpt lat="51.43052981235086917877197265625" lon="5.47953517176210880279541015625">
        <ele>15.6000003814697265625</ele>
        <time>2026-06-21T16:49:58.000Z</time>
        <extensions>
          <ns3:TrackPointExtension>
            <ns3:hr>177</ns3:hr>
          </ns3:TrackPointExtension>
        </extensions>
      </trkpt>
      <trkpt lat="51.43062503077089786529541015625" lon="5.479534752666950225830078125">
        <ele>15.6000003814697265625</ele>
        <time>2026-06-21T16:50:06.000Z</time>
        <extensions>
          <ns3:TrackPointExtension>
            <ns3:hr>177</ns3:hr>
          </ns3:TrackPointExtension>
        </extensions>
      </trkpt>
      <trkpt lat="51.43076148815453052520751953125" lon="5.4795075953006744384765625">
        <ele>15.6000003814697265625</ele>
        <time>2026-06-21T16:50:18.000Z</time>
        <extensions>
          <ns3:TrackPointExtension>
            <ns3:hr>179</ns3:hr>
          </ns3:TrackPointExtension>
        </extensions>
      </trkpt>
      <trkpt lat="51.43086441792547702789306640625" lon="5.47946870326995849609375">
        <ele>15.6000003814697265625</ele>
        <time>2026-06-21T16:50:27.000Z</time>
        <extensions>
          <ns3:TrackPointExtension>
            <ns3:hr>179</ns3:hr>
          </ns3:TrackPointExtension>
        </extensions>
      </trkpt>
      <trkpt lat="51.430916972458362579345703125" lon="5.47943425364792346954345703125">
        <ele>15.6000003814697265625</ele>
        <time>2026-06-21T16:50:32.000Z</time>
        <extensions>
          <ns3:TrackPointExtension>
            <ns3:hr>176</ns3:hr>
          </ns3:TrackPointExtension>
        </extensions>
      </trkpt>
      <trkpt lat="51.43097095191478729248046875" lon="5.47941430471837520599365234375">
        <ele>15.6000003814697265625</ele>
        <time>2026-06-21T16:50:37.000Z</time>
        <extensions>
          <ns3:TrackPointExtension>
            <ns3:hr>177</ns3:hr>
          </ns3:TrackPointExtension>
        </extensions>
      </trkpt>
      <trkpt lat="51.4310690201818943023681640625" lon="5.47936476767063140869140625">
        <ele>15.80000019073486328125</ele>
        <time>2026-06-21T16:50:45.000Z</time>
        <extensions>
          <ns3:TrackPointExtension>
            <ns3:hr>178</ns3:hr>
          </ns3:TrackPointExtension>
        </extensions>
      </trkpt>
      <trkpt lat="51.43119491636753082275390625" lon="5.47927550040185451507568359375">
        <ele>16</ele>
        <time>2026-06-21T16:50:56.000Z</time>
        <extensions>
          <ns3:TrackPointExtension>
            <ns3:hr>177</ns3:hr>
          </ns3:TrackPointExtension>
        </extensions>
      </trkpt>
      <trkpt lat="51.43130488693714141845703125" lon="5.47924482263624668121337890625">
        <ele>16.200000762939453125</ele>
        <time>2026-06-21T16:51:05.000Z</time>
        <extensions>
          <ns3:TrackPointExtension>
            <ns3:hr>179</ns3:hr>
          </ns3:TrackPointExtension>
        </extensions>
      </trkpt>
      <trkpt lat="51.43134537152945995330810546875" lon="5.479216240346431732177734375">
        <ele>16.6000003814697265625</ele>
        <time>2026-06-21T16:51:09.000Z</time>
        <extensions>
          <ns3:TrackPointExtension>
            <ns3:hr>180</ns3:hr>
          </ns3:TrackPointExtension>
        </extensions>
      </trkpt>
      <trkpt lat="51.43139549531042575836181640625" lon="5.47915010713040828704833984375">
        <ele>17.6000003814697265625</ele>
        <time>2026-06-21T16:51:15.000Z</time>
        <extensions>
          <ns3:TrackPointExtension>
            <ns3:hr>181</ns3:hr>
          </ns3:TrackPointExtension>
        </extensions>
      </trkpt>
      <trkpt lat="51.4314894564449787139892578125" lon="5.47908246517181396484375">
        <ele>17</ele>
        <time>2026-06-21T16:51:24.000Z</time>
        <extensions>
          <ns3:TrackPointExtension>
            <ns3:hr>179</ns3:hr>
          </ns3:TrackPointExtension>
        </extensions>
      </trkpt>
      <trkpt lat="51.431600265204906463623046875" lon="5.479074418544769287109375">
        <ele>16.6000003814697265625</ele>
        <time>2026-06-21T16:51:34.000Z</time>
        <extensions>
          <ns3:TrackPointExtension>
            <ns3:hr>182</ns3:hr>
          </ns3:TrackPointExtension>
        </extensions>
      </trkpt>
      <trkpt lat="51.43172624520957469940185546875" lon="5.47907232306897640228271484375">
        <ele>16.200000762939453125</ele>
        <time>2026-06-21T16:51:43.000Z</time>
        <extensions>
          <ns3:TrackPointExtension>
            <ns3:hr>182</ns3:hr>
          </ns3:TrackPointExtension>
        </extensions>
      </trkpt>
      <trkpt lat="51.43183353357017040252685546875" lon="5.4791252128779888153076171875">
        <ele>16.200000762939453125</ele>
        <time>2026-06-21T16:51:51.000Z</time>
        <extensions>
          <ns3:TrackPointExtension>
            <ns3:hr>179</ns3:hr>
          </ns3:TrackPointExtension>
        </extensions>
      </trkpt>
      <trkpt lat="51.4319182746112346649169921875" lon="5.47914675436913967132568359375">
        <ele>16.3999996185302734375</ele>
        <time>2026-06-21T16:51:59.000Z</time>
        <extensions>
          <ns3:TrackPointExtension>
            <ns3:hr>182</ns3:hr>
          </ns3:TrackPointExtension>
        </extensions>
      </trkpt>
      <trkpt lat="51.43194057047367095947265625" lon="5.47914893366396427154541015625">
        <ele>16.6000003814697265625</ele>
        <time>2026-06-21T16:52:01.000Z</time>
        <extensions>
          <ns3:TrackPointExtension>
            <ns3:hr>185</ns3:hr>
          </ns3:TrackPointExtension>
        </extensions>
      </trkpt>
      <trkpt lat="51.432020701467990875244140625" lon="5.47910853289067745208740234375">
        <ele>17</ele>
        <time>2026-06-21T16:52:09.000Z</time>
        <extensions>
          <ns3:TrackPointExtension>
            <ns3:hr>183</ns3:hr>
          </ns3:TrackPointExtension>
        </extensions>
      </trkpt>
      <trkpt lat="51.43206923268735408782958984375" lon="5.4791017435491085052490234375">
        <ele>16.6000003814697265625</ele>
        <time>2026-06-21T16:52:15.000Z</time>
        <extensions>
          <ns3:TrackPointExtension>
            <ns3:hr>180</ns3:hr>
          </ns3:TrackPointExtension>
        </extensions>
      </trkpt>
      <trkpt lat="51.43209370784461498260498046875" lon="5.47909864224493503570556640625">
        <ele>16.3999996185302734375</ele>
        <time>2026-06-21T16:52:17.000Z</time>
        <extensions>
          <ns3:TrackPointExtension>
            <ns3:hr>179</ns3:hr>
          </ns3:TrackPointExtension>
        </extensions>
      </trkpt>
      <trkpt lat="51.4322387985885143280029296875" lon="5.4790864884853363037109375">
        <ele>16.200000762939453125</ele>
        <time>2026-06-21T16:52:28.000Z</time>
        <extensions>
          <ns3:TrackPointExtension>
            <ns3:hr>179</ns3:hr>
          </ns3:TrackPointExtension>
        </extensions>
      </trkpt>
      <trkpt lat="51.43236578442156314849853515625" lon="5.47916133888065814971923828125">
        <ele>16.200000762939453125</ele>
        <time>2026-06-21T16:52:38.000Z</time>
        <extensions>
          <ns3:TrackPointExtension>
            <ns3:hr>178</ns3:hr>
          </ns3:TrackPointExtension>
        </extensions>
      </trkpt>
      <trkpt lat="51.4324778504669666290283203125" lon="5.4792522825300693511962890625">
        <ele>16.200000762939453125</ele>
        <time>2026-06-21T16:52:48.000Z</time>
        <extensions>
          <ns3:TrackPointExtension>
            <ns3:hr>175</ns3:hr>
          </ns3:TrackPointExtension>
        </extensions>
      </trkpt>
      <trkpt lat="51.43256108276546001434326171875" lon="5.47934238798916339874267578125">
        <ele>16</ele>
        <time>2026-06-21T16:52:56.000Z</time>
        <extensions>
          <ns3:TrackPointExtension>
            <ns3:hr>178</ns3:hr>
          </ns3:TrackPointExtension>
        </extensions>
      </trkpt>
      <trkpt lat="51.432582624256610870361328125" lon="5.47935940325260162353515625">
        <ele>16</ele>
        <time>2026-06-21T16:52:58.000Z</time>
        <extensions>
          <ns3:TrackPointExtension>
            <ns3:hr>179</ns3:hr>
          </ns3:TrackPointExtension>
        </extensions>
      </trkpt>
      <trkpt lat="51.43267071805894374847412109375" lon="5.47940365970134735107421875">
        <ele>16</ele>
        <time>2026-06-21T16:53:06.000Z</time>
        <extensions>
          <ns3:TrackPointExtension>
            <ns3:hr>180</ns3:hr>
          </ns3:TrackPointExtension>
        </extensions>
      </trkpt>
      <trkpt lat="51.4328022301197052001953125" lon="5.4794601537287235260009765625">
        <ele>16</ele>
        <time>2026-06-21T16:53:17.000Z</time>
        <extensions>
          <ns3:TrackPointExtension>
            <ns3:hr>180</ns3:hr>
          </ns3:TrackPointExtension>
        </extensions>
      </trkpt>
      <trkpt lat="51.4329135417938232421875" lon="5.4795097745954990386962890625">
        <ele>16</ele>
        <time>2026-06-21T16:53:27.000Z</time>
        <extensions>
          <ns3:TrackPointExtension>
            <ns3:hr>181</ns3:hr>
          </ns3:TrackPointExtension>
        </extensions>
      </trkpt>
      <trkpt lat="51.4330038987100124359130859375" lon="5.4795201681554317474365234375">
        <ele>15.80000019073486328125</ele>
        <time>2026-06-21T16:53:35.000Z</time>
        <extensions>
          <ns3:TrackPointExtension>
            <ns3:hr>178</ns3:hr>
          </ns3:TrackPointExtension>
        </extensions>
      </trkpt>
      <trkpt lat="51.4330122806131839752197265625" lon="5.4795210063457489013671875">
        <ele>15.80000019073486328125</ele>
        <time>2026-06-21T16:53:36.000Z</time>
        <extensions>
          <ns3:TrackPointExtension>
            <ns3:hr>177</ns3:hr>
          </ns3:TrackPointExtension>
        </extensions>
      </trkpt>
      <trkpt lat="51.43306734971702098846435546875" lon="5.47952276654541492462158203125">
        <ele>15.80000019073486328125</ele>
        <time>2026-06-21T16:53:40.000Z</time>
        <extensions>
          <ns3:TrackPointExtension>
            <ns3:hr>180</ns3:hr>
          </ns3:TrackPointExtension>
        </extensions>
      </trkpt>
      <trkpt lat="51.4331507496535778045654296875" lon="5.4795370995998382568359375">
        <ele>15.80000019073486328125</ele>
        <time>2026-06-21T16:53:46.000Z</time>
        <extensions>
          <ns3:TrackPointExtension>
            <ns3:hr>182</ns3:hr>
          </ns3:TrackPointExtension>
        </extensions>
      </trkpt>
      <trkpt lat="51.43323314376175403594970703125" lon="5.47961446456611156463623046875">
        <ele>16.200000762939453125</ele>
        <time>2026-06-21T16:53:54.000Z</time>
        <extensions>
          <ns3:TrackPointExtension>
            <ns3:hr>179</ns3:hr>
          </ns3:TrackPointExtension>
        </extensions>
      </trkpt>
      <trkpt lat="51.43324487842619419097900390625" lon="5.479628629982471466064453125">
        <ele>16.200000762939453125</ele>
        <time>2026-06-21T16:53:55.000Z</time>
        <extensions>
          <ns3:TrackPointExtension>
            <ns3:hr>179</ns3:hr>
          </ns3:TrackPointExtension>
        </extensions>
      </trkpt>
      <trkpt lat="51.43334110267460346221923828125" lon="5.47973223030567169189453125">
        <ele>15.80000019073486328125</ele>
        <time>2026-06-21T16:54:06.000Z</time>
        <extensions>
          <ns3:TrackPointExtension>
            <ns3:hr>180</ns3:hr>
          </ns3:TrackPointExtension>
        </extensions>
      </trkpt>
      <trkpt lat="51.43337714485824108123779296875" lon="5.47978989779949188232421875">
        <ele>15.80000019073486328125</ele>
        <time>2026-06-21T16:54:09.000Z</time>
        <extensions>
          <ns3:TrackPointExtension>
            <ns3:hr>185</ns3:hr>
          </ns3:TrackPointExtension>
        </extensions>
      </trkpt>
      <trkpt lat="51.43339659087359905242919921875" lon="5.4798292927443981170654296875">
        <ele>15.80000019073486328125</ele>
        <time>2026-06-21T16:54:11.000Z</time>
        <extensions>
          <ns3:TrackPointExtension>
            <ns3:hr>188</ns3:hr>
          </ns3:TrackPointExtension>
        </extensions>
      </trkpt>
      <trkpt lat="51.4334243349730968475341796875" lon="5.47990045510232448577880859375">
        <ele>15.6000003814697265625</ele>
        <time>2026-06-21T16:54:14.000Z</time>
        <extensions>
          <ns3:TrackPointExtension>
            <ns3:hr>189</ns3:hr>
          </ns3:TrackPointExtension>
        </extensions>
      </trkpt>
      <trkpt lat="51.4334511570632457733154296875" lon="5.4799823462963104248046875">
        <ele>15.6000003814697265625</ele>
        <time>2026-06-21T16:54:18.000Z</time>
        <extensions>
          <ns3:TrackPointExtension>
            <ns3:hr>184</ns3:hr>
          </ns3:TrackPointExtension>
        </extensions>
      </trkpt>
      <trkpt lat="51.4334820024669170379638671875" lon="5.48011804930865764617919921875">
        <ele>15.3999996185302734375</ele>
        <time>2026-06-21T16:54:25.000Z</time>
        <extensions>
          <ns3:TrackPointExtension>
            <ns3:hr>182</ns3:hr>
          </ns3:TrackPointExtension>
        </extensions>
      </trkpt>
      <trkpt lat="51.4334796555340290069580078125" lon="5.48030328936874866485595703125">
        <ele>15.3999996185302734375</ele>
        <time>2026-06-21T16:54:34.000Z</time>
        <extensions>
          <ns3:TrackPointExtension>
            <ns3:hr>181</ns3:hr>
          </ns3:TrackPointExtension>
        </extensions>
      </trkpt>
      <trkpt lat="51.4335178770124912261962890625" lon="5.48043631017208099365234375">
        <ele>15.3999996185302734375</ele>
        <time>2026-06-21T16:54:42.000Z</time>
        <extensions>
          <ns3:TrackPointExtension>
            <ns3:hr>181</ns3:hr>
          </ns3:TrackPointExtension>
        </extensions>
      </trkpt>
      <trkpt lat="51.43358183093369007110595703125" lon="5.480539910495281219482421875">
        <ele>15.3999996185302734375</ele>
        <time>2026-06-21T16:54:50.000Z</time>
        <extensions>
          <ns3:TrackPointExtension>
            <ns3:hr>182</ns3:hr>
          </ns3:TrackPointExtension>
        </extensions>
      </trkpt>
      <trkpt lat="51.43367000855505466461181640625" lon="5.48062297515571117401123046875">
        <ele>15.3999996185302734375</ele>
        <time>2026-06-21T16:54:59.000Z</time>
        <extensions>
          <ns3:TrackPointExtension>
            <ns3:hr>182</ns3:hr>
          </ns3:TrackPointExtension>
        </extensions>
      </trkpt>
      <trkpt lat="51.43377612344920635223388671875" lon="5.48067896626889705657958984375">
        <ele>15.19999980926513671875</ele>
        <time>2026-06-21T16:55:08.000Z</time>
        <extensions>
          <ns3:TrackPointExtension>
            <ns3:hr>183</ns3:hr>
          </ns3:TrackPointExtension>
        </extensions>
      </trkpt>
      <trkpt lat="51.43384686671197414398193359375" lon="5.4807442612946033477783203125">
        <ele>15.3999996185302734375</ele>
        <time>2026-06-21T16:55:16.000Z</time>
        <extensions>
          <ns3:TrackPointExtension>
            <ns3:hr>182</ns3:hr>
          </ns3:TrackPointExtension>
        </extensions>
      </trkpt>
      <trkpt lat="51.43385172821581363677978515625" lon="5.48089019022881984710693359375">
        <ele>15.3999996185302734375</ele>
        <time>2026-06-21T16:55:24.000Z</time>
        <extensions>
          <ns3:TrackPointExtension>
            <ns3:hr>182</ns3:hr>
          </ns3:TrackPointExtension>
        </extensions>
      </trkpt>
      <trkpt lat="51.43389313481748104095458984375" lon="5.4810667969286441802978515625">
        <ele>16.200000762939453125</ele>
        <time>2026-06-21T16:55:35.000Z</time>
        <extensions>
          <ns3:TrackPointExtension>
            <ns3:hr>181</ns3:hr>
          </ns3:TrackPointExtension>
        </extensions>
      </trkpt>
      <trkpt lat="51.43390218727290630340576171875" lon="5.48121172003448009490966796875">
        <ele>16.200000762939453125</ele>
        <time>2026-06-21T16:55:43.000Z</time>
        <extensions>
          <ns3:TrackPointExtension>
            <ns3:hr>180</ns3:hr>
          </ns3:TrackPointExtension>
        </extensions>
      </trkpt>
      <trkpt lat="51.4338873513042926788330078125" lon="5.4812247119843959808349609375">
        <ele>16</ele>
        <time>2026-06-21T16:55:45.000Z</time>
        <extensions>
          <ns3:TrackPointExtension>
            <ns3:hr>181</ns3:hr>
          </ns3:TrackPointExtension>
        </extensions>
      </trkpt>
      <trkpt lat="51.43387469463050365447998046875" lon="5.4812776856124401092529296875">
        <ele>16.6000003814697265625</ele>
        <time>2026-06-21T16:55:49.000Z</time>
        <extensions>
          <ns3:TrackPointExtension>
            <ns3:hr>183</ns3:hr>
          </ns3:TrackPointExtension>
        </extensions>
      </trkpt>
      <trkpt lat="51.43388726748526096343994140625" lon="5.4813122190535068511962890625">
        <ele>16.6000003814697265625</ele>
        <time>2026-06-21T16:55:51.000Z</time>
        <extensions>
          <ns3:TrackPointExtension>
            <ns3:hr>182</ns3:hr>
          </ns3:TrackPointExtension>
        </extensions>
      </trkpt>
      <trkpt lat="51.4338886924088001251220703125" lon="5.48130744136869907379150390625">
        <ele>16.6000003814697265625</ele>
        <time>2026-06-21T16:55:54.000Z</time>
        <extensions>
          <ns3:TrackPointExtension>
            <ns3:hr>183</ns3:hr>
          </ns3:TrackPointExtension>
        </extensions>
      </trkpt>
      <trkpt lat="51.4338947273790836334228515625" lon="5.48132722266018390655517578125">
        <ele>16.6000003814697265625</ele>
        <time>2026-06-21T16:56:04.000Z</time>
        <extensions>
          <ns3:TrackPointExtension>
            <ns3:hr>183</ns3:hr>
          </ns3:TrackPointExtension>
        </extensions>
      </trkpt>
      <trkpt lat="51.43394527025520801544189453125" lon="5.48142294399440288543701171875">
        <ele>16</ele>
        <time>2026-06-21T16:56:11.000Z</time>
        <extensions>
          <ns3:TrackPointExtension>
            <ns3:hr>184</ns3:hr>
          </ns3:TrackPointExtension>
        </extensions>
      </trkpt>
      <trkpt lat="51.43401601351797580718994140625" lon="5.481560491025447845458984375">
        <ele>15.80000019073486328125</ele>
        <time>2026-06-21T16:56:20.000Z</time>
        <extensions>
          <ns3:TrackPointExtension>
            <ns3:hr>186</ns3:hr>
          </ns3:TrackPointExtension>
        </extensions>
      </trkpt>
      <trkpt lat="51.434022970497608184814453125" lon="5.481579601764678955078125">
        <ele>15.80000019073486328125</ele>
        <time>2026-06-21T16:56:21.000Z</time>
        <extensions>
          <ns3:TrackPointExtension>
            <ns3:hr>185</ns3:hr>
          </ns3:TrackPointExtension>
        </extensions>
      </trkpt>
      <trkpt lat="51.43404400907456874847412109375" lon="5.48164288513362407684326171875">
        <ele>16.3999996185302734375</ele>
        <time>2026-06-21T16:56:25.000Z</time>
        <extensions>
          <ns3:TrackPointExtension>
            <ns3:hr>182</ns3:hr>
          </ns3:TrackPointExtension>
        </extensions>
      </trkpt>
      <trkpt lat="51.43406026996672153472900390625" lon="5.48167808912694454193115234375">
        <ele>16</ele>
        <time>2026-06-21T16:56:28.000Z</time>
        <extensions>
          <ns3:TrackPointExtension>
            <ns3:hr>184</ns3:hr>
          </ns3:TrackPointExtension>
        </extensions>
      </trkpt>
      <trkpt lat="51.4340923726558685302734375" lon="5.48174615018069744110107421875">
        <ele>15.3999996185302734375</ele>
        <time>2026-06-21T16:56:32.000Z</time>
        <extensions>
          <ns3:TrackPointExtension>
            <ns3:hr>181</ns3:hr>
          </ns3:TrackPointExtension>
        </extensions>
      </trkpt>
      <trkpt lat="51.43413788639008998870849609375" lon="5.48187757842242717742919921875">
        <ele>15.3999996185302734375</ele>
        <time>2026-06-21T16:56:40.000Z</time>
        <extensions>
          <ns3:TrackPointExtension>
            <ns3:hr>178</ns3:hr>
          </ns3:TrackPointExtension>
        </extensions>
      </trkpt>
      <trkpt lat="51.43415481783449649810791015625" lon="5.48196491785347461700439453125">
        <ele>15.19999980926513671875</ele>
        <time>2026-06-21T16:56:46.000Z</time>
        <extensions>
          <ns3:TrackPointExtension>
            <ns3:hr>181</ns3:hr>
          </ns3:TrackPointExtension>
        </extensions>
      </trkpt>
      <trkpt lat="51.43416806124150753021240234375" lon="5.48205745406448841094970703125">
        <ele>15.19999980926513671875</ele>
        <time>2026-06-21T16:56:51.000Z</time>
        <extensions>
          <ns3:TrackPointExtension>
            <ns3:hr>180</ns3:hr>
          </ns3:TrackPointExtension>
        </extensions>
      </trkpt>
      <trkpt lat="51.434201337397098541259765625" lon="5.48226851038634777069091796875">
        <ele>15</ele>
        <time>2026-06-21T16:57:02.000Z</time>
        <extensions>
          <ns3:TrackPointExtension>
            <ns3:hr>180</ns3:hr>
          </ns3:TrackPointExtension>
        </extensions>
      </trkpt>
      <trkpt lat="51.43424618057906627655029296875" lon="5.48247319646179676055908203125">
        <ele>15</ele>
        <time>2026-06-21T16:57:13.000Z</time>
        <extensions>
          <ns3:TrackPointExtension>
            <ns3:hr>181</ns3:hr>
          </ns3:TrackPointExtension>
        </extensions>
      </trkpt>
      <trkpt lat="51.43425422720611095428466796875" lon="5.48250806517899036407470703125">
        <ele>15</ele>
        <time>2026-06-21T16:57:15.000Z</time>
        <extensions>
          <ns3:TrackPointExtension>
            <ns3:hr>184</ns3:hr>
          </ns3:TrackPointExtension>
        </extensions>
      </trkpt>
      <trkpt lat="51.4342722482979297637939453125" lon="5.48266363330185413360595703125">
        <ele>15.19999980926513671875</ele>
        <time>2026-06-21T16:57:23.000Z</time>
        <extensions>
          <ns3:TrackPointExtension>
            <ns3:hr>183</ns3:hr>
          </ns3:TrackPointExtension>
        </extensions>
      </trkpt>
      <trkpt lat="51.43431005068123340606689453125" lon="5.48282339237630367279052734375">
        <ele>15.19999980926513671875</ele>
        <time>2026-06-21T16:57:32.000Z</time>
        <extensions>
          <ns3:TrackPointExtension>
            <ns3:hr>184</ns3:hr>
          </ns3:TrackPointExtension>
        </extensions>
      </trkpt>
      <trkpt lat="51.4343450032174587249755859375" lon="5.48293487168848514556884765625">
        <ele>15.19999980926513671875</ele>
        <time>2026-06-21T16:57:39.000Z</time>
        <extensions>
          <ns3:TrackPointExtension>
            <ns3:hr>181</ns3:hr>
          </ns3:TrackPointExtension>
        </extensions>
      </trkpt>
      <trkpt lat="51.434348188340663909912109375" lon="5.4829577542841434478759765625">
        <ele>15.19999980926513671875</ele>
        <time>2026-06-21T16:57:40.000Z</time>
        <extensions>
          <ns3:TrackPointExtension>
            <ns3:hr>180</ns3:hr>
          </ns3:TrackPointExtension>
        </extensions>
      </trkpt>
      <trkpt lat="51.43437735736370086669921875" lon="5.48315850086510181427001953125">
        <ele>15.19999980926513671875</ele>
        <time>2026-06-21T16:57:51.000Z</time>
        <extensions>
          <ns3:TrackPointExtension>
            <ns3:hr>181</ns3:hr>
          </ns3:TrackPointExtension>
        </extensions>
      </trkpt>
      <trkpt lat="51.4344056881964206695556640625" lon="5.483305938541889190673828125">
        <ele>15.19999980926513671875</ele>
        <time>2026-06-21T16:57:59.000Z</time>
        <extensions>
          <ns3:TrackPointExtension>
            <ns3:hr>181</ns3:hr>
          </ns3:TrackPointExtension>
        </extensions>
      </trkpt>
      <trkpt lat="51.4344268105924129486083984375" lon="5.483454130589962005615234375">
        <ele>15.19999980926513671875</ele>
        <time>2026-06-21T16:58:07.000Z</time>
        <extensions>
          <ns3:TrackPointExtension>
            <ns3:hr>180</ns3:hr>
          </ns3:TrackPointExtension>
        </extensions>
      </trkpt>
      <trkpt lat="51.43444030545651912689208984375" lon="5.483592264354228973388671875">
        <ele>15</ele>
        <time>2026-06-21T16:58:14.000Z</time>
        <extensions>
          <ns3:TrackPointExtension>
            <ns3:hr>179</ns3:hr>
          </ns3:TrackPointExtension>
        </extensions>
      </trkpt>
      <trkpt lat="51.43447215668857097625732421875" lon="5.48360240645706653594970703125">
        <ele>14.80000019073486328125</ele>
        <time>2026-06-21T16:58:20.000Z</time>
        <extensions>
          <ns3:TrackPointExtension>
            <ns3:hr>180</ns3:hr>
          </ns3:TrackPointExtension>
        </extensions>
      </trkpt>
      <trkpt lat="51.43448556773364543914794921875" lon="5.48359519802033901214599609375">
        <ele>15</ele>
        <time>2026-06-21T16:58:22.000Z</time>
        <extensions>
          <ns3:TrackPointExtension>
            <ns3:hr>180</ns3:hr>
          </ns3:TrackPointExtension>
        </extensions>
      </trkpt>
      <trkpt lat="51.43454767763614654541015625" lon="5.48361984081566333770751953125">
        <ele>15</ele>
        <time>2026-06-21T16:58:27.000Z</time>
        <extensions>
          <ns3:TrackPointExtension>
            <ns3:hr>182</ns3:hr>
          </ns3:TrackPointExtension>
        </extensions>
      </trkpt>
      <trkpt lat="51.43455496989190578460693359375" lon="5.48361917026340961456298828125">
        <ele>15.19999980926513671875</ele>
        <time>2026-06-21T16:58:33.000Z</time>
        <extensions>
          <ns3:TrackPointExtension>
            <ns3:hr>181</ns3:hr>
          </ns3:TrackPointExtension>
        </extensions>
      </trkpt>
      <trkpt lat="51.4345981366932392120361328125" lon="5.4836542904376983642578125">
        <ele>14.80000019073486328125</ele>
        <time>2026-06-21T16:58:38.000Z</time>
        <extensions>
          <ns3:TrackPointExtension>
            <ns3:hr>182</ns3:hr>
          </ns3:TrackPointExtension>
        </extensions>
      </trkpt>
      <trkpt lat="51.4346970431506633758544921875" lon="5.4836799390614032745361328125">
        <ele>15</ele>
        <time>2026-06-21T16:58:46.000Z</time>
        <extensions>
          <ns3:TrackPointExtension>
            <ns3:hr>181</ns3:hr>
          </ns3:TrackPointExtension>
        </extensions>
      </trkpt>
      <trkpt lat="51.43482369370758533477783203125" lon="5.48363140784204006195068359375">
        <ele>15</ele>
        <time>2026-06-21T16:58:56.000Z</time>
        <extensions>
          <ns3:TrackPointExtension>
            <ns3:hr>180</ns3:hr>
          </ns3:TrackPointExtension>
        </extensions>
      </trkpt>
      <trkpt lat="51.4349645934998989105224609375" lon="5.4835555516183376312255859375">
        <ele>15</ele>
        <time>2026-06-21T16:59:09.000Z</time>
        <extensions>
          <ns3:TrackPointExtension>
            <ns3:hr>180</ns3:hr>
          </ns3:TrackPointExtension>
        </extensions>
      </trkpt>
      <trkpt lat="51.435062326490879058837890625" lon="5.48357206396758556365966796875">
        <ele>15.19999980926513671875</ele>
        <time>2026-06-21T16:59:17.000Z</time>
        <extensions>
          <ns3:TrackPointExtension>
            <ns3:hr>180</ns3:hr>
          </ns3:TrackPointExtension>
        </extensions>
      </trkpt>
      <trkpt lat="51.43516785465180873870849609375" lon="5.4837481677532196044921875">
        <ele>15.19999980926513671875</ele>
        <time>2026-06-21T16:59:29.000Z</time>
        <extensions>
          <ns3:TrackPointExtension>
            <ns3:hr>181</ns3:hr>
          </ns3:TrackPointExtension>
        </extensions>
      </trkpt>
      <trkpt lat="51.43522015772759914398193359375" lon="5.48390281386673450469970703125">
        <ele>15.19999980926513671875</ele>
        <time>2026-06-21T16:59:37.000Z</time>
        <extensions>
          <ns3:TrackPointExtension>
            <ns3:hr>181</ns3:hr>
          </ns3:TrackPointExtension>
        </extensions>
      </trkpt>
      <trkpt lat="51.4352832734584808349609375" lon="5.48399652354419231414794921875">
        <ele>15</ele>
        <time>2026-06-21T16:59:45.000Z</time>
        <extensions>
          <ns3:TrackPointExtension>
            <ns3:hr>181</ns3:hr>
          </ns3:TrackPointExtension>
        </extensions>
      </trkpt>
      <trkpt lat="51.43536985851824283599853515625" lon="5.48413063399493694305419921875">
        <ele>14.6000003814697265625</ele>
        <time>2026-06-21T16:59:55.000Z</time>
        <extensions>
          <ns3:TrackPointExtension>
            <ns3:hr>181</ns3:hr>
          </ns3:TrackPointExtension>
        </extensions>
      </trkpt>
      <trkpt lat="51.435465328395366668701171875" lon="5.48425175249576568603515625">
        <ele>14.80000019073486328125</ele>
        <time>2026-06-21T17:00:05.000Z</time>
        <extensions>
          <ns3:TrackPointExtension>
            <ns3:hr>181</ns3:hr>
          </ns3:TrackPointExtension>
        </extensions>
      </trkpt>
      <trkpt lat="51.43548284657299518585205078125" lon="5.48426088877022266387939453125">
        <ele>14.6000003814697265625</ele>
        <time>2026-06-21T17:00:07.000Z</time>
        <extensions>
          <ns3:TrackPointExtension>
            <ns3:hr>181</ns3:hr>
          </ns3:TrackPointExtension>
        </extensions>
      </trkpt>
      <trkpt lat="51.43557035364210605621337890625" lon="5.4843248426914215087890625">
        <ele>14.80000019073486328125</ele>
        <time>2026-06-21T17:00:15.000Z</time>
        <extensions>
          <ns3:TrackPointExtension>
            <ns3:hr>180</ns3:hr>
          </ns3:TrackPointExtension>
        </extensions>
      </trkpt>
      <trkpt lat="51.43565702252089977264404296875" lon="5.48437220044434070587158203125">
        <ele>15</ele>
        <time>2026-06-21T17:00:22.000Z</time>
        <extensions>
          <ns3:TrackPointExtension>
            <ns3:hr>183</ns3:hr>
          </ns3:TrackPointExtension>
        </extensions>
      </trkpt>
      <trkpt lat="51.43566339276731014251708984375" lon="5.484382845461368560791015625">
        <ele>15</ele>
        <time>2026-06-21T17:00:23.000Z</time>
        <extensions>
          <ns3:TrackPointExtension>
            <ns3:hr>183</ns3:hr>
          </ns3:TrackPointExtension>
        </extensions>
      </trkpt>
      <trkpt lat="51.43568702973425388336181640625" lon="5.4844041354954242706298828125">
        <ele>15.6000003814697265625</ele>
        <time>2026-06-21T17:00:30.000Z</time>
        <extensions>
          <ns3:TrackPointExtension>
            <ns3:hr>181</ns3:hr>
          </ns3:TrackPointExtension>
        </extensions>
      </trkpt>
      <trkpt lat="51.43570044077932834625244140625" lon="5.4844128526747226715087890625">
        <ele>15.6000003814697265625</ele>
        <time>2026-06-21T17:00:32.000Z</time>
        <extensions>
          <ns3:TrackPointExtension>
            <ns3:hr>182</ns3:hr>
          </ns3:TrackPointExtension>
        </extensions>
      </trkpt>
      <trkpt lat="51.43578149378299713134765625" lon="5.48446507193148136138916015625">
        <ele>15.3999996185302734375</ele>
        <time>2026-06-21T17:00:40.000Z</time>
        <extensions>
          <ns3:TrackPointExtension>
            <ns3:hr>182</ns3:hr>
          </ns3:TrackPointExtension>
        </extensions>
      </trkpt>
      <trkpt lat="51.435888111591339111328125" lon="5.48457286320626735687255859375">
        <ele>14.80000019073486328125</ele>
        <time>2026-06-21T17:00:51.000Z</time>
        <extensions>
          <ns3:TrackPointExtension>
            <ns3:hr>181</ns3:hr>
          </ns3:TrackPointExtension>
        </extensions>
      </trkpt>
      <trkpt lat="51.43598827533423900604248046875" lon="5.484661795198917388916015625">
        <ele>14.6000003814697265625</ele>
        <time>2026-06-21T17:01:00.000Z</time>
        <extensions>
          <ns3:TrackPointExtension>
            <ns3:hr>179</ns3:hr>
          </ns3:TrackPointExtension>
        </extensions>
      </trkpt>
      <trkpt lat="51.43600185401737689971923828125" lon="5.48467093147337436676025390625">
        <ele>14.6000003814697265625</ele>
        <time>2026-06-21T17:01:01.000Z</time>
        <extensions>
          <ns3:TrackPointExtension>
            <ns3:hr>179</ns3:hr>
          </ns3:TrackPointExtension>
        </extensions>
      </trkpt>
      <trkpt lat="51.43609908409416675567626953125" lon="5.48471619375050067901611328125">
        <ele>15</ele>
        <time>2026-06-21T17:01:10.000Z</time>
        <extensions>
          <ns3:TrackPointExtension>
            <ns3:hr>179</ns3:hr>
          </ns3:TrackPointExtension>
        </extensions>
      </trkpt>
      <trkpt lat="51.4361514709889888763427734375" lon="5.48472122289240360260009765625">
        <ele>15.3999996185302734375</ele>
        <time>2026-06-21T17:01:17.000Z</time>
        <extensions>
          <ns3:TrackPointExtension>
            <ns3:hr>180</ns3:hr>
          </ns3:TrackPointExtension>
        </extensions>
      </trkpt>
      <trkpt lat="51.43617971800267696380615234375" lon="5.4846951551735401153564453125">
        <ele>15.6000003814697265625</ele>
        <time>2026-06-21T17:01:21.000Z</time>
        <extensions>
          <ns3:TrackPointExtension>
            <ns3:hr>180</ns3:hr>
          </ns3:TrackPointExtension>
        </extensions>
      </trkpt>
      <trkpt lat="51.436237134039402008056640625" lon="5.484704039990901947021484375">
        <ele>15.3999996185302734375</ele>
        <time>2026-06-21T17:01:26.000Z</time>
        <extensions>
          <ns3:TrackPointExtension>
            <ns3:hr>180</ns3:hr>
          </ns3:TrackPointExtension>
        </extensions>
      </trkpt>
      <trkpt lat="51.43630578182637691497802734375" lon="5.48476967029273509979248046875">
        <ele>14.80000019073486328125</ele>
        <time>2026-06-21T17:01:33.000Z</time>
        <extensions>
          <ns3:TrackPointExtension>
            <ns3:hr>181</ns3:hr>
          </ns3:TrackPointExtension>
        </extensions>
      </trkpt>
      <trkpt lat="51.43635816872119903564453125" lon="5.48478559590876102447509765625">
        <ele>14.80000019073486328125</ele>
        <time>2026-06-21T17:01:39.000Z</time>
        <extensions>
          <ns3:TrackPointExtension>
            <ns3:hr>180</ns3:hr>
          </ns3:TrackPointExtension>
        </extensions>
      </trkpt>
      <trkpt lat="51.43636210821568965911865234375" lon="5.4847648926079273223876953125">
        <ele>14.80000019073486328125</ele>
        <time>2026-06-21T17:01:40.000Z</time>
        <extensions>
          <ns3:TrackPointExtension>
            <ns3:hr>180</ns3:hr>
          </ns3:TrackPointExtension>
        </extensions>
      </trkpt>
      <trkpt lat="51.43641960807144641876220703125" lon="5.48461896367371082305908203125">
        <ele>15.80000019073486328125</ele>
        <time>2026-06-21T17:01:50.000Z</time>
        <extensions>
          <ns3:TrackPointExtension>
            <ns3:hr>180</ns3:hr>
          </ns3:TrackPointExtension>
        </extensions>
      </trkpt>
      <trkpt lat="51.4364634454250335693359375" lon="5.4844938218593597412109375">
        <ele>15.19999980926513671875</ele>
        <time>2026-06-21T17:01:58.000Z</time>
        <extensions>
          <ns3:TrackPointExtension>
            <ns3:hr>180</ns3:hr>
          </ns3:TrackPointExtension>
        </extensions>
      </trkpt>
      <trkpt lat="51.4364994876086711883544921875" lon="5.48433884046971797943115234375">
        <ele>15</ele>
        <time>2026-06-21T17:02:07.000Z</time>
        <extensions>
          <ns3:TrackPointExtension>
            <ns3:hr>180</ns3:hr>
          </ns3:TrackPointExtension>
        </extensions>
      </trkpt>
      <trkpt lat="51.436514072120189666748046875" lon="5.48434839583933353424072265625">
        <ele>15.19999980926513671875</ele>
        <time>2026-06-21T17:02:10.000Z</time>
        <extensions>
          <ns3:TrackPointExtension>
            <ns3:hr>180</ns3:hr>
          </ns3:TrackPointExtension>
        </extensions>
      </trkpt>
      <trkpt lat="51.436526142060756683349609375" lon="5.48440388403832912445068359375">
        <ele>14.80000019073486328125</ele>
        <time>2026-06-21T17:02:12.000Z</time>
        <extensions>
          <ns3:TrackPointExtension>
            <ns3:hr>180</ns3:hr>
          </ns3:TrackPointExtension>
        </extensions>
      </trkpt>
      <trkpt lat="51.43653787672519683837890625" lon="5.4844348132610321044921875">
        <ele>14.6000003814697265625</ele>
        <time>2026-06-21T17:02:13.000Z</time>
        <extensions>
          <ns3:TrackPointExtension>
            <ns3:hr>180</ns3:hr>
          </ns3:TrackPointExtension>
        </extensions>
      </trkpt>
      <trkpt lat="51.4366480149328708648681640625" lon="5.48457252793014049530029296875">
        <ele>14.19999980926513671875</ele>
        <time>2026-06-21T17:02:20.000Z</time>
        <extensions>
          <ns3:TrackPointExtension>
            <ns3:hr>181</ns3:hr>
          </ns3:TrackPointExtension>
        </extensions>
      </trkpt>
      <trkpt lat="51.43674599938094615936279296875" lon="5.48460488207638263702392578125">
        <ele>14</ele>
        <time>2026-06-21T17:02:28.000Z</time>
        <extensions>
          <ns3:TrackPointExtension>
            <ns3:hr>181</ns3:hr>
          </ns3:TrackPointExtension>
        </extensions>
      </trkpt>
      <trkpt lat="51.4368233643472194671630859375" lon="5.48467176966369152069091796875">
        <ele>14</ele>
        <time>2026-06-21T17:02:36.000Z</time>
        <extensions>
          <ns3:TrackPointExtension>
            <ns3:hr>180</ns3:hr>
          </ns3:TrackPointExtension>
        </extensions>
      </trkpt>
      <trkpt lat="51.4368689619004726409912109375" lon="5.48472524620592594146728515625">
        <ele>14.3999996185302734375</ele>
        <time>2026-06-21T17:02:40.000Z</time>
        <extensions>
          <ns3:TrackPointExtension>
            <ns3:hr>183</ns3:hr>
          </ns3:TrackPointExtension>
        </extensions>
      </trkpt>
      <trkpt lat="51.4369135536253452301025390625" lon="5.48475692979991436004638671875">
        <ele>14.3999996185302734375</ele>
        <time>2026-06-21T17:02:44.000Z</time>
        <extensions>
          <ns3:TrackPointExtension>
            <ns3:hr>182</ns3:hr>
          </ns3:TrackPointExtension>
        </extensions>
      </trkpt>
      <trkpt lat="51.43701321445405483245849609375" lon="5.48483110964298248291015625">
        <ele>14.3999996185302734375</ele>
        <time>2026-06-21T17:02:52.000Z</time>
        <extensions>
          <ns3:TrackPointExtension>
            <ns3:hr>181</ns3:hr>
          </ns3:TrackPointExtension>
        </extensions>
      </trkpt>
      <trkpt lat="51.437108516693115234375" lon="5.4849229753017425537109375">
        <ele>14.3999996185302734375</ele>
        <time>2026-06-21T17:03:01.000Z</time>
        <extensions>
          <ns3:TrackPointExtension>
            <ns3:hr>182</ns3:hr>
          </ns3:TrackPointExtension>
        </extensions>
      </trkpt>
      <trkpt lat="51.43720381893217563629150390625" lon="5.48498257063329219818115234375">
        <ele>14.6000003814697265625</ele>
        <time>2026-06-21T17:03:10.000Z</time>
        <extensions>
          <ns3:TrackPointExtension>
            <ns3:hr>179</ns3:hr>
          </ns3:TrackPointExtension>
        </extensions>
      </trkpt>
      <trkpt lat="51.4372144639492034912109375" lon="5.48498592339456081390380859375">
        <ele>14.6000003814697265625</ele>
        <time>2026-06-21T17:03:11.000Z</time>
        <extensions>
          <ns3:TrackPointExtension>
            <ns3:hr>179</ns3:hr>
          </ns3:TrackPointExtension>
        </extensions>
      </trkpt>
      <trkpt lat="51.43731462769210338592529296875" lon="5.48502917401492595672607421875">
        <ele>15.19999980926513671875</ele>
        <time>2026-06-21T17:03:19.000Z</time>
        <extensions>
          <ns3:TrackPointExtension>
            <ns3:hr>182</ns3:hr>
          </ns3:TrackPointExtension>
        </extensions>
      </trkpt>
      <trkpt lat="51.43732988275587558746337890625" lon="5.4850414954125881195068359375">
        <ele>15.6000003814697265625</ele>
        <time>2026-06-21T17:03:21.000Z</time>
        <extensions>
          <ns3:TrackPointExtension>
            <ns3:hr>182</ns3:hr>
          </ns3:TrackPointExtension>
        </extensions>
      </trkpt>
      <trkpt lat="51.43733709119260311126708984375" lon="5.48504862003028392791748046875">
        <ele>15.6000003814697265625</ele>
        <time>2026-06-21T17:03:22.000Z</time>
        <extensions>
          <ns3:TrackPointExtension>
            <ns3:hr>182</ns3:hr>
          </ns3:TrackPointExtension>
        </extensions>
      </trkpt>
      <trkpt lat="51.4374040625989437103271484375" lon="5.4851092211902141571044921875">
        <ele>15</ele>
        <time>2026-06-21T17:03:30.000Z</time>
        <extensions>
          <ns3:TrackPointExtension>
            <ns3:hr>183</ns3:hr>
          </ns3:TrackPointExtension>
        </extensions>
      </trkpt>
      <trkpt lat="51.4374915696680545806884765625" lon="5.4851796291768550872802734375">
        <ele>15.3999996185302734375</ele>
        <time>2026-06-21T17:03:38.000Z</time>
        <extensions>
          <ns3:TrackPointExtension>
            <ns3:hr>183</ns3:hr>
          </ns3:TrackPointExtension>
        </extensions>
      </trkpt>
      <trkpt lat="51.43756373785436153411865234375" lon="5.4852555692195892333984375">
        <ele>15.6000003814697265625</ele>
        <time>2026-06-21T17:03:45.000Z</time>
        <extensions>
          <ns3:TrackPointExtension>
            <ns3:hr>183</ns3:hr>
          </ns3:TrackPointExtension>
        </extensions>
      </trkpt>
      <trkpt lat="51.43763892352581024169921875" lon="5.48534366302192211151123046875">
        <ele>15</ele>
        <time>2026-06-21T17:03:52.000Z</time>
        <extensions>
          <ns3:TrackPointExtension>
            <ns3:hr>183</ns3:hr>
          </ns3:TrackPointExtension>
        </extensions>
      </trkpt>
      <trkpt lat="51.43769231624901294708251953125" lon="5.48541859723627567291259765625">
        <ele>14.80000019073486328125</ele>
        <time>2026-06-21T17:03:58.000Z</time>
        <extensions>
          <ns3:TrackPointExtension>
            <ns3:hr>180</ns3:hr>
          </ns3:TrackPointExtension>
        </extensions>
      </trkpt>
      <trkpt lat="51.43772047944366931915283203125" lon="5.48544307239353656768798828125">
        <ele>14.6000003814697265625</ele>
        <time>2026-06-21T17:04:02.000Z</time>
        <extensions>
          <ns3:TrackPointExtension>
            <ns3:hr>179</ns3:hr>
          </ns3:TrackPointExtension>
        </extensions>
      </trkpt>
      <trkpt lat="51.43777647055685520172119140625" lon="5.48549185506999492645263671875">
        <ele>14.80000019073486328125</ele>
        <time>2026-06-21T17:04:07.000Z</time>
        <extensions>
          <ns3:TrackPointExtension>
            <ns3:hr>182</ns3:hr>
          </ns3:TrackPointExtension>
        </extensions>
      </trkpt>
      <trkpt lat="51.43781016580760478973388671875" lon="5.485512726008892059326171875">
        <ele>14.6000003814697265625</ele>
        <time>2026-06-21T17:04:09.000Z</time>
        <extensions>
          <ns3:TrackPointExtension>
            <ns3:hr>183</ns3:hr>
          </ns3:TrackPointExtension>
        </extensions>
      </trkpt>
      <trkpt lat="51.4378268457949161529541015625" lon="5.485521443188190460205078125">
        <ele>14.6000003814697265625</ele>
        <time>2026-06-21T17:04:10.000Z</time>
        <extensions>
          <ns3:TrackPointExtension>
            <ns3:hr>183</ns3:hr>
          </ns3:TrackPointExtension>
        </extensions>
      </trkpt>
      <trkpt lat="51.43792851828038692474365234375" lon="5.4855675436556339263916015625">
        <ele>14.3999996185302734375</ele>
        <time>2026-06-21T17:04:18.000Z</time>
        <extensions>
          <ns3:TrackPointExtension>
            <ns3:hr>183</ns3:hr>
          </ns3:TrackPointExtension>
        </extensions>
      </trkpt>
      <trkpt lat="51.4380132593214511871337890625" lon="5.48560752533376216888427734375">
        <ele>14.3999996185302734375</ele>
        <time>2026-06-21T17:04:26.000Z</time>
        <extensions>
          <ns3:TrackPointExtension>
            <ns3:hr>183</ns3:hr>
          </ns3:TrackPointExtension>
        </extensions>
      </trkpt>
      <trkpt lat="51.43814108334481716156005859375" lon="5.4856765083968639373779296875">
        <ele>14</ele>
        <time>2026-06-21T17:04:38.000Z</time>
        <extensions>
          <ns3:TrackPointExtension>
            <ns3:hr>183</ns3:hr>
          </ns3:TrackPointExtension>
        </extensions>
      </trkpt>
      <trkpt lat="51.43824644386768341064453125" lon="5.485775582492351531982421875">
        <ele>13.6000003814697265625</ele>
        <time>2026-06-21T17:04:48.000Z</time>
        <extensions>
          <ns3:TrackPointExtension>
            <ns3:hr>184</ns3:hr>
          </ns3:TrackPointExtension>
        </extensions>
      </trkpt>
      <trkpt lat="51.438372172415256500244140625" lon="5.48584741540253162384033203125">
        <ele>13.80000019073486328125</ele>
        <time>2026-06-21T17:04:58.000Z</time>
        <extensions>
          <ns3:TrackPointExtension>
            <ns3:hr>183</ns3:hr>
          </ns3:TrackPointExtension>
        </extensions>
      </trkpt>
      <trkpt lat="51.43847065977752208709716796875" lon="5.4859127104282379150390625">
        <ele>13.6000003814697265625</ele>
        <time>2026-06-21T17:05:07.000Z</time>
        <extensions>
          <ns3:TrackPointExtension>
            <ns3:hr>183</ns3:hr>
          </ns3:TrackPointExtension>
        </extensions>
      </trkpt>
      <trkpt lat="51.43856872804462909698486328125" lon="5.4859960265457630157470703125">
        <ele>13.6000003814697265625</ele>
        <time>2026-06-21T17:05:17.000Z</time>
        <extensions>
          <ns3:TrackPointExtension>
            <ns3:hr>182</ns3:hr>
          </ns3:TrackPointExtension>
        </extensions>
      </trkpt>
      <trkpt lat="51.4386348612606525421142578125" lon="5.48605696298182010650634765625">
        <ele>13.6000003814697265625</ele>
        <time>2026-06-21T17:05:23.000Z</time>
        <extensions>
          <ns3:TrackPointExtension>
            <ns3:hr>180</ns3:hr>
          </ns3:TrackPointExtension>
        </extensions>
      </trkpt>
      <trkpt lat="51.43864785321056842803955078125" lon="5.48607104457914829254150390625">
        <ele>13.6000003814697265625</ele>
        <time>2026-06-21T17:05:24.000Z</time>
        <extensions>
          <ns3:TrackPointExtension>
            <ns3:hr>180</ns3:hr>
          </ns3:TrackPointExtension>
        </extensions>
      </trkpt>
      <trkpt lat="51.43867953680455684661865234375" lon="5.486112534999847412109375">
        <ele>13.6000003814697265625</ele>
        <time>2026-06-21T17:05:27.000Z</time>
        <extensions>
          <ns3:TrackPointExtension>
            <ns3:hr>183</ns3:hr>
          </ns3:TrackPointExtension>
        </extensions>
      </trkpt>
      <trkpt lat="51.438731253147125244140625" lon="5.4862176440656185150146484375">
        <ele>13.80000019073486328125</ele>
        <time>2026-06-21T17:05:34.000Z</time>
        <extensions>
          <ns3:TrackPointExtension>
            <ns3:hr>182</ns3:hr>
          </ns3:TrackPointExtension>
        </extensions>
      </trkpt>
      <trkpt lat="51.4388159103691577911376953125" lon="5.486330129206180572509765625">
        <ele>13.80000019073486328125</ele>
        <time>2026-06-21T17:05:44.000Z</time>
        <extensions>
          <ns3:TrackPointExtension>
            <ns3:hr>184</ns3:hr>
          </ns3:TrackPointExtension>
        </extensions>
      </trkpt>
      <trkpt lat="51.438907273113727569580078125" lon="5.4864322207868099212646484375">
        <ele>13.6000003814697265625</ele>
        <time>2026-06-21T17:05:53.000Z</time>
        <extensions>
          <ns3:TrackPointExtension>
            <ns3:hr>184</ns3:hr>
          </ns3:TrackPointExtension>
        </extensions>
      </trkpt>
      <trkpt lat="51.43901715986430644989013671875" lon="5.48651947639882564544677734375">
        <ele>14</ele>
        <time>2026-06-21T17:06:02.000Z</time>
        <extensions>
          <ns3:TrackPointExtension>
            <ns3:hr>184</ns3:hr>
          </ns3:TrackPointExtension>
        </extensions>
      </trkpt>
      <trkpt lat="51.43914355896413326263427734375" lon="5.486599691212177276611328125">
        <ele>13.80000019073486328125</ele>
        <time>2026-06-21T17:06:13.000Z</time>
        <extensions>
          <ns3:TrackPointExtension>
            <ns3:hr>183</ns3:hr>
          </ns3:TrackPointExtension>
        </extensions>
      </trkpt>
      <trkpt lat="51.439241208136081695556640625" lon="5.4866250045597553253173828125">
        <ele>13.80000019073486328125</ele>
        <time>2026-06-21T17:06:23.000Z</time>
        <extensions>
          <ns3:TrackPointExtension>
            <ns3:hr>185</ns3:hr>
          </ns3:TrackPointExtension>
        </extensions>
      </trkpt>
      <trkpt lat="51.43937288783490657806396484375" lon="5.4865975119173526763916015625">
        <ele>13.80000019073486328125</ele>
        <time>2026-06-21T17:06:34.000Z</time>
        <extensions>
          <ns3:TrackPointExtension>
            <ns3:hr>183</ns3:hr>
          </ns3:TrackPointExtension>
        </extensions>
      </trkpt>
      <trkpt lat="51.4395072497427463531494140625" lon="5.48658602871000766754150390625">
        <ele>13.3999996185302734375</ele>
        <time>2026-06-21T17:06:45.000Z</time>
        <extensions>
          <ns3:TrackPointExtension>
            <ns3:hr>184</ns3:hr>
          </ns3:TrackPointExtension>
        </extensions>
      </trkpt>
      <trkpt lat="51.43961294554173946380615234375" lon="5.48654529266059398651123046875">
        <ele>13.3999996185302734375</ele>
        <time>2026-06-21T17:06:55.000Z</time>
        <extensions>
          <ns3:TrackPointExtension>
            <ns3:hr>180</ns3:hr>
          </ns3:TrackPointExtension>
        </extensions>
      </trkpt>
      <trkpt lat="51.43963708542287349700927734375" lon="5.4865374974906444549560546875">
        <ele>13.3999996185302734375</ele>
        <time>2026-06-21T17:06:57.000Z</time>
        <extensions>
          <ns3:TrackPointExtension>
            <ns3:hr>180</ns3:hr>
          </ns3:TrackPointExtension>
        </extensions>
      </trkpt>
      <trkpt lat="51.43971067853271961212158203125" lon="5.48641772009432315826416015625">
        <ele>13.80000019073486328125</ele>
        <time>2026-06-21T17:07:07.000Z</time>
        <extensions>
          <ns3:TrackPointExtension>
            <ns3:hr>178</ns3:hr>
          </ns3:TrackPointExtension>
        </extensions>
      </trkpt>
      <trkpt lat="51.439735405147075653076171875" lon="5.486248321831226348876953125">
        <ele>13.80000019073486328125</ele>
        <time>2026-06-21T17:07:16.000Z</time>
        <extensions>
          <ns3:TrackPointExtension>
            <ns3:hr>177</ns3:hr>
          </ns3:TrackPointExtension>
        </extensions>
      </trkpt>
      <trkpt lat="51.43976968713104724884033203125" lon="5.48608839511871337890625">
        <ele>13.6000003814697265625</ele>
        <time>2026-06-21T17:07:24.000Z</time>
        <extensions>
          <ns3:TrackPointExtension>
            <ns3:hr>177</ns3:hr>
          </ns3:TrackPointExtension>
        </extensions>
      </trkpt>
      <trkpt lat="51.43982936628162860870361328125" lon="5.48593592830002307891845703125">
        <ele>13.6000003814697265625</ele>
        <time>2026-06-21T17:07:33.000Z</time>
        <extensions>
          <ns3:TrackPointExtension>
            <ns3:hr>177</ns3:hr>
          </ns3:TrackPointExtension>
        </extensions>
      </trkpt>
      <trkpt lat="51.43988820724189281463623046875" lon="5.4858853854238986968994140625">
        <ele>13.6000003814697265625</ele>
        <time>2026-06-21T17:07:38.000Z</time>
        <extensions>
          <ns3:TrackPointExtension>
            <ns3:hr>180</ns3:hr>
          </ns3:TrackPointExtension>
        </extensions>
      </trkpt>
      <trkpt lat="51.43992860801517963409423828125" lon="5.48587742261588573455810546875">
        <ele>13.6000003814697265625</ele>
        <time>2026-06-21T17:07:42.000Z</time>
        <extensions>
          <ns3:TrackPointExtension>
            <ns3:hr>184</ns3:hr>
          </ns3:TrackPointExtension>
        </extensions>
      </trkpt>
      <trkpt lat="51.44005567766726016998291015625" lon="5.4858800210058689117431640625">
        <ele>13.19999980926513671875</ele>
        <time>2026-06-21T17:07:53.000Z</time>
        <extensions>
          <ns3:TrackPointExtension>
            <ns3:hr>185</ns3:hr>
          </ns3:TrackPointExtension>
        </extensions>
      </trkpt>
      <trkpt lat="51.4401110820472240447998046875" lon="5.485807098448276519775390625">
        <ele>13.19999980926513671875</ele>
        <time>2026-06-21T17:08:00.000Z</time>
        <extensions>
          <ns3:TrackPointExtension>
            <ns3:hr>184</ns3:hr>
          </ns3:TrackPointExtension>
        </extensions>
      </trkpt>
      <trkpt lat="51.44018408842384815216064453125" lon="5.48566066659986972808837890625">
        <ele>13.3999996185302734375</ele>
        <time>2026-06-21T17:08:10.000Z</time>
        <extensions>
          <ns3:TrackPointExtension>
            <ns3:hr>184</ns3:hr>
          </ns3:TrackPointExtension>
        </extensions>
      </trkpt>
      <trkpt lat="51.44024611450731754302978515625" lon="5.48545279540121555328369140625">
        <ele>13.80000019073486328125</ele>
        <time>2026-06-21T17:08:23.000Z</time>
        <extensions>
          <ns3:TrackPointExtension>
            <ns3:hr>183</ns3:hr>
          </ns3:TrackPointExtension>
        </extensions>
      </trkpt>
      <trkpt lat="51.4402656443417072296142578125" lon="5.4852745123207569122314453125">
        <ele>13.80000019073486328125</ele>
        <time>2026-06-21T17:08:32.000Z</time>
        <extensions>
          <ns3:TrackPointExtension>
            <ns3:hr>185</ns3:hr>
          </ns3:TrackPointExtension>
        </extensions>
      </trkpt>
      <trkpt lat="51.44026623107492923736572265625" lon="5.4851233027875423431396484375">
        <ele>13.80000019073486328125</ele>
        <time>2026-06-21T17:08:41.000Z</time>
        <extensions>
          <ns3:TrackPointExtension>
            <ns3:hr>184</ns3:hr>
          </ns3:TrackPointExtension>
        </extensions>
      </trkpt>
      <trkpt lat="51.44027285277843475341796875" lon="5.48501509241759777069091796875">
        <ele>13.80000019073486328125</ele>
        <time>2026-06-21T17:08:47.000Z</time>
        <extensions>
          <ns3:TrackPointExtension>
            <ns3:hr>183</ns3:hr>
          </ns3:TrackPointExtension>
        </extensions>
      </trkpt>
      <trkpt lat="51.44032926298677921295166015625" lon="5.4847977496683597564697265625">
        <ele>14.19999980926513671875</ele>
        <time>2026-06-21T17:08:59.000Z</time>
        <extensions>
          <ns3:TrackPointExtension>
            <ns3:hr>183</ns3:hr>
          </ns3:TrackPointExtension>
        </extensions>
      </trkpt>
      <trkpt lat="51.44039162434637546539306640625" lon="5.48466623760759830474853515625">
        <ele>13.80000019073486328125</ele>
        <time>2026-06-21T17:09:08.000Z</time>
        <extensions>
          <ns3:TrackPointExtension>
            <ns3:hr>183</ns3:hr>
          </ns3:TrackPointExtension>
        </extensions>
      </trkpt>
      <trkpt lat="51.440484412014484405517578125" lon="5.4846063069999217987060546875">
        <ele>13.80000019073486328125</ele>
        <time>2026-06-21T17:09:16.000Z</time>
        <extensions>
          <ns3:TrackPointExtension>
            <ns3:hr>183</ns3:hr>
          </ns3:TrackPointExtension>
        </extensions>
      </trkpt>
      <trkpt lat="51.44057652913033962249755859375" lon="5.4845831729471683502197265625">
        <ele>13.80000019073486328125</ele>
        <time>2026-06-21T17:09:25.000Z</time>
        <extensions>
          <ns3:TrackPointExtension>
            <ns3:hr>183</ns3:hr>
          </ns3:TrackPointExtension>
        </extensions>
      </trkpt>
      <trkpt lat="51.44068247638642787933349609375" lon="5.484545789659023284912109375">
        <ele>14</ele>
        <time>2026-06-21T17:09:34.000Z</time>
        <extensions>
          <ns3:TrackPointExtension>
            <ns3:hr>183</ns3:hr>
          </ns3:TrackPointExtension>
        </extensions>
      </trkpt>
      <trkpt lat="51.4408359490334987640380859375" lon="5.48451620154082775115966796875">
        <ele>14</ele>
        <time>2026-06-21T17:09:46.000Z</time>
        <extensions>
          <ns3:TrackPointExtension>
            <ns3:hr>184</ns3:hr>
          </ns3:TrackPointExtension>
        </extensions>
      </trkpt>
      <trkpt lat="51.44095622934401035308837890625" lon="5.48453883267939090728759765625">
        <ele>13.80000019073486328125</ele>
        <time>2026-06-21T17:09:56.000Z</time>
        <extensions>
          <ns3:TrackPointExtension>
            <ns3:hr>184</ns3:hr>
          </ns3:TrackPointExtension>
        </extensions>
      </trkpt>
      <trkpt lat="51.4410837180912494659423828125" lon="5.48452743329107761383056640625">
        <ele>13.80000019073486328125</ele>
        <time>2026-06-21T17:10:06.000Z</time>
        <extensions>
          <ns3:TrackPointExtension>
            <ns3:hr>184</ns3:hr>
          </ns3:TrackPointExtension>
        </extensions>
      </trkpt>
      <trkpt lat="51.44119528122246265411376953125" lon="5.48451284877955913543701171875">
        <ele>13.80000019073486328125</ele>
        <time>2026-06-21T17:10:15.000Z</time>
        <extensions>
          <ns3:TrackPointExtension>
            <ns3:hr>185</ns3:hr>
          </ns3:TrackPointExtension>
        </extensions>
      </trkpt>
      <trkpt lat="51.44130776636302471160888671875" lon="5.48447965644299983978271484375">
        <ele>13.6000003814697265625</ele>
        <time>2026-06-21T17:10:24.000Z</time>
        <extensions>
          <ns3:TrackPointExtension>
            <ns3:hr>185</ns3:hr>
          </ns3:TrackPointExtension>
        </extensions>
      </trkpt>
      <trkpt lat="51.4413770847022533416748046875" lon="5.48440673388540744781494140625">
        <ele>13.80000019073486328125</ele>
        <time>2026-06-21T17:10:32.000Z</time>
        <extensions>
          <ns3:TrackPointExtension>
            <ns3:hr>184</ns3:hr>
          </ns3:TrackPointExtension>
        </extensions>
      </trkpt>
      <trkpt lat="51.44145042635500431060791015625" lon="5.48436985351145267486572265625">
        <ele>13.6000003814697265625</ele>
        <time>2026-06-21T17:10:40.000Z</time>
        <extensions>
          <ns3:TrackPointExtension>
            <ns3:hr>184</ns3:hr>
          </ns3:TrackPointExtension>
        </extensions>
      </trkpt>
      <trkpt lat="51.44145461730659008026123046875" lon="5.4843863658607006072998046875">
        <ele>13.6000003814697265625</ele>
        <time>2026-06-21T17:10:41.000Z</time>
        <extensions>
          <ns3:TrackPointExtension>
            <ns3:hr>184</ns3:hr>
          </ns3:TrackPointExtension>
        </extensions>
      </trkpt>
      <trkpt lat="51.4414766617119312286376953125" lon="5.484508909285068511962890625">
        <ele>13.6000003814697265625</ele>
        <time>2026-06-21T17:10:46.000Z</time>
        <extensions>
          <ns3:TrackPointExtension>
            <ns3:hr>179</ns3:hr>
          </ns3:TrackPointExtension>
        </extensions>
      </trkpt>
      <trkpt lat="51.441480852663516998291015625" lon="5.4845452867448329925537109375">
        <ele>13.6000003814697265625</ele>
        <time>2026-06-21T17:10:48.000Z</time>
        <extensions>
          <ns3:TrackPointExtension>
            <ns3:hr>176</ns3:hr>
          </ns3:TrackPointExtension>
        </extensions>
      </trkpt>
      <trkpt lat="51.4414837025105953216552734375" lon="5.48456557095050811767578125">
        <ele>13.6000003814697265625</ele>
        <time>2026-06-21T17:10:49.000Z</time>
        <extensions>
          <ns3:TrackPointExtension>
            <ns3:hr>175</ns3:hr>
          </ns3:TrackPointExtension>
        </extensions>
      </trkpt>
      <trkpt lat="51.44147850573062896728515625" lon="5.48472289927303791046142578125">
        <ele>13.80000019073486328125</ele>
        <time>2026-06-21T17:10:58.000Z</time>
        <extensions>
          <ns3:TrackPointExtension>
            <ns3:hr>175</ns3:hr>
          </ns3:TrackPointExtension>
        </extensions>
      </trkpt>
      <trkpt lat="51.4414900727570056915283203125" lon="5.484819710254669189453125">
        <ele>13.80000019073486328125</ele>
        <time>2026-06-21T17:11:04.000Z</time>
        <extensions>
          <ns3:TrackPointExtension>
            <ns3:hr>178</ns3:hr>
          </ns3:TrackPointExtension>
        </extensions>
      </trkpt>
      <trkpt lat="51.4414914138615131378173828125" lon="5.48484242521226406097412109375">
        <ele>13.80000019073486328125</ele>
        <time>2026-06-21T17:11:05.000Z</time>
        <extensions>
          <ns3:TrackPointExtension>
            <ns3:hr>181</ns3:hr>
          </ns3:TrackPointExtension>
        </extensions>
      </trkpt>
      <trkpt lat="51.44149267114698886871337890625" lon="5.48488249070942401885986328125">
        <ele>13.80000019073486328125</ele>
        <time>2026-06-21T17:11:07.000Z</time>
        <extensions>
          <ns3:TrackPointExtension>
            <ns3:hr>184</ns3:hr>
          </ns3:TrackPointExtension>
        </extensions>
      </trkpt>
      <trkpt lat="51.44149124622344970703125" lon="5.48491685651242733001708984375">
        <ele>13.80000019073486328125</ele>
        <time>2026-06-21T17:11:09.000Z</time>
        <extensions>
          <ns3:TrackPointExtension>
            <ns3:hr>184</ns3:hr>
          </ns3:TrackPointExtension>
        </extensions>
      </trkpt>
      <trkpt lat="51.4414920844137668609619140625" lon="5.48505373299121856689453125">
        <ele>13.80000019073486328125</ele>
        <time>2026-06-21T17:11:18.000Z</time>
        <extensions>
          <ns3:TrackPointExtension>
            <ns3:hr>185</ns3:hr>
          </ns3:TrackPointExtension>
        </extensions>
      </trkpt>
      <trkpt lat="51.44148730672895908355712890625" lon="5.48523687757551670074462890625">
        <ele>13.6000003814697265625</ele>
        <time>2026-06-21T17:11:28.000Z</time>
        <extensions>
          <ns3:TrackPointExtension>
            <ns3:hr>184</ns3:hr>
          </ns3:TrackPointExtension>
        </extensions>
      </trkpt>
      <trkpt lat="51.44149862229824066162109375" lon="5.485403425991535186767578125">
        <ele>13.80000019073486328125</ele>
        <time>2026-06-21T17:11:37.000Z</time>
        <extensions>
          <ns3:TrackPointExtension>
            <ns3:hr>183</ns3:hr>
          </ns3:TrackPointExtension>
        </extensions>
      </trkpt>
      <trkpt lat="51.44150675274431705474853515625" lon="5.4856084473431110382080078125">
        <ele>13.6000003814697265625</ele>
        <time>2026-06-21T17:11:47.000Z</time>
        <extensions>
          <ns3:TrackPointExtension>
            <ns3:hr>184</ns3:hr>
          </ns3:TrackPointExtension>
        </extensions>
      </trkpt>
      <trkpt lat="51.44151815213263034820556640625" lon="5.48577985726296901702880859375">
        <ele>14</ele>
        <time>2026-06-21T17:11:56.000Z</time>
        <extensions>
          <ns3:TrackPointExtension>
            <ns3:hr>184</ns3:hr>
          </ns3:TrackPointExtension>
        </extensions>
      </trkpt>
      <trkpt lat="51.4415132068097591400146484375" lon="5.4859386943280696868896484375">
        <ele>14.19999980926513671875</ele>
        <time>2026-06-21T17:12:04.000Z</time>
        <extensions>
          <ns3:TrackPointExtension>
            <ns3:hr>183</ns3:hr>
          </ns3:TrackPointExtension>
        </extensions>
      </trkpt>
      <trkpt lat="51.4415333233773708343505859375" lon="5.48615586943924427032470703125">
        <ele>13.80000019073486328125</ele>
        <time>2026-06-21T17:12:15.000Z</time>
        <extensions>
          <ns3:TrackPointExtension>
            <ns3:hr>183</ns3:hr>
          </ns3:TrackPointExtension>
        </extensions>
      </trkpt>
      <trkpt lat="51.44155704416334629058837890625" lon="5.4863299615681171417236328125">
        <ele>13.80000019073486328125</ele>
        <time>2026-06-21T17:12:25.000Z</time>
        <extensions>
          <ns3:TrackPointExtension>
            <ns3:hr>184</ns3:hr>
          </ns3:TrackPointExtension>
        </extensions>
      </trkpt>
      <trkpt lat="51.4415220916271209716796875" lon="5.4864801652729511260986328125">
        <ele>14</ele>
        <time>2026-06-21T17:12:34.000Z</time>
        <extensions>
          <ns3:TrackPointExtension>
            <ns3:hr>184</ns3:hr>
          </ns3:TrackPointExtension>
        </extensions>
      </trkpt>
      <trkpt lat="51.44152804277837276458740234375" lon="5.48663749359548091888427734375">
        <ele>14</ele>
        <time>2026-06-21T17:12:43.000Z</time>
        <extensions>
          <ns3:TrackPointExtension>
            <ns3:hr>185</ns3:hr>
          </ns3:TrackPointExtension>
        </extensions>
      </trkpt>
      <trkpt lat="51.44148864783346652984619140625" lon="5.4867725260555744171142578125">
        <ele>13.80000019073486328125</ele>
        <time>2026-06-21T17:12:50.000Z</time>
        <extensions>
          <ns3:TrackPointExtension>
            <ns3:hr>182</ns3:hr>
          </ns3:TrackPointExtension>
        </extensions>
      </trkpt>
      <trkpt lat="51.44147439859807491302490234375" lon="5.486796163022518157958984375">
        <ele>13.80000019073486328125</ele>
        <time>2026-06-21T17:12:52.000Z</time>
        <extensions>
          <ns3:TrackPointExtension>
            <ns3:hr>182</ns3:hr>
          </ns3:TrackPointExtension>
        </extensions>
      </trkpt>
      <trkpt lat="51.4414228498935699462890625" lon="5.48690470866858959197998046875">
        <ele>14</ele>
        <time>2026-06-21T17:12:59.000Z</time>
        <extensions>
          <ns3:TrackPointExtension>
            <ns3:hr>183</ns3:hr>
          </ns3:TrackPointExtension>
        </extensions>
      </trkpt>
      <trkpt lat="51.44133500754833221435546875" lon="5.48701099120080471038818359375">
        <ele>13.80000019073486328125</ele>
        <time>2026-06-21T17:13:08.000Z</time>
        <extensions>
          <ns3:TrackPointExtension>
            <ns3:hr>183</ns3:hr>
          </ns3:TrackPointExtension>
        </extensions>
      </trkpt>
      <trkpt lat="51.44123844802379608154296875" lon="5.48708508722484111785888671875">
        <ele>13.80000019073486328125</ele>
        <time>2026-06-21T17:13:16.000Z</time>
        <extensions>
          <ns3:TrackPointExtension>
            <ns3:hr>184</ns3:hr>
          </ns3:TrackPointExtension>
        </extensions>
      </trkpt>
      <trkpt lat="51.44113962538540363311767578125" lon="5.48711777664721012115478515625">
        <ele>13.80000019073486328125</ele>
        <time>2026-06-21T17:13:24.000Z</time>
        <extensions>
          <ns3:TrackPointExtension>
            <ns3:hr>184</ns3:hr>
          </ns3:TrackPointExtension>
        </extensions>
      </trkpt>
      <trkpt lat="51.44104474224150180816650390625" lon="5.48712012358009815216064453125">
        <ele>14.6000003814697265625</ele>
        <time>2026-06-21T17:13:31.000Z</time>
        <extensions>
          <ns3:TrackPointExtension>
            <ns3:hr>184</ns3:hr>
          </ns3:TrackPointExtension>
        </extensions>
      </trkpt>
      <trkpt lat="51.4410156570374965667724609375" lon="5.48711928538978099822998046875">
        <ele>14.80000019073486328125</ele>
        <time>2026-06-21T17:13:34.000Z</time>
        <extensions>
          <ns3:TrackPointExtension>
            <ns3:hr>184</ns3:hr>
          </ns3:TrackPointExtension>
        </extensions>
      </trkpt>
      <trkpt lat="51.44090375863015651702880859375" lon="5.4871383123099803924560546875">
        <ele>14</ele>
        <time>2026-06-21T17:13:44.000Z</time>
        <extensions>
          <ns3:TrackPointExtension>
            <ns3:hr>185</ns3:hr>
          </ns3:TrackPointExtension>
        </extensions>
      </trkpt>
      <trkpt lat="51.44081524573266506195068359375" lon="5.487116686999797821044921875">
        <ele>14.6000003814697265625</ele>
        <time>2026-06-21T17:13:54.000Z</time>
        <extensions>
          <ns3:TrackPointExtension>
            <ns3:hr>184</ns3:hr>
          </ns3:TrackPointExtension>
        </extensions>
      </trkpt>
      <trkpt lat="51.44069840200245380401611328125" lon="5.48710637725889682769775390625">
        <ele>14.3999996185302734375</ele>
        <time>2026-06-21T17:14:04.000Z</time>
        <extensions>
          <ns3:TrackPointExtension>
            <ns3:hr>185</ns3:hr>
          </ns3:TrackPointExtension>
        </extensions>
      </trkpt>
      <trkpt lat="51.4405747689306735992431640625" lon="5.48711241222918033599853515625">
        <ele>14</ele>
        <time>2026-06-21T17:14:14.000Z</time>
        <extensions>
          <ns3:TrackPointExtension>
            <ns3:hr>184</ns3:hr>
          </ns3:TrackPointExtension>
        </extensions>
      </trkpt>
      <trkpt lat="51.44046706147491931915283203125" lon="5.48712951131165027618408203125">
        <ele>14.3999996185302734375</ele>
        <time>2026-06-21T17:14:23.000Z</time>
        <extensions>
          <ns3:TrackPointExtension>
            <ns3:hr>186</ns3:hr>
          </ns3:TrackPointExtension>
        </extensions>
      </trkpt>
      <trkpt lat="51.44036446698009967803955078125" lon="5.48716999590396881103515625">
        <ele>14</ele>
        <time>2026-06-21T17:14:31.000Z</time>
        <extensions>
          <ns3:TrackPointExtension>
            <ns3:hr>185</ns3:hr>
          </ns3:TrackPointExtension>
        </extensions>
      </trkpt>
      <trkpt lat="51.440269835293292999267578125" lon="5.487182401120662689208984375">
        <ele>14</ele>
        <time>2026-06-21T17:14:40.000Z</time>
        <extensions>
          <ns3:TrackPointExtension>
            <ns3:hr>187</ns3:hr>
          </ns3:TrackPointExtension>
        </extensions>
      </trkpt>
      <trkpt lat="51.44017696380615234375" lon="5.48723026178777217864990234375">
        <ele>13.80000019073486328125</ele>
        <time>2026-06-21T17:14:48.000Z</time>
        <extensions>
          <ns3:TrackPointExtension>
            <ns3:hr>186</ns3:hr>
          </ns3:TrackPointExtension>
        </extensions>
      </trkpt>
      <trkpt lat="51.44007571041584014892578125" lon="5.48727485351264476776123046875">
        <ele>14</ele>
        <time>2026-06-21T17:14:56.000Z</time>
        <extensions>
          <ns3:TrackPointExtension>
            <ns3:hr>185</ns3:hr>
          </ns3:TrackPointExtension>
        </extensions>
      </trkpt>
      <trkpt lat="51.439981162548065185546875" lon="5.48730636946856975555419921875">
        <ele>13.80000019073486328125</ele>
        <time>2026-06-21T17:15:05.000Z</time>
        <extensions>
          <ns3:TrackPointExtension>
            <ns3:hr>183</ns3:hr>
          </ns3:TrackPointExtension>
        </extensions>
      </trkpt>
      <trkpt lat="51.43985048867762088775634765625" lon="5.487358756363391876220703125">
        <ele>13.80000019073486328125</ele>
        <time>2026-06-21T17:15:17.000Z</time>
        <extensions>
          <ns3:TrackPointExtension>
            <ns3:hr>185</ns3:hr>
          </ns3:TrackPointExtension>
        </extensions>
      </trkpt>
      <trkpt lat="51.43976449035108089447021484375" lon="5.4873877577483654022216796875">
        <ele>14</ele>
        <time>2026-06-21T17:15:24.000Z</time>
        <extensions>
          <ns3:TrackPointExtension>
            <ns3:hr>185</ns3:hr>
          </ns3:TrackPointExtension>
        </extensions>
      </trkpt>
      <trkpt lat="51.43966910429298877716064453125" lon="5.48744098283350467681884765625">
        <ele>14.19999980926513671875</ele>
        <time>2026-06-21T17:15:32.000Z</time>
        <extensions>
          <ns3:TrackPointExtension>
            <ns3:hr>185</ns3:hr>
          </ns3:TrackPointExtension>
        </extensions>
      </trkpt>
      <trkpt lat="51.4395613968372344970703125" lon="5.48747333697974681854248046875">
        <ele>14.19999980926513671875</ele>
        <time>2026-06-21T17:15:42.000Z</time>
        <extensions>
          <ns3:TrackPointExtension>
            <ns3:hr>186</ns3:hr>
          </ns3:TrackPointExtension>
        </extensions>
      </trkpt>
      <trkpt lat="51.43944673240184783935546875" lon="5.487499572336673736572265625">
        <ele>14</ele>
        <time>2026-06-21T17:15:52.000Z</time>
        <extensions>
          <ns3:TrackPointExtension>
            <ns3:hr>184</ns3:hr>
          </ns3:TrackPointExtension>
        </extensions>
      </trkpt>
      <trkpt lat="51.4393245242536067962646484375" lon="5.48747266642749309539794921875">
        <ele>14.3999996185302734375</ele>
        <time>2026-06-21T17:16:02.000Z</time>
        <extensions>
          <ns3:TrackPointExtension>
            <ns3:hr>185</ns3:hr>
          </ns3:TrackPointExtension>
        </extensions>
      </trkpt>
      <trkpt lat="51.43925084732472896575927734375" lon="5.487462021410465240478515625">
        <ele>14.3999996185302734375</ele>
        <time>2026-06-21T17:16:08.000Z</time>
        <extensions>
          <ns3:TrackPointExtension>
            <ns3:hr>182</ns3:hr>
          </ns3:TrackPointExtension>
        </extensions>
      </trkpt>
      <trkpt lat="51.43921430222690105438232421875" lon="5.4874403961002826690673828125">
        <ele>14</ele>
        <time>2026-06-21T17:16:12.000Z</time>
        <extensions>
          <ns3:TrackPointExtension>
            <ns3:hr>184</ns3:hr>
          </ns3:TrackPointExtension>
        </extensions>
      </trkpt>
      <trkpt lat="51.439095027744770050048828125" lon="5.48740276135504245758056640625">
        <ele>14.80000019073486328125</ele>
        <time>2026-06-21T17:16:21.000Z</time>
        <extensions>
          <ns3:TrackPointExtension>
            <ns3:hr>184</ns3:hr>
          </ns3:TrackPointExtension>
        </extensions>
      </trkpt>
      <trkpt lat="51.43902973271906375885009765625" lon="5.487419106066226959228515625">
        <ele>14.3999996185302734375</ele>
        <time>2026-06-21T17:16:29.000Z</time>
        <extensions>
          <ns3:TrackPointExtension>
            <ns3:hr>186</ns3:hr>
          </ns3:TrackPointExtension>
        </extensions>
      </trkpt>
      <trkpt lat="51.43898279406130313873291015625" lon="5.48746126703917980194091796875">
        <ele>14.19999980926513671875</ele>
        <time>2026-06-21T17:16:36.000Z</time>
        <extensions>
          <ns3:TrackPointExtension>
            <ns3:hr>186</ns3:hr>
          </ns3:TrackPointExtension>
        </extensions>
      </trkpt>
      <trkpt lat="51.438913308084011077880859375" lon="5.4875681363046169281005859375">
        <ele>14.6000003814697265625</ele>
        <time>2026-06-21T17:16:46.000Z</time>
        <extensions>
          <ns3:TrackPointExtension>
            <ns3:hr>187</ns3:hr>
          </ns3:TrackPointExtension>
        </extensions>
      </trkpt>
      <trkpt lat="51.438899897038936614990234375" lon="5.487648434937000274658203125">
        <ele>14.80000019073486328125</ele>
        <time>2026-06-21T17:16:53.000Z</time>
        <extensions>
          <ns3:TrackPointExtension>
            <ns3:hr>186</ns3:hr>
          </ns3:TrackPointExtension>
        </extensions>
      </trkpt>
      <trkpt lat="51.4388350211083889007568359375" lon="5.4877689667046070098876953125">
        <ele>14.6000003814697265625</ele>
        <time>2026-06-21T17:17:02.000Z</time>
        <extensions>
          <ns3:TrackPointExtension>
            <ns3:hr>186</ns3:hr>
          </ns3:TrackPointExtension>
        </extensions>
      </trkpt>
      <trkpt lat="51.43873586319386959075927734375" lon="5.48786393366754055023193359375">
        <ele>14.80000019073486328125</ele>
        <time>2026-06-21T17:17:10.000Z</time>
        <extensions>
          <ns3:TrackPointExtension>
            <ns3:hr>186</ns3:hr>
          </ns3:TrackPointExtension>
        </extensions>
      </trkpt>
      <trkpt lat="51.4386429078876972198486328125" lon="5.48786862753331661224365234375">
        <ele>15</ele>
        <time>2026-06-21T17:17:17.000Z</time>
        <extensions>
          <ns3:TrackPointExtension>
            <ns3:hr>188</ns3:hr>
          </ns3:TrackPointExtension>
        </extensions>
      </trkpt>
      <trkpt lat="51.4385926164686679840087890625" lon="5.48780358396470546722412109375">
        <ele>15.19999980926513671875</ele>
        <time>2026-06-21T17:17:24.000Z</time>
        <extensions>
          <ns3:TrackPointExtension>
            <ns3:hr>187</ns3:hr>
          </ns3:TrackPointExtension>
        </extensions>
      </trkpt>
      <trkpt lat="51.43858130089938640594482421875" lon="5.48778631724417209625244140625">
        <ele>15.19999980926513671875</ele>
        <time>2026-06-21T17:17:33.000Z</time>
        <extensions>
          <ns3:TrackPointExtension>
            <ns3:hr>186</ns3:hr>
          </ns3:TrackPointExtension>
        </extensions>
      </trkpt>
      <trkpt lat="51.438563279807567596435546875" lon="5.487767122685909271240234375">
        <ele>15</ele>
        <time>2026-06-21T17:17:41.000Z</time>
        <extensions>
          <ns3:TrackPointExtension>
            <ns3:hr>186</ns3:hr>
          </ns3:TrackPointExtension>
        </extensions>
      </trkpt>
      <trkpt lat="51.43854224123060703277587890625" lon="5.48775346018373966217041015625">
        <ele>15</ele>
        <time>2026-06-21T17:17:52.000Z</time>
        <extensions>
          <ns3:TrackPointExtension>
            <ns3:hr>188</ns3:hr>
          </ns3:TrackPointExtension>
        </extensions>
      </trkpt>
      <trkpt lat="51.43855355679988861083984375" lon="5.48776636831462383270263671875">
        <ele>15</ele>
        <time>2026-06-21T17:17:58.000Z</time>
        <extensions>
          <ns3:TrackPointExtension>
            <ns3:hr>188</ns3:hr>
          </ns3:TrackPointExtension>
        </extensions>
      </trkpt>
      <trkpt lat="51.438551880419254302978515625" lon="5.48775966279208660125732421875">
        <ele>15</ele>
        <time>2026-06-21T17:18:06.000Z</time>
        <extensions>
          <ns3:TrackPointExtension>
            <ns3:hr>188</ns3:hr>
          </ns3:TrackPointExtension>
        </extensions>
      </trkpt>
      <trkpt lat="51.438551880419254302978515625" lon="5.48775966279208660125732421875">
        <ele>15</ele>
        <time>2026-06-21T17:18:16.000Z</time>
        <extensions>
          <ns3:TrackPointExtension>
            <ns3:hr>186</ns3:hr>
          </ns3:TrackPointExtension>
        </extensions>
      </trkpt>
      <trkpt lat="51.438551880419254302978515625" lon="5.48775966279208660125732421875">
        <ele>15</ele>
        <time>2026-06-21T17:18:24.000Z</time>
        <extensions>
          <ns3:TrackPointExtension>
            <ns3:hr>186</ns3:hr>
          </ns3:TrackPointExtension>
        </extensions>
      </trkpt>
      <trkpt lat="51.438551880419254302978515625" lon="5.48775966279208660125732421875">
        <ele>15</ele>
        <time>2026-06-21T17:18:33.000Z</time>
        <extensions>
          <ns3:TrackPointExtension>
            <ns3:hr>185</ns3:hr>
          </ns3:TrackPointExtension>
        </extensions>
      </trkpt>
      <trkpt lat="51.438551880419254302978515625" lon="5.48775966279208660125732421875">
        <ele>15</ele>
        <time>2026-06-21T17:18:44.000Z</time>
        <extensions>
          <ns3:TrackPointExtension>
            <ns3:hr>184</ns3:hr>
          </ns3:TrackPointExtension>
        </extensions>
      </trkpt>
      <trkpt lat="51.438551880419254302978515625" lon="5.48775966279208660125732421875">
        <ele>15</ele>
        <time>2026-06-21T17:18:53.000Z</time>
        <extensions>
          <ns3:TrackPointExtension>
            <ns3:hr>183</ns3:hr>
          </ns3:TrackPointExtension>
        </extensions>
      </trkpt>
      <trkpt lat="51.43855380825698375701904296875" lon="5.48773728311061859130859375">
        <ele>15.19999980926513671875</ele>
        <time>2026-06-21T17:19:01.000Z</time>
        <extensions>
          <ns3:TrackPointExtension>
            <ns3:hr>182</ns3:hr>
          </ns3:TrackPointExtension>
        </extensions>
      </trkpt>
      <trkpt lat="51.4385423250496387481689453125" lon="5.487716831266880035400390625">
        <ele>15</ele>
        <time>2026-06-21T17:19:09.000Z</time>
        <extensions>
          <ns3:TrackPointExtension>
            <ns3:hr>182</ns3:hr>
          </ns3:TrackPointExtension>
        </extensions>
      </trkpt>
      <trkpt lat="51.43854173831641674041748046875" lon="5.48773166723549365997314453125">
        <ele>15</ele>
        <time>2026-06-21T17:19:20.000Z</time>
        <extensions>
          <ns3:TrackPointExtension>
            <ns3:hr>181</ns3:hr>
          </ns3:TrackPointExtension>
        </extensions>
      </trkpt>
      <trkpt lat="51.43854123540222644805908203125" lon="5.48769445158541202545166015625">
        <ele>15</ele>
        <time>2026-06-21T17:19:31.000Z</time>
        <extensions>
          <ns3:TrackPointExtension>
            <ns3:hr>180</ns3:hr>
          </ns3:TrackPointExtension>
        </extensions>
      </trkpt>
      <trkpt lat="51.43854282796382904052734375" lon="5.48768422566354274749755859375">
        <ele>15.19999980926513671875</ele>
        <time>2026-06-21T17:19:39.000Z</time>
        <extensions>
          <ns3:TrackPointExtension>
            <ns3:hr>177</ns3:hr>
          </ns3:TrackPointExtension>
        </extensions>
      </trkpt>
      <trkpt lat="51.43854324705898761749267578125" lon="5.487696714699268341064453125">
        <ele>15.80000019073486328125</ele>
        <time>2026-06-21T17:19:42.000Z</time>
        <extensions>
          <ns3:TrackPointExtension>
            <ns3:hr>176</ns3:hr>
          </ns3:TrackPointExtension>
        </extensions>
      </trkpt>
      <trkpt lat="51.4385279081761837005615234375" lon="5.4877532087266445159912109375">
        <ele>15.19999980926513671875</ele>
        <time>2026-06-21T17:19:51.000Z</time>
        <extensions>
          <ns3:TrackPointExtension>
            <ns3:hr>175</ns3:hr>
          </ns3:TrackPointExtension>
        </extensions>
      </trkpt>
      <trkpt lat="51.43849454820156097412109375" lon="5.48779629170894622802734375">
        <ele>15</ele>
        <time>2026-06-21T17:20:00.000Z</time>
        <extensions>
          <ns3:TrackPointExtension>
            <ns3:hr>174</ns3:hr>
          </ns3:TrackPointExtension>
        </extensions>
      </trkpt>
      <trkpt lat="51.4384249784052371978759765625" lon="5.48785001970827579498291015625">
        <ele>15.19999980926513671875</ele>
        <time>2026-06-21T17:20:08.000Z</time>
        <extensions>
          <ns3:TrackPointExtension>
            <ns3:hr>175</ns3:hr>
          </ns3:TrackPointExtension>
        </extensions>
      </trkpt>
      <trkpt lat="51.43836571834981441497802734375" lon="5.48794255591928958892822265625">
        <ele>15.19999980926513671875</ele>
        <time>2026-06-21T17:20:17.000Z</time>
        <extensions>
          <ns3:TrackPointExtension>
            <ns3:hr>174</ns3:hr>
          </ns3:TrackPointExtension>
        </extensions>
      </trkpt>
      <trkpt lat="51.43831081688404083251953125" lon="5.48805152066051959991455078125">
        <ele>15.3999996185302734375</ele>
        <time>2026-06-21T17:20:26.000Z</time>
        <extensions>
          <ns3:TrackPointExtension>
            <ns3:hr>175</ns3:hr>
          </ns3:TrackPointExtension>
        </extensions>
      </trkpt>
      <trkpt lat="51.43826379440724849700927734375" lon="5.488167442381381988525390625">
        <ele>15.3999996185302734375</ele>
        <time>2026-06-21T17:20:34.000Z</time>
        <extensions>
          <ns3:TrackPointExtension>
            <ns3:hr>173</ns3:hr>
          </ns3:TrackPointExtension>
        </extensions>
      </trkpt>
      <trkpt lat="51.43821316771209239959716796875" lon="5.4882661812007427215576171875">
        <ele>15.80000019073486328125</ele>
        <time>2026-06-21T17:20:41.000Z</time>
        <extensions>
          <ns3:TrackPointExtension>
            <ns3:hr>174</ns3:hr>
          </ns3:TrackPointExtension>
        </extensions>
      </trkpt>
      <trkpt lat="51.438126750290393829345703125" lon="5.48836802132427692413330078125">
        <ele>15.6000003814697265625</ele>
        <time>2026-06-21T17:20:50.000Z</time>
        <extensions>
          <ns3:TrackPointExtension>
            <ns3:hr>172</ns3:hr>
          </ns3:TrackPointExtension>
        </extensions>
      </trkpt>
      <trkpt lat="51.43801904283463954925537109375" lon="5.48847899772226810455322265625">
        <ele>15.3999996185302734375</ele>
        <time>2026-06-21T17:21:01.000Z</time>
        <extensions>
          <ns3:TrackPointExtension>
            <ns3:hr>173</ns3:hr>
          </ns3:TrackPointExtension>
        </extensions>
      </trkpt>
      <trkpt lat="51.43791678361594676971435546875" lon="5.4885075800120830535888671875">
        <ele>15.6000003814697265625</ele>
        <time>2026-06-21T17:21:11.000Z</time>
        <extensions>
          <ns3:TrackPointExtension>
            <ns3:hr>172</ns3:hr>
          </ns3:TrackPointExtension>
        </extensions>
      </trkpt>
      <trkpt lat="51.43786079250276088714599609375" lon="5.4885494895279407501220703125">
        <ele>15.80000019073486328125</ele>
        <time>2026-06-21T17:21:20.000Z</time>
        <extensions>
          <ns3:TrackPointExtension>
            <ns3:hr>173</ns3:hr>
          </ns3:TrackPointExtension>
        </extensions>
      </trkpt>
      <trkpt lat="51.4377768896520137786865234375" lon="5.48865501768887042999267578125">
        <ele>15.80000019073486328125</ele>
        <time>2026-06-21T17:21:30.000Z</time>
        <extensions>
          <ns3:TrackPointExtension>
            <ns3:hr>174</ns3:hr>
          </ns3:TrackPointExtension>
        </extensions>
      </trkpt>
      <trkpt lat="51.43767605535686016082763671875" lon="5.48877035267651081085205078125">
        <ele>16.200000762939453125</ele>
        <time>2026-06-21T17:21:39.000Z</time>
        <extensions>
          <ns3:TrackPointExtension>
            <ns3:hr>174</ns3:hr>
          </ns3:TrackPointExtension>
        </extensions>
      </trkpt>
      <trkpt lat="51.43761076033115386962890625" lon="5.4887238331139087677001953125">
        <ele>15.80000019073486328125</ele>
        <time>2026-06-21T17:21:47.000Z</time>
        <extensions>
          <ns3:TrackPointExtension>
            <ns3:hr>174</ns3:hr>
          </ns3:TrackPointExtension>
        </extensions>
      </trkpt>
      <trkpt lat="51.43757547251880168914794921875" lon="5.4886658303439617156982421875">
        <ele>16.799999237060546875</ele>
        <time>2026-06-21T17:21:54.000Z</time>
        <extensions>
          <ns3:TrackPointExtension>
            <ns3:hr>176</ns3:hr>
          </ns3:TrackPointExtension>
        </extensions>
      </trkpt>
      <trkpt lat="51.4375629834830760955810546875" lon="5.48864093609154224395751953125">
        <ele>17</ele>
        <time>2026-06-21T17:21:56.000Z</time>
        <extensions>
          <ns3:TrackPointExtension>
            <ns3:hr>176</ns3:hr>
          </ns3:TrackPointExtension>
        </extensions>
      </trkpt>
      <trkpt lat="51.4375307969748973846435546875" lon="5.4886048100888729095458984375">
        <ele>18</ele>
        <time>2026-06-21T17:22:02.000Z</time>
        <extensions>
          <ns3:TrackPointExtension>
            <ns3:hr>177</ns3:hr>
          </ns3:TrackPointExtension>
        </extensions>
      </trkpt>
      <trkpt lat="51.43751093186438083648681640625" lon="5.48859315924346446990966796875">
        <ele>18.200000762939453125</ele>
        <time>2026-06-21T17:22:05.000Z</time>
        <extensions>
          <ns3:TrackPointExtension>
            <ns3:hr>178</ns3:hr>
          </ns3:TrackPointExtension>
        </extensions>
      </trkpt>
      <trkpt lat="51.43747757188975811004638671875" lon="5.4885424487292766571044921875">
        <ele>18.3999996185302734375</ele>
        <time>2026-06-21T17:22:11.000Z</time>
        <extensions>
          <ns3:TrackPointExtension>
            <ns3:hr>178</ns3:hr>
          </ns3:TrackPointExtension>
        </extensions>
      </trkpt>
      <trkpt lat="51.4374721236526966094970703125" lon="5.48849090002477169036865234375">
        <ele>18.3999996185302734375</ele>
        <time>2026-06-21T17:22:13.000Z</time>
        <extensions>
          <ns3:TrackPointExtension>
            <ns3:hr>179</ns3:hr>
          </ns3:TrackPointExtension>
        </extensions>
      </trkpt>
      <trkpt lat="51.437476985156536102294921875" lon="5.4883265309035778045654296875">
        <ele>18</ele>
        <time>2026-06-21T17:22:22.000Z</time>
        <extensions>
          <ns3:TrackPointExtension>
            <ns3:hr>179</ns3:hr>
          </ns3:TrackPointExtension>
        </extensions>
      </trkpt>
      <trkpt lat="51.43747874535620212554931640625" lon="5.48816601745784282684326171875">
        <ele>17.799999237060546875</ele>
        <time>2026-06-21T17:22:31.000Z</time>
        <extensions>
          <ns3:TrackPointExtension>
            <ns3:hr>179</ns3:hr>
          </ns3:TrackPointExtension>
        </extensions>
      </trkpt>
      <trkpt lat="51.4375110156834125518798828125" lon="5.4880328290164470672607421875">
        <ele>17.799999237060546875</ele>
        <time>2026-06-21T17:22:39.000Z</time>
        <extensions>
          <ns3:TrackPointExtension>
            <ns3:hr>179</ns3:hr>
          </ns3:TrackPointExtension>
        </extensions>
      </trkpt>
      <trkpt lat="51.43753205426037311553955078125" lon="5.4878413863480091094970703125">
        <ele>17.799999237060546875</ele>
        <time>2026-06-21T17:22:50.000Z</time>
        <extensions>
          <ns3:TrackPointExtension>
            <ns3:hr>177</ns3:hr>
          </ns3:TrackPointExtension>
        </extensions>
      </trkpt>
      <trkpt lat="51.4375354908406734466552734375" lon="5.48772445879876613616943359375">
        <ele>18.3999996185302734375</ele>
        <time>2026-06-21T17:22:59.000Z</time>
        <extensions>
          <ns3:TrackPointExtension>
            <ns3:hr>178</ns3:hr>
          </ns3:TrackPointExtension>
        </extensions>
      </trkpt>
      <trkpt lat="51.43752920441329479217529296875" lon="5.48770752735435962677001953125">
        <ele>18.3999996185302734375</ele>
        <time>2026-06-21T17:23:05.000Z</time>
        <extensions>
          <ns3:TrackPointExtension>
            <ns3:hr>178</ns3:hr>
          </ns3:TrackPointExtension>
        </extensions>
      </trkpt>
      <trkpt lat="51.43752451054751873016357421875" lon="5.48772211186587810516357421875">
        <ele>18.6000003814697265625</ele>
        <time>2026-06-21T17:23:07.000Z</time>
        <extensions>
          <ns3:TrackPointExtension>
            <ns3:hr>178</ns3:hr>
          </ns3:TrackPointExtension>
        </extensions>
      </trkpt>
      <trkpt lat="51.43753540702164173126220703125" lon="5.48770534805953502655029296875">
        <ele>18.6000003814697265625</ele>
        <time>2026-06-21T17:24:56.000Z</time>
        <extensions>
          <ns3:TrackPointExtension>
            <ns3:hr>161</ns3:hr>
          </ns3:TrackPointExtension>
        </extensions>
      </trkpt>
      <trkpt lat="51.437534987926483154296875" lon="5.48766796477138996124267578125">
        <ele>18</ele>
        <time>2026-06-21T17:25:01.000Z</time>
        <extensions>
          <ns3:TrackPointExtension>
            <ns3:hr>160</ns3:hr>
          </ns3:TrackPointExtension>
        </extensions>
      </trkpt>
      <trkpt lat="51.4375489018857479095458984375" lon="5.48761113546788692474365234375">
        <ele>18.200000762939453125</ele>
        <time>2026-06-21T17:25:07.000Z</time>
        <extensions>
          <ns3:TrackPointExtension>
            <ns3:hr>163</ns3:hr>
          </ns3:TrackPointExtension>
        </extensions>
      </trkpt>
      <trkpt lat="51.43755267374217510223388671875" lon="5.48762069083750247955322265625">
        <ele>18.200000762939453125</ele>
        <time>2026-06-21T17:25:11.000Z</time>
        <extensions>
          <ns3:TrackPointExtension>
            <ns3:hr>165</ns3:hr>
          </ns3:TrackPointExtension>
        </extensions>
      </trkpt>
      <trkpt lat="51.4375361613929271697998046875" lon="5.487642399966716766357421875">
        <ele>18.3999996185302734375</ele>
        <time>2026-06-21T17:25:18.000Z</time>
        <extensions>
          <ns3:TrackPointExtension>
            <ns3:hr>165</ns3:hr>
          </ns3:TrackPointExtension>
        </extensions>
      </trkpt>
      <trkpt lat="51.4374919049441814422607421875" lon="5.48751658760011196136474609375">
        <ele>18.200000762939453125</ele>
        <time>2026-06-21T17:25:25.000Z</time>
        <extensions>
          <ns3:TrackPointExtension>
            <ns3:hr>166</ns3:hr>
          </ns3:TrackPointExtension>
        </extensions>
      </trkpt>
      <trkpt lat="51.437488384544849395751953125" lon="5.48746897839009761810302734375">
        <ele>18</ele>
        <time>2026-06-21T17:25:27.000Z</time>
        <extensions>
          <ns3:TrackPointExtension>
            <ns3:hr>169</ns3:hr>
          </ns3:TrackPointExtension>
        </extensions>
      </trkpt>
      <trkpt lat="51.43746952526271343231201171875" lon="5.48737074248492717742919921875">
        <ele>18.3999996185302734375</ele>
        <time>2026-06-21T17:25:31.000Z</time>
        <extensions>
          <ns3:TrackPointExtension>
            <ns3:hr>170</ns3:hr>
          </ns3:TrackPointExtension>
        </extensions>
      </trkpt>
      <trkpt lat="51.4374625682830810546875" lon="5.48718634061515331268310546875">
        <ele>18.3999996185302734375</ele>
        <time>2026-06-21T17:25:39.000Z</time>
        <extensions>
          <ns3:TrackPointExtension>
            <ns3:hr>170</ns3:hr>
          </ns3:TrackPointExtension>
        </extensions>
      </trkpt>
      <trkpt lat="51.43750439397990703582763671875" lon="5.48704653047025203704833984375">
        <ele>18.200000762939453125</ele>
        <time>2026-06-21T17:25:47.000Z</time>
        <extensions>
          <ns3:TrackPointExtension>
            <ns3:hr>169</ns3:hr>
          </ns3:TrackPointExtension>
        </extensions>
      </trkpt>
      <trkpt lat="51.4375995285809040069580078125" lon="5.486933290958404541015625">
        <ele>17.6000003814697265625</ele>
        <time>2026-06-21T17:25:55.000Z</time>
        <extensions>
          <ns3:TrackPointExtension>
            <ns3:hr>168</ns3:hr>
          </ns3:TrackPointExtension>
        </extensions>
      </trkpt>
      <trkpt lat="51.4376464672386646270751953125" lon="5.486919879913330078125">
        <ele>17.200000762939453125</ele>
        <time>2026-06-21T17:26:02.000Z</time>
        <extensions>
          <ns3:TrackPointExtension>
            <ns3:hr>166</ns3:hr>
          </ns3:TrackPointExtension>
        </extensions>
      </trkpt>
      <trkpt lat="51.43763716332614421844482421875" lon="5.48685911111533641815185546875">
        <ele>17.200000762939453125</ele>
        <time>2026-06-21T17:26:08.000Z</time>
        <extensions>
          <ns3:TrackPointExtension>
            <ns3:hr>168</ns3:hr>
          </ns3:TrackPointExtension>
        </extensions>
      </trkpt>
      <trkpt lat="51.43760430626571178436279296875" lon="5.48680664040148258209228515625">
        <ele>17.3999996185302734375</ele>
        <time>2026-06-21T17:26:15.000Z</time>
        <extensions>
          <ns3:TrackPointExtension>
            <ns3:hr>170</ns3:hr>
          </ns3:TrackPointExtension>
        </extensions>
      </trkpt>
      <trkpt lat="51.43755367957055568695068359375" lon="5.48679959960281848907470703125">
        <ele>17.3999996185302734375</ele>
        <time>2026-06-21T17:26:21.000Z</time>
        <extensions>
          <ns3:TrackPointExtension>
            <ns3:hr>170</ns3:hr>
          </ns3:TrackPointExtension>
        </extensions>
      </trkpt>
      <trkpt lat="51.43747790716588497161865234375" lon="5.4866776429116725921630859375">
        <ele>17.3999996185302734375</ele>
        <time>2026-06-21T17:26:30.000Z</time>
        <extensions>
          <ns3:TrackPointExtension>
            <ns3:hr>171</ns3:hr>
          </ns3:TrackPointExtension>
        </extensions>
      </trkpt>
      <trkpt lat="51.43740599043667316436767578125" lon="5.48655711114406585693359375">
        <ele>17.6000003814697265625</ele>
        <time>2026-06-21T17:26:40.000Z</time>
        <extensions>
          <ns3:TrackPointExtension>
            <ns3:hr>170</ns3:hr>
          </ns3:TrackPointExtension>
        </extensions>
      </trkpt>
      <trkpt lat="51.4373485743999481201171875" lon="5.48655015416443347930908203125">
        <ele>17.3999996185302734375</ele>
        <time>2026-06-21T17:26:48.000Z</time>
        <extensions>
          <ns3:TrackPointExtension>
            <ns3:hr>172</ns3:hr>
          </ns3:TrackPointExtension>
        </extensions>
      </trkpt>
      <trkpt lat="51.4372518472373485565185546875" lon="5.486517213284969329833984375">
        <ele>17.200000762939453125</ele>
        <time>2026-06-21T17:26:56.000Z</time>
        <extensions>
          <ns3:TrackPointExtension>
            <ns3:hr>172</ns3:hr>
          </ns3:TrackPointExtension>
        </extensions>
      </trkpt>
      <trkpt lat="51.4372330717742443084716796875" lon="5.48649885691702365875244140625">
        <ele>17.3999996185302734375</ele>
        <time>2026-06-21T17:26:58.000Z</time>
        <extensions>
          <ns3:TrackPointExtension>
            <ns3:hr>172</ns3:hr>
          </ns3:TrackPointExtension>
        </extensions>
      </trkpt>
      <trkpt lat="51.4371666871011257171630859375" lon="5.48644102178514003753662109375">
        <ele>16.799999237060546875</ele>
        <time>2026-06-21T17:27:04.000Z</time>
        <extensions>
          <ns3:TrackPointExtension>
            <ns3:hr>174</ns3:hr>
          </ns3:TrackPointExtension>
        </extensions>
      </trkpt>
      <trkpt lat="51.437128297984600067138671875" lon="5.4864248447120189666748046875">
        <ele>17</ele>
        <time>2026-06-21T17:27:08.000Z</time>
        <extensions>
          <ns3:TrackPointExtension>
            <ns3:hr>173</ns3:hr>
          </ns3:TrackPointExtension>
        </extensions>
      </trkpt>
      <trkpt lat="51.4370396174490451812744140625" lon="5.48640229739248752593994140625">
        <ele>16</ele>
        <time>2026-06-21T17:27:15.000Z</time>
        <extensions>
          <ns3:TrackPointExtension>
            <ns3:hr>176</ns3:hr>
          </ns3:TrackPointExtension>
        </extensions>
      </trkpt>
      <trkpt lat="51.4370034076273441314697265625" lon="5.4864184744656085968017578125">
        <ele>15.80000019073486328125</ele>
        <time>2026-06-21T17:27:18.000Z</time>
        <extensions>
          <ns3:TrackPointExtension>
            <ns3:hr>178</ns3:hr>
          </ns3:TrackPointExtension>
        </extensions>
      </trkpt>
      <trkpt lat="51.43693928606808185577392578125" lon="5.48652601428329944610595703125">
        <ele>15.6000003814697265625</ele>
        <time>2026-06-21T17:27:26.000Z</time>
        <extensions>
          <ns3:TrackPointExtension>
            <ns3:hr>177</ns3:hr>
          </ns3:TrackPointExtension>
        </extensions>
      </trkpt>
      <trkpt lat="51.436862759292125701904296875" lon="5.48659357242286205291748046875">
        <ele>15.19999980926513671875</ele>
        <time>2026-06-21T17:27:33.000Z</time>
        <extensions>
          <ns3:TrackPointExtension>
            <ns3:hr>174</ns3:hr>
          </ns3:TrackPointExtension>
        </extensions>
      </trkpt>
      <trkpt lat="51.43680819310247898101806640625" lon="5.48663179390132427215576171875">
        <ele>15.19999980926513671875</ele>
        <time>2026-06-21T17:27:37.000Z</time>
        <extensions>
          <ns3:TrackPointExtension>
            <ns3:hr>173</ns3:hr>
          </ns3:TrackPointExtension>
        </extensions>
      </trkpt>
      <trkpt lat="51.43674499355256557464599609375" lon="5.48668711446225643157958984375">
        <ele>15.19999980926513671875</ele>
        <time>2026-06-21T17:27:44.000Z</time>
        <extensions>
          <ns3:TrackPointExtension>
            <ns3:hr>172</ns3:hr>
          </ns3:TrackPointExtension>
        </extensions>
      </trkpt>
      <trkpt lat="51.4366600848734378814697265625" lon="5.48679524101316928863525390625">
        <ele>15.19999980926513671875</ele>
        <time>2026-06-21T17:27:52.000Z</time>
        <extensions>
          <ns3:TrackPointExtension>
            <ns3:hr>170</ns3:hr>
          </ns3:TrackPointExtension>
        </extensions>
      </trkpt>
      <trkpt lat="51.43662127666175365447998046875" lon="5.48684117384254932403564453125">
        <ele>15</ele>
        <time>2026-06-21T17:27:58.000Z</time>
        <extensions>
          <ns3:TrackPointExtension>
            <ns3:hr>173</ns3:hr>
          </ns3:TrackPointExtension>
        </extensions>
      </trkpt>
      <trkpt lat="51.43660568632185459136962890625" lon="5.48686162568628787994384765625">
        <ele>15.19999980926513671875</ele>
        <time>2026-06-21T17:27:59.000Z</time>
        <extensions>
          <ns3:TrackPointExtension>
            <ns3:hr>174</ns3:hr>
          </ns3:TrackPointExtension>
        </extensions>
      </trkpt>
      <trkpt lat="51.43649169243872165679931640625" lon="5.48690772615373134613037109375">
        <ele>15.19999980926513671875</ele>
        <time>2026-06-21T17:28:07.000Z</time>
        <extensions>
          <ns3:TrackPointExtension>
            <ns3:hr>172</ns3:hr>
          </ns3:TrackPointExtension>
        </extensions>
      </trkpt>
      <trkpt lat="51.436408795416355133056640625" lon="5.48695365898311138153076171875">
        <ele>15.3999996185302734375</ele>
        <time>2026-06-21T17:28:16.000Z</time>
        <extensions>
          <ns3:TrackPointExtension>
            <ns3:hr>171</ns3:hr>
          </ns3:TrackPointExtension>
        </extensions>
      </trkpt>
      <trkpt lat="51.43635774962604045867919921875" lon="5.48697478137910366058349609375">
        <ele>16.200000762939453125</ele>
        <time>2026-06-21T17:28:21.000Z</time>
        <extensions>
          <ns3:TrackPointExtension>
            <ns3:hr>174</ns3:hr>
          </ns3:TrackPointExtension>
        </extensions>
      </trkpt>
      <trkpt lat="51.43632204271852970123291015625" lon="5.48699607141315937042236328125">
        <ele>16.200000762939453125</ele>
        <time>2026-06-21T17:28:24.000Z</time>
        <extensions>
          <ns3:TrackPointExtension>
            <ns3:hr>173</ns3:hr>
          </ns3:TrackPointExtension>
        </extensions>
      </trkpt>
      <trkpt lat="51.43624375574290752410888671875" lon="5.48701887018978595733642578125">
        <ele>16</ele>
        <time>2026-06-21T17:28:33.000Z</time>
        <extensions>
          <ns3:TrackPointExtension>
            <ns3:hr>172</ns3:hr>
          </ns3:TrackPointExtension>
        </extensions>
      </trkpt>
      <trkpt lat="51.4361665584146976470947265625" lon="5.48707335256040096282958984375">
        <ele>16</ele>
        <time>2026-06-21T17:28:40.000Z</time>
        <extensions>
          <ns3:TrackPointExtension>
            <ns3:hr>173</ns3:hr>
          </ns3:TrackPointExtension>
        </extensions>
      </trkpt>
      <trkpt lat="51.43608349375426769256591796875" lon="5.48711291514337062835693359375">
        <ele>15.6000003814697265625</ele>
        <time>2026-06-21T17:28:48.000Z</time>
        <extensions>
          <ns3:TrackPointExtension>
            <ns3:hr>174</ns3:hr>
          </ns3:TrackPointExtension>
        </extensions>
      </trkpt>
      <trkpt lat="51.43597771413624286651611328125" lon="5.4871758632361888885498046875">
        <ele>15.80000019073486328125</ele>
        <time>2026-06-21T17:28:58.000Z</time>
        <extensions>
          <ns3:TrackPointExtension>
            <ns3:hr>174</ns3:hr>
          </ns3:TrackPointExtension>
        </extensions>
      </trkpt>
      <trkpt lat="51.4358921349048614501953125" lon="5.4872243106365203857421875">
        <ele>16.200000762939453125</ele>
        <time>2026-06-21T17:29:07.000Z</time>
        <extensions>
          <ns3:TrackPointExtension>
            <ns3:hr>175</ns3:hr>
          </ns3:TrackPointExtension>
        </extensions>
      </trkpt>
      <trkpt lat="51.43576967529952526092529296875" lon="5.48729631118476390838623046875">
        <ele>16.200000762939453125</ele>
        <time>2026-06-21T17:29:18.000Z</time>
        <extensions>
          <ns3:TrackPointExtension>
            <ns3:hr>175</ns3:hr>
          </ns3:TrackPointExtension>
        </extensions>
      </trkpt>
      <trkpt lat="51.435702703893184661865234375" lon="5.4873388074338436126708984375">
        <ele>16.3999996185302734375</ele>
        <time>2026-06-21T17:29:25.000Z</time>
        <extensions>
          <ns3:TrackPointExtension>
            <ns3:hr>176</ns3:hr>
          </ns3:TrackPointExtension>
        </extensions>
      </trkpt>
      <trkpt lat="51.435567922890186309814453125" lon="5.48740804195404052734375">
        <ele>16.3999996185302734375</ele>
        <time>2026-06-21T17:29:37.000Z</time>
        <extensions>
          <ns3:TrackPointExtension>
            <ns3:hr>177</ns3:hr>
          </ns3:TrackPointExtension>
        </extensions>
      </trkpt>
      <trkpt lat="51.4354430325329303741455078125" lon="5.48750082962214946746826171875">
        <ele>16.3999996185302734375</ele>
        <time>2026-06-21T17:29:48.000Z</time>
        <extensions>
          <ns3:TrackPointExtension>
            <ns3:hr>177</ns3:hr>
          </ns3:TrackPointExtension>
        </extensions>
      </trkpt>
      <trkpt lat="51.43535426817834377288818359375" lon="5.487537793815135955810546875">
        <ele>16.6000003814697265625</ele>
        <time>2026-06-21T17:29:56.000Z</time>
        <extensions>
          <ns3:TrackPointExtension>
            <ns3:hr>177</ns3:hr>
          </ns3:TrackPointExtension>
        </extensions>
      </trkpt>
      <trkpt lat="51.4352774061262607574462890625" lon="5.48745104111731052398681640625">
        <ele>16.6000003814697265625</ele>
        <time>2026-06-21T17:30:05.000Z</time>
        <extensions>
          <ns3:TrackPointExtension>
            <ns3:hr>176</ns3:hr>
          </ns3:TrackPointExtension>
        </extensions>
      </trkpt>
      <trkpt lat="51.43522216938436031341552734375" lon="5.48738189041614532470703125">
        <ele>16.799999237060546875</ele>
        <time>2026-06-21T17:30:11.000Z</time>
        <extensions>
          <ns3:TrackPointExtension>
            <ns3:hr>177</ns3:hr>
          </ns3:TrackPointExtension>
        </extensions>
      </trkpt>
      <trkpt lat="51.4352110214531421661376953125" lon="5.487364791333675384521484375">
        <ele>17</ele>
        <time>2026-06-21T17:30:12.000Z</time>
        <extensions>
          <ns3:TrackPointExtension>
            <ns3:hr>177</ns3:hr>
          </ns3:TrackPointExtension>
        </extensions>
      </trkpt>
      <trkpt lat="51.43513583578169345855712890625" lon="5.48726110719144344329833984375">
        <ele>16.6000003814697265625</ele>
        <time>2026-06-21T17:30:20.000Z</time>
        <extensions>
          <ns3:TrackPointExtension>
            <ns3:hr>177</ns3:hr>
          </ns3:TrackPointExtension>
        </extensions>
      </trkpt>
      <trkpt lat="51.43508546054363250732421875" lon="5.48715264536440372467041015625">
        <ele>16.6000003814697265625</ele>
        <time>2026-06-21T17:30:28.000Z</time>
        <extensions>
          <ns3:TrackPointExtension>
            <ns3:hr>177</ns3:hr>
          </ns3:TrackPointExtension>
        </extensions>
      </trkpt>
      <trkpt lat="51.43501304090023040771484375" lon="5.487030185759067535400390625">
        <ele>16.200000762939453125</ele>
        <time>2026-06-21T17:30:37.000Z</time>
        <extensions>
          <ns3:TrackPointExtension>
            <ns3:hr>177</ns3:hr>
          </ns3:TrackPointExtension>
        </extensions>
      </trkpt>
      <trkpt lat="51.4349384419620037078857421875" lon="5.48688995651900768280029296875">
        <ele>16</ele>
        <time>2026-06-21T17:30:47.000Z</time>
        <extensions>
          <ns3:TrackPointExtension>
            <ns3:hr>177</ns3:hr>
          </ns3:TrackPointExtension>
        </extensions>
      </trkpt>
      <trkpt lat="51.4349196664988994598388671875" lon="5.4868580214679241180419921875">
        <ele>16.200000762939453125</ele>
        <time>2026-06-21T17:30:54.000Z</time>
        <extensions>
          <ns3:TrackPointExtension>
            <ns3:hr>178</ns3:hr>
          </ns3:TrackPointExtension>
        </extensions>
      </trkpt>
      <trkpt lat="51.43491170369088649749755859375" lon="5.48686154186725616455078125">
        <ele>16.200000762939453125</ele>
        <time>2026-06-21T17:30:55.000Z</time>
        <extensions>
          <ns3:TrackPointExtension>
            <ns3:hr>177</ns3:hr>
          </ns3:TrackPointExtension>
        </extensions>
      </trkpt>
      <trkpt lat="51.43486878834664821624755859375" lon="5.48686690628528594970703125">
        <ele>16</ele>
        <time>2026-06-21T17:30:59.000Z</time>
        <extensions>
          <ns3:TrackPointExtension>
            <ns3:hr>176</ns3:hr>
          </ns3:TrackPointExtension>
        </extensions>
      </trkpt>
      <trkpt lat="51.4347594045102596282958984375" lon="5.48676053993403911590576171875">
        <ele>16.200000762939453125</ele>
        <time>2026-06-21T17:31:10.000Z</time>
        <extensions>
          <ns3:TrackPointExtension>
            <ns3:hr>176</ns3:hr>
          </ns3:TrackPointExtension>
        </extensions>
      </trkpt>
      <trkpt lat="51.434743814170360565185546875" lon="5.4867034591734409332275390625">
        <ele>16.200000762939453125</ele>
        <time>2026-06-21T17:31:16.000Z</time>
        <extensions>
          <ns3:TrackPointExtension>
            <ns3:hr>179</ns3:hr>
          </ns3:TrackPointExtension>
        </extensions>
      </trkpt>
      <trkpt lat="51.43473585136234760284423828125" lon="5.48669381998479366302490234375">
        <ele>16.200000762939453125</ele>
        <time>2026-06-21T17:31:17.000Z</time>
        <extensions>
          <ns3:TrackPointExtension>
            <ns3:hr>178</ns3:hr>
          </ns3:TrackPointExtension>
        </extensions>
      </trkpt>
      <trkpt lat="51.43472872674465179443359375" lon="5.4866813309490680694580078125">
        <ele>16.200000762939453125</ele>
        <time>2026-06-21T17:31:18.000Z</time>
        <extensions>
          <ns3:TrackPointExtension>
            <ns3:hr>178</ns3:hr>
          </ns3:TrackPointExtension>
        </extensions>
      </trkpt>
      <trkpt lat="51.43469662405550479888916015625" lon="5.48663279972970485687255859375">
        <ele>16.3999996185302734375</ele>
        <time>2026-06-21T17:31:21.000Z</time>
        <extensions>
          <ns3:TrackPointExtension>
            <ns3:hr>178</ns3:hr>
          </ns3:TrackPointExtension>
        </extensions>
      </trkpt>
      <trkpt lat="51.43465588800609111785888671875" lon="5.4866342246532440185546875">
        <ele>16.200000762939453125</ele>
        <time>2026-06-21T17:31:24.000Z</time>
        <extensions>
          <ns3:TrackPointExtension>
            <ns3:hr>176</ns3:hr>
          </ns3:TrackPointExtension>
        </extensions>
      </trkpt>
      <trkpt lat="51.434639208018779754638671875" lon="5.4866763018071651458740234375">
        <ele>16.200000762939453125</ele>
        <time>2026-06-21T17:31:27.000Z</time>
        <extensions>
          <ns3:TrackPointExtension>
            <ns3:hr>176</ns3:hr>
          </ns3:TrackPointExtension>
        </extensions>
      </trkpt>
      <trkpt lat="51.43462219275534152984619140625" lon="5.4867017827928066253662109375">
        <ele>16.200000762939453125</ele>
        <time>2026-06-21T17:31:29.000Z</time>
        <extensions>
          <ns3:TrackPointExtension>
            <ns3:hr>177</ns3:hr>
          </ns3:TrackPointExtension>
        </extensions>
      </trkpt>
      <trkpt lat="51.4345414750277996063232421875" lon="5.48678333871066570281982421875">
        <ele>16.200000762939453125</ele>
        <time>2026-06-21T17:31:38.000Z</time>
        <extensions>
          <ns3:TrackPointExtension>
            <ns3:hr>178</ns3:hr>
          </ns3:TrackPointExtension>
        </extensions>
      </trkpt>
      <trkpt lat="51.434510461986064910888671875" lon="5.48682591877877712249755859375">
        <ele>16.6000003814697265625</ele>
        <time>2026-06-21T17:31:42.000Z</time>
        <extensions>
          <ns3:TrackPointExtension>
            <ns3:hr>177</ns3:hr>
          </ns3:TrackPointExtension>
        </extensions>
      </trkpt>
      <trkpt lat="51.43448506481945514678955078125" lon="5.48703479580581188201904296875">
        <ele>16.200000762939453125</ele>
        <time>2026-06-21T17:31:52.000Z</time>
        <extensions>
          <ns3:TrackPointExtension>
            <ns3:hr>177</ns3:hr>
          </ns3:TrackPointExtension>
        </extensions>
      </trkpt>
      <trkpt lat="51.4344351924955844879150390625" lon="5.48723168671131134033203125">
        <ele>16.200000762939453125</ele>
        <time>2026-06-21T17:32:03.000Z</time>
        <extensions>
          <ns3:TrackPointExtension>
            <ns3:hr>177</ns3:hr>
          </ns3:TrackPointExtension>
        </extensions>
      </trkpt>
      <trkpt lat="51.434397138655185699462890625" lon="5.487286336719989776611328125">
        <ele>16.200000762939453125</ele>
        <time>2026-06-21T17:32:08.000Z</time>
        <extensions>
          <ns3:TrackPointExtension>
            <ns3:hr>178</ns3:hr>
          </ns3:TrackPointExtension>
        </extensions>
      </trkpt>
      <trkpt lat="51.4343714900314807891845703125" lon="5.4872744344174861907958984375">
        <ele>16.200000762939453125</ele>
        <time>2026-06-21T17:32:10.000Z</time>
        <extensions>
          <ns3:TrackPointExtension>
            <ns3:hr>177</ns3:hr>
          </ns3:TrackPointExtension>
        </extensions>
      </trkpt>
      <trkpt lat="51.4342950470745563507080078125" lon="5.48727183602750301361083984375">
        <ele>16</ele>
        <time>2026-06-21T17:32:17.000Z</time>
        <extensions>
          <ns3:TrackPointExtension>
            <ns3:hr>177</ns3:hr>
          </ns3:TrackPointExtension>
        </extensions>
      </trkpt>
      <trkpt lat="51.434228159487247467041015625" lon="5.487322546541690826416015625">
        <ele>16.200000762939453125</ele>
        <time>2026-06-21T17:32:25.000Z</time>
        <extensions>
          <ns3:TrackPointExtension>
            <ns3:hr>177</ns3:hr>
          </ns3:TrackPointExtension>
        </extensions>
      </trkpt>
      <trkpt lat="51.43418465740978717803955078125" lon="5.487415753304958343505859375">
        <ele>16.6000003814697265625</ele>
        <time>2026-06-21T17:32:32.000Z</time>
        <extensions>
          <ns3:TrackPointExtension>
            <ns3:hr>177</ns3:hr>
          </ns3:TrackPointExtension>
        </extensions>
      </trkpt>
      <trkpt lat="51.43413704819977283477783203125" lon="5.4875520430505275726318359375">
        <ele>16.6000003814697265625</ele>
        <time>2026-06-21T17:32:40.000Z</time>
        <extensions>
          <ns3:TrackPointExtension>
            <ns3:hr>177</ns3:hr>
          </ns3:TrackPointExtension>
        </extensions>
      </trkpt>
      <trkpt lat="51.43407426774501800537109375" lon="5.4876814596354961395263671875">
        <ele>16.799999237060546875</ele>
        <time>2026-06-21T17:32:49.000Z</time>
        <extensions>
          <ns3:TrackPointExtension>
            <ns3:hr>177</ns3:hr>
          </ns3:TrackPointExtension>
        </extensions>
      </trkpt>
      <trkpt lat="51.43402322195470333099365234375" lon="5.48770518042147159576416015625">
        <ele>16.799999237060546875</ele>
        <time>2026-06-21T17:32:53.000Z</time>
        <extensions>
          <ns3:TrackPointExtension>
            <ns3:hr>177</ns3:hr>
          </ns3:TrackPointExtension>
        </extensions>
      </trkpt>
      <trkpt lat="51.43398785032331943511962890625" lon="5.48766218125820159912109375">
        <ele>16.799999237060546875</ele>
        <time>2026-06-21T17:32:57.000Z</time>
        <extensions>
          <ns3:TrackPointExtension>
            <ns3:hr>177</ns3:hr>
          </ns3:TrackPointExtension>
        </extensions>
      </trkpt>
      <trkpt lat="51.4339041151106357574462890625" lon="5.48753955401480197906494140625">
        <ele>16.799999237060546875</ele>
        <time>2026-06-21T17:33:06.000Z</time>
        <extensions>
          <ns3:TrackPointExtension>
            <ns3:hr>178</ns3:hr>
          </ns3:TrackPointExtension>
        </extensions>
      </trkpt>
      <trkpt lat="51.4338491298258304595947265625" lon="5.48744031228125095367431640625">
        <ele>16.799999237060546875</ele>
        <time>2026-06-21T17:33:14.000Z</time>
        <extensions>
          <ns3:TrackPointExtension>
            <ns3:hr>178</ns3:hr>
          </ns3:TrackPointExtension>
        </extensions>
      </trkpt>
      <trkpt lat="51.4337919652462005615234375" lon="5.48738918267190456390380859375">
        <ele>16.799999237060546875</ele>
        <time>2026-06-21T17:33:20.000Z</time>
        <extensions>
          <ns3:TrackPointExtension>
            <ns3:hr>174</ns3:hr>
          </ns3:TrackPointExtension>
        </extensions>
      </trkpt>
      <trkpt lat="51.4337575994431972503662109375" lon="5.487362779676914215087890625">
        <ele>16.799999237060546875</ele>
        <time>2026-06-21T17:33:23.000Z</time>
        <extensions>
          <ns3:TrackPointExtension>
            <ns3:hr>171</ns3:hr>
          </ns3:TrackPointExtension>
        </extensions>
      </trkpt>
      <trkpt lat="51.43374997191131114959716796875" lon="5.487354062497615814208984375">
        <ele>16.6000003814697265625</ele>
        <time>2026-06-21T17:33:24.000Z</time>
        <extensions>
          <ns3:TrackPointExtension>
            <ns3:hr>171</ns3:hr>
          </ns3:TrackPointExtension>
        </extensions>
      </trkpt>
      <trkpt lat="51.43367461860179901123046875" lon="5.48724467866122722625732421875">
        <ele>16.799999237060546875</ele>
        <time>2026-06-21T17:33:32.000Z</time>
        <extensions>
          <ns3:TrackPointExtension>
            <ns3:hr>174</ns3:hr>
          </ns3:TrackPointExtension>
        </extensions>
      </trkpt>
      <trkpt lat="51.43361535854637622833251953125" lon="5.4871813952922821044921875">
        <ele>16.6000003814697265625</ele>
        <time>2026-06-21T17:33:39.000Z</time>
        <extensions>
          <ns3:TrackPointExtension>
            <ns3:hr>170</ns3:hr>
          </ns3:TrackPointExtension>
        </extensions>
      </trkpt>
      <trkpt lat="51.43359473906457424163818359375" lon="5.48716370947659015655517578125">
        <ele>16.799999237060546875</ele>
        <time>2026-06-21T17:33:41.000Z</time>
        <extensions>
          <ns3:TrackPointExtension>
            <ns3:hr>170</ns3:hr>
          </ns3:TrackPointExtension>
        </extensions>
      </trkpt>
      <trkpt lat="51.43348091281950473785400390625" lon="5.48707620240747928619384765625">
        <ele>16.6000003814697265625</ele>
        <time>2026-06-21T17:33:51.000Z</time>
        <extensions>
          <ns3:TrackPointExtension>
            <ns3:hr>168</ns3:hr>
          </ns3:TrackPointExtension>
        </extensions>
      </trkpt>
      <trkpt lat="51.43341905437409877777099609375" lon="5.4869736917316913604736328125">
        <ele>16.3999996185302734375</ele>
        <time>2026-06-21T17:33:59.000Z</time>
        <extensions>
          <ns3:TrackPointExtension>
            <ns3:hr>168</ns3:hr>
          </ns3:TrackPointExtension>
        </extensions>
      </trkpt>
      <trkpt lat="51.43334261141717433929443359375" lon="5.4868539981544017791748046875">
        <ele>16.200000762939453125</ele>
        <time>2026-06-21T17:34:08.000Z</time>
        <extensions>
          <ns3:TrackPointExtension>
            <ns3:hr>171</ns3:hr>
          </ns3:TrackPointExtension>
        </extensions>
      </trkpt>
      <trkpt lat="51.4333321340382099151611328125" lon="5.48684268258512020111083984375">
        <ele>16.200000762939453125</ele>
        <time>2026-06-21T17:34:09.000Z</time>
        <extensions>
          <ns3:TrackPointExtension>
            <ns3:hr>172</ns3:hr>
          </ns3:TrackPointExtension>
        </extensions>
      </trkpt>
      <trkpt lat="51.43331252038478851318359375" lon="5.4868191294372081756591796875">
        <ele>16.200000762939453125</ele>
        <time>2026-06-21T17:34:12.000Z</time>
        <extensions>
          <ns3:TrackPointExtension>
            <ns3:hr>175</ns3:hr>
          </ns3:TrackPointExtension>
        </extensions>
      </trkpt>
      <trkpt lat="51.43329399637877941131591796875" lon="5.48680228181183338165283203125">
        <ele>16.200000762939453125</ele>
        <time>2026-06-21T17:34:14.000Z</time>
        <extensions>
          <ns3:TrackPointExtension>
            <ns3:hr>178</ns3:hr>
          </ns3:TrackPointExtension>
        </extensions>
      </trkpt>
      <trkpt lat="51.43327773548662662506103515625" lon="5.48678937368094921112060546875">
        <ele>16</ele>
        <time>2026-06-21T17:34:16.000Z</time>
        <extensions>
          <ns3:TrackPointExtension>
            <ns3:hr>181</ns3:hr>
          </ns3:TrackPointExtension>
        </extensions>
      </trkpt>
      <trkpt lat="51.43326935358345508575439453125" lon="5.4867973364889621734619140625">
        <ele>16</ele>
        <time>2026-06-21T17:34:17.000Z</time>
        <extensions>
          <ns3:TrackPointExtension>
            <ns3:hr>181</ns3:hr>
          </ns3:TrackPointExtension>
        </extensions>
      </trkpt>
      <trkpt lat="51.43325158394873142242431640625" lon="5.4867939837276935577392578125">
        <ele>16</ele>
        <time>2026-06-21T17:34:19.000Z</time>
        <extensions>
          <ns3:TrackPointExtension>
            <ns3:hr>181</ns3:hr>
          </ns3:TrackPointExtension>
        </extensions>
      </trkpt>
      <trkpt lat="51.4331782422959804534912109375" lon="5.48673271201550960540771484375">
        <ele>16.200000762939453125</ele>
        <time>2026-06-21T17:34:26.000Z</time>
        <extensions>
          <ns3:TrackPointExtension>
            <ns3:hr>178</ns3:hr>
          </ns3:TrackPointExtension>
        </extensions>
      </trkpt>
      <trkpt lat="51.43316474743187427520751953125" lon="5.486709661781787872314453125">
        <ele>16.200000762939453125</ele>
        <time>2026-06-21T17:34:28.000Z</time>
        <extensions>
          <ns3:TrackPointExtension>
            <ns3:hr>177</ns3:hr>
          </ns3:TrackPointExtension>
        </extensions>
      </trkpt>
      <trkpt lat="51.43309618346393108367919921875" lon="5.48654772341251373291015625">
        <ele>16.200000762939453125</ele>
        <time>2026-06-21T17:34:38.000Z</time>
        <extensions>
          <ns3:TrackPointExtension>
            <ns3:hr>178</ns3:hr>
          </ns3:TrackPointExtension>
        </extensions>
      </trkpt>
      <trkpt lat="51.43300540745258331298828125" lon="5.486444123089313507080078125">
        <ele>16.200000762939453125</ele>
        <time>2026-06-21T17:34:46.000Z</time>
        <extensions>
          <ns3:TrackPointExtension>
            <ns3:hr>178</ns3:hr>
          </ns3:TrackPointExtension>
        </extensions>
      </trkpt>
      <trkpt lat="51.432917900383472442626953125" lon="5.48643716610968112945556640625">
        <ele>16</ele>
        <time>2026-06-21T17:34:53.000Z</time>
        <extensions>
          <ns3:TrackPointExtension>
            <ns3:hr>178</ns3:hr>
          </ns3:TrackPointExtension>
        </extensions>
      </trkpt>
      <trkpt lat="51.43282025121152400970458984375" lon="5.486397854983806610107421875">
        <ele>16.200000762939453125</ele>
        <time>2026-06-21T17:35:02.000Z</time>
        <extensions>
          <ns3:TrackPointExtension>
            <ns3:hr>178</ns3:hr>
          </ns3:TrackPointExtension>
        </extensions>
      </trkpt>
      <trkpt lat="51.43267549574375152587890625" lon="5.48632803373038768768310546875">
        <ele>16</ele>
        <time>2026-06-21T17:35:12.000Z</time>
        <extensions>
          <ns3:TrackPointExtension>
            <ns3:hr>179</ns3:hr>
          </ns3:TrackPointExtension>
        </extensions>
      </trkpt>
      <trkpt lat="51.4325780980288982391357421875" lon="5.48626014031469821929931640625">
        <ele>16.3999996185302734375</ele>
        <time>2026-06-21T17:35:20.000Z</time>
        <extensions>
          <ns3:TrackPointExtension>
            <ns3:hr>179</ns3:hr>
          </ns3:TrackPointExtension>
        </extensions>
      </trkpt>
      <trkpt lat="51.432522274553775787353515625" lon="5.48621110618114471435546875">
        <ele>15.80000019073486328125</ele>
        <time>2026-06-21T17:35:25.000Z</time>
        <extensions>
          <ns3:TrackPointExtension>
            <ns3:hr>179</ns3:hr>
          </ns3:TrackPointExtension>
        </extensions>
      </trkpt>
      <trkpt lat="51.432506851851940155029296875" lon="5.48621152527630329132080078125">
        <ele>16</ele>
        <time>2026-06-21T17:35:27.000Z</time>
        <extensions>
          <ns3:TrackPointExtension>
            <ns3:hr>178</ns3:hr>
          </ns3:TrackPointExtension>
        </extensions>
      </trkpt>
      <trkpt lat="51.43243451602756977081298828125" lon="5.48622141592204570770263671875">
        <ele>16.200000762939453125</ele>
        <time>2026-06-21T17:35:32.000Z</time>
        <extensions>
          <ns3:TrackPointExtension>
            <ns3:hr>177</ns3:hr>
          </ns3:TrackPointExtension>
        </extensions>
      </trkpt>
      <trkpt lat="51.43238590098917484283447265625" lon="5.4862163029611110687255859375">
        <ele>16.6000003814697265625</ele>
        <time>2026-06-21T17:35:37.000Z</time>
        <extensions>
          <ns3:TrackPointExtension>
            <ns3:hr>177</ns3:hr>
          </ns3:TrackPointExtension>
        </extensions>
      </trkpt>
      <trkpt lat="51.43230878747999668121337890625" lon="5.486226864159107208251953125">
        <ele>16.6000003814697265625</ele>
        <time>2026-06-21T17:35:43.000Z</time>
        <extensions>
          <ns3:TrackPointExtension>
            <ns3:hr>178</ns3:hr>
          </ns3:TrackPointExtension>
        </extensions>
      </trkpt>
      <trkpt lat="51.432259418070316314697265625" lon="5.4862756468355655670166015625">
        <ele>16.3999996185302734375</ele>
        <time>2026-06-21T17:35:51.000Z</time>
        <extensions>
          <ns3:TrackPointExtension>
            <ns3:hr>179</ns3:hr>
          </ns3:TrackPointExtension>
        </extensions>
      </trkpt>
      <trkpt lat="51.4322679676115512847900390625" lon="5.48639039508998394012451171875">
        <ele>16.3999996185302734375</ele>
        <time>2026-06-21T17:35:55.000Z</time>
        <extensions>
          <ns3:TrackPointExtension>
            <ns3:hr>179</ns3:hr>
          </ns3:TrackPointExtension>
        </extensions>
      </trkpt>
      <trkpt lat="51.4322833903133869171142578125" lon="5.48649366013705730438232421875">
        <ele>16.3999996185302734375</ele>
        <time>2026-06-21T17:35:57.000Z</time>
        <extensions>
          <ns3:TrackPointExtension>
            <ns3:hr>178</ns3:hr>
          </ns3:TrackPointExtension>
        </extensions>
      </trkpt>
      <trkpt lat="51.43226352520287036895751953125" lon="5.486557781696319580078125">
        <ele>16.3999996185302734375</ele>
        <time>2026-06-21T17:36:00.000Z</time>
        <extensions>
          <ns3:TrackPointExtension>
            <ns3:hr>179</ns3:hr>
          </ns3:TrackPointExtension>
        </extensions>
      </trkpt>
      <trkpt lat="51.43220879137516021728515625" lon="5.48662877641618251800537109375">
        <ele>16.6000003814697265625</ele>
        <time>2026-06-21T17:36:03.000Z</time>
        <extensions>
          <ns3:TrackPointExtension>
            <ns3:hr>179</ns3:hr>
          </ns3:TrackPointExtension>
        </extensions>
      </trkpt>
      <trkpt lat="51.432109884917736053466796875" lon="5.4867602884769439697265625">
        <ele>16.799999237060546875</ele>
        <time>2026-06-21T17:36:12.000Z</time>
        <extensions>
          <ns3:TrackPointExtension>
            <ns3:hr>180</ns3:hr>
          </ns3:TrackPointExtension>
        </extensions>
      </trkpt>
      <trkpt lat="51.43201257102191448211669921875" lon="5.48676724545657634735107421875">
        <ele>16.799999237060546875</ele>
        <time>2026-06-21T17:36:20.000Z</time>
        <extensions>
          <ns3:TrackPointExtension>
            <ns3:hr>178</ns3:hr>
          </ns3:TrackPointExtension>
        </extensions>
      </trkpt>
      <trkpt lat="51.43191802315413951873779296875" lon="5.48675567843019962310791015625">
        <ele>16.799999237060546875</ele>
        <time>2026-06-21T17:36:29.000Z</time>
        <extensions>
          <ns3:TrackPointExtension>
            <ns3:hr>180</ns3:hr>
          </ns3:TrackPointExtension>
        </extensions>
      </trkpt>
      <trkpt lat="51.4318542368710041046142578125" lon="5.486814938485622406005859375">
        <ele>16.799999237060546875</ele>
        <time>2026-06-21T17:36:37.000Z</time>
        <extensions>
          <ns3:TrackPointExtension>
            <ns3:hr>179</ns3:hr>
          </ns3:TrackPointExtension>
        </extensions>
      </trkpt>
      <trkpt lat="51.43182531930506229400634765625" lon="5.48684142529964447021484375">
        <ele>17</ele>
        <time>2026-06-21T17:36:40.000Z</time>
        <extensions>
          <ns3:TrackPointExtension>
            <ns3:hr>178</ns3:hr>
          </ns3:TrackPointExtension>
        </extensions>
      </trkpt>
      <trkpt lat="51.431739069521427154541015625" lon="5.486927926540374755859375">
        <ele>16.799999237060546875</ele>
        <time>2026-06-21T17:36:49.000Z</time>
        <extensions>
          <ns3:TrackPointExtension>
            <ns3:hr>179</ns3:hr>
          </ns3:TrackPointExtension>
        </extensions>
      </trkpt>
      <trkpt lat="51.43164125271141529083251953125" lon="5.48703814856708049774169921875">
        <ele>17.200000762939453125</ele>
        <time>2026-06-21T17:36:59.000Z</time>
        <extensions>
          <ns3:TrackPointExtension>
            <ns3:hr>179</ns3:hr>
          </ns3:TrackPointExtension>
        </extensions>
      </trkpt>
      <trkpt lat="51.43158492632210254669189453125" lon="5.4870870150625705718994140625">
        <ele>16.799999237060546875</ele>
        <time>2026-06-21T17:37:06.000Z</time>
        <extensions>
          <ns3:TrackPointExtension>
            <ns3:hr>179</ns3:hr>
          </ns3:TrackPointExtension>
        </extensions>
      </trkpt>
      <trkpt lat="51.431575454771518707275390625" lon="5.48708441667258739471435546875">
        <ele>16.799999237060546875</ele>
        <time>2026-06-21T17:37:07.000Z</time>
        <extensions>
          <ns3:TrackPointExtension>
            <ns3:hr>178</ns3:hr>
          </ns3:TrackPointExtension>
        </extensions>
      </trkpt>
      <trkpt lat="51.4314626343548297882080078125" lon="5.48714677803218364715576171875">
        <ele>16.6000003814697265625</ele>
        <time>2026-06-21T17:37:16.000Z</time>
        <extensions>
          <ns3:TrackPointExtension>
            <ns3:hr>178</ns3:hr>
          </ns3:TrackPointExtension>
        </extensions>
      </trkpt>
      <trkpt lat="51.43138342536985874176025390625" lon="5.48725071363151073455810546875">
        <ele>16.799999237060546875</ele>
        <time>2026-06-21T17:37:25.000Z</time>
        <extensions>
          <ns3:TrackPointExtension>
            <ns3:hr>178</ns3:hr>
          </ns3:TrackPointExtension>
        </extensions>
      </trkpt>
      <trkpt lat="51.4312949962913990020751953125" lon="5.4873663000762462615966796875">
        <ele>16.799999237060546875</ele>
        <time>2026-06-21T17:37:35.000Z</time>
        <extensions>
          <ns3:TrackPointExtension>
            <ns3:hr>178</ns3:hr>
          </ns3:TrackPointExtension>
        </extensions>
      </trkpt>
      <trkpt lat="51.4312322996556758880615234375" lon="5.48742706887423992156982421875">
        <ele>17</ele>
        <time>2026-06-21T17:37:42.000Z</time>
        <extensions>
          <ns3:TrackPointExtension>
            <ns3:hr>180</ns3:hr>
          </ns3:TrackPointExtension>
        </extensions>
      </trkpt>
      <trkpt lat="51.4311364106833934783935546875" lon="5.4875128157436847686767578125">
        <ele>17</ele>
        <time>2026-06-21T17:37:52.000Z</time>
        <extensions>
          <ns3:TrackPointExtension>
            <ns3:hr>178</ns3:hr>
          </ns3:TrackPointExtension>
        </extensions>
      </trkpt>
      <trkpt lat="51.43105183728039264678955078125" lon="5.48761683516204357147216796875">
        <ele>17</ele>
        <time>2026-06-21T17:38:00.000Z</time>
        <extensions>
          <ns3:TrackPointExtension>
            <ns3:hr>178</ns3:hr>
          </ns3:TrackPointExtension>
        </extensions>
      </trkpt>
      <trkpt lat="51.43096961081027984619140625" lon="5.4877300746738910675048828125">
        <ele>17</ele>
        <time>2026-06-21T17:38:09.000Z</time>
        <extensions>
          <ns3:TrackPointExtension>
            <ns3:hr>177</ns3:hr>
          </ns3:TrackPointExtension>
        </extensions>
      </trkpt>
      <trkpt lat="51.4308889769017696380615234375" lon="5.48783007077872753143310546875">
        <ele>17</ele>
        <time>2026-06-21T17:38:18.000Z</time>
        <extensions>
          <ns3:TrackPointExtension>
            <ns3:hr>178</ns3:hr>
          </ns3:TrackPointExtension>
        </extensions>
      </trkpt>
      <trkpt lat="51.4307776652276515960693359375" lon="5.48797055147588253021240234375">
        <ele>17</ele>
        <time>2026-06-21T17:38:31.000Z</time>
        <extensions>
          <ns3:TrackPointExtension>
            <ns3:hr>178</ns3:hr>
          </ns3:TrackPointExtension>
        </extensions>
      </trkpt>
      <trkpt lat="51.430709771811962127685546875" lon="5.48804313875734806060791015625">
        <ele>17</ele>
        <time>2026-06-21T17:38:39.000Z</time>
        <extensions>
          <ns3:TrackPointExtension>
            <ns3:hr>177</ns3:hr>
          </ns3:TrackPointExtension>
        </extensions>
      </trkpt>
      <trkpt lat="51.43064917065203189849853515625" lon="5.48813349567353725433349609375">
        <ele>17.200000762939453125</ele>
        <time>2026-06-21T17:38:47.000Z</time>
        <extensions>
          <ns3:TrackPointExtension>
            <ns3:hr>177</ns3:hr>
          </ns3:TrackPointExtension>
        </extensions>
      </trkpt>
      <trkpt lat="51.43053970299661159515380859375" lon="5.488204322755336761474609375">
        <ele>17.200000762939453125</ele>
        <time>2026-06-21T17:38:54.000Z</time>
        <extensions>
          <ns3:TrackPointExtension>
            <ns3:hr>177</ns3:hr>
          </ns3:TrackPointExtension>
        </extensions>
      </trkpt>
      <trkpt lat="51.43051824532449245452880859375" lon="5.48818797804415225982666015625">
        <ele>17.200000762939453125</ele>
        <time>2026-06-21T17:38:56.000Z</time>
        <extensions>
          <ns3:TrackPointExtension>
            <ns3:hr>177</ns3:hr>
          </ns3:TrackPointExtension>
        </extensions>
      </trkpt>
      <trkpt lat="51.43047935329377651214599609375" lon="5.48814187757670879364013671875">
        <ele>17.200000762939453125</ele>
        <time>2026-06-21T17:39:00.000Z</time>
        <extensions>
          <ns3:TrackPointExtension>
            <ns3:hr>177</ns3:hr>
          </ns3:TrackPointExtension>
        </extensions>
      </trkpt>
      <trkpt lat="51.430429480969905853271484375" lon="5.48796049319207668304443359375">
        <ele>17.200000762939453125</ele>
        <time>2026-06-21T17:39:09.000Z</time>
        <extensions>
          <ns3:TrackPointExtension>
            <ns3:hr>178</ns3:hr>
          </ns3:TrackPointExtension>
        </extensions>
      </trkpt>
      <trkpt lat="51.43041330389678478240966796875" lon="5.48777642659842967987060546875">
        <ele>17.3999996185302734375</ele>
        <time>2026-06-21T17:39:18.000Z</time>
        <extensions>
          <ns3:TrackPointExtension>
            <ns3:hr>179</ns3:hr>
          </ns3:TrackPointExtension>
        </extensions>
      </trkpt>
      <trkpt lat="51.43037323839962482452392578125" lon="5.4875822179019451141357421875">
        <ele>17.3999996185302734375</ele>
        <time>2026-06-21T17:39:29.000Z</time>
        <extensions>
          <ns3:TrackPointExtension>
            <ns3:hr>178</ns3:hr>
          </ns3:TrackPointExtension>
        </extensions>
      </trkpt>
      <trkpt lat="51.43033669330179691314697265625" lon="5.48745489679276943206787109375">
        <ele>17.6000003814697265625</ele>
        <time>2026-06-21T17:39:37.000Z</time>
        <extensions>
          <ns3:TrackPointExtension>
            <ns3:hr>179</ns3:hr>
          </ns3:TrackPointExtension>
        </extensions>
      </trkpt>
      <trkpt lat="51.43032495863735675811767578125" lon="5.4874241352081298828125">
        <ele>18</ele>
        <time>2026-06-21T17:39:39.000Z</time>
        <extensions>
          <ns3:TrackPointExtension>
            <ns3:hr>179</ns3:hr>
          </ns3:TrackPointExtension>
        </extensions>
      </trkpt>
      <trkpt lat="51.4303123019635677337646484375" lon="5.48739387653768062591552734375">
        <ele>18.200000762939453125</ele>
        <time>2026-06-21T17:39:41.000Z</time>
        <extensions>
          <ns3:TrackPointExtension>
            <ns3:hr>178</ns3:hr>
          </ns3:TrackPointExtension>
        </extensions>
      </trkpt>
      <trkpt lat="51.4302970468997955322265625" lon="5.48729413188993930816650390625">
        <ele>18</ele>
        <time>2026-06-21T17:39:46.000Z</time>
        <extensions>
          <ns3:TrackPointExtension>
            <ns3:hr>178</ns3:hr>
          </ns3:TrackPointExtension>
        </extensions>
      </trkpt>
      <trkpt lat="51.43030098639428615570068359375" lon="5.48706312663853168487548828125">
        <ele>17.6000003814697265625</ele>
        <time>2026-06-21T17:39:56.000Z</time>
        <extensions>
          <ns3:TrackPointExtension>
            <ns3:hr>179</ns3:hr>
          </ns3:TrackPointExtension>
        </extensions>
      </trkpt>
      <trkpt lat="51.4302707277238368988037109375" lon="5.48695265315473079681396484375">
        <ele>18</ele>
        <time>2026-06-21T17:40:04.000Z</time>
        <extensions>
          <ns3:TrackPointExtension>
            <ns3:hr>179</ns3:hr>
          </ns3:TrackPointExtension>
        </extensions>
      </trkpt>
      <trkpt lat="51.4302358590066432952880859375" lon="5.486776717007160186767578125">
        <ele>18</ele>
        <time>2026-06-21T17:40:14.000Z</time>
        <extensions>
          <ns3:TrackPointExtension>
            <ns3:hr>178</ns3:hr>
          </ns3:TrackPointExtension>
        </extensions>
      </trkpt>
      <trkpt lat="51.4302273094654083251953125" lon="5.486572869122028350830078125">
        <ele>18</ele>
        <time>2026-06-21T17:40:25.000Z</time>
        <extensions>
          <ns3:TrackPointExtension>
            <ns3:hr>179</ns3:hr>
          </ns3:TrackPointExtension>
        </extensions>
      </trkpt>
      <trkpt lat="51.430235020816326141357421875" lon="5.486419983208179473876953125">
        <ele>18.6000003814697265625</ele>
        <time>2026-06-21T17:40:33.000Z</time>
        <extensions>
          <ns3:TrackPointExtension>
            <ns3:hr>178</ns3:hr>
          </ns3:TrackPointExtension>
        </extensions>
      </trkpt>
      <trkpt lat="51.43019587732851505279541015625" lon="5.48626885749399662017822265625">
        <ele>18</ele>
        <time>2026-06-21T17:40:43.000Z</time>
        <extensions>
          <ns3:TrackPointExtension>
            <ns3:hr>178</ns3:hr>
          </ns3:TrackPointExtension>
        </extensions>
      </trkpt>
      <trkpt lat="51.4301862381398677825927734375" lon="5.48621353693306446075439453125">
        <ele>18.6000003814697265625</ele>
        <time>2026-06-21T17:40:50.000Z</time>
        <extensions>
          <ns3:TrackPointExtension>
            <ns3:hr>179</ns3:hr>
          </ns3:TrackPointExtension>
        </extensions>
      </trkpt>
      <trkpt lat="51.43019042909145355224609375" lon="5.48621538095176219940185546875">
        <ele>18</ele>
        <time>2026-06-21T17:41:00.000Z</time>
        <extensions>
          <ns3:TrackPointExtension>
            <ns3:hr>178</ns3:hr>
          </ns3:TrackPointExtension>
        </extensions>
      </trkpt>
      <trkpt lat="51.43018648959696292877197265625" lon="5.48622325994074344635009765625">
        <ele>17.799999237060546875</ele>
        <time>2026-06-21T17:41:12.000Z</time>
        <extensions>
          <ns3:TrackPointExtension>
            <ns3:hr>179</ns3:hr>
          </ns3:TrackPointExtension>
        </extensions>
      </trkpt>
      <trkpt lat="51.43015497364103794097900390625" lon="5.48625142313539981842041015625">
        <ele>18.3999996185302734375</ele>
        <time>2026-06-21T17:41:25.000Z</time>
        <extensions>
          <ns3:TrackPointExtension>
            <ns3:hr>177</ns3:hr>
          </ns3:TrackPointExtension>
        </extensions>
      </trkpt>
      <trkpt lat="51.43011926673352718353271484375" lon="5.48627589829266071319580078125">
        <ele>18.3999996185302734375</ele>
        <time>2026-06-21T17:41:36.000Z</time>
        <extensions>
          <ns3:TrackPointExtension>
            <ns3:hr>175</ns3:hr>
          </ns3:TrackPointExtension>
        </extensions>
      </trkpt>
      <trkpt lat="51.43015329726040363311767578125" lon="5.4862384311854839324951171875">
        <ele>18.200000762939453125</ele>
        <time>2026-06-21T17:41:46.000Z</time>
        <extensions>
          <ns3:TrackPointExtension>
            <ns3:hr>174</ns3:hr>
          </ns3:TrackPointExtension>
        </extensions>
      </trkpt>
      <trkpt lat="51.4301708154380321502685546875" lon="5.4860942624509334564208984375">
        <ele>17.799999237060546875</ele>
        <time>2026-06-21T17:41:52.000Z</time>
        <extensions>
          <ns3:TrackPointExtension>
            <ns3:hr>175</ns3:hr>
          </ns3:TrackPointExtension>
        </extensions>
      </trkpt>
      <trkpt lat="51.43013812601566314697265625" lon="5.4858870618045330047607421875">
        <ele>18</ele>
        <time>2026-06-21T17:42:04.000Z</time>
        <extensions>
          <ns3:TrackPointExtension>
            <ns3:hr>174</ns3:hr>
          </ns3:TrackPointExtension>
        </extensions>
      </trkpt>
      <trkpt lat="51.43010015599429607391357421875" lon="5.48572554253041744232177734375">
        <ele>18</ele>
        <time>2026-06-21T17:42:14.000Z</time>
        <extensions>
          <ns3:TrackPointExtension>
            <ns3:hr>173</ns3:hr>
          </ns3:TrackPointExtension>
        </extensions>
      </trkpt>
      <trkpt lat="51.4300363697111606597900390625" lon="5.4856874048709869384765625">
        <ele>18.200000762939453125</ele>
        <time>2026-06-21T17:42:21.000Z</time>
        <extensions>
          <ns3:TrackPointExtension>
            <ns3:hr>173</ns3:hr>
          </ns3:TrackPointExtension>
        </extensions>
      </trkpt>
      <trkpt lat="51.43002941273152828216552734375" lon="5.485694110393524169921875">
        <ele>18.200000762939453125</ele>
        <time>2026-06-21T17:42:22.000Z</time>
        <extensions>
          <ns3:TrackPointExtension>
            <ns3:hr>172</ns3:hr>
          </ns3:TrackPointExtension>
        </extensions>
      </trkpt>
      <trkpt lat="51.430027484893798828125" lon="5.48569746315479278564453125">
        <ele>18.3999996185302734375</ele>
        <time>2026-06-21T17:42:29.000Z</time>
        <extensions>
          <ns3:TrackPointExtension>
            <ns3:hr>173</ns3:hr>
          </ns3:TrackPointExtension>
        </extensions>
      </trkpt>
      <trkpt lat="51.429972164332866668701171875" lon="5.4857214353978633880615234375">
        <ele>17.799999237060546875</ele>
        <time>2026-06-21T17:42:37.000Z</time>
        <extensions>
          <ns3:TrackPointExtension>
            <ns3:hr>174</ns3:hr>
          </ns3:TrackPointExtension>
        </extensions>
      </trkpt>
      <trkpt lat="51.42984886653721332550048828125" lon="5.48578974790871143341064453125">
        <ele>18.200000762939453125</ele>
        <time>2026-06-21T17:42:49.000Z</time>
        <extensions>
          <ns3:TrackPointExtension>
            <ns3:hr>174</ns3:hr>
          </ns3:TrackPointExtension>
        </extensions>
      </trkpt>
      <trkpt lat="51.429746858775615692138671875" lon="5.4858290590345859527587890625">
        <ele>17.799999237060546875</ele>
        <time>2026-06-21T17:42:58.000Z</time>
        <extensions>
          <ns3:TrackPointExtension>
            <ns3:hr>175</ns3:hr>
          </ns3:TrackPointExtension>
        </extensions>
      </trkpt>
      <trkpt lat="51.4296823181211948394775390625" lon="5.48587306402623653411865234375">
        <ele>18</ele>
        <time>2026-06-21T17:43:05.000Z</time>
        <extensions>
          <ns3:TrackPointExtension>
            <ns3:hr>173</ns3:hr>
          </ns3:TrackPointExtension>
        </extensions>
      </trkpt>
      <trkpt lat="51.4295740239322185516357421875" lon="5.485966689884662628173828125">
        <ele>18</ele>
        <time>2026-06-21T17:43:15.000Z</time>
        <extensions>
          <ns3:TrackPointExtension>
            <ns3:hr>172</ns3:hr>
          </ns3:TrackPointExtension>
        </extensions>
      </trkpt>
      <trkpt lat="51.42948023043572902679443359375" lon="5.4860530234873294830322265625">
        <ele>18</ele>
        <time>2026-06-21T17:43:24.000Z</time>
        <extensions>
          <ns3:TrackPointExtension>
            <ns3:hr>172</ns3:hr>
          </ns3:TrackPointExtension>
        </extensions>
      </trkpt>
      <trkpt lat="51.42945977859199047088623046875" lon="5.486076660454273223876953125">
        <ele>18</ele>
        <time>2026-06-21T17:43:26.000Z</time>
        <extensions>
          <ns3:TrackPointExtension>
            <ns3:hr>169</ns3:hr>
          </ns3:TrackPointExtension>
        </extensions>
      </trkpt>
      <trkpt lat="51.42943731509149074554443359375" lon="5.48608965240418910980224609375">
        <ele>18</ele>
        <time>2026-06-21T17:43:28.000Z</time>
        <extensions>
          <ns3:TrackPointExtension>
            <ns3:hr>166</ns3:hr>
          </ns3:TrackPointExtension>
        </extensions>
      </trkpt>
      <trkpt lat="51.42940261401236057281494140625" lon="5.486104823648929595947265625">
        <ele>18</ele>
        <time>2026-06-21T17:43:32.000Z</time>
        <extensions>
          <ns3:TrackPointExtension>
            <ns3:hr>165</ns3:hr>
          </ns3:TrackPointExtension>
        </extensions>
      </trkpt>
      <trkpt lat="51.42932097427546977996826171875" lon="5.48613022081553936004638671875">
        <ele>18.3999996185302734375</ele>
        <time>2026-06-21T17:43:39.000Z</time>
        <extensions>
          <ns3:TrackPointExtension>
            <ns3:hr>167</ns3:hr>
          </ns3:TrackPointExtension>
        </extensions>
      </trkpt>
      <trkpt lat="51.4293014444410800933837890625" lon="5.48614664934575557708740234375">
        <ele>18.3999996185302734375</ele>
        <time>2026-06-21T17:43:41.000Z</time>
        <extensions>
          <ns3:TrackPointExtension>
            <ns3:hr>170</ns3:hr>
          </ns3:TrackPointExtension>
        </extensions>
      </trkpt>
      <trkpt lat="51.4292819984257221221923828125" lon="5.48616014420986175537109375">
        <ele>18.6000003814697265625</ele>
        <time>2026-06-21T17:43:43.000Z</time>
        <extensions>
          <ns3:TrackPointExtension>
            <ns3:hr>173</ns3:hr>
          </ns3:TrackPointExtension>
        </extensions>
      </trkpt>
      <trkpt lat="51.42924738116562366485595703125" lon="5.48620171844959259033203125">
        <ele>18.200000762939453125</ele>
        <time>2026-06-21T17:43:48.000Z</time>
        <extensions>
          <ns3:TrackPointExtension>
            <ns3:hr>175</ns3:hr>
          </ns3:TrackPointExtension>
        </extensions>
      </trkpt>
      <trkpt lat="51.4291794039309024810791015625" lon="5.4862360842525959014892578125">
        <ele>18</ele>
        <time>2026-06-21T17:43:54.000Z</time>
        <extensions>
          <ns3:TrackPointExtension>
            <ns3:hr>176</ns3:hr>
          </ns3:TrackPointExtension>
        </extensions>
      </trkpt>
      <trkpt lat="51.429093070328235626220703125" lon="5.48626282252371311187744140625">
        <ele>17.799999237060546875</ele>
        <time>2026-06-21T17:44:02.000Z</time>
        <extensions>
          <ns3:TrackPointExtension>
            <ns3:hr>174</ns3:hr>
          </ns3:TrackPointExtension>
        </extensions>
      </trkpt>
      <trkpt lat="51.4290268532931804656982421875" lon="5.48627682030200958251953125">
        <ele>17.799999237060546875</ele>
        <time>2026-06-21T17:44:08.000Z</time>
        <extensions>
          <ns3:TrackPointExtension>
            <ns3:hr>175</ns3:hr>
          </ns3:TrackPointExtension>
        </extensions>
      </trkpt>
      <trkpt lat="51.4290178008377552032470703125" lon="5.4862652532756328582763671875">
        <ele>17.799999237060546875</ele>
        <time>2026-06-21T17:44:09.000Z</time>
        <extensions>
          <ns3:TrackPointExtension>
            <ns3:hr>175</ns3:hr>
          </ns3:TrackPointExtension>
        </extensions>
      </trkpt>
      <trkpt lat="51.428984440863132476806640625" lon="5.48616659827530384063720703125">
        <ele>17.3999996185302734375</ele>
        <time>2026-06-21T17:44:15.000Z</time>
        <extensions>
          <ns3:TrackPointExtension>
            <ns3:hr>175</ns3:hr>
          </ns3:TrackPointExtension>
        </extensions>
      </trkpt>
      <trkpt lat="51.4289792440831661224365234375" lon="5.48612787388265132904052734375">
        <ele>17.3999996185302734375</ele>
        <time>2026-06-21T17:44:17.000Z</time>
        <extensions>
          <ns3:TrackPointExtension>
            <ns3:hr>174</ns3:hr>
          </ns3:TrackPointExtension>
        </extensions>
      </trkpt>
      <trkpt lat="51.42892777919769287109375" lon="5.48598404042422771453857421875">
        <ele>17.6000003814697265625</ele>
        <time>2026-06-21T17:44:25.000Z</time>
        <extensions>
          <ns3:TrackPointExtension>
            <ns3:hr>177</ns3:hr>
          </ns3:TrackPointExtension>
        </extensions>
      </trkpt>
      <trkpt lat="51.42890271730720996856689453125" lon="5.4859340004622936248779296875">
        <ele>17.6000003814697265625</ele>
        <time>2026-06-21T17:44:29.000Z</time>
        <extensions>
          <ns3:TrackPointExtension>
            <ns3:hr>176</ns3:hr>
          </ns3:TrackPointExtension>
        </extensions>
      </trkpt>
      <trkpt lat="51.42883264459669589996337890625" lon="5.485833920538425445556640625">
        <ele>17.6000003814697265625</ele>
        <time>2026-06-21T17:44:37.000Z</time>
        <extensions>
          <ns3:TrackPointExtension>
            <ns3:hr>175</ns3:hr>
          </ns3:TrackPointExtension>
        </extensions>
      </trkpt>
      <trkpt lat="51.42874765209853649139404296875" lon="5.4856889136135578155517578125">
        <ele>17.6000003814697265625</ele>
        <time>2026-06-21T17:44:48.000Z</time>
        <extensions>
          <ns3:TrackPointExtension>
            <ns3:hr>174</ns3:hr>
          </ns3:TrackPointExtension>
        </extensions>
      </trkpt>
      <trkpt lat="51.42866651527583599090576171875" lon="5.4855816252529621124267578125">
        <ele>17.3999996185302734375</ele>
        <time>2026-06-21T17:44:57.000Z</time>
        <extensions>
          <ns3:TrackPointExtension>
            <ns3:hr>178</ns3:hr>
          </ns3:TrackPointExtension>
        </extensions>
      </trkpt>
      <trkpt lat="51.4286466501653194427490234375" lon="5.4855586588382720947265625">
        <ele>17.3999996185302734375</ele>
        <time>2026-06-21T17:44:59.000Z</time>
        <extensions>
          <ns3:TrackPointExtension>
            <ns3:hr>178</ns3:hr>
          </ns3:TrackPointExtension>
        </extensions>
      </trkpt>
      <trkpt lat="51.42857532016932964324951171875" lon="5.48543385230004787445068359375">
        <ele>17.3999996185302734375</ele>
        <time>2026-06-21T17:45:09.000Z</time>
        <extensions>
          <ns3:TrackPointExtension>
            <ns3:hr>179</ns3:hr>
          </ns3:TrackPointExtension>
        </extensions>
      </trkpt>
      <trkpt lat="51.42851480282843112945556640625" lon="5.4853251390159130096435546875">
        <ele>17.799999237060546875</ele>
        <time>2026-06-21T17:45:17.000Z</time>
        <extensions>
          <ns3:TrackPointExtension>
            <ns3:hr>175</ns3:hr>
          </ns3:TrackPointExtension>
        </extensions>
      </trkpt>
      <trkpt lat="51.42850893549621105194091796875" lon="5.485308207571506500244140625">
        <ele>17.799999237060546875</ele>
        <time>2026-06-21T17:45:18.000Z</time>
        <extensions>
          <ns3:TrackPointExtension>
            <ns3:hr>174</ns3:hr>
          </ns3:TrackPointExtension>
        </extensions>
      </trkpt>
      <trkpt lat="51.42845897935330867767333984375" lon="5.485206283628940582275390625">
        <ele>17.3999996185302734375</ele>
        <time>2026-06-21T17:45:25.000Z</time>
        <extensions>
          <ns3:TrackPointExtension>
            <ns3:hr>174</ns3:hr>
          </ns3:TrackPointExtension>
        </extensions>
      </trkpt>
      <trkpt lat="51.42835445702075958251953125" lon="5.48509740270674228668212890625">
        <ele>17.799999237060546875</ele>
        <time>2026-06-21T17:45:35.000Z</time>
        <extensions>
          <ns3:TrackPointExtension>
            <ns3:hr>176</ns3:hr>
          </ns3:TrackPointExtension>
        </extensions>
      </trkpt>
      <trkpt lat="51.42830223776400089263916015625" lon="5.4849811457097530364990234375">
        <ele>17.799999237060546875</ele>
        <time>2026-06-21T17:45:42.000Z</time>
        <extensions>
          <ns3:TrackPointExtension>
            <ns3:hr>175</ns3:hr>
          </ns3:TrackPointExtension>
        </extensions>
      </trkpt>
      <trkpt lat="51.42823216505348682403564453125" lon="5.48484326340258121490478515625">
        <ele>17.799999237060546875</ele>
        <time>2026-06-21T17:45:51.000Z</time>
        <extensions>
          <ns3:TrackPointExtension>
            <ns3:hr>174</ns3:hr>
          </ns3:TrackPointExtension>
        </extensions>
      </trkpt>
      <trkpt lat="51.42817617394030094146728515625" lon="5.4847441054880619049072265625">
        <ele>17.6000003814697265625</ele>
        <time>2026-06-21T17:45:59.000Z</time>
        <extensions>
          <ns3:TrackPointExtension>
            <ns3:hr>173</ns3:hr>
          </ns3:TrackPointExtension>
        </extensions>
      </trkpt>
      <trkpt lat="51.4280921034514904022216796875" lon="5.48463354818522930145263671875">
        <ele>17.799999237060546875</ele>
        <time>2026-06-21T17:46:09.000Z</time>
        <extensions>
          <ns3:TrackPointExtension>
            <ns3:hr>174</ns3:hr>
          </ns3:TrackPointExtension>
        </extensions>
      </trkpt>
      <trkpt lat="51.42801641486585140228271484375" lon="5.48453480936586856842041015625">
        <ele>17.799999237060546875</ele>
        <time>2026-06-21T17:46:19.000Z</time>
        <extensions>
          <ns3:TrackPointExtension>
            <ns3:hr>175</ns3:hr>
          </ns3:TrackPointExtension>
        </extensions>
      </trkpt>
      <trkpt lat="51.42792555503547191619873046875" lon="5.48447747714817523956298828125">
        <ele>17.799999237060546875</ele>
        <time>2026-06-21T17:46:28.000Z</time>
        <extensions>
          <ns3:TrackPointExtension>
            <ns3:hr>176</ns3:hr>
          </ns3:TrackPointExtension>
        </extensions>
      </trkpt>
      <trkpt lat="51.42780460417270660400390625" lon="5.4844535887241363525390625">
        <ele>17.799999237060546875</ele>
        <time>2026-06-21T17:46:38.000Z</time>
        <extensions>
          <ns3:TrackPointExtension>
            <ns3:hr>174</ns3:hr>
          </ns3:TrackPointExtension>
        </extensions>
      </trkpt>
      <trkpt lat="51.42773377709090709686279296875" lon="5.48434303142130374908447265625">
        <ele>17.799999237060546875</ele>
        <time>2026-06-21T17:46:47.000Z</time>
        <extensions>
          <ns3:TrackPointExtension>
            <ns3:hr>175</ns3:hr>
          </ns3:TrackPointExtension>
        </extensions>
      </trkpt>
      <trkpt lat="51.4277403987944126129150390625" lon="5.48422350548207759857177734375">
        <ele>18</ele>
        <time>2026-06-21T17:46:54.000Z</time>
        <extensions>
          <ns3:TrackPointExtension>
            <ns3:hr>173</ns3:hr>
          </ns3:TrackPointExtension>
        </extensions>
      </trkpt>
      <trkpt lat="51.42778792418539524078369140625" lon="5.4840427078306674957275390625">
        <ele>18.200000762939453125</ele>
        <time>2026-06-21T17:47:03.000Z</time>
        <extensions>
          <ns3:TrackPointExtension>
            <ns3:hr>176</ns3:hr>
          </ns3:TrackPointExtension>
        </extensions>
      </trkpt>
      <trkpt lat="51.4277943782508373260498046875" lon="5.484020747244358062744140625">
        <ele>18.200000762939453125</ele>
        <time>2026-06-21T17:47:04.000Z</time>
        <extensions>
          <ns3:TrackPointExtension>
            <ns3:hr>176</ns3:hr>
          </ns3:TrackPointExtension>
        </extensions>
      </trkpt>
      <trkpt lat="51.427824385464191436767578125" lon="5.48389996401965618133544921875">
        <ele>18.3999996185302734375</ele>
        <time>2026-06-21T17:47:12.000Z</time>
        <extensions>
          <ns3:TrackPointExtension>
            <ns3:hr>176</ns3:hr>
          </ns3:TrackPointExtension>
        </extensions>
      </trkpt>
      <trkpt lat="51.427843831479549407958984375" lon="5.48379980027675628662109375">
        <ele>18.200000762939453125</ele>
        <time>2026-06-21T17:47:18.000Z</time>
        <extensions>
          <ns3:TrackPointExtension>
            <ns3:hr>173</ns3:hr>
          </ns3:TrackPointExtension>
        </extensions>
      </trkpt>
      <trkpt lat="51.42785514704883098602294921875" lon="5.48376216553151607513427734375">
        <ele>18.200000762939453125</ele>
        <time>2026-06-21T17:47:21.000Z</time>
        <extensions>
          <ns3:TrackPointExtension>
            <ns3:hr>173</ns3:hr>
          </ns3:TrackPointExtension>
        </extensions>
      </trkpt>
      <trkpt lat="51.427911221981048583984375" lon="5.48360659740865230560302734375">
        <ele>18.200000762939453125</ele>
        <time>2026-06-21T17:47:30.000Z</time>
        <extensions>
          <ns3:TrackPointExtension>
            <ns3:hr>176</ns3:hr>
          </ns3:TrackPointExtension>
        </extensions>
      </trkpt>
      <trkpt lat="51.42792035825550556182861328125" lon="5.48358715139329433441162109375">
        <ele>18.200000762939453125</ele>
        <time>2026-06-21T17:47:31.000Z</time>
        <extensions>
          <ns3:TrackPointExtension>
            <ns3:hr>176</ns3:hr>
          </ns3:TrackPointExtension>
        </extensions>
      </trkpt>
      <trkpt lat="51.42798825167119503021240234375" lon="5.48345823772251605987548828125">
        <ele>18.200000762939453125</ele>
        <time>2026-06-21T17:47:40.000Z</time>
        <extensions>
          <ns3:TrackPointExtension>
            <ns3:hr>176</ns3:hr>
          </ns3:TrackPointExtension>
        </extensions>
      </trkpt>
      <trkpt lat="51.42805027775466442108154296875" lon="5.4832970537245273590087890625">
        <ele>18.200000762939453125</ele>
        <time>2026-06-21T17:47:51.000Z</time>
        <extensions>
          <ns3:TrackPointExtension>
            <ns3:hr>174</ns3:hr>
          </ns3:TrackPointExtension>
        </extensions>
      </trkpt>
      <trkpt lat="51.42814298160374164581298828125" lon="5.48311541788280010223388671875">
        <ele>18.200000762939453125</ele>
        <time>2026-06-21T17:48:02.000Z</time>
        <extensions>
          <ns3:TrackPointExtension>
            <ns3:hr>175</ns3:hr>
          </ns3:TrackPointExtension>
        </extensions>
      </trkpt>
      <trkpt lat="51.42820450477302074432373046875" lon="5.48298600129783153533935546875">
        <ele>18.200000762939453125</ele>
        <time>2026-06-21T17:48:10.000Z</time>
        <extensions>
          <ns3:TrackPointExtension>
            <ns3:hr>175</ns3:hr>
          </ns3:TrackPointExtension>
        </extensions>
      </trkpt>
      <trkpt lat="51.4282734878361225128173828125" lon="5.48287787474691867828369140625">
        <ele>18.3999996185302734375</ele>
        <time>2026-06-21T17:48:19.000Z</time>
        <extensions>
          <ns3:TrackPointExtension>
            <ns3:hr>175</ns3:hr>
          </ns3:TrackPointExtension>
        </extensions>
      </trkpt>
      <trkpt lat="51.4283083565533161163330078125" lon="5.4827867634594440460205078125">
        <ele>18.200000762939453125</ele>
        <time>2026-06-21T17:48:27.000Z</time>
        <extensions>
          <ns3:TrackPointExtension>
            <ns3:hr>175</ns3:hr>
          </ns3:TrackPointExtension>
        </extensions>
      </trkpt>
      <trkpt lat="51.42829268239438533782958984375" lon="5.48276371322572231292724609375">
        <ele>18.3999996185302734375</ele>
        <time>2026-06-21T17:48:30.000Z</time>
        <extensions>
          <ns3:TrackPointExtension>
            <ns3:hr>175</ns3:hr>
          </ns3:TrackPointExtension>
        </extensions>
      </trkpt>
      <trkpt lat="51.42824314534664154052734375" lon="5.48270269297063350677490234375">
        <ele>18.3999996185302734375</ele>
        <time>2026-06-21T17:48:35.000Z</time>
        <extensions>
          <ns3:TrackPointExtension>
            <ns3:hr>174</ns3:hr>
          </ns3:TrackPointExtension>
        </extensions>
      </trkpt>
      <trkpt lat="51.42816661857068538665771484375" lon="5.4825929738581180572509765625">
        <ele>18.3999996185302734375</ele>
        <time>2026-06-21T17:48:44.000Z</time>
        <extensions>
          <ns3:TrackPointExtension>
            <ns3:hr>172</ns3:hr>
          </ns3:TrackPointExtension>
        </extensions>
      </trkpt>
      <trkpt lat="51.4281591586768627166748046875" lon="5.4825814068317413330078125">
        <ele>18.3999996185302734375</ele>
        <time>2026-06-21T17:48:45.000Z</time>
        <extensions>
          <ns3:TrackPointExtension>
            <ns3:hr>167</ns3:hr>
          </ns3:TrackPointExtension>
        </extensions>
      </trkpt>
      <trkpt lat="51.4281195960938930511474609375" lon="5.482484512031078338623046875">
        <ele>18.3999996185302734375</ele>
        <time>2026-06-21T17:48:51.000Z</time>
        <extensions>
          <ns3:TrackPointExtension>
            <ns3:hr>167</ns3:hr>
          </ns3:TrackPointExtension>
        </extensions>
      </trkpt>
      <trkpt lat="51.42811213620007038116455078125" lon="5.48234403133392333984375">
        <ele>18.3999996185302734375</ele>
        <time>2026-06-21T17:48:58.000Z</time>
        <extensions>
          <ns3:TrackPointExtension>
            <ns3:hr>168</ns3:hr>
          </ns3:TrackPointExtension>
        </extensions>
      </trkpt>
      <trkpt lat="51.428142897784709930419921875" lon="5.48223615624010562896728515625">
        <ele>18.200000762939453125</ele>
        <time>2026-06-21T17:49:06.000Z</time>
        <extensions>
          <ns3:TrackPointExtension>
            <ns3:hr>170</ns3:hr>
          </ns3:TrackPointExtension>
        </extensions>
      </trkpt>
      <trkpt lat="51.4281182549893856048583984375" lon="5.4821844398975372314453125">
        <ele>18.200000762939453125</ele>
        <time>2026-06-21T17:49:11.000Z</time>
        <extensions>
          <ns3:TrackPointExtension>
            <ns3:hr>170</ns3:hr>
          </ns3:TrackPointExtension>
        </extensions>
      </trkpt>
      <trkpt lat="51.42809755168855190277099609375" lon="5.48216977156698703765869140625">
        <ele>18.200000762939453125</ele>
        <time>2026-06-21T17:49:13.000Z</time>
        <extensions>
          <ns3:TrackPointExtension>
            <ns3:hr>171</ns3:hr>
          </ns3:TrackPointExtension>
        </extensions>
      </trkpt>
      <trkpt lat="51.4280166663229465484619140625" lon="5.48206784762442111968994140625">
        <ele>18</ele>
        <time>2026-06-21T17:49:22.000Z</time>
        <extensions>
          <ns3:TrackPointExtension>
            <ns3:hr>174</ns3:hr>
          </ns3:TrackPointExtension>
        </extensions>
      </trkpt>
      <trkpt lat="51.4279529638588428497314453125" lon="5.481980256736278533935546875">
        <ele>18.200000762939453125</ele>
        <time>2026-06-21T17:49:29.000Z</time>
        <extensions>
          <ns3:TrackPointExtension>
            <ns3:hr>174</ns3:hr>
          </ns3:TrackPointExtension>
        </extensions>
      </trkpt>
      <trkpt lat="51.427901498973369598388671875" lon="5.48191554844379425048828125">
        <ele>18</ele>
        <time>2026-06-21T17:49:36.000Z</time>
        <extensions>
          <ns3:TrackPointExtension>
            <ns3:hr>174</ns3:hr>
          </ns3:TrackPointExtension>
        </extensions>
      </trkpt>
      <trkpt lat="51.4278051070868968963623046875" lon="5.48182359896600246429443359375">
        <ele>18</ele>
        <time>2026-06-21T17:49:46.000Z</time>
        <extensions>
          <ns3:TrackPointExtension>
            <ns3:hr>174</ns3:hr>
          </ns3:TrackPointExtension>
        </extensions>
      </trkpt>
      <trkpt lat="51.42776864580810070037841796875" lon="5.48178487457334995269775390625">
        <ele>18</ele>
        <time>2026-06-21T17:49:50.000Z</time>
        <extensions>
          <ns3:TrackPointExtension>
            <ns3:hr>177</ns3:hr>
          </ns3:TrackPointExtension>
        </extensions>
      </trkpt>
      <trkpt lat="51.42769639380276203155517578125" lon="5.4817175678908824920654296875">
        <ele>18</ele>
        <time>2026-06-21T17:49:57.000Z</time>
        <extensions>
          <ns3:TrackPointExtension>
            <ns3:hr>175</ns3:hr>
          </ns3:TrackPointExtension>
        </extensions>
      </trkpt>
      <trkpt lat="51.427623219788074493408203125" lon="5.4816438071429729461669921875">
        <ele>18.3999996185302734375</ele>
        <time>2026-06-21T17:50:05.000Z</time>
        <extensions>
          <ns3:TrackPointExtension>
            <ns3:hr>174</ns3:hr>
          </ns3:TrackPointExtension>
        </extensions>
      </trkpt>
      <trkpt lat="51.4275509677827358245849609375" lon="5.48153467476367950439453125">
        <ele>18.200000762939453125</ele>
        <time>2026-06-21T17:50:14.000Z</time>
        <extensions>
          <ns3:TrackPointExtension>
            <ns3:hr>175</ns3:hr>
          </ns3:TrackPointExtension>
        </extensions>
      </trkpt>
      <trkpt lat="51.42747896723449230194091796875" lon="5.48143082298338413238525390625">
        <ele>17.799999237060546875</ele>
        <time>2026-06-21T17:50:22.000Z</time>
        <extensions>
          <ns3:TrackPointExtension>
            <ns3:hr>173</ns3:hr>
          </ns3:TrackPointExtension>
        </extensions>
      </trkpt>
      <trkpt lat="51.42740034498274326324462890625" lon="5.48134683631360530853271484375">
        <ele>17.799999237060546875</ele>
        <time>2026-06-21T17:50:31.000Z</time>
        <extensions>
          <ns3:TrackPointExtension>
            <ns3:hr>175</ns3:hr>
          </ns3:TrackPointExtension>
        </extensions>
      </trkpt>
      <trkpt lat="51.42733513377606868743896484375" lon="5.48125036060810089111328125">
        <ele>17.6000003814697265625</ele>
        <time>2026-06-21T17:50:40.000Z</time>
        <extensions>
          <ns3:TrackPointExtension>
            <ns3:hr>175</ns3:hr>
          </ns3:TrackPointExtension>
        </extensions>
      </trkpt>
      <trkpt lat="51.42722231335937976837158203125" lon="5.4811744205653667449951171875">
        <ele>17.6000003814697265625</ele>
        <time>2026-06-21T17:50:49.000Z</time>
        <extensions>
          <ns3:TrackPointExtension>
            <ns3:hr>174</ns3:hr>
          </ns3:TrackPointExtension>
        </extensions>
      </trkpt>
      <trkpt lat="51.42714436165988445281982421875" lon="5.48111583106219768524169921875">
        <ele>17.6000003814697265625</ele>
        <time>2026-06-21T17:50:56.000Z</time>
        <extensions>
          <ns3:TrackPointExtension>
            <ns3:hr>172</ns3:hr>
          </ns3:TrackPointExtension>
        </extensions>
      </trkpt>
      <trkpt lat="51.42711586318910121917724609375" lon="5.48108481802046298980712890625">
        <ele>17.3999996185302734375</ele>
        <time>2026-06-21T17:50:59.000Z</time>
        <extensions>
          <ns3:TrackPointExtension>
            <ns3:hr>175</ns3:hr>
          </ns3:TrackPointExtension>
        </extensions>
      </trkpt>
      <trkpt lat="51.4270638115704059600830078125" lon="5.48101290129125118255615234375">
        <ele>17.6000003814697265625</ele>
        <time>2026-06-21T17:51:06.000Z</time>
        <extensions>
          <ns3:TrackPointExtension>
            <ns3:hr>177</ns3:hr>
          </ns3:TrackPointExtension>
        </extensions>
      </trkpt>
      <trkpt lat="51.42706909216940402984619140625" lon="5.48094819299876689910888671875">
        <ele>17.3999996185302734375</ele>
        <time>2026-06-21T17:51:10.000Z</time>
        <extensions>
          <ns3:TrackPointExtension>
            <ns3:hr>176</ns3:hr>
          </ns3:TrackPointExtension>
        </extensions>
      </trkpt>
      <trkpt lat="51.42707697115838527679443359375" lon="5.480882227420806884765625">
        <ele>17.3999996185302734375</ele>
        <time>2026-06-21T17:51:13.000Z</time>
        <extensions>
          <ns3:TrackPointExtension>
            <ns3:hr>174</ns3:hr>
          </ns3:TrackPointExtension>
        </extensions>
      </trkpt>
      <trkpt lat="51.4270835928618907928466796875" lon="5.48072774894535541534423828125">
        <ele>17.6000003814697265625</ele>
        <time>2026-06-21T17:51:22.000Z</time>
        <extensions>
          <ns3:TrackPointExtension>
            <ns3:hr>176</ns3:hr>
          </ns3:TrackPointExtension>
        </extensions>
      </trkpt>
      <trkpt lat="51.42708887346088886260986328125" lon="5.4807187803089618682861328125">
        <ele>17.3999996185302734375</ele>
        <time>2026-06-21T17:51:31.000Z</time>
        <extensions>
          <ns3:TrackPointExtension>
            <ns3:hr>176</ns3:hr>
          </ns3:TrackPointExtension>
        </extensions>
      </trkpt>
      <trkpt lat="51.42710722982883453369140625" lon="5.4807127453386783599853515625">
        <ele>17.3999996185302734375</ele>
        <time>2026-06-21T17:51:35.000Z</time>
        <extensions>
          <ns3:TrackPointExtension>
            <ns3:hr>176</ns3:hr>
          </ns3:TrackPointExtension>
        </extensions>
      </trkpt>
      <trkpt lat="51.42711133696138858795166015625" lon="5.4806822352111339569091796875">
        <ele>17.3999996185302734375</ele>
        <time>2026-06-21T17:51:39.000Z</time>
        <extensions>
          <ns3:TrackPointExtension>
            <ns3:hr>176</ns3:hr>
          </ns3:TrackPointExtension>
        </extensions>
      </trkpt>
      <trkpt lat="51.42710597254335880279541015625" lon="5.4806768707931041717529296875">
        <ele>17.3999996185302734375</ele>
        <time>2026-06-21T17:51:40.000Z</time>
        <extensions>
          <ns3:TrackPointExtension>
            <ns3:hr>176</ns3:hr>
          </ns3:TrackPointExtension>
        </extensions>
      </trkpt>
      <trkpt lat="51.427022404968738555908203125" lon="5.480604954063892364501953125">
        <ele>17.6000003814697265625</ele>
        <time>2026-06-21T17:51:48.000Z</time>
        <extensions>
          <ns3:TrackPointExtension>
            <ns3:hr>176</ns3:hr>
          </ns3:TrackPointExtension>
        </extensions>
      </trkpt>
      <trkpt lat="51.426916457712650299072265625" lon="5.480531863868236541748046875">
        <ele>17.6000003814697265625</ele>
        <time>2026-06-21T17:51:58.000Z</time>
        <extensions>
          <ns3:TrackPointExtension>
            <ns3:hr>175</ns3:hr>
          </ns3:TrackPointExtension>
        </extensions>
      </trkpt>
      <trkpt lat="51.42682434059679508209228515625" lon="5.48045332543551921844482421875">
        <ele>17.6000003814697265625</ele>
        <time>2026-06-21T17:52:07.000Z</time>
        <extensions>
          <ns3:TrackPointExtension>
            <ns3:hr>175</ns3:hr>
          </ns3:TrackPointExtension>
        </extensions>
      </trkpt>
      <trkpt lat="51.426764242351055145263671875" lon="5.4803771339356899261474609375">
        <ele>17.3999996185302734375</ele>
        <time>2026-06-21T17:52:15.000Z</time>
        <extensions>
          <ns3:TrackPointExtension>
            <ns3:hr>174</ns3:hr>
          </ns3:TrackPointExtension>
        </extensions>
      </trkpt>
      <trkpt lat="51.426673717796802520751953125" lon="5.48027210868895053863525390625">
        <ele>17.6000003814697265625</ele>
        <time>2026-06-21T17:52:26.000Z</time>
        <extensions>
          <ns3:TrackPointExtension>
            <ns3:hr>174</ns3:hr>
          </ns3:TrackPointExtension>
        </extensions>
      </trkpt>
      <trkpt lat="51.4265712909400463104248046875" lon="5.48017345368862152099609375">
        <ele>17.3999996185302734375</ele>
        <time>2026-06-21T17:52:37.000Z</time>
        <extensions>
          <ns3:TrackPointExtension>
            <ns3:hr>174</ns3:hr>
          </ns3:TrackPointExtension>
        </extensions>
      </trkpt>
      <trkpt lat="51.42648621462285518646240234375" lon="5.48009307123720645904541015625">
        <ele>17.6000003814697265625</ele>
        <time>2026-06-21T17:52:45.000Z</time>
        <extensions>
          <ns3:TrackPointExtension>
            <ns3:hr>175</ns3:hr>
          </ns3:TrackPointExtension>
        </extensions>
      </trkpt>
      <trkpt lat="51.4263996295630931854248046875" lon="5.479998774826526641845703125">
        <ele>17.799999237060546875</ele>
        <time>2026-06-21T17:52:54.000Z</time>
        <extensions>
          <ns3:TrackPointExtension>
            <ns3:hr>175</ns3:hr>
          </ns3:TrackPointExtension>
        </extensions>
      </trkpt>
      <trkpt lat="51.4263327419757843017578125" lon="5.479908920824527740478515625">
        <ele>17.3999996185302734375</ele>
        <time>2026-06-21T17:53:02.000Z</time>
        <extensions>
          <ns3:TrackPointExtension>
            <ns3:hr>174</ns3:hr>
          </ns3:TrackPointExtension>
        </extensions>
      </trkpt>
      <trkpt lat="51.42625319771468639373779296875" lon="5.4798427037894725799560546875">
        <ele>17.200000762939453125</ele>
        <time>2026-06-21T17:53:11.000Z</time>
        <extensions>
          <ns3:TrackPointExtension>
            <ns3:hr>175</ns3:hr>
          </ns3:TrackPointExtension>
        </extensions>
      </trkpt>
      <trkpt lat="51.426157392561435699462890625" lon="5.479757376015186309814453125">
        <ele>17.200000762939453125</ele>
        <time>2026-06-21T17:53:20.000Z</time>
        <extensions>
          <ns3:TrackPointExtension>
            <ns3:hr>173</ns3:hr>
          </ns3:TrackPointExtension>
        </extensions>
      </trkpt>
      <trkpt lat="51.4261082746088504791259765625" lon="5.47969199717044830322265625">
        <ele>17.6000003814697265625</ele>
        <time>2026-06-21T17:53:27.000Z</time>
        <extensions>
          <ns3:TrackPointExtension>
            <ns3:hr>172</ns3:hr>
          </ns3:TrackPointExtension>
        </extensions>
      </trkpt>
      <trkpt lat="51.42606921494007110595703125" lon="5.47967162914574146270751953125">
        <ele>17</ele>
        <time>2026-06-21T17:53:30.000Z</time>
        <extensions>
          <ns3:TrackPointExtension>
            <ns3:hr>175</ns3:hr>
          </ns3:TrackPointExtension>
        </extensions>
      </trkpt>
      <trkpt lat="51.426056139171123504638671875" lon="5.47966626472771167755126953125">
        <ele>17</ele>
        <time>2026-06-21T17:53:31.000Z</time>
        <extensions>
          <ns3:TrackPointExtension>
            <ns3:hr>175</ns3:hr>
          </ns3:TrackPointExtension>
        </extensions>
      </trkpt>
      <trkpt lat="51.42599679529666900634765625" lon="5.479652769863605499267578125">
        <ele>17</ele>
        <time>2026-06-21T17:53:36.000Z</time>
        <extensions>
          <ns3:TrackPointExtension>
            <ns3:hr>174</ns3:hr>
          </ns3:TrackPointExtension>
        </extensions>
      </trkpt>
      <trkpt lat="51.4259406365454196929931640625" lon="5.479613207280635833740234375">
        <ele>17</ele>
        <time>2026-06-21T17:53:41.000Z</time>
        <extensions>
          <ns3:TrackPointExtension>
            <ns3:hr>177</ns3:hr>
          </ns3:TrackPointExtension>
        </extensions>
      </trkpt>
      <trkpt lat="51.4259044267237186431884765625" lon="5.4795922525227069854736328125">
        <ele>17</ele>
        <time>2026-06-21T17:53:45.000Z</time>
        <extensions>
          <ns3:TrackPointExtension>
            <ns3:hr>176</ns3:hr>
          </ns3:TrackPointExtension>
        </extensions>
      </trkpt>
      <trkpt lat="51.425801329314708709716796875" lon="5.4795392788946628570556640625">
        <ele>16.799999237060546875</ele>
        <time>2026-06-21T17:53:54.000Z</time>
        <extensions>
          <ns3:TrackPointExtension>
            <ns3:hr>175</ns3:hr>
          </ns3:TrackPointExtension>
        </extensions>
      </trkpt>
      <trkpt lat="51.4257911033928394317626953125" lon="5.479538440704345703125">
        <ele>16.799999237060546875</ele>
        <time>2026-06-21T17:53:55.000Z</time>
        <extensions>
          <ns3:TrackPointExtension>
            <ns3:hr>174</ns3:hr>
          </ns3:TrackPointExtension>
        </extensions>
      </trkpt>
      <trkpt lat="51.42571457661688327789306640625" lon="5.47951069660484790802001953125">
        <ele>16.799999237060546875</ele>
        <time>2026-06-21T17:54:02.000Z</time>
        <extensions>
          <ns3:TrackPointExtension>
            <ns3:hr>175</ns3:hr>
          </ns3:TrackPointExtension>
        </extensions>
      </trkpt>
      <trkpt lat="51.4256117306649684906005859375" lon="5.47947297804057598114013671875">
        <ele>16.200000762939453125</ele>
        <time>2026-06-21T17:54:11.000Z</time>
        <extensions>
          <ns3:TrackPointExtension>
            <ns3:hr>176</ns3:hr>
          </ns3:TrackPointExtension>
        </extensions>
      </trkpt>
      <trkpt lat="51.42554911784827709197998046875" lon="5.4794487543404102325439453125">
        <ele>16.3999996185302734375</ele>
        <time>2026-06-21T17:54:17.000Z</time>
        <extensions>
          <ns3:TrackPointExtension>
            <ns3:hr>173</ns3:hr>
          </ns3:TrackPointExtension>
        </extensions>
      </trkpt>
      <trkpt lat="51.42553101293742656707763671875" lon="5.47944095917046070098876953125">
        <ele>16</ele>
        <time>2026-06-21T17:54:19.000Z</time>
        <extensions>
          <ns3:TrackPointExtension>
            <ns3:hr>173</ns3:hr>
          </ns3:TrackPointExtension>
        </extensions>
      </trkpt>
      <trkpt lat="51.4254065416753292083740234375" lon="5.47940810211002826690673828125">
        <ele>16</ele>
        <time>2026-06-21T17:54:29.000Z</time>
        <extensions>
          <ns3:TrackPointExtension>
            <ns3:hr>173</ns3:hr>
          </ns3:TrackPointExtension>
        </extensions>
      </trkpt>
      <trkpt lat="51.4253981597721576690673828125" lon="5.47940391115844249725341796875">
        <ele>16</ele>
        <time>2026-06-21T17:54:30.000Z</time>
        <extensions>
          <ns3:TrackPointExtension>
            <ns3:hr>173</ns3:hr>
          </ns3:TrackPointExtension>
        </extensions>
      </trkpt>
      <trkpt lat="51.42534007318317890167236328125" lon="5.47938999719917774200439453125">
        <ele>16.200000762939453125</ele>
        <time>2026-06-21T17:54:36.000Z</time>
        <extensions>
          <ns3:TrackPointExtension>
            <ns3:hr>173</ns3:hr>
          </ns3:TrackPointExtension>
        </extensions>
      </trkpt>
      <trkpt lat="51.42523236572742462158203125" lon="5.47936233691871166229248046875">
        <ele>15.80000019073486328125</ele>
        <time>2026-06-21T17:54:46.000Z</time>
        <extensions>
          <ns3:TrackPointExtension>
            <ns3:hr>173</ns3:hr>
          </ns3:TrackPointExtension>
        </extensions>
      </trkpt>
      <trkpt lat="51.4251205511391162872314453125" lon="5.47935244627296924591064453125">
        <ele>15.6000003814697265625</ele>
        <time>2026-06-21T17:54:56.000Z</time>
        <extensions>
          <ns3:TrackPointExtension>
            <ns3:hr>172</ns3:hr>
          </ns3:TrackPointExtension>
        </extensions>
      </trkpt>
      <trkpt lat="51.4250347204506397247314453125" lon="5.47933526337146759033203125">
        <ele>15.6000003814697265625</ele>
        <time>2026-06-21T17:55:03.000Z</time>
        <extensions>
          <ns3:TrackPointExtension>
            <ns3:hr>172</ns3:hr>
          </ns3:TrackPointExtension>
        </extensions>
      </trkpt>
      <trkpt lat="51.4249468781054019927978515625" lon="5.47931456007063388824462890625">
        <ele>15.3999996185302734375</ele>
        <time>2026-06-21T17:55:11.000Z</time>
        <extensions>
          <ns3:TrackPointExtension>
            <ns3:hr>175</ns3:hr>
          </ns3:TrackPointExtension>
        </extensions>
      </trkpt>
      <trkpt lat="51.42493732273578643798828125" lon="5.479304753243923187255859375">
        <ele>15.3999996185302734375</ele>
        <time>2026-06-21T17:55:12.000Z</time>
        <extensions>
          <ns3:TrackPointExtension>
            <ns3:hr>174</ns3:hr>
          </ns3:TrackPointExtension>
        </extensions>
      </trkpt>
      <trkpt lat="51.42485241405665874481201171875" lon="5.47928840853273868560791015625">
        <ele>15.3999996185302734375</ele>
        <time>2026-06-21T17:55:20.000Z</time>
        <extensions>
          <ns3:TrackPointExtension>
            <ns3:hr>174</ns3:hr>
          </ns3:TrackPointExtension>
        </extensions>
      </trkpt>
      <trkpt lat="51.4247477240860462188720703125" lon="5.47929746098816394805908203125">
        <ele>15</ele>
        <time>2026-06-21T17:55:30.000Z</time>
        <extensions>
          <ns3:TrackPointExtension>
            <ns3:hr>175</ns3:hr>
          </ns3:TrackPointExtension>
        </extensions>
      </trkpt>
      <trkpt lat="51.42473657615482807159423828125" lon="5.4793126322329044342041015625">
        <ele>15</ele>
        <time>2026-06-21T17:55:32.000Z</time>
        <extensions>
          <ns3:TrackPointExtension>
            <ns3:hr>174</ns3:hr>
          </ns3:TrackPointExtension>
        </extensions>
      </trkpt>
      <trkpt lat="51.42471763305366039276123046875" lon="5.479342639446258544921875">
        <ele>15</ele>
        <time>2026-06-21T17:55:34.000Z</time>
        <extensions>
          <ns3:TrackPointExtension>
            <ns3:hr>174</ns3:hr>
          </ns3:TrackPointExtension>
        </extensions>
      </trkpt>
      <trkpt lat="51.42470774240791797637939453125" lon="5.47935361973941326141357421875">
        <ele>14.80000019073486328125</ele>
        <time>2026-06-21T17:55:35.000Z</time>
        <extensions>
          <ns3:TrackPointExtension>
            <ns3:hr>174</ns3:hr>
          </ns3:TrackPointExtension>
        </extensions>
      </trkpt>
      <trkpt lat="51.42460045404732227325439453125" lon="5.47937071882188320159912109375">
        <ele>14.80000019073486328125</ele>
        <time>2026-06-21T17:55:44.000Z</time>
        <extensions>
          <ns3:TrackPointExtension>
            <ns3:hr>174</ns3:hr>
          </ns3:TrackPointExtension>
        </extensions>
      </trkpt>
      <trkpt lat="51.4245301298797130584716796875" lon="5.479380190372467041015625">
        <ele>15</ele>
        <time>2026-06-21T17:55:51.000Z</time>
        <extensions>
          <ns3:TrackPointExtension>
            <ns3:hr>174</ns3:hr>
          </ns3:TrackPointExtension>
        </extensions>
      </trkpt>
      <trkpt lat="51.424456201493740081787109375" lon="5.4793270491063594818115234375">
        <ele>15</ele>
        <time>2026-06-21T17:56:00.000Z</time>
        <extensions>
          <ns3:TrackPointExtension>
            <ns3:hr>176</ns3:hr>
          </ns3:TrackPointExtension>
        </extensions>
      </trkpt>
      <trkpt lat="51.4244399406015872955322265625" lon="5.47934490256011486053466796875">
        <ele>15</ele>
        <time>2026-06-21T17:56:01.000Z</time>
        <extensions>
          <ns3:TrackPointExtension>
            <ns3:hr>177</ns3:hr>
          </ns3:TrackPointExtension>
        </extensions>
      </trkpt>
      <trkpt lat="51.42443516291677951812744140625" lon="5.47936636023223400115966796875">
        <ele>15</ele>
        <time>2026-06-21T17:56:03.000Z</time>
        <extensions>
          <ns3:TrackPointExtension>
            <ns3:hr>178</ns3:hr>
          </ns3:TrackPointExtension>
        </extensions>
      </trkpt>
      <trkpt lat="51.42439325340092182159423828125" lon="5.4793404601514339447021484375">
        <ele>15</ele>
        <time>2026-06-21T17:56:05.000Z</time>
        <extensions>
          <ns3:TrackPointExtension>
            <ns3:hr>178</ns3:hr>
          </ns3:TrackPointExtension>
        </extensions>
      </trkpt>
      <trkpt lat="51.424312703311443328857421875" lon="5.479327552020549774169921875">
        <ele>15</ele>
        <time>2026-06-21T17:56:11.000Z</time>
        <extensions>
          <ns3:TrackPointExtension>
            <ns3:hr>176</ns3:hr>
          </ns3:TrackPointExtension>
        </extensions>
      </trkpt>
      <trkpt lat="51.42423349432647228240966796875" lon="5.479306764900684356689453125">
        <ele>15.3999996185302734375</ele>
        <time>2026-06-21T17:56:17.000Z</time>
        <extensions>
          <ns3:TrackPointExtension>
            <ns3:hr>175</ns3:hr>
          </ns3:TrackPointExtension>
        </extensions>
      </trkpt>
      <trkpt lat="51.4241505973041057586669921875" lon="5.4793193377554416656494140625">
        <ele>15.3999996185302734375</ele>
        <time>2026-06-21T17:56:25.000Z</time>
        <extensions>
          <ns3:TrackPointExtension>
            <ns3:hr>176</ns3:hr>
          </ns3:TrackPointExtension>
        </extensions>
      </trkpt>
      <trkpt lat="51.42409536056220531463623046875" lon="5.4793627560138702392578125">
        <ele>15.6000003814697265625</ele>
        <time>2026-06-21T17:56:31.000Z</time>
        <extensions>
          <ns3:TrackPointExtension>
            <ns3:hr>175</ns3:hr>
          </ns3:TrackPointExtension>
        </extensions>
      </trkpt>
      <trkpt lat="51.4240439794957637786865234375" lon="5.479499213397502899169921875">
        <ele>15.3999996185302734375</ele>
        <time>2026-06-21T17:56:40.000Z</time>
        <extensions>
          <ns3:TrackPointExtension>
            <ns3:hr>176</ns3:hr>
          </ns3:TrackPointExtension>
        </extensions>
      </trkpt>
      <trkpt lat="51.42402327619493007659912109375" lon="5.47967053949832916259765625">
        <ele>15.6000003814697265625</ele>
        <time>2026-06-21T17:56:49.000Z</time>
        <extensions>
          <ns3:TrackPointExtension>
            <ns3:hr>177</ns3:hr>
          </ns3:TrackPointExtension>
        </extensions>
      </trkpt>
      <trkpt lat="51.423986814916133880615234375" lon="5.47983440570533275604248046875">
        <ele>15.80000019073486328125</ele>
        <time>2026-06-21T17:57:00.000Z</time>
        <extensions>
          <ns3:TrackPointExtension>
            <ns3:hr>176</ns3:hr>
          </ns3:TrackPointExtension>
        </extensions>
      </trkpt>
      <trkpt lat="51.4239635132253170013427734375" lon="5.47983608208596706390380859375">
        <ele>15.80000019073486328125</ele>
        <time>2026-06-21T17:57:02.000Z</time>
        <extensions>
          <ns3:TrackPointExtension>
            <ns3:hr>176</ns3:hr>
          </ns3:TrackPointExtension>
        </extensions>
      </trkpt>
      <trkpt lat="51.4239252917468547821044921875" lon="5.47983013093471527099609375">
        <ele>16</ele>
        <time>2026-06-21T17:57:05.000Z</time>
        <extensions>
          <ns3:TrackPointExtension>
            <ns3:hr>176</ns3:hr>
          </ns3:TrackPointExtension>
        </extensions>
      </trkpt>
      <trkpt lat="51.4238967932760715484619140625" lon="5.47982971183955669403076171875">
        <ele>16</ele>
        <time>2026-06-21T17:57:07.000Z</time>
        <extensions>
          <ns3:TrackPointExtension>
            <ns3:hr>175</ns3:hr>
          </ns3:TrackPointExtension>
        </extensions>
      </trkpt>
      <trkpt lat="51.42378372140228748321533203125" lon="5.479853264987468719482421875">
        <ele>16.3999996185302734375</ele>
        <time>2026-06-21T17:57:17.000Z</time>
        <extensions>
          <ns3:TrackPointExtension>
            <ns3:hr>172</ns3:hr>
          </ns3:TrackPointExtension>
        </extensions>
      </trkpt>
      <trkpt lat="51.42377483658492565155029296875" lon="5.4798562824726104736328125">
        <ele>16.3999996185302734375</ele>
        <time>2026-06-21T17:57:18.000Z</time>
        <extensions>
          <ns3:TrackPointExtension>
            <ns3:hr>173</ns3:hr>
          </ns3:TrackPointExtension>
        </extensions>
      </trkpt>
      <trkpt lat="51.423719264566898345947265625" lon="5.47987329773604869842529296875">
        <ele>16.3999996185302734375</ele>
        <time>2026-06-21T17:57:23.000Z</time>
        <extensions>
          <ns3:TrackPointExtension>
            <ns3:hr>176</ns3:hr>
          </ns3:TrackPointExtension>
        </extensions>
      </trkpt>
      <trkpt lat="51.4236880838871002197265625" lon="5.4798846133053302764892578125">
        <ele>16.3999996185302734375</ele>
        <time>2026-06-21T17:57:27.000Z</time>
        <extensions>
          <ns3:TrackPointExtension>
            <ns3:hr>179</ns3:hr>
          </ns3:TrackPointExtension>
        </extensions>
      </trkpt>
      <trkpt lat="51.423607282340526580810546875" lon="5.4799161292612552642822265625">
        <ele>16.3999996185302734375</ele>
        <time>2026-06-21T17:57:34.000Z</time>
        <extensions>
          <ns3:TrackPointExtension>
            <ns3:hr>179</ns3:hr>
          </ns3:TrackPointExtension>
        </extensions>
      </trkpt>
      <trkpt lat="51.4234890975058078765869140625" lon="5.4799815081059932708740234375">
        <ele>16.6000003814697265625</ele>
        <time>2026-06-21T17:57:45.000Z</time>
        <extensions>
          <ns3:TrackPointExtension>
            <ns3:hr>179</ns3:hr>
          </ns3:TrackPointExtension>
        </extensions>
      </trkpt>
      <trkpt lat="51.4233781211078166961669921875" lon="5.4800319671630859375">
        <ele>16.6000003814697265625</ele>
        <time>2026-06-21T17:57:54.000Z</time>
        <extensions>
          <ns3:TrackPointExtension>
            <ns3:hr>178</ns3:hr>
          </ns3:TrackPointExtension>
        </extensions>
      </trkpt>
      <trkpt lat="51.4233063720166683197021484375" lon="5.48008619807660579681396484375">
        <ele>16.6000003814697265625</ele>
        <time>2026-06-21T17:58:01.000Z</time>
        <extensions>
          <ns3:TrackPointExtension>
            <ns3:hr>176</ns3:hr>
          </ns3:TrackPointExtension>
        </extensions>
      </trkpt>
      <trkpt lat="51.423267312347888946533203125" lon="5.4801323823630809783935546875">
        <ele>16.6000003814697265625</ele>
        <time>2026-06-21T17:58:06.000Z</time>
        <extensions>
          <ns3:TrackPointExtension>
            <ns3:hr>179</ns3:hr>
          </ns3:TrackPointExtension>
        </extensions>
      </trkpt>
      <trkpt lat="51.4232178591191768646240234375" lon="5.48014470376074314117431640625">
        <ele>16.6000003814697265625</ele>
        <time>2026-06-21T17:58:11.000Z</time>
        <extensions>
          <ns3:TrackPointExtension>
            <ns3:hr>177</ns3:hr>
          </ns3:TrackPointExtension>
        </extensions>
      </trkpt>
      <trkpt lat="51.4230914600193500518798828125" lon="5.4802078194916248321533203125">
        <ele>16.799999237060546875</ele>
        <time>2026-06-21T17:58:23.000Z</time>
        <extensions>
          <ns3:TrackPointExtension>
            <ns3:hr>175</ns3:hr>
          </ns3:TrackPointExtension>
        </extensions>
      </trkpt>
      <trkpt lat="51.42305885441601276397705078125" lon="5.480346120893955230712890625">
        <ele>16.799999237060546875</ele>
        <time>2026-06-21T17:58:32.000Z</time>
        <extensions>
          <ns3:TrackPointExtension>
            <ns3:hr>176</ns3:hr>
          </ns3:TrackPointExtension>
        </extensions>
      </trkpt>
      <trkpt lat="51.42306514084339141845703125" lon="5.48045064322650432586669921875">
        <ele>16.799999237060546875</ele>
        <time>2026-06-21T17:58:38.000Z</time>
        <extensions>
          <ns3:TrackPointExtension>
            <ns3:hr>176</ns3:hr>
          </ns3:TrackPointExtension>
        </extensions>
      </trkpt>
      <trkpt lat="51.4230233989655971527099609375" lon="5.48052876256406307220458984375">
        <ele>16.799999237060546875</ele>
        <time>2026-06-21T17:58:43.000Z</time>
        <extensions>
          <ns3:TrackPointExtension>
            <ns3:hr>176</ns3:hr>
          </ns3:TrackPointExtension>
        </extensions>
      </trkpt>
      <trkpt lat="51.42299397848546504974365234375" lon="5.480549298226833343505859375">
        <ele>16.799999237060546875</ele>
        <time>2026-06-21T17:58:45.000Z</time>
        <extensions>
          <ns3:TrackPointExtension>
            <ns3:hr>177</ns3:hr>
          </ns3:TrackPointExtension>
        </extensions>
      </trkpt>
      <trkpt lat="51.422921977937221527099609375" lon="5.480571091175079345703125">
        <ele>17</ele>
        <time>2026-06-21T17:58:50.000Z</time>
        <extensions>
          <ns3:TrackPointExtension>
            <ns3:hr>176</ns3:hr>
          </ns3:TrackPointExtension>
        </extensions>
      </trkpt>
      <trkpt lat="51.42289021052420139312744140625" lon="5.4805789701640605926513671875">
        <ele>17</ele>
        <time>2026-06-21T17:58:53.000Z</time>
        <extensions>
          <ns3:TrackPointExtension>
            <ns3:hr>176</ns3:hr>
          </ns3:TrackPointExtension>
        </extensions>
      </trkpt>
      <trkpt lat="51.42278946004807949066162109375" lon="5.4805702529847621917724609375">
        <ele>16.799999237060546875</ele>
        <time>2026-06-21T17:59:01.000Z</time>
        <extensions>
          <ns3:TrackPointExtension>
            <ns3:hr>178</ns3:hr>
          </ns3:TrackPointExtension>
        </extensions>
      </trkpt>
      <trkpt lat="51.422714106738567352294921875" lon="5.4805161058902740478515625">
        <ele>16.799999237060546875</ele>
        <time>2026-06-21T17:59:08.000Z</time>
        <extensions>
          <ns3:TrackPointExtension>
            <ns3:hr>177</ns3:hr>
          </ns3:TrackPointExtension>
        </extensions>
      </trkpt>
      <trkpt lat="51.42263607122004032135009765625" lon="5.4805456101894378662109375">
        <ele>16.799999237060546875</ele>
        <time>2026-06-21T17:59:16.000Z</time>
        <extensions>
          <ns3:TrackPointExtension>
            <ns3:hr>178</ns3:hr>
          </ns3:TrackPointExtension>
        </extensions>
      </trkpt>
      <trkpt lat="51.42259030602872371673583984375" lon="5.48057578504085540771484375">
        <ele>16.799999237060546875</ele>
        <time>2026-06-21T17:59:21.000Z</time>
        <extensions>
          <ns3:TrackPointExtension>
            <ns3:hr>175</ns3:hr>
          </ns3:TrackPointExtension>
        </extensions>
      </trkpt>
      <trkpt lat="51.422526352107524871826171875" lon="5.4806114919483661651611328125">
        <ele>16.799999237060546875</ele>
        <time>2026-06-21T17:59:27.000Z</time>
        <extensions>
          <ns3:TrackPointExtension>
            <ns3:hr>174</ns3:hr>
          </ns3:TrackPointExtension>
        </extensions>
      </trkpt>
      <trkpt lat="51.42249944619834423065185546875" lon="5.4806171916425228118896484375">
        <ele>16.799999237060546875</ele>
        <time>2026-06-21T17:59:30.000Z</time>
        <extensions>
          <ns3:TrackPointExtension>
            <ns3:hr>177</ns3:hr>
          </ns3:TrackPointExtension>
        </extensions>
      </trkpt>
      <trkpt lat="51.4224054850637912750244140625" lon="5.4806466959416866302490234375">
        <ele>17</ele>
        <time>2026-06-21T17:59:37.000Z</time>
        <extensions>
          <ns3:TrackPointExtension>
            <ns3:hr>178</ns3:hr>
          </ns3:TrackPointExtension>
        </extensions>
      </trkpt>
      <trkpt lat="51.422318480908870697021484375" lon="5.48073948360979557037353515625">
        <ele>17</ele>
        <time>2026-06-21T17:59:45.000Z</time>
        <extensions>
          <ns3:TrackPointExtension>
            <ns3:hr>177</ns3:hr>
          </ns3:TrackPointExtension>
        </extensions>
      </trkpt>
      <trkpt lat="51.42224262468516826629638671875" lon="5.48078290186822414398193359375">
        <ele>17.200000762939453125</ele>
        <time>2026-06-21T17:59:53.000Z</time>
        <extensions>
          <ns3:TrackPointExtension>
            <ns3:hr>178</ns3:hr>
          </ns3:TrackPointExtension>
        </extensions>
      </trkpt>
      <trkpt lat="51.42219903878867626190185546875" lon="5.48078072257339954376220703125">
        <ele>18</ele>
        <time>2026-06-21T18:00:00.000Z</time>
        <extensions>
          <ns3:TrackPointExtension>
            <ns3:hr>176</ns3:hr>
          </ns3:TrackPointExtension>
        </extensions>
      </trkpt>
      <trkpt lat="51.42219468019902706146240234375" lon="5.48077804036438465118408203125">
        <ele>18</ele>
        <time>2026-06-21T18:00:01.000Z</time>
        <extensions>
          <ns3:TrackPointExtension>
            <ns3:hr>176</ns3:hr>
          </ns3:TrackPointExtension>
        </extensions>
      </trkpt>
      <trkpt lat="51.422159560024738311767578125" lon="5.48073244281113147735595703125">
        <ele>18</ele>
        <time>2026-06-21T18:00:08.000Z</time>
        <extensions>
          <ns3:TrackPointExtension>
            <ns3:hr>177</ns3:hr>
          </ns3:TrackPointExtension>
        </extensions>
      </trkpt>
      <trkpt lat="51.4221050776541233062744140625" lon="5.4806393198668956756591796875">
        <ele>17</ele>
        <time>2026-06-21T18:00:16.000Z</time>
        <extensions>
          <ns3:TrackPointExtension>
            <ns3:hr>178</ns3:hr>
          </ns3:TrackPointExtension>
        </extensions>
      </trkpt>
      <trkpt lat="51.4220648445188999176025390625" lon="5.4806597717106342315673828125">
        <ele>17</ele>
        <time>2026-06-21T18:00:20.000Z</time>
        <extensions>
          <ns3:TrackPointExtension>
            <ns3:hr>177</ns3:hr>
          </ns3:TrackPointExtension>
        </extensions>
      </trkpt>
      <trkpt lat="51.4220470748841762542724609375" lon="5.4806705005466938018798828125">
        <ele>16.799999237060546875</ele>
        <time>2026-06-21T18:00:22.000Z</time>
        <extensions>
          <ns3:TrackPointExtension>
            <ns3:hr>177</ns3:hr>
          </ns3:TrackPointExtension>
        </extensions>
      </trkpt>
      <trkpt lat="51.42196753062307834625244140625" lon="5.48063638620078563690185546875">
        <ele>16.799999237060546875</ele>
        <time>2026-06-21T18:00:30.000Z</time>
        <extensions>
          <ns3:TrackPointExtension>
            <ns3:hr>177</ns3:hr>
          </ns3:TrackPointExtension>
        </extensions>
      </trkpt>
      <trkpt lat="51.4219599030911922454833984375" lon="5.48061794601380825042724609375">
        <ele>16.799999237060546875</ele>
        <time>2026-06-21T18:00:31.000Z</time>
        <extensions>
          <ns3:TrackPointExtension>
            <ns3:hr>176</ns3:hr>
          </ns3:TrackPointExtension>
        </extensions>
      </trkpt>
      <trkpt lat="51.4219055883586406707763671875" lon="5.48050579614937305450439453125">
        <ele>16.799999237060546875</ele>
        <time>2026-06-21T18:00:39.000Z</time>
        <extensions>
          <ns3:TrackPointExtension>
            <ns3:hr>177</ns3:hr>
          </ns3:TrackPointExtension>
        </extensions>
      </trkpt>
      <trkpt lat="51.4218757487833499908447265625" lon="5.48043220303952693939208984375">
        <ele>16.6000003814697265625</ele>
        <time>2026-06-21T18:00:44.000Z</time>
        <extensions>
          <ns3:TrackPointExtension>
            <ns3:hr>177</ns3:hr>
          </ns3:TrackPointExtension>
        </extensions>
      </trkpt>
      <trkpt lat="51.421843729913234710693359375" lon="5.48027847893536090850830078125">
        <ele>16.200000762939453125</ele>
        <time>2026-06-21T18:00:53.000Z</time>
        <extensions>
          <ns3:TrackPointExtension>
            <ns3:hr>176</ns3:hr>
          </ns3:TrackPointExtension>
        </extensions>
      </trkpt>
      <trkpt lat="51.42182621173560619354248046875" lon="5.480212680995464324951171875">
        <ele>16.200000762939453125</ele>
        <time>2026-06-21T18:00:57.000Z</time>
        <extensions>
          <ns3:TrackPointExtension>
            <ns3:hr>173</ns3:hr>
          </ns3:TrackPointExtension>
        </extensions>
      </trkpt>
      <trkpt lat="51.4218051731586456298828125" lon="5.48011419363319873809814453125">
        <ele>16.200000762939453125</ele>
        <time>2026-06-21T18:01:03.000Z</time>
        <extensions>
          <ns3:TrackPointExtension>
            <ns3:hr>172</ns3:hr>
          </ns3:TrackPointExtension>
        </extensions>
      </trkpt>
      <trkpt lat="51.42178312875330448150634765625" lon="5.48001025803387165069580078125">
        <ele>16</ele>
        <time>2026-06-21T18:01:09.000Z</time>
        <extensions>
          <ns3:TrackPointExtension>
            <ns3:hr>175</ns3:hr>
          </ns3:TrackPointExtension>
        </extensions>
      </trkpt>
      <trkpt lat="51.4217731542885303497314453125" lon="5.47997773624956607818603515625">
        <ele>16</ele>
        <time>2026-06-21T18:01:11.000Z</time>
        <extensions>
          <ns3:TrackPointExtension>
            <ns3:hr>175</ns3:hr>
          </ns3:TrackPointExtension>
        </extensions>
      </trkpt>
      <trkpt lat="51.4217587374150753021240234375" lon="5.4799208231270313262939453125">
        <ele>15.80000019073486328125</ele>
        <time>2026-06-21T18:01:14.000Z</time>
        <extensions>
          <ns3:TrackPointExtension>
            <ns3:hr>173</ns3:hr>
          </ns3:TrackPointExtension>
        </extensions>
      </trkpt>
      <trkpt lat="51.42172697000205516815185546875" lon="5.47980993054807186126708984375">
        <ele>16</ele>
        <time>2026-06-21T18:01:21.000Z</time>
        <extensions>
          <ns3:TrackPointExtension>
            <ns3:hr>175</ns3:hr>
          </ns3:TrackPointExtension>
        </extensions>
      </trkpt>
      <trkpt lat="51.42168791033327579498291015625" lon="5.47965570352971553802490234375">
        <ele>16</ele>
        <time>2026-06-21T18:01:30.000Z</time>
        <extensions>
          <ns3:TrackPointExtension>
            <ns3:hr>176</ns3:hr>
          </ns3:TrackPointExtension>
        </extensions>
      </trkpt>
      <trkpt lat="51.42166963778436183929443359375" lon="5.4795691184699535369873046875">
        <ele>16</ele>
        <time>2026-06-21T18:01:35.000Z</time>
        <extensions>
          <ns3:TrackPointExtension>
            <ns3:hr>173</ns3:hr>
          </ns3:TrackPointExtension>
        </extensions>
      </trkpt>
      <trkpt lat="51.421643234789371490478515625" lon="5.479467026889324188232421875">
        <ele>16</ele>
        <time>2026-06-21T18:01:41.000Z</time>
        <extensions>
          <ns3:TrackPointExtension>
            <ns3:hr>172</ns3:hr>
          </ns3:TrackPointExtension>
        </extensions>
      </trkpt>
      <trkpt lat="51.42160912044346332550048828125" lon="5.4793629236519336700439453125">
        <ele>15.80000019073486328125</ele>
        <time>2026-06-21T18:01:48.000Z</time>
        <extensions>
          <ns3:TrackPointExtension>
            <ns3:hr>174</ns3:hr>
          </ns3:TrackPointExtension>
        </extensions>
      </trkpt>
      <trkpt lat="51.4215699769556522369384765625" lon="5.47920928336679935455322265625">
        <ele>15.80000019073486328125</ele>
        <time>2026-06-21T18:01:57.000Z</time>
        <extensions>
          <ns3:TrackPointExtension>
            <ns3:hr>174</ns3:hr>
          </ns3:TrackPointExtension>
        </extensions>
      </trkpt>
      <trkpt lat="51.4215341024100780487060546875" lon="5.47908070497214794158935546875">
        <ele>15.6000003814697265625</ele>
        <time>2026-06-21T18:02:05.000Z</time>
        <extensions>
          <ns3:TrackPointExtension>
            <ns3:hr>173</ns3:hr>
          </ns3:TrackPointExtension>
        </extensions>
      </trkpt>
      <trkpt lat="51.4214928634464740753173828125" lon="5.47890217043459415435791015625">
        <ele>15.6000003814697265625</ele>
        <time>2026-06-21T18:02:15.000Z</time>
        <extensions>
          <ns3:TrackPointExtension>
            <ns3:hr>173</ns3:hr>
          </ns3:TrackPointExtension>
        </extensions>
      </trkpt>
      <trkpt lat="51.42143628560006618499755859375" lon="5.4788221232593059539794921875">
        <ele>15.80000019073486328125</ele>
        <time>2026-06-21T18:02:23.000Z</time>
        <extensions>
          <ns3:TrackPointExtension>
            <ns3:hr>175</ns3:hr>
          </ns3:TrackPointExtension>
        </extensions>
      </trkpt>
      <trkpt lat="51.4213486947119235992431640625" lon="5.47882522456347942352294921875">
        <ele>16</ele>
        <time>2026-06-21T18:02:30.000Z</time>
        <extensions>
          <ns3:TrackPointExtension>
            <ns3:hr>174</ns3:hr>
          </ns3:TrackPointExtension>
        </extensions>
      </trkpt>
      <trkpt lat="51.42127585597336292266845703125" lon="5.4788888432085514068603515625">
        <ele>16</ele>
        <time>2026-06-21T18:02:37.000Z</time>
        <extensions>
          <ns3:TrackPointExtension>
            <ns3:hr>170</ns3:hr>
          </ns3:TrackPointExtension>
        </extensions>
      </trkpt>
      <trkpt lat="51.4212216250598430633544921875" lon="5.4789330996572971343994140625">
        <ele>16.3999996185302734375</ele>
        <time>2026-06-21T18:02:42.000Z</time>
        <extensions>
          <ns3:TrackPointExtension>
            <ns3:hr>168</ns3:hr>
          </ns3:TrackPointExtension>
        </extensions>
      </trkpt>
      <trkpt lat="51.421163789927959442138671875" lon="5.4789926111698150634765625">
        <ele>16</ele>
        <time>2026-06-21T18:02:48.000Z</time>
        <extensions>
          <ns3:TrackPointExtension>
            <ns3:hr>167</ns3:hr>
          </ns3:TrackPointExtension>
        </extensions>
      </trkpt>
      <trkpt lat="51.42106278799474239349365234375" lon="5.47904281876981258392333984375">
        <ele>15.80000019073486328125</ele>
        <time>2026-06-21T18:02:56.000Z</time>
        <extensions>
          <ns3:TrackPointExtension>
            <ns3:hr>167</ns3:hr>
          </ns3:TrackPointExtension>
        </extensions>
      </trkpt>
      <trkpt lat="51.42099321819841861724853515625" lon="5.47896889038383960723876953125">
        <ele>15.80000019073486328125</ele>
        <time>2026-06-21T18:03:03.000Z</time>
        <extensions>
          <ns3:TrackPointExtension>
            <ns3:hr>167</ns3:hr>
          </ns3:TrackPointExtension>
        </extensions>
      </trkpt>
      <trkpt lat="51.4209668152034282684326171875" lon="5.47884710133075714111328125">
        <ele>15.80000019073486328125</ele>
        <time>2026-06-21T18:03:10.000Z</time>
        <extensions>
          <ns3:TrackPointExtension>
            <ns3:hr>165</ns3:hr>
          </ns3:TrackPointExtension>
        </extensions>
      </trkpt>
      <trkpt lat="51.42093789763748645782470703125" lon="5.47871843911707401275634765625">
        <ele>15.6000003814697265625</ele>
        <time>2026-06-21T18:03:18.000Z</time>
        <extensions>
          <ns3:TrackPointExtension>
            <ns3:hr>165</ns3:hr>
          </ns3:TrackPointExtension>
        </extensions>
      </trkpt>
      <trkpt lat="51.4208878576755523681640625" lon="5.47857963480055332183837890625">
        <ele>15.80000019073486328125</ele>
        <time>2026-06-21T18:03:27.000Z</time>
        <extensions>
          <ns3:TrackPointExtension>
            <ns3:hr>168</ns3:hr>
          </ns3:TrackPointExtension>
        </extensions>
      </trkpt>
      <trkpt lat="51.42088827677071094512939453125" lon="5.47856555320322513580322265625">
        <ele>15.80000019073486328125</ele>
        <time>2026-06-21T18:03:28.000Z</time>
        <extensions>
          <ns3:TrackPointExtension>
            <ns3:hr>168</ns3:hr>
          </ns3:TrackPointExtension>
        </extensions>
      </trkpt>
      <trkpt lat="51.42087989486753940582275390625" lon="5.47853152267634868621826171875">
        <ele>15.80000019073486328125</ele>
        <time>2026-06-21T18:03:30.000Z</time>
        <extensions>
          <ns3:TrackPointExtension>
            <ns3:hr>172</ns3:hr>
          </ns3:TrackPointExtension>
        </extensions>
      </trkpt>
      <trkpt lat="51.42084217630326747894287109375" lon="5.478417612612247467041015625">
        <ele>15.6000003814697265625</ele>
        <time>2026-06-21T18:03:36.000Z</time>
        <extensions>
          <ns3:TrackPointExtension>
            <ns3:hr>173</ns3:hr>
          </ns3:TrackPointExtension>
        </extensions>
      </trkpt>
      <trkpt lat="51.42081820406019687652587890625" lon="5.478335805237293243408203125">
        <ele>15.6000003814697265625</ele>
        <time>2026-06-21T18:03:41.000Z</time>
        <extensions>
          <ns3:TrackPointExtension>
            <ns3:hr>170</ns3:hr>
          </ns3:TrackPointExtension>
        </extensions>
      </trkpt>
      <trkpt lat="51.4208035357296466827392578125" lon="5.47823899425566196441650390625">
        <ele>15.3999996185302734375</ele>
        <time>2026-06-21T18:03:47.000Z</time>
        <extensions>
          <ns3:TrackPointExtension>
            <ns3:hr>169</ns3:hr>
          </ns3:TrackPointExtension>
        </extensions>
      </trkpt>
      <trkpt lat="51.4207894541323184967041015625" lon="5.4781740345060825347900390625">
        <ele>15.3999996185302734375</ele>
        <time>2026-06-21T18:03:51.000Z</time>
        <extensions>
          <ns3:TrackPointExtension>
            <ns3:hr>173</ns3:hr>
          </ns3:TrackPointExtension>
        </extensions>
      </trkpt>
      <trkpt lat="51.42076539807021617889404296875" lon="5.47809080220758914947509765625">
        <ele>15.6000003814697265625</ele>
        <time>2026-06-21T18:03:56.000Z</time>
        <extensions>
          <ns3:TrackPointExtension>
            <ns3:hr>175</ns3:hr>
          </ns3:TrackPointExtension>
        </extensions>
      </trkpt>
      <trkpt lat="51.42072181217372417449951171875" lon="5.47791159711778163909912109375">
        <ele>15.3999996185302734375</ele>
        <time>2026-06-21T18:04:06.000Z</time>
        <extensions>
          <ns3:TrackPointExtension>
            <ns3:hr>176</ns3:hr>
          </ns3:TrackPointExtension>
        </extensions>
      </trkpt>
      <trkpt lat="51.42065961845219135284423828125" lon="5.4777432046830654144287109375">
        <ele>15.3999996185302734375</ele>
        <time>2026-06-21T18:04:17.000Z</time>
        <extensions>
          <ns3:TrackPointExtension>
            <ns3:hr>175</ns3:hr>
          </ns3:TrackPointExtension>
        </extensions>
      </trkpt>
      <trkpt lat="51.42062055878341197967529296875" lon="5.47759023495018482208251953125">
        <ele>15.3999996185302734375</ele>
        <time>2026-06-21T18:04:26.000Z</time>
        <extensions>
          <ns3:TrackPointExtension>
            <ns3:hr>176</ns3:hr>
          </ns3:TrackPointExtension>
        </extensions>
      </trkpt>
      <trkpt lat="51.420584432780742645263671875" lon="5.477432571351528167724609375">
        <ele>15.3999996185302734375</ele>
        <time>2026-06-21T18:04:36.000Z</time>
        <extensions>
          <ns3:TrackPointExtension>
            <ns3:hr>175</ns3:hr>
          </ns3:TrackPointExtension>
        </extensions>
      </trkpt>
      <trkpt lat="51.4205418527126312255859375" lon="5.4772557131946086883544921875">
        <ele>15.3999996185302734375</ele>
        <time>2026-06-21T18:04:47.000Z</time>
        <extensions>
          <ns3:TrackPointExtension>
            <ns3:hr>175</ns3:hr>
          </ns3:TrackPointExtension>
        </extensions>
      </trkpt>
      <trkpt lat="51.42049332149326801300048828125" lon="5.4771078564226627349853515625">
        <ele>15.3999996185302734375</ele>
        <time>2026-06-21T18:04:55.000Z</time>
        <extensions>
          <ns3:TrackPointExtension>
            <ns3:hr>175</ns3:hr>
          </ns3:TrackPointExtension>
        </extensions>
      </trkpt>
      <trkpt lat="51.4204504899680614471435546875" lon="5.47692663967609405517578125">
        <ele>15.6000003814697265625</ele>
        <time>2026-06-21T18:05:05.000Z</time>
        <extensions>
          <ns3:TrackPointExtension>
            <ns3:hr>175</ns3:hr>
          </ns3:TrackPointExtension>
        </extensions>
      </trkpt>
      <trkpt lat="51.42041738145053386688232421875" lon="5.47678339295089244842529296875">
        <ele>15.80000019073486328125</ele>
        <time>2026-06-21T18:05:14.000Z</time>
        <extensions>
          <ns3:TrackPointExtension>
            <ns3:hr>176</ns3:hr>
          </ns3:TrackPointExtension>
        </extensions>
      </trkpt>
      <trkpt lat="51.4203603006899356842041015625" lon="5.4766096360981464385986328125">
        <ele>15.80000019073486328125</ele>
        <time>2026-06-21T18:05:25.000Z</time>
        <extensions>
          <ns3:TrackPointExtension>
            <ns3:hr>176</ns3:hr>
          </ns3:TrackPointExtension>
        </extensions>
      </trkpt>
      <trkpt lat="51.4203227497637271881103515625" lon="5.4764755256474018096923828125">
        <ele>15.6000003814697265625</ele>
        <time>2026-06-21T18:05:33.000Z</time>
        <extensions>
          <ns3:TrackPointExtension>
            <ns3:hr>175</ns3:hr>
          </ns3:TrackPointExtension>
        </extensions>
      </trkpt>
      <trkpt lat="51.4202682673931121826171875" lon="5.4762969911098480224609375">
        <ele>15.6000003814697265625</ele>
        <time>2026-06-21T18:05:43.000Z</time>
        <extensions>
          <ns3:TrackPointExtension>
            <ns3:hr>177</ns3:hr>
          </ns3:TrackPointExtension>
        </extensions>
      </trkpt>
      <trkpt lat="51.42022342421114444732666015625" lon="5.4761479608714580535888671875">
        <ele>15.6000003814697265625</ele>
        <time>2026-06-21T18:05:52.000Z</time>
        <extensions>
          <ns3:TrackPointExtension>
            <ns3:hr>179</ns3:hr>
          </ns3:TrackPointExtension>
        </extensions>
      </trkpt>
      <trkpt lat="51.420179419219493865966796875" lon="5.4759856872260570526123046875">
        <ele>15.6000003814697265625</ele>
        <time>2026-06-21T18:06:02.000Z</time>
        <extensions>
          <ns3:TrackPointExtension>
            <ns3:hr>177</ns3:hr>
          </ns3:TrackPointExtension>
        </extensions>
      </trkpt>
      <trkpt lat="51.42015402205288410186767578125" lon="5.475890636444091796875">
        <ele>15.6000003814697265625</ele>
        <time>2026-06-21T18:06:08.000Z</time>
        <extensions>
          <ns3:TrackPointExtension>
            <ns3:hr>174</ns3:hr>
          </ns3:TrackPointExtension>
        </extensions>
      </trkpt>
      <trkpt lat="51.4201286248862743377685546875" lon="5.47579365782439708709716796875">
        <ele>15.80000019073486328125</ele>
        <time>2026-06-21T18:06:14.000Z</time>
        <extensions>
          <ns3:TrackPointExtension>
            <ns3:hr>175</ns3:hr>
          </ns3:TrackPointExtension>
        </extensions>
      </trkpt>
      <trkpt lat="51.420047320425510406494140625" lon="5.47556248493492603302001953125">
        <ele>15.80000019073486328125</ele>
        <time>2026-06-21T18:06:27.000Z</time>
        <extensions>
          <ns3:TrackPointExtension>
            <ns3:hr>176</ns3:hr>
          </ns3:TrackPointExtension>
        </extensions>
      </trkpt>
      <trkpt lat="51.42001010477542877197265625" lon="5.47541982494294643402099609375">
        <ele>15.80000019073486328125</ele>
        <time>2026-06-21T18:06:36.000Z</time>
        <extensions>
          <ns3:TrackPointExtension>
            <ns3:hr>176</ns3:hr>
          </ns3:TrackPointExtension>
        </extensions>
      </trkpt>
      <trkpt lat="51.41997330822050571441650390625" lon="5.475285463035106658935546875">
        <ele>16</ele>
        <time>2026-06-21T18:06:44.000Z</time>
        <extensions>
          <ns3:TrackPointExtension>
            <ns3:hr>177</ns3:hr>
          </ns3:TrackPointExtension>
        </extensions>
      </trkpt>
      <trkpt lat="51.41992452554404735565185546875" lon="5.475150682032108306884765625">
        <ele>16</ele>
        <time>2026-06-21T18:06:53.000Z</time>
        <extensions>
          <ns3:TrackPointExtension>
            <ns3:hr>177</ns3:hr>
          </ns3:TrackPointExtension>
        </extensions>
      </trkpt>
      <trkpt lat="51.41986124217510223388671875" lon="5.47503878362476825714111328125">
        <ele>16</ele>
        <time>2026-06-21T18:07:01.000Z</time>
        <extensions>
          <ns3:TrackPointExtension>
            <ns3:hr>177</ns3:hr>
          </ns3:TrackPointExtension>
        </extensions>
      </trkpt>
      <trkpt lat="51.41979846172034740447998046875" lon="5.47498262487351894378662109375">
        <ele>15.6000003814697265625</ele>
        <time>2026-06-21T18:07:08.000Z</time>
        <extensions>
          <ns3:TrackPointExtension>
            <ns3:hr>174</ns3:hr>
          </ns3:TrackPointExtension>
        </extensions>
      </trkpt>
      <trkpt lat="51.41978421248495578765869140625" lon="5.474986732006072998046875">
        <ele>15.80000019073486328125</ele>
        <time>2026-06-21T18:07:10.000Z</time>
        <extensions>
          <ns3:TrackPointExtension>
            <ns3:hr>173</ns3:hr>
          </ns3:TrackPointExtension>
        </extensions>
      </trkpt>
      <trkpt lat="51.419719755649566650390625" lon="5.47500626184046268463134765625">
        <ele>15.6000003814697265625</ele>
        <time>2026-06-21T18:07:15.000Z</time>
        <extensions>
          <ns3:TrackPointExtension>
            <ns3:hr>174</ns3:hr>
          </ns3:TrackPointExtension>
        </extensions>
      </trkpt>
      <trkpt lat="51.419708691537380218505859375" lon="5.4750202596187591552734375">
        <ele>15.6000003814697265625</ele>
        <time>2026-06-21T18:07:16.000Z</time>
        <extensions>
          <ns3:TrackPointExtension>
            <ns3:hr>175</ns3:hr>
          </ns3:TrackPointExtension>
        </extensions>
      </trkpt>
      <trkpt lat="51.41964373178780078887939453125" lon="5.47515495680272579193115234375">
        <ele>15.6000003814697265625</ele>
        <time>2026-06-21T18:07:24.000Z</time>
        <extensions>
          <ns3:TrackPointExtension>
            <ns3:hr>176</ns3:hr>
          </ns3:TrackPointExtension>
        </extensions>
      </trkpt>
      <trkpt lat="51.41958296298980712890625" lon="5.47529711388051509857177734375">
        <ele>16.200000762939453125</ele>
        <time>2026-06-21T18:07:34.000Z</time>
        <extensions>
          <ns3:TrackPointExtension>
            <ns3:hr>176</ns3:hr>
          </ns3:TrackPointExtension>
        </extensions>
      </trkpt>
      <trkpt lat="51.41949872486293315887451171875" lon="5.475428290665149688720703125">
        <ele>15.6000003814697265625</ele>
        <time>2026-06-21T18:07:44.000Z</time>
        <extensions>
          <ns3:TrackPointExtension>
            <ns3:hr>176</ns3:hr>
          </ns3:TrackPointExtension>
        </extensions>
      </trkpt>
      <trkpt lat="51.4194024167954921722412109375" lon="5.47555242665112018585205078125">
        <ele>15.6000003814697265625</ele>
        <time>2026-06-21T18:07:54.000Z</time>
        <extensions>
          <ns3:TrackPointExtension>
            <ns3:hr>180</ns3:hr>
          </ns3:TrackPointExtension>
        </extensions>
      </trkpt>
      <trkpt lat="51.41939395107328891754150390625" lon="5.47556282021105289459228515625">
        <ele>15.6000003814697265625</ele>
        <time>2026-06-21T18:07:55.000Z</time>
        <extensions>
          <ns3:TrackPointExtension>
            <ns3:hr>184</ns3:hr>
          </ns3:TrackPointExtension>
        </extensions>
      </trkpt>
      <trkpt lat="51.4193853177130222320556640625" lon="5.47557187266647815704345703125">
        <ele>15.6000003814697265625</ele>
        <time>2026-06-21T18:07:56.000Z</time>
        <extensions>
          <ns3:TrackPointExtension>
            <ns3:hr>184</ns3:hr>
          </ns3:TrackPointExtension>
        </extensions>
      </trkpt>
      <trkpt lat="51.419315747916698455810546875" lon="5.4756785742938518524169921875">
        <ele>15.6000003814697265625</ele>
        <time>2026-06-21T18:08:05.000Z</time>
        <extensions>
          <ns3:TrackPointExtension>
            <ns3:hr>183</ns3:hr>
          </ns3:TrackPointExtension>
        </extensions>
      </trkpt>
      <trkpt lat="51.41922128386795520782470703125" lon="5.47580145299434661865234375">
        <ele>15.6000003814697265625</ele>
        <time>2026-06-21T18:08:15.000Z</time>
        <extensions>
          <ns3:TrackPointExtension>
            <ns3:hr>183</ns3:hr>
          </ns3:TrackPointExtension>
        </extensions>
      </trkpt>
      <trkpt lat="51.4191580004990100860595703125" lon="5.4758924804627895355224609375">
        <ele>15.6000003814697265625</ele>
        <time>2026-06-21T18:08:24.000Z</time>
        <extensions>
          <ns3:TrackPointExtension>
            <ns3:hr>181</ns3:hr>
          </ns3:TrackPointExtension>
        </extensions>
      </trkpt>
      <trkpt lat="51.41906186006963253021240234375" lon="5.47594252042472362518310546875">
        <ele>15.6000003814697265625</ele>
        <time>2026-06-21T18:08:32.000Z</time>
        <extensions>
          <ns3:TrackPointExtension>
            <ns3:hr>180</ns3:hr>
          </ns3:TrackPointExtension>
        </extensions>
      </trkpt>
      <trkpt lat="51.4189571700990200042724609375" lon="5.4758656583726406097412109375">
        <ele>15.80000019073486328125</ele>
        <time>2026-06-21T18:08:41.000Z</time>
        <extensions>
          <ns3:TrackPointExtension>
            <ns3:hr>178</ns3:hr>
          </ns3:TrackPointExtension>
        </extensions>
      </trkpt>
      <trkpt lat="51.41892674379050731658935546875" lon="5.47582651488482952117919921875">
        <ele>15.80000019073486328125</ele>
        <time>2026-06-21T18:08:44.000Z</time>
        <extensions>
          <ns3:TrackPointExtension>
            <ns3:hr>173</ns3:hr>
          </ns3:TrackPointExtension>
        </extensions>
      </trkpt>
      <trkpt lat="51.41888047568500041961669921875" lon="5.47576650045812129974365234375">
        <ele>16</ele>
        <time>2026-06-21T18:08:50.000Z</time>
        <extensions>
          <ns3:TrackPointExtension>
            <ns3:hr>174</ns3:hr>
          </ns3:TrackPointExtension>
        </extensions>
      </trkpt>
      <trkpt lat="51.4188193716108798980712890625" lon="5.4757144488394260406494140625">
        <ele>16</ele>
        <time>2026-06-21T18:08:57.000Z</time>
        <extensions>
          <ns3:TrackPointExtension>
            <ns3:hr>173</ns3:hr>
          </ns3:TrackPointExtension>
        </extensions>
      </trkpt>
      <trkpt lat="51.41874686814844608306884765625" lon="5.4756532609462738037109375">
        <ele>16</ele>
        <time>2026-06-21T18:09:03.000Z</time>
        <extensions>
          <ns3:TrackPointExtension>
            <ns3:hr>176</ns3:hr>
          </ns3:TrackPointExtension>
        </extensions>
      </trkpt>
      <trkpt lat="51.4187355525791645050048828125" lon="5.47564328648149967193603515625">
        <ele>15.80000019073486328125</ele>
        <time>2026-06-21T18:09:05.000Z</time>
        <extensions>
          <ns3:TrackPointExtension>
            <ns3:hr>177</ns3:hr>
          </ns3:TrackPointExtension>
        </extensions>
      </trkpt>
      <trkpt lat="51.4186165295541286468505859375" lon="5.47555443830788135528564453125">
        <ele>16</ele>
        <time>2026-06-21T18:09:16.000Z</time>
        <extensions>
          <ns3:TrackPointExtension>
            <ns3:hr>177</ns3:hr>
          </ns3:TrackPointExtension>
        </extensions>
      </trkpt>
      <trkpt lat="51.4185454510152339935302734375" lon="5.47550682909786701202392578125">
        <ele>15.80000019073486328125</ele>
        <time>2026-06-21T18:09:23.000Z</time>
        <extensions>
          <ns3:TrackPointExtension>
            <ns3:hr>172</ns3:hr>
          </ns3:TrackPointExtension>
        </extensions>
      </trkpt>
      <trkpt lat="51.418529860675334930419921875" lon="5.47550012357532978057861328125">
        <ele>15.80000019073486328125</ele>
        <time>2026-06-21T18:09:24.000Z</time>
        <extensions>
          <ns3:TrackPointExtension>
            <ns3:hr>168</ns3:hr>
          </ns3:TrackPointExtension>
        </extensions>
      </trkpt>
      <trkpt lat="51.41851100139319896697998046875" lon="5.47549174167215824127197265625">
        <ele>16</ele>
        <time>2026-06-21T18:09:25.000Z</time>
        <extensions>
          <ns3:TrackPointExtension>
            <ns3:hr>167</ns3:hr>
          </ns3:TrackPointExtension>
        </extensions>
      </trkpt>
      <trkpt lat="51.418437659740447998046875" lon="5.4754574596881866455078125">
        <ele>16</ele>
        <time>2026-06-21T18:09:33.000Z</time>
        <extensions>
          <ns3:TrackPointExtension>
            <ns3:hr>167</ns3:hr>
          </ns3:TrackPointExtension>
        </extensions>
      </trkpt>
      <trkpt lat="51.41832861118018627166748046875" lon="5.4754066653549671173095703125">
        <ele>15.80000019073486328125</ele>
        <time>2026-06-21T18:09:43.000Z</time>
        <extensions>
          <ns3:TrackPointExtension>
            <ns3:hr>167</ns3:hr>
          </ns3:TrackPointExtension>
        </extensions>
      </trkpt>
      <trkpt lat="51.4182271063327789306640625" lon="5.47540205530822277069091796875">
        <ele>16</ele>
        <time>2026-06-21T18:09:54.000Z</time>
        <extensions>
          <ns3:TrackPointExtension>
            <ns3:hr>168</ns3:hr>
          </ns3:TrackPointExtension>
        </extensions>
      </trkpt>
      <trkpt lat="51.4180911518633365631103515625" lon="5.47549140639603137969970703125">
        <ele>16</ele>
        <time>2026-06-21T18:10:05.000Z</time>
        <extensions>
          <ns3:TrackPointExtension>
            <ns3:hr>167</ns3:hr>
          </ns3:TrackPointExtension>
        </extensions>
      </trkpt>
      <trkpt lat="51.4179721288383007049560546875" lon="5.47559718601405620574951171875">
        <ele>15.80000019073486328125</ele>
        <time>2026-06-21T18:10:15.000Z</time>
        <extensions>
          <ns3:TrackPointExtension>
            <ns3:hr>166</ns3:hr>
          </ns3:TrackPointExtension>
        </extensions>
      </trkpt>
      <trkpt lat="51.41790716908872127532958984375" lon="5.4756963439285755157470703125">
        <ele>15.80000019073486328125</ele>
        <time>2026-06-21T18:10:23.000Z</time>
        <extensions>
          <ns3:TrackPointExtension>
            <ns3:hr>165</ns3:hr>
          </ns3:TrackPointExtension>
        </extensions>
      </trkpt>
      <trkpt lat="51.41785134561359882354736328125" lon="5.4757768101990222930908203125">
        <ele>16</ele>
        <time>2026-06-21T18:10:31.000Z</time>
        <extensions>
          <ns3:TrackPointExtension>
            <ns3:hr>165</ns3:hr>
          </ns3:TrackPointExtension>
        </extensions>
      </trkpt>
      <trkpt lat="51.41778328455984592437744140625" lon="5.4758726991713047027587890625">
        <ele>15.80000019073486328125</ele>
        <time>2026-06-21T18:10:40.000Z</time>
        <extensions>
          <ns3:TrackPointExtension>
            <ns3:hr>166</ns3:hr>
          </ns3:TrackPointExtension>
        </extensions>
      </trkpt>
      <trkpt lat="51.41776517964899539947509765625" lon="5.4758946597576141357421875">
        <ele>15.80000019073486328125</ele>
        <time>2026-06-21T18:10:42.000Z</time>
        <extensions>
          <ns3:TrackPointExtension>
            <ns3:hr>171</ns3:hr>
          </ns3:TrackPointExtension>
        </extensions>
      </trkpt>
      <trkpt lat="51.41775847412645816802978515625" lon="5.47590597532689571380615234375">
        <ele>15.80000019073486328125</ele>
        <time>2026-06-21T18:10:43.000Z</time>
        <extensions>
          <ns3:TrackPointExtension>
            <ns3:hr>175</ns3:hr>
          </ns3:TrackPointExtension>
        </extensions>
      </trkpt>
      <trkpt lat="51.4177511818706989288330078125" lon="5.47591620124876499176025390625">
        <ele>15.80000019073486328125</ele>
        <time>2026-06-21T18:10:44.000Z</time>
        <extensions>
          <ns3:TrackPointExtension>
            <ns3:hr>175</ns3:hr>
          </ns3:TrackPointExtension>
        </extensions>
      </trkpt>
      <trkpt lat="51.41769401729106903076171875" lon="5.4759685881435871124267578125">
        <ele>16</ele>
        <time>2026-06-21T18:10:51.000Z</time>
        <extensions>
          <ns3:TrackPointExtension>
            <ns3:hr>176</ns3:hr>
          </ns3:TrackPointExtension>
        </extensions>
      </trkpt>
      <trkpt lat="51.4176308177411556243896484375" lon="5.47604545019567012786865234375">
        <ele>15.80000019073486328125</ele>
        <time>2026-06-21T18:10:59.000Z</time>
        <extensions>
          <ns3:TrackPointExtension>
            <ns3:hr>177</ns3:hr>
          </ns3:TrackPointExtension>
        </extensions>
      </trkpt>
      <trkpt lat="51.4175537042319774627685546875" lon="5.47616631723940372467041015625">
        <ele>15.6000003814697265625</ele>
        <time>2026-06-21T18:11:07.000Z</time>
        <extensions>
          <ns3:TrackPointExtension>
            <ns3:hr>177</ns3:hr>
          </ns3:TrackPointExtension>
        </extensions>
      </trkpt>
      <trkpt lat="51.41744901426136493682861328125" lon="5.4762210510671138763427734375">
        <ele>16.200000762939453125</ele>
        <time>2026-06-21T18:11:17.000Z</time>
        <extensions>
          <ns3:TrackPointExtension>
            <ns3:hr>174</ns3:hr>
          </ns3:TrackPointExtension>
        </extensions>
      </trkpt>
      <trkpt lat="51.417391598224639892578125" lon="5.4762123338878154754638671875">
        <ele>16.3999996185302734375</ele>
        <time>2026-06-21T18:11:25.000Z</time>
        <extensions>
          <ns3:TrackPointExtension>
            <ns3:hr>174</ns3:hr>
          </ns3:TrackPointExtension>
        </extensions>
      </trkpt>
      <trkpt lat="51.417296044528484344482421875" lon="5.47623069025576114654541015625">
        <ele>16.3999996185302734375</ele>
        <time>2026-06-21T18:11:32.000Z</time>
        <extensions>
          <ns3:TrackPointExtension>
            <ns3:hr>174</ns3:hr>
          </ns3:TrackPointExtension>
        </extensions>
      </trkpt>
      <trkpt lat="51.41724952496588230133056640625" lon="5.47624401748180389404296875">
        <ele>16.799999237060546875</ele>
        <time>2026-06-21T18:11:37.000Z</time>
        <extensions>
          <ns3:TrackPointExtension>
            <ns3:hr>177</ns3:hr>
          </ns3:TrackPointExtension>
        </extensions>
      </trkpt>
      <trkpt lat="51.41723510809242725372314453125" lon="5.47627779655158519744873046875">
        <ele>16.799999237060546875</ele>
        <time>2026-06-21T18:11:39.000Z</time>
        <extensions>
          <ns3:TrackPointExtension>
            <ns3:hr>178</ns3:hr>
          </ns3:TrackPointExtension>
        </extensions>
      </trkpt>
      <trkpt lat="51.4172185957431793212890625" lon="5.4763910360634326934814453125">
        <ele>16.6000003814697265625</ele>
        <time>2026-06-21T18:11:47.000Z</time>
        <extensions>
          <ns3:TrackPointExtension>
            <ns3:hr>177</ns3:hr>
          </ns3:TrackPointExtension>
        </extensions>
      </trkpt>
      <trkpt lat="51.41722219996154308319091796875" lon="5.47654367052018642425537109375">
        <ele>17</ele>
        <time>2026-06-21T18:11:54.000Z</time>
        <extensions>
          <ns3:TrackPointExtension>
            <ns3:hr>177</ns3:hr>
          </ns3:TrackPointExtension>
        </extensions>
      </trkpt>
      <trkpt lat="51.41725480556488037109375" lon="5.47664877958595752716064453125">
        <ele>16.3999996185302734375</ele>
        <time>2026-06-21T18:12:01.000Z</time>
        <extensions>
          <ns3:TrackPointExtension>
            <ns3:hr>179</ns3:hr>
          </ns3:TrackPointExtension>
        </extensions>
      </trkpt>
      <trkpt lat="51.4172345213592052459716796875" lon="5.47680049203336238861083984375">
        <ele>16.6000003814697265625</ele>
        <time>2026-06-21T18:12:09.000Z</time>
        <extensions>
          <ns3:TrackPointExtension>
            <ns3:hr>178</ns3:hr>
          </ns3:TrackPointExtension>
        </extensions>
      </trkpt>
      <trkpt lat="51.4172132313251495361328125" lon="5.4769539646804332733154296875">
        <ele>16.799999237060546875</ele>
        <time>2026-06-21T18:12:18.000Z</time>
        <extensions>
          <ns3:TrackPointExtension>
            <ns3:hr>179</ns3:hr>
          </ns3:TrackPointExtension>
        </extensions>
      </trkpt>
      <trkpt lat="51.417209543287754058837890625" lon="5.477085895836353302001953125">
        <ele>16.799999237060546875</ele>
        <time>2026-06-21T18:12:26.000Z</time>
        <extensions>
          <ns3:TrackPointExtension>
            <ns3:hr>178</ns3:hr>
          </ns3:TrackPointExtension>
        </extensions>
      </trkpt>
      <trkpt lat="51.4171998202800750732421875" lon="5.4772795177996158599853515625">
        <ele>16.799999237060546875</ele>
        <time>2026-06-21T18:12:36.000Z</time>
        <extensions>
          <ns3:TrackPointExtension>
            <ns3:hr>178</ns3:hr>
          </ns3:TrackPointExtension>
        </extensions>
      </trkpt>
      <trkpt lat="51.41717777587473392486572265625" lon="5.47742729075253009796142578125">
        <ele>16.6000003814697265625</ele>
        <time>2026-06-21T18:12:45.000Z</time>
        <extensions>
          <ns3:TrackPointExtension>
            <ns3:hr>179</ns3:hr>
          </ns3:TrackPointExtension>
        </extensions>
      </trkpt>
      <trkpt lat="51.4171513728797435760498046875" lon="5.47754488885402679443359375">
        <ele>16.6000003814697265625</ele>
        <time>2026-06-21T18:12:51.000Z</time>
        <extensions>
          <ns3:TrackPointExtension>
            <ns3:hr>176</ns3:hr>
          </ns3:TrackPointExtension>
        </extensions>
      </trkpt>
      <trkpt lat="51.41714273951947689056396484375" lon="5.47757112421095371246337890625">
        <ele>16.799999237060546875</ele>
        <time>2026-06-21T18:12:53.000Z</time>
        <extensions>
          <ns3:TrackPointExtension>
            <ns3:hr>174</ns3:hr>
          </ns3:TrackPointExtension>
        </extensions>
      </trkpt>
      <trkpt lat="51.41711692325770854949951171875" lon="5.477718897163867950439453125">
        <ele>16.6000003814697265625</ele>
        <time>2026-06-21T18:13:02.000Z</time>
        <extensions>
          <ns3:TrackPointExtension>
            <ns3:hr>177</ns3:hr>
          </ns3:TrackPointExtension>
        </extensions>
      </trkpt>
      <trkpt lat="51.41711591742932796478271484375" lon="5.47786868177354335784912109375">
        <ele>16.799999237060546875</ele>
        <time>2026-06-21T18:13:11.000Z</time>
        <extensions>
          <ns3:TrackPointExtension>
            <ns3:hr>178</ns3:hr>
          </ns3:TrackPointExtension>
        </extensions>
      </trkpt>
      <trkpt lat="51.41709395684301853179931640625" lon="5.4780295304954051971435546875">
        <ele>16.799999237060546875</ele>
        <time>2026-06-21T18:13:19.000Z</time>
        <extensions>
          <ns3:TrackPointExtension>
            <ns3:hr>177</ns3:hr>
          </ns3:TrackPointExtension>
        </extensions>
      </trkpt>
      <trkpt lat="51.4170779474079608917236328125" lon="5.47820362262427806854248046875">
        <ele>16.6000003814697265625</ele>
        <time>2026-06-21T18:13:29.000Z</time>
        <extensions>
          <ns3:TrackPointExtension>
            <ns3:hr>177</ns3:hr>
          </ns3:TrackPointExtension>
        </extensions>
      </trkpt>
      <trkpt lat="51.417067050933837890625" lon="5.478329099714756011962890625">
        <ele>17</ele>
        <time>2026-06-21T18:13:36.000Z</time>
        <extensions>
          <ns3:TrackPointExtension>
            <ns3:hr>177</ns3:hr>
          </ns3:TrackPointExtension>
        </extensions>
      </trkpt>
      <trkpt lat="51.41705556772649288177490234375" lon="5.47846966423094272613525390625">
        <ele>16.799999237060546875</ele>
        <time>2026-06-21T18:13:44.000Z</time>
        <extensions>
          <ns3:TrackPointExtension>
            <ns3:hr>176</ns3:hr>
          </ns3:TrackPointExtension>
        </extensions>
      </trkpt>
      <trkpt lat="51.41703980974853038787841796875" lon="5.4786387272179126739501953125">
        <ele>16.3999996185302734375</ele>
        <time>2026-06-21T18:13:53.000Z</time>
        <extensions>
          <ns3:TrackPointExtension>
            <ns3:hr>177</ns3:hr>
          </ns3:TrackPointExtension>
        </extensions>
      </trkpt>
      <trkpt lat="51.417008377611637115478515625" lon="5.478790104389190673828125">
        <ele>16.3999996185302734375</ele>
        <time>2026-06-21T18:14:02.000Z</time>
        <extensions>
          <ns3:TrackPointExtension>
            <ns3:hr>176</ns3:hr>
          </ns3:TrackPointExtension>
        </extensions>
      </trkpt>
      <trkpt lat="51.41695649363100528717041015625" lon="5.47889177687466144561767578125">
        <ele>16.6000003814697265625</ele>
        <time>2026-06-21T18:14:10.000Z</time>
        <extensions>
          <ns3:TrackPointExtension>
            <ns3:hr>177</ns3:hr>
          </ns3:TrackPointExtension>
        </extensions>
      </trkpt>
      <trkpt lat="51.41691978089511394500732421875" lon="5.4790601693093776702880859375">
        <ele>16.6000003814697265625</ele>
        <time>2026-06-21T18:14:19.000Z</time>
        <extensions>
          <ns3:TrackPointExtension>
            <ns3:hr>178</ns3:hr>
          </ns3:TrackPointExtension>
        </extensions>
      </trkpt>
      <trkpt lat="51.41684501431882381439208984375" lon="5.47909411601722240447998046875">
        <ele>16.3999996185302734375</ele>
        <time>2026-06-21T18:14:25.000Z</time>
        <extensions>
          <ns3:TrackPointExtension>
            <ns3:hr>179</ns3:hr>
          </ns3:TrackPointExtension>
        </extensions>
      </trkpt>
      <trkpt lat="51.4167202077805995941162109375" lon="5.4790829680860042572021484375">
        <ele>16.6000003814697265625</ele>
        <time>2026-06-21T18:14:35.000Z</time>
        <extensions>
          <ns3:TrackPointExtension>
            <ns3:hr>178</ns3:hr>
          </ns3:TrackPointExtension>
        </extensions>
      </trkpt>
      <trkpt lat="51.41668676398694515228271484375" lon="5.47907349653542041778564453125">
        <ele>16.3999996185302734375</ele>
        <time>2026-06-21T18:14:38.000Z</time>
        <extensions>
          <ns3:TrackPointExtension>
            <ns3:hr>175</ns3:hr>
          </ns3:TrackPointExtension>
        </extensions>
      </trkpt>
      <trkpt lat="51.416618116199970245361328125" lon="5.4790507815778255462646484375">
        <ele>16.3999996185302734375</ele>
        <time>2026-06-21T18:14:44.000Z</time>
        <extensions>
          <ns3:TrackPointExtension>
            <ns3:hr>176</ns3:hr>
          </ns3:TrackPointExtension>
        </extensions>
      </trkpt>
      <trkpt lat="51.41650906763970851898193359375" lon="5.47902773134410381317138671875">
        <ele>16.3999996185302734375</ele>
        <time>2026-06-21T18:14:54.000Z</time>
        <extensions>
          <ns3:TrackPointExtension>
            <ns3:hr>177</ns3:hr>
          </ns3:TrackPointExtension>
        </extensions>
      </trkpt>
      <trkpt lat="51.41643874347209930419921875" lon="5.47899235971271991729736328125">
        <ele>16.6000003814697265625</ele>
        <time>2026-06-21T18:15:02.000Z</time>
        <extensions>
          <ns3:TrackPointExtension>
            <ns3:hr>174</ns3:hr>
          </ns3:TrackPointExtension>
        </extensions>
      </trkpt>
      <trkpt lat="51.41629063524305820465087890625" lon="5.4789615981280803680419921875">
        <ele>16.6000003814697265625</ele>
        <time>2026-06-21T18:15:14.000Z</time>
        <extensions>
          <ns3:TrackPointExtension>
            <ns3:hr>171</ns3:hr>
          </ns3:TrackPointExtension>
        </extensions>
      </trkpt>
      <trkpt lat="51.41628107987344264984130859375" lon="5.478961430490016937255859375">
        <ele>16.6000003814697265625</ele>
        <time>2026-06-21T18:15:15.000Z</time>
        <extensions>
          <ns3:TrackPointExtension>
            <ns3:hr>171</ns3:hr>
          </ns3:TrackPointExtension>
        </extensions>
      </trkpt>
      <trkpt lat="51.41619441099464893341064453125" lon="5.47894441522657871246337890625">
        <ele>16.799999237060546875</ele>
        <time>2026-06-21T18:15:23.000Z</time>
        <extensions>
          <ns3:TrackPointExtension>
            <ns3:hr>169</ns3:hr>
          </ns3:TrackPointExtension>
        </extensions>
      </trkpt>
      <trkpt lat="51.4160684309899806976318359375" lon="5.4789066128432750701904296875">
        <ele>16.6000003814697265625</ele>
        <time>2026-06-21T18:15:33.000Z</time>
        <extensions>
          <ns3:TrackPointExtension>
            <ns3:hr>171</ns3:hr>
          </ns3:TrackPointExtension>
        </extensions>
      </trkpt>
      <trkpt lat="51.41598201356828212738037109375" lon="5.478875599801540374755859375">
        <ele>16.6000003814697265625</ele>
        <time>2026-06-21T18:15:43.000Z</time>
        <extensions>
          <ns3:TrackPointExtension>
            <ns3:hr>174</ns3:hr>
          </ns3:TrackPointExtension>
        </extensions>
      </trkpt>
      <trkpt lat="51.41597212292253971099853515625" lon="5.47887048684060573577880859375">
        <ele>16.6000003814697265625</ele>
        <time>2026-06-21T18:15:44.000Z</time>
        <extensions>
          <ns3:TrackPointExtension>
            <ns3:hr>175</ns3:hr>
          </ns3:TrackPointExtension>
        </extensions>
      </trkpt>
      <trkpt lat="51.41583432443439960479736328125" lon="5.478845424950122833251953125">
        <ele>16.6000003814697265625</ele>
        <time>2026-06-21T18:15:55.000Z</time>
        <extensions>
          <ns3:TrackPointExtension>
            <ns3:hr>177</ns3:hr>
          </ns3:TrackPointExtension>
        </extensions>
      </trkpt>
      <trkpt lat="51.41571546904742717742919921875" lon="5.47881332226097583770751953125">
        <ele>16.6000003814697265625</ele>
        <time>2026-06-21T18:16:05.000Z</time>
        <extensions>
          <ns3:TrackPointExtension>
            <ns3:hr>180</ns3:hr>
          </ns3:TrackPointExtension>
        </extensions>
      </trkpt>
      <trkpt lat="51.4157023094594478607177734375" lon="5.4788080416619777679443359375">
        <ele>16.6000003814697265625</ele>
        <time>2026-06-21T18:16:06.000Z</time>
        <extensions>
          <ns3:TrackPointExtension>
            <ns3:hr>181</ns3:hr>
          </ns3:TrackPointExtension>
        </extensions>
      </trkpt>
      <trkpt lat="51.41563885845243930816650390625" lon="5.4787916131317615509033203125">
        <ele>16.799999237060546875</ele>
        <time>2026-06-21T18:16:11.000Z</time>
        <extensions>
          <ns3:TrackPointExtension>
            <ns3:hr>178</ns3:hr>
          </ns3:TrackPointExtension>
        </extensions>
      </trkpt>
      <trkpt lat="51.41561388038098812103271484375" lon="5.47878901474177837371826171875">
        <ele>16.799999237060546875</ele>
        <time>2026-06-21T18:16:14.000Z</time>
        <extensions>
          <ns3:TrackPointExtension>
            <ns3:hr>177</ns3:hr>
          </ns3:TrackPointExtension>
        </extensions>
      </trkpt>
      <trkpt lat="51.41551882959902286529541015625" lon="5.47876571305096149444580078125">
        <ele>16.6000003814697265625</ele>
        <time>2026-06-21T18:16:23.000Z</time>
        <extensions>
          <ns3:TrackPointExtension>
            <ns3:hr>176</ns3:hr>
          </ns3:TrackPointExtension>
        </extensions>
      </trkpt>
      <trkpt lat="51.41549351625144481658935546875" lon="5.47875565476715564727783203125">
        <ele>16.6000003814697265625</ele>
        <time>2026-06-21T18:16:25.000Z</time>
        <extensions>
          <ns3:TrackPointExtension>
            <ns3:hr>173</ns3:hr>
          </ns3:TrackPointExtension>
        </extensions>
      </trkpt>
      <trkpt lat="51.41541816294193267822265625" lon="5.4787248931825160980224609375">
        <ele>16.799999237060546875</ele>
        <time>2026-06-21T18:16:33.000Z</time>
        <extensions>
          <ns3:TrackPointExtension>
            <ns3:hr>174</ns3:hr>
          </ns3:TrackPointExtension>
        </extensions>
      </trkpt>
      <trkpt lat="51.41538019292056560516357421875" lon="5.47871592454612255096435546875">
        <ele>16.799999237060546875</ele>
        <time>2026-06-21T18:16:36.000Z</time>
        <extensions>
          <ns3:TrackPointExtension>
            <ns3:hr>177</ns3:hr>
          </ns3:TrackPointExtension>
        </extensions>
      </trkpt>
      <trkpt lat="51.41530157066881656646728515625" lon="5.47869899310171604156494140625">
        <ele>16.799999237060546875</ele>
        <time>2026-06-21T18:16:43.000Z</time>
        <extensions>
          <ns3:TrackPointExtension>
            <ns3:hr>177</ns3:hr>
          </ns3:TrackPointExtension>
        </extensions>
      </trkpt>
      <trkpt lat="51.415176093578338623046875" lon="5.47868088819086551666259765625">
        <ele>16.799999237060546875</ele>
        <time>2026-06-21T18:16:53.000Z</time>
        <extensions>
          <ns3:TrackPointExtension>
            <ns3:hr>177</ns3:hr>
          </ns3:TrackPointExtension>
        </extensions>
      </trkpt>
      <trkpt lat="51.415087245404720306396484375" lon="5.47865205444395542144775390625">
        <ele>16.799999237060546875</ele>
        <time>2026-06-21T18:17:01.000Z</time>
        <extensions>
          <ns3:TrackPointExtension>
            <ns3:hr>178</ns3:hr>
          </ns3:TrackPointExtension>
        </extensions>
      </trkpt>
      <trkpt lat="51.4149690605700016021728515625" lon="5.47860612161457538604736328125">
        <ele>17</ele>
        <time>2026-06-21T18:17:11.000Z</time>
        <extensions>
          <ns3:TrackPointExtension>
            <ns3:hr>176</ns3:hr>
          </ns3:TrackPointExtension>
        </extensions>
      </trkpt>
      <trkpt lat="51.414881050586700439453125" lon="5.4785870946943759918212890625">
        <ele>16.799999237060546875</ele>
        <time>2026-06-21T18:17:20.000Z</time>
        <extensions>
          <ns3:TrackPointExtension>
            <ns3:hr>177</ns3:hr>
          </ns3:TrackPointExtension>
        </extensions>
      </trkpt>
      <trkpt lat="51.4147689007222652435302734375" lon="5.4785592667758464813232421875">
        <ele>16.799999237060546875</ele>
        <time>2026-06-21T18:17:30.000Z</time>
        <extensions>
          <ns3:TrackPointExtension>
            <ns3:hr>178</ns3:hr>
          </ns3:TrackPointExtension>
        </extensions>
      </trkpt>
      <trkpt lat="51.41464375890791416168212890625" lon="5.47853336669504642486572265625">
        <ele>16.799999237060546875</ele>
        <time>2026-06-21T18:17:40.000Z</time>
        <extensions>
          <ns3:TrackPointExtension>
            <ns3:hr>178</ns3:hr>
          </ns3:TrackPointExtension>
        </extensions>
      </trkpt>
      <trkpt lat="51.4145355485379695892333984375" lon="5.47851308248937129974365234375">
        <ele>16.799999237060546875</ele>
        <time>2026-06-21T18:17:50.000Z</time>
        <extensions>
          <ns3:TrackPointExtension>
            <ns3:hr>178</ns3:hr>
          </ns3:TrackPointExtension>
        </extensions>
      </trkpt>
      <trkpt lat="51.4144500531256198883056640625" lon="5.478499419987201690673828125">
        <ele>16.799999237060546875</ele>
        <time>2026-06-21T18:17:58.000Z</time>
        <extensions>
          <ns3:TrackPointExtension>
            <ns3:hr>179</ns3:hr>
          </ns3:TrackPointExtension>
        </extensions>
      </trkpt>
      <trkpt lat="51.414329521358013153076171875" lon="5.47845977358520030975341796875">
        <ele>17</ele>
        <time>2026-06-21T18:18:08.000Z</time>
        <extensions>
          <ns3:TrackPointExtension>
            <ns3:hr>177</ns3:hr>
          </ns3:TrackPointExtension>
        </extensions>
      </trkpt>
      <trkpt lat="51.41424947418272495269775390625" lon="5.47843135893344879150390625">
        <ele>17</ele>
        <time>2026-06-21T18:18:16.000Z</time>
        <extensions>
          <ns3:TrackPointExtension>
            <ns3:hr>177</ns3:hr>
          </ns3:TrackPointExtension>
        </extensions>
      </trkpt>
      <trkpt lat="51.41413179226219654083251953125" lon="5.47843261621892452239990234375">
        <ele>17</ele>
        <time>2026-06-21T18:18:25.000Z</time>
        <extensions>
          <ns3:TrackPointExtension>
            <ns3:hr>176</ns3:hr>
          </ns3:TrackPointExtension>
        </extensions>
      </trkpt>
      <trkpt lat="51.41403355635702610015869140625" lon="5.4784281738102436065673828125">
        <ele>17.200000762939453125</ele>
        <time>2026-06-21T18:18:34.000Z</time>
        <extensions>
          <ns3:TrackPointExtension>
            <ns3:hr>175</ns3:hr>
          </ns3:TrackPointExtension>
        </extensions>
      </trkpt>
      <trkpt lat="51.4138951711356639862060546875" lon="5.4783889465034008026123046875">
        <ele>17.200000762939453125</ele>
        <time>2026-06-21T18:18:45.000Z</time>
        <extensions>
          <ns3:TrackPointExtension>
            <ns3:hr>177</ns3:hr>
          </ns3:TrackPointExtension>
        </extensions>
      </trkpt>
      <trkpt lat="51.41386390663683414459228515625" lon="5.47836388461291790008544921875">
        <ele>17.200000762939453125</ele>
        <time>2026-06-21T18:18:48.000Z</time>
        <extensions>
          <ns3:TrackPointExtension>
            <ns3:hr>180</ns3:hr>
          </ns3:TrackPointExtension>
        </extensions>
      </trkpt>
      <trkpt lat="51.41377505846321582794189453125" lon="5.478333123028278350830078125">
        <ele>17.200000762939453125</ele>
        <time>2026-06-21T18:18:55.000Z</time>
        <extensions>
          <ns3:TrackPointExtension>
            <ns3:hr>181</ns3:hr>
          </ns3:TrackPointExtension>
        </extensions>
      </trkpt>
      <trkpt lat="51.4137084223330020904541015625" lon="5.4783094860613346099853515625">
        <ele>17.200000762939453125</ele>
        <time>2026-06-21T18:19:02.000Z</time>
        <extensions>
          <ns3:TrackPointExtension>
            <ns3:hr>177</ns3:hr>
          </ns3:TrackPointExtension>
        </extensions>
      </trkpt>
      <trkpt lat="51.41370154917240142822265625" lon="5.47831074334681034088134765625">
        <ele>17.200000762939453125</ele>
        <time>2026-06-21T18:19:03.000Z</time>
        <extensions>
          <ns3:TrackPointExtension>
            <ns3:hr>177</ns3:hr>
          </ns3:TrackPointExtension>
        </extensions>
      </trkpt>
      <trkpt lat="51.4135801792144775390625" lon="5.47830353491008281707763671875">
        <ele>17.200000762939453125</ele>
        <time>2026-06-21T18:19:14.000Z</time>
        <extensions>
          <ns3:TrackPointExtension>
            <ns3:hr>178</ns3:hr>
          </ns3:TrackPointExtension>
        </extensions>
      </trkpt>
      <trkpt lat="51.41347750090062618255615234375" lon="5.4782710969448089599609375">
        <ele>17.3999996185302734375</ele>
        <time>2026-06-21T18:19:22.000Z</time>
        <extensions>
          <ns3:TrackPointExtension>
            <ns3:hr>178</ns3:hr>
          </ns3:TrackPointExtension>
        </extensions>
      </trkpt>
      <trkpt lat="51.41338312067091464996337890625" lon="5.478339157998561859130859375">
        <ele>17.200000762939453125</ele>
        <time>2026-06-21T18:19:31.000Z</time>
        <extensions>
          <ns3:TrackPointExtension>
            <ns3:hr>179</ns3:hr>
          </ns3:TrackPointExtension>
        </extensions>
      </trkpt>
      <trkpt lat="51.413330733776092529296875" lon="5.47849397175014019012451171875">
        <ele>17.200000762939453125</ele>
        <time>2026-06-21T18:19:41.000Z</time>
        <extensions>
          <ns3:TrackPointExtension>
            <ns3:hr>180</ns3:hr>
          </ns3:TrackPointExtension>
        </extensions>
      </trkpt>
      <trkpt lat="51.413272060453891754150390625" lon="5.478610061109066009521484375">
        <ele>17.200000762939453125</ele>
        <time>2026-06-21T18:19:50.000Z</time>
        <extensions>
          <ns3:TrackPointExtension>
            <ns3:hr>179</ns3:hr>
          </ns3:TrackPointExtension>
        </extensions>
      </trkpt>
      <trkpt lat="51.41325630247592926025390625" lon="5.4786063730716705322265625">
        <ele>17.200000762939453125</ele>
        <time>2026-06-21T18:19:51.000Z</time>
        <extensions>
          <ns3:TrackPointExtension>
            <ns3:hr>179</ns3:hr>
          </ns3:TrackPointExtension>
        </extensions>
      </trkpt>
      <trkpt lat="51.41316049732267856597900390625" lon="5.47858290374279022216796875">
        <ele>17</ele>
        <time>2026-06-21T18:19:58.000Z</time>
        <extensions>
          <ns3:TrackPointExtension>
            <ns3:hr>180</ns3:hr>
          </ns3:TrackPointExtension>
        </extensions>
      </trkpt>
      <trkpt lat="51.41307416372001171112060546875" lon="5.47855608165264129638671875">
        <ele>17</ele>
        <time>2026-06-21T18:20:07.000Z</time>
        <extensions>
          <ns3:TrackPointExtension>
            <ns3:hr>181</ns3:hr>
          </ns3:TrackPointExtension>
        </extensions>
      </trkpt>
      <trkpt lat="51.4129677973687648773193359375" lon="5.4785341210663318634033203125">
        <ele>17</ele>
        <time>2026-06-21T18:20:16.000Z</time>
        <extensions>
          <ns3:TrackPointExtension>
            <ns3:hr>180</ns3:hr>
          </ns3:TrackPointExtension>
        </extensions>
      </trkpt>
      <trkpt lat="51.41289998777210712432861328125" lon="5.47852213494479656219482421875">
        <ele>17</ele>
        <time>2026-06-21T18:20:22.000Z</time>
        <extensions>
          <ns3:TrackPointExtension>
            <ns3:hr>182</ns3:hr>
          </ns3:TrackPointExtension>
        </extensions>
      </trkpt>
      <trkpt lat="51.41287333332002162933349609375" lon="5.47852196730673313140869140625">
        <ele>17</ele>
        <time>2026-06-21T18:20:24.000Z</time>
        <extensions>
          <ns3:TrackPointExtension>
            <ns3:hr>182</ns3:hr>
          </ns3:TrackPointExtension>
        </extensions>
      </trkpt>
      <trkpt lat="51.41278825700283050537109375" lon="5.47849983908236026763916015625">
        <ele>17</ele>
        <time>2026-06-21T18:20:31.000Z</time>
        <extensions>
          <ns3:TrackPointExtension>
            <ns3:hr>182</ns3:hr>
          </ns3:TrackPointExtension>
        </extensions>
      </trkpt>
      <trkpt lat="51.4126932062208652496337890625" lon="5.4784895293414592742919921875">
        <ele>17</ele>
        <time>2026-06-21T18:20:39.000Z</time>
        <extensions>
          <ns3:TrackPointExtension>
            <ns3:hr>182</ns3:hr>
          </ns3:TrackPointExtension>
        </extensions>
      </trkpt>
      <trkpt lat="51.41264601610600948333740234375" lon="5.4784749448299407958984375">
        <ele>16.799999237060546875</ele>
        <time>2026-06-21T18:20:43.000Z</time>
        <extensions>
          <ns3:TrackPointExtension>
            <ns3:hr>177</ns3:hr>
          </ns3:TrackPointExtension>
        </extensions>
      </trkpt>
      <trkpt lat="51.41257904469966888427734375" lon="5.47844736836850643157958984375">
        <ele>16.799999237060546875</ele>
        <time>2026-06-21T18:20:49.000Z</time>
        <extensions>
          <ns3:TrackPointExtension>
            <ns3:hr>177</ns3:hr>
          </ns3:TrackPointExtension>
        </extensions>
      </trkpt>
      <trkpt lat="51.41252540051937103271484375" lon="5.47843328677117824554443359375">
        <ele>17</ele>
        <time>2026-06-21T18:20:54.000Z</time>
        <extensions>
          <ns3:TrackPointExtension>
            <ns3:hr>180</ns3:hr>
          </ns3:TrackPointExtension>
        </extensions>
      </trkpt>
      <trkpt lat="51.41249195672571659088134765625" lon="5.47842322848737239837646484375">
        <ele>17.200000762939453125</ele>
        <time>2026-06-21T18:20:57.000Z</time>
        <extensions>
          <ns3:TrackPointExtension>
            <ns3:hr>179</ns3:hr>
          </ns3:TrackPointExtension>
        </extensions>
      </trkpt>
      <trkpt lat="51.41238299198448657989501953125" lon="5.4783912934362888336181640625">
        <ele>16.799999237060546875</ele>
        <time>2026-06-21T18:21:06.000Z</time>
        <extensions>
          <ns3:TrackPointExtension>
            <ns3:hr>179</ns3:hr>
          </ns3:TrackPointExtension>
        </extensions>
      </trkpt>
      <trkpt lat="51.41228928230702877044677734375" lon="5.4783755354583263397216796875">
        <ele>16.799999237060546875</ele>
        <time>2026-06-21T18:21:14.000Z</time>
        <extensions>
          <ns3:TrackPointExtension>
            <ns3:hr>180</ns3:hr>
          </ns3:TrackPointExtension>
        </extensions>
      </trkpt>
      <trkpt lat="51.4121839217841625213623046875" lon="5.478341169655323028564453125">
        <ele>16.799999237060546875</ele>
        <time>2026-06-21T18:21:23.000Z</time>
        <extensions>
          <ns3:TrackPointExtension>
            <ns3:hr>179</ns3:hr>
          </ns3:TrackPointExtension>
        </extensions>
      </trkpt>
      <trkpt lat="51.4120776392519474029541015625" lon="5.47830286435782909393310546875">
        <ele>16.799999237060546875</ele>
        <time>2026-06-21T18:21:32.000Z</time>
        <extensions>
          <ns3:TrackPointExtension>
            <ns3:hr>179</ns3:hr>
          </ns3:TrackPointExtension>
        </extensions>
      </trkpt>
      <trkpt lat="51.4119710214436054229736328125" lon="5.47830797731876373291015625">
        <ele>16.799999237060546875</ele>
        <time>2026-06-21T18:21:41.000Z</time>
        <extensions>
          <ns3:TrackPointExtension>
            <ns3:hr>178</ns3:hr>
          </ns3:TrackPointExtension>
        </extensions>
      </trkpt>
      <trkpt lat="51.41186892986297607421875" lon="5.4783094860613346099853515625">
        <ele>16.799999237060546875</ele>
        <time>2026-06-21T18:21:49.000Z</time>
        <extensions>
          <ns3:TrackPointExtension>
            <ns3:hr>178</ns3:hr>
          </ns3:TrackPointExtension>
        </extensions>
      </trkpt>
      <trkpt lat="51.41180581413209438323974609375" lon="5.4782823286950588226318359375">
        <ele>17</ele>
        <time>2026-06-21T18:21:55.000Z</time>
        <extensions>
          <ns3:TrackPointExtension>
            <ns3:hr>177</ns3:hr>
          </ns3:TrackPointExtension>
        </extensions>
      </trkpt>
      <trkpt lat="51.41174890100955963134765625" lon="5.4782635532319545745849609375">
        <ele>16.799999237060546875</ele>
        <time>2026-06-21T18:22:00.000Z</time>
        <extensions>
          <ns3:TrackPointExtension>
            <ns3:hr>180</ns3:hr>
          </ns3:TrackPointExtension>
        </extensions>
      </trkpt>
      <trkpt lat="51.41171797178685665130615234375" lon="5.47825441695749759674072265625">
        <ele>16.799999237060546875</ele>
        <time>2026-06-21T18:22:03.000Z</time>
        <extensions>
          <ns3:TrackPointExtension>
            <ns3:hr>180</ns3:hr>
          </ns3:TrackPointExtension>
        </extensions>
      </trkpt>
      <trkpt lat="51.411603391170501708984375" lon="5.47820948995649814605712890625">
        <ele>16.799999237060546875</ele>
        <time>2026-06-21T18:22:14.000Z</time>
        <extensions>
          <ns3:TrackPointExtension>
            <ns3:hr>180</ns3:hr>
          </ns3:TrackPointExtension>
        </extensions>
      </trkpt>
      <trkpt lat="51.41148361377418041229248046875" lon="5.47816741280257701873779296875">
        <ele>17</ele>
        <time>2026-06-21T18:22:25.000Z</time>
        <extensions>
          <ns3:TrackPointExtension>
            <ns3:hr>178</ns3:hr>
          </ns3:TrackPointExtension>
        </extensions>
      </trkpt>
      <trkpt lat="51.4113712124526500701904296875" lon="5.47814109362661838531494140625">
        <ele>17</ele>
        <time>2026-06-21T18:22:35.000Z</time>
        <extensions>
          <ns3:TrackPointExtension>
            <ns3:hr>178</ns3:hr>
          </ns3:TrackPointExtension>
        </extensions>
      </trkpt>
      <trkpt lat="51.41123886220157146453857421875" lon="5.478121228516101837158203125">
        <ele>16.799999237060546875</ele>
        <time>2026-06-21T18:22:46.000Z</time>
        <extensions>
          <ns3:TrackPointExtension>
            <ns3:hr>177</ns3:hr>
          </ns3:TrackPointExtension>
        </extensions>
      </trkpt>
      <trkpt lat="51.41111950390040874481201171875" lon="5.47809516079723834991455078125">
        <ele>16.799999237060546875</ele>
        <time>2026-06-21T18:22:56.000Z</time>
        <extensions>
          <ns3:TrackPointExtension>
            <ns3:hr>177</ns3:hr>
          </ns3:TrackPointExtension>
        </extensions>
      </trkpt>
      <trkpt lat="51.4110092818737030029296875" lon="5.4780664108693599700927734375">
        <ele>16.799999237060546875</ele>
        <time>2026-06-21T18:23:06.000Z</time>
        <extensions>
          <ns3:TrackPointExtension>
            <ns3:hr>178</ns3:hr>
          </ns3:TrackPointExtension>
        </extensions>
      </trkpt>
      <trkpt lat="51.41090140677988529205322265625" lon="5.47803984023630619049072265625">
        <ele>16.6000003814697265625</ele>
        <time>2026-06-21T18:23:16.000Z</time>
        <extensions>
          <ns3:TrackPointExtension>
            <ns3:hr>178</ns3:hr>
          </ns3:TrackPointExtension>
        </extensions>
      </trkpt>
      <trkpt lat="51.4107791148126125335693359375" lon="5.4780446179211139678955078125">
        <ele>16.6000003814697265625</ele>
        <time>2026-06-21T18:23:27.000Z</time>
        <extensions>
          <ns3:TrackPointExtension>
            <ns3:hr>178</ns3:hr>
          </ns3:TrackPointExtension>
        </extensions>
      </trkpt>
      <trkpt lat="51.4107033424079418182373046875" lon="5.4781468771398067474365234375">
        <ele>16.6000003814697265625</ele>
        <time>2026-06-21T18:23:36.000Z</time>
        <extensions>
          <ns3:TrackPointExtension>
            <ns3:hr>176</ns3:hr>
          </ns3:TrackPointExtension>
        </extensions>
      </trkpt>
      <trkpt lat="51.410668976604938507080078125" lon="5.47829766757786273956298828125">
        <ele>16.799999237060546875</ele>
        <time>2026-06-21T18:23:45.000Z</time>
        <extensions>
          <ns3:TrackPointExtension>
            <ns3:hr>174</ns3:hr>
          </ns3:TrackPointExtension>
        </extensions>
      </trkpt>
      <trkpt lat="51.41066252253949642181396484375" lon="5.47847402282059192657470703125">
        <ele>16.6000003814697265625</ele>
        <time>2026-06-21T18:23:55.000Z</time>
        <extensions>
          <ns3:TrackPointExtension>
            <ns3:hr>174</ns3:hr>
          </ns3:TrackPointExtension>
        </extensions>
      </trkpt>
      <trkpt lat="51.41064944677054882049560546875" lon="5.478625483810901641845703125">
        <ele>16.6000003814697265625</ele>
        <time>2026-06-21T18:24:03.000Z</time>
        <extensions>
          <ns3:TrackPointExtension>
            <ns3:hr>177</ns3:hr>
          </ns3:TrackPointExtension>
        </extensions>
      </trkpt>
      <trkpt lat="51.410646848380565643310546875" lon="5.47864719294011592864990234375">
        <ele>16.6000003814697265625</ele>
        <time>2026-06-21T18:24:04.000Z</time>
        <extensions>
          <ns3:TrackPointExtension>
            <ns3:hr>177</ns3:hr>
          </ns3:TrackPointExtension>
        </extensions>
      </trkpt>
      <trkpt lat="51.41062865965068340301513671875" lon="5.4787872545421123504638671875">
        <ele>17.200000762939453125</ele>
        <time>2026-06-21T18:24:12.000Z</time>
        <extensions>
          <ns3:TrackPointExtension>
            <ns3:hr>176</ns3:hr>
          </ns3:TrackPointExtension>
        </extensions>
      </trkpt>
      <trkpt lat="51.41062949784100055694580078125" lon="5.478937961161136627197265625">
        <ele>16.799999237060546875</ele>
        <time>2026-06-21T18:24:21.000Z</time>
        <extensions>
          <ns3:TrackPointExtension>
            <ns3:hr>177</ns3:hr>
          </ns3:TrackPointExtension>
        </extensions>
      </trkpt>
      <trkpt lat="51.410693787038326263427734375" lon="5.47901096753776073455810546875">
        <ele>16.799999237060546875</ele>
        <time>2026-06-21T18:24:29.000Z</time>
        <extensions>
          <ns3:TrackPointExtension>
            <ns3:hr>178</ns3:hr>
          </ns3:TrackPointExtension>
        </extensions>
      </trkpt>
      <trkpt lat="51.410777270793914794921875" lon="5.47912730835378170013427734375">
        <ele>17</ele>
        <time>2026-06-21T18:24:40.000Z</time>
        <extensions>
          <ns3:TrackPointExtension>
            <ns3:hr>178</ns3:hr>
          </ns3:TrackPointExtension>
        </extensions>
      </trkpt>
      <trkpt lat="51.41080518253147602081298828125" lon="5.4791496880352497100830078125">
        <ele>17.200000762939453125</ele>
        <time>2026-06-21T18:24:47.000Z</time>
        <extensions>
          <ns3:TrackPointExtension>
            <ns3:hr>176</ns3:hr>
          </ns3:TrackPointExtension>
        </extensions>
      </trkpt>
      <trkpt lat="51.41081926412880420684814453125" lon="5.47920073382556438446044921875">
        <ele>17</ele>
        <time>2026-06-21T18:24:56.000Z</time>
        <extensions>
          <ns3:TrackPointExtension>
            <ns3:hr>178</ns3:hr>
          </ns3:TrackPointExtension>
        </extensions>
      </trkpt>
      <trkpt lat="51.41078867018222808837890625" lon="5.479300729930400848388671875">
        <ele>16.799999237060546875</ele>
        <time>2026-06-21T18:25:06.000Z</time>
        <extensions>
          <ns3:TrackPointExtension>
            <ns3:hr>177</ns3:hr>
          </ns3:TrackPointExtension>
        </extensions>
      </trkpt>
      <trkpt lat="51.4107814617455005645751953125" lon="5.4793169908225536346435546875">
        <ele>17</ele>
        <time>2026-06-21T18:25:17.000Z</time>
        <extensions>
          <ns3:TrackPointExtension>
            <ns3:hr>178</ns3:hr>
          </ns3:TrackPointExtension>
        </extensions>
      </trkpt>
      <trkpt lat="51.410770900547504425048828125" lon="5.47932864166796207427978515625">
        <ele>17</ele>
        <time>2026-06-21T18:25:28.000Z</time>
        <extensions>
          <ns3:TrackPointExtension>
            <ns3:hr>180</ns3:hr>
          </ns3:TrackPointExtension>
        </extensions>
      </trkpt>
      <trkpt lat="51.4107522927224636077880859375" lon="5.47936837188899517059326171875">
        <ele>17</ele>
        <time>2026-06-21T18:25:38.000Z</time>
        <extensions>
          <ns3:TrackPointExtension>
            <ns3:hr>180</ns3:hr>
          </ns3:TrackPointExtension>
        </extensions>
      </trkpt>
      <trkpt lat="51.41075472347438335418701171875" lon="5.4793820343911647796630859375">
        <ele>17</ele>
        <time>2026-06-21T18:25:47.000Z</time>
        <extensions>
          <ns3:TrackPointExtension>
            <ns3:hr>179</ns3:hr>
          </ns3:TrackPointExtension>
        </extensions>
      </trkpt>
      <trkpt lat="51.4107469283044338226318359375" lon="5.47937683761119842529296875">
        <ele>17</ele>
        <time>2026-06-21T18:25:59.000Z</time>
        <extensions>
          <ns3:TrackPointExtension>
            <ns3:hr>178</ns3:hr>
          </ns3:TrackPointExtension>
        </extensions>
      </trkpt>
      <trkpt lat="51.4107187651097774505615234375" lon="5.47930617816746234893798828125">
        <ele>17.200000762939453125</ele>
        <time>2026-06-21T18:26:07.000Z</time>
        <extensions>
          <ns3:TrackPointExtension>
            <ns3:hr>176</ns3:hr>
          </ns3:TrackPointExtension>
        </extensions>
      </trkpt>
      <trkpt lat="51.4107167534530162811279296875" lon="5.479158572852611541748046875">
        <ele>16.6000003814697265625</ele>
        <time>2026-06-21T18:26:16.000Z</time>
        <extensions>
          <ns3:TrackPointExtension>
            <ns3:hr>175</ns3:hr>
          </ns3:TrackPointExtension>
        </extensions>
      </trkpt>
      <trkpt lat="51.4107093773782253265380859375" lon="5.47906360588967800140380859375">
        <ele>16.799999237060546875</ele>
        <time>2026-06-21T18:26:23.000Z</time>
        <extensions>
          <ns3:TrackPointExtension>
            <ns3:hr>174</ns3:hr>
          </ns3:TrackPointExtension>
        </extensions>
      </trkpt>
      <trkpt lat="51.410691104829311370849609375" lon="5.479055978357791900634765625">
        <ele>17</ele>
        <time>2026-06-21T18:26:25.000Z</time>
        <extensions>
          <ns3:TrackPointExtension>
            <ns3:hr>174</ns3:hr>
          </ns3:TrackPointExtension>
        </extensions>
      </trkpt>
      <trkpt lat="51.41066486947238445281982421875" lon="5.4790247976779937744140625">
        <ele>17.200000762939453125</ele>
        <time>2026-06-21T18:26:30.000Z</time>
        <extensions>
          <ns3:TrackPointExtension>
            <ns3:hr>173</ns3:hr>
          </ns3:TrackPointExtension>
        </extensions>
      </trkpt>
      <trkpt lat="51.41060166992247104644775390625" lon="5.4789233766496181488037109375">
        <ele>16.6000003814697265625</ele>
        <time>2026-06-21T18:26:37.000Z</time>
        <extensions>
          <ns3:TrackPointExtension>
            <ns3:hr>173</ns3:hr>
          </ns3:TrackPointExtension>
        </extensions>
      </trkpt>
      <trkpt lat="51.4105953834950923919677734375" lon="5.478787086904048919677734375">
        <ele>16.6000003814697265625</ele>
        <time>2026-06-21T18:26:44.000Z</time>
        <extensions>
          <ns3:TrackPointExtension>
            <ns3:hr>171</ns3:hr>
          </ns3:TrackPointExtension>
        </extensions>
      </trkpt>
      <trkpt lat="51.4106074534356594085693359375" lon="5.47865523956716060638427734375">
        <ele>17.3999996185302734375</ele>
        <time>2026-06-21T18:26:52.000Z</time>
        <extensions>
          <ns3:TrackPointExtension>
            <ns3:hr>172</ns3:hr>
          </ns3:TrackPointExtension>
        </extensions>
      </trkpt>
      <trkpt lat="51.4106222055852413177490234375" lon="5.478537641465663909912109375">
        <ele>16.3999996185302734375</ele>
        <time>2026-06-21T18:27:00.000Z</time>
        <extensions>
          <ns3:TrackPointExtension>
            <ns3:hr>174</ns3:hr>
          </ns3:TrackPointExtension>
        </extensions>
      </trkpt>
      <trkpt lat="51.41063804738223552703857421875" lon="5.478433035314083099365234375">
        <ele>16.6000003814697265625</ele>
        <time>2026-06-21T18:27:06.000Z</time>
        <extensions>
          <ns3:TrackPointExtension>
            <ns3:hr>170</ns3:hr>
          </ns3:TrackPointExtension>
        </extensions>
      </trkpt>
      <trkpt lat="51.41063846647739410400390625" lon="5.47839188016951084136962890625">
        <ele>16.6000003814697265625</ele>
        <time>2026-06-21T18:27:09.000Z</time>
        <extensions>
          <ns3:TrackPointExtension>
            <ns3:hr>170</ns3:hr>
          </ns3:TrackPointExtension>
        </extensions>
      </trkpt>
      <trkpt lat="51.4106513746082782745361328125" lon="5.47830931842327117919921875">
        <ele>16.799999237060546875</ele>
        <time>2026-06-21T18:27:14.000Z</time>
        <extensions>
          <ns3:TrackPointExtension>
            <ns3:hr>173</ns3:hr>
          </ns3:TrackPointExtension>
        </extensions>
      </trkpt>
      <trkpt lat="51.4106540568172931671142578125" lon="5.47825634479522705078125">
        <ele>17.200000762939453125</ele>
        <time>2026-06-21T18:27:17.000Z</time>
        <extensions>
          <ns3:TrackPointExtension>
            <ns3:hr>174</ns3:hr>
          </ns3:TrackPointExtension>
        </extensions>
      </trkpt>
      <trkpt lat="51.41067207790911197662353515625" lon="5.478101111948490142822265625">
        <ele>16.3999996185302734375</ele>
        <time>2026-06-21T18:27:25.000Z</time>
        <extensions>
          <ns3:TrackPointExtension>
            <ns3:hr>177</ns3:hr>
          </ns3:TrackPointExtension>
        </extensions>
      </trkpt>
      <trkpt lat="51.410675011575222015380859375" lon="5.47808527015149593353271484375">
        <ele>16.3999996185302734375</ele>
        <time>2026-06-21T18:27:26.000Z</time>
        <extensions>
          <ns3:TrackPointExtension>
            <ns3:hr>177</ns3:hr>
          </ns3:TrackPointExtension>
        </extensions>
      </trkpt>
      <trkpt lat="51.41066419892013072967529296875" lon="5.477984435856342315673828125">
        <ele>16.3999996185302734375</ele>
        <time>2026-06-21T18:27:33.000Z</time>
        <extensions>
          <ns3:TrackPointExtension>
            <ns3:hr>177</ns3:hr>
          </ns3:TrackPointExtension>
        </extensions>
      </trkpt>
      <trkpt lat="51.4105776138603687286376953125" lon="5.47795333899557590484619140625">
        <ele>16.200000762939453125</ele>
        <time>2026-06-21T18:27:40.000Z</time>
        <extensions>
          <ns3:TrackPointExtension>
            <ns3:hr>176</ns3:hr>
          </ns3:TrackPointExtension>
        </extensions>
      </trkpt>
      <trkpt lat="51.41047745011746883392333984375" lon="5.4778763093054294586181640625">
        <ele>16</ele>
        <time>2026-06-21T18:27:50.000Z</time>
        <extensions>
          <ns3:TrackPointExtension>
            <ns3:hr>176</ns3:hr>
          </ns3:TrackPointExtension>
        </extensions>
      </trkpt>
      <trkpt lat="51.4104621112346649169921875" lon="5.47786817885935306549072265625">
        <ele>16</ele>
        <time>2026-06-21T18:27:51.000Z</time>
        <extensions>
          <ns3:TrackPointExtension>
            <ns3:hr>176</ns3:hr>
          </ns3:TrackPointExtension>
        </extensions>
      </trkpt>
      <trkpt lat="51.4103700779378414154052734375" lon="5.477824844419956207275390625">
        <ele>16.200000762939453125</ele>
        <time>2026-06-21T18:27:59.000Z</time>
        <extensions>
          <ns3:TrackPointExtension>
            <ns3:hr>176</ns3:hr>
          </ns3:TrackPointExtension>
        </extensions>
      </trkpt>
      <trkpt lat="51.4103226363658905029296875" lon="5.4778116010129451751708984375">
        <ele>16</ele>
        <time>2026-06-21T18:28:04.000Z</time>
        <extensions>
          <ns3:TrackPointExtension>
            <ns3:hr>180</ns3:hr>
          </ns3:TrackPointExtension>
        </extensions>
      </trkpt>
      <trkpt lat="51.41029053367674350738525390625" lon="5.4778089188039302825927734375">
        <ele>15.80000019073486328125</ele>
        <time>2026-06-21T18:28:07.000Z</time>
        <extensions>
          <ns3:TrackPointExtension>
            <ns3:hr>180</ns3:hr>
          </ns3:TrackPointExtension>
        </extensions>
      </trkpt>
      <trkpt lat="51.410261280834674835205078125" lon="5.47780481167137622833251953125">
        <ele>15.80000019073486328125</ele>
        <time>2026-06-21T18:28:10.000Z</time>
        <extensions>
          <ns3:TrackPointExtension>
            <ns3:hr>177</ns3:hr>
          </ns3:TrackPointExtension>
        </extensions>
      </trkpt>
      <trkpt lat="51.41017838381230831146240234375" lon="5.4778204858303070068359375">
        <ele>16</ele>
        <time>2026-06-21T18:28:17.000Z</time>
        <extensions>
          <ns3:TrackPointExtension>
            <ns3:hr>177</ns3:hr>
          </ns3:TrackPointExtension>
        </extensions>
      </trkpt>
      <trkpt lat="51.410138905048370361328125" lon="5.47784571535885334014892578125">
        <ele>16</ele>
        <time>2026-06-21T18:28:21.000Z</time>
        <extensions>
          <ns3:TrackPointExtension>
            <ns3:hr>174</ns3:hr>
          </ns3:TrackPointExtension>
        </extensions>
      </trkpt>
      <trkpt lat="51.4100746996700763702392578125" lon="5.47787924297153949737548828125">
        <ele>16.200000762939453125</ele>
        <time>2026-06-21T18:28:27.000Z</time>
        <extensions>
          <ns3:TrackPointExtension>
            <ns3:hr>174</ns3:hr>
          </ns3:TrackPointExtension>
        </extensions>
      </trkpt>
      <trkpt lat="51.40999129973351955413818359375" lon="5.477981083095073699951171875">
        <ele>16</ele>
        <time>2026-06-21T18:28:36.000Z</time>
        <extensions>
          <ns3:TrackPointExtension>
            <ns3:hr>176</ns3:hr>
          </ns3:TrackPointExtension>
        </extensions>
      </trkpt>
      <trkpt lat="51.40990328975021839141845703125" lon="5.4780375771224498748779296875">
        <ele>16</ele>
        <time>2026-06-21T18:28:44.000Z</time>
        <extensions>
          <ns3:TrackPointExtension>
            <ns3:hr>176</ns3:hr>
          </ns3:TrackPointExtension>
        </extensions>
      </trkpt>
      <trkpt lat="51.40983019955456256866455078125" lon="5.47808996401727199554443359375">
        <ele>15.80000019073486328125</ele>
        <time>2026-06-21T18:28:52.000Z</time>
        <extensions>
          <ns3:TrackPointExtension>
            <ns3:hr>176</ns3:hr>
          </ns3:TrackPointExtension>
        </extensions>
      </trkpt>
      <trkpt lat="51.40973531641066074371337890625" lon="5.478168167173862457275390625">
        <ele>16</ele>
        <time>2026-06-21T18:29:01.000Z</time>
        <extensions>
          <ns3:TrackPointExtension>
            <ns3:hr>176</ns3:hr>
          </ns3:TrackPointExtension>
        </extensions>
      </trkpt>
      <trkpt lat="51.4096576161682605743408203125" lon="5.47821016050875186920166015625">
        <ele>16</ele>
        <time>2026-06-21T18:29:09.000Z</time>
        <extensions>
          <ns3:TrackPointExtension>
            <ns3:hr>176</ns3:hr>
          </ns3:TrackPointExtension>
        </extensions>
      </trkpt>
      <trkpt lat="51.4095862023532390594482421875" lon="5.4782605357468128204345703125">
        <ele>15.80000019073486328125</ele>
        <time>2026-06-21T18:29:17.000Z</time>
        <extensions>
          <ns3:TrackPointExtension>
            <ns3:hr>175</ns3:hr>
          </ns3:TrackPointExtension>
        </extensions>
      </trkpt>
      <trkpt lat="51.40949995256960391998291015625" lon="5.47835332341492176055908203125">
        <ele>16</ele>
        <time>2026-06-21T18:29:27.000Z</time>
        <extensions>
          <ns3:TrackPointExtension>
            <ns3:hr>177</ns3:hr>
          </ns3:TrackPointExtension>
        </extensions>
      </trkpt>
      <trkpt lat="51.4094219170510768890380859375" lon="5.47842607833445072174072265625">
        <ele>16.200000762939453125</ele>
        <time>2026-06-21T18:29:37.000Z</time>
        <extensions>
          <ns3:TrackPointExtension>
            <ns3:hr>177</ns3:hr>
          </ns3:TrackPointExtension>
        </extensions>
      </trkpt>
      <trkpt lat="51.4093910716474056243896484375" lon="5.4784883558750152587890625">
        <ele>16.200000762939453125</ele>
        <time>2026-06-21T18:29:43.000Z</time>
        <extensions>
          <ns3:TrackPointExtension>
            <ns3:hr>175</ns3:hr>
          </ns3:TrackPointExtension>
        </extensions>
      </trkpt>
      <trkpt lat="51.40937992371618747711181640625" lon="5.47851408831775188446044921875">
        <ele>16.3999996185302734375</ele>
        <time>2026-06-21T18:29:45.000Z</time>
        <extensions>
          <ns3:TrackPointExtension>
            <ns3:hr>175</ns3:hr>
          </ns3:TrackPointExtension>
        </extensions>
      </trkpt>
      <trkpt lat="51.4093012176454067230224609375" lon="5.47858801670372486114501953125">
        <ele>16.3999996185302734375</ele>
        <time>2026-06-21T18:29:53.000Z</time>
        <extensions>
          <ns3:TrackPointExtension>
            <ns3:hr>176</ns3:hr>
          </ns3:TrackPointExtension>
        </extensions>
      </trkpt>
      <trkpt lat="51.409214548766613006591796875" lon="5.47861500643193721771240234375">
        <ele>16.3999996185302734375</ele>
        <time>2026-06-21T18:30:01.000Z</time>
        <extensions>
          <ns3:TrackPointExtension>
            <ns3:hr>175</ns3:hr>
          </ns3:TrackPointExtension>
        </extensions>
      </trkpt>
      <trkpt lat="51.40910952351987361907958984375" lon="5.47862808220088481903076171875">
        <ele>16.6000003814697265625</ele>
        <time>2026-06-21T18:30:11.000Z</time>
        <extensions>
          <ns3:TrackPointExtension>
            <ns3:hr>177</ns3:hr>
          </ns3:TrackPointExtension>
        </extensions>
      </trkpt>
      <trkpt lat="51.4090115390717983245849609375" lon="5.47865406610071659088134765625">
        <ele>17</ele>
        <time>2026-06-21T18:30:20.000Z</time>
        <extensions>
          <ns3:TrackPointExtension>
            <ns3:hr>176</ns3:hr>
          </ns3:TrackPointExtension>
        </extensions>
      </trkpt>
      <trkpt lat="51.4089072681963443756103515625" lon="5.47861265949904918670654296875">
        <ele>16.6000003814697265625</ele>
        <time>2026-06-21T18:30:30.000Z</time>
        <extensions>
          <ns3:TrackPointExtension>
            <ns3:hr>173</ns3:hr>
          </ns3:TrackPointExtension>
        </extensions>
      </trkpt>
      <trkpt lat="51.40889695845544338226318359375" lon="5.47860595397651195526123046875">
        <ele>16.6000003814697265625</ele>
        <time>2026-06-21T18:30:31.000Z</time>
        <extensions>
          <ns3:TrackPointExtension>
            <ns3:hr>172</ns3:hr>
          </ns3:TrackPointExtension>
        </extensions>
      </trkpt>
      <trkpt lat="51.40885404311120510101318359375" lon="5.47859757207334041595458984375">
        <ele>16.6000003814697265625</ele>
        <time>2026-06-21T18:30:35.000Z</time>
        <extensions>
          <ns3:TrackPointExtension>
            <ns3:hr>169</ns3:hr>
          </ns3:TrackPointExtension>
        </extensions>
      </trkpt>
      <trkpt lat="51.4088532887399196624755859375" lon="5.478619448840618133544921875">
        <ele>16.6000003814697265625</ele>
        <time>2026-06-21T18:30:36.000Z</time>
        <extensions>
          <ns3:TrackPointExtension>
            <ns3:hr>166</ns3:hr>
          </ns3:TrackPointExtension>
        </extensions>
      </trkpt>
      <trkpt lat="51.40884415246546268463134765625" lon="5.47866261564195156097412109375">
        <ele>16.6000003814697265625</ele>
        <time>2026-06-21T18:30:38.000Z</time>
        <extensions>
          <ns3:TrackPointExtension>
            <ns3:hr>165</ns3:hr>
          </ns3:TrackPointExtension>
        </extensions>
      </trkpt>
      <trkpt lat="51.40882470645010471343994140625" lon="5.47886696644127368927001953125">
        <ele>16.3999996185302734375</ele>
        <time>2026-06-21T18:30:49.000Z</time>
        <extensions>
          <ns3:TrackPointExtension>
            <ns3:hr>164</ns3:hr>
          </ns3:TrackPointExtension>
        </extensions>
      </trkpt>
      <trkpt lat="51.4088348485529422760009765625" lon="5.4789336025714874267578125">
        <ele>16.6000003814697265625</ele>
        <time>2026-06-21T18:30:53.000Z</time>
        <extensions>
          <ns3:TrackPointExtension>
            <ns3:hr>169</ns3:hr>
          </ns3:TrackPointExtension>
        </extensions>
      </trkpt>
      <trkpt lat="51.40883292071521282196044921875" lon="5.47898766584694385528564453125">
        <ele>16.6000003814697265625</ele>
        <time>2026-06-21T18:30:56.000Z</time>
        <extensions>
          <ns3:TrackPointExtension>
            <ns3:hr>172</ns3:hr>
          </ns3:TrackPointExtension>
        </extensions>
      </trkpt>
      <trkpt lat="51.4088194258511066436767578125" lon="5.4790377058088779449462890625">
        <ele>16.6000003814697265625</ele>
        <time>2026-06-21T18:30:59.000Z</time>
        <extensions>
          <ns3:TrackPointExtension>
            <ns3:hr>173</ns3:hr>
          </ns3:TrackPointExtension>
        </extensions>
      </trkpt>
      <trkpt lat="51.4087744988501071929931640625" lon="5.47916787676513195037841796875">
        <ele>16.6000003814697265625</ele>
        <time>2026-06-21T18:31:07.000Z</time>
        <extensions>
          <ns3:TrackPointExtension>
            <ns3:hr>174</ns3:hr>
          </ns3:TrackPointExtension>
        </extensions>
      </trkpt>
      <trkpt lat="51.40870367176830768585205078125" lon="5.47925706021487712860107421875">
        <ele>16.6000003814697265625</ele>
        <time>2026-06-21T18:31:16.000Z</time>
        <extensions>
          <ns3:TrackPointExtension>
            <ns3:hr>175</ns3:hr>
          </ns3:TrackPointExtension>
        </extensions>
      </trkpt>
      <trkpt lat="51.4085974730551242828369140625" lon="5.47930902801454067230224609375">
        <ele>16.6000003814697265625</ele>
        <time>2026-06-21T18:31:26.000Z</time>
        <extensions>
          <ns3:TrackPointExtension>
            <ns3:hr>176</ns3:hr>
          </ns3:TrackPointExtension>
        </extensions>
      </trkpt>
      <trkpt lat="51.40845171175897121429443359375" lon="5.4793706350028514862060546875">
        <ele>16.6000003814697265625</ele>
        <time>2026-06-21T18:31:38.000Z</time>
        <extensions>
          <ns3:TrackPointExtension>
            <ns3:hr>177</ns3:hr>
          </ns3:TrackPointExtension>
        </extensions>
      </trkpt>
      <trkpt lat="51.40837560407817363739013671875" lon="5.47941883094608783721923828125">
        <ele>16.6000003814697265625</ele>
        <time>2026-06-21T18:31:45.000Z</time>
        <extensions>
          <ns3:TrackPointExtension>
            <ns3:hr>174</ns3:hr>
          </ns3:TrackPointExtension>
        </extensions>
      </trkpt>
      <trkpt lat="51.4083654619753360748291015625" lon="5.479424111545085906982421875">
        <ele>16.6000003814697265625</ele>
        <time>2026-06-21T18:31:46.000Z</time>
        <extensions>
          <ns3:TrackPointExtension>
            <ns3:hr>174</ns3:hr>
          </ns3:TrackPointExtension>
        </extensions>
      </trkpt>
      <trkpt lat="51.40829346142709255218505859375" lon="5.47945872880518436431884765625">
        <ele>16.6000003814697265625</ele>
        <time>2026-06-21T18:31:53.000Z</time>
        <extensions>
          <ns3:TrackPointExtension>
            <ns3:hr>177</ns3:hr>
          </ns3:TrackPointExtension>
        </extensions>
      </trkpt>
      <trkpt lat="51.40828139148652553558349609375" lon="5.479464344680309295654296875">
        <ele>16.6000003814697265625</ele>
        <time>2026-06-21T18:31:54.000Z</time>
        <extensions>
          <ns3:TrackPointExtension>
            <ns3:hr>177</ns3:hr>
          </ns3:TrackPointExtension>
        </extensions>
      </trkpt>
      <trkpt lat="51.4081974886357784271240234375" lon="5.47952435910701751708984375">
        <ele>16.6000003814697265625</ele>
        <time>2026-06-21T18:32:03.000Z</time>
        <extensions>
          <ns3:TrackPointExtension>
            <ns3:hr>176</ns3:hr>
          </ns3:TrackPointExtension>
        </extensions>
      </trkpt>
      <trkpt lat="51.40809464268386363983154296875" lon="5.47959049232304096221923828125">
        <ele>16.799999237060546875</ele>
        <time>2026-06-21T18:32:12.000Z</time>
        <extensions>
          <ns3:TrackPointExtension>
            <ns3:hr>177</ns3:hr>
          </ns3:TrackPointExtension>
        </extensions>
      </trkpt>
      <trkpt lat="51.40799104236066341400146484375" lon="5.479640699923038482666015625">
        <ele>16.6000003814697265625</ele>
        <time>2026-06-21T18:32:22.000Z</time>
        <extensions>
          <ns3:TrackPointExtension>
            <ns3:hr>177</ns3:hr>
          </ns3:TrackPointExtension>
        </extensions>
      </trkpt>
      <trkpt lat="51.4079366438090801239013671875" lon="5.47965318895876407623291015625">
        <ele>16.799999237060546875</ele>
        <time>2026-06-21T18:32:27.000Z</time>
        <extensions>
          <ns3:TrackPointExtension>
            <ns3:hr>174</ns3:hr>
          </ns3:TrackPointExtension>
        </extensions>
      </trkpt>
      <trkpt lat="51.407894231379032135009765625" lon="5.4796779155731201171875">
        <ele>16.799999237060546875</ele>
        <time>2026-06-21T18:32:31.000Z</time>
        <extensions>
          <ns3:TrackPointExtension>
            <ns3:hr>174</ns3:hr>
          </ns3:TrackPointExtension>
        </extensions>
      </trkpt>
      <trkpt lat="51.407789289951324462890625" lon="5.4797431267797946929931640625">
        <ele>16.799999237060546875</ele>
        <time>2026-06-21T18:32:40.000Z</time>
        <extensions>
          <ns3:TrackPointExtension>
            <ns3:hr>175</ns3:hr>
          </ns3:TrackPointExtension>
        </extensions>
      </trkpt>
      <trkpt lat="51.40769650228321552276611328125" lon="5.4797947593033313751220703125">
        <ele>16.6000003814697265625</ele>
        <time>2026-06-21T18:32:48.000Z</time>
        <extensions>
          <ns3:TrackPointExtension>
            <ns3:hr>176</ns3:hr>
          </ns3:TrackPointExtension>
        </extensions>
      </trkpt>
      <trkpt lat="51.4076484739780426025390625" lon="5.479809008538722991943359375">
        <ele>16.799999237060546875</ele>
        <time>2026-06-21T18:32:54.000Z</time>
        <extensions>
          <ns3:TrackPointExtension>
            <ns3:hr>173</ns3:hr>
          </ns3:TrackPointExtension>
        </extensions>
      </trkpt>
      <trkpt lat="51.40760916285216808319091796875" lon="5.4798349924385547637939453125">
        <ele>16.799999237060546875</ele>
        <time>2026-06-21T18:32:58.000Z</time>
        <extensions>
          <ns3:TrackPointExtension>
            <ns3:hr>172</ns3:hr>
          </ns3:TrackPointExtension>
        </extensions>
      </trkpt>
      <trkpt lat="51.4075058139860630035400390625" lon="5.47990783117711544036865234375">
        <ele>17</ele>
        <time>2026-06-21T18:33:08.000Z</time>
        <extensions>
          <ns3:TrackPointExtension>
            <ns3:hr>174</ns3:hr>
          </ns3:TrackPointExtension>
        </extensions>
      </trkpt>
      <trkpt lat="51.40749491751194000244140625" lon="5.4799114353954792022705078125">
        <ele>17</ele>
        <time>2026-06-21T18:33:09.000Z</time>
        <extensions>
          <ns3:TrackPointExtension>
            <ns3:hr>174</ns3:hr>
          </ns3:TrackPointExtension>
        </extensions>
      </trkpt>
      <trkpt lat="51.4073936641216278076171875" lon="5.47993465326726436614990234375">
        <ele>17</ele>
        <time>2026-06-21T18:33:18.000Z</time>
        <extensions>
          <ns3:TrackPointExtension>
            <ns3:hr>175</ns3:hr>
          </ns3:TrackPointExtension>
        </extensions>
      </trkpt>
      <trkpt lat="51.40730540268123149871826171875" lon="5.479934401810169219970703125">
        <ele>17</ele>
        <time>2026-06-21T18:33:26.000Z</time>
        <extensions>
          <ns3:TrackPointExtension>
            <ns3:hr>176</ns3:hr>
          </ns3:TrackPointExtension>
        </extensions>
      </trkpt>
      <trkpt lat="51.40718067996203899383544921875" lon="5.47992945648729801177978515625">
        <ele>17</ele>
        <time>2026-06-21T18:33:38.000Z</time>
        <extensions>
          <ns3:TrackPointExtension>
            <ns3:hr>176</ns3:hr>
          </ns3:TrackPointExtension>
        </extensions>
      </trkpt>
      <trkpt lat="51.4070464856922626495361328125" lon="5.4799201525747776031494140625">
        <ele>16.799999237060546875</ele>
        <time>2026-06-21T18:33:49.000Z</time>
        <extensions>
          <ns3:TrackPointExtension>
            <ns3:hr>174</ns3:hr>
          </ns3:TrackPointExtension>
        </extensions>
      </trkpt>
      <trkpt lat="51.40690307132899761199951171875" lon="5.47989986836910247802734375">
        <ele>17.200000762939453125</ele>
        <time>2026-06-21T18:34:01.000Z</time>
        <extensions>
          <ns3:TrackPointExtension>
            <ns3:hr>173</ns3:hr>
          </ns3:TrackPointExtension>
        </extensions>
      </trkpt>
      <trkpt lat="51.40681707300245761871337890625" lon="5.4799020476639270782470703125">
        <ele>17</ele>
        <time>2026-06-21T18:34:08.000Z</time>
        <extensions>
          <ns3:TrackPointExtension>
            <ns3:hr>174</ns3:hr>
          </ns3:TrackPointExtension>
        </extensions>
      </trkpt>
      <trkpt lat="51.4067309908568859100341796875" lon="5.47994068823754787445068359375">
        <ele>17.200000762939453125</ele>
        <time>2026-06-21T18:34:17.000Z</time>
        <extensions>
          <ns3:TrackPointExtension>
            <ns3:hr>174</ns3:hr>
          </ns3:TrackPointExtension>
        </extensions>
      </trkpt>
      <trkpt lat="51.40665672719478607177734375" lon="5.48002584837377071380615234375">
        <ele>17</ele>
        <time>2026-06-21T18:34:26.000Z</time>
        <extensions>
          <ns3:TrackPointExtension>
            <ns3:hr>174</ns3:hr>
          </ns3:TrackPointExtension>
        </extensions>
      </trkpt>
      <trkpt lat="51.4065556414425373077392578125" lon="5.480098687112331390380859375">
        <ele>17</ele>
        <time>2026-06-21T18:34:34.000Z</time>
        <extensions>
          <ns3:TrackPointExtension>
            <ns3:hr>175</ns3:hr>
          </ns3:TrackPointExtension>
        </extensions>
      </trkpt>
      <trkpt lat="51.4064253866672515869140625" lon="5.48005132935941219329833984375">
        <ele>17</ele>
        <time>2026-06-21T18:34:45.000Z</time>
        <extensions>
          <ns3:TrackPointExtension>
            <ns3:hr>174</ns3:hr>
          </ns3:TrackPointExtension>
        </extensions>
      </trkpt>
      <trkpt lat="51.40638054348528385162353515625" lon="5.48002232797443866729736328125">
        <ele>17.200000762939453125</ele>
        <time>2026-06-21T18:34:49.000Z</time>
        <extensions>
          <ns3:TrackPointExtension>
            <ns3:hr>175</ns3:hr>
          </ns3:TrackPointExtension>
        </extensions>
      </trkpt>
      <trkpt lat="51.4063568226993083953857421875" lon="5.47999802045524120330810546875">
        <ele>17.200000762939453125</ele>
        <time>2026-06-21T18:34:51.000Z</time>
        <extensions>
          <ns3:TrackPointExtension>
            <ns3:hr>175</ns3:hr>
          </ns3:TrackPointExtension>
        </extensions>
      </trkpt>
      <trkpt lat="51.40632807277143001556396484375" lon="5.47991084866225719451904296875">
        <ele>17.6000003814697265625</ele>
        <time>2026-06-21T18:34:55.000Z</time>
        <extensions>
          <ns3:TrackPointExtension>
            <ns3:hr>175</ns3:hr>
          </ns3:TrackPointExtension>
        </extensions>
      </trkpt>
    </trkseg>
  </trk>
</gpx>
