<?xml version="1.0" encoding="UTF-8"?>
<gpx creator="Garmin Connect" version="1.1"
  xsi:schemaLocation="http://www.topografix.com/GPX/1/1 http://www.topografix.com/GPX/11.xsd"
  xmlns:ns3="http://www.garmin.com/xmlschemas/TrackPointExtension/v1"
  xmlns="http://www.topografix.com/GPX/1/1"
  xmlns:xsi="http://www.w3.org/2001/XMLSchema-instance" xmlns:ns2="http://www.garmin.com/xmlschemas/GpxExtensions/v3">
  <metadata>
    <link href="connect.garmin.com">
      <text>Garmin Connect</text>
    </link>
    <time>2026-09-05T12:54:24.000Z</time>
  </metadata>
  <trk>
    <name>Montferland Wandelen</name>
    <type>walking</type>
    <trkseg>
      <trkpt lat="51.90273153595626354217529296875" lon="6.19866482913494110107421875">
        <ele>28</ele>
        <time>2026-09-05T12:54:24.000Z</time>
        <extensions>
          <ns3:TrackPointExtension>
            <ns3:hr>136</ns3:hr>
          </ns3:TrackPointExtension>
        </extensions>
      </trkpt>
      <trkpt lat="51.90273187123239040374755859375" lon="6.1986767314374446868896484375">
        <ele>28.200000762939453125</ele>
        <time>2026-09-05T12:54:25.000Z</time>
        <extensions>
          <ns3:TrackPointExtension>
            <ns3:hr>136</ns3:hr>
          </ns3:TrackPointExtension>
        </extensions>
      </trkpt>
      <trkpt lat="51.90271527506411075592041015625" lon="6.19871017523109912872314453125">
        <ele>28</ele>
        <time>2026-09-05T12:54:28.000Z</time>
        <extensions>
          <ns3:TrackPointExtension>
            <ns3:hr>137</ns3:hr>
          </ns3:TrackPointExtension>
        </extensions>
      </trkpt>
      <trkpt lat="51.90269079990684986114501953125" lon="6.19874990545213222503662109375">
        <ele>27.799999237060546875</ele>
        <time>2026-09-05T12:54:32.000Z</time>
        <extensions>
          <ns3:TrackPointExtension>
            <ns3:hr>135</ns3:hr>
          </ns3:TrackPointExtension>
        </extensions>
      </trkpt>
      <trkpt lat="51.9026942364871501922607421875" lon="6.1987930722534656524658203125">
        <ele>28.200000762939453125</ele>
        <time>2026-09-05T12:54:37.000Z</time>
        <extensions>
          <ns3:TrackPointExtension>
            <ns3:hr>135</ns3:hr>
          </ns3:TrackPointExtension>
        </extensions>
      </trkpt>
      <trkpt lat="51.90268174745142459869384765625" lon="6.19883112609386444091796875">
        <ele>28.200000762939453125</ele>
        <time>2026-09-05T12:54:39.000Z</time>
        <extensions>
          <ns3:TrackPointExtension>
            <ns3:hr>135</ns3:hr>
          </ns3:TrackPointExtension>
        </extensions>
      </trkpt>
      <trkpt lat="51.90261770971119403839111328125" lon="6.1989996023476123809814453125">
        <ele>28.6000003814697265625</ele>
        <time>2026-09-05T12:54:49.000Z</time>
        <extensions>
          <ns3:TrackPointExtension>
            <ns3:hr>134</ns3:hr>
          </ns3:TrackPointExtension>
        </extensions>
      </trkpt>
      <trkpt lat="51.90258820541203022003173828125" lon="6.1990864388644695281982421875">
        <ele>29.200000762939453125</ele>
        <time>2026-09-05T12:54:55.000Z</time>
        <extensions>
          <ns3:TrackPointExtension>
            <ns3:hr>133</ns3:hr>
          </ns3:TrackPointExtension>
        </extensions>
      </trkpt>
      <trkpt lat="51.90256540663540363311767578125" lon="6.1991380713880062103271484375">
        <ele>29.799999237060546875</ele>
        <time>2026-09-05T12:54:59.000Z</time>
        <extensions>
          <ns3:TrackPointExtension>
            <ns3:hr>133</ns3:hr>
          </ns3:TrackPointExtension>
        </extensions>
      </trkpt>
      <trkpt lat="51.9025557674467563629150390625" lon="6.1991829983890056610107421875">
        <ele>29.799999237060546875</ele>
        <time>2026-09-05T12:55:07.000Z</time>
        <extensions>
          <ns3:TrackPointExtension>
            <ns3:hr>132</ns3:hr>
          </ns3:TrackPointExtension>
        </extensions>
      </trkpt>
      <trkpt lat="51.902565322816371917724609375" lon="6.19918123818933963775634765625">
        <ele>30</ele>
        <time>2026-09-05T12:55:13.000Z</time>
        <extensions>
          <ns3:TrackPointExtension>
            <ns3:hr>129</ns3:hr>
          </ns3:TrackPointExtension>
        </extensions>
      </trkpt>
      <trkpt lat="51.9025614671409130096435546875" lon="6.19918392039835453033447265625">
        <ele>30</ele>
        <time>2026-09-05T12:55:15.000Z</time>
        <extensions>
          <ns3:TrackPointExtension>
            <ns3:hr>125</ns3:hr>
          </ns3:TrackPointExtension>
        </extensions>
      </trkpt>
      <trkpt lat="51.90255752764642238616943359375" lon="6.1991871893405914306640625">
        <ele>30.200000762939453125</ele>
        <time>2026-09-05T12:55:16.000Z</time>
        <extensions>
          <ns3:TrackPointExtension>
            <ns3:hr>124</ns3:hr>
          </ns3:TrackPointExtension>
        </extensions>
      </trkpt>
      <trkpt lat="51.90254730172455310821533203125" lon="6.19920303113758563995361328125">
        <ele>30.3999996185302734375</ele>
        <time>2026-09-05T12:55:20.000Z</time>
        <extensions>
          <ns3:TrackPointExtension>
            <ns3:hr>122</ns3:hr>
          </ns3:TrackPointExtension>
        </extensions>
      </trkpt>
      <trkpt lat="51.902536489069461822509765625" lon="6.19922968558967113494873046875">
        <ele>30.3999996185302734375</ele>
        <time>2026-09-05T12:55:24.000Z</time>
        <extensions>
          <ns3:TrackPointExtension>
            <ns3:hr>125</ns3:hr>
          </ns3:TrackPointExtension>
        </extensions>
      </trkpt>
      <trkpt lat="51.90251930616796016693115234375" lon="6.19926304556429386138916015625">
        <ele>30.6000003814697265625</ele>
        <time>2026-09-05T12:55:29.000Z</time>
        <extensions>
          <ns3:TrackPointExtension>
            <ns3:hr>123</ns3:hr>
          </ns3:TrackPointExtension>
        </extensions>
      </trkpt>
      <trkpt lat="51.90248812548816204071044921875" lon="6.199333034455776214599609375">
        <ele>30.3999996185302734375</ele>
        <time>2026-09-05T12:55:36.000Z</time>
        <extensions>
          <ns3:TrackPointExtension>
            <ns3:hr>127</ns3:hr>
          </ns3:TrackPointExtension>
        </extensions>
      </trkpt>
      <trkpt lat="51.90247152931988239288330078125" lon="6.199363879859447479248046875">
        <ele>30</ele>
        <time>2026-09-05T12:55:39.000Z</time>
        <extensions>
          <ns3:TrackPointExtension>
            <ns3:hr>128</ns3:hr>
          </ns3:TrackPointExtension>
        </extensions>
      </trkpt>
      <trkpt lat="51.90245392732322216033935546875" lon="6.199392713606357574462890625">
        <ele>30.200000762939453125</ele>
        <time>2026-09-05T12:55:43.000Z</time>
        <extensions>
          <ns3:TrackPointExtension>
            <ns3:hr>124</ns3:hr>
          </ns3:TrackPointExtension>
        </extensions>
      </trkpt>
      <trkpt lat="51.90243766643106937408447265625" lon="6.199423559010028839111328125">
        <ele>30.6000003814697265625</ele>
        <time>2026-09-05T12:55:46.000Z</time>
        <extensions>
          <ns3:TrackPointExtension>
            <ns3:hr>124</ns3:hr>
          </ns3:TrackPointExtension>
        </extensions>
      </trkpt>
      <trkpt lat="51.902429200708866119384765625" lon="6.19952573440968990325927734375">
        <ele>31</ele>
        <time>2026-09-05T12:55:53.000Z</time>
        <extensions>
          <ns3:TrackPointExtension>
            <ns3:hr>122</ns3:hr>
          </ns3:TrackPointExtension>
        </extensions>
      </trkpt>
      <trkpt lat="51.9024364091455936431884765625" lon="6.19953646324574947357177734375">
        <ele>31</ele>
        <time>2026-09-05T12:55:54.000Z</time>
        <extensions>
          <ns3:TrackPointExtension>
            <ns3:hr>122</ns3:hr>
          </ns3:TrackPointExtension>
        </extensions>
      </trkpt>
      <trkpt lat="51.90252584405243396759033203125" lon="6.19959580712020397186279296875">
        <ele>30.799999237060546875</ele>
        <time>2026-09-05T12:56:02.000Z</time>
        <extensions>
          <ns3:TrackPointExtension>
            <ns3:hr>126</ns3:hr>
          </ns3:TrackPointExtension>
        </extensions>
      </trkpt>
      <trkpt lat="51.902533471584320068359375" lon="6.19960385374724864959716796875">
        <ele>30.799999237060546875</ele>
        <time>2026-09-05T12:56:03.000Z</time>
        <extensions>
          <ns3:TrackPointExtension>
            <ns3:hr>129</ns3:hr>
          </ns3:TrackPointExtension>
        </extensions>
      </trkpt>
      <trkpt lat="51.90258049406111240386962890625" lon="6.199638806283473968505859375">
        <ele>30.200000762939453125</ele>
        <time>2026-09-05T12:56:08.000Z</time>
        <extensions>
          <ns3:TrackPointExtension>
            <ns3:hr>132</ns3:hr>
          </ns3:TrackPointExtension>
        </extensions>
      </trkpt>
      <trkpt lat="51.90261687152087688446044921875" lon="6.1996822245419025421142578125">
        <ele>30.799999237060546875</ele>
        <time>2026-09-05T12:56:13.000Z</time>
        <extensions>
          <ns3:TrackPointExtension>
            <ns3:hr>131</ns3:hr>
          </ns3:TrackPointExtension>
        </extensions>
      </trkpt>
      <trkpt lat="51.9026871956884860992431640625" lon="6.19978456757962703704833984375">
        <ele>31.3999996185302734375</ele>
        <time>2026-09-05T12:56:22.000Z</time>
        <extensions>
          <ns3:TrackPointExtension>
            <ns3:hr>129</ns3:hr>
          </ns3:TrackPointExtension>
        </extensions>
      </trkpt>
      <trkpt lat="51.902791298925876617431640625" lon="6.1998884193599224090576171875">
        <ele>31.200000762939453125</ele>
        <time>2026-09-05T12:56:34.000Z</time>
        <extensions>
          <ns3:TrackPointExtension>
            <ns3:hr>129</ns3:hr>
          </ns3:TrackPointExtension>
        </extensions>
      </trkpt>
      <trkpt lat="51.90289028920233249664306640625" lon="6.20001976378262042999267578125">
        <ele>31.3999996185302734375</ele>
        <time>2026-09-05T12:56:44.000Z</time>
        <extensions>
          <ns3:TrackPointExtension>
            <ns3:hr>128</ns3:hr>
          </ns3:TrackPointExtension>
        </extensions>
      </trkpt>
      <trkpt lat="51.90297343768179416656494140625" lon="6.2001013197004795074462890625">
        <ele>31.6000003814697265625</ele>
        <time>2026-09-05T12:56:55.000Z</time>
        <extensions>
          <ns3:TrackPointExtension>
            <ns3:hr>128</ns3:hr>
          </ns3:TrackPointExtension>
        </extensions>
      </trkpt>
      <trkpt lat="51.90303160808980464935302734375" lon="6.200169883668422698974609375">
        <ele>32.40000152587890625</ele>
        <time>2026-09-05T12:57:02.000Z</time>
        <extensions>
          <ns3:TrackPointExtension>
            <ns3:hr>127</ns3:hr>
          </ns3:TrackPointExtension>
        </extensions>
      </trkpt>
      <trkpt lat="51.9030767865478992462158203125" lon="6.20021388866007328033447265625">
        <ele>32.59999847412109375</ele>
        <time>2026-09-05T12:57:06.000Z</time>
        <extensions>
          <ns3:TrackPointExtension>
            <ns3:hr>126</ns3:hr>
          </ns3:TrackPointExtension>
        </extensions>
      </trkpt>
      <trkpt lat="51.90316068939864635467529296875" lon="6.200325451791286468505859375">
        <ele>32.799999237060546875</ele>
        <time>2026-09-05T12:57:16.000Z</time>
        <extensions>
          <ns3:TrackPointExtension>
            <ns3:hr>128</ns3:hr>
          </ns3:TrackPointExtension>
        </extensions>
      </trkpt>
      <trkpt lat="51.903235875070095062255859375" lon="6.2004285492002964019775390625">
        <ele>33</ele>
        <time>2026-09-05T12:57:25.000Z</time>
        <extensions>
          <ns3:TrackPointExtension>
            <ns3:hr>130</ns3:hr>
          </ns3:TrackPointExtension>
        </extensions>
      </trkpt>
      <trkpt lat="51.90332279540598392486572265625" lon="6.20053709484636783599853515625">
        <ele>33.200000762939453125</ele>
        <time>2026-09-05T12:57:35.000Z</time>
        <extensions>
          <ns3:TrackPointExtension>
            <ns3:hr>130</ns3:hr>
          </ns3:TrackPointExtension>
        </extensions>
      </trkpt>
      <trkpt lat="51.903426982462406158447265625" lon="6.2006478197872638702392578125">
        <ele>32.799999237060546875</ele>
        <time>2026-09-05T12:57:46.000Z</time>
        <extensions>
          <ns3:TrackPointExtension>
            <ns3:hr>129</ns3:hr>
          </ns3:TrackPointExtension>
        </extensions>
      </trkpt>
      <trkpt lat="51.903498061001300811767578125" lon="6.20073641650378704071044921875">
        <ele>33.40000152587890625</ele>
        <time>2026-09-05T12:57:55.000Z</time>
        <extensions>
          <ns3:TrackPointExtension>
            <ns3:hr>129</ns3:hr>
          </ns3:TrackPointExtension>
        </extensions>
      </trkpt>
      <trkpt lat="51.9035166688263416290283203125" lon="6.20076139457523822784423828125">
        <ele>33.59999847412109375</ele>
        <time>2026-09-05T12:57:57.000Z</time>
        <extensions>
          <ns3:TrackPointExtension>
            <ns3:hr>129</ns3:hr>
          </ns3:TrackPointExtension>
        </extensions>
      </trkpt>
      <trkpt lat="51.90361565910279750823974609375" lon="6.2008882127702236175537109375">
        <ele>34</ele>
        <time>2026-09-05T12:58:08.000Z</time>
        <extensions>
          <ns3:TrackPointExtension>
            <ns3:hr>129</ns3:hr>
          </ns3:TrackPointExtension>
        </extensions>
      </trkpt>
      <trkpt lat="51.90367835573852062225341796875" lon="6.20098435319960117340087890625">
        <ele>34.200000762939453125</ele>
        <time>2026-09-05T12:58:17.000Z</time>
        <extensions>
          <ns3:TrackPointExtension>
            <ns3:hr>132</ns3:hr>
          </ns3:TrackPointExtension>
        </extensions>
      </trkpt>
      <trkpt lat="51.90375647507607936859130859375" lon="6.2010739557445049285888671875">
        <ele>34.59999847412109375</ele>
        <time>2026-09-05T12:58:25.000Z</time>
        <extensions>
          <ns3:TrackPointExtension>
            <ns3:hr>132</ns3:hr>
          </ns3:TrackPointExtension>
        </extensions>
      </trkpt>
      <trkpt lat="51.90377005375921726226806640625" lon="6.20108895935118198394775390625">
        <ele>34.799999237060546875</ele>
        <time>2026-09-05T12:58:27.000Z</time>
        <extensions>
          <ns3:TrackPointExtension>
            <ns3:hr>133</ns3:hr>
          </ns3:TrackPointExtension>
        </extensions>
      </trkpt>
      <trkpt lat="51.903860159218311309814453125" lon="6.20119222439825534820556640625">
        <ele>35</ele>
        <time>2026-09-05T12:58:37.000Z</time>
        <extensions>
          <ns3:TrackPointExtension>
            <ns3:hr>132</ns3:hr>
          </ns3:TrackPointExtension>
        </extensions>
      </trkpt>
      <trkpt lat="51.9039322435855865478515625" lon="6.20126296766102313995361328125">
        <ele>34.799999237060546875</ele>
        <time>2026-09-05T12:58:44.000Z</time>
        <extensions>
          <ns3:TrackPointExtension>
            <ns3:hr>135</ns3:hr>
          </ns3:TrackPointExtension>
        </extensions>
      </trkpt>
      <trkpt lat="51.903960071504116058349609375" lon="6.2012905441224575042724609375">
        <ele>35</ele>
        <time>2026-09-05T12:58:47.000Z</time>
        <extensions>
          <ns3:TrackPointExtension>
            <ns3:hr>135</ns3:hr>
          </ns3:TrackPointExtension>
        </extensions>
      </trkpt>
      <trkpt lat="51.9040356762707233428955078125" lon="6.2013669870793819427490234375">
        <ele>35.40000152587890625</ele>
        <time>2026-09-05T12:58:56.000Z</time>
        <extensions>
          <ns3:TrackPointExtension>
            <ns3:hr>134</ns3:hr>
          </ns3:TrackPointExtension>
        </extensions>
      </trkpt>
      <trkpt lat="51.90408655442297458648681640625" lon="6.201445274055004119873046875">
        <ele>35.59999847412109375</ele>
        <time>2026-09-05T12:59:02.000Z</time>
        <extensions>
          <ns3:TrackPointExtension>
            <ns3:hr>134</ns3:hr>
          </ns3:TrackPointExtension>
        </extensions>
      </trkpt>
      <trkpt lat="51.904133073985576629638671875" lon="6.20149933733046054840087890625">
        <ele>35.799999237060546875</ele>
        <time>2026-09-05T12:59:07.000Z</time>
        <extensions>
          <ns3:TrackPointExtension>
            <ns3:hr>134</ns3:hr>
          </ns3:TrackPointExtension>
        </extensions>
      </trkpt>
      <trkpt lat="51.90417456440627574920654296875" lon="6.20155164040625095367431640625">
        <ele>36.200000762939453125</ele>
        <time>2026-09-05T12:59:14.000Z</time>
        <extensions>
          <ns3:TrackPointExtension>
            <ns3:hr>137</ns3:hr>
          </ns3:TrackPointExtension>
        </extensions>
      </trkpt>
      <trkpt lat="51.904192753136157989501953125" lon="6.20157376863062381744384765625">
        <ele>36.200000762939453125</ele>
        <time>2026-09-05T12:59:16.000Z</time>
        <extensions>
          <ns3:TrackPointExtension>
            <ns3:hr>137</ns3:hr>
          </ns3:TrackPointExtension>
        </extensions>
      </trkpt>
      <trkpt lat="51.90426643006503582000732421875" lon="6.201634705066680908203125">
        <ele>36.59999847412109375</ele>
        <time>2026-09-05T12:59:23.000Z</time>
        <extensions>
          <ns3:TrackPointExtension>
            <ns3:hr>138</ns3:hr>
          </ns3:TrackPointExtension>
        </extensions>
      </trkpt>
      <trkpt lat="51.90428453497588634490966796875" lon="6.20165691711008548736572265625">
        <ele>36.799999237060546875</ele>
        <time>2026-09-05T12:59:26.000Z</time>
        <extensions>
          <ns3:TrackPointExtension>
            <ns3:hr>139</ns3:hr>
          </ns3:TrackPointExtension>
        </extensions>
      </trkpt>
      <trkpt lat="51.9043732993304729461669921875" lon="6.20176772587001323699951171875">
        <ele>37.40000152587890625</ele>
        <time>2026-09-05T12:59:37.000Z</time>
        <extensions>
          <ns3:TrackPointExtension>
            <ns3:hr>139</ns3:hr>
          </ns3:TrackPointExtension>
        </extensions>
      </trkpt>
      <trkpt lat="51.90439266152679920196533203125" lon="6.20178801007568836212158203125">
        <ele>37.59999847412109375</ele>
        <time>2026-09-05T12:59:39.000Z</time>
        <extensions>
          <ns3:TrackPointExtension>
            <ns3:hr>140</ns3:hr>
          </ns3:TrackPointExtension>
        </extensions>
      </trkpt>
      <trkpt lat="51.90444429405033588409423828125" lon="6.20183159597218036651611328125">
        <ele>38</ele>
        <time>2026-09-05T12:59:44.000Z</time>
        <extensions>
          <ns3:TrackPointExtension>
            <ns3:hr>143</ns3:hr>
          </ns3:TrackPointExtension>
        </extensions>
      </trkpt>
      <trkpt lat="51.90447128377854824066162109375" lon="6.2018608488142490386962890625">
        <ele>38</ele>
        <time>2026-09-05T12:59:47.000Z</time>
        <extensions>
          <ns3:TrackPointExtension>
            <ns3:hr>144</ns3:hr>
          </ns3:TrackPointExtension>
        </extensions>
      </trkpt>
      <trkpt lat="51.90457086078822612762451171875" lon="6.20196738280355930328369140625">
        <ele>38.200000762939453125</ele>
        <time>2026-09-05T12:59:57.000Z</time>
        <extensions>
          <ns3:TrackPointExtension>
            <ns3:hr>144</ns3:hr>
          </ns3:TrackPointExtension>
        </extensions>
      </trkpt>
      <trkpt lat="51.9046509079635143280029296875" lon="6.20205053128302097320556640625">
        <ele>38.59999847412109375</ele>
        <time>2026-09-05T13:00:06.000Z</time>
        <extensions>
          <ns3:TrackPointExtension>
            <ns3:hr>144</ns3:hr>
          </ns3:TrackPointExtension>
        </extensions>
      </trkpt>
      <trkpt lat="51.904689632356166839599609375" lon="6.20207886211574077606201171875">
        <ele>38.59999847412109375</ele>
        <time>2026-09-05T13:00:11.000Z</time>
        <extensions>
          <ns3:TrackPointExtension>
            <ns3:hr>142</ns3:hr>
          </ns3:TrackPointExtension>
        </extensions>
      </trkpt>
      <trkpt lat="51.90473623573780059814453125" lon="6.2021107971668243408203125">
        <ele>38.799999237060546875</ele>
        <time>2026-09-05T13:00:15.000Z</time>
        <extensions>
          <ns3:TrackPointExtension>
            <ns3:hr>141</ns3:hr>
          </ns3:TrackPointExtension>
        </extensions>
      </trkpt>
      <trkpt lat="51.90484997816383838653564453125" lon="6.20223174802958965301513671875">
        <ele>38.799999237060546875</ele>
        <time>2026-09-05T13:00:25.000Z</time>
        <extensions>
          <ns3:TrackPointExtension>
            <ns3:hr>140</ns3:hr>
          </ns3:TrackPointExtension>
        </extensions>
      </trkpt>
      <trkpt lat="51.9048892892897129058837890625" lon="6.20229310356080532073974609375">
        <ele>39</ele>
        <time>2026-09-05T13:00:31.000Z</time>
        <extensions>
          <ns3:TrackPointExtension>
            <ns3:hr>137</ns3:hr>
          </ns3:TrackPointExtension>
        </extensions>
      </trkpt>
      <trkpt lat="51.90490546636283397674560546875" lon="6.2023228593170642852783203125">
        <ele>39</ele>
        <time>2026-09-05T13:00:34.000Z</time>
        <extensions>
          <ns3:TrackPointExtension>
            <ns3:hr>136</ns3:hr>
          </ns3:TrackPointExtension>
        </extensions>
      </trkpt>
      <trkpt lat="51.9049724377691745758056640625" lon="6.2024096958339214324951171875">
        <ele>39.200000762939453125</ele>
        <time>2026-09-05T13:00:43.000Z</time>
        <extensions>
          <ns3:TrackPointExtension>
            <ns3:hr>136</ns3:hr>
          </ns3:TrackPointExtension>
        </extensions>
      </trkpt>
      <trkpt lat="51.9050669856369495391845703125" lon="6.20247448794543743133544921875">
        <ele>39.59999847412109375</ele>
        <time>2026-09-05T13:00:53.000Z</time>
        <extensions>
          <ns3:TrackPointExtension>
            <ns3:hr>136</ns3:hr>
          </ns3:TrackPointExtension>
        </extensions>
      </trkpt>
      <trkpt lat="51.90515189431607723236083984375" lon="6.20245755650103092193603515625">
        <ele>39.200000762939453125</ele>
        <time>2026-09-05T13:01:02.000Z</time>
        <extensions>
          <ns3:TrackPointExtension>
            <ns3:hr>135</ns3:hr>
          </ns3:TrackPointExtension>
        </extensions>
      </trkpt>
      <trkpt lat="51.90524023957550525665283203125" lon="6.2024460732936859130859375">
        <ele>39</ele>
        <time>2026-09-05T13:01:11.000Z</time>
        <extensions>
          <ns3:TrackPointExtension>
            <ns3:hr>132</ns3:hr>
          </ns3:TrackPointExtension>
        </extensions>
      </trkpt>
      <trkpt lat="51.90524711273610591888427734375" lon="6.202447079122066497802734375">
        <ele>39</ele>
        <time>2026-09-05T13:01:12.000Z</time>
        <extensions>
          <ns3:TrackPointExtension>
            <ns3:hr>133</ns3:hr>
          </ns3:TrackPointExtension>
        </extensions>
      </trkpt>
      <trkpt lat="51.90533361397683620452880859375" lon="6.20245956815779209136962890625">
        <ele>38.59999847412109375</ele>
        <time>2026-09-05T13:01:19.000Z</time>
        <extensions>
          <ns3:TrackPointExtension>
            <ns3:hr>133</ns3:hr>
          </ns3:TrackPointExtension>
        </extensions>
      </trkpt>
      <trkpt lat="51.9053618609905242919921875" lon="6.20246225036680698394775390625">
        <ele>38.200000762939453125</ele>
        <time>2026-09-05T13:01:22.000Z</time>
        <extensions>
          <ns3:TrackPointExtension>
            <ns3:hr>130</ns3:hr>
          </ns3:TrackPointExtension>
        </extensions>
      </trkpt>
      <trkpt lat="51.9053975678980350494384765625" lon="6.2024750746786594390869140625">
        <ele>37.59999847412109375</ele>
        <time>2026-09-05T13:01:26.000Z</time>
        <extensions>
          <ns3:TrackPointExtension>
            <ns3:hr>129</ns3:hr>
          </ns3:TrackPointExtension>
        </extensions>
      </trkpt>
      <trkpt lat="51.9054542295634746551513671875" lon="6.2024519406259059906005859375">
        <ele>36.59999847412109375</ele>
        <time>2026-09-05T13:01:32.000Z</time>
        <extensions>
          <ns3:TrackPointExtension>
            <ns3:hr>128</ns3:hr>
          </ns3:TrackPointExtension>
        </extensions>
      </trkpt>
      <trkpt lat="51.9055323489010334014892578125" lon="6.2023583985865116119384765625">
        <ele>36</ele>
        <time>2026-09-05T13:01:41.000Z</time>
        <extensions>
          <ns3:TrackPointExtension>
            <ns3:hr>127</ns3:hr>
          </ns3:TrackPointExtension>
        </extensions>
      </trkpt>
      <trkpt lat="51.90565614961087703704833984375" lon="6.20223778299987316131591796875">
        <ele>35.59999847412109375</ele>
        <time>2026-09-05T13:01:52.000Z</time>
        <extensions>
          <ns3:TrackPointExtension>
            <ns3:hr>125</ns3:hr>
          </ns3:TrackPointExtension>
        </extensions>
      </trkpt>
      <trkpt lat="51.90567861311137676239013671875" lon="6.20221615768969058990478515625">
        <ele>35.40000152587890625</ele>
        <time>2026-09-05T13:01:54.000Z</time>
        <extensions>
          <ns3:TrackPointExtension>
            <ns3:hr>125</ns3:hr>
          </ns3:TrackPointExtension>
        </extensions>
      </trkpt>
      <trkpt lat="51.9058280624449253082275390625" lon="6.20214055292308330535888671875">
        <ele>34.40000152587890625</ele>
        <time>2026-09-05T13:02:05.000Z</time>
        <extensions>
          <ns3:TrackPointExtension>
            <ns3:hr>125</ns3:hr>
          </ns3:TrackPointExtension>
        </extensions>
      </trkpt>
      <trkpt lat="51.90584189258515834808349609375" lon="6.2021351046860218048095703125">
        <ele>34.40000152587890625</ele>
        <time>2026-09-05T13:02:06.000Z</time>
        <extensions>
          <ns3:TrackPointExtension>
            <ns3:hr>126</ns3:hr>
          </ns3:TrackPointExtension>
        </extensions>
      </trkpt>
      <trkpt lat="51.905947588384151458740234375" lon="6.202132590115070343017578125">
        <ele>34</ele>
        <time>2026-09-05T13:02:16.000Z</time>
        <extensions>
          <ns3:TrackPointExtension>
            <ns3:hr>125</ns3:hr>
          </ns3:TrackPointExtension>
        </extensions>
      </trkpt>
      <trkpt lat="51.90603568218648433685302734375" lon="6.2022001482546329498291015625">
        <ele>33.40000152587890625</ele>
        <time>2026-09-05T13:02:24.000Z</time>
        <extensions>
          <ns3:TrackPointExtension>
            <ns3:hr>124</ns3:hr>
          </ns3:TrackPointExtension>
        </extensions>
      </trkpt>
      <trkpt lat="51.906119249761104583740234375" lon="6.2023285590112209320068359375">
        <ele>33.59999847412109375</ele>
        <time>2026-09-05T13:02:32.000Z</time>
        <extensions>
          <ns3:TrackPointExtension>
            <ns3:hr>123</ns3:hr>
          </ns3:TrackPointExtension>
        </extensions>
      </trkpt>
      <trkpt lat="51.90621656365692615509033203125" lon="6.20243492536246776580810546875">
        <ele>33.200000762939453125</ele>
        <time>2026-09-05T13:02:42.000Z</time>
        <extensions>
          <ns3:TrackPointExtension>
            <ns3:hr>124</ns3:hr>
          </ns3:TrackPointExtension>
        </extensions>
      </trkpt>
      <trkpt lat="51.9062957726418972015380859375" lon="6.202552020549774169921875">
        <ele>33</ele>
        <time>2026-09-05T13:02:51.000Z</time>
        <extensions>
          <ns3:TrackPointExtension>
            <ns3:hr>124</ns3:hr>
          </ns3:TrackPointExtension>
        </extensions>
      </trkpt>
      <trkpt lat="51.906351260840892791748046875" lon="6.20264715515077114105224609375">
        <ele>32.59999847412109375</ele>
        <time>2026-09-05T13:02:59.000Z</time>
        <extensions>
          <ns3:TrackPointExtension>
            <ns3:hr>127</ns3:hr>
          </ns3:TrackPointExtension>
        </extensions>
      </trkpt>
      <trkpt lat="51.90637213177978992462158203125" lon="6.2026821076869964599609375">
        <ele>32.59999847412109375</ele>
        <time>2026-09-05T13:03:02.000Z</time>
        <extensions>
          <ns3:TrackPointExtension>
            <ns3:hr>127</ns3:hr>
          </ns3:TrackPointExtension>
        </extensions>
      </trkpt>
      <trkpt lat="51.90644019283354282379150390625" lon="6.20274446904659271240234375">
        <ele>32.40000152587890625</ele>
        <time>2026-09-05T13:03:10.000Z</time>
        <extensions>
          <ns3:TrackPointExtension>
            <ns3:hr>127</ns3:hr>
          </ns3:TrackPointExtension>
        </extensions>
      </trkpt>
      <trkpt lat="51.9064657576382160186767578125" lon="6.20274312794208526611328125">
        <ele>32</ele>
        <time>2026-09-05T13:03:13.000Z</time>
        <extensions>
          <ns3:TrackPointExtension>
            <ns3:hr>126</ns3:hr>
          </ns3:TrackPointExtension>
        </extensions>
      </trkpt>
      <trkpt lat="51.9065532647073268890380859375" lon="6.2027040682733058929443359375">
        <ele>32.40000152587890625</ele>
        <time>2026-09-05T13:03:22.000Z</time>
        <extensions>
          <ns3:TrackPointExtension>
            <ns3:hr>126</ns3:hr>
          </ns3:TrackPointExtension>
        </extensions>
      </trkpt>
      <trkpt lat="51.90661319531500339508056640625" lon="6.20264120399951934814453125">
        <ele>31.3999996185302734375</ele>
        <time>2026-09-05T13:03:29.000Z</time>
        <extensions>
          <ns3:TrackPointExtension>
            <ns3:hr>125</ns3:hr>
          </ns3:TrackPointExtension>
        </extensions>
      </trkpt>
      <trkpt lat="51.9066340662539005279541015625" lon="6.202613376080989837646484375">
        <ele>30.799999237060546875</ele>
        <time>2026-09-05T13:03:32.000Z</time>
        <extensions>
          <ns3:TrackPointExtension>
            <ns3:hr>125</ns3:hr>
          </ns3:TrackPointExtension>
        </extensions>
      </trkpt>
      <trkpt lat="51.90666918642818927764892578125" lon="6.20258353650569915771484375">
        <ele>30.200000762939453125</ele>
        <time>2026-09-05T13:03:35.000Z</time>
        <extensions>
          <ns3:TrackPointExtension>
            <ns3:hr>124</ns3:hr>
          </ns3:TrackPointExtension>
        </extensions>
      </trkpt>
      <trkpt lat="51.90671880729496479034423828125" lon="6.2025216780602931976318359375">
        <ele>30</ele>
        <time>2026-09-05T13:03:40.000Z</time>
        <extensions>
          <ns3:TrackPointExtension>
            <ns3:hr>124</ns3:hr>
          </ns3:TrackPointExtension>
        </extensions>
      </trkpt>
      <trkpt lat="51.9067561067640781402587890625" lon="6.2024579755961894989013671875">
        <ele>30.799999237060546875</ele>
        <time>2026-09-05T13:03:45.000Z</time>
        <extensions>
          <ns3:TrackPointExtension>
            <ns3:hr>127</ns3:hr>
          </ns3:TrackPointExtension>
        </extensions>
      </trkpt>
      <trkpt lat="51.90677328966557979583740234375" lon="6.2024345062673091888427734375">
        <ele>31</ele>
        <time>2026-09-05T13:03:48.000Z</time>
        <extensions>
          <ns3:TrackPointExtension>
            <ns3:hr>128</ns3:hr>
          </ns3:TrackPointExtension>
        </extensions>
      </trkpt>
      <trkpt lat="51.9068747945129871368408203125" lon="6.202306263148784637451171875">
        <ele>30.200000762939453125</ele>
        <time>2026-09-05T13:03:59.000Z</time>
        <extensions>
          <ns3:TrackPointExtension>
            <ns3:hr>127</ns3:hr>
          </ns3:TrackPointExtension>
        </extensions>
      </trkpt>
      <trkpt lat="51.90695333294570446014404296875" lon="6.20218916796147823333740234375">
        <ele>29.799999237060546875</ele>
        <time>2026-09-05T13:04:08.000Z</time>
        <extensions>
          <ns3:TrackPointExtension>
            <ns3:hr>126</ns3:hr>
          </ns3:TrackPointExtension>
        </extensions>
      </trkpt>
      <trkpt lat="51.90701250918209552764892578125" lon="6.20206042192876338958740234375">
        <ele>29.6000003814697265625</ele>
        <time>2026-09-05T13:04:18.000Z</time>
        <extensions>
          <ns3:TrackPointExtension>
            <ns3:hr>125</ns3:hr>
          </ns3:TrackPointExtension>
        </extensions>
      </trkpt>
      <trkpt lat="51.90708442591130733489990234375" lon="6.20194961316883563995361328125">
        <ele>29.200000762939453125</ele>
        <time>2026-09-05T13:04:25.000Z</time>
        <extensions>
          <ns3:TrackPointExtension>
            <ns3:hr>123</ns3:hr>
          </ns3:TrackPointExtension>
        </extensions>
      </trkpt>
      <trkpt lat="51.9070927239954471588134765625" lon="6.2019382975995540618896484375">
        <ele>29</ele>
        <time>2026-09-05T13:04:26.000Z</time>
        <extensions>
          <ns3:TrackPointExtension>
            <ns3:hr>123</ns3:hr>
          </ns3:TrackPointExtension>
        </extensions>
      </trkpt>
      <trkpt lat="51.907149888575077056884765625" lon="6.20184299536049365997314453125">
        <ele>28.799999237060546875</ele>
        <time>2026-09-05T13:04:34.000Z</time>
        <extensions>
          <ns3:TrackPointExtension>
            <ns3:hr>125</ns3:hr>
          </ns3:TrackPointExtension>
        </extensions>
      </trkpt>
      <trkpt lat="51.9072338752448558807373046875" lon="6.20171827264130115509033203125">
        <ele>29</ele>
        <time>2026-09-05T13:04:44.000Z</time>
        <extensions>
          <ns3:TrackPointExtension>
            <ns3:hr>125</ns3:hr>
          </ns3:TrackPointExtension>
        </extensions>
      </trkpt>
      <trkpt lat="51.9072828255593776702880859375" lon="6.2016637064516544342041015625">
        <ele>28</ele>
        <time>2026-09-05T13:04:49.000Z</time>
        <extensions>
          <ns3:TrackPointExtension>
            <ns3:hr>126</ns3:hr>
          </ns3:TrackPointExtension>
        </extensions>
      </trkpt>
      <trkpt lat="51.90731291659176349639892578125" lon="6.201626323163509368896484375">
        <ele>27.6000003814697265625</ele>
        <time>2026-09-05T13:04:52.000Z</time>
        <extensions>
          <ns3:TrackPointExtension>
            <ns3:hr>126</ns3:hr>
          </ns3:TrackPointExtension>
        </extensions>
      </trkpt>
      <trkpt lat="51.9074041955173015594482421875" lon="6.20146916247904300689697265625">
        <ele>27.799999237060546875</ele>
        <time>2026-09-05T13:05:02.000Z</time>
        <extensions>
          <ns3:TrackPointExtension>
            <ns3:hr>127</ns3:hr>
          </ns3:TrackPointExtension>
        </extensions>
      </trkpt>
      <trkpt lat="51.90750771202147006988525390625" lon="6.2013555876910686492919921875">
        <ele>27.6000003814697265625</ele>
        <time>2026-09-05T13:05:13.000Z</time>
        <extensions>
          <ns3:TrackPointExtension>
            <ns3:hr>127</ns3:hr>
          </ns3:TrackPointExtension>
        </extensions>
      </trkpt>
      <trkpt lat="51.90755389630794525146484375" lon="6.20128677226603031158447265625">
        <ele>27</ele>
        <time>2026-09-05T13:05:19.000Z</time>
        <extensions>
          <ns3:TrackPointExtension>
            <ns3:hr>128</ns3:hr>
          </ns3:TrackPointExtension>
        </extensions>
      </trkpt>
      <trkpt lat="51.907576359808444976806640625" lon="6.201250813901424407958984375">
        <ele>27</ele>
        <time>2026-09-05T13:05:22.000Z</time>
        <extensions>
          <ns3:TrackPointExtension>
            <ns3:hr>128</ns3:hr>
          </ns3:TrackPointExtension>
        </extensions>
      </trkpt>
      <trkpt lat="51.90765707753598690032958984375" lon="6.2011145241558551788330078125">
        <ele>26.200000762939453125</ele>
        <time>2026-09-05T13:05:32.000Z</time>
        <extensions>
          <ns3:TrackPointExtension>
            <ns3:hr>126</ns3:hr>
          </ns3:TrackPointExtension>
        </extensions>
      </trkpt>
      <trkpt lat="51.90777358599007129669189453125" lon="6.2009306252002716064453125">
        <ele>26.200000762939453125</ele>
        <time>2026-09-05T13:05:45.000Z</time>
        <extensions>
          <ns3:TrackPointExtension>
            <ns3:hr>125</ns3:hr>
          </ns3:TrackPointExtension>
        </extensions>
      </trkpt>
      <trkpt lat="51.90782907418906688690185546875" lon="6.20086130686104297637939453125">
        <ele>26</ele>
        <time>2026-09-05T13:05:51.000Z</time>
        <extensions>
          <ns3:TrackPointExtension>
            <ns3:hr>125</ns3:hr>
          </ns3:TrackPointExtension>
        </extensions>
      </trkpt>
      <trkpt lat="51.90785371698439121246337890625" lon="6.20082559995353221893310546875">
        <ele>25.799999237060546875</ele>
        <time>2026-09-05T13:05:54.000Z</time>
        <extensions>
          <ns3:TrackPointExtension>
            <ns3:hr>126</ns3:hr>
          </ns3:TrackPointExtension>
        </extensions>
      </trkpt>
      <trkpt lat="51.9079382903873920440673828125" lon="6.2006632424890995025634765625">
        <ele>25.6000003814697265625</ele>
        <time>2026-09-05T13:06:05.000Z</time>
        <extensions>
          <ns3:TrackPointExtension>
            <ns3:hr>125</ns3:hr>
          </ns3:TrackPointExtension>
        </extensions>
      </trkpt>
      <trkpt lat="51.908016242086887359619140625" lon="6.20053298771381378173828125">
        <ele>25</ele>
        <time>2026-09-05T13:06:15.000Z</time>
        <extensions>
          <ns3:TrackPointExtension>
            <ns3:hr>125</ns3:hr>
          </ns3:TrackPointExtension>
        </extensions>
      </trkpt>
      <trkpt lat="51.90807583741843700408935546875" lon="6.20042377151548862457275390625">
        <ele>24.6000003814697265625</ele>
        <time>2026-09-05T13:06:23.000Z</time>
        <extensions>
          <ns3:TrackPointExtension>
            <ns3:hr>126</ns3:hr>
          </ns3:TrackPointExtension>
        </extensions>
      </trkpt>
      <trkpt lat="51.90818346105515956878662109375" lon="6.200240962207317352294921875">
        <ele>24</ele>
        <time>2026-09-05T13:06:36.000Z</time>
        <extensions>
          <ns3:TrackPointExtension>
            <ns3:hr>125</ns3:hr>
          </ns3:TrackPointExtension>
        </extensions>
      </trkpt>
      <trkpt lat="51.90820206888020038604736328125" lon="6.20021455921232700347900390625">
        <ele>24</ele>
        <time>2026-09-05T13:06:38.000Z</time>
        <extensions>
          <ns3:TrackPointExtension>
            <ns3:hr>124</ns3:hr>
          </ns3:TrackPointExtension>
        </extensions>
      </trkpt>
      <trkpt lat="51.90827851183712482452392578125" lon="6.20010291226208209991455078125">
        <ele>23.799999237060546875</ele>
        <time>2026-09-05T13:06:47.000Z</time>
        <extensions>
          <ns3:TrackPointExtension>
            <ns3:hr>123</ns3:hr>
          </ns3:TrackPointExtension>
        </extensions>
      </trkpt>
      <trkpt lat="51.90833182074129581451416015625" lon="6.200027056038379669189453125">
        <ele>23.799999237060546875</ele>
        <time>2026-09-05T13:06:54.000Z</time>
        <extensions>
          <ns3:TrackPointExtension>
            <ns3:hr>126</ns3:hr>
          </ns3:TrackPointExtension>
        </extensions>
      </trkpt>
      <trkpt lat="51.90834925509989261627197265625" lon="6.2000010721385478973388671875">
        <ele>24</ele>
        <time>2026-09-05T13:06:56.000Z</time>
        <extensions>
          <ns3:TrackPointExtension>
            <ns3:hr>126</ns3:hr>
          </ns3:TrackPointExtension>
        </extensions>
      </trkpt>
      <trkpt lat="51.9084572978317737579345703125" lon="6.1999031715095043182373046875">
        <ele>25</ele>
        <time>2026-09-05T13:07:06.000Z</time>
        <extensions>
          <ns3:TrackPointExtension>
            <ns3:hr>128</ns3:hr>
          </ns3:TrackPointExtension>
        </extensions>
      </trkpt>
      <trkpt lat="51.90849845297634601593017578125" lon="6.19992588646709918975830078125">
        <ele>25</ele>
        <time>2026-09-05T13:07:09.000Z</time>
        <extensions>
          <ns3:TrackPointExtension>
            <ns3:hr>130</ns3:hr>
          </ns3:TrackPointExtension>
        </extensions>
      </trkpt>
      <trkpt lat="51.9085491634905338287353515625" lon="6.19996838271617889404296875">
        <ele>25.3999996185302734375</ele>
        <time>2026-09-05T13:07:14.000Z</time>
        <extensions>
          <ns3:TrackPointExtension>
            <ns3:hr>131</ns3:hr>
          </ns3:TrackPointExtension>
        </extensions>
      </trkpt>
      <trkpt lat="51.90858361311256885528564453125" lon="6.1999838054180145263671875">
        <ele>25.200000762939453125</ele>
        <time>2026-09-05T13:07:21.000Z</time>
        <extensions>
          <ns3:TrackPointExtension>
            <ns3:hr>132</ns3:hr>
          </ns3:TrackPointExtension>
        </extensions>
      </trkpt>
      <trkpt lat="51.90868184901773929595947265625" lon="6.20001540519297122955322265625">
        <ele>25.200000762939453125</ele>
        <time>2026-09-05T13:07:30.000Z</time>
        <extensions>
          <ns3:TrackPointExtension>
            <ns3:hr>130</ns3:hr>
          </ns3:TrackPointExtension>
        </extensions>
      </trkpt>
      <trkpt lat="51.9087691046297550201416015625" lon="6.200033761560916900634765625">
        <ele>25</ele>
        <time>2026-09-05T13:07:39.000Z</time>
        <extensions>
          <ns3:TrackPointExtension>
            <ns3:hr>129</ns3:hr>
          </ns3:TrackPointExtension>
        </extensions>
      </trkpt>
      <trkpt lat="51.90885267220437526702880859375" lon="6.20005982927978038787841796875">
        <ele>24.799999237060546875</ele>
        <time>2026-09-05T13:07:47.000Z</time>
        <extensions>
          <ns3:TrackPointExtension>
            <ns3:hr>131</ns3:hr>
          </ns3:TrackPointExtension>
        </extensions>
      </trkpt>
      <trkpt lat="51.90895694307982921600341796875" lon="6.20010090060532093048095703125">
        <ele>25</ele>
        <time>2026-09-05T13:07:56.000Z</time>
        <extensions>
          <ns3:TrackPointExtension>
            <ns3:hr>129</ns3:hr>
          </ns3:TrackPointExtension>
        </extensions>
      </trkpt>
      <trkpt lat="51.90902919508516788482666015625" lon="6.2001398764550685882568359375">
        <ele>24</ele>
        <time>2026-09-05T13:08:03.000Z</time>
        <extensions>
          <ns3:TrackPointExtension>
            <ns3:hr>127</ns3:hr>
          </ns3:TrackPointExtension>
        </extensions>
      </trkpt>
      <trkpt lat="51.90903908573091030120849609375" lon="6.2001492641866207122802734375">
        <ele>24</ele>
        <time>2026-09-05T13:08:04.000Z</time>
        <extensions>
          <ns3:TrackPointExtension>
            <ns3:hr>128</ns3:hr>
          </ns3:TrackPointExtension>
        </extensions>
      </trkpt>
      <trkpt lat="51.90910513512790203094482421875" lon="6.20028312318027019500732421875">
        <ele>24.3999996185302734375</ele>
        <time>2026-09-05T13:08:11.000Z</time>
        <extensions>
          <ns3:TrackPointExtension>
            <ns3:hr>129</ns3:hr>
          </ns3:TrackPointExtension>
        </extensions>
      </trkpt>
      <trkpt lat="51.9091627188026905059814453125" lon="6.2003128789365291595458984375">
        <ele>24.799999237060546875</ele>
        <time>2026-09-05T13:08:18.000Z</time>
        <extensions>
          <ns3:TrackPointExtension>
            <ns3:hr>127</ns3:hr>
          </ns3:TrackPointExtension>
        </extensions>
      </trkpt>
      <trkpt lat="51.9092331267893314361572265625" lon="6.200347580015659332275390625">
        <ele>24.3999996185302734375</ele>
        <time>2026-09-05T13:08:24.000Z</time>
        <extensions>
          <ns3:TrackPointExtension>
            <ns3:hr>128</ns3:hr>
          </ns3:TrackPointExtension>
        </extensions>
      </trkpt>
      <trkpt lat="51.90926154144108295440673828125" lon="6.20037280954420566558837890625">
        <ele>24.6000003814697265625</ele>
        <time>2026-09-05T13:08:27.000Z</time>
        <extensions>
          <ns3:TrackPointExtension>
            <ns3:hr>128</ns3:hr>
          </ns3:TrackPointExtension>
        </extensions>
      </trkpt>
      <trkpt lat="51.90935709513723850250244140625" lon="6.20043684728443622589111328125">
        <ele>24.6000003814697265625</ele>
        <time>2026-09-05T13:08:36.000Z</time>
        <extensions>
          <ns3:TrackPointExtension>
            <ns3:hr>129</ns3:hr>
          </ns3:TrackPointExtension>
        </extensions>
      </trkpt>
      <trkpt lat="51.9094577617943286895751953125" lon="6.2005043216049671173095703125">
        <ele>24.3999996185302734375</ele>
        <time>2026-09-05T13:08:45.000Z</time>
        <extensions>
          <ns3:TrackPointExtension>
            <ns3:hr>127</ns3:hr>
          </ns3:TrackPointExtension>
        </extensions>
      </trkpt>
      <trkpt lat="51.90952540375292301177978515625" lon="6.2005484104156494140625">
        <ele>24.200000762939453125</ele>
        <time>2026-09-05T13:08:51.000Z</time>
        <extensions>
          <ns3:TrackPointExtension>
            <ns3:hr>130</ns3:hr>
          </ns3:TrackPointExtension>
        </extensions>
      </trkpt>
      <trkpt lat="51.90960905514657497406005859375" lon="6.20059727691113948822021484375">
        <ele>24</ele>
        <time>2026-09-05T13:08:58.000Z</time>
        <extensions>
          <ns3:TrackPointExtension>
            <ns3:hr>132</ns3:hr>
          </ns3:TrackPointExtension>
        </extensions>
      </trkpt>
      <trkpt lat="51.90972941927611827850341796875" lon="6.20067891664803028106689453125">
        <ele>24</ele>
        <time>2026-09-05T13:09:10.000Z</time>
        <extensions>
          <ns3:TrackPointExtension>
            <ns3:hr>133</ns3:hr>
          </ns3:TrackPointExtension>
        </extensions>
      </trkpt>
      <trkpt lat="51.90989890135824680328369140625" lon="6.20080246590077877044677734375">
        <ele>23.200000762939453125</ele>
        <time>2026-09-05T13:09:25.000Z</time>
        <extensions>
          <ns3:TrackPointExtension>
            <ns3:hr>135</ns3:hr>
          </ns3:TrackPointExtension>
        </extensions>
      </trkpt>
      <trkpt lat="51.90991365350782871246337890625" lon="6.20081461966037750244140625">
        <ele>23</ele>
        <time>2026-09-05T13:09:27.000Z</time>
        <extensions>
          <ns3:TrackPointExtension>
            <ns3:hr>134</ns3:hr>
          </ns3:TrackPointExtension>
        </extensions>
      </trkpt>
      <trkpt lat="51.9099965505301952362060546875" lon="6.20086424052715301513671875">
        <ele>23</ele>
        <time>2026-09-05T13:09:35.000Z</time>
        <extensions>
          <ns3:TrackPointExtension>
            <ns3:hr>132</ns3:hr>
          </ns3:TrackPointExtension>
        </extensions>
      </trkpt>
      <trkpt lat="51.9101155735552310943603515625" lon="6.2009421922266483306884765625">
        <ele>22.799999237060546875</ele>
        <time>2026-09-05T13:09:45.000Z</time>
        <extensions>
          <ns3:TrackPointExtension>
            <ns3:hr>132</ns3:hr>
          </ns3:TrackPointExtension>
        </extensions>
      </trkpt>
      <trkpt lat="51.9102050922811031341552734375" lon="6.20101511478424072265625">
        <ele>24</ele>
        <time>2026-09-05T13:09:54.000Z</time>
        <extensions>
          <ns3:TrackPointExtension>
            <ns3:hr>131</ns3:hr>
          </ns3:TrackPointExtension>
        </extensions>
      </trkpt>
      <trkpt lat="51.9102101214230060577392578125" lon="6.20102659799158573150634765625">
        <ele>24.3999996185302734375</ele>
        <time>2026-09-05T13:09:56.000Z</time>
        <extensions>
          <ns3:TrackPointExtension>
            <ns3:hr>132</ns3:hr>
          </ns3:TrackPointExtension>
        </extensions>
      </trkpt>
      <trkpt lat="51.9102060981094837188720703125" lon="6.20101519860327243804931640625">
        <ele>23.200000762939453125</ele>
        <time>2026-09-05T13:10:01.000Z</time>
        <extensions>
          <ns3:TrackPointExtension>
            <ns3:hr>129</ns3:hr>
          </ns3:TrackPointExtension>
        </extensions>
      </trkpt>
      <trkpt lat="51.91020525991916656494140625" lon="6.20101218111813068389892578125">
        <ele>22.799999237060546875</ele>
        <time>2026-09-05T13:10:02.000Z</time>
        <extensions>
          <ns3:TrackPointExtension>
            <ns3:hr>128</ns3:hr>
          </ns3:TrackPointExtension>
        </extensions>
      </trkpt>
      <trkpt lat="51.910207606852054595947265625" lon="6.2010109238326549530029296875">
        <ele>23.200000762939453125</ele>
        <time>2026-09-05T13:10:05.000Z</time>
        <extensions>
          <ns3:TrackPointExtension>
            <ns3:hr>125</ns3:hr>
          </ns3:TrackPointExtension>
        </extensions>
      </trkpt>
      <trkpt lat="51.91021406091749668121337890625" lon="6.2010126002132892608642578125">
        <ele>24.200000762939453125</ele>
        <time>2026-09-05T13:10:07.000Z</time>
        <extensions>
          <ns3:TrackPointExtension>
            <ns3:hr>124</ns3:hr>
          </ns3:TrackPointExtension>
        </extensions>
      </trkpt>
      <trkpt lat="51.9102624244987964630126953125" lon="6.20104419998824596405029296875">
        <ele>23.3999996185302734375</ele>
        <time>2026-09-05T13:10:12.000Z</time>
        <extensions>
          <ns3:TrackPointExtension>
            <ns3:hr>125</ns3:hr>
          </ns3:TrackPointExtension>
        </extensions>
      </trkpt>
      <trkpt lat="51.91028111614286899566650390625" lon="6.20106046088039875030517578125">
        <ele>23.200000762939453125</ele>
        <time>2026-09-05T13:10:14.000Z</time>
        <extensions>
          <ns3:TrackPointExtension>
            <ns3:hr>125</ns3:hr>
          </ns3:TrackPointExtension>
        </extensions>
      </trkpt>
      <trkpt lat="51.91038899123668670654296875" lon="6.20113908313214778900146484375">
        <ele>23.6000003814697265625</ele>
        <time>2026-09-05T13:10:25.000Z</time>
        <extensions>
          <ns3:TrackPointExtension>
            <ns3:hr>127</ns3:hr>
          </ns3:TrackPointExtension>
        </extensions>
      </trkpt>
      <trkpt lat="51.91052754409611225128173828125" lon="6.20124243199825286865234375">
        <ele>23</ele>
        <time>2026-09-05T13:10:39.000Z</time>
        <extensions>
          <ns3:TrackPointExtension>
            <ns3:hr>125</ns3:hr>
          </ns3:TrackPointExtension>
        </extensions>
      </trkpt>
      <trkpt lat="51.91065461374819278717041015625" lon="6.2013317830860614776611328125">
        <ele>22.6000003814697265625</ele>
        <time>2026-09-05T13:10:50.000Z</time>
        <extensions>
          <ns3:TrackPointExtension>
            <ns3:hr>124</ns3:hr>
          </ns3:TrackPointExtension>
        </extensions>
      </trkpt>
      <trkpt lat="51.91074681468307971954345703125" lon="6.20140462182462215423583984375">
        <ele>22.799999237060546875</ele>
        <time>2026-09-05T13:10:59.000Z</time>
        <extensions>
          <ns3:TrackPointExtension>
            <ns3:hr>125</ns3:hr>
          </ns3:TrackPointExtension>
        </extensions>
      </trkpt>
      <trkpt lat="51.91075645387172698974609375" lon="6.20141685940325260162353515625">
        <ele>22.6000003814697265625</ele>
        <time>2026-09-05T13:11:05.000Z</time>
        <extensions>
          <ns3:TrackPointExtension>
            <ns3:hr>126</ns3:hr>
          </ns3:TrackPointExtension>
        </extensions>
      </trkpt>
      <trkpt lat="51.91079132258892059326171875" lon="6.20143144391477108001708984375">
        <ele>22.3999996185302734375</ele>
        <time>2026-09-05T13:11:12.000Z</time>
        <extensions>
          <ns3:TrackPointExtension>
            <ns3:hr>125</ns3:hr>
          </ns3:TrackPointExtension>
        </extensions>
      </trkpt>
      <trkpt lat="51.910823173820972442626953125" lon="6.20144787244498729705810546875">
        <ele>22.200000762939453125</ele>
        <time>2026-09-05T13:11:15.000Z</time>
        <extensions>
          <ns3:TrackPointExtension>
            <ns3:hr>125</ns3:hr>
          </ns3:TrackPointExtension>
        </extensions>
      </trkpt>
      <trkpt lat="51.91090405918657779693603515625" lon="6.201498918235301971435546875">
        <ele>21.6000003814697265625</ele>
        <time>2026-09-05T13:11:22.000Z</time>
        <extensions>
          <ns3:TrackPointExtension>
            <ns3:hr>127</ns3:hr>
          </ns3:TrackPointExtension>
        </extensions>
      </trkpt>
      <trkpt lat="51.91102660261094570159912109375" lon="6.20158416219055652618408203125">
        <ele>22.3999996185302734375</ele>
        <time>2026-09-05T13:11:34.000Z</time>
        <extensions>
          <ns3:TrackPointExtension>
            <ns3:hr>129</ns3:hr>
          </ns3:TrackPointExtension>
        </extensions>
      </trkpt>
      <trkpt lat="51.91115803085267543792724609375" lon="6.201681979000568389892578125">
        <ele>22.200000762939453125</ele>
        <time>2026-09-05T13:11:47.000Z</time>
        <extensions>
          <ns3:TrackPointExtension>
            <ns3:hr>130</ns3:hr>
          </ns3:TrackPointExtension>
        </extensions>
      </trkpt>
      <trkpt lat="51.91125333309173583984375" lon="6.20174291543662548065185546875">
        <ele>22.200000762939453125</ele>
        <time>2026-09-05T13:11:56.000Z</time>
        <extensions>
          <ns3:TrackPointExtension>
            <ns3:hr>129</ns3:hr>
          </ns3:TrackPointExtension>
        </extensions>
      </trkpt>
      <trkpt lat="51.91138207912445068359375" lon="6.2018184363842010498046875">
        <ele>22.200000762939453125</ele>
        <time>2026-09-05T13:12:07.000Z</time>
        <extensions>
          <ns3:TrackPointExtension>
            <ns3:hr>131</ns3:hr>
          </ns3:TrackPointExtension>
        </extensions>
      </trkpt>
      <trkpt lat="51.91148090176284313201904296875" lon="6.20191097259521484375">
        <ele>23</ele>
        <time>2026-09-05T13:12:18.000Z</time>
        <extensions>
          <ns3:TrackPointExtension>
            <ns3:hr>132</ns3:hr>
          </ns3:TrackPointExtension>
        </extensions>
      </trkpt>
      <trkpt lat="51.91158215515315532684326171875" lon="6.20198498480021953582763671875">
        <ele>22</ele>
        <time>2026-09-05T13:12:28.000Z</time>
        <extensions>
          <ns3:TrackPointExtension>
            <ns3:hr>130</ns3:hr>
          </ns3:TrackPointExtension>
        </extensions>
      </trkpt>
      <trkpt lat="51.91162683069705963134765625" lon="6.20204365812242031097412109375">
        <ele>22.799999237060546875</ele>
        <time>2026-09-05T13:12:36.000Z</time>
        <extensions>
          <ns3:TrackPointExtension>
            <ns3:hr>132</ns3:hr>
          </ns3:TrackPointExtension>
        </extensions>
      </trkpt>
      <trkpt lat="51.911637224256992340087890625" lon="6.2020455859601497650146484375">
        <ele>22.200000762939453125</ele>
        <time>2026-09-05T13:12:40.000Z</time>
        <extensions>
          <ns3:TrackPointExtension>
            <ns3:hr>135</ns3:hr>
          </ns3:TrackPointExtension>
        </extensions>
      </trkpt>
      <trkpt lat="51.9116712547838687896728515625" lon="6.20206176303327083587646484375">
        <ele>21.799999237060546875</ele>
        <time>2026-09-05T13:12:44.000Z</time>
        <extensions>
          <ns3:TrackPointExtension>
            <ns3:hr>135</ns3:hr>
          </ns3:TrackPointExtension>
        </extensions>
      </trkpt>
      <trkpt lat="51.91178348846733570098876953125" lon="6.2021458335220813751220703125">
        <ele>21.799999237060546875</ele>
        <time>2026-09-05T13:12:55.000Z</time>
        <extensions>
          <ns3:TrackPointExtension>
            <ns3:hr>134</ns3:hr>
          </ns3:TrackPointExtension>
        </extensions>
      </trkpt>
      <trkpt lat="51.911910474300384521484375" lon="6.202253289520740509033203125">
        <ele>21.6000003814697265625</ele>
        <time>2026-09-05T13:13:07.000Z</time>
        <extensions>
          <ns3:TrackPointExtension>
            <ns3:hr>132</ns3:hr>
          </ns3:TrackPointExtension>
        </extensions>
      </trkpt>
      <trkpt lat="51.911962442100048065185546875" lon="6.2022916786372661590576171875">
        <ele>22</ele>
        <time>2026-09-05T13:13:12.000Z</time>
        <extensions>
          <ns3:TrackPointExtension>
            <ns3:hr>135</ns3:hr>
          </ns3:TrackPointExtension>
        </extensions>
      </trkpt>
      <trkpt lat="51.912009716033935546875" lon="6.20235026814043521881103515625">
        <ele>21.799999237060546875</ele>
        <time>2026-09-05T13:13:18.000Z</time>
        <extensions>
          <ns3:TrackPointExtension>
            <ns3:hr>136</ns3:hr>
          </ns3:TrackPointExtension>
        </extensions>
      </trkpt>
      <trkpt lat="51.91199856810271739959716796875" lon="6.2023563869297504425048828125">
        <ele>21.799999237060546875</ele>
        <time>2026-09-05T13:13:24.000Z</time>
        <extensions>
          <ns3:TrackPointExtension>
            <ns3:hr>133</ns3:hr>
          </ns3:TrackPointExtension>
        </extensions>
      </trkpt>
      <trkpt lat="51.91199672408401966094970703125" lon="6.20235278271138668060302734375">
        <ele>21.799999237060546875</ele>
        <time>2026-09-05T13:13:25.000Z</time>
        <extensions>
          <ns3:TrackPointExtension>
            <ns3:hr>132</ns3:hr>
          </ns3:TrackPointExtension>
        </extensions>
      </trkpt>
      <trkpt lat="51.9120112247765064239501953125" lon="6.20236225426197052001953125">
        <ele>22</ele>
        <time>2026-09-05T13:13:28.000Z</time>
        <extensions>
          <ns3:TrackPointExtension>
            <ns3:hr>129</ns3:hr>
          </ns3:TrackPointExtension>
        </extensions>
      </trkpt>
      <trkpt lat="51.91204500384628772735595703125" lon="6.2023882381618022918701171875">
        <ele>22</ele>
        <time>2026-09-05T13:13:32.000Z</time>
        <extensions>
          <ns3:TrackPointExtension>
            <ns3:hr>129</ns3:hr>
          </ns3:TrackPointExtension>
        </extensions>
      </trkpt>
      <trkpt lat="51.91208674572408199310302734375" lon="6.20242050848901271820068359375">
        <ele>21.799999237060546875</ele>
        <time>2026-09-05T13:13:36.000Z</time>
        <extensions>
          <ns3:TrackPointExtension>
            <ns3:hr>132</ns3:hr>
          </ns3:TrackPointExtension>
        </extensions>
      </trkpt>
      <trkpt lat="51.912175677716732025146484375" lon="6.2024911679327487945556640625">
        <ele>21.3999996185302734375</ele>
        <time>2026-09-05T13:13:44.000Z</time>
        <extensions>
          <ns3:TrackPointExtension>
            <ns3:hr>132</ns3:hr>
          </ns3:TrackPointExtension>
        </extensions>
      </trkpt>
      <trkpt lat="51.91230299882590770721435546875" lon="6.202589571475982666015625">
        <ele>21.799999237060546875</ele>
        <time>2026-09-05T13:13:55.000Z</time>
        <extensions>
          <ns3:TrackPointExtension>
            <ns3:hr>132</ns3:hr>
          </ns3:TrackPointExtension>
        </extensions>
      </trkpt>
      <trkpt lat="51.91240676678717136383056640625" lon="6.20267900638282299041748046875">
        <ele>21.3999996185302734375</ele>
        <time>2026-09-05T13:14:06.000Z</time>
        <extensions>
          <ns3:TrackPointExtension>
            <ns3:hr>132</ns3:hr>
          </ns3:TrackPointExtension>
        </extensions>
      </trkpt>
      <trkpt lat="51.91252210177481174468994140625" lon="6.20278025977313518524169921875">
        <ele>21</ele>
        <time>2026-09-05T13:14:18.000Z</time>
        <extensions>
          <ns3:TrackPointExtension>
            <ns3:hr>134</ns3:hr>
          </ns3:TrackPointExtension>
        </extensions>
      </trkpt>
      <trkpt lat="51.91263190470635890960693359375" lon="6.20286785066127777099609375">
        <ele>21.200000762939453125</ele>
        <time>2026-09-05T13:14:29.000Z</time>
        <extensions>
          <ns3:TrackPointExtension>
            <ns3:hr>135</ns3:hr>
          </ns3:TrackPointExtension>
        </extensions>
      </trkpt>
      <trkpt lat="51.91273215226829051971435546875" lon="6.2029511667788028717041015625">
        <ele>21.6000003814697265625</ele>
        <time>2026-09-05T13:14:39.000Z</time>
        <extensions>
          <ns3:TrackPointExtension>
            <ns3:hr>137</ns3:hr>
          </ns3:TrackPointExtension>
        </extensions>
      </trkpt>
      <trkpt lat="51.912826113402843475341796875" lon="6.20303205214440822601318359375">
        <ele>22</ele>
        <time>2026-09-05T13:14:47.000Z</time>
        <extensions>
          <ns3:TrackPointExtension>
            <ns3:hr>136</ns3:hr>
          </ns3:TrackPointExtension>
        </extensions>
      </trkpt>
      <trkpt lat="51.912936083972454071044921875" lon="6.20310614816844463348388671875">
        <ele>22</ele>
        <time>2026-09-05T13:14:58.000Z</time>
        <extensions>
          <ns3:TrackPointExtension>
            <ns3:hr>138</ns3:hr>
          </ns3:TrackPointExtension>
        </extensions>
      </trkpt>
      <trkpt lat="51.91305686719715595245361328125" lon="6.203201115131378173828125">
        <ele>21</ele>
        <time>2026-09-05T13:15:10.000Z</time>
        <extensions>
          <ns3:TrackPointExtension>
            <ns3:hr>138</ns3:hr>
          </ns3:TrackPointExtension>
        </extensions>
      </trkpt>
      <trkpt lat="51.91319047473371028900146484375" lon="6.20330329053103923797607421875">
        <ele>22</ele>
        <time>2026-09-05T13:15:22.000Z</time>
        <extensions>
          <ns3:TrackPointExtension>
            <ns3:hr>136</ns3:hr>
          </ns3:TrackPointExtension>
        </extensions>
      </trkpt>
      <trkpt lat="51.9133057259023189544677734375" lon="6.20338694192469120025634765625">
        <ele>22</ele>
        <time>2026-09-05T13:15:33.000Z</time>
        <extensions>
          <ns3:TrackPointExtension>
            <ns3:hr>136</ns3:hr>
          </ns3:TrackPointExtension>
        </extensions>
      </trkpt>
      <trkpt lat="51.9134304486215114593505859375" lon="6.20349020697176456451416015625">
        <ele>21.6000003814697265625</ele>
        <time>2026-09-05T13:15:45.000Z</time>
        <extensions>
          <ns3:TrackPointExtension>
            <ns3:hr>135</ns3:hr>
          </ns3:TrackPointExtension>
        </extensions>
      </trkpt>
      <trkpt lat="51.9135353900492191314697265625" lon="6.20356983505189418792724609375">
        <ele>21.200000762939453125</ele>
        <time>2026-09-05T13:15:55.000Z</time>
        <extensions>
          <ns3:TrackPointExtension>
            <ns3:hr>135</ns3:hr>
          </ns3:TrackPointExtension>
        </extensions>
      </trkpt>
      <trkpt lat="51.91361661069095134735107421875" lon="6.203624568879604339599609375">
        <ele>21.6000003814697265625</ele>
        <time>2026-09-05T13:16:03.000Z</time>
        <extensions>
          <ns3:TrackPointExtension>
            <ns3:hr>133</ns3:hr>
          </ns3:TrackPointExtension>
        </extensions>
      </trkpt>
      <trkpt lat="51.91374569199979305267333984375" lon="6.2037119083106517791748046875">
        <ele>21</ele>
        <time>2026-09-05T13:16:15.000Z</time>
        <extensions>
          <ns3:TrackPointExtension>
            <ns3:hr>134</ns3:hr>
          </ns3:TrackPointExtension>
        </extensions>
      </trkpt>
      <trkpt lat="51.9137573428452014923095703125" lon="6.2037199549376964569091796875">
        <ele>20.799999237060546875</ele>
        <time>2026-09-05T13:16:16.000Z</time>
        <extensions>
          <ns3:TrackPointExtension>
            <ns3:hr>134</ns3:hr>
          </ns3:TrackPointExtension>
        </extensions>
      </trkpt>
      <trkpt lat="51.91389740444719791412353515625" lon="6.20382674038410186767578125">
        <ele>20.799999237060546875</ele>
        <time>2026-09-05T13:16:29.000Z</time>
        <extensions>
          <ns3:TrackPointExtension>
            <ns3:hr>135</ns3:hr>
          </ns3:TrackPointExtension>
        </extensions>
      </trkpt>
      <trkpt lat="51.9139958918094635009765625" lon="6.20389874093234539031982421875">
        <ele>20.6000003814697265625</ele>
        <time>2026-09-05T13:16:39.000Z</time>
        <extensions>
          <ns3:TrackPointExtension>
            <ns3:hr>135</ns3:hr>
          </ns3:TrackPointExtension>
        </extensions>
      </trkpt>
      <trkpt lat="51.91399522125720977783203125" lon="6.20389672927558422088623046875">
        <ele>19.799999237060546875</ele>
        <time>2026-09-05T13:16:41.000Z</time>
        <extensions>
          <ns3:TrackPointExtension>
            <ns3:hr>135</ns3:hr>
          </ns3:TrackPointExtension>
        </extensions>
      </trkpt>
      <trkpt lat="51.91399429924786090850830078125" lon="6.2038939632475376129150390625">
        <ele>20.6000003814697265625</ele>
        <time>2026-09-05T13:16:47.000Z</time>
        <extensions>
          <ns3:TrackPointExtension>
            <ns3:hr>134</ns3:hr>
          </ns3:TrackPointExtension>
        </extensions>
      </trkpt>
      <trkpt lat="51.91399429924786090850830078125" lon="6.2038939632475376129150390625">
        <ele>21</ele>
        <time>2026-09-05T13:16:50.000Z</time>
        <extensions>
          <ns3:TrackPointExtension>
            <ns3:hr>132</ns3:hr>
          </ns3:TrackPointExtension>
        </extensions>
      </trkpt>
      <trkpt lat="51.91399429924786090850830078125" lon="6.2038939632475376129150390625">
        <ele>20.799999237060546875</ele>
        <time>2026-09-05T13:16:55.000Z</time>
        <extensions>
          <ns3:TrackPointExtension>
            <ns3:hr>132</ns3:hr>
          </ns3:TrackPointExtension>
        </extensions>
      </trkpt>
      <trkpt lat="51.91404593177139759063720703125" lon="6.20393159799277782440185546875">
        <ele>20.3999996185302734375</ele>
        <time>2026-09-05T13:17:02.000Z</time>
        <extensions>
          <ns3:TrackPointExtension>
            <ns3:hr>132</ns3:hr>
          </ns3:TrackPointExtension>
        </extensions>
      </trkpt>
      <trkpt lat="51.9141915254294872283935546875" lon="6.20404408313333988189697265625">
        <ele>20.200000762939453125</ele>
        <time>2026-09-05T13:17:15.000Z</time>
        <extensions>
          <ns3:TrackPointExtension>
            <ns3:hr>132</ns3:hr>
          </ns3:TrackPointExtension>
        </extensions>
      </trkpt>
      <trkpt lat="51.914309374988079071044921875" lon="6.2041266448795795440673828125">
        <ele>19.799999237060546875</ele>
        <time>2026-09-05T13:17:27.000Z</time>
        <extensions>
          <ns3:TrackPointExtension>
            <ns3:hr>133</ns3:hr>
          </ns3:TrackPointExtension>
        </extensions>
      </trkpt>
      <trkpt lat="51.91433183848857879638671875" lon="6.20414366014301776885986328125">
        <ele>19.799999237060546875</ele>
        <time>2026-09-05T13:17:29.000Z</time>
        <extensions>
          <ns3:TrackPointExtension>
            <ns3:hr>132</ns3:hr>
          </ns3:TrackPointExtension>
        </extensions>
      </trkpt>
      <trkpt lat="51.9144493527710437774658203125" lon="6.20424105785787105560302734375">
        <ele>20.200000762939453125</ele>
        <time>2026-09-05T13:17:40.000Z</time>
        <extensions>
          <ns3:TrackPointExtension>
            <ns3:hr>133</ns3:hr>
          </ns3:TrackPointExtension>
        </extensions>
      </trkpt>
      <trkpt lat="51.91458673216402530670166015625" lon="6.20435304008424282073974609375">
        <ele>19.799999237060546875</ele>
        <time>2026-09-05T13:17:53.000Z</time>
        <extensions>
          <ns3:TrackPointExtension>
            <ns3:hr>131</ns3:hr>
          </ns3:TrackPointExtension>
        </extensions>
      </trkpt>
      <trkpt lat="51.91468765027821063995361328125" lon="6.204434931278228759765625">
        <ele>19.799999237060546875</ele>
        <time>2026-09-05T13:18:03.000Z</time>
        <extensions>
          <ns3:TrackPointExtension>
            <ns3:hr>134</ns3:hr>
          </ns3:TrackPointExtension>
        </extensions>
      </trkpt>
      <trkpt lat="51.9147202558815479278564453125" lon="6.20445999316871166229248046875">
        <ele>20</ele>
        <time>2026-09-05T13:18:06.000Z</time>
        <extensions>
          <ns3:TrackPointExtension>
            <ns3:hr>134</ns3:hr>
          </ns3:TrackPointExtension>
        </extensions>
      </trkpt>
      <trkpt lat="51.91486299969255924224853515625" lon="6.20457683689892292022705078125">
        <ele>20</ele>
        <time>2026-09-05T13:18:19.000Z</time>
        <extensions>
          <ns3:TrackPointExtension>
            <ns3:hr>136</ns3:hr>
          </ns3:TrackPointExtension>
        </extensions>
      </trkpt>
      <trkpt lat="51.91500314511358737945556640625" lon="6.20470306836068630218505859375">
        <ele>20</ele>
        <time>2026-09-05T13:18:32.000Z</time>
        <extensions>
          <ns3:TrackPointExtension>
            <ns3:hr>137</ns3:hr>
          </ns3:TrackPointExtension>
        </extensions>
      </trkpt>
      <trkpt lat="51.91512132994830608367919921875" lon="6.2048032321035861968994140625">
        <ele>19.799999237060546875</ele>
        <time>2026-09-05T13:18:44.000Z</time>
        <extensions>
          <ns3:TrackPointExtension>
            <ns3:hr>139</ns3:hr>
          </ns3:TrackPointExtension>
        </extensions>
      </trkpt>
      <trkpt lat="51.91526918672025203704833984375" lon="6.20492988266050815582275390625">
        <ele>19.799999237060546875</ele>
        <time>2026-09-05T13:18:58.000Z</time>
        <extensions>
          <ns3:TrackPointExtension>
            <ns3:hr>137</ns3:hr>
          </ns3:TrackPointExtension>
        </extensions>
      </trkpt>
      <trkpt lat="51.915391646325588226318359375" lon="6.20503909885883331298828125">
        <ele>19.799999237060546875</ele>
        <time>2026-09-05T13:19:10.000Z</time>
        <extensions>
          <ns3:TrackPointExtension>
            <ns3:hr>137</ns3:hr>
          </ns3:TrackPointExtension>
        </extensions>
      </trkpt>
      <trkpt lat="51.91550672985613346099853515625" lon="6.20512224733829498291015625">
        <ele>19.3999996185302734375</ele>
        <time>2026-09-05T13:19:21.000Z</time>
        <extensions>
          <ns3:TrackPointExtension>
            <ns3:hr>135</ns3:hr>
          </ns3:TrackPointExtension>
        </extensions>
      </trkpt>
      <trkpt lat="51.91565810702741146087646484375" lon="6.2052535079419612884521484375">
        <ele>19.3999996185302734375</ele>
        <time>2026-09-05T13:19:35.000Z</time>
        <extensions>
          <ns3:TrackPointExtension>
            <ns3:hr>135</ns3:hr>
          </ns3:TrackPointExtension>
        </extensions>
      </trkpt>
      <trkpt lat="51.91581736318767070770263671875" lon="6.20535870082676410675048828125">
        <ele>18.799999237060546875</ele>
        <time>2026-09-05T13:19:49.000Z</time>
        <extensions>
          <ns3:TrackPointExtension>
            <ns3:hr>135</ns3:hr>
          </ns3:TrackPointExtension>
        </extensions>
      </trkpt>
      <trkpt lat="51.91583798266947269439697265625" lon="6.20537579990923404693603515625">
        <ele>18.799999237060546875</ele>
        <time>2026-09-05T13:19:51.000Z</time>
        <extensions>
          <ns3:TrackPointExtension>
            <ns3:hr>135</ns3:hr>
          </ns3:TrackPointExtension>
        </extensions>
      </trkpt>
      <trkpt lat="51.91597879864275455474853515625" lon="6.20547973550856113433837890625">
        <ele>19</ele>
        <time>2026-09-05T13:20:04.000Z</time>
        <extensions>
          <ns3:TrackPointExtension>
            <ns3:hr>134</ns3:hr>
          </ns3:TrackPointExtension>
        </extensions>
      </trkpt>
      <trkpt lat="51.91609329544007778167724609375" lon="6.205580569803714752197265625">
        <ele>18.799999237060546875</ele>
        <time>2026-09-05T13:20:16.000Z</time>
        <extensions>
          <ns3:TrackPointExtension>
            <ns3:hr>134</ns3:hr>
          </ns3:TrackPointExtension>
        </extensions>
      </trkpt>
      <trkpt lat="51.9161911122500896453857421875" lon="6.2056360580027103424072265625">
        <ele>19.3999996185302734375</ele>
        <time>2026-09-05T13:20:26.000Z</time>
        <extensions>
          <ns3:TrackPointExtension>
            <ns3:hr>133</ns3:hr>
          </ns3:TrackPointExtension>
        </extensions>
      </trkpt>
      <trkpt lat="51.9162591733038425445556640625" lon="6.20564100332558155059814453125">
        <ele>20</ele>
        <time>2026-09-05T13:20:31.000Z</time>
        <extensions>
          <ns3:TrackPointExtension>
            <ns3:hr>132</ns3:hr>
          </ns3:TrackPointExtension>
        </extensions>
      </trkpt>
      <trkpt lat="51.9163087941706180572509765625" lon="6.2056726031005382537841796875">
        <ele>21</ele>
        <time>2026-09-05T13:20:35.000Z</time>
        <extensions>
          <ns3:TrackPointExtension>
            <ns3:hr>133</ns3:hr>
          </ns3:TrackPointExtension>
        </extensions>
      </trkpt>
      <trkpt lat="51.91638800315558910369873046875" lon="6.20576974935829639434814453125">
        <ele>20.3999996185302734375</ele>
        <time>2026-09-05T13:20:44.000Z</time>
        <extensions>
          <ns3:TrackPointExtension>
            <ns3:hr>132</ns3:hr>
          </ns3:TrackPointExtension>
        </extensions>
      </trkpt>
      <trkpt lat="51.9164325110614299774169921875" lon="6.205836050212383270263671875">
        <ele>19.799999237060546875</ele>
        <time>2026-09-05T13:20:49.000Z</time>
        <extensions>
          <ns3:TrackPointExtension>
            <ns3:hr>134</ns3:hr>
          </ns3:TrackPointExtension>
        </extensions>
      </trkpt>
      <trkpt lat="51.91647098399698734283447265625" lon="6.2058838270604610443115234375">
        <ele>19.200000762939453125</ele>
        <time>2026-09-05T13:20:54.000Z</time>
        <extensions>
          <ns3:TrackPointExtension>
            <ns3:hr>135</ns3:hr>
          </ns3:TrackPointExtension>
        </extensions>
      </trkpt>
      <trkpt lat="51.916561760008335113525390625" lon="6.20597527362406253814697265625">
        <ele>19.6000003814697265625</ele>
        <time>2026-09-05T13:21:03.000Z</time>
        <extensions>
          <ns3:TrackPointExtension>
            <ns3:hr>135</ns3:hr>
          </ns3:TrackPointExtension>
        </extensions>
      </trkpt>
      <trkpt lat="51.9167154841125011444091796875" lon="6.20611726306378841400146484375">
        <ele>19.799999237060546875</ele>
        <time>2026-09-05T13:21:17.000Z</time>
        <extensions>
          <ns3:TrackPointExtension>
            <ns3:hr>137</ns3:hr>
          </ns3:TrackPointExtension>
        </extensions>
      </trkpt>
      <trkpt lat="51.9168469123542308807373046875" lon="6.2062516249716281890869140625">
        <ele>19.799999237060546875</ele>
        <time>2026-09-05T13:21:30.000Z</time>
        <extensions>
          <ns3:TrackPointExtension>
            <ns3:hr>139</ns3:hr>
          </ns3:TrackPointExtension>
        </extensions>
      </trkpt>
      <trkpt lat="51.91698730923235416412353515625" lon="6.206399314105510711669921875">
        <ele>19.799999237060546875</ele>
        <time>2026-09-05T13:21:44.000Z</time>
        <extensions>
          <ns3:TrackPointExtension>
            <ns3:hr>136</ns3:hr>
          </ns3:TrackPointExtension>
        </extensions>
      </trkpt>
      <trkpt lat="51.9171419553458690643310546875" lon="6.2065480090677738189697265625">
        <ele>19.6000003814697265625</ele>
        <time>2026-09-05T13:21:59.000Z</time>
        <extensions>
          <ns3:TrackPointExtension>
            <ns3:hr>137</ns3:hr>
          </ns3:TrackPointExtension>
        </extensions>
      </trkpt>
      <trkpt lat="51.917267180979251861572265625" lon="6.2066687084734439849853515625">
        <ele>19.200000762939453125</ele>
        <time>2026-09-05T13:22:11.000Z</time>
        <extensions>
          <ns3:TrackPointExtension>
            <ns3:hr>136</ns3:hr>
          </ns3:TrackPointExtension>
        </extensions>
      </trkpt>
      <trkpt lat="51.917345635592937469482421875" lon="6.20674406178295612335205078125">
        <ele>19.3999996185302734375</ele>
        <time>2026-09-05T13:22:19.000Z</time>
        <extensions>
          <ns3:TrackPointExtension>
            <ns3:hr>135</ns3:hr>
          </ns3:TrackPointExtension>
        </extensions>
      </trkpt>
      <trkpt lat="51.9174376688897609710693359375" lon="6.20685704983770847320556640625">
        <ele>19.3999996185302734375</ele>
        <time>2026-09-05T13:22:29.000Z</time>
        <extensions>
          <ns3:TrackPointExtension>
            <ns3:hr>134</ns3:hr>
          </ns3:TrackPointExtension>
        </extensions>
      </trkpt>
      <trkpt lat="51.91755292005836963653564453125" lon="6.20699618943035602569580078125">
        <ele>19.6000003814697265625</ele>
        <time>2026-09-05T13:22:41.000Z</time>
        <extensions>
          <ns3:TrackPointExtension>
            <ns3:hr>134</ns3:hr>
          </ns3:TrackPointExtension>
        </extensions>
      </trkpt>
      <trkpt lat="51.9176582805812358856201171875" lon="6.20712543837726116180419921875">
        <ele>20</ele>
        <time>2026-09-05T13:22:53.000Z</time>
        <extensions>
          <ns3:TrackPointExtension>
            <ns3:hr>134</ns3:hr>
          </ns3:TrackPointExtension>
        </extensions>
      </trkpt>
      <trkpt lat="51.91774771548807621002197265625" lon="6.2072282843291759490966796875">
        <ele>20.200000762939453125</ele>
        <time>2026-09-05T13:23:05.000Z</time>
        <extensions>
          <ns3:TrackPointExtension>
            <ns3:hr>134</ns3:hr>
          </ns3:TrackPointExtension>
        </extensions>
      </trkpt>
      <trkpt lat="51.9178473763167858123779296875" lon="6.20732157491147518157958984375">
        <ele>20</ele>
        <time>2026-09-05T13:23:16.000Z</time>
        <extensions>
          <ns3:TrackPointExtension>
            <ns3:hr>133</ns3:hr>
          </ns3:TrackPointExtension>
        </extensions>
      </trkpt>
      <trkpt lat="51.9179969094693660736083984375" lon="6.2074488960206508636474609375">
        <ele>20</ele>
        <time>2026-09-05T13:23:31.000Z</time>
        <extensions>
          <ns3:TrackPointExtension>
            <ns3:hr>134</ns3:hr>
          </ns3:TrackPointExtension>
        </extensions>
      </trkpt>
      <trkpt lat="51.91811241209506988525390625" lon="6.20753548108041286468505859375">
        <ele>20.799999237060546875</ele>
        <time>2026-09-05T13:23:42.000Z</time>
        <extensions>
          <ns3:TrackPointExtension>
            <ns3:hr>135</ns3:hr>
          </ns3:TrackPointExtension>
        </extensions>
      </trkpt>
      <trkpt lat="51.91812372766435146331787109375" lon="6.20754034258425235748291015625">
        <ele>20.6000003814697265625</ele>
        <time>2026-09-05T13:23:43.000Z</time>
        <extensions>
          <ns3:TrackPointExtension>
            <ns3:hr>135</ns3:hr>
          </ns3:TrackPointExtension>
        </extensions>
      </trkpt>
      <trkpt lat="51.91816312260925769805908203125" lon="6.20757068507373332977294921875">
        <ele>19.799999237060546875</ele>
        <time>2026-09-05T13:23:47.000Z</time>
        <extensions>
          <ns3:TrackPointExtension>
            <ns3:hr>135</ns3:hr>
          </ns3:TrackPointExtension>
        </extensions>
      </trkpt>
      <trkpt lat="51.9182285852730274200439453125" lon="6.207647211849689483642578125">
        <ele>20</ele>
        <time>2026-09-05T13:23:54.000Z</time>
        <extensions>
          <ns3:TrackPointExtension>
            <ns3:hr>135</ns3:hr>
          </ns3:TrackPointExtension>
        </extensions>
      </trkpt>
      <trkpt lat="51.9182634539902210235595703125" lon="6.207688786089420318603515625">
        <ele>19.6000003814697265625</ele>
        <time>2026-09-05T13:24:03.000Z</time>
        <extensions>
          <ns3:TrackPointExtension>
            <ns3:hr>136</ns3:hr>
          </ns3:TrackPointExtension>
        </extensions>
      </trkpt>
      <trkpt lat="51.9182684831321239471435546875" lon="6.20769188739359378814697265625">
        <ele>21.200000762939453125</ele>
        <time>2026-09-05T13:24:08.000Z</time>
        <extensions>
          <ns3:TrackPointExtension>
            <ns3:hr>134</ns3:hr>
          </ns3:TrackPointExtension>
        </extensions>
      </trkpt>
      <trkpt lat="51.91826823167502880096435546875" lon="6.20773203670978546142578125">
        <ele>21</ele>
        <time>2026-09-05T13:24:10.000Z</time>
        <extensions>
          <ns3:TrackPointExtension>
            <ns3:hr>133</ns3:hr>
          </ns3:TrackPointExtension>
        </extensions>
      </trkpt>
      <trkpt lat="51.91823822446167469024658203125" lon="6.2078614532947540283203125">
        <ele>20.6000003814697265625</ele>
        <time>2026-09-05T13:24:17.000Z</time>
        <extensions>
          <ns3:TrackPointExtension>
            <ns3:hr>132</ns3:hr>
          </ns3:TrackPointExtension>
        </extensions>
      </trkpt>
      <trkpt lat="51.91815909929573535919189453125" lon="6.20802707970142364501953125">
        <ele>20.200000762939453125</ele>
        <time>2026-09-05T13:24:27.000Z</time>
        <extensions>
          <ns3:TrackPointExtension>
            <ns3:hr>133</ns3:hr>
          </ns3:TrackPointExtension>
        </extensions>
      </trkpt>
      <trkpt lat="51.91808466799557209014892578125" lon="6.2082208693027496337890625">
        <ele>20.200000762939453125</ele>
        <time>2026-09-05T13:24:39.000Z</time>
        <extensions>
          <ns3:TrackPointExtension>
            <ns3:hr>133</ns3:hr>
          </ns3:TrackPointExtension>
        </extensions>
      </trkpt>
      <trkpt lat="51.918006129562854766845703125" lon="6.20840258896350860595703125">
        <ele>20.200000762939453125</ele>
        <time>2026-09-05T13:24:51.000Z</time>
        <extensions>
          <ns3:TrackPointExtension>
            <ns3:hr>132</ns3:hr>
          </ns3:TrackPointExtension>
        </extensions>
      </trkpt>
      <trkpt lat="51.91793915815651416778564453125" lon="6.20856628753244876861572265625">
        <ele>20.6000003814697265625</ele>
        <time>2026-09-05T13:25:02.000Z</time>
        <extensions>
          <ns3:TrackPointExtension>
            <ns3:hr>133</ns3:hr>
          </ns3:TrackPointExtension>
        </extensions>
      </trkpt>
      <trkpt lat="51.91788450814783573150634765625" lon="6.20872571133077144622802734375">
        <ele>20.799999237060546875</ele>
        <time>2026-09-05T13:25:12.000Z</time>
        <extensions>
          <ns3:TrackPointExtension>
            <ns3:hr>132</ns3:hr>
          </ns3:TrackPointExtension>
        </extensions>
      </trkpt>
      <trkpt lat="51.91785684786736965179443359375" lon="6.2087893299758434295654296875">
        <ele>20.799999237060546875</ele>
        <time>2026-09-05T13:25:17.000Z</time>
        <extensions>
          <ns3:TrackPointExtension>
            <ns3:hr>135</ns3:hr>
          </ns3:TrackPointExtension>
        </extensions>
      </trkpt>
      <trkpt lat="51.91781762056052684783935546875" lon="6.2088845483958721160888671875">
        <ele>20.799999237060546875</ele>
        <time>2026-09-05T13:25:23.000Z</time>
        <extensions>
          <ns3:TrackPointExtension>
            <ns3:hr>136</ns3:hr>
          </ns3:TrackPointExtension>
        </extensions>
      </trkpt>
      <trkpt lat="51.9177739508450031280517578125" lon="6.20896878652274608612060546875">
        <ele>21.200000762939453125</ele>
        <time>2026-09-05T13:25:33.000Z</time>
        <extensions>
          <ns3:TrackPointExtension>
            <ns3:hr>137</ns3:hr>
          </ns3:TrackPointExtension>
        </extensions>
      </trkpt>
      <trkpt lat="51.91775877960026264190673828125" lon="6.2090174853801727294921875">
        <ele>21.200000762939453125</ele>
        <time>2026-09-05T13:25:38.000Z</time>
        <extensions>
          <ns3:TrackPointExtension>
            <ns3:hr>134</ns3:hr>
          </ns3:TrackPointExtension>
        </extensions>
      </trkpt>
      <trkpt lat="51.91774570383131504058837890625" lon="6.20904690586030483245849609375">
        <ele>21</ele>
        <time>2026-09-05T13:25:40.000Z</time>
        <extensions>
          <ns3:TrackPointExtension>
            <ns3:hr>133</ns3:hr>
          </ns3:TrackPointExtension>
        </extensions>
      </trkpt>
      <trkpt lat="51.917664818465709686279296875" lon="6.20923046953976154327392578125">
        <ele>20.799999237060546875</ele>
        <time>2026-09-05T13:25:53.000Z</time>
        <extensions>
          <ns3:TrackPointExtension>
            <ns3:hr>136</ns3:hr>
          </ns3:TrackPointExtension>
        </extensions>
      </trkpt>
      <trkpt lat="51.91765735857188701629638671875" lon="6.20924354530870914459228515625">
        <ele>21</ele>
        <time>2026-09-05T13:25:54.000Z</time>
        <extensions>
          <ns3:TrackPointExtension>
            <ns3:hr>136</ns3:hr>
          </ns3:TrackPointExtension>
        </extensions>
      </trkpt>
      <trkpt lat="51.91757261753082275390625" lon="6.20942451059818267822265625">
        <ele>20.799999237060546875</ele>
        <time>2026-09-05T13:26:07.000Z</time>
        <extensions>
          <ns3:TrackPointExtension>
            <ns3:hr>135</ns3:hr>
          </ns3:TrackPointExtension>
        </extensions>
      </trkpt>
      <trkpt lat="51.917527019977569580078125" lon="6.20954512618482112884521484375">
        <ele>22.200000762939453125</ele>
        <time>2026-09-05T13:26:15.000Z</time>
        <extensions>
          <ns3:TrackPointExtension>
            <ns3:hr>137</ns3:hr>
          </ns3:TrackPointExtension>
        </extensions>
      </trkpt>
      <trkpt lat="51.91750262863934040069580078125" lon="6.209611259400844573974609375">
        <ele>22.200000762939453125</ele>
        <time>2026-09-05T13:26:19.000Z</time>
        <extensions>
          <ns3:TrackPointExtension>
            <ns3:hr>139</ns3:hr>
          </ns3:TrackPointExtension>
        </extensions>
      </trkpt>
      <trkpt lat="51.91747999750077724456787109375" lon="6.20967437513172626495361328125">
        <ele>21.200000762939453125</ele>
        <time>2026-09-05T13:26:23.000Z</time>
        <extensions>
          <ns3:TrackPointExtension>
            <ns3:hr>140</ns3:hr>
          </ns3:TrackPointExtension>
        </extensions>
      </trkpt>
      <trkpt lat="51.9174242578446865081787109375" lon="6.2097981758415699005126953125">
        <ele>21.6000003814697265625</ele>
        <time>2026-09-05T13:26:31.000Z</time>
        <extensions>
          <ns3:TrackPointExtension>
            <ns3:hr>139</ns3:hr>
          </ns3:TrackPointExtension>
        </extensions>
      </trkpt>
      <trkpt lat="51.91736876964569091796875" lon="6.20991803705692291259765625">
        <ele>21.6000003814697265625</ele>
        <time>2026-09-05T13:26:40.000Z</time>
        <extensions>
          <ns3:TrackPointExtension>
            <ns3:hr>139</ns3:hr>
          </ns3:TrackPointExtension>
        </extensions>
      </trkpt>
      <trkpt lat="51.91729576326906681060791015625" lon="6.21009766124188899993896484375">
        <ele>21</ele>
        <time>2026-09-05T13:26:52.000Z</time>
        <extensions>
          <ns3:TrackPointExtension>
            <ns3:hr>138</ns3:hr>
          </ns3:TrackPointExtension>
        </extensions>
      </trkpt>
      <trkpt lat="51.91723558120429515838623046875" lon="6.21026462875306606292724609375">
        <ele>21.3999996185302734375</ele>
        <time>2026-09-05T13:27:03.000Z</time>
        <extensions>
          <ns3:TrackPointExtension>
            <ns3:hr>138</ns3:hr>
          </ns3:TrackPointExtension>
        </extensions>
      </trkpt>
      <trkpt lat="51.91714891232550144195556640625" lon="6.210466213524341583251953125">
        <ele>21.3999996185302734375</ele>
        <time>2026-09-05T13:27:17.000Z</time>
        <extensions>
          <ns3:TrackPointExtension>
            <ns3:hr>140</ns3:hr>
          </ns3:TrackPointExtension>
        </extensions>
      </trkpt>
      <trkpt lat="51.917106248438358306884765625" lon="6.21057425625622272491455078125">
        <ele>22.200000762939453125</ele>
        <time>2026-09-05T13:27:25.000Z</time>
        <extensions>
          <ns3:TrackPointExtension>
            <ns3:hr>137</ns3:hr>
          </ns3:TrackPointExtension>
        </extensions>
      </trkpt>
      <trkpt lat="51.9171027280390262603759765625" lon="6.21058247052133083343505859375">
        <ele>22.799999237060546875</ele>
        <time>2026-09-05T13:27:27.000Z</time>
        <extensions>
          <ns3:TrackPointExtension>
            <ns3:hr>138</ns3:hr>
          </ns3:TrackPointExtension>
        </extensions>
      </trkpt>
      <trkpt lat="51.91709996201097965240478515625" lon="6.21058984659612178802490234375">
        <ele>22.200000762939453125</ele>
        <time>2026-09-05T13:27:37.000Z</time>
        <extensions>
          <ns3:TrackPointExtension>
            <ns3:hr>136</ns3:hr>
          </ns3:TrackPointExtension>
        </extensions>
      </trkpt>
      <trkpt lat="51.91709996201097965240478515625" lon="6.21058984659612178802490234375">
        <ele>22</ele>
        <time>2026-09-05T13:27:38.000Z</time>
        <extensions>
          <ns3:TrackPointExtension>
            <ns3:hr>133</ns3:hr>
          </ns3:TrackPointExtension>
        </extensions>
      </trkpt>
      <trkpt lat="51.9170886464416980743408203125" lon="6.2105907686054706573486328125">
        <ele>22.3999996185302734375</ele>
        <time>2026-09-05T13:27:44.000Z</time>
        <extensions>
          <ns3:TrackPointExtension>
            <ns3:hr>134</ns3:hr>
          </ns3:TrackPointExtension>
        </extensions>
      </trkpt>
      <trkpt lat="51.9170655123889446258544921875" lon="6.21067148633301258087158203125">
        <ele>21.799999237060546875</ele>
        <time>2026-09-05T13:27:50.000Z</time>
        <extensions>
          <ns3:TrackPointExtension>
            <ns3:hr>133</ns3:hr>
          </ns3:TrackPointExtension>
        </extensions>
      </trkpt>
      <trkpt lat="51.9170026481151580810546875" lon="6.21084608137607574462890625">
        <ele>22.3999996185302734375</ele>
        <time>2026-09-05T13:28:01.000Z</time>
        <extensions>
          <ns3:TrackPointExtension>
            <ns3:hr>133</ns3:hr>
          </ns3:TrackPointExtension>
        </extensions>
      </trkpt>
      <trkpt lat="51.91695344634354114532470703125" lon="6.2110319919884204864501953125">
        <ele>22.6000003814697265625</ele>
        <time>2026-09-05T13:28:12.000Z</time>
        <extensions>
          <ns3:TrackPointExtension>
            <ns3:hr>134</ns3:hr>
          </ns3:TrackPointExtension>
        </extensions>
      </trkpt>
      <trkpt lat="51.91693148575723171234130859375" lon="6.2111107818782329559326171875">
        <ele>23</ele>
        <time>2026-09-05T13:28:17.000Z</time>
        <extensions>
          <ns3:TrackPointExtension>
            <ns3:hr>137</ns3:hr>
          </ns3:TrackPointExtension>
        </extensions>
      </trkpt>
      <trkpt lat="51.91690047271549701690673828125" lon="6.21121463365852832794189453125">
        <ele>23.200000762939453125</ele>
        <time>2026-09-05T13:28:24.000Z</time>
        <extensions>
          <ns3:TrackPointExtension>
            <ns3:hr>138</ns3:hr>
          </ns3:TrackPointExtension>
        </extensions>
      </trkpt>
      <trkpt lat="51.91683459095656871795654296875" lon="6.21137045323848724365234375">
        <ele>23.200000762939453125</ele>
        <time>2026-09-05T13:28:35.000Z</time>
        <extensions>
          <ns3:TrackPointExtension>
            <ns3:hr>139</ns3:hr>
          </ns3:TrackPointExtension>
        </extensions>
      </trkpt>
      <trkpt lat="51.91677725873887538909912109375" lon="6.2115043960511684417724609375">
        <ele>23.6000003814697265625</ele>
        <time>2026-09-05T13:28:44.000Z</time>
        <extensions>
          <ns3:TrackPointExtension>
            <ns3:hr>142</ns3:hr>
          </ns3:TrackPointExtension>
        </extensions>
      </trkpt>
      <trkpt lat="51.91676083020865917205810546875" lon="6.21154638938605785369873046875">
        <ele>23.6000003814697265625</ele>
        <time>2026-09-05T13:28:47.000Z</time>
        <extensions>
          <ns3:TrackPointExtension>
            <ns3:hr>142</ns3:hr>
          </ns3:TrackPointExtension>
        </extensions>
      </trkpt>
      <trkpt lat="51.91669763065874576568603515625" lon="6.21166884899139404296875">
        <ele>24.200000762939453125</ele>
        <time>2026-09-05T13:28:56.000Z</time>
        <extensions>
          <ns3:TrackPointExtension>
            <ns3:hr>142</ns3:hr>
          </ns3:TrackPointExtension>
        </extensions>
      </trkpt>
      <trkpt lat="51.9166715629398822784423828125" lon="6.2117397598922252655029296875">
        <ele>24.3999996185302734375</ele>
        <time>2026-09-05T13:29:01.000Z</time>
        <extensions>
          <ns3:TrackPointExtension>
            <ns3:hr>144</ns3:hr>
          </ns3:TrackPointExtension>
        </extensions>
      </trkpt>
      <trkpt lat="51.91665974445641040802001953125" lon="6.21180790476500988006591796875">
        <ele>24.799999237060546875</ele>
        <time>2026-09-05T13:29:05.000Z</time>
        <extensions>
          <ns3:TrackPointExtension>
            <ns3:hr>144</ns3:hr>
          </ns3:TrackPointExtension>
        </extensions>
      </trkpt>
      <trkpt lat="51.91665421240031719207763671875" lon="6.21187244541943073272705078125">
        <ele>25.3999996185302734375</ele>
        <time>2026-09-05T13:29:09.000Z</time>
        <extensions>
          <ns3:TrackPointExtension>
            <ns3:hr>146</ns3:hr>
          </ns3:TrackPointExtension>
        </extensions>
      </trkpt>
      <trkpt lat="51.9166219420731067657470703125" lon="6.21194310486316680908203125">
        <ele>25.799999237060546875</ele>
        <time>2026-09-05T13:29:15.000Z</time>
        <extensions>
          <ns3:TrackPointExtension>
            <ns3:hr>146</ns3:hr>
          </ns3:TrackPointExtension>
        </extensions>
      </trkpt>
      <trkpt lat="51.91658967174589633941650390625" lon="6.21202901937067508697509765625">
        <ele>26.200000762939453125</ele>
        <time>2026-09-05T13:29:21.000Z</time>
        <extensions>
          <ns3:TrackPointExtension>
            <ns3:hr>149</ns3:hr>
          </ns3:TrackPointExtension>
        </extensions>
      </trkpt>
      <trkpt lat="51.9165646098554134368896484375" lon="6.2120752036571502685546875">
        <ele>26.3999996185302734375</ele>
        <time>2026-09-05T13:29:24.000Z</time>
        <extensions>
          <ns3:TrackPointExtension>
            <ns3:hr>149</ns3:hr>
          </ns3:TrackPointExtension>
        </extensions>
      </trkpt>
      <trkpt lat="51.91655564121901988983154296875" lon="6.2120907939970493316650390625">
        <ele>26.3999996185302734375</ele>
        <time>2026-09-05T13:29:25.000Z</time>
        <extensions>
          <ns3:TrackPointExtension>
            <ns3:hr>149</ns3:hr>
          </ns3:TrackPointExtension>
        </extensions>
      </trkpt>
      <trkpt lat="51.9164992310106754302978515625" lon="6.2121876887977123260498046875">
        <ele>27.3999996185302734375</ele>
        <time>2026-09-05T13:29:35.000Z</time>
        <extensions>
          <ns3:TrackPointExtension>
            <ns3:hr>150</ns3:hr>
          </ns3:TrackPointExtension>
        </extensions>
      </trkpt>
      <trkpt lat="51.91644483245909214019775390625" lon="6.2123254872858524322509765625">
        <ele>27.799999237060546875</ele>
        <time>2026-09-05T13:29:43.000Z</time>
        <extensions>
          <ns3:TrackPointExtension>
            <ns3:hr>150</ns3:hr>
          </ns3:TrackPointExtension>
        </extensions>
      </trkpt>
      <trkpt lat="51.91640040837228298187255859375" lon="6.2124518863856792449951171875">
        <ele>28.3999996185302734375</ele>
        <time>2026-09-05T13:29:52.000Z</time>
        <extensions>
          <ns3:TrackPointExtension>
            <ns3:hr>152</ns3:hr>
          </ns3:TrackPointExtension>
        </extensions>
      </trkpt>
      <trkpt lat="51.916395127773284912109375" lon="6.21246236376464366912841796875">
        <ele>28.6000003814697265625</ele>
        <time>2026-09-05T13:29:53.000Z</time>
        <extensions>
          <ns3:TrackPointExtension>
            <ns3:hr>152</ns3:hr>
          </ns3:TrackPointExtension>
        </extensions>
      </trkpt>
      <trkpt lat="51.916349194943904876708984375" lon="6.21259890496730804443359375">
        <ele>29.6000003814697265625</ele>
        <time>2026-09-05T13:30:03.000Z</time>
        <extensions>
          <ns3:TrackPointExtension>
            <ns3:hr>152</ns3:hr>
          </ns3:TrackPointExtension>
        </extensions>
      </trkpt>
      <trkpt lat="51.91638632677495479583740234375" lon="6.21267526410520076751708984375">
        <ele>30</ele>
        <time>2026-09-05T13:30:12.000Z</time>
        <extensions>
          <ns3:TrackPointExtension>
            <ns3:hr>153</ns3:hr>
          </ns3:TrackPointExtension>
        </extensions>
      </trkpt>
      <trkpt lat="51.91646846942603588104248046875" lon="6.2127801217138767242431640625">
        <ele>30.200000762939453125</ele>
        <time>2026-09-05T13:30:23.000Z</time>
        <extensions>
          <ns3:TrackPointExtension>
            <ns3:hr>152</ns3:hr>
          </ns3:TrackPointExtension>
        </extensions>
      </trkpt>
      <trkpt lat="51.9165656156837940216064453125" lon="6.21286285109817981719970703125">
        <ele>30.3999996185302734375</ele>
        <time>2026-09-05T13:30:33.000Z</time>
        <extensions>
          <ns3:TrackPointExtension>
            <ns3:hr>150</ns3:hr>
          </ns3:TrackPointExtension>
        </extensions>
      </trkpt>
      <trkpt lat="51.916659660637378692626953125" lon="6.21293594129383563995361328125">
        <ele>30.3999996185302734375</ele>
        <time>2026-09-05T13:30:43.000Z</time>
        <extensions>
          <ns3:TrackPointExtension>
            <ns3:hr>149</ns3:hr>
          </ns3:TrackPointExtension>
        </extensions>
      </trkpt>
      <trkpt lat="51.91671020351350307464599609375" lon="6.21298707090318202972412109375">
        <ele>30.6000003814697265625</ele>
        <time>2026-09-05T13:30:49.000Z</time>
        <extensions>
          <ns3:TrackPointExtension>
            <ns3:hr>145</ns3:hr>
          </ns3:TrackPointExtension>
        </extensions>
      </trkpt>
      <trkpt lat="51.9167513586580753326416015625" lon="6.2130362726747989654541015625">
        <ele>30.3999996185302734375</ele>
        <time>2026-09-05T13:30:55.000Z</time>
        <extensions>
          <ns3:TrackPointExtension>
            <ns3:hr>144</ns3:hr>
          </ns3:TrackPointExtension>
        </extensions>
      </trkpt>
      <trkpt lat="51.91677491180598735809326171875" lon="6.21306150220334529876708984375">
        <ele>30.6000003814697265625</ele>
        <time>2026-09-05T13:30:58.000Z</time>
        <extensions>
          <ns3:TrackPointExtension>
            <ns3:hr>144</ns3:hr>
          </ns3:TrackPointExtension>
        </extensions>
      </trkpt>
      <trkpt lat="51.9168522767722606658935546875" lon="6.21314632706344127655029296875">
        <ele>30.6000003814697265625</ele>
        <time>2026-09-05T13:31:06.000Z</time>
        <extensions>
          <ns3:TrackPointExtension>
            <ns3:hr>141</ns3:hr>
          </ns3:TrackPointExtension>
        </extensions>
      </trkpt>
      <trkpt lat="51.9169451482594013214111328125" lon="6.21320734731853008270263671875">
        <ele>30.799999237060546875</ele>
        <time>2026-09-05T13:31:15.000Z</time>
        <extensions>
          <ns3:TrackPointExtension>
            <ns3:hr>141</ns3:hr>
          </ns3:TrackPointExtension>
        </extensions>
      </trkpt>
      <trkpt lat="51.9170567952096462249755859375" lon="6.21329837478697299957275390625">
        <ele>30.799999237060546875</ele>
        <time>2026-09-05T13:31:24.000Z</time>
        <extensions>
          <ns3:TrackPointExtension>
            <ns3:hr>140</ns3:hr>
          </ns3:TrackPointExtension>
        </extensions>
      </trkpt>
      <trkpt lat="51.91715545020997524261474609375" lon="6.2134198285639286041259765625">
        <ele>31</ele>
        <time>2026-09-05T13:31:35.000Z</time>
        <extensions>
          <ns3:TrackPointExtension>
            <ns3:hr>139</ns3:hr>
          </ns3:TrackPointExtension>
        </extensions>
      </trkpt>
      <trkpt lat="51.91725804470479488372802734375" lon="6.21351345442235469818115234375">
        <ele>30.799999237060546875</ele>
        <time>2026-09-05T13:31:45.000Z</time>
        <extensions>
          <ns3:TrackPointExtension>
            <ns3:hr>138</ns3:hr>
          </ns3:TrackPointExtension>
        </extensions>
      </trkpt>
      <trkpt lat="51.9173538498580455780029296875" lon="6.21362644247710704803466796875">
        <ele>30.6000003814697265625</ele>
        <time>2026-09-05T13:31:54.000Z</time>
        <extensions>
          <ns3:TrackPointExtension>
            <ns3:hr>138</ns3:hr>
          </ns3:TrackPointExtension>
        </extensions>
      </trkpt>
      <trkpt lat="51.91743406467139720916748046875" lon="6.2137234210968017578125">
        <ele>30.6000003814697265625</ele>
        <time>2026-09-05T13:32:04.000Z</time>
        <extensions>
          <ns3:TrackPointExtension>
            <ns3:hr>138</ns3:hr>
          </ns3:TrackPointExtension>
        </extensions>
      </trkpt>
      <trkpt lat="51.91749416291713714599609375" lon="6.2137732096016407012939453125">
        <ele>30.799999237060546875</ele>
        <time>2026-09-05T13:32:13.000Z</time>
        <extensions>
          <ns3:TrackPointExtension>
            <ns3:hr>138</ns3:hr>
          </ns3:TrackPointExtension>
        </extensions>
      </trkpt>
      <trkpt lat="51.91759080626070499420166015625" lon="6.2138546817004680633544921875">
        <ele>31</ele>
        <time>2026-09-05T13:32:23.000Z</time>
        <extensions>
          <ns3:TrackPointExtension>
            <ns3:hr>138</ns3:hr>
          </ns3:TrackPointExtension>
        </extensions>
      </trkpt>
      <trkpt lat="51.917654089629650115966796875" lon="6.2139203958213329315185546875">
        <ele>30.3999996185302734375</ele>
        <time>2026-09-05T13:32:30.000Z</time>
        <extensions>
          <ns3:TrackPointExtension>
            <ns3:hr>138</ns3:hr>
          </ns3:TrackPointExtension>
        </extensions>
      </trkpt>
      <trkpt lat="51.917725503444671630859375" lon="6.2139904685318470001220703125">
        <ele>30.3999996185302734375</ele>
        <time>2026-09-05T13:32:37.000Z</time>
        <extensions>
          <ns3:TrackPointExtension>
            <ns3:hr>141</ns3:hr>
          </ns3:TrackPointExtension>
        </extensions>
      </trkpt>
      <trkpt lat="51.91774184815585613250732421875" lon="6.21400530450046062469482421875">
        <ele>30.6000003814697265625</ele>
        <time>2026-09-05T13:32:39.000Z</time>
        <extensions>
          <ns3:TrackPointExtension>
            <ns3:hr>143</ns3:hr>
          </ns3:TrackPointExtension>
        </extensions>
      </trkpt>
      <trkpt lat="51.917800270020961761474609375" lon="6.21408484876155853271484375">
        <ele>30.799999237060546875</ele>
        <time>2026-09-05T13:32:47.000Z</time>
        <extensions>
          <ns3:TrackPointExtension>
            <ns3:hr>139</ns3:hr>
          </ns3:TrackPointExtension>
        </extensions>
      </trkpt>
      <trkpt lat="51.9178024493157863616943359375" lon="6.21408945880830287933349609375">
        <ele>30.799999237060546875</ele>
        <time>2026-09-05T13:32:48.000Z</time>
        <extensions>
          <ns3:TrackPointExtension>
            <ns3:hr>136</ns3:hr>
          </ns3:TrackPointExtension>
        </extensions>
      </trkpt>
      <trkpt lat="51.9178061373531818389892578125" lon="6.2140922248363494873046875">
        <ele>30.6000003814697265625</ele>
        <time>2026-09-05T13:32:49.000Z</time>
        <extensions>
          <ns3:TrackPointExtension>
            <ns3:hr>136</ns3:hr>
          </ns3:TrackPointExtension>
        </extensions>
      </trkpt>
      <trkpt lat="51.9178296066820621490478515625" lon="6.21411410160362720489501953125">
        <ele>30.200000762939453125</ele>
        <time>2026-09-05T13:32:52.000Z</time>
        <extensions>
          <ns3:TrackPointExtension>
            <ns3:hr>133</ns3:hr>
          </ns3:TrackPointExtension>
        </extensions>
      </trkpt>
      <trkpt lat="51.9178825803101062774658203125" lon="6.21419188566505908966064453125">
        <ele>30</ele>
        <time>2026-09-05T13:32:59.000Z</time>
        <extensions>
          <ns3:TrackPointExtension>
            <ns3:hr>133</ns3:hr>
          </ns3:TrackPointExtension>
        </extensions>
      </trkpt>
      <trkpt lat="51.917952485382556915283203125" lon="6.21429112739861011505126953125">
        <ele>30.200000762939453125</ele>
        <time>2026-09-05T13:33:07.000Z</time>
        <extensions>
          <ns3:TrackPointExtension>
            <ns3:hr>133</ns3:hr>
          </ns3:TrackPointExtension>
        </extensions>
      </trkpt>
      <trkpt lat="51.91800319589674472808837890625" lon="6.214423142373561859130859375">
        <ele>30.200000762939453125</ele>
        <time>2026-09-05T13:33:15.000Z</time>
        <extensions>
          <ns3:TrackPointExtension>
            <ns3:hr>135</ns3:hr>
          </ns3:TrackPointExtension>
        </extensions>
      </trkpt>
      <trkpt lat="51.91803865134716033935546875" lon="6.21460125781595706939697265625">
        <ele>30.6000003814697265625</ele>
        <time>2026-09-05T13:33:25.000Z</time>
        <extensions>
          <ns3:TrackPointExtension>
            <ns3:hr>135</ns3:hr>
          </ns3:TrackPointExtension>
        </extensions>
      </trkpt>
      <trkpt lat="51.91806840710341930389404296875" lon="6.21476487256586551666259765625">
        <ele>30.6000003814697265625</ele>
        <time>2026-09-05T13:33:34.000Z</time>
        <extensions>
          <ns3:TrackPointExtension>
            <ns3:hr>136</ns3:hr>
          </ns3:TrackPointExtension>
        </extensions>
      </trkpt>
      <trkpt lat="51.9181239791214466094970703125" lon="6.2149071134626865386962890625">
        <ele>30.799999237060546875</ele>
        <time>2026-09-05T13:33:44.000Z</time>
        <extensions>
          <ns3:TrackPointExtension>
            <ns3:hr>138</ns3:hr>
          </ns3:TrackPointExtension>
        </extensions>
      </trkpt>
      <trkpt lat="51.918197572231292724609375" lon="6.2150304950773715972900390625">
        <ele>31.200000762939453125</ele>
        <time>2026-09-05T13:33:54.000Z</time>
        <extensions>
          <ns3:TrackPointExtension>
            <ns3:hr>139</ns3:hr>
          </ns3:TrackPointExtension>
        </extensions>
      </trkpt>
      <trkpt lat="51.918266303837299346923828125" lon="6.21516150422394275665283203125">
        <ele>31.200000762939453125</ele>
        <time>2026-09-05T13:34:02.000Z</time>
        <extensions>
          <ns3:TrackPointExtension>
            <ns3:hr>140</ns3:hr>
          </ns3:TrackPointExtension>
        </extensions>
      </trkpt>
      <trkpt lat="51.91831919364631175994873046875" lon="6.21524129994213581085205078125">
        <ele>31.6000003814697265625</ele>
        <time>2026-09-05T13:34:09.000Z</time>
        <extensions>
          <ns3:TrackPointExtension>
            <ns3:hr>141</ns3:hr>
          </ns3:TrackPointExtension>
        </extensions>
      </trkpt>
      <trkpt lat="51.91832589916884899139404296875" lon="6.2152536213397979736328125">
        <ele>31.6000003814697265625</ele>
        <time>2026-09-05T13:34:10.000Z</time>
        <extensions>
          <ns3:TrackPointExtension>
            <ns3:hr>141</ns3:hr>
          </ns3:TrackPointExtension>
        </extensions>
      </trkpt>
      <trkpt lat="51.9183613546192646026611328125" lon="6.21536149643361568450927734375">
        <ele>32</ele>
        <time>2026-09-05T13:34:20.000Z</time>
        <extensions>
          <ns3:TrackPointExtension>
            <ns3:hr>141</ns3:hr>
          </ns3:TrackPointExtension>
        </extensions>
      </trkpt>
      <trkpt lat="51.91845573484897613525390625" lon="6.21552921831607818603515625">
        <ele>32.200000762939453125</ele>
        <time>2026-09-05T13:34:31.000Z</time>
        <extensions>
          <ns3:TrackPointExtension>
            <ns3:hr>141</ns3:hr>
          </ns3:TrackPointExtension>
        </extensions>
      </trkpt>
      <trkpt lat="51.91854433156549930572509765625" lon="6.215684115886688232421875">
        <ele>32.200000762939453125</ele>
        <time>2026-09-05T13:34:42.000Z</time>
        <extensions>
          <ns3:TrackPointExtension>
            <ns3:hr>139</ns3:hr>
          </ns3:TrackPointExtension>
        </extensions>
      </trkpt>
      <trkpt lat="51.9185963831841945648193359375" lon="6.2157954275608062744140625">
        <ele>32.40000152587890625</ele>
        <time>2026-09-05T13:34:51.000Z</time>
        <extensions>
          <ns3:TrackPointExtension>
            <ns3:hr>140</ns3:hr>
          </ns3:TrackPointExtension>
        </extensions>
      </trkpt>
      <trkpt lat="51.9186870753765106201171875" lon="6.2159112654626369476318359375">
        <ele>32.200000762939453125</ele>
        <time>2026-09-05T13:35:01.000Z</time>
        <extensions>
          <ns3:TrackPointExtension>
            <ns3:hr>141</ns3:hr>
          </ns3:TrackPointExtension>
        </extensions>
      </trkpt>
      <trkpt lat="51.91876888275146484375" lon="6.2160497345030307769775390625">
        <ele>31.799999237060546875</ele>
        <time>2026-09-05T13:35:10.000Z</time>
        <extensions>
          <ns3:TrackPointExtension>
            <ns3:hr>138</ns3:hr>
          </ns3:TrackPointExtension>
        </extensions>
      </trkpt>
      <trkpt lat="51.91878019832074642181396484375" lon="6.21608041226863861083984375">
        <ele>31.799999237060546875</ele>
        <time>2026-09-05T13:35:12.000Z</time>
        <extensions>
          <ns3:TrackPointExtension>
            <ns3:hr>138</ns3:hr>
          </ns3:TrackPointExtension>
        </extensions>
      </trkpt>
      <trkpt lat="51.9188374467194080352783203125" lon="6.2161910533905029296875">
        <ele>31.200000762939453125</ele>
        <time>2026-09-05T13:35:21.000Z</time>
        <extensions>
          <ns3:TrackPointExtension>
            <ns3:hr>135</ns3:hr>
          </ns3:TrackPointExtension>
        </extensions>
      </trkpt>
      <trkpt lat="51.9188511930406093597412109375" lon="6.21620337478816509246826171875">
        <ele>31.200000762939453125</ele>
        <time>2026-09-05T13:35:23.000Z</time>
        <extensions>
          <ns3:TrackPointExtension>
            <ns3:hr>135</ns3:hr>
          </ns3:TrackPointExtension>
        </extensions>
      </trkpt>
      <trkpt lat="51.9189470820128917694091796875" lon="6.2162324599921703338623046875">
        <ele>30.6000003814697265625</ele>
        <time>2026-09-05T13:35:32.000Z</time>
        <extensions>
          <ns3:TrackPointExtension>
            <ns3:hr>134</ns3:hr>
          </ns3:TrackPointExtension>
        </extensions>
      </trkpt>
      <trkpt lat="51.91895303316414356231689453125" lon="6.216231621801853179931640625">
        <ele>30.6000003814697265625</ele>
        <time>2026-09-05T13:35:33.000Z</time>
        <extensions>
          <ns3:TrackPointExtension>
            <ns3:hr>134</ns3:hr>
          </ns3:TrackPointExtension>
        </extensions>
      </trkpt>
      <trkpt lat="51.91902562044560909271240234375" lon="6.21622047387063503265380859375">
        <ele>30.200000762939453125</ele>
        <time>2026-09-05T13:35:42.000Z</time>
        <extensions>
          <ns3:TrackPointExtension>
            <ns3:hr>133</ns3:hr>
          </ns3:TrackPointExtension>
        </extensions>
      </trkpt>
      <trkpt lat="51.9191224314272403717041015625" lon="6.21616850607097148895263671875">
        <ele>30</ele>
        <time>2026-09-05T13:35:50.000Z</time>
        <extensions>
          <ns3:TrackPointExtension>
            <ns3:hr>133</ns3:hr>
          </ns3:TrackPointExtension>
        </extensions>
      </trkpt>
      <trkpt lat="51.91924690268933773040771484375" lon="6.216110922396183013916015625">
        <ele>30</ele>
        <time>2026-09-05T13:36:01.000Z</time>
        <extensions>
          <ns3:TrackPointExtension>
            <ns3:hr>136</ns3:hr>
          </ns3:TrackPointExtension>
        </extensions>
      </trkpt>
      <trkpt lat="51.91932787187397480010986328125" lon="6.2160956673324108123779296875">
        <ele>29.6000003814697265625</ele>
        <time>2026-09-05T13:36:08.000Z</time>
        <extensions>
          <ns3:TrackPointExtension>
            <ns3:hr>135</ns3:hr>
          </ns3:TrackPointExtension>
        </extensions>
      </trkpt>
      <trkpt lat="51.91935000009834766387939453125" lon="6.21609105728566646575927734375">
        <ele>29.3999996185302734375</ele>
        <time>2026-09-05T13:36:10.000Z</time>
        <extensions>
          <ns3:TrackPointExtension>
            <ns3:hr>135</ns3:hr>
          </ns3:TrackPointExtension>
        </extensions>
      </trkpt>
      <trkpt lat="51.91944085992872714996337890625" lon="6.2160567753016948699951171875">
        <ele>28.799999237060546875</ele>
        <time>2026-09-05T13:36:19.000Z</time>
        <extensions>
          <ns3:TrackPointExtension>
            <ns3:hr>134</ns3:hr>
          </ns3:TrackPointExtension>
        </extensions>
      </trkpt>
      <trkpt lat="51.91948444582521915435791015625" lon="6.21604914776980876922607421875">
        <ele>29.200000762939453125</ele>
        <time>2026-09-05T13:36:26.000Z</time>
        <extensions>
          <ns3:TrackPointExtension>
            <ns3:hr>134</ns3:hr>
          </ns3:TrackPointExtension>
        </extensions>
      </trkpt>
      <trkpt lat="51.91952325403690338134765625" lon="6.2160314619541168212890625">
        <ele>28.3999996185302734375</ele>
        <time>2026-09-05T13:36:29.000Z</time>
        <extensions>
          <ns3:TrackPointExtension>
            <ns3:hr>135</ns3:hr>
          </ns3:TrackPointExtension>
        </extensions>
      </trkpt>
      <trkpt lat="51.91953406669199466705322265625" lon="6.216027773916721343994140625">
        <ele>28</ele>
        <time>2026-09-05T13:36:30.000Z</time>
        <extensions>
          <ns3:TrackPointExtension>
            <ns3:hr>135</ns3:hr>
          </ns3:TrackPointExtension>
        </extensions>
      </trkpt>
      <trkpt lat="51.91959575749933719635009765625" lon="6.21600992046296596527099609375">
        <ele>29</ele>
        <time>2026-09-05T13:36:35.000Z</time>
        <extensions>
          <ns3:TrackPointExtension>
            <ns3:hr>135</ns3:hr>
          </ns3:TrackPointExtension>
        </extensions>
      </trkpt>
      <trkpt lat="51.91968309693038463592529296875" lon="6.21597119607031345367431640625">
        <ele>28.3999996185302734375</ele>
        <time>2026-09-05T13:36:44.000Z</time>
        <extensions>
          <ns3:TrackPointExtension>
            <ns3:hr>135</ns3:hr>
          </ns3:TrackPointExtension>
        </extensions>
      </trkpt>
      <trkpt lat="51.91978275775909423828125" lon="6.2159563601016998291015625">
        <ele>28.6000003814697265625</ele>
        <time>2026-09-05T13:36:54.000Z</time>
        <extensions>
          <ns3:TrackPointExtension>
            <ns3:hr>133</ns3:hr>
          </ns3:TrackPointExtension>
        </extensions>
      </trkpt>
      <trkpt lat="51.91986196674406528472900390625" lon="6.21586005203425884246826171875">
        <ele>28.6000003814697265625</ele>
        <time>2026-09-05T13:37:02.000Z</time>
        <extensions>
          <ns3:TrackPointExtension>
            <ns3:hr>132</ns3:hr>
          </ns3:TrackPointExtension>
        </extensions>
      </trkpt>
      <trkpt lat="51.9199260883033275604248046875" lon="6.21572979725897312164306640625">
        <ele>28.6000003814697265625</ele>
        <time>2026-09-05T13:37:11.000Z</time>
        <extensions>
          <ns3:TrackPointExtension>
            <ns3:hr>133</ns3:hr>
          </ns3:TrackPointExtension>
        </extensions>
      </trkpt>
      <trkpt lat="51.919941343367099761962890625" lon="6.2156641669571399688720703125">
        <ele>28.200000762939453125</ele>
        <time>2026-09-05T13:37:14.000Z</time>
        <extensions>
          <ns3:TrackPointExtension>
            <ns3:hr>136</ns3:hr>
          </ns3:TrackPointExtension>
        </extensions>
      </trkpt>
      <trkpt lat="51.919957436621189117431640625" lon="6.2155969440937042236328125">
        <ele>27</ele>
        <time>2026-09-05T13:37:18.000Z</time>
        <extensions>
          <ns3:TrackPointExtension>
            <ns3:hr>137</ns3:hr>
          </ns3:TrackPointExtension>
        </extensions>
      </trkpt>
      <trkpt lat="51.91996372304856777191162109375" lon="6.2155796773731708526611328125">
        <ele>27.200000762939453125</ele>
        <time>2026-09-05T13:37:19.000Z</time>
        <extensions>
          <ns3:TrackPointExtension>
            <ns3:hr>137</ns3:hr>
          </ns3:TrackPointExtension>
        </extensions>
      </trkpt>
      <trkpt lat="51.919988952577114105224609375" lon="6.21546886861324310302734375">
        <ele>28</ele>
        <time>2026-09-05T13:37:26.000Z</time>
        <extensions>
          <ns3:TrackPointExtension>
            <ns3:hr>137</ns3:hr>
          </ns3:TrackPointExtension>
        </extensions>
      </trkpt>
      <trkpt lat="51.92000043578445911407470703125" lon="6.2154237739741802215576171875">
        <ele>27.6000003814697265625</ele>
        <time>2026-09-05T13:37:29.000Z</time>
        <extensions>
          <ns3:TrackPointExtension>
            <ns3:hr>137</ns3:hr>
          </ns3:TrackPointExtension>
        </extensions>
      </trkpt>
      <trkpt lat="51.920045278966426849365234375" lon="6.21522478759288787841796875">
        <ele>27.3999996185302734375</ele>
        <time>2026-09-05T13:37:40.000Z</time>
        <extensions>
          <ns3:TrackPointExtension>
            <ns3:hr>137</ns3:hr>
          </ns3:TrackPointExtension>
        </extensions>
      </trkpt>
      <trkpt lat="51.92009313963353633880615234375" lon="6.215040050446987152099609375">
        <ele>27.3999996185302734375</ele>
        <time>2026-09-05T13:37:51.000Z</time>
        <extensions>
          <ns3:TrackPointExtension>
            <ns3:hr>138</ns3:hr>
          </ns3:TrackPointExtension>
        </extensions>
      </trkpt>
      <trkpt lat="51.920096576213836669921875" lon="6.21502538211643695831298828125">
        <ele>27</ele>
        <time>2026-09-05T13:37:52.000Z</time>
        <extensions>
          <ns3:TrackPointExtension>
            <ns3:hr>139</ns3:hr>
          </ns3:TrackPointExtension>
        </extensions>
      </trkpt>
      <trkpt lat="51.920139156281948089599609375" lon="6.21489646844565868377685546875">
        <ele>26.3999996185302734375</ele>
        <time>2026-09-05T13:38:00.000Z</time>
        <extensions>
          <ns3:TrackPointExtension>
            <ns3:hr>139</ns3:hr>
          </ns3:TrackPointExtension>
        </extensions>
      </trkpt>
      <trkpt lat="51.9202211312949657440185546875" lon="6.214732266962528228759765625">
        <ele>27</ele>
        <time>2026-09-05T13:38:11.000Z</time>
        <extensions>
          <ns3:TrackPointExtension>
            <ns3:hr>140</ns3:hr>
          </ns3:TrackPointExtension>
        </extensions>
      </trkpt>
      <trkpt lat="51.920244432985782623291015625" lon="6.2146556563675403594970703125">
        <ele>26</ele>
        <time>2026-09-05T13:38:16.000Z</time>
        <extensions>
          <ns3:TrackPointExtension>
            <ns3:hr>139</ns3:hr>
          </ns3:TrackPointExtension>
        </extensions>
      </trkpt>
      <trkpt lat="51.9202560000121593475341796875" lon="6.21460159309208393096923828125">
        <ele>25.799999237060546875</ele>
        <time>2026-09-05T13:38:20.000Z</time>
        <extensions>
          <ns3:TrackPointExtension>
            <ns3:hr>139</ns3:hr>
          </ns3:TrackPointExtension>
        </extensions>
      </trkpt>
      <trkpt lat="51.92030671052634716033935546875" lon="6.2144581787288188934326171875">
        <ele>25</ele>
        <time>2026-09-05T13:38:29.000Z</time>
        <extensions>
          <ns3:TrackPointExtension>
            <ns3:hr>138</ns3:hr>
          </ns3:TrackPointExtension>
        </extensions>
      </trkpt>
      <trkpt lat="51.92032883875072002410888671875" lon="6.21438433416187763214111328125">
        <ele>25.3999996185302734375</ele>
        <time>2026-09-05T13:38:34.000Z</time>
        <extensions>
          <ns3:TrackPointExtension>
            <ns3:hr>138</ns3:hr>
          </ns3:TrackPointExtension>
        </extensions>
      </trkpt>
      <trkpt lat="51.92036144435405731201171875" lon="6.2143032811582088470458984375">
        <ele>26</ele>
        <time>2026-09-05T13:38:39.000Z</time>
        <extensions>
          <ns3:TrackPointExtension>
            <ns3:hr>138</ns3:hr>
          </ns3:TrackPointExtension>
        </extensions>
      </trkpt>
      <trkpt lat="51.92039170302450656890869140625" lon="6.2141889519989490509033203125">
        <ele>25.200000762939453125</ele>
        <time>2026-09-05T13:38:46.000Z</time>
        <extensions>
          <ns3:TrackPointExtension>
            <ns3:hr>138</ns3:hr>
          </ns3:TrackPointExtension>
        </extensions>
      </trkpt>
      <trkpt lat="51.92039606161415576934814453125" lon="6.2141718529164791107177734375">
        <ele>24.799999237060546875</ele>
        <time>2026-09-05T13:38:47.000Z</time>
        <extensions>
          <ns3:TrackPointExtension>
            <ns3:hr>138</ns3:hr>
          </ns3:TrackPointExtension>
        </extensions>
      </trkpt>
      <trkpt lat="51.920442245900630950927734375" lon="6.21405291371047496795654296875">
        <ele>25.200000762939453125</ele>
        <time>2026-09-05T13:38:55.000Z</time>
        <extensions>
          <ns3:TrackPointExtension>
            <ns3:hr>138</ns3:hr>
          </ns3:TrackPointExtension>
        </extensions>
      </trkpt>
      <trkpt lat="51.9205403141677379608154296875" lon="6.21391721069812774658203125">
        <ele>25</ele>
        <time>2026-09-05T13:39:06.000Z</time>
        <extensions>
          <ns3:TrackPointExtension>
            <ns3:hr>138</ns3:hr>
          </ns3:TrackPointExtension>
        </extensions>
      </trkpt>
      <trkpt lat="51.92061985842883586883544921875" lon="6.2138942442834377288818359375">
        <ele>25</ele>
        <time>2026-09-05T13:39:15.000Z</time>
        <extensions>
          <ns3:TrackPointExtension>
            <ns3:hr>138</ns3:hr>
          </ns3:TrackPointExtension>
        </extensions>
      </trkpt>
      <trkpt lat="51.92072144709527492523193359375" lon="6.213996671140193939208984375">
        <ele>24.6000003814697265625</ele>
        <time>2026-09-05T13:39:23.000Z</time>
        <extensions>
          <ns3:TrackPointExtension>
            <ns3:hr>139</ns3:hr>
          </ns3:TrackPointExtension>
        </extensions>
      </trkpt>
      <trkpt lat="51.92079721949994564056396484375" lon="6.21413715183734893798828125">
        <ele>24.200000762939453125</ele>
        <time>2026-09-05T13:39:33.000Z</time>
        <extensions>
          <ns3:TrackPointExtension>
            <ns3:hr>139</ns3:hr>
          </ns3:TrackPointExtension>
        </extensions>
      </trkpt>
      <trkpt lat="51.92086410708725452423095703125" lon="6.21429531835019588470458984375">
        <ele>23.799999237060546875</ele>
        <time>2026-09-05T13:39:42.000Z</time>
        <extensions>
          <ns3:TrackPointExtension>
            <ns3:hr>137</ns3:hr>
          </ns3:TrackPointExtension>
        </extensions>
      </trkpt>
      <trkpt lat="51.920870058238506317138671875" lon="6.21430705301463603973388671875">
        <ele>23.799999237060546875</ele>
        <time>2026-09-05T13:39:43.000Z</time>
        <extensions>
          <ns3:TrackPointExtension>
            <ns3:hr>138</ns3:hr>
          </ns3:TrackPointExtension>
        </extensions>
      </trkpt>
      <trkpt lat="51.92091674543917179107666015625" lon="6.21439506299793720245361328125">
        <ele>23.6000003814697265625</ele>
        <time>2026-09-05T13:39:50.000Z</time>
        <extensions>
          <ns3:TrackPointExtension>
            <ns3:hr>136</ns3:hr>
          </ns3:TrackPointExtension>
        </extensions>
      </trkpt>
      <trkpt lat="51.921000815927982330322265625" lon="6.2145409919321537017822265625">
        <ele>23.6000003814697265625</ele>
        <time>2026-09-05T13:40:00.000Z</time>
        <extensions>
          <ns3:TrackPointExtension>
            <ns3:hr>138</ns3:hr>
          </ns3:TrackPointExtension>
        </extensions>
      </trkpt>
      <trkpt lat="51.92105622030794620513916015625" lon="6.21465213596820831298828125">
        <ele>24</ele>
        <time>2026-09-05T13:40:10.000Z</time>
        <extensions>
          <ns3:TrackPointExtension>
            <ns3:hr>138</ns3:hr>
          </ns3:TrackPointExtension>
        </extensions>
      </trkpt>
      <trkpt lat="51.9211434759199619293212890625" lon="6.21479789726436138153076171875">
        <ele>24</ele>
        <time>2026-09-05T13:40:19.000Z</time>
        <extensions>
          <ns3:TrackPointExtension>
            <ns3:hr>139</ns3:hr>
          </ns3:TrackPointExtension>
        </extensions>
      </trkpt>
      <trkpt lat="51.92118027247488498687744140625" lon="6.21490552090108394622802734375">
        <ele>24.799999237060546875</ele>
        <time>2026-09-05T13:40:28.000Z</time>
        <extensions>
          <ns3:TrackPointExtension>
            <ns3:hr>140</ns3:hr>
          </ns3:TrackPointExtension>
        </extensions>
      </trkpt>
      <trkpt lat="51.9211887381970882415771484375" lon="6.21493167243897914886474609375">
        <ele>25</ele>
        <time>2026-09-05T13:40:30.000Z</time>
        <extensions>
          <ns3:TrackPointExtension>
            <ns3:hr>140</ns3:hr>
          </ns3:TrackPointExtension>
        </extensions>
      </trkpt>
      <trkpt lat="51.92126140929758548736572265625" lon="6.21505840681493282318115234375">
        <ele>24.799999237060546875</ele>
        <time>2026-09-05T13:40:39.000Z</time>
        <extensions>
          <ns3:TrackPointExtension>
            <ns3:hr>142</ns3:hr>
          </ns3:TrackPointExtension>
        </extensions>
      </trkpt>
      <trkpt lat="51.92131773568689823150634765625" lon="6.2151843868196010589599609375">
        <ele>25</ele>
        <time>2026-09-05T13:40:48.000Z</time>
        <extensions>
          <ns3:TrackPointExtension>
            <ns3:hr>142</ns3:hr>
          </ns3:TrackPointExtension>
        </extensions>
      </trkpt>
      <trkpt lat="51.92135897465050220489501953125" lon="6.2152469158172607421875">
        <ele>24.799999237060546875</ele>
        <time>2026-09-05T13:40:57.000Z</time>
        <extensions>
          <ns3:TrackPointExtension>
            <ns3:hr>141</ns3:hr>
          </ns3:TrackPointExtension>
        </extensions>
      </trkpt>
      <trkpt lat="51.92132645286619663238525390625" lon="6.21522772125899791717529296875">
        <ele>24.799999237060546875</ele>
        <time>2026-09-05T13:41:03.000Z</time>
        <extensions>
          <ns3:TrackPointExtension>
            <ns3:hr>139</ns3:hr>
          </ns3:TrackPointExtension>
        </extensions>
      </trkpt>
      <trkpt lat="51.921342127025127410888671875" lon="6.21522872708737850189208984375">
        <ele>25</ele>
        <time>2026-09-05T13:41:06.000Z</time>
        <extensions>
          <ns3:TrackPointExtension>
            <ns3:hr>139</ns3:hr>
          </ns3:TrackPointExtension>
        </extensions>
      </trkpt>
      <trkpt lat="51.9213905744254589080810546875" lon="6.215322352945804595947265625">
        <ele>25.200000762939453125</ele>
        <time>2026-09-05T13:41:13.000Z</time>
        <extensions>
          <ns3:TrackPointExtension>
            <ns3:hr>140</ns3:hr>
          </ns3:TrackPointExtension>
        </extensions>
      </trkpt>
      <trkpt lat="51.92144413478672504425048828125" lon="6.215431988239288330078125">
        <ele>25.3999996185302734375</ele>
        <time>2026-09-05T13:41:21.000Z</time>
        <extensions>
          <ns3:TrackPointExtension>
            <ns3:hr>141</ns3:hr>
          </ns3:TrackPointExtension>
        </extensions>
      </trkpt>
      <trkpt lat="51.92148788832128047943115234375" lon="6.21552653610706329345703125">
        <ele>25.3999996185302734375</ele>
        <time>2026-09-05T13:41:29.000Z</time>
        <extensions>
          <ns3:TrackPointExtension>
            <ns3:hr>141</ns3:hr>
          </ns3:TrackPointExtension>
        </extensions>
      </trkpt>
      <trkpt lat="51.9215489923954010009765625" lon="6.2156423740088939666748046875">
        <ele>25.3999996185302734375</ele>
        <time>2026-09-05T13:41:38.000Z</time>
        <extensions>
          <ns3:TrackPointExtension>
            <ns3:hr>138</ns3:hr>
          </ns3:TrackPointExtension>
        </extensions>
      </trkpt>
      <trkpt lat="51.9215702824294567108154296875" lon="6.21568369679152965545654296875">
        <ele>25.799999237060546875</ele>
        <time>2026-09-05T13:41:42.000Z</time>
        <extensions>
          <ns3:TrackPointExtension>
            <ns3:hr>138</ns3:hr>
          </ns3:TrackPointExtension>
        </extensions>
      </trkpt>
      <trkpt lat="51.92162283696234226226806640625" lon="6.2157650850713253021240234375">
        <ele>26</ele>
        <time>2026-09-05T13:41:49.000Z</time>
        <extensions>
          <ns3:TrackPointExtension>
            <ns3:hr>135</ns3:hr>
          </ns3:TrackPointExtension>
        </extensions>
      </trkpt>
      <trkpt lat="51.921714954078197479248046875" lon="6.2158914841711521148681640625">
        <ele>26</ele>
        <time>2026-09-05T13:41:59.000Z</time>
        <extensions>
          <ns3:TrackPointExtension>
            <ns3:hr>136</ns3:hr>
          </ns3:TrackPointExtension>
        </extensions>
      </trkpt>
      <trkpt lat="51.92177630960941314697265625" lon="6.2160299532115459442138671875">
        <ele>26.799999237060546875</ele>
        <time>2026-09-05T13:42:09.000Z</time>
        <extensions>
          <ns3:TrackPointExtension>
            <ns3:hr>139</ns3:hr>
          </ns3:TrackPointExtension>
        </extensions>
      </trkpt>
      <trkpt lat="51.92178376950323581695556640625" lon="6.21604696847498416900634765625">
        <ele>26.799999237060546875</ele>
        <time>2026-09-05T13:42:10.000Z</time>
        <extensions>
          <ns3:TrackPointExtension>
            <ns3:hr>139</ns3:hr>
          </ns3:TrackPointExtension>
        </extensions>
      </trkpt>
      <trkpt lat="51.921812854707241058349609375" lon="6.21615861542522907257080078125">
        <ele>27</ele>
        <time>2026-09-05T13:42:18.000Z</time>
        <extensions>
          <ns3:TrackPointExtension>
            <ns3:hr>139</ns3:hr>
          </ns3:TrackPointExtension>
        </extensions>
      </trkpt>
      <trkpt lat="51.9218735396862030029296875" lon="6.2163021974265575408935546875">
        <ele>26.200000762939453125</ele>
        <time>2026-09-05T13:42:29.000Z</time>
        <extensions>
          <ns3:TrackPointExtension>
            <ns3:hr>139</ns3:hr>
          </ns3:TrackPointExtension>
        </extensions>
      </trkpt>
      <trkpt lat="51.92194134928286075592041015625" lon="6.21637017466127872467041015625">
        <ele>26.200000762939453125</ele>
        <time>2026-09-05T13:42:37.000Z</time>
        <extensions>
          <ns3:TrackPointExtension>
            <ns3:hr>138</ns3:hr>
          </ns3:TrackPointExtension>
        </extensions>
      </trkpt>
      <trkpt lat="51.9220329634845256805419921875" lon="6.216352321207523345947265625">
        <ele>26.799999237060546875</ele>
        <time>2026-09-05T13:42:47.000Z</time>
        <extensions>
          <ns3:TrackPointExtension>
            <ns3:hr>137</ns3:hr>
          </ns3:TrackPointExtension>
        </extensions>
      </trkpt>
      <trkpt lat="51.92209389992058277130126953125" lon="6.21636430732905864715576171875">
        <ele>26.6000003814697265625</ele>
        <time>2026-09-05T13:42:56.000Z</time>
        <extensions>
          <ns3:TrackPointExtension>
            <ns3:hr>135</ns3:hr>
          </ns3:TrackPointExtension>
        </extensions>
      </trkpt>
      <trkpt lat="51.9221818260848522186279296875" lon="6.21638123877346515655517578125">
        <ele>26.200000762939453125</ele>
        <time>2026-09-05T13:43:05.000Z</time>
        <extensions>
          <ns3:TrackPointExtension>
            <ns3:hr>133</ns3:hr>
          </ns3:TrackPointExtension>
        </extensions>
      </trkpt>
      <trkpt lat="51.92229204811155796051025390625" lon="6.2164202146232128143310546875">
        <ele>26</ele>
        <time>2026-09-05T13:43:13.000Z</time>
        <extensions>
          <ns3:TrackPointExtension>
            <ns3:hr>131</ns3:hr>
          </ns3:TrackPointExtension>
        </extensions>
      </trkpt>
      <trkpt lat="51.922382153570652008056640625" lon="6.2164339609444141387939453125">
        <ele>25.799999237060546875</ele>
        <time>2026-09-05T13:43:21.000Z</time>
        <extensions>
          <ns3:TrackPointExtension>
            <ns3:hr>131</ns3:hr>
          </ns3:TrackPointExtension>
        </extensions>
      </trkpt>
      <trkpt lat="51.92239992320537567138671875" lon="6.21643873862922191619873046875">
        <ele>25.799999237060546875</ele>
        <time>2026-09-05T13:43:23.000Z</time>
        <extensions>
          <ns3:TrackPointExtension>
            <ns3:hr>132</ns3:hr>
          </ns3:TrackPointExtension>
        </extensions>
      </trkpt>
      <trkpt lat="51.922514922916889190673828125" lon="6.216435134410858154296875">
        <ele>25.6000003814697265625</ele>
        <time>2026-09-05T13:43:34.000Z</time>
        <extensions>
          <ns3:TrackPointExtension>
            <ns3:hr>131</ns3:hr>
          </ns3:TrackPointExtension>
        </extensions>
      </trkpt>
      <trkpt lat="51.92262263037264347076416015625" lon="6.21647427789866924285888671875">
        <ele>25</ele>
        <time>2026-09-05T13:43:43.000Z</time>
        <extensions>
          <ns3:TrackPointExtension>
            <ns3:hr>131</ns3:hr>
          </ns3:TrackPointExtension>
        </extensions>
      </trkpt>
      <trkpt lat="51.9226827286183834075927734375" lon="6.2164820730686187744140625">
        <ele>24.799999237060546875</ele>
        <time>2026-09-05T13:43:51.000Z</time>
        <extensions>
          <ns3:TrackPointExtension>
            <ns3:hr>131</ns3:hr>
          </ns3:TrackPointExtension>
        </extensions>
      </trkpt>
      <trkpt lat="51.92270393483340740203857421875" lon="6.2164795584976673126220703125">
        <ele>24.799999237060546875</ele>
        <time>2026-09-05T13:43:53.000Z</time>
        <extensions>
          <ns3:TrackPointExtension>
            <ns3:hr>130</ns3:hr>
          </ns3:TrackPointExtension>
        </extensions>
      </trkpt>
      <trkpt lat="51.9227997399866580963134765625" lon="6.21648735366761684417724609375">
        <ele>24.799999237060546875</ele>
        <time>2026-09-05T13:44:00.000Z</time>
        <extensions>
          <ns3:TrackPointExtension>
            <ns3:hr>130</ns3:hr>
          </ns3:TrackPointExtension>
        </extensions>
      </trkpt>
      <trkpt lat="51.92292027175426483154296875" lon="6.21652339585125446319580078125">
        <ele>24.6000003814697265625</ele>
        <time>2026-09-05T13:44:11.000Z</time>
        <extensions>
          <ns3:TrackPointExtension>
            <ns3:hr>132</ns3:hr>
          </ns3:TrackPointExtension>
        </extensions>
      </trkpt>
      <trkpt lat="51.92305144853889942169189453125" lon="6.21653907001018524169921875">
        <ele>24.3999996185302734375</ele>
        <time>2026-09-05T13:44:23.000Z</time>
        <extensions>
          <ns3:TrackPointExtension>
            <ns3:hr>132</ns3:hr>
          </ns3:TrackPointExtension>
        </extensions>
      </trkpt>
      <trkpt lat="51.923159323632717132568359375" lon="6.21656027622520923614501953125">
        <ele>24.3999996185302734375</ele>
        <time>2026-09-05T13:44:31.000Z</time>
        <extensions>
          <ns3:TrackPointExtension>
            <ns3:hr>131</ns3:hr>
          </ns3:TrackPointExtension>
        </extensions>
      </trkpt>
      <trkpt lat="51.92327071912586688995361328125" lon="6.21659648604691028594970703125">
        <ele>24.200000762939453125</ele>
        <time>2026-09-05T13:44:42.000Z</time>
        <extensions>
          <ns3:TrackPointExtension>
            <ns3:hr>131</ns3:hr>
          </ns3:TrackPointExtension>
        </extensions>
      </trkpt>
      <trkpt lat="51.92329485900700092315673828125" lon="6.21659397147595882415771484375">
        <ele>24.799999237060546875</ele>
        <time>2026-09-05T13:44:49.000Z</time>
        <extensions>
          <ns3:TrackPointExtension>
            <ns3:hr>130</ns3:hr>
          </ns3:TrackPointExtension>
        </extensions>
      </trkpt>
      <trkpt lat="51.9233006425201892852783203125" lon="6.21659179218113422393798828125">
        <ele>25.200000762939453125</ele>
        <time>2026-09-05T13:44:51.000Z</time>
        <extensions>
          <ns3:TrackPointExtension>
            <ns3:hr>128</ns3:hr>
          </ns3:TrackPointExtension>
        </extensions>
      </trkpt>
      <trkpt lat="51.92335403524339199066162109375" lon="6.21664644218981266021728515625">
        <ele>24.200000762939453125</ele>
        <time>2026-09-05T13:44:57.000Z</time>
        <extensions>
          <ns3:TrackPointExtension>
            <ns3:hr>129</ns3:hr>
          </ns3:TrackPointExtension>
        </extensions>
      </trkpt>
      <trkpt lat="51.92342578433454036712646484375" lon="6.2167119048535823822021484375">
        <ele>24.799999237060546875</ele>
        <time>2026-09-05T13:45:07.000Z</time>
        <extensions>
          <ns3:TrackPointExtension>
            <ns3:hr>129</ns3:hr>
          </ns3:TrackPointExtension>
        </extensions>
      </trkpt>
      <trkpt lat="51.923441626131534576416015625" lon="6.2167119048535823822021484375">
        <ele>25</ele>
        <time>2026-09-05T13:45:16.000Z</time>
        <extensions>
          <ns3:TrackPointExtension>
            <ns3:hr>130</ns3:hr>
          </ns3:TrackPointExtension>
        </extensions>
      </trkpt>
      <trkpt lat="51.92345210351049900054931640625" lon="6.2166891060769557952880859375">
        <ele>24.6000003814697265625</ele>
        <time>2026-09-05T13:45:27.000Z</time>
        <extensions>
          <ns3:TrackPointExtension>
            <ns3:hr>129</ns3:hr>
          </ns3:TrackPointExtension>
        </extensions>
      </trkpt>
      <trkpt lat="51.92344464361667633056640625" lon="6.216671168804168701171875">
        <ele>24.6000003814697265625</ele>
        <time>2026-09-05T13:45:37.000Z</time>
        <extensions>
          <ns3:TrackPointExtension>
            <ns3:hr>128</ns3:hr>
          </ns3:TrackPointExtension>
        </extensions>
      </trkpt>
      <trkpt lat="51.92344556562602519989013671875" lon="6.216676533222198486328125">
        <ele>24.3999996185302734375</ele>
        <time>2026-09-05T13:45:47.000Z</time>
        <extensions>
          <ns3:TrackPointExtension>
            <ns3:hr>128</ns3:hr>
          </ns3:TrackPointExtension>
        </extensions>
      </trkpt>
      <trkpt lat="51.9235289655625820159912109375" lon="6.21668466366827487945556640625">
        <ele>24</ele>
        <time>2026-09-05T13:45:56.000Z</time>
        <extensions>
          <ns3:TrackPointExtension>
            <ns3:hr>128</ns3:hr>
          </ns3:TrackPointExtension>
        </extensions>
      </trkpt>
      <trkpt lat="51.9235494174063205718994140625" lon="6.21669388376176357269287109375">
        <ele>23.799999237060546875</ele>
        <time>2026-09-05T13:45:58.000Z</time>
        <extensions>
          <ns3:TrackPointExtension>
            <ns3:hr>127</ns3:hr>
          </ns3:TrackPointExtension>
        </extensions>
      </trkpt>
      <trkpt lat="51.9236178137362003326416015625" lon="6.21672238223254680633544921875">
        <ele>23.6000003814697265625</ele>
        <time>2026-09-05T13:46:05.000Z</time>
        <extensions>
          <ns3:TrackPointExtension>
            <ns3:hr>127</ns3:hr>
          </ns3:TrackPointExtension>
        </extensions>
      </trkpt>
      <trkpt lat="51.92371529527008533477783203125" lon="6.21675088070333003997802734375">
        <ele>23.200000762939453125</ele>
        <time>2026-09-05T13:46:14.000Z</time>
        <extensions>
          <ns3:TrackPointExtension>
            <ns3:hr>127</ns3:hr>
          </ns3:TrackPointExtension>
        </extensions>
      </trkpt>
      <trkpt lat="51.92383130080997943878173828125" lon="6.2167538143694400787353515625">
        <ele>23.200000762939453125</ele>
        <time>2026-09-05T13:46:24.000Z</time>
        <extensions>
          <ns3:TrackPointExtension>
            <ns3:hr>127</ns3:hr>
          </ns3:TrackPointExtension>
        </extensions>
      </trkpt>
      <trkpt lat="51.9239205680787563323974609375" lon="6.2167984060943126678466796875">
        <ele>23</ele>
        <time>2026-09-05T13:46:32.000Z</time>
        <extensions>
          <ns3:TrackPointExtension>
            <ns3:hr>128</ns3:hr>
          </ns3:TrackPointExtension>
        </extensions>
      </trkpt>
      <trkpt lat="51.92398770712316036224365234375" lon="6.21680921874940395355224609375">
        <ele>22.799999237060546875</ele>
        <time>2026-09-05T13:46:37.000Z</time>
        <extensions>
          <ns3:TrackPointExtension>
            <ns3:hr>128</ns3:hr>
          </ns3:TrackPointExtension>
        </extensions>
      </trkpt>
      <trkpt lat="51.9240154512226581573486328125" lon="6.2168134935200214385986328125">
        <ele>23</ele>
        <time>2026-09-05T13:46:40.000Z</time>
        <extensions>
          <ns3:TrackPointExtension>
            <ns3:hr>129</ns3:hr>
          </ns3:TrackPointExtension>
        </extensions>
      </trkpt>
      <trkpt lat="51.92409449256956577301025390625" lon="6.21682128868997097015380859375">
        <ele>23.200000762939453125</ele>
        <time>2026-09-05T13:46:48.000Z</time>
        <extensions>
          <ns3:TrackPointExtension>
            <ns3:hr>128</ns3:hr>
          </ns3:TrackPointExtension>
        </extensions>
      </trkpt>
      <trkpt lat="51.92421703599393367767333984375" lon="6.21683352626860141754150390625">
        <ele>23.200000762939453125</ele>
        <time>2026-09-05T13:46:58.000Z</time>
        <extensions>
          <ns3:TrackPointExtension>
            <ns3:hr>129</ns3:hr>
          </ns3:TrackPointExtension>
        </extensions>
      </trkpt>
      <trkpt lat="51.92433069460093975067138671875" lon="6.21685020625591278076171875">
        <ele>22.6000003814697265625</ele>
        <time>2026-09-05T13:47:08.000Z</time>
        <extensions>
          <ns3:TrackPointExtension>
            <ns3:hr>129</ns3:hr>
          </ns3:TrackPointExtension>
        </extensions>
      </trkpt>
      <trkpt lat="51.92438702099025249481201171875" lon="6.21684928424656391143798828125">
        <ele>22.799999237060546875</ele>
        <time>2026-09-05T13:47:13.000Z</time>
        <extensions>
          <ns3:TrackPointExtension>
            <ns3:hr>132</ns3:hr>
          </ns3:TrackPointExtension>
        </extensions>
      </trkpt>
      <trkpt lat="51.92444988526403903961181640625" lon="6.216837465763092041015625">
        <ele>22.799999237060546875</ele>
        <time>2026-09-05T13:47:19.000Z</time>
        <extensions>
          <ns3:TrackPointExtension>
            <ns3:hr>131</ns3:hr>
          </ns3:TrackPointExtension>
        </extensions>
      </trkpt>
      <trkpt lat="51.924554407596588134765625" lon="6.2168547324836254119873046875">
        <ele>22.799999237060546875</ele>
        <time>2026-09-05T13:47:29.000Z</time>
        <extensions>
          <ns3:TrackPointExtension>
            <ns3:hr>130</ns3:hr>
          </ns3:TrackPointExtension>
        </extensions>
      </trkpt>
      <trkpt lat="51.9246601872146129608154296875" lon="6.21701977215707302093505859375">
        <ele>22.799999237060546875</ele>
        <time>2026-09-05T13:47:38.000Z</time>
        <extensions>
          <ns3:TrackPointExtension>
            <ns3:hr>129</ns3:hr>
          </ns3:TrackPointExtension>
        </extensions>
      </trkpt>
      <trkpt lat="51.9247185252606868743896484375" lon="6.21719746850430965423583984375">
        <ele>23</ele>
        <time>2026-09-05T13:47:49.000Z</time>
        <extensions>
          <ns3:TrackPointExtension>
            <ns3:hr>132</ns3:hr>
          </ns3:TrackPointExtension>
        </extensions>
      </trkpt>
      <trkpt lat="51.92477158270776271820068359375" lon="6.21737994253635406494140625">
        <ele>23</ele>
        <time>2026-09-05T13:47:59.000Z</time>
        <extensions>
          <ns3:TrackPointExtension>
            <ns3:hr>133</ns3:hr>
          </ns3:TrackPointExtension>
        </extensions>
      </trkpt>
      <trkpt lat="51.924795471131801605224609375" lon="6.21750927530229091644287109375">
        <ele>23</ele>
        <time>2026-09-05T13:48:08.000Z</time>
        <extensions>
          <ns3:TrackPointExtension>
            <ns3:hr>134</ns3:hr>
          </ns3:TrackPointExtension>
        </extensions>
      </trkpt>
      <trkpt lat="51.9248405657708644866943359375" lon="6.21765344403684139251708984375">
        <ele>23.799999237060546875</ele>
        <time>2026-09-05T13:48:17.000Z</time>
        <extensions>
          <ns3:TrackPointExtension>
            <ns3:hr>136</ns3:hr>
          </ns3:TrackPointExtension>
        </extensions>
      </trkpt>
      <trkpt lat="51.92486193962395191192626953125" lon="6.21767758391797542572021484375">
        <ele>22.799999237060546875</ele>
        <time>2026-09-05T13:48:21.000Z</time>
        <extensions>
          <ns3:TrackPointExtension>
            <ns3:hr>137</ns3:hr>
          </ns3:TrackPointExtension>
        </extensions>
      </trkpt>
      <trkpt lat="51.924896724522113800048828125" lon="6.217696107923984527587890625">
        <ele>22.6000003814697265625</ele>
        <time>2026-09-05T13:48:25.000Z</time>
        <extensions>
          <ns3:TrackPointExtension>
            <ns3:hr>134</ns3:hr>
          </ns3:TrackPointExtension>
        </extensions>
      </trkpt>
      <trkpt lat="51.92491340450942516326904296875" lon="6.21770189143717288970947265625">
        <ele>23.200000762939453125</ele>
        <time>2026-09-05T13:48:27.000Z</time>
        <extensions>
          <ns3:TrackPointExtension>
            <ns3:hr>134</ns3:hr>
          </ns3:TrackPointExtension>
        </extensions>
      </trkpt>
      <trkpt lat="51.92492681555449962615966796875" lon="6.21770138852298259735107421875">
        <ele>24.200000762939453125</ele>
        <time>2026-09-05T13:48:29.000Z</time>
        <extensions>
          <ns3:TrackPointExtension>
            <ns3:hr>134</ns3:hr>
          </ns3:TrackPointExtension>
        </extensions>
      </trkpt>
      <trkpt lat="51.92492731846868991851806640625" lon="6.217700801789760589599609375">
        <ele>24.3999996185302734375</ele>
        <time>2026-09-05T13:48:34.000Z</time>
        <extensions>
          <ns3:TrackPointExtension>
            <ns3:hr>135</ns3:hr>
          </ns3:TrackPointExtension>
        </extensions>
      </trkpt>
      <trkpt lat="51.92493058741092681884765625" lon="6.217690072953701019287109375">
        <ele>23</ele>
        <time>2026-09-05T13:48:38.000Z</time>
        <extensions>
          <ns3:TrackPointExtension>
            <ns3:hr>136</ns3:hr>
          </ns3:TrackPointExtension>
        </extensions>
      </trkpt>
      <trkpt lat="51.924978531897068023681640625" lon="6.21764925308525562286376953125">
        <ele>22.799999237060546875</ele>
        <time>2026-09-05T13:48:43.000Z</time>
        <extensions>
          <ns3:TrackPointExtension>
            <ns3:hr>135</ns3:hr>
          </ns3:TrackPointExtension>
        </extensions>
      </trkpt>
      <trkpt lat="51.9250652007758617401123046875" lon="6.2175551243126392364501953125">
        <ele>22.6000003814697265625</ele>
        <time>2026-09-05T13:48:53.000Z</time>
        <extensions>
          <ns3:TrackPointExtension>
            <ns3:hr>136</ns3:hr>
          </ns3:TrackPointExtension>
        </extensions>
      </trkpt>
      <trkpt lat="51.92512664012610912322998046875" lon="6.217495612800121307373046875">
        <ele>22.3999996185302734375</ele>
        <time>2026-09-05T13:49:00.000Z</time>
        <extensions>
          <ns3:TrackPointExtension>
            <ns3:hr>133</ns3:hr>
          </ns3:TrackPointExtension>
        </extensions>
      </trkpt>
      <trkpt lat="51.9251577369868755340576171875" lon="6.21746552176773548126220703125">
        <ele>22.3999996185302734375</ele>
        <time>2026-09-05T13:49:04.000Z</time>
        <extensions>
          <ns3:TrackPointExtension>
            <ns3:hr>135</ns3:hr>
          </ns3:TrackPointExtension>
        </extensions>
      </trkpt>
      <trkpt lat="51.92526343278586864471435546875" lon="6.2173529528081417083740234375">
        <ele>22.200000762939453125</ele>
        <time>2026-09-05T13:49:14.000Z</time>
        <extensions>
          <ns3:TrackPointExtension>
            <ns3:hr>133</ns3:hr>
          </ns3:TrackPointExtension>
        </extensions>
      </trkpt>
      <trkpt lat="51.92529478110373020172119140625" lon="6.217326633632183074951171875">
        <ele>21.799999237060546875</ele>
        <time>2026-09-05T13:49:18.000Z</time>
        <extensions>
          <ns3:TrackPointExtension>
            <ns3:hr>132</ns3:hr>
          </ns3:TrackPointExtension>
        </extensions>
      </trkpt>
      <trkpt lat="51.92537122406065464019775390625" lon="6.217246167361736297607421875">
        <ele>21.200000762939453125</ele>
        <time>2026-09-05T13:49:25.000Z</time>
        <extensions>
          <ns3:TrackPointExtension>
            <ns3:hr>131</ns3:hr>
          </ns3:TrackPointExtension>
        </extensions>
      </trkpt>
      <trkpt lat="51.92546728067100048065185546875" lon="6.21714533306658267974853515625">
        <ele>21.799999237060546875</ele>
        <time>2026-09-05T13:49:35.000Z</time>
        <extensions>
          <ns3:TrackPointExtension>
            <ns3:hr>130</ns3:hr>
          </ns3:TrackPointExtension>
        </extensions>
      </trkpt>
      <trkpt lat="51.92556534893810749053955078125" lon="6.2170372903347015380859375">
        <ele>21.799999237060546875</ele>
        <time>2026-09-05T13:49:46.000Z</time>
        <extensions>
          <ns3:TrackPointExtension>
            <ns3:hr>132</ns3:hr>
          </ns3:TrackPointExtension>
        </extensions>
      </trkpt>
      <trkpt lat="51.9256780855357646942138671875" lon="6.2169620208442211151123046875">
        <ele>21.200000762939453125</ele>
        <time>2026-09-05T13:49:56.000Z</time>
        <extensions>
          <ns3:TrackPointExtension>
            <ns3:hr>133</ns3:hr>
          </ns3:TrackPointExtension>
        </extensions>
      </trkpt>
      <trkpt lat="51.9258118607103824615478515625" lon="6.21693444438278675079345703125">
        <ele>21.6000003814697265625</ele>
        <time>2026-09-05T13:50:06.000Z</time>
        <extensions>
          <ns3:TrackPointExtension>
            <ns3:hr>135</ns3:hr>
          </ns3:TrackPointExtension>
        </extensions>
      </trkpt>
      <trkpt lat="51.9258244335651397705078125" lon="6.216955818235874176025390625">
        <ele>21.6000003814697265625</ele>
        <time>2026-09-05T13:50:07.000Z</time>
        <extensions>
          <ns3:TrackPointExtension>
            <ns3:hr>135</ns3:hr>
          </ns3:TrackPointExtension>
        </extensions>
      </trkpt>
      <trkpt lat="51.92587916739284992218017578125" lon="6.2171001546084880828857421875">
        <ele>21.6000003814697265625</ele>
        <time>2026-09-05T13:50:13.000Z</time>
        <extensions>
          <ns3:TrackPointExtension>
            <ns3:hr>134</ns3:hr>
          </ns3:TrackPointExtension>
        </extensions>
      </trkpt>
      <trkpt lat="51.92591487430036067962646484375" lon="6.21723107993602752685546875">
        <ele>21.6000003814697265625</ele>
        <time>2026-09-05T13:50:21.000Z</time>
        <extensions>
          <ns3:TrackPointExtension>
            <ns3:hr>134</ns3:hr>
          </ns3:TrackPointExtension>
        </extensions>
      </trkpt>
      <trkpt lat="51.9260177202522754669189453125" lon="6.21738731861114501953125">
        <ele>21.3999996185302734375</ele>
        <time>2026-09-05T13:50:33.000Z</time>
        <extensions>
          <ns3:TrackPointExtension>
            <ns3:hr>135</ns3:hr>
          </ns3:TrackPointExtension>
        </extensions>
      </trkpt>
      <trkpt lat="51.92610162310302257537841796875" lon="6.2175442278385162353515625">
        <ele>22</ele>
        <time>2026-09-05T13:50:43.000Z</time>
        <extensions>
          <ns3:TrackPointExtension>
            <ns3:hr>136</ns3:hr>
          </ns3:TrackPointExtension>
        </extensions>
      </trkpt>
      <trkpt lat="51.92613950930535793304443359375" lon="6.21769837103784084320068359375">
        <ele>21.3999996185302734375</ele>
        <time>2026-09-05T13:50:53.000Z</time>
        <extensions>
          <ns3:TrackPointExtension>
            <ns3:hr>138</ns3:hr>
          </ns3:TrackPointExtension>
        </extensions>
      </trkpt>
      <trkpt lat="51.92617923952639102935791015625" lon="6.217771880328655242919921875">
        <ele>21.6000003814697265625</ele>
        <time>2026-09-05T13:50:58.000Z</time>
        <extensions>
          <ns3:TrackPointExtension>
            <ns3:hr>139</ns3:hr>
          </ns3:TrackPointExtension>
        </extensions>
      </trkpt>
      <trkpt lat="51.92620287649333477020263671875" lon="6.21781848371028900146484375">
        <ele>21.799999237060546875</ele>
        <time>2026-09-05T13:51:01.000Z</time>
        <extensions>
          <ns3:TrackPointExtension>
            <ns3:hr>140</ns3:hr>
          </ns3:TrackPointExtension>
        </extensions>
      </trkpt>
      <trkpt lat="51.92630060948431491851806640625" lon="6.21797312982380390167236328125">
        <ele>22.3999996185302734375</ele>
        <time>2026-09-05T13:51:10.000Z</time>
        <extensions>
          <ns3:TrackPointExtension>
            <ns3:hr>140</ns3:hr>
          </ns3:TrackPointExtension>
        </extensions>
      </trkpt>
      <trkpt lat="51.9263288564980030059814453125" lon="6.2180446274578571319580078125">
        <ele>22.6000003814697265625</ele>
        <time>2026-09-05T13:51:14.000Z</time>
        <extensions>
          <ns3:TrackPointExtension>
            <ns3:hr>143</ns3:hr>
          </ns3:TrackPointExtension>
        </extensions>
      </trkpt>
      <trkpt lat="51.926369257271289825439453125" lon="6.218130290508270263671875">
        <ele>22.799999237060546875</ele>
        <time>2026-09-05T13:51:20.000Z</time>
        <extensions>
          <ns3:TrackPointExtension>
            <ns3:hr>143</ns3:hr>
          </ns3:TrackPointExtension>
        </extensions>
      </trkpt>
      <trkpt lat="51.926445700228214263916015625" lon="6.2183078192174434661865234375">
        <ele>22.6000003814697265625</ele>
        <time>2026-09-05T13:51:32.000Z</time>
        <extensions>
          <ns3:TrackPointExtension>
            <ns3:hr>143</ns3:hr>
          </ns3:TrackPointExtension>
        </extensions>
      </trkpt>
      <trkpt lat="51.92651350982487201690673828125" lon="6.218479983508586883544921875">
        <ele>22.799999237060546875</ele>
        <time>2026-09-05T13:51:43.000Z</time>
        <extensions>
          <ns3:TrackPointExtension>
            <ns3:hr>144</ns3:hr>
          </ns3:TrackPointExtension>
        </extensions>
      </trkpt>
      <trkpt lat="51.92656799219548702239990234375" lon="6.21861853636801242828369140625">
        <ele>22.200000762939453125</ele>
        <time>2026-09-05T13:51:53.000Z</time>
        <extensions>
          <ns3:TrackPointExtension>
            <ns3:hr>144</ns3:hr>
          </ns3:TrackPointExtension>
        </extensions>
      </trkpt>
      <trkpt lat="51.92662817426025867462158203125" lon="6.2187527306377887725830078125">
        <ele>22.200000762939453125</ele>
        <time>2026-09-05T13:52:02.000Z</time>
        <extensions>
          <ns3:TrackPointExtension>
            <ns3:hr>142</ns3:hr>
          </ns3:TrackPointExtension>
        </extensions>
      </trkpt>
      <trkpt lat="51.9266344606876373291015625" lon="6.21875599958002567291259765625">
        <ele>22.3999996185302734375</ele>
        <time>2026-09-05T13:52:08.000Z</time>
        <extensions>
          <ns3:TrackPointExtension>
            <ns3:hr>141</ns3:hr>
          </ns3:TrackPointExtension>
        </extensions>
      </trkpt>
      <trkpt lat="51.9266537390649318695068359375" lon="6.21880109421908855438232421875">
        <ele>22.200000762939453125</ele>
        <time>2026-09-05T13:52:11.000Z</time>
        <extensions>
          <ns3:TrackPointExtension>
            <ns3:hr>138</ns3:hr>
          </ns3:TrackPointExtension>
        </extensions>
      </trkpt>
      <trkpt lat="51.9266802258789539337158203125" lon="6.2188744358718395233154296875">
        <ele>21.799999237060546875</ele>
        <time>2026-09-05T13:52:16.000Z</time>
        <extensions>
          <ns3:TrackPointExtension>
            <ns3:hr>138</ns3:hr>
          </ns3:TrackPointExtension>
        </extensions>
      </trkpt>
      <trkpt lat="51.92674049176275730133056640625" lon="6.219021119177341461181640625">
        <ele>21.799999237060546875</ele>
        <time>2026-09-05T13:52:25.000Z</time>
        <extensions>
          <ns3:TrackPointExtension>
            <ns3:hr>139</ns3:hr>
          </ns3:TrackPointExtension>
        </extensions>
      </trkpt>
      <trkpt lat="51.92682984285056591033935546875" lon="6.2191939540207386016845703125">
        <ele>21.799999237060546875</ele>
        <time>2026-09-05T13:52:37.000Z</time>
        <extensions>
          <ns3:TrackPointExtension>
            <ns3:hr>139</ns3:hr>
          </ns3:TrackPointExtension>
        </extensions>
      </trkpt>
      <trkpt lat="51.9268542341887950897216796875" lon="6.21925489045679569244384765625">
        <ele>21.3999996185302734375</ele>
        <time>2026-09-05T13:52:41.000Z</time>
        <extensions>
          <ns3:TrackPointExtension>
            <ns3:hr>136</ns3:hr>
          </ns3:TrackPointExtension>
        </extensions>
      </trkpt>
      <trkpt lat="51.9268897734582424163818359375" lon="6.2193575687706470489501953125">
        <ele>21.200000762939453125</ele>
        <time>2026-09-05T13:52:47.000Z</time>
        <extensions>
          <ns3:TrackPointExtension>
            <ns3:hr>136</ns3:hr>
          </ns3:TrackPointExtension>
        </extensions>
      </trkpt>
      <trkpt lat="51.92690846510231494903564453125" lon="6.21940710581839084625244140625">
        <ele>20.799999237060546875</ele>
        <time>2026-09-05T13:52:50.000Z</time>
        <extensions>
          <ns3:TrackPointExtension>
            <ns3:hr>135</ns3:hr>
          </ns3:TrackPointExtension>
        </extensions>
      </trkpt>
      <trkpt lat="51.926952302455902099609375" lon="6.21950634755194187164306640625">
        <ele>20.799999237060546875</ele>
        <time>2026-09-05T13:52:57.000Z</time>
        <extensions>
          <ns3:TrackPointExtension>
            <ns3:hr>136</ns3:hr>
          </ns3:TrackPointExtension>
        </extensions>
      </trkpt>
      <trkpt lat="51.9270299188792705535888671875" lon="6.21967683546245098114013671875">
        <ele>20.799999237060546875</ele>
        <time>2026-09-05T13:53:09.000Z</time>
        <extensions>
          <ns3:TrackPointExtension>
            <ns3:hr>137</ns3:hr>
          </ns3:TrackPointExtension>
        </extensions>
      </trkpt>
      <trkpt lat="51.92709781229496002197265625" lon="6.21985830366611480712890625">
        <ele>20.3999996185302734375</ele>
        <time>2026-09-05T13:53:21.000Z</time>
        <extensions>
          <ns3:TrackPointExtension>
            <ns3:hr>137</ns3:hr>
          </ns3:TrackPointExtension>
        </extensions>
      </trkpt>
      <trkpt lat="51.9271727465093135833740234375" lon="6.2199996225535869598388671875">
        <ele>20.3999996185302734375</ele>
        <time>2026-09-05T13:53:31.000Z</time>
        <extensions>
          <ns3:TrackPointExtension>
            <ns3:hr>135</ns3:hr>
          </ns3:TrackPointExtension>
        </extensions>
      </trkpt>
      <trkpt lat="51.927238963544368743896484375" lon="6.22016818262636661529541015625">
        <ele>20.3999996185302734375</ele>
        <time>2026-09-05T13:53:40.000Z</time>
        <extensions>
          <ns3:TrackPointExtension>
            <ns3:hr>135</ns3:hr>
          </ns3:TrackPointExtension>
        </extensions>
      </trkpt>
      <trkpt lat="51.92725849337875843048095703125" lon="6.22022484429180622100830078125">
        <ele>20.3999996185302734375</ele>
        <time>2026-09-05T13:53:44.000Z</time>
        <extensions>
          <ns3:TrackPointExtension>
            <ns3:hr>138</ns3:hr>
          </ns3:TrackPointExtension>
        </extensions>
      </trkpt>
      <trkpt lat="51.92729369737207889556884765625" lon="6.2203154526650905609130859375">
        <ele>20.6000003814697265625</ele>
        <time>2026-09-05T13:53:51.000Z</time>
        <extensions>
          <ns3:TrackPointExtension>
            <ns3:hr>138</ns3:hr>
          </ns3:TrackPointExtension>
        </extensions>
      </trkpt>
      <trkpt lat="51.92730434238910675048828125" lon="6.22033665888011455535888671875">
        <ele>20.3999996185302734375</ele>
        <time>2026-09-05T13:53:55.000Z</time>
        <extensions>
          <ns3:TrackPointExtension>
            <ns3:hr>139</ns3:hr>
          </ns3:TrackPointExtension>
        </extensions>
      </trkpt>
      <trkpt lat="51.9273162446916103363037109375" lon="6.2203667499125003814697265625">
        <ele>20.6000003814697265625</ele>
        <time>2026-09-05T13:53:57.000Z</time>
        <extensions>
          <ns3:TrackPointExtension>
            <ns3:hr>139</ns3:hr>
          </ns3:TrackPointExtension>
        </extensions>
      </trkpt>
      <trkpt lat="51.92737919278442859649658203125" lon="6.22051469050347805023193359375">
        <ele>20.6000003814697265625</ele>
        <time>2026-09-05T13:54:07.000Z</time>
        <extensions>
          <ns3:TrackPointExtension>
            <ns3:hr>139</ns3:hr>
          </ns3:TrackPointExtension>
        </extensions>
      </trkpt>
      <trkpt lat="51.9274530373513698577880859375" lon="6.220683753490447998046875">
        <ele>21.200000762939453125</ele>
        <time>2026-09-05T13:54:18.000Z</time>
        <extensions>
          <ns3:TrackPointExtension>
            <ns3:hr>141</ns3:hr>
          </ns3:TrackPointExtension>
        </extensions>
      </trkpt>
      <trkpt lat="51.9275090284645557403564453125" lon="6.22080705128610134124755859375">
        <ele>22</ele>
        <time>2026-09-05T13:54:26.000Z</time>
        <extensions>
          <ns3:TrackPointExtension>
            <ns3:hr>141</ns3:hr>
          </ns3:TrackPointExtension>
        </extensions>
      </trkpt>
      <trkpt lat="51.9275142252445220947265625" lon="6.22082054615020751953125">
        <ele>22</ele>
        <time>2026-09-05T13:54:27.000Z</time>
        <extensions>
          <ns3:TrackPointExtension>
            <ns3:hr>142</ns3:hr>
          </ns3:TrackPointExtension>
        </extensions>
      </trkpt>
      <trkpt lat="51.92758454941213130950927734375" lon="6.221003271639347076416015625">
        <ele>21.3999996185302734375</ele>
        <time>2026-09-05T13:54:39.000Z</time>
        <extensions>
          <ns3:TrackPointExtension>
            <ns3:hr>141</ns3:hr>
          </ns3:TrackPointExtension>
        </extensions>
      </trkpt>
      <trkpt lat="51.92764020524919033050537109375" lon="6.22113193385303020477294921875">
        <ele>21.200000762939453125</ele>
        <time>2026-09-05T13:54:48.000Z</time>
        <extensions>
          <ns3:TrackPointExtension>
            <ns3:hr>141</ns3:hr>
          </ns3:TrackPointExtension>
        </extensions>
      </trkpt>
      <trkpt lat="51.92766518332064151763916015625" lon="6.22120016254484653472900390625">
        <ele>21</ele>
        <time>2026-09-05T13:54:52.000Z</time>
        <extensions>
          <ns3:TrackPointExtension>
            <ns3:hr>141</ns3:hr>
          </ns3:TrackPointExtension>
        </extensions>
      </trkpt>
      <trkpt lat="51.927694939076900482177734375" lon="6.22129001654684543609619140625">
        <ele>20.3999996185302734375</ele>
        <time>2026-09-05T13:54:57.000Z</time>
        <extensions>
          <ns3:TrackPointExtension>
            <ns3:hr>141</ns3:hr>
          </ns3:TrackPointExtension>
        </extensions>
      </trkpt>
      <trkpt lat="51.92771782167255878448486328125" lon="6.2213564850389957427978515625">
        <ele>19.799999237060546875</ele>
        <time>2026-09-05T13:55:01.000Z</time>
        <extensions>
          <ns3:TrackPointExtension>
            <ns3:hr>141</ns3:hr>
          </ns3:TrackPointExtension>
        </extensions>
      </trkpt>
      <trkpt lat="51.92775570787489414215087890625" lon="6.22145229019224643707275390625">
        <ele>19.3999996185302734375</ele>
        <time>2026-09-05T13:55:07.000Z</time>
        <extensions>
          <ns3:TrackPointExtension>
            <ns3:hr>140</ns3:hr>
          </ns3:TrackPointExtension>
        </extensions>
      </trkpt>
      <trkpt lat="51.92784053273499011993408203125" lon="6.22163635678589344024658203125">
        <ele>19</ele>
        <time>2026-09-05T13:55:18.000Z</time>
        <extensions>
          <ns3:TrackPointExtension>
            <ns3:hr>140</ns3:hr>
          </ns3:TrackPointExtension>
        </extensions>
      </trkpt>
      <trkpt lat="51.92790406756103038787841796875" lon="6.22180617414414882659912109375">
        <ele>18.799999237060546875</ele>
        <time>2026-09-05T13:55:29.000Z</time>
        <extensions>
          <ns3:TrackPointExtension>
            <ns3:hr>139</ns3:hr>
          </ns3:TrackPointExtension>
        </extensions>
      </trkpt>
      <trkpt lat="51.9279153831303119659423828125" lon="6.22183467261493206024169921875">
        <ele>18.6000003814697265625</ele>
        <time>2026-09-05T13:55:31.000Z</time>
        <extensions>
          <ns3:TrackPointExtension>
            <ns3:hr>140</ns3:hr>
          </ns3:TrackPointExtension>
        </extensions>
      </trkpt>
      <trkpt lat="51.92798336036503314971923828125" lon="6.22195151634514331817626953125">
        <ele>18.799999237060546875</ele>
        <time>2026-09-05T13:55:39.000Z</time>
        <extensions>
          <ns3:TrackPointExtension>
            <ns3:hr>140</ns3:hr>
          </ns3:TrackPointExtension>
        </extensions>
      </trkpt>
      <trkpt lat="51.92804940976202487945556640625" lon="6.22209551744163036346435546875">
        <ele>19.200000762939453125</ele>
        <time>2026-09-05T13:55:48.000Z</time>
        <extensions>
          <ns3:TrackPointExtension>
            <ns3:hr>140</ns3:hr>
          </ns3:TrackPointExtension>
        </extensions>
      </trkpt>
      <trkpt lat="51.92810892127454280853271484375" lon="6.2222634069621562957763671875">
        <ele>18.799999237060546875</ele>
        <time>2026-09-05T13:55:59.000Z</time>
        <extensions>
          <ns3:TrackPointExtension>
            <ns3:hr>140</ns3:hr>
          </ns3:TrackPointExtension>
        </extensions>
      </trkpt>
      <trkpt lat="51.92818553186953067779541015625" lon="6.22243615798652172088623046875">
        <ele>18.6000003814697265625</ele>
        <time>2026-09-05T13:56:10.000Z</time>
        <extensions>
          <ns3:TrackPointExtension>
            <ns3:hr>140</ns3:hr>
          </ns3:TrackPointExtension>
        </extensions>
      </trkpt>
      <trkpt lat="51.9282865338027477264404296875" lon="6.222641766071319580078125">
        <ele>18.6000003814697265625</ele>
        <time>2026-09-05T13:56:23.000Z</time>
        <extensions>
          <ns3:TrackPointExtension>
            <ns3:hr>141</ns3:hr>
          </ns3:TrackPointExtension>
        </extensions>
      </trkpt>
      <trkpt lat="51.928338669240474700927734375" lon="6.2227629683911800384521484375">
        <ele>18.3999996185302734375</ele>
        <time>2026-09-05T13:56:31.000Z</time>
        <extensions>
          <ns3:TrackPointExtension>
            <ns3:hr>138</ns3:hr>
          </ns3:TrackPointExtension>
        </extensions>
      </trkpt>
      <trkpt lat="51.92835518158972263336181640625" lon="6.22279540635645389556884765625">
        <ele>18.3999996185302734375</ele>
        <time>2026-09-05T13:56:33.000Z</time>
        <extensions>
          <ns3:TrackPointExtension>
            <ns3:hr>138</ns3:hr>
          </ns3:TrackPointExtension>
        </extensions>
      </trkpt>
      <trkpt lat="51.92845324985682964324951171875" lon="6.22301082126796245574951171875">
        <ele>18</ele>
        <time>2026-09-05T13:56:46.000Z</time>
        <extensions>
          <ns3:TrackPointExtension>
            <ns3:hr>138</ns3:hr>
          </ns3:TrackPointExtension>
        </extensions>
      </trkpt>
      <trkpt lat="51.92852181382477283477783203125" lon="6.22318097390234470367431640625">
        <ele>17.799999237060546875</ele>
        <time>2026-09-05T13:56:58.000Z</time>
        <extensions>
          <ns3:TrackPointExtension>
            <ns3:hr>139</ns3:hr>
          </ns3:TrackPointExtension>
        </extensions>
      </trkpt>
      <trkpt lat="51.9286248274147510528564453125" lon="6.2234066985547542572021484375">
        <ele>18.6000003814697265625</ele>
        <time>2026-09-05T13:57:12.000Z</time>
        <extensions>
          <ns3:TrackPointExtension>
            <ns3:hr>138</ns3:hr>
          </ns3:TrackPointExtension>
        </extensions>
      </trkpt>
      <trkpt lat="51.9286811538040637969970703125" lon="6.223546676337718963623046875">
        <ele>18</ele>
        <time>2026-09-05T13:57:21.000Z</time>
        <extensions>
          <ns3:TrackPointExtension>
            <ns3:hr>138</ns3:hr>
          </ns3:TrackPointExtension>
        </extensions>
      </trkpt>
      <trkpt lat="51.92875030450522899627685546875" lon="6.22371138073503971099853515625">
        <ele>18.200000762939453125</ele>
        <time>2026-09-05T13:57:32.000Z</time>
        <extensions>
          <ns3:TrackPointExtension>
            <ns3:hr>139</ns3:hr>
          </ns3:TrackPointExtension>
        </extensions>
      </trkpt>
      <trkpt lat="51.92881182767450809478759765625" lon="6.22384498827159404754638671875">
        <ele>18.3999996185302734375</ele>
        <time>2026-09-05T13:57:41.000Z</time>
        <extensions>
          <ns3:TrackPointExtension>
            <ns3:hr>139</ns3:hr>
          </ns3:TrackPointExtension>
        </extensions>
      </trkpt>
      <trkpt lat="51.9288836605846881866455078125" lon="6.22398546896874904632568359375">
        <ele>18</ele>
        <time>2026-09-05T13:57:50.000Z</time>
        <extensions>
          <ns3:TrackPointExtension>
            <ns3:hr>137</ns3:hr>
          </ns3:TrackPointExtension>
        </extensions>
      </trkpt>
      <trkpt lat="51.92894610576331615447998046875" lon="6.22412863187491893768310546875">
        <ele>18.3999996185302734375</ele>
        <time>2026-09-05T13:57:59.000Z</time>
        <extensions>
          <ns3:TrackPointExtension>
            <ns3:hr>137</ns3:hr>
          </ns3:TrackPointExtension>
        </extensions>
      </trkpt>
      <trkpt lat="51.92900595255196094512939453125" lon="6.22429761104285717010498046875">
        <ele>18.200000762939453125</ele>
        <time>2026-09-05T13:58:09.000Z</time>
        <extensions>
          <ns3:TrackPointExtension>
            <ns3:hr>138</ns3:hr>
          </ns3:TrackPointExtension>
        </extensions>
      </trkpt>
      <trkpt lat="51.9290502928197383880615234375" lon="6.224417388439178466796875">
        <ele>18.6000003814697265625</ele>
        <time>2026-09-05T13:58:17.000Z</time>
        <extensions>
          <ns3:TrackPointExtension>
            <ns3:hr>141</ns3:hr>
          </ns3:TrackPointExtension>
        </extensions>
      </trkpt>
      <trkpt lat="51.92906177602708339691162109375" lon="6.22451587580144405364990234375">
        <ele>18.6000003814697265625</ele>
        <time>2026-09-05T13:58:22.000Z</time>
        <extensions>
          <ns3:TrackPointExtension>
            <ns3:hr>139</ns3:hr>
          </ns3:TrackPointExtension>
        </extensions>
      </trkpt>
      <trkpt lat="51.92905926145613193511962890625" lon="6.22465853579342365264892578125">
        <ele>18</ele>
        <time>2026-09-05T13:58:29.000Z</time>
        <extensions>
          <ns3:TrackPointExtension>
            <ns3:hr>140</ns3:hr>
          </ns3:TrackPointExtension>
        </extensions>
      </trkpt>
      <trkpt lat="51.92900360561907291412353515625" lon="6.22481225989758968353271484375">
        <ele>19</ele>
        <time>2026-09-05T13:58:39.000Z</time>
        <extensions>
          <ns3:TrackPointExtension>
            <ns3:hr>139</ns3:hr>
          </ns3:TrackPointExtension>
        </extensions>
      </trkpt>
      <trkpt lat="51.928920708596706390380859375" lon="6.224879063665866851806640625">
        <ele>19.200000762939453125</ele>
        <time>2026-09-05T13:58:47.000Z</time>
        <extensions>
          <ns3:TrackPointExtension>
            <ns3:hr>140</ns3:hr>
          </ns3:TrackPointExtension>
        </extensions>
      </trkpt>
      <trkpt lat="51.928840577602386474609375" lon="6.224934719502925872802734375">
        <ele>19</ele>
        <time>2026-09-05T13:58:54.000Z</time>
        <extensions>
          <ns3:TrackPointExtension>
            <ns3:hr>141</ns3:hr>
          </ns3:TrackPointExtension>
        </extensions>
      </trkpt>
      <trkpt lat="51.9287317804992198944091796875" lon="6.225007809698581695556640625">
        <ele>19</ele>
        <time>2026-09-05T13:59:04.000Z</time>
        <extensions>
          <ns3:TrackPointExtension>
            <ns3:hr>142</ns3:hr>
          </ns3:TrackPointExtension>
        </extensions>
      </trkpt>
      <trkpt lat="51.92862130701541900634765625" lon="6.22508467175066471099853515625">
        <ele>19.200000762939453125</ele>
        <time>2026-09-05T13:59:14.000Z</time>
        <extensions>
          <ns3:TrackPointExtension>
            <ns3:hr>143</ns3:hr>
          </ns3:TrackPointExtension>
        </extensions>
      </trkpt>
      <trkpt lat="51.92854695953428745269775390625" lon="6.225137896835803985595703125">
        <ele>19.200000762939453125</ele>
        <time>2026-09-05T13:59:22.000Z</time>
        <extensions>
          <ns3:TrackPointExtension>
            <ns3:hr>143</ns3:hr>
          </ns3:TrackPointExtension>
        </extensions>
      </trkpt>
      <trkpt lat="51.92842416465282440185546875" lon="6.22520956210792064666748046875">
        <ele>19</ele>
        <time>2026-09-05T13:59:34.000Z</time>
        <extensions>
          <ns3:TrackPointExtension>
            <ns3:hr>145</ns3:hr>
          </ns3:TrackPointExtension>
        </extensions>
      </trkpt>
      <trkpt lat="51.9283068180084228515625" lon="6.22527577914297580718994140625">
        <ele>19.200000762939453125</ele>
        <time>2026-09-05T13:59:44.000Z</time>
        <extensions>
          <ns3:TrackPointExtension>
            <ns3:hr>144</ns3:hr>
          </ns3:TrackPointExtension>
        </extensions>
      </trkpt>
      <trkpt lat="51.92823104560375213623046875" lon="6.22532204724848270416259765625">
        <ele>19.6000003814697265625</ele>
        <time>2026-09-05T13:59:51.000Z</time>
        <extensions>
          <ns3:TrackPointExtension>
            <ns3:hr>144</ns3:hr>
          </ns3:TrackPointExtension>
        </extensions>
      </trkpt>
      <trkpt lat="51.92820464260876178741455078125" lon="6.22533679939806461334228515625">
        <ele>19.799999237060546875</ele>
        <time>2026-09-05T13:59:54.000Z</time>
        <extensions>
          <ns3:TrackPointExtension>
            <ns3:hr>145</ns3:hr>
          </ns3:TrackPointExtension>
        </extensions>
      </trkpt>
      <trkpt lat="51.928118728101253509521484375" lon="6.225389353930950164794921875">
        <ele>20.200000762939453125</ele>
        <time>2026-09-05T14:00:03.000Z</time>
        <extensions>
          <ns3:TrackPointExtension>
            <ns3:hr>145</ns3:hr>
          </ns3:TrackPointExtension>
        </extensions>
      </trkpt>
      <trkpt lat="51.92802426405251026153564453125" lon="6.2254726700484752655029296875">
        <ele>20.3999996185302734375</ele>
        <time>2026-09-05T14:00:12.000Z</time>
        <extensions>
          <ns3:TrackPointExtension>
            <ns3:hr>146</ns3:hr>
          </ns3:TrackPointExtension>
        </extensions>
      </trkpt>
      <trkpt lat="51.9279187358915805816650390625" lon="6.2255377136170864105224609375">
        <ele>20.200000762939453125</ele>
        <time>2026-09-05T14:00:22.000Z</time>
        <extensions>
          <ns3:TrackPointExtension>
            <ns3:hr>145</ns3:hr>
          </ns3:TrackPointExtension>
        </extensions>
      </trkpt>
      <trkpt lat="51.92782561294734477996826171875" lon="6.22559211216866970062255859375">
        <ele>20.3999996185302734375</ele>
        <time>2026-09-05T14:00:30.000Z</time>
        <extensions>
          <ns3:TrackPointExtension>
            <ns3:hr>145</ns3:hr>
          </ns3:TrackPointExtension>
        </extensions>
      </trkpt>
      <trkpt lat="51.92773894406855106353759765625" lon="6.22563712298870086669921875">
        <ele>20.6000003814697265625</ele>
        <time>2026-09-05T14:00:38.000Z</time>
        <extensions>
          <ns3:TrackPointExtension>
            <ns3:hr>145</ns3:hr>
          </ns3:TrackPointExtension>
        </extensions>
      </trkpt>
      <trkpt lat="51.9276431389153003692626953125" lon="6.225689090788364410400390625">
        <ele>20</ele>
        <time>2026-09-05T14:00:47.000Z</time>
        <extensions>
          <ns3:TrackPointExtension>
            <ns3:hr>145</ns3:hr>
          </ns3:TrackPointExtension>
        </extensions>
      </trkpt>
      <trkpt lat="51.92755823023617267608642578125" lon="6.22574466280639171600341796875">
        <ele>20.6000003814697265625</ele>
        <time>2026-09-05T14:00:57.000Z</time>
        <extensions>
          <ns3:TrackPointExtension>
            <ns3:hr>145</ns3:hr>
          </ns3:TrackPointExtension>
        </extensions>
      </trkpt>
      <trkpt lat="51.92753140814602375030517578125" lon="6.22575505636632442474365234375">
        <ele>20.799999237060546875</ele>
        <time>2026-09-05T14:01:00.000Z</time>
        <extensions>
          <ns3:TrackPointExtension>
            <ns3:hr>146</ns3:hr>
          </ns3:TrackPointExtension>
        </extensions>
      </trkpt>
      <trkpt lat="51.92747742868959903717041015625" lon="6.22578724287450313568115234375">
        <ele>20.799999237060546875</ele>
        <time>2026-09-05T14:01:05.000Z</time>
        <extensions>
          <ns3:TrackPointExtension>
            <ns3:hr>146</ns3:hr>
          </ns3:TrackPointExtension>
        </extensions>
      </trkpt>
      <trkpt lat="51.92739679478108882904052734375" lon="6.22583334334194660186767578125">
        <ele>21.799999237060546875</ele>
        <time>2026-09-05T14:01:15.000Z</time>
        <extensions>
          <ns3:TrackPointExtension>
            <ns3:hr>146</ns3:hr>
          </ns3:TrackPointExtension>
        </extensions>
      </trkpt>
      <trkpt lat="51.9273886643350124359130859375" lon="6.22583636082708835601806640625">
        <ele>21.799999237060546875</ele>
        <time>2026-09-05T14:01:16.000Z</time>
        <extensions>
          <ns3:TrackPointExtension>
            <ns3:hr>146</ns3:hr>
          </ns3:TrackPointExtension>
        </extensions>
      </trkpt>
      <trkpt lat="51.92729369737207889556884765625" lon="6.2258971296250820159912109375">
        <ele>21.6000003814697265625</ele>
        <time>2026-09-05T14:01:25.000Z</time>
        <extensions>
          <ns3:TrackPointExtension>
            <ns3:hr>146</ns3:hr>
          </ns3:TrackPointExtension>
        </extensions>
      </trkpt>
      <trkpt lat="51.92717827856540679931640625" lon="6.2260017357766628265380859375">
        <ele>21.6000003814697265625</ele>
        <time>2026-09-05T14:01:36.000Z</time>
        <extensions>
          <ns3:TrackPointExtension>
            <ns3:hr>147</ns3:hr>
          </ns3:TrackPointExtension>
        </extensions>
      </trkpt>
      <trkpt lat="51.92708037793636322021484375" lon="6.22605898417532444000244140625">
        <ele>22.200000762939453125</ele>
        <time>2026-09-05T14:01:46.000Z</time>
        <extensions>
          <ns3:TrackPointExtension>
            <ns3:hr>149</ns3:hr>
          </ns3:TrackPointExtension>
        </extensions>
      </trkpt>
      <trkpt lat="51.92698122002184391021728515625" lon="6.22613827697932720184326171875">
        <ele>21.799999237060546875</ele>
        <time>2026-09-05T14:01:56.000Z</time>
        <extensions>
          <ns3:TrackPointExtension>
            <ns3:hr>150</ns3:hr>
          </ns3:TrackPointExtension>
        </extensions>
      </trkpt>
      <trkpt lat="51.92686848342418670654296875" lon="6.22619292698800563812255859375">
        <ele>21.6000003814697265625</ele>
        <time>2026-09-05T14:02:05.000Z</time>
        <extensions>
          <ns3:TrackPointExtension>
            <ns3:hr>148</ns3:hr>
          </ns3:TrackPointExtension>
        </extensions>
      </trkpt>
      <trkpt lat="51.92677552811801433563232421875" lon="6.2262434698641300201416015625">
        <ele>22.799999237060546875</ele>
        <time>2026-09-05T14:02:14.000Z</time>
        <extensions>
          <ns3:TrackPointExtension>
            <ns3:hr>147</ns3:hr>
          </ns3:TrackPointExtension>
        </extensions>
      </trkpt>
      <trkpt lat="51.92668885923922061920166015625" lon="6.2262823618948459625244140625">
        <ele>23</ele>
        <time>2026-09-05T14:02:23.000Z</time>
        <extensions>
          <ns3:TrackPointExtension>
            <ns3:hr>148</ns3:hr>
          </ns3:TrackPointExtension>
        </extensions>
      </trkpt>
      <trkpt lat="51.9266423396766185760498046875" lon="6.22636660002171993255615234375">
        <ele>23.200000762939453125</ele>
        <time>2026-09-05T14:02:32.000Z</time>
        <extensions>
          <ns3:TrackPointExtension>
            <ns3:hr>147</ns3:hr>
          </ns3:TrackPointExtension>
        </extensions>
      </trkpt>
      <trkpt lat="51.9266413338482379913330078125" lon="6.2265180610120296478271484375">
        <ele>23</ele>
        <time>2026-09-05T14:02:40.000Z</time>
        <extensions>
          <ns3:TrackPointExtension>
            <ns3:hr>147</ns3:hr>
          </ns3:TrackPointExtension>
        </extensions>
      </trkpt>
      <trkpt lat="51.92668617703020572662353515625" lon="6.22670623473823070526123046875">
        <ele>23.200000762939453125</ele>
        <time>2026-09-05T14:02:51.000Z</time>
        <extensions>
          <ns3:TrackPointExtension>
            <ns3:hr>147</ns3:hr>
          </ns3:TrackPointExtension>
        </extensions>
      </trkpt>
      <trkpt lat="51.92675507627427577972412109375" lon="6.22686934657394886016845703125">
        <ele>23.200000762939453125</ele>
        <time>2026-09-05T14:03:01.000Z</time>
        <extensions>
          <ns3:TrackPointExtension>
            <ns3:hr>147</ns3:hr>
          </ns3:TrackPointExtension>
        </extensions>
      </trkpt>
      <trkpt lat="51.926787011325359344482421875" lon="6.22702709399163722991943359375">
        <ele>23.6000003814697265625</ele>
        <time>2026-09-05T14:03:09.000Z</time>
        <extensions>
          <ns3:TrackPointExtension>
            <ns3:hr>147</ns3:hr>
          </ns3:TrackPointExtension>
        </extensions>
      </trkpt>
      <trkpt lat="51.92678801715373992919921875" lon="6.227063052356243133544921875">
        <ele>23.799999237060546875</ele>
        <time>2026-09-05T14:03:11.000Z</time>
        <extensions>
          <ns3:TrackPointExtension>
            <ns3:hr>147</ns3:hr>
          </ns3:TrackPointExtension>
        </extensions>
      </trkpt>
      <trkpt lat="51.92680151201784610748291015625" lon="6.2271446920931339263916015625">
        <ele>24.200000762939453125</ele>
        <time>2026-09-05T14:03:17.000Z</time>
        <extensions>
          <ns3:TrackPointExtension>
            <ns3:hr>148</ns3:hr>
          </ns3:TrackPointExtension>
        </extensions>
      </trkpt>
      <trkpt lat="51.92683688364923000335693359375" lon="6.22729866765439510345458984375">
        <ele>24.200000762939453125</ele>
        <time>2026-09-05T14:03:25.000Z</time>
        <extensions>
          <ns3:TrackPointExtension>
            <ns3:hr>150</ns3:hr>
          </ns3:TrackPointExtension>
        </extensions>
      </trkpt>
      <trkpt lat="51.92682950757443904876708984375" lon="6.227328591048717498779296875">
        <ele>24</ele>
        <time>2026-09-05T14:03:31.000Z</time>
        <extensions>
          <ns3:TrackPointExtension>
            <ns3:hr>151</ns3:hr>
          </ns3:TrackPointExtension>
        </extensions>
      </trkpt>
      <trkpt lat="51.926850043237209320068359375" lon="6.22741953469812870025634765625">
        <ele>23.799999237060546875</ele>
        <time>2026-09-05T14:03:36.000Z</time>
        <extensions>
          <ns3:TrackPointExtension>
            <ns3:hr>149</ns3:hr>
          </ns3:TrackPointExtension>
        </extensions>
      </trkpt>
      <trkpt lat="51.92688549868762493133544921875" lon="6.2275569140911102294921875">
        <ele>23.799999237060546875</ele>
        <time>2026-09-05T14:03:45.000Z</time>
        <extensions>
          <ns3:TrackPointExtension>
            <ns3:hr>147</ns3:hr>
          </ns3:TrackPointExtension>
        </extensions>
      </trkpt>
      <trkpt lat="51.9269283302128314971923828125" lon="6.22773058712482452392578125">
        <ele>24</ele>
        <time>2026-09-05T14:03:55.000Z</time>
        <extensions>
          <ns3:TrackPointExtension>
            <ns3:hr>149</ns3:hr>
          </ns3:TrackPointExtension>
        </extensions>
      </trkpt>
      <trkpt lat="51.9269722513854503631591796875" lon="6.22788489796221256256103515625">
        <ele>24.200000762939453125</ele>
        <time>2026-09-05T14:04:05.000Z</time>
        <extensions>
          <ns3:TrackPointExtension>
            <ns3:hr>148</ns3:hr>
          </ns3:TrackPointExtension>
        </extensions>
      </trkpt>
      <trkpt lat="51.92700888030230998992919921875" lon="6.2280070222914218902587890625">
        <ele>24</ele>
        <time>2026-09-05T14:04:12.000Z</time>
        <extensions>
          <ns3:TrackPointExtension>
            <ns3:hr>149</ns3:hr>
          </ns3:TrackPointExtension>
        </extensions>
      </trkpt>
      <trkpt lat="51.927019022405147552490234375" lon="6.2280392087996006011962890625">
        <ele>24</ele>
        <time>2026-09-05T14:04:14.000Z</time>
        <extensions>
          <ns3:TrackPointExtension>
            <ns3:hr>150</ns3:hr>
          </ns3:TrackPointExtension>
        </extensions>
      </trkpt>
      <trkpt lat="51.9269923679530620574951171875" lon="6.2281335890293121337890625">
        <ele>24.6000003814697265625</ele>
        <time>2026-09-05T14:04:21.000Z</time>
        <extensions>
          <ns3:TrackPointExtension>
            <ns3:hr>148</ns3:hr>
          </ns3:TrackPointExtension>
        </extensions>
      </trkpt>
      <trkpt lat="51.92697669379413127899169921875" lon="6.22816183604300022125244140625">
        <ele>24.799999237060546875</ele>
        <time>2026-09-05T14:04:23.000Z</time>
        <extensions>
          <ns3:TrackPointExtension>
            <ns3:hr>148</ns3:hr>
          </ns3:TrackPointExtension>
        </extensions>
      </trkpt>
      <trkpt lat="51.926931180059909820556640625" lon="6.22827918268740177154541015625">
        <ele>24.799999237060546875</ele>
        <time>2026-09-05T14:04:30.000Z</time>
        <extensions>
          <ns3:TrackPointExtension>
            <ns3:hr>150</ns3:hr>
          </ns3:TrackPointExtension>
        </extensions>
      </trkpt>
      <trkpt lat="51.92687476985156536102294921875" lon="6.2283969484269618988037109375">
        <ele>25</ele>
        <time>2026-09-05T14:04:39.000Z</time>
        <extensions>
          <ns3:TrackPointExtension>
            <ns3:hr>152</ns3:hr>
          </ns3:TrackPointExtension>
        </extensions>
      </trkpt>
      <trkpt lat="51.926823556423187255859375" lon="6.22853524982929229736328125">
        <ele>25</ele>
        <time>2026-09-05T14:04:49.000Z</time>
        <extensions>
          <ns3:TrackPointExtension>
            <ns3:hr>153</ns3:hr>
          </ns3:TrackPointExtension>
        </extensions>
      </trkpt>
      <trkpt lat="51.92676546983420848846435546875" lon="6.2286795862019062042236328125">
        <ele>25</ele>
        <time>2026-09-05T14:04:58.000Z</time>
        <extensions>
          <ns3:TrackPointExtension>
            <ns3:hr>154</ns3:hr>
          </ns3:TrackPointExtension>
        </extensions>
      </trkpt>
      <trkpt lat="51.9266988337039947509765625" lon="6.22879483737051486968994140625">
        <ele>25.3999996185302734375</ele>
        <time>2026-09-05T14:05:07.000Z</time>
        <extensions>
          <ns3:TrackPointExtension>
            <ns3:hr>154</ns3:hr>
          </ns3:TrackPointExtension>
        </extensions>
      </trkpt>
      <trkpt lat="51.92664326168596744537353515625" lon="6.2289216555655002593994140625">
        <ele>25.6000003814697265625</ele>
        <time>2026-09-05T14:05:16.000Z</time>
        <extensions>
          <ns3:TrackPointExtension>
            <ns3:hr>153</ns3:hr>
          </ns3:TrackPointExtension>
        </extensions>
      </trkpt>
      <trkpt lat="51.92661702632904052734375" lon="6.22902416624128818511962890625">
        <ele>25.799999237060546875</ele>
        <time>2026-09-05T14:05:23.000Z</time>
        <extensions>
          <ns3:TrackPointExtension>
            <ns3:hr>154</ns3:hr>
          </ns3:TrackPointExtension>
        </extensions>
      </trkpt>
      <trkpt lat="51.9266111589968204498291015625" lon="6.22903816401958465576171875">
        <ele>25.799999237060546875</ele>
        <time>2026-09-05T14:05:24.000Z</time>
        <extensions>
          <ns3:TrackPointExtension>
            <ns3:hr>154</ns3:hr>
          </ns3:TrackPointExtension>
        </extensions>
      </trkpt>
      <trkpt lat="51.92653530277311801910400390625" lon="6.2291607074439525604248046875">
        <ele>26</ele>
        <time>2026-09-05T14:05:34.000Z</time>
        <extensions>
          <ns3:TrackPointExtension>
            <ns3:hr>155</ns3:hr>
          </ns3:TrackPointExtension>
        </extensions>
      </trkpt>
      <trkpt lat="51.92646154202520847320556640625" lon="6.22933664359152317047119140625">
        <ele>26</ele>
        <time>2026-09-05T14:05:45.000Z</time>
        <extensions>
          <ns3:TrackPointExtension>
            <ns3:hr>155</ns3:hr>
          </ns3:TrackPointExtension>
        </extensions>
      </trkpt>
      <trkpt lat="51.9263942353427410125732421875" lon="6.22943337075412273406982421875">
        <ele>26.6000003814697265625</ele>
        <time>2026-09-05T14:05:55.000Z</time>
        <extensions>
          <ns3:TrackPointExtension>
            <ns3:hr>154</ns3:hr>
          </ns3:TrackPointExtension>
        </extensions>
      </trkpt>
      <trkpt lat="51.92635945044457912445068359375" lon="6.2295157648622989654541015625">
        <ele>27</ele>
        <time>2026-09-05T14:06:01.000Z</time>
        <extensions>
          <ns3:TrackPointExtension>
            <ns3:hr>154</ns3:hr>
          </ns3:TrackPointExtension>
        </extensions>
      </trkpt>
      <trkpt lat="51.92634821869432926177978515625" lon="6.2295435927808284759521484375">
        <ele>27.200000762939453125</ele>
        <time>2026-09-05T14:06:03.000Z</time>
        <extensions>
          <ns3:TrackPointExtension>
            <ns3:hr>154</ns3:hr>
          </ns3:TrackPointExtension>
        </extensions>
      </trkpt>
      <trkpt lat="51.926268003880977630615234375" lon="6.229687593877315521240234375">
        <ele>27.6000003814697265625</ele>
        <time>2026-09-05T14:06:12.000Z</time>
        <extensions>
          <ns3:TrackPointExtension>
            <ns3:hr>155</ns3:hr>
          </ns3:TrackPointExtension>
        </extensions>
      </trkpt>
      <trkpt lat="51.92621863447129726409912109375" lon="6.22980519197881221771240234375">
        <ele>27.6000003814697265625</ele>
        <time>2026-09-05T14:06:22.000Z</time>
        <extensions>
          <ns3:TrackPointExtension>
            <ns3:hr>156</ns3:hr>
          </ns3:TrackPointExtension>
        </extensions>
      </trkpt>
      <trkpt lat="51.9261555187404155731201171875" lon="6.22994634322822093963623046875">
        <ele>28</ele>
        <time>2026-09-05T14:06:33.000Z</time>
        <extensions>
          <ns3:TrackPointExtension>
            <ns3:hr>156</ns3:hr>
          </ns3:TrackPointExtension>
        </extensions>
      </trkpt>
      <trkpt lat="51.9261033833026885986328125" lon="6.2300555594265460968017578125">
        <ele>28.6000003814697265625</ele>
        <time>2026-09-05T14:06:41.000Z</time>
        <extensions>
          <ns3:TrackPointExtension>
            <ns3:hr>156</ns3:hr>
          </ns3:TrackPointExtension>
        </extensions>
      </trkpt>
      <trkpt lat="51.926063485443592071533203125" lon="6.23015253804624080657958984375">
        <ele>29</ele>
        <time>2026-09-05T14:06:48.000Z</time>
        <extensions>
          <ns3:TrackPointExtension>
            <ns3:hr>157</ns3:hr>
          </ns3:TrackPointExtension>
        </extensions>
      </trkpt>
      <trkpt lat="51.9260462187230587005615234375" lon="6.230183131992816925048828125">
        <ele>29</ele>
        <time>2026-09-05T14:06:50.000Z</time>
        <extensions>
          <ns3:TrackPointExtension>
            <ns3:hr>157</ns3:hr>
          </ns3:TrackPointExtension>
        </extensions>
      </trkpt>
      <trkpt lat="51.92598737776279449462890625" lon="6.23026334680616855621337890625">
        <ele>30</ele>
        <time>2026-09-05T14:06:58.000Z</time>
        <extensions>
          <ns3:TrackPointExtension>
            <ns3:hr>157</ns3:hr>
          </ns3:TrackPointExtension>
        </extensions>
      </trkpt>
      <trkpt lat="51.92597203887999057769775390625" lon="6.23028614558279514312744140625">
        <ele>30.200000762939453125</ele>
        <time>2026-09-05T14:07:00.000Z</time>
        <extensions>
          <ns3:TrackPointExtension>
            <ns3:hr>158</ns3:hr>
          </ns3:TrackPointExtension>
        </extensions>
      </trkpt>
      <trkpt lat="51.92591051571071147918701171875" lon="6.23041941784322261810302734375">
        <ele>29.6000003814697265625</ele>
        <time>2026-09-05T14:07:10.000Z</time>
        <extensions>
          <ns3:TrackPointExtension>
            <ns3:hr>157</ns3:hr>
          </ns3:TrackPointExtension>
        </extensions>
      </trkpt>
      <trkpt lat="51.92587145604193210601806640625" lon="6.2305702082812786102294921875">
        <ele>29.799999237060546875</ele>
        <time>2026-09-05T14:07:20.000Z</time>
        <extensions>
          <ns3:TrackPointExtension>
            <ns3:hr>158</ns3:hr>
          </ns3:TrackPointExtension>
        </extensions>
      </trkpt>
      <trkpt lat="51.92578864283859729766845703125" lon="6.23072166927158832550048828125">
        <ele>30.200000762939453125</ele>
        <time>2026-09-05T14:07:31.000Z</time>
        <extensions>
          <ns3:TrackPointExtension>
            <ns3:hr>159</ns3:hr>
          </ns3:TrackPointExtension>
        </extensions>
      </trkpt>
      <trkpt lat="51.925726868212223052978515625" lon="6.23086449690163135528564453125">
        <ele>31</ele>
        <time>2026-09-05T14:07:41.000Z</time>
        <extensions>
          <ns3:TrackPointExtension>
            <ns3:hr>160</ns3:hr>
          </ns3:TrackPointExtension>
        </extensions>
      </trkpt>
      <trkpt lat="51.9257117807865142822265625" lon="6.23089534230530261993408203125">
        <ele>31.200000762939453125</ele>
        <time>2026-09-05T14:07:43.000Z</time>
        <extensions>
          <ns3:TrackPointExtension>
            <ns3:hr>159</ns3:hr>
          </ns3:TrackPointExtension>
        </extensions>
      </trkpt>
      <trkpt lat="51.92565486766397953033447265625" lon="6.23098502866923809051513671875">
        <ele>31.6000003814697265625</ele>
        <time>2026-09-05T14:07:50.000Z</time>
        <extensions>
          <ns3:TrackPointExtension>
            <ns3:hr>159</ns3:hr>
          </ns3:TrackPointExtension>
        </extensions>
      </trkpt>
      <trkpt lat="51.92560491152107715606689453125" lon="6.231074966490268707275390625">
        <ele>31.6000003814697265625</ele>
        <time>2026-09-05T14:07:58.000Z</time>
        <extensions>
          <ns3:TrackPointExtension>
            <ns3:hr>158</ns3:hr>
          </ns3:TrackPointExtension>
        </extensions>
      </trkpt>
      <trkpt lat="51.92562066949903964996337890625" lon="6.23111494816839694976806640625">
        <ele>31.200000762939453125</ele>
        <time>2026-09-05T14:08:03.000Z</time>
        <extensions>
          <ns3:TrackPointExtension>
            <ns3:hr>157</ns3:hr>
          </ns3:TrackPointExtension>
        </extensions>
      </trkpt>
      <trkpt lat="51.9256750680506229400634765625" lon="6.231141351163387298583984375">
        <ele>31</ele>
        <time>2026-09-05T14:08:08.000Z</time>
        <extensions>
          <ns3:TrackPointExtension>
            <ns3:hr>158</ns3:hr>
          </ns3:TrackPointExtension>
        </extensions>
      </trkpt>
      <trkpt lat="51.925704739987850189208984375" lon="6.23115283437073230743408203125">
        <ele>30.799999237060546875</ele>
        <time>2026-09-05T14:08:11.000Z</time>
        <extensions>
          <ns3:TrackPointExtension>
            <ns3:hr>155</ns3:hr>
          </ns3:TrackPointExtension>
        </extensions>
      </trkpt>
      <trkpt lat="51.92574354819953441619873046875" lon="6.2311804108321666717529296875">
        <ele>30.799999237060546875</ele>
        <time>2026-09-05T14:08:16.000Z</time>
        <extensions>
          <ns3:TrackPointExtension>
            <ns3:hr>153</ns3:hr>
          </ns3:TrackPointExtension>
        </extensions>
      </trkpt>
      <trkpt lat="51.92578596062958240509033203125" lon="6.23122206889092922210693359375">
        <ele>30.3999996185302734375</ele>
        <time>2026-09-05T14:08:22.000Z</time>
        <extensions>
          <ns3:TrackPointExtension>
            <ns3:hr>150</ns3:hr>
          </ns3:TrackPointExtension>
        </extensions>
      </trkpt>
      <trkpt lat="51.92582686431705951690673828125" lon="6.23124553821980953216552734375">
        <ele>30.3999996185302734375</ele>
        <time>2026-09-05T14:08:27.000Z</time>
        <extensions>
          <ns3:TrackPointExtension>
            <ns3:hr>149</ns3:hr>
          </ns3:TrackPointExtension>
        </extensions>
      </trkpt>
      <trkpt lat="51.9259369187057018280029296875" lon="6.2312997691333293914794921875">
        <ele>30</ele>
        <time>2026-09-05T14:08:37.000Z</time>
        <extensions>
          <ns3:TrackPointExtension>
            <ns3:hr>147</ns3:hr>
          </ns3:TrackPointExtension>
        </extensions>
      </trkpt>
      <trkpt lat="51.92604831419885158538818359375" lon="6.2313591130077838897705078125">
        <ele>30</ele>
        <time>2026-09-05T14:08:48.000Z</time>
        <extensions>
          <ns3:TrackPointExtension>
            <ns3:hr>145</ns3:hr>
          </ns3:TrackPointExtension>
        </extensions>
      </trkpt>
      <trkpt lat="51.9261655770242214202880859375" lon="6.23140697367489337921142578125">
        <ele>30</ele>
        <time>2026-09-05T14:08:59.000Z</time>
        <extensions>
          <ns3:TrackPointExtension>
            <ns3:hr>143</ns3:hr>
          </ns3:TrackPointExtension>
        </extensions>
      </trkpt>
      <trkpt lat="51.92626942880451679229736328125" lon="6.231575869023799896240234375">
        <ele>29.3999996185302734375</ele>
        <time>2026-09-05T14:09:08.000Z</time>
        <extensions>
          <ns3:TrackPointExtension>
            <ns3:hr>143</ns3:hr>
          </ns3:TrackPointExtension>
        </extensions>
      </trkpt>
      <trkpt lat="51.9262567721307277679443359375" lon="6.2317644618451595306396484375">
        <ele>29.6000003814697265625</ele>
        <time>2026-09-05T14:09:16.000Z</time>
        <extensions>
          <ns3:TrackPointExtension>
            <ns3:hr>143</ns3:hr>
          </ns3:TrackPointExtension>
        </extensions>
      </trkpt>
      <trkpt lat="51.92617957480251789093017578125" lon="6.23186127282679080963134765625">
        <ele>30</ele>
        <time>2026-09-05T14:09:24.000Z</time>
        <extensions>
          <ns3:TrackPointExtension>
            <ns3:hr>144</ns3:hr>
          </ns3:TrackPointExtension>
        </extensions>
      </trkpt>
      <trkpt lat="51.92613833583891391754150390625" lon="6.23193084262311458587646484375">
        <ele>30.6000003814697265625</ele>
        <time>2026-09-05T14:09:30.000Z</time>
        <extensions>
          <ns3:TrackPointExtension>
            <ns3:hr>147</ns3:hr>
          </ns3:TrackPointExtension>
        </extensions>
      </trkpt>
      <trkpt lat="51.92610128782689571380615234375" lon="6.2319857440888881683349609375">
        <ele>31</ele>
        <time>2026-09-05T14:09:34.000Z</time>
        <extensions>
          <ns3:TrackPointExtension>
            <ns3:hr>148</ns3:hr>
          </ns3:TrackPointExtension>
        </extensions>
      </trkpt>
      <trkpt lat="51.92609575577080249786376953125" lon="6.23199756257236003875732421875">
        <ele>31.200000762939453125</ele>
        <time>2026-09-05T14:09:35.000Z</time>
        <extensions>
          <ns3:TrackPointExtension>
            <ns3:hr>147</ns3:hr>
          </ns3:TrackPointExtension>
        </extensions>
      </trkpt>
      <trkpt lat="51.92605803720653057098388671875" lon="6.23206763528287410736083984375">
        <ele>31.6000003814697265625</ele>
        <time>2026-09-05T14:09:40.000Z</time>
        <extensions>
          <ns3:TrackPointExtension>
            <ns3:hr>150</ns3:hr>
          </ns3:TrackPointExtension>
        </extensions>
      </trkpt>
      <trkpt lat="51.926019899547100067138671875" lon="6.2321279011666774749755859375">
        <ele>32.200000762939453125</ele>
        <time>2026-09-05T14:09:45.000Z</time>
        <extensions>
          <ns3:TrackPointExtension>
            <ns3:hr>152</ns3:hr>
          </ns3:TrackPointExtension>
        </extensions>
      </trkpt>
      <trkpt lat="51.92601227201521396636962890625" lon="6.23214005492627620697021484375">
        <ele>32.200000762939453125</ele>
        <time>2026-09-05T14:09:46.000Z</time>
        <extensions>
          <ns3:TrackPointExtension>
            <ns3:hr>152</ns3:hr>
          </ns3:TrackPointExtension>
        </extensions>
      </trkpt>
      <trkpt lat="51.9259312190115451812744140625" lon="6.23224600218236446380615234375">
        <ele>32.799999237060546875</ele>
        <time>2026-09-05T14:09:56.000Z</time>
        <extensions>
          <ns3:TrackPointExtension>
            <ns3:hr>153</ns3:hr>
          </ns3:TrackPointExtension>
        </extensions>
      </trkpt>
      <trkpt lat="51.92591554485261440277099609375" lon="6.2322856485843658447265625">
        <ele>33.200000762939453125</ele>
        <time>2026-09-05T14:09:59.000Z</time>
        <extensions>
          <ns3:TrackPointExtension>
            <ns3:hr>154</ns3:hr>
          </ns3:TrackPointExtension>
        </extensions>
      </trkpt>
      <trkpt lat="51.9258973561227321624755859375" lon="6.23233937658369541168212890625">
        <ele>33.59999847412109375</ele>
        <time>2026-09-05T14:10:04.000Z</time>
        <extensions>
          <ns3:TrackPointExtension>
            <ns3:hr>154</ns3:hr>
          </ns3:TrackPointExtension>
        </extensions>
      </trkpt>
      <trkpt lat="51.92587204277515411376953125" lon="6.232378520071506500244140625">
        <ele>33.799999237060546875</ele>
        <time>2026-09-05T14:10:08.000Z</time>
        <extensions>
          <ns3:TrackPointExtension>
            <ns3:hr>157</ns3:hr>
          </ns3:TrackPointExtension>
        </extensions>
      </trkpt>
      <trkpt lat="51.925814040005207061767578125" lon="6.2324519455432891845703125">
        <ele>34</ele>
        <time>2026-09-05T14:10:14.000Z</time>
        <extensions>
          <ns3:TrackPointExtension>
            <ns3:hr>159</ns3:hr>
          </ns3:TrackPointExtension>
        </extensions>
      </trkpt>
      <trkpt lat="51.92579870112240314483642578125" lon="6.23247164301574230194091796875">
        <ele>34.200000762939453125</ele>
        <time>2026-09-05T14:10:16.000Z</time>
        <extensions>
          <ns3:TrackPointExtension>
            <ns3:hr>159</ns3:hr>
          </ns3:TrackPointExtension>
        </extensions>
      </trkpt>
      <trkpt lat="51.92573432810604572296142578125" lon="6.23255797661840915679931640625">
        <ele>35</ele>
        <time>2026-09-05T14:10:24.000Z</time>
        <extensions>
          <ns3:TrackPointExtension>
            <ns3:hr>161</ns3:hr>
          </ns3:TrackPointExtension>
        </extensions>
      </trkpt>
      <trkpt lat="51.925722174346446990966796875" lon="6.23258077539503574371337890625">
        <ele>35.40000152587890625</ele>
        <time>2026-09-05T14:10:26.000Z</time>
        <extensions>
          <ns3:TrackPointExtension>
            <ns3:hr>161</ns3:hr>
          </ns3:TrackPointExtension>
        </extensions>
      </trkpt>
      <trkpt lat="51.92567766644060611724853515625" lon="6.23264699243009090423583984375">
        <ele>35.799999237060546875</ele>
        <time>2026-09-05T14:10:33.000Z</time>
        <extensions>
          <ns3:TrackPointExtension>
            <ns3:hr>162</ns3:hr>
          </ns3:TrackPointExtension>
        </extensions>
      </trkpt>
      <trkpt lat="51.92562687210738658905029296875" lon="6.2327256985008716583251953125">
        <ele>36.40000152587890625</ele>
        <time>2026-09-05T14:10:40.000Z</time>
        <extensions>
          <ns3:TrackPointExtension>
            <ns3:hr>161</ns3:hr>
          </ns3:TrackPointExtension>
        </extensions>
      </trkpt>
      <trkpt lat="51.92560574971139430999755859375" lon="6.2327853776514530181884765625">
        <ele>36.799999237060546875</ele>
        <time>2026-09-05T14:10:44.000Z</time>
        <extensions>
          <ns3:TrackPointExtension>
            <ns3:hr>162</ns3:hr>
          </ns3:TrackPointExtension>
        </extensions>
      </trkpt>
      <trkpt lat="51.92552545107901096343994140625" lon="6.23291051946580410003662109375">
        <ele>37.59999847412109375</ele>
        <time>2026-09-05T14:10:54.000Z</time>
        <extensions>
          <ns3:TrackPointExtension>
            <ns3:hr>162</ns3:hr>
          </ns3:TrackPointExtension>
        </extensions>
      </trkpt>
      <trkpt lat="51.92545940168201923370361328125" lon="6.23301713727414608001708984375">
        <ele>38.59999847412109375</ele>
        <time>2026-09-05T14:11:05.000Z</time>
        <extensions>
          <ns3:TrackPointExtension>
            <ns3:hr>163</ns3:hr>
          </ns3:TrackPointExtension>
        </extensions>
      </trkpt>
      <trkpt lat="51.9254529476165771484375" lon="6.23302753083407878875732421875">
        <ele>38.59999847412109375</ele>
        <time>2026-09-05T14:11:06.000Z</time>
        <extensions>
          <ns3:TrackPointExtension>
            <ns3:hr>163</ns3:hr>
          </ns3:TrackPointExtension>
        </extensions>
      </trkpt>
      <trkpt lat="51.92539720796048641204833984375" lon="6.2331273593008518218994140625">
        <ele>39.200000762939453125</ele>
        <time>2026-09-05T14:11:13.000Z</time>
        <extensions>
          <ns3:TrackPointExtension>
            <ns3:hr>163</ns3:hr>
          </ns3:TrackPointExtension>
        </extensions>
      </trkpt>
      <trkpt lat="51.92536921240389347076416015625" lon="6.2331639043986797332763671875">
        <ele>39.59999847412109375</ele>
        <time>2026-09-05T14:11:17.000Z</time>
        <extensions>
          <ns3:TrackPointExtension>
            <ns3:hr>164</ns3:hr>
          </ns3:TrackPointExtension>
        </extensions>
      </trkpt>
      <trkpt lat="51.92532956600189208984375" lon="6.23321880586445331573486328125">
        <ele>40</ele>
        <time>2026-09-05T14:11:22.000Z</time>
        <extensions>
          <ns3:TrackPointExtension>
            <ns3:hr>165</ns3:hr>
          </ns3:TrackPointExtension>
        </extensions>
      </trkpt>
      <trkpt lat="51.925313808023929595947265625" lon="6.23328267596662044525146484375">
        <ele>40.59999847412109375</ele>
        <time>2026-09-05T14:11:27.000Z</time>
        <extensions>
          <ns3:TrackPointExtension>
            <ns3:hr>165</ns3:hr>
          </ns3:TrackPointExtension>
        </extensions>
      </trkpt>
      <trkpt lat="51.92528321407735347747802734375" lon="6.23334084637463092803955078125">
        <ele>41.200000762939453125</ele>
        <time>2026-09-05T14:11:32.000Z</time>
        <extensions>
          <ns3:TrackPointExtension>
            <ns3:hr>167</ns3:hr>
          </ns3:TrackPointExtension>
        </extensions>
      </trkpt>
      <trkpt lat="51.92522185854613780975341796875" lon="6.2334002740681171417236328125">
        <ele>41.59999847412109375</ele>
        <time>2026-09-05T14:11:39.000Z</time>
        <extensions>
          <ns3:TrackPointExtension>
            <ns3:hr>168</ns3:hr>
          </ns3:TrackPointExtension>
        </extensions>
      </trkpt>
      <trkpt lat="51.9252023287117481231689453125" lon="6.233413852751255035400390625">
        <ele>41.799999237060546875</ele>
        <time>2026-09-05T14:11:41.000Z</time>
        <extensions>
          <ns3:TrackPointExtension>
            <ns3:hr>167</ns3:hr>
          </ns3:TrackPointExtension>
        </extensions>
      </trkpt>
      <trkpt lat="51.92514021880924701690673828125" lon="6.23348300345242023468017578125">
        <ele>42.799999237060546875</ele>
        <time>2026-09-05T14:11:49.000Z</time>
        <extensions>
          <ns3:TrackPointExtension>
            <ns3:hr>168</ns3:hr>
          </ns3:TrackPointExtension>
        </extensions>
      </trkpt>
      <trkpt lat="51.92513200454413890838623046875" lon="6.23350161127746105194091796875">
        <ele>42.799999237060546875</ele>
        <time>2026-09-05T14:11:50.000Z</time>
        <extensions>
          <ns3:TrackPointExtension>
            <ns3:hr>168</ns3:hr>
          </ns3:TrackPointExtension>
        </extensions>
      </trkpt>
      <trkpt lat="51.9250833056867122650146484375" lon="6.23361795209348201751708984375">
        <ele>43.799999237060546875</ele>
        <time>2026-09-05T14:12:00.000Z</time>
        <extensions>
          <ns3:TrackPointExtension>
            <ns3:hr>169</ns3:hr>
          </ns3:TrackPointExtension>
        </extensions>
      </trkpt>
      <trkpt lat="51.92507634870707988739013671875" lon="6.23365223407745361328125">
        <ele>46</ele>
        <time>2026-09-05T14:12:05.000Z</time>
        <extensions>
          <ns3:TrackPointExtension>
            <ns3:hr>170</ns3:hr>
          </ns3:TrackPointExtension>
        </extensions>
      </trkpt>
      <trkpt lat="51.9250734150409698486328125" lon="6.233657933771610260009765625">
        <ele>45.40000152587890625</ele>
        <time>2026-09-05T14:12:07.000Z</time>
        <extensions>
          <ns3:TrackPointExtension>
            <ns3:hr>169</ns3:hr>
          </ns3:TrackPointExtension>
        </extensions>
      </trkpt>
      <trkpt lat="51.925064362585544586181640625" lon="6.23365558683872222900390625">
        <ele>45</ele>
        <time>2026-09-05T14:12:10.000Z</time>
        <extensions>
          <ns3:TrackPointExtension>
            <ns3:hr>170</ns3:hr>
          </ns3:TrackPointExtension>
        </extensions>
      </trkpt>
      <trkpt lat="51.92502035759389400482177734375" lon="6.2336936406791210174560546875">
        <ele>44.799999237060546875</ele>
        <time>2026-09-05T14:12:17.000Z</time>
        <extensions>
          <ns3:TrackPointExtension>
            <ns3:hr>167</ns3:hr>
          </ns3:TrackPointExtension>
        </extensions>
      </trkpt>
      <trkpt lat="51.9250092096626758575439453125" lon="6.23370612971484661102294921875">
        <ele>44.799999237060546875</ele>
        <time>2026-09-05T14:12:18.000Z</time>
        <extensions>
          <ns3:TrackPointExtension>
            <ns3:hr>167</ns3:hr>
          </ns3:TrackPointExtension>
        </extensions>
      </trkpt>
      <trkpt lat="51.92497341893613338470458984375" lon="6.2337905354797840118408203125">
        <ele>45.799999237060546875</ele>
        <time>2026-09-05T14:12:27.000Z</time>
        <extensions>
          <ns3:TrackPointExtension>
            <ns3:hr>166</ns3:hr>
          </ns3:TrackPointExtension>
        </extensions>
      </trkpt>
      <trkpt lat="51.9249527156352996826171875" lon="6.23381651937961578369140625">
        <ele>46</ele>
        <time>2026-09-05T14:12:30.000Z</time>
        <extensions>
          <ns3:TrackPointExtension>
            <ns3:hr>165</ns3:hr>
          </ns3:TrackPointExtension>
        </extensions>
      </trkpt>
      <trkpt lat="51.92492765374481678009033203125" lon="6.23387091793119907379150390625">
        <ele>46.799999237060546875</ele>
        <time>2026-09-05T14:12:36.000Z</time>
        <extensions>
          <ns3:TrackPointExtension>
            <ns3:hr>166</ns3:hr>
          </ns3:TrackPointExtension>
        </extensions>
      </trkpt>
      <trkpt lat="51.92491793073713779449462890625" lon="6.23388491570949554443359375">
        <ele>47</ele>
        <time>2026-09-05T14:12:38.000Z</time>
        <extensions>
          <ns3:TrackPointExtension>
            <ns3:hr>166</ns3:hr>
          </ns3:TrackPointExtension>
        </extensions>
      </trkpt>
      <trkpt lat="51.92485749721527099609375" lon="6.233958341181278228759765625">
        <ele>48</ele>
        <time>2026-09-05T14:12:46.000Z</time>
        <extensions>
          <ns3:TrackPointExtension>
            <ns3:hr>168</ns3:hr>
          </ns3:TrackPointExtension>
        </extensions>
      </trkpt>
      <trkpt lat="51.9248445890843868255615234375" lon="6.23395490460097789764404296875">
        <ele>48</ele>
        <time>2026-09-05T14:12:50.000Z</time>
        <extensions>
          <ns3:TrackPointExtension>
            <ns3:hr>169</ns3:hr>
          </ns3:TrackPointExtension>
        </extensions>
      </trkpt>
      <trkpt lat="51.92483914084732532501220703125" lon="6.233964376151561737060546875">
        <ele>48.59999847412109375</ele>
        <time>2026-09-05T14:12:53.000Z</time>
        <extensions>
          <ns3:TrackPointExtension>
            <ns3:hr>171</ns3:hr>
          </ns3:TrackPointExtension>
        </extensions>
      </trkpt>
      <trkpt lat="51.92482623271644115447998046875" lon="6.23404609970748424530029296875">
        <ele>48.799999237060546875</ele>
        <time>2026-09-05T14:13:01.000Z</time>
        <extensions>
          <ns3:TrackPointExtension>
            <ns3:hr>169</ns3:hr>
          </ns3:TrackPointExtension>
        </extensions>
      </trkpt>
      <trkpt lat="51.92481600679457187652587890625" lon="6.23406655155122280120849609375">
        <ele>49.200000762939453125</ele>
        <time>2026-09-05T14:13:03.000Z</time>
        <extensions>
          <ns3:TrackPointExtension>
            <ns3:hr>169</ns3:hr>
          </ns3:TrackPointExtension>
        </extensions>
      </trkpt>
      <trkpt lat="51.92478180862963199615478515625" lon="6.23413125984370708465576171875">
        <ele>50.200000762939453125</ele>
        <time>2026-09-05T14:13:10.000Z</time>
        <extensions>
          <ns3:TrackPointExtension>
            <ns3:hr>168</ns3:hr>
          </ns3:TrackPointExtension>
        </extensions>
      </trkpt>
      <trkpt lat="51.924723722040653228759765625" lon="6.23422949574887752532958984375">
        <ele>51.200000762939453125</ele>
        <time>2026-09-05T14:13:20.000Z</time>
        <extensions>
          <ns3:TrackPointExtension>
            <ns3:hr>169</ns3:hr>
          </ns3:TrackPointExtension>
        </extensions>
      </trkpt>
      <trkpt lat="51.92471877671778202056884765625" lon="6.23423586599528789520263671875">
        <ele>51.40000152587890625</ele>
        <time>2026-09-05T14:13:21.000Z</time>
        <extensions>
          <ns3:TrackPointExtension>
            <ns3:hr>169</ns3:hr>
          </ns3:TrackPointExtension>
        </extensions>
      </trkpt>
      <trkpt lat="51.92468156106770038604736328125" lon="6.2342941202223300933837890625">
        <ele>52.200000762939453125</ele>
        <time>2026-09-05T14:13:29.000Z</time>
        <extensions>
          <ns3:TrackPointExtension>
            <ns3:hr>171</ns3:hr>
          </ns3:TrackPointExtension>
        </extensions>
      </trkpt>
      <trkpt lat="51.9246764481067657470703125" lon="6.23430191539227962493896484375">
        <ele>52.40000152587890625</ele>
        <time>2026-09-05T14:13:30.000Z</time>
        <extensions>
          <ns3:TrackPointExtension>
            <ns3:hr>171</ns3:hr>
          </ns3:TrackPointExtension>
        </extensions>
      </trkpt>
      <trkpt lat="51.9246347062289714813232421875" lon="6.23435807414352893829345703125">
        <ele>53.200000762939453125</ele>
        <time>2026-09-05T14:13:38.000Z</time>
        <extensions>
          <ns3:TrackPointExtension>
            <ns3:hr>173</ns3:hr>
          </ns3:TrackPointExtension>
        </extensions>
      </trkpt>
      <trkpt lat="51.92462322302162647247314453125" lon="6.23437852598726749420166015625">
        <ele>53.40000152587890625</ele>
        <time>2026-09-05T14:13:40.000Z</time>
        <extensions>
          <ns3:TrackPointExtension>
            <ns3:hr>173</ns3:hr>
          </ns3:TrackPointExtension>
        </extensions>
      </trkpt>
      <trkpt lat="51.92459489218890666961669921875" lon="6.23442496173083782196044921875">
        <ele>54.59999847412109375</ele>
        <time>2026-09-05T14:13:45.000Z</time>
        <extensions>
          <ns3:TrackPointExtension>
            <ns3:hr>174</ns3:hr>
          </ns3:TrackPointExtension>
        </extensions>
      </trkpt>
      <trkpt lat="51.92458030767738819122314453125" lon="6.2344501912593841552734375">
        <ele>55.200000762939453125</ele>
        <time>2026-09-05T14:13:48.000Z</time>
        <extensions>
          <ns3:TrackPointExtension>
            <ns3:hr>175</ns3:hr>
          </ns3:TrackPointExtension>
        </extensions>
      </trkpt>
      <trkpt lat="51.92456488497555255889892578125" lon="6.2344768457114696502685546875">
        <ele>55.799999237060546875</ele>
        <time>2026-09-05T14:13:53.000Z</time>
        <extensions>
          <ns3:TrackPointExtension>
            <ns3:hr>176</ns3:hr>
          </ns3:TrackPointExtension>
        </extensions>
      </trkpt>
      <trkpt lat="51.9245599396526813507080078125" lon="6.2344855628907680511474609375">
        <ele>56.200000762939453125</ele>
        <time>2026-09-05T14:13:55.000Z</time>
        <extensions>
          <ns3:TrackPointExtension>
            <ns3:hr>178</ns3:hr>
          </ns3:TrackPointExtension>
        </extensions>
      </trkpt>
      <trkpt lat="51.92454242147505283355712890625" lon="6.23451665975153446197509765625">
        <ele>56.799999237060546875</ele>
        <time>2026-09-05T14:14:01.000Z</time>
        <extensions>
          <ns3:TrackPointExtension>
            <ns3:hr>178</ns3:hr>
          </ns3:TrackPointExtension>
        </extensions>
      </trkpt>
      <trkpt lat="51.92452129907906055450439453125" lon="6.23453526757657527923583984375">
        <ele>57.59999847412109375</ele>
        <time>2026-09-05T14:14:04.000Z</time>
        <extensions>
          <ns3:TrackPointExtension>
            <ns3:hr>179</ns3:hr>
          </ns3:TrackPointExtension>
        </extensions>
      </trkpt>
      <trkpt lat="51.92450948059558868408203125" lon="6.2345516122877597808837890625">
        <ele>58</ele>
        <time>2026-09-05T14:14:06.000Z</time>
        <extensions>
          <ns3:TrackPointExtension>
            <ns3:hr>179</ns3:hr>
          </ns3:TrackPointExtension>
        </extensions>
      </trkpt>
      <trkpt lat="51.92446614615619182586669921875" lon="6.2346263788640499114990234375">
        <ele>59</ele>
        <time>2026-09-05T14:14:13.000Z</time>
        <extensions>
          <ns3:TrackPointExtension>
            <ns3:hr>181</ns3:hr>
          </ns3:TrackPointExtension>
        </extensions>
      </trkpt>
      <trkpt lat="51.92444804124534130096435546875" lon="6.2346739880740642547607421875">
        <ele>59.200000762939453125</ele>
        <time>2026-09-05T14:14:21.000Z</time>
        <extensions>
          <ns3:TrackPointExtension>
            <ns3:hr>183</ns3:hr>
          </ns3:TrackPointExtension>
        </extensions>
      </trkpt>
      <trkpt lat="51.92441870458424091339111328125" lon="6.23474188148975372314453125">
        <ele>60.200000762939453125</ele>
        <time>2026-09-05T14:14:29.000Z</time>
        <extensions>
          <ns3:TrackPointExtension>
            <ns3:hr>183</ns3:hr>
          </ns3:TrackPointExtension>
        </extensions>
      </trkpt>
      <trkpt lat="51.92439037375152111053466796875" lon="6.234792172908782958984375">
        <ele>61.40000152587890625</ele>
        <time>2026-09-05T14:14:36.000Z</time>
        <extensions>
          <ns3:TrackPointExtension>
            <ns3:hr>182</ns3:hr>
          </ns3:TrackPointExtension>
        </extensions>
      </trkpt>
      <trkpt lat="51.92437964491546154022216796875" lon="6.23481086455285549163818359375">
        <ele>61.799999237060546875</ele>
        <time>2026-09-05T14:14:38.000Z</time>
        <extensions>
          <ns3:TrackPointExtension>
            <ns3:hr>183</ns3:hr>
          </ns3:TrackPointExtension>
        </extensions>
      </trkpt>
      <trkpt lat="51.9243721850216388702392578125" lon="6.234820000827312469482421875">
        <ele>62.40000152587890625</ele>
        <time>2026-09-05T14:14:40.000Z</time>
        <extensions>
          <ns3:TrackPointExtension>
            <ns3:hr>182</ns3:hr>
          </ns3:TrackPointExtension>
        </extensions>
      </trkpt>
      <trkpt lat="51.924344189465045928955078125" lon="6.23484120704233646392822265625">
        <ele>63</ele>
        <time>2026-09-05T14:14:45.000Z</time>
        <extensions>
          <ns3:TrackPointExtension>
            <ns3:hr>183</ns3:hr>
          </ns3:TrackPointExtension>
        </extensions>
      </trkpt>
      <trkpt lat="51.92433974705636501312255859375" lon="6.23483014293015003204345703125">
        <ele>63</ele>
        <time>2026-09-05T14:14:52.000Z</time>
        <extensions>
          <ns3:TrackPointExtension>
            <ns3:hr>184</ns3:hr>
          </ns3:TrackPointExtension>
        </extensions>
      </trkpt>
      <trkpt lat="51.9243165291845798492431640625" lon="6.23489183373749256134033203125">
        <ele>63.40000152587890625</ele>
        <time>2026-09-05T14:14:59.000Z</time>
        <extensions>
          <ns3:TrackPointExtension>
            <ns3:hr>183</ns3:hr>
          </ns3:TrackPointExtension>
        </extensions>
      </trkpt>
      <trkpt lat="51.92431426607072353363037109375" lon="6.23489267192780971527099609375">
        <ele>63.59999847412109375</ele>
        <time>2026-09-05T14:15:00.000Z</time>
        <extensions>
          <ns3:TrackPointExtension>
            <ns3:hr>183</ns3:hr>
          </ns3:TrackPointExtension>
        </extensions>
      </trkpt>
      <trkpt lat="51.92428694106638431549072265625" lon="6.2349301390349864959716796875">
        <ele>64.59999847412109375</ele>
        <time>2026-09-05T14:15:07.000Z</time>
        <extensions>
          <ns3:TrackPointExtension>
            <ns3:hr>181</ns3:hr>
          </ns3:TrackPointExtension>
        </extensions>
      </trkpt>
      <trkpt lat="51.92428342066705226898193359375" lon="6.2349368445575237274169921875">
        <ele>64.8000030517578125</ele>
        <time>2026-09-05T14:15:09.000Z</time>
        <extensions>
          <ns3:TrackPointExtension>
            <ns3:hr>181</ns3:hr>
          </ns3:TrackPointExtension>
        </extensions>
      </trkpt>
      <trkpt lat="51.92424394190311431884765625" lon="6.23500607907772064208984375">
        <ele>65.59999847412109375</ele>
        <time>2026-09-05T14:15:16.000Z</time>
        <extensions>
          <ns3:TrackPointExtension>
            <ns3:hr>181</ns3:hr>
          </ns3:TrackPointExtension>
        </extensions>
      </trkpt>
      <trkpt lat="51.92423212341964244842529296875" lon="6.2350223399698734283447265625">
        <ele>66</ele>
        <time>2026-09-05T14:15:18.000Z</time>
        <extensions>
          <ns3:TrackPointExtension>
            <ns3:hr>180</ns3:hr>
          </ns3:TrackPointExtension>
        </extensions>
      </trkpt>
      <trkpt lat="51.92419474013149738311767578125" lon="6.23509316705167293548583984375">
        <ele>66.40000152587890625</ele>
        <time>2026-09-05T14:15:27.000Z</time>
        <extensions>
          <ns3:TrackPointExtension>
            <ns3:hr>180</ns3:hr>
          </ns3:TrackPointExtension>
        </extensions>
      </trkpt>
      <trkpt lat="51.924166493117809295654296875" lon="6.2351390160620212554931640625">
        <ele>66.8000030517578125</ele>
        <time>2026-09-05T14:15:32.000Z</time>
        <extensions>
          <ns3:TrackPointExtension>
            <ns3:hr>179</ns3:hr>
          </ns3:TrackPointExtension>
        </extensions>
      </trkpt>
      <trkpt lat="51.92415182478725910186767578125" lon="6.23516424559056758880615234375">
        <ele>67.1999969482421875</ele>
        <time>2026-09-05T14:15:35.000Z</time>
        <extensions>
          <ns3:TrackPointExtension>
            <ns3:hr>180</ns3:hr>
          </ns3:TrackPointExtension>
        </extensions>
      </trkpt>
      <trkpt lat="51.92413799464702606201171875" lon="6.235188134014606475830078125">
        <ele>67.8000030517578125</ele>
        <time>2026-09-05T14:15:38.000Z</time>
        <extensions>
          <ns3:TrackPointExtension>
            <ns3:hr>180</ns3:hr>
          </ns3:TrackPointExtension>
        </extensions>
      </trkpt>
      <trkpt lat="51.92411519587039947509765625" lon="6.23522467911243438720703125">
        <ele>68</ele>
        <time>2026-09-05T14:15:45.000Z</time>
        <extensions>
          <ns3:TrackPointExtension>
            <ns3:hr>181</ns3:hr>
          </ns3:TrackPointExtension>
        </extensions>
      </trkpt>
      <trkpt lat="51.92410890944302082061767578125" lon="6.23524705879390239715576171875">
        <ele>68.40000152587890625</ele>
        <time>2026-09-05T14:15:54.000Z</time>
        <extensions>
          <ns3:TrackPointExtension>
            <ns3:hr>181</ns3:hr>
          </ns3:TrackPointExtension>
        </extensions>
      </trkpt>
      <trkpt lat="51.92407856695353984832763671875" lon="6.23528846539556980133056640625">
        <ele>69</ele>
        <time>2026-09-05T14:15:59.000Z</time>
        <extensions>
          <ns3:TrackPointExtension>
            <ns3:hr>179</ns3:hr>
          </ns3:TrackPointExtension>
        </extensions>
      </trkpt>
      <trkpt lat="51.92404487170279026031494140625" lon="6.2352664209902286529541015625">
        <ele>70.1999969482421875</ele>
        <time>2026-09-05T14:16:03.000Z</time>
        <extensions>
          <ns3:TrackPointExtension>
            <ns3:hr>178</ns3:hr>
          </ns3:TrackPointExtension>
        </extensions>
      </trkpt>
      <trkpt lat="51.92400799132883548736572265625" lon="6.23515049926936626434326171875">
        <ele>71</ele>
        <time>2026-09-05T14:16:12.000Z</time>
        <extensions>
          <ns3:TrackPointExtension>
            <ns3:hr>177</ns3:hr>
          </ns3:TrackPointExtension>
        </extensions>
      </trkpt>
      <trkpt lat="51.924007236957550048828125" lon="6.23508729971945285797119140625">
        <ele>71</ele>
        <time>2026-09-05T14:16:20.000Z</time>
        <extensions>
          <ns3:TrackPointExtension>
            <ns3:hr>177</ns3:hr>
          </ns3:TrackPointExtension>
        </extensions>
      </trkpt>
      <trkpt lat="51.92400480620563030242919921875" lon="6.23510004021227359771728515625">
        <ele>71</ele>
        <time>2026-09-05T14:16:25.000Z</time>
        <extensions>
          <ns3:TrackPointExtension>
            <ns3:hr>174</ns3:hr>
          </ns3:TrackPointExtension>
        </extensions>
      </trkpt>
      <trkpt lat="51.9240070693194866180419921875" lon="6.2351019680500030517578125">
        <ele>70</ele>
        <time>2026-09-05T14:16:33.000Z</time>
        <extensions>
          <ns3:TrackPointExtension>
            <ns3:hr>173</ns3:hr>
          </ns3:TrackPointExtension>
        </extensions>
      </trkpt>
      <trkpt lat="51.923994161188602447509765625" lon="6.2351024709641933441162109375">
        <ele>70.59999847412109375</ele>
        <time>2026-09-05T14:16:41.000Z</time>
        <extensions>
          <ns3:TrackPointExtension>
            <ns3:hr>170</ns3:hr>
          </ns3:TrackPointExtension>
        </extensions>
      </trkpt>
      <trkpt lat="51.92398854531347751617431640625" lon="6.23510054312646389007568359375">
        <ele>70.8000030517578125</ele>
        <time>2026-09-05T14:16:42.000Z</time>
        <extensions>
          <ns3:TrackPointExtension>
            <ns3:hr>170</ns3:hr>
          </ns3:TrackPointExtension>
        </extensions>
      </trkpt>
      <trkpt lat="51.92396901547908782958984375" lon="6.23509149067103862762451171875">
        <ele>71.1999969482421875</ele>
        <time>2026-09-05T14:16:47.000Z</time>
        <extensions>
          <ns3:TrackPointExtension>
            <ns3:hr>167</ns3:hr>
          </ns3:TrackPointExtension>
        </extensions>
      </trkpt>
      <trkpt lat="51.92397396080195903778076171875" lon="6.235098280012607574462890625">
        <ele>71.59999847412109375</ele>
        <time>2026-09-05T14:16:50.000Z</time>
        <extensions>
          <ns3:TrackPointExtension>
            <ns3:hr>166</ns3:hr>
          </ns3:TrackPointExtension>
        </extensions>
      </trkpt>
      <trkpt lat="51.923971362411975860595703125" lon="6.23510238714516162872314453125">
        <ele>71.1999969482421875</ele>
        <time>2026-09-05T14:16:57.000Z</time>
        <extensions>
          <ns3:TrackPointExtension>
            <ns3:hr>163</ns3:hr>
          </ns3:TrackPointExtension>
        </extensions>
      </trkpt>
      <trkpt lat="51.92396943457424640655517578125" lon="6.23509417288005352020263671875">
        <ele>71.1999969482421875</ele>
        <time>2026-09-05T14:16:58.000Z</time>
        <extensions>
          <ns3:TrackPointExtension>
            <ns3:hr>162</ns3:hr>
          </ns3:TrackPointExtension>
        </extensions>
      </trkpt>
      <trkpt lat="51.92396893166005611419677734375" lon="6.2350950948894023895263671875">
        <ele>70.1999969482421875</ele>
        <time>2026-09-05T14:17:07.000Z</time>
        <extensions>
          <ns3:TrackPointExtension>
            <ns3:hr>161</ns3:hr>
          </ns3:TrackPointExtension>
        </extensions>
      </trkpt>
      <trkpt lat="51.92396767437458038330078125" lon="6.23509333468973636627197265625">
        <ele>70</ele>
        <time>2026-09-05T14:17:08.000Z</time>
        <extensions>
          <ns3:TrackPointExtension>
            <ns3:hr>161</ns3:hr>
          </ns3:TrackPointExtension>
        </extensions>
      </trkpt>
      <trkpt lat="51.923969686031341552734375" lon="6.23509232886135578155517578125">
        <ele>70.1999969482421875</ele>
        <time>2026-09-05T14:17:10.000Z</time>
        <extensions>
          <ns3:TrackPointExtension>
            <ns3:hr>163</ns3:hr>
          </ns3:TrackPointExtension>
        </extensions>
      </trkpt>
      <trkpt lat="51.92397915758192539215087890625" lon="6.23514211736619472503662109375">
        <ele>69.8000030517578125</ele>
        <time>2026-09-05T14:26:46.000Z</time>
        <extensions>
          <ns3:TrackPointExtension>
            <ns3:hr>149</ns3:hr>
          </ns3:TrackPointExtension>
        </extensions>
      </trkpt>
      <trkpt lat="51.92397882230579853057861328125" lon="6.23513884842395782470703125">
        <ele>69.8000030517578125</ele>
        <time>2026-09-05T14:26:47.000Z</time>
        <extensions>
          <ns3:TrackPointExtension>
            <ns3:hr>150</ns3:hr>
          </ns3:TrackPointExtension>
        </extensions>
      </trkpt>
      <trkpt lat="51.9239691831171512603759765625" lon="6.235123760998249053955078125">
        <ele>69.8000030517578125</ele>
        <time>2026-09-05T14:26:51.000Z</time>
        <extensions>
          <ns3:TrackPointExtension>
            <ns3:hr>150</ns3:hr>
          </ns3:TrackPointExtension>
        </extensions>
      </trkpt>
      <trkpt lat="51.9239852763712406158447265625" lon="6.23512049205601215362548828125">
        <ele>69.59999847412109375</ele>
        <time>2026-09-05T14:27:01.000Z</time>
        <extensions>
          <ns3:TrackPointExtension>
            <ns3:hr>150</ns3:hr>
          </ns3:TrackPointExtension>
        </extensions>
      </trkpt>
      <trkpt lat="51.923996843397617340087890625" lon="6.23512032441794872283935546875">
        <ele>69.8000030517578125</ele>
        <time>2026-09-05T14:27:13.000Z</time>
        <extensions>
          <ns3:TrackPointExtension>
            <ns3:hr>149</ns3:hr>
          </ns3:TrackPointExtension>
        </extensions>
      </trkpt>
      <trkpt lat="51.9239835999906063079833984375" lon="6.23511604964733123779296875">
        <ele>70</ele>
        <time>2026-09-05T14:27:18.000Z</time>
        <extensions>
          <ns3:TrackPointExtension>
            <ns3:hr>145</ns3:hr>
          </ns3:TrackPointExtension>
        </extensions>
      </trkpt>
      <trkpt lat="51.92397496663033962249755859375" lon="6.235109008848667144775390625">
        <ele>70</ele>
        <time>2026-09-05T14:27:21.000Z</time>
        <extensions>
          <ns3:TrackPointExtension>
            <ns3:hr>142</ns3:hr>
          </ns3:TrackPointExtension>
        </extensions>
      </trkpt>
      <trkpt lat="51.92397614009678363800048828125" lon="6.23510624282062053680419921875">
        <ele>69.8000030517578125</ele>
        <time>2026-09-05T14:27:23.000Z</time>
        <extensions>
          <ns3:TrackPointExtension>
            <ns3:hr>141</ns3:hr>
          </ns3:TrackPointExtension>
        </extensions>
      </trkpt>
      <trkpt lat="51.92398234270513057708740234375" lon="6.2351028062403202056884765625">
        <ele>69.59999847412109375</ele>
        <time>2026-09-05T14:27:26.000Z</time>
        <extensions>
          <ns3:TrackPointExtension>
            <ns3:hr>145</ns3:hr>
          </ns3:TrackPointExtension>
        </extensions>
      </trkpt>
      <trkpt lat="51.9239976815879344940185546875" lon="6.235118396580219268798828125">
        <ele>69.1999969482421875</ele>
        <time>2026-09-05T14:27:28.000Z</time>
        <extensions>
          <ns3:TrackPointExtension>
            <ns3:hr>145</ns3:hr>
          </ns3:TrackPointExtension>
        </extensions>
      </trkpt>
      <trkpt lat="51.92401268519461154937744140625" lon="6.23513616621494293212890625">
        <ele>69</ele>
        <time>2026-09-05T14:27:30.000Z</time>
        <extensions>
          <ns3:TrackPointExtension>
            <ns3:hr>146</ns3:hr>
          </ns3:TrackPointExtension>
        </extensions>
      </trkpt>
      <trkpt lat="51.92403464578092098236083984375" lon="6.23527237214148044586181640625">
        <ele>69.1999969482421875</ele>
        <time>2026-09-05T14:27:40.000Z</time>
        <extensions>
          <ns3:TrackPointExtension>
            <ns3:hr>145</ns3:hr>
          </ns3:TrackPointExtension>
        </extensions>
      </trkpt>
      <trkpt lat="51.9239939935505390167236328125" lon="6.2354142777621746063232421875">
        <ele>69.40000152587890625</ele>
        <time>2026-09-05T14:27:49.000Z</time>
        <extensions>
          <ns3:TrackPointExtension>
            <ns3:hr>144</ns3:hr>
          </ns3:TrackPointExtension>
        </extensions>
      </trkpt>
      <trkpt lat="51.92392819561064243316650390625" lon="6.2355252541601657867431640625">
        <ele>68.59999847412109375</ele>
        <time>2026-09-05T14:27:59.000Z</time>
        <extensions>
          <ns3:TrackPointExtension>
            <ns3:hr>146</ns3:hr>
          </ns3:TrackPointExtension>
        </extensions>
      </trkpt>
      <trkpt lat="51.92385979928076267242431640625" lon="6.235618293285369873046875">
        <ele>69</ele>
        <time>2026-09-05T14:28:10.000Z</time>
        <extensions>
          <ns3:TrackPointExtension>
            <ns3:hr>147</ns3:hr>
          </ns3:TrackPointExtension>
        </extensions>
      </trkpt>
      <trkpt lat="51.9238404370844364166259765625" lon="6.23568979091942310333251953125">
        <ele>69.40000152587890625</ele>
        <time>2026-09-05T14:28:18.000Z</time>
        <extensions>
          <ns3:TrackPointExtension>
            <ns3:hr>145</ns3:hr>
          </ns3:TrackPointExtension>
        </extensions>
      </trkpt>
      <trkpt lat="51.9238404370844364166259765625" lon="6.235703118145465850830078125">
        <ele>69.59999847412109375</ele>
        <time>2026-09-05T14:28:20.000Z</time>
        <extensions>
          <ns3:TrackPointExtension>
            <ns3:hr>146</ns3:hr>
          </ns3:TrackPointExtension>
        </extensions>
      </trkpt>
      <trkpt lat="51.92382744513452053070068359375" lon="6.23568627052009105682373046875">
        <ele>69.40000152587890625</ele>
        <time>2026-09-05T14:28:27.000Z</time>
        <extensions>
          <ns3:TrackPointExtension>
            <ns3:hr>147</ns3:hr>
          </ns3:TrackPointExtension>
        </extensions>
      </trkpt>
      <trkpt lat="51.92384622059762477874755859375" lon="6.235676966607570648193359375">
        <ele>69.40000152587890625</ele>
        <time>2026-09-05T14:28:39.000Z</time>
        <extensions>
          <ns3:TrackPointExtension>
            <ns3:hr>147</ns3:hr>
          </ns3:TrackPointExtension>
        </extensions>
      </trkpt>
      <trkpt lat="51.92382794804871082305908203125" lon="6.23567118309438228607177734375">
        <ele>69.59999847412109375</ele>
        <time>2026-09-05T14:28:49.000Z</time>
        <extensions>
          <ns3:TrackPointExtension>
            <ns3:hr>145</ns3:hr>
          </ns3:TrackPointExtension>
        </extensions>
      </trkpt>
      <trkpt lat="51.92377564497292041778564453125" lon="6.23577763326466083526611328125">
        <ele>68.59999847412109375</ele>
        <time>2026-09-05T14:28:58.000Z</time>
        <extensions>
          <ns3:TrackPointExtension>
            <ns3:hr>144</ns3:hr>
          </ns3:TrackPointExtension>
        </extensions>
      </trkpt>
      <trkpt lat="51.92371110431849956512451171875" lon="6.2358793057501316070556640625">
        <ele>68.8000030517578125</ele>
        <time>2026-09-05T14:29:07.000Z</time>
        <extensions>
          <ns3:TrackPointExtension>
            <ns3:hr>144</ns3:hr>
          </ns3:TrackPointExtension>
        </extensions>
      </trkpt>
      <trkpt lat="51.92364539019763469696044921875" lon="6.2359899468719959259033203125">
        <ele>69.1999969482421875</ele>
        <time>2026-09-05T14:29:16.000Z</time>
        <extensions>
          <ns3:TrackPointExtension>
            <ns3:hr>141</ns3:hr>
          </ns3:TrackPointExtension>
        </extensions>
      </trkpt>
      <trkpt lat="51.92363717593252658843994140625" lon="6.23600159771740436553955078125">
        <ele>69.1999969482421875</ele>
        <time>2026-09-05T14:29:17.000Z</time>
        <extensions>
          <ns3:TrackPointExtension>
            <ns3:hr>141</ns3:hr>
          </ns3:TrackPointExtension>
        </extensions>
      </trkpt>
      <trkpt lat="51.92358470521867275238037109375" lon="6.23609044589102268218994140625">
        <ele>68.8000030517578125</ele>
        <time>2026-09-05T14:29:26.000Z</time>
        <extensions>
          <ns3:TrackPointExtension>
            <ns3:hr>140</ns3:hr>
          </ns3:TrackPointExtension>
        </extensions>
      </trkpt>
      <trkpt lat="51.92352200858294963836669921875" lon="6.23620125465095043182373046875">
        <ele>68.40000152587890625</ele>
        <time>2026-09-05T14:29:35.000Z</time>
        <extensions>
          <ns3:TrackPointExtension>
            <ns3:hr>140</ns3:hr>
          </ns3:TrackPointExtension>
        </extensions>
      </trkpt>
      <trkpt lat="51.923497617244720458984375" lon="6.23624199070036411285400390625">
        <ele>68.1999969482421875</ele>
        <time>2026-09-05T14:29:39.000Z</time>
        <extensions>
          <ns3:TrackPointExtension>
            <ns3:hr>140</ns3:hr>
          </ns3:TrackPointExtension>
        </extensions>
      </trkpt>
      <trkpt lat="51.92345964722335338592529296875" lon="6.236301250755786895751953125">
        <ele>67.59999847412109375</ele>
        <time>2026-09-05T14:29:44.000Z</time>
        <extensions>
          <ns3:TrackPointExtension>
            <ns3:hr>139</ns3:hr>
          </ns3:TrackPointExtension>
        </extensions>
      </trkpt>
      <trkpt lat="51.92340265028178691864013671875" lon="6.236398480832576751708984375">
        <ele>67.40000152587890625</ele>
        <time>2026-09-05T14:29:52.000Z</time>
        <extensions>
          <ns3:TrackPointExtension>
            <ns3:hr>139</ns3:hr>
          </ns3:TrackPointExtension>
        </extensions>
      </trkpt>
      <trkpt lat="51.92333894781768321990966796875" lon="6.23651155270636081695556640625">
        <ele>67.8000030517578125</ele>
        <time>2026-09-05T14:30:01.000Z</time>
        <extensions>
          <ns3:TrackPointExtension>
            <ns3:hr>139</ns3:hr>
          </ns3:TrackPointExtension>
        </extensions>
      </trkpt>
      <trkpt lat="51.923264600336551666259765625" lon="6.236605346202850341796875">
        <ele>67.59999847412109375</ele>
        <time>2026-09-05T14:30:11.000Z</time>
        <extensions>
          <ns3:TrackPointExtension>
            <ns3:hr>140</ns3:hr>
          </ns3:TrackPointExtension>
        </extensions>
      </trkpt>
      <trkpt lat="51.92322763614356517791748046875" lon="6.2366946972906589508056640625">
        <ele>68</ele>
        <time>2026-09-05T14:30:18.000Z</time>
        <extensions>
          <ns3:TrackPointExtension>
            <ns3:hr>143</ns3:hr>
          </ns3:TrackPointExtension>
        </extensions>
      </trkpt>
      <trkpt lat="51.92321422509849071502685546875" lon="6.23671523295342922210693359375">
        <ele>68.40000152587890625</ele>
        <time>2026-09-05T14:30:20.000Z</time>
        <extensions>
          <ns3:TrackPointExtension>
            <ns3:hr>142</ns3:hr>
          </ns3:TrackPointExtension>
        </extensions>
      </trkpt>
      <trkpt lat="51.9231946952641010284423828125" lon="6.236748509109020233154296875">
        <ele>69.1999969482421875</ele>
        <time>2026-09-05T14:30:23.000Z</time>
        <extensions>
          <ns3:TrackPointExtension>
            <ns3:hr>143</ns3:hr>
          </ns3:TrackPointExtension>
        </extensions>
      </trkpt>
      <trkpt lat="51.92318304441869258880615234375" lon="6.236809194087982177734375">
        <ele>70.1999969482421875</ele>
        <time>2026-09-05T14:30:28.000Z</time>
        <extensions>
          <ns3:TrackPointExtension>
            <ns3:hr>147</ns3:hr>
          </ns3:TrackPointExtension>
        </extensions>
      </trkpt>
      <trkpt lat="51.9231797754764556884765625" lon="6.2368239462375640869140625">
        <ele>70.1999969482421875</ele>
        <time>2026-09-05T14:30:29.000Z</time>
        <extensions>
          <ns3:TrackPointExtension>
            <ns3:hr>149</ns3:hr>
          </ns3:TrackPointExtension>
        </extensions>
      </trkpt>
      <trkpt lat="51.92317734472453594207763671875" lon="6.23684548772871494293212890625">
        <ele>70.59999847412109375</ele>
        <time>2026-09-05T14:30:31.000Z</time>
        <extensions>
          <ns3:TrackPointExtension>
            <ns3:hr>152</ns3:hr>
          </ns3:TrackPointExtension>
        </extensions>
      </trkpt>
      <trkpt lat="51.92317985929548740386962890625" lon="6.23685822822153568267822265625">
        <ele>70.59999847412109375</ele>
        <time>2026-09-05T14:30:32.000Z</time>
        <extensions>
          <ns3:TrackPointExtension>
            <ns3:hr>154</ns3:hr>
          </ns3:TrackPointExtension>
        </extensions>
      </trkpt>
      <trkpt lat="51.923199556767940521240234375" lon="6.23689410276710987091064453125">
        <ele>70.59999847412109375</ele>
        <time>2026-09-05T14:30:37.000Z</time>
        <extensions>
          <ns3:TrackPointExtension>
            <ns3:hr>155</ns3:hr>
          </ns3:TrackPointExtension>
        </extensions>
      </trkpt>
      <trkpt lat="51.9232146441936492919921875" lon="6.2369206734001636505126953125">
        <ele>70.40000152587890625</ele>
        <time>2026-09-05T14:30:41.000Z</time>
        <extensions>
          <ns3:TrackPointExtension>
            <ns3:hr>156</ns3:hr>
          </ns3:TrackPointExtension>
        </extensions>
      </trkpt>
      <trkpt lat="51.92324272356927394866943359375" lon="6.23694104142487049102783203125">
        <ele>71.40000152587890625</ele>
        <time>2026-09-05T14:30:45.000Z</time>
        <extensions>
          <ns3:TrackPointExtension>
            <ns3:hr>157</ns3:hr>
          </ns3:TrackPointExtension>
        </extensions>
      </trkpt>
      <trkpt lat="51.92328446544706821441650390625" lon="6.23696819879114627838134765625">
        <ele>72.40000152587890625</ele>
        <time>2026-09-05T14:30:50.000Z</time>
        <extensions>
          <ns3:TrackPointExtension>
            <ns3:hr>156</ns3:hr>
          </ns3:TrackPointExtension>
        </extensions>
      </trkpt>
      <trkpt lat="51.923299469053745269775390625" lon="6.23697238974273204803466796875">
        <ele>72.59999847412109375</ele>
        <time>2026-09-05T14:30:52.000Z</time>
        <extensions>
          <ns3:TrackPointExtension>
            <ns3:hr>157</ns3:hr>
          </ns3:TrackPointExtension>
        </extensions>
      </trkpt>
      <trkpt lat="51.9233844615519046783447265625" lon="6.23704095371067523956298828125">
        <ele>72.8000030517578125</ele>
        <time>2026-09-05T14:31:02.000Z</time>
        <extensions>
          <ns3:TrackPointExtension>
            <ns3:hr>161</ns3:hr>
          </ns3:TrackPointExtension>
        </extensions>
      </trkpt>
      <trkpt lat="51.9234092719852924346923828125" lon="6.23705637641251087188720703125">
        <ele>73</ele>
        <time>2026-09-05T14:31:04.000Z</time>
        <extensions>
          <ns3:TrackPointExtension>
            <ns3:hr>163</ns3:hr>
          </ns3:TrackPointExtension>
        </extensions>
      </trkpt>
      <trkpt lat="51.92348160780966281890869140625" lon="6.23712058179080486297607421875">
        <ele>73.40000152587890625</ele>
        <time>2026-09-05T14:31:13.000Z</time>
        <extensions>
          <ns3:TrackPointExtension>
            <ns3:hr>164</ns3:hr>
          </ns3:TrackPointExtension>
        </extensions>
      </trkpt>
      <trkpt lat="51.92348730750381946563720703125" lon="6.237126030027866363525390625">
        <ele>73.59999847412109375</ele>
        <time>2026-09-05T14:31:14.000Z</time>
        <extensions>
          <ns3:TrackPointExtension>
            <ns3:hr>163</ns3:hr>
          </ns3:TrackPointExtension>
        </extensions>
      </trkpt>
      <trkpt lat="51.92352469079196453094482421875" lon="6.2371580488979816436767578125">
        <ele>74.59999847412109375</ele>
        <time>2026-09-05T14:31:22.000Z</time>
        <extensions>
          <ns3:TrackPointExtension>
            <ns3:hr>161</ns3:hr>
          </ns3:TrackPointExtension>
        </extensions>
      </trkpt>
      <trkpt lat="51.92354514263570308685302734375" lon="6.23716886155307292938232421875">
        <ele>74.59999847412109375</ele>
        <time>2026-09-05T14:31:24.000Z</time>
        <extensions>
          <ns3:TrackPointExtension>
            <ns3:hr>161</ns3:hr>
          </ns3:TrackPointExtension>
        </extensions>
      </trkpt>
      <trkpt lat="51.92367707379162311553955078125" lon="6.237206496298313140869140625">
        <ele>74.59999847412109375</ele>
        <time>2026-09-05T14:31:34.000Z</time>
        <extensions>
          <ns3:TrackPointExtension>
            <ns3:hr>164</ns3:hr>
          </ns3:TrackPointExtension>
        </extensions>
      </trkpt>
      <trkpt lat="51.92377581261098384857177734375" lon="6.23724396340548992156982421875">
        <ele>74.8000030517578125</ele>
        <time>2026-09-05T14:31:44.000Z</time>
        <extensions>
          <ns3:TrackPointExtension>
            <ns3:hr>164</ns3:hr>
          </ns3:TrackPointExtension>
        </extensions>
      </trkpt>
      <trkpt lat="51.923800371587276458740234375" lon="6.2372663430869579315185546875">
        <ele>74.8000030517578125</ele>
        <time>2026-09-05T14:31:47.000Z</time>
        <extensions>
          <ns3:TrackPointExtension>
            <ns3:hr>161</ns3:hr>
          </ns3:TrackPointExtension>
        </extensions>
      </trkpt>
      <trkpt lat="51.9238471426069736480712890625" lon="6.2372941710054874420166015625">
        <ele>75</ele>
        <time>2026-09-05T14:31:51.000Z</time>
        <extensions>
          <ns3:TrackPointExtension>
            <ns3:hr>160</ns3:hr>
          </ns3:TrackPointExtension>
        </extensions>
      </trkpt>
      <trkpt lat="51.92388997413218021392822265625" lon="6.23731420375406742095947265625">
        <ele>75.1999969482421875</ele>
        <time>2026-09-05T14:31:55.000Z</time>
        <extensions>
          <ns3:TrackPointExtension>
            <ns3:hr>160</ns3:hr>
          </ns3:TrackPointExtension>
        </extensions>
      </trkpt>
      <trkpt lat="51.9239752180874347686767578125" lon="6.23735946603119373321533203125">
        <ele>75.40000152587890625</ele>
        <time>2026-09-05T14:32:03.000Z</time>
        <extensions>
          <ns3:TrackPointExtension>
            <ns3:hr>159</ns3:hr>
          </ns3:TrackPointExtension>
        </extensions>
      </trkpt>
      <trkpt lat="51.92401855252683162689208984375" lon="6.23740422539412975311279296875">
        <ele>75.40000152587890625</ele>
        <time>2026-09-05T14:32:08.000Z</time>
        <extensions>
          <ns3:TrackPointExtension>
            <ns3:hr>162</ns3:hr>
          </ns3:TrackPointExtension>
        </extensions>
      </trkpt>
      <trkpt lat="51.92406398244202136993408203125" lon="6.2374406866729259490966796875">
        <ele>75.40000152587890625</ele>
        <time>2026-09-05T14:32:13.000Z</time>
        <extensions>
          <ns3:TrackPointExtension>
            <ns3:hr>161</ns3:hr>
          </ns3:TrackPointExtension>
        </extensions>
      </trkpt>
      <trkpt lat="51.92410253919661045074462890625" lon="6.237458623945713043212890625">
        <ele>75.1999969482421875</ele>
        <time>2026-09-05T14:32:17.000Z</time>
        <extensions>
          <ns3:TrackPointExtension>
            <ns3:hr>158</ns3:hr>
          </ns3:TrackPointExtension>
        </extensions>
      </trkpt>
      <trkpt lat="51.92414562217891216278076171875" lon="6.237462647259235382080078125">
        <ele>75.1999969482421875</ele>
        <time>2026-09-05T14:32:22.000Z</time>
        <extensions>
          <ns3:TrackPointExtension>
            <ns3:hr>155</ns3:hr>
          </ns3:TrackPointExtension>
        </extensions>
      </trkpt>
      <trkpt lat="51.92424301989376544952392578125" lon="6.23746776022017002105712890625">
        <ele>74</ele>
        <time>2026-09-05T14:32:32.000Z</time>
        <extensions>
          <ns3:TrackPointExtension>
            <ns3:hr>152</ns3:hr>
          </ns3:TrackPointExtension>
        </extensions>
      </trkpt>
      <trkpt lat="51.924250982701778411865234375" lon="6.2374698556959629058837890625">
        <ele>73.8000030517578125</ele>
        <time>2026-09-05T14:32:33.000Z</time>
        <extensions>
          <ns3:TrackPointExtension>
            <ns3:hr>152</ns3:hr>
          </ns3:TrackPointExtension>
        </extensions>
      </trkpt>
      <trkpt lat="51.9242716021835803985595703125" lon="6.237480081617832183837890625">
        <ele>73.40000152587890625</ele>
        <time>2026-09-05T14:32:36.000Z</time>
        <extensions>
          <ns3:TrackPointExtension>
            <ns3:hr>151</ns3:hr>
          </ns3:TrackPointExtension>
        </extensions>
      </trkpt>
      <trkpt lat="51.92434050142765045166015625" lon="6.2375117652118206024169921875">
        <ele>72.59999847412109375</ele>
        <time>2026-09-05T14:32:42.000Z</time>
        <extensions>
          <ns3:TrackPointExtension>
            <ns3:hr>151</ns3:hr>
          </ns3:TrackPointExtension>
        </extensions>
      </trkpt>
      <trkpt lat="51.9243591092526912689208984375" lon="6.2375174649059772491455078125">
        <ele>72.40000152587890625</ele>
        <time>2026-09-05T14:32:44.000Z</time>
        <extensions>
          <ns3:TrackPointExtension>
            <ns3:hr>150</ns3:hr>
          </ns3:TrackPointExtension>
        </extensions>
      </trkpt>
      <trkpt lat="51.92441350780427455902099609375" lon="6.237525008618831634521484375">
        <ele>71.59999847412109375</ele>
        <time>2026-09-05T14:32:51.000Z</time>
        <extensions>
          <ns3:TrackPointExtension>
            <ns3:hr>147</ns3:hr>
          </ns3:TrackPointExtension>
        </extensions>
      </trkpt>
      <trkpt lat="51.92442893050611019134521484375" lon="6.23752710409462451934814453125">
        <ele>71.40000152587890625</ele>
        <time>2026-09-05T14:32:53.000Z</time>
        <extensions>
          <ns3:TrackPointExtension>
            <ns3:hr>146</ns3:hr>
          </ns3:TrackPointExtension>
        </extensions>
      </trkpt>
      <trkpt lat="51.92447134293615818023681640625" lon="6.23752593062818050384521484375">
        <ele>70.59999847412109375</ele>
        <time>2026-09-05T14:32:57.000Z</time>
        <extensions>
          <ns3:TrackPointExtension>
            <ns3:hr>143</ns3:hr>
          </ns3:TrackPointExtension>
        </extensions>
      </trkpt>
      <trkpt lat="51.92451417446136474609375" lon="6.2375489808619022369384765625">
        <ele>70.1999969482421875</ele>
        <time>2026-09-05T14:33:01.000Z</time>
        <extensions>
          <ns3:TrackPointExtension>
            <ns3:hr>143</ns3:hr>
          </ns3:TrackPointExtension>
        </extensions>
      </trkpt>
      <trkpt lat="51.92452481947839260101318359375" lon="6.23755526728928089141845703125">
        <ele>70.1999969482421875</ele>
        <time>2026-09-05T14:33:03.000Z</time>
        <extensions>
          <ns3:TrackPointExtension>
            <ns3:hr>143</ns3:hr>
          </ns3:TrackPointExtension>
        </extensions>
      </trkpt>
      <trkpt lat="51.9245592691004276275634765625" lon="6.237549819052219390869140625">
        <ele>69.59999847412109375</ele>
        <time>2026-09-05T14:33:07.000Z</time>
        <extensions>
          <ns3:TrackPointExtension>
            <ns3:hr>140</ns3:hr>
          </ns3:TrackPointExtension>
        </extensions>
      </trkpt>
      <trkpt lat="51.92460201680660247802734375" lon="6.23754881322383880615234375">
        <ele>69.1999969482421875</ele>
        <time>2026-09-05T14:33:10.000Z</time>
        <extensions>
          <ns3:TrackPointExtension>
            <ns3:hr>139</ns3:hr>
          </ns3:TrackPointExtension>
        </extensions>
      </trkpt>
      <trkpt lat="51.924625821411609649658203125" lon="6.2375481426715850830078125">
        <ele>69</ele>
        <time>2026-09-05T14:33:12.000Z</time>
        <extensions>
          <ns3:TrackPointExtension>
            <ns3:hr>139</ns3:hr>
          </ns3:TrackPointExtension>
        </extensions>
      </trkpt>
      <trkpt lat="51.92467041313648223876953125" lon="6.237546466290950775146484375">
        <ele>68.1999969482421875</ele>
        <time>2026-09-05T14:33:17.000Z</time>
        <extensions>
          <ns3:TrackPointExtension>
            <ns3:hr>139</ns3:hr>
          </ns3:TrackPointExtension>
        </extensions>
      </trkpt>
      <trkpt lat="51.92470033653080463409423828125" lon="6.23754881322383880615234375">
        <ele>67.40000152587890625</ele>
        <time>2026-09-05T14:33:21.000Z</time>
        <extensions>
          <ns3:TrackPointExtension>
            <ns3:hr>139</ns3:hr>
          </ns3:TrackPointExtension>
        </extensions>
      </trkpt>
      <trkpt lat="51.92474543116986751556396484375" lon="6.23757286928594112396240234375">
        <ele>67</ele>
        <time>2026-09-05T14:33:24.000Z</time>
        <extensions>
          <ns3:TrackPointExtension>
            <ns3:hr>140</ns3:hr>
          </ns3:TrackPointExtension>
        </extensions>
      </trkpt>
      <trkpt lat="51.92479102872312068939208984375" lon="6.23759164474904537200927734375">
        <ele>66.8000030517578125</ele>
        <time>2026-09-05T14:33:29.000Z</time>
        <extensions>
          <ns3:TrackPointExtension>
            <ns3:hr>139</ns3:hr>
          </ns3:TrackPointExtension>
        </extensions>
      </trkpt>
      <trkpt lat="51.9248338602483272552490234375" lon="6.2376017868518829345703125">
        <ele>66</ele>
        <time>2026-09-05T14:33:36.000Z</time>
        <extensions>
          <ns3:TrackPointExtension>
            <ns3:hr>139</ns3:hr>
          </ns3:TrackPointExtension>
        </extensions>
      </trkpt>
      <trkpt lat="51.92484878003597259521484375" lon="6.237609498202800750732421875">
        <ele>65.8000030517578125</ele>
        <time>2026-09-05T14:33:38.000Z</time>
        <extensions>
          <ns3:TrackPointExtension>
            <ns3:hr>139</ns3:hr>
          </ns3:TrackPointExtension>
        </extensions>
      </trkpt>
      <trkpt lat="51.92493804730474948883056640625" lon="6.237647049129009246826171875">
        <ele>65</ele>
        <time>2026-09-05T14:33:48.000Z</time>
        <extensions>
          <ns3:TrackPointExtension>
            <ns3:hr>137</ns3:hr>
          </ns3:TrackPointExtension>
        </extensions>
      </trkpt>
      <trkpt lat="51.9249636121094226837158203125" lon="6.2376606278121471405029296875">
        <ele>64.8000030517578125</ele>
        <time>2026-09-05T14:33:50.000Z</time>
        <extensions>
          <ns3:TrackPointExtension>
            <ns3:hr>136</ns3:hr>
          </ns3:TrackPointExtension>
        </extensions>
      </trkpt>
      <trkpt lat="51.92508238367736339569091796875" lon="6.237713433802127838134765625">
        <ele>63.799999237060546875</ele>
        <time>2026-09-05T14:33:59.000Z</time>
        <extensions>
          <ns3:TrackPointExtension>
            <ns3:hr>136</ns3:hr>
          </ns3:TrackPointExtension>
        </extensions>
      </trkpt>
      <trkpt lat="51.925119347870349884033203125" lon="6.23772340826690196990966796875">
        <ele>63.59999847412109375</ele>
        <time>2026-09-05T14:34:01.000Z</time>
        <extensions>
          <ns3:TrackPointExtension>
            <ns3:hr>135</ns3:hr>
          </ns3:TrackPointExtension>
        </extensions>
      </trkpt>
      <trkpt lat="51.92521431483328342437744140625" lon="6.23774033971130847930908203125">
        <ele>62.799999237060546875</ele>
        <time>2026-09-05T14:34:12.000Z</time>
        <extensions>
          <ns3:TrackPointExtension>
            <ns3:hr>133</ns3:hr>
          </ns3:TrackPointExtension>
        </extensions>
      </trkpt>
      <trkpt lat="51.9252254627645015716552734375" lon="6.23774084262549877166748046875">
        <ele>62.799999237060546875</ele>
        <time>2026-09-05T14:34:13.000Z</time>
        <extensions>
          <ns3:TrackPointExtension>
            <ns3:hr>133</ns3:hr>
          </ns3:TrackPointExtension>
        </extensions>
      </trkpt>
      <trkpt lat="51.9253190048038959503173828125" lon="6.237763725221157073974609375">
        <ele>62.200000762939453125</ele>
        <time>2026-09-05T14:34:22.000Z</time>
        <extensions>
          <ns3:TrackPointExtension>
            <ns3:hr>134</ns3:hr>
          </ns3:TrackPointExtension>
        </extensions>
      </trkpt>
      <trkpt lat="51.9253491796553134918212890625" lon="6.23777168802917003631591796875">
        <ele>61.799999237060546875</ele>
        <time>2026-09-05T14:34:25.000Z</time>
        <extensions>
          <ns3:TrackPointExtension>
            <ns3:hr>134</ns3:hr>
          </ns3:TrackPointExtension>
        </extensions>
      </trkpt>
      <trkpt lat="51.9254038296639919281005859375" lon="6.23778157867491245269775390625">
        <ele>61</ele>
        <time>2026-09-05T14:34:31.000Z</time>
        <extensions>
          <ns3:TrackPointExtension>
            <ns3:hr>134</ns3:hr>
          </ns3:TrackPointExtension>
        </extensions>
      </trkpt>
      <trkpt lat="51.92541983909904956817626953125" lon="6.23778887093067169189453125">
        <ele>60.799999237060546875</ele>
        <time>2026-09-05T14:34:33.000Z</time>
        <extensions>
          <ns3:TrackPointExtension>
            <ns3:hr>134</ns3:hr>
          </ns3:TrackPointExtension>
        </extensions>
      </trkpt>
      <trkpt lat="51.9255070947110652923583984375" lon="6.237786523997783660888671875">
        <ele>60</ele>
        <time>2026-09-05T14:34:41.000Z</time>
        <extensions>
          <ns3:TrackPointExtension>
            <ns3:hr>134</ns3:hr>
          </ns3:TrackPointExtension>
        </extensions>
      </trkpt>
      <trkpt lat="51.9255493395030498504638671875" lon="6.237797252833843231201171875">
        <ele>59.799999237060546875</ele>
        <time>2026-09-05T14:34:46.000Z</time>
        <extensions>
          <ns3:TrackPointExtension>
            <ns3:hr>135</ns3:hr>
          </ns3:TrackPointExtension>
        </extensions>
      </trkpt>
      <trkpt lat="51.92557708360254764556884765625" lon="6.23779515735805034637451171875">
        <ele>59.40000152587890625</ele>
        <time>2026-09-05T14:34:50.000Z</time>
        <extensions>
          <ns3:TrackPointExtension>
            <ns3:hr>134</ns3:hr>
          </ns3:TrackPointExtension>
        </extensions>
      </trkpt>
      <trkpt lat="51.925676576793193817138671875" lon="6.237759701907634735107421875">
        <ele>59</ele>
        <time>2026-09-05T14:34:58.000Z</time>
        <extensions>
          <ns3:TrackPointExtension>
            <ns3:hr>135</ns3:hr>
          </ns3:TrackPointExtension>
        </extensions>
      </trkpt>
      <trkpt lat="51.9257880561053752899169921875" lon="6.23776741325855255126953125">
        <ele>59.40000152587890625</ele>
        <time>2026-09-05T14:35:08.000Z</time>
        <extensions>
          <ns3:TrackPointExtension>
            <ns3:hr>134</ns3:hr>
          </ns3:TrackPointExtension>
        </extensions>
      </trkpt>
      <trkpt lat="51.925871707499027252197265625" lon="6.23778845183551311492919921875">
        <ele>60.200000762939453125</ele>
        <time>2026-09-05T14:35:18.000Z</time>
        <extensions>
          <ns3:TrackPointExtension>
            <ns3:hr>133</ns3:hr>
          </ns3:TrackPointExtension>
        </extensions>
      </trkpt>
      <trkpt lat="51.9259124435484409332275390625" lon="6.237788535654544830322265625">
        <ele>60.799999237060546875</ele>
        <time>2026-09-05T14:35:23.000Z</time>
        <extensions>
          <ns3:TrackPointExtension>
            <ns3:hr>134</ns3:hr>
          </ns3:TrackPointExtension>
        </extensions>
      </trkpt>
      <trkpt lat="51.925952173769474029541015625" lon="6.23778040520846843719482421875">
        <ele>61</ele>
        <time>2026-09-05T14:35:27.000Z</time>
        <extensions>
          <ns3:TrackPointExtension>
            <ns3:hr>137</ns3:hr>
          </ns3:TrackPointExtension>
        </extensions>
      </trkpt>
      <trkpt lat="51.9259704463183879852294921875" lon="6.23778493143618106842041015625">
        <ele>61.200000762939453125</ele>
        <time>2026-09-05T14:35:29.000Z</time>
        <extensions>
          <ns3:TrackPointExtension>
            <ns3:hr>138</ns3:hr>
          </ns3:TrackPointExtension>
        </extensions>
      </trkpt>
      <trkpt lat="51.926013194024562835693359375" lon="6.2378109991550445556640625">
        <ele>62</ele>
        <time>2026-09-05T14:35:34.000Z</time>
        <extensions>
          <ns3:TrackPointExtension>
            <ns3:hr>140</ns3:hr>
          </ns3:TrackPointExtension>
        </extensions>
      </trkpt>
      <trkpt lat="51.9260737113654613494873046875" lon="6.23781963251531124114990234375">
        <ele>62.59999847412109375</ele>
        <time>2026-09-05T14:35:39.000Z</time>
        <extensions>
          <ns3:TrackPointExtension>
            <ns3:hr>143</ns3:hr>
          </ns3:TrackPointExtension>
        </extensions>
      </trkpt>
      <trkpt lat="51.9261142797768115997314453125" lon="6.2378225661814212799072265625">
        <ele>61.799999237060546875</ele>
        <time>2026-09-05T14:35:42.000Z</time>
        <extensions>
          <ns3:TrackPointExtension>
            <ns3:hr>151</ns3:hr>
          </ns3:TrackPointExtension>
        </extensions>
      </trkpt>
      <trkpt lat="51.9261347316205501556396484375" lon="6.23782684095203876495361328125">
        <ele>61.200000762939453125</ele>
        <time>2026-09-05T14:35:44.000Z</time>
        <extensions>
          <ns3:TrackPointExtension>
            <ns3:hr>154</ns3:hr>
          </ns3:TrackPointExtension>
        </extensions>
      </trkpt>
      <trkpt lat="51.9261541776359081268310546875" lon="6.23782910406589508056640625">
        <ele>61</ele>
        <time>2026-09-05T14:35:46.000Z</time>
        <extensions>
          <ns3:TrackPointExtension>
            <ns3:hr>154</ns3:hr>
          </ns3:TrackPointExtension>
        </extensions>
      </trkpt>
      <trkpt lat="51.9261934049427509307861328125" lon="6.23783371411263942718505859375">
        <ele>61</ele>
        <time>2026-09-05T14:35:49.000Z</time>
        <extensions>
          <ns3:TrackPointExtension>
            <ns3:hr>154</ns3:hr>
          </ns3:TrackPointExtension>
        </extensions>
      </trkpt>
      <trkpt lat="51.9263077341020107269287109375" lon="6.23787713237106800079345703125">
        <ele>60.59999847412109375</ele>
        <time>2026-09-05T14:35:59.000Z</time>
        <extensions>
          <ns3:TrackPointExtension>
            <ns3:hr>154</ns3:hr>
          </ns3:TrackPointExtension>
        </extensions>
      </trkpt>
      <trkpt lat="51.926371939480304718017578125" lon="6.23794376850128173828125">
        <ele>60.200000762939453125</ele>
        <time>2026-09-05T14:36:07.000Z</time>
        <extensions>
          <ns3:TrackPointExtension>
            <ns3:hr>151</ns3:hr>
          </ns3:TrackPointExtension>
        </extensions>
      </trkpt>
      <trkpt lat="51.92639105021953582763671875" lon="6.237962879240512847900390625">
        <ele>60</ele>
        <time>2026-09-05T14:36:09.000Z</time>
        <extensions>
          <ns3:TrackPointExtension>
            <ns3:hr>150</ns3:hr>
          </ns3:TrackPointExtension>
        </extensions>
      </trkpt>
      <trkpt lat="51.92639968357980251312255859375" lon="6.23796950094401836395263671875">
        <ele>59.799999237060546875</ele>
        <time>2026-09-05T14:36:10.000Z</time>
        <extensions>
          <ns3:TrackPointExtension>
            <ns3:hr>149</ns3:hr>
          </ns3:TrackPointExtension>
        </extensions>
      </trkpt>
      <trkpt lat="51.9264520704746246337890625" lon="6.2379935570061206817626953125">
        <ele>59.200000762939453125</ele>
        <time>2026-09-05T14:36:15.000Z</time>
        <extensions>
          <ns3:TrackPointExtension>
            <ns3:hr>146</ns3:hr>
          </ns3:TrackPointExtension>
        </extensions>
      </trkpt>
      <trkpt lat="51.926483921706676483154296875" lon="6.23800789006054401397705078125">
        <ele>58.799999237060546875</ele>
        <time>2026-09-05T14:36:17.000Z</time>
        <extensions>
          <ns3:TrackPointExtension>
            <ns3:hr>145</ns3:hr>
          </ns3:TrackPointExtension>
        </extensions>
      </trkpt>
      <trkpt lat="51.926528848707675933837890625" lon="6.2380280904471874237060546875">
        <ele>58.40000152587890625</ele>
        <time>2026-09-05T14:36:21.000Z</time>
        <extensions>
          <ns3:TrackPointExtension>
            <ns3:hr>143</ns3:hr>
          </ns3:TrackPointExtension>
        </extensions>
      </trkpt>
      <trkpt lat="51.9265793077647686004638671875" lon="6.23804192058742046356201171875">
        <ele>57.799999237060546875</ele>
        <time>2026-09-05T14:36:29.000Z</time>
        <extensions>
          <ns3:TrackPointExtension>
            <ns3:hr>142</ns3:hr>
          </ns3:TrackPointExtension>
        </extensions>
      </trkpt>
      <trkpt lat="51.926589868962764739990234375" lon="6.23804426752030849456787109375">
        <ele>57.40000152587890625</ele>
        <time>2026-09-05T14:36:30.000Z</time>
        <extensions>
          <ns3:TrackPointExtension>
            <ns3:hr>142</ns3:hr>
          </ns3:TrackPointExtension>
        </extensions>
      </trkpt>
      <trkpt lat="51.92662918008863925933837890625" lon="6.2380646355450153350830078125">
        <ele>56.59999847412109375</ele>
        <time>2026-09-05T14:36:34.000Z</time>
        <extensions>
          <ns3:TrackPointExtension>
            <ns3:hr>140</ns3:hr>
          </ns3:TrackPointExtension>
        </extensions>
      </trkpt>
      <trkpt lat="51.9266990013420581817626953125" lon="6.238115094602108001708984375">
        <ele>55.40000152587890625</ele>
        <time>2026-09-05T14:36:41.000Z</time>
        <extensions>
          <ns3:TrackPointExtension>
            <ns3:hr>140</ns3:hr>
          </ns3:TrackPointExtension>
        </extensions>
      </trkpt>
      <trkpt lat="51.92673328332602977752685546875" lon="6.23813747428357601165771484375">
        <ele>55</ele>
        <time>2026-09-05T14:36:44.000Z</time>
        <extensions>
          <ns3:TrackPointExtension>
            <ns3:hr>139</ns3:hr>
          </ns3:TrackPointExtension>
        </extensions>
      </trkpt>
      <trkpt lat="51.9268133305013179779052734375" lon="6.23818256892263889312744140625">
        <ele>54.40000152587890625</ele>
        <time>2026-09-05T14:36:51.000Z</time>
        <extensions>
          <ns3:TrackPointExtension>
            <ns3:hr>139</ns3:hr>
          </ns3:TrackPointExtension>
        </extensions>
      </trkpt>
      <trkpt lat="51.9268435053527355194091796875" lon="6.2382027693092823028564453125">
        <ele>54.40000152587890625</ele>
        <time>2026-09-05T14:36:54.000Z</time>
        <extensions>
          <ns3:TrackPointExtension>
            <ns3:hr>139</ns3:hr>
          </ns3:TrackPointExtension>
        </extensions>
      </trkpt>
      <trkpt lat="51.92690310068428516387939453125" lon="6.23821190558373928070068359375">
        <ele>53.59999847412109375</ele>
        <time>2026-09-05T14:37:03.000Z</time>
        <extensions>
          <ns3:TrackPointExtension>
            <ns3:hr>137</ns3:hr>
          </ns3:TrackPointExtension>
        </extensions>
      </trkpt>
      <trkpt lat="51.92690737545490264892578125" lon="6.2382148392498493194580078125">
        <ele>53.40000152587890625</ele>
        <time>2026-09-05T14:37:04.000Z</time>
        <extensions>
          <ns3:TrackPointExtension>
            <ns3:hr>136</ns3:hr>
          </ns3:TrackPointExtension>
        </extensions>
      </trkpt>
      <trkpt lat="51.92694894969463348388671875" lon="6.23825515620410442352294921875">
        <ele>52.200000762939453125</ele>
        <time>2026-09-05T14:37:10.000Z</time>
        <extensions>
          <ns3:TrackPointExtension>
            <ns3:hr>135</ns3:hr>
          </ns3:TrackPointExtension>
        </extensions>
      </trkpt>
      <trkpt lat="51.92696328274905681610107421875" lon="6.2382731772959232330322265625">
        <ele>51.59999847412109375</ele>
        <time>2026-09-05T14:37:13.000Z</time>
        <extensions>
          <ns3:TrackPointExtension>
            <ns3:hr>134</ns3:hr>
          </ns3:TrackPointExtension>
        </extensions>
      </trkpt>
      <trkpt lat="51.92698289640247821807861328125" lon="6.238294802606105804443359375">
        <ele>51.200000762939453125</ele>
        <time>2026-09-05T14:37:16.000Z</time>
        <extensions>
          <ns3:TrackPointExtension>
            <ns3:hr>134</ns3:hr>
          </ns3:TrackPointExtension>
        </extensions>
      </trkpt>
      <trkpt lat="51.92705045454204082489013671875" lon="6.23834702186286449432373046875">
        <ele>50.59999847412109375</ele>
        <time>2026-09-05T14:37:23.000Z</time>
        <extensions>
          <ns3:TrackPointExtension>
            <ns3:hr>134</ns3:hr>
          </ns3:TrackPointExtension>
        </extensions>
      </trkpt>
      <trkpt lat="51.9270859099924564361572265625" lon="6.23836026526987552642822265625">
        <ele>50</ele>
        <time>2026-09-05T14:37:27.000Z</time>
        <extensions>
          <ns3:TrackPointExtension>
            <ns3:hr>134</ns3:hr>
          </ns3:TrackPointExtension>
        </extensions>
      </trkpt>
      <trkpt lat="51.92711885087192058563232421875" lon="6.23837669380009174346923828125">
        <ele>49</ele>
        <time>2026-09-05T14:37:33.000Z</time>
        <extensions>
          <ns3:TrackPointExtension>
            <ns3:hr>133</ns3:hr>
          </ns3:TrackPointExtension>
        </extensions>
      </trkpt>
      <trkpt lat="51.92714248783886432647705078125" lon="6.23838138766586780548095703125">
        <ele>48</ele>
        <time>2026-09-05T14:37:38.000Z</time>
        <extensions>
          <ns3:TrackPointExtension>
            <ns3:hr>133</ns3:hr>
          </ns3:TrackPointExtension>
        </extensions>
      </trkpt>
      <trkpt lat="51.92718305625021457672119140625" lon="6.23838901519775390625">
        <ele>47.799999237060546875</ele>
        <time>2026-09-05T14:37:43.000Z</time>
        <extensions>
          <ns3:TrackPointExtension>
            <ns3:hr>132</ns3:hr>
          </ns3:TrackPointExtension>
        </extensions>
      </trkpt>
      <trkpt lat="51.92727408371865749359130859375" lon="6.23844743706285953521728515625">
        <ele>46.799999237060546875</ele>
        <time>2026-09-05T14:37:54.000Z</time>
        <extensions>
          <ns3:TrackPointExtension>
            <ns3:hr>134</ns3:hr>
          </ns3:TrackPointExtension>
        </extensions>
      </trkpt>
      <trkpt lat="51.92728221416473388671875" lon="6.2384579144418239593505859375">
        <ele>46.799999237060546875</ele>
        <time>2026-09-05T14:37:55.000Z</time>
        <extensions>
          <ns3:TrackPointExtension>
            <ns3:hr>134</ns3:hr>
          </ns3:TrackPointExtension>
        </extensions>
      </trkpt>
      <trkpt lat="51.92734499461948871612548828125" lon="6.23853385448455810546875">
        <ele>45.799999237060546875</ele>
        <time>2026-09-05T14:38:01.000Z</time>
        <extensions>
          <ns3:TrackPointExtension>
            <ns3:hr>133</ns3:hr>
          </ns3:TrackPointExtension>
        </extensions>
      </trkpt>
      <trkpt lat="51.927359998226165771484375" lon="6.23855103738605976104736328125">
        <ele>45.40000152587890625</ele>
        <time>2026-09-05T14:38:03.000Z</time>
        <extensions>
          <ns3:TrackPointExtension>
            <ns3:hr>134</ns3:hr>
          </ns3:TrackPointExtension>
        </extensions>
      </trkpt>
      <trkpt lat="51.9273883290588855743408203125" lon="6.2385836429893970489501953125">
        <ele>44.59999847412109375</ele>
        <time>2026-09-05T14:38:07.000Z</time>
        <extensions>
          <ns3:TrackPointExtension>
            <ns3:hr>136</ns3:hr>
          </ns3:TrackPointExtension>
        </extensions>
      </trkpt>
      <trkpt lat="51.927440129220485687255859375" lon="6.2386302463710308074951171875">
        <ele>43.40000152587890625</ele>
        <time>2026-09-05T14:38:13.000Z</time>
        <extensions>
          <ns3:TrackPointExtension>
            <ns3:hr>136</ns3:hr>
          </ns3:TrackPointExtension>
        </extensions>
      </trkpt>
      <trkpt lat="51.92745043896138668060302734375" lon="6.2386429868638515472412109375">
        <ele>42.799999237060546875</ele>
        <time>2026-09-05T14:38:15.000Z</time>
        <extensions>
          <ns3:TrackPointExtension>
            <ns3:hr>137</ns3:hr>
          </ns3:TrackPointExtension>
        </extensions>
      </trkpt>
      <trkpt lat="51.9274842180311679840087890625" lon="6.23868430964648723602294921875">
        <ele>42.799999237060546875</ele>
        <time>2026-09-05T14:38:21.000Z</time>
        <extensions>
          <ns3:TrackPointExtension>
            <ns3:hr>136</ns3:hr>
          </ns3:TrackPointExtension>
        </extensions>
      </trkpt>
      <trkpt lat="51.927510201930999755859375" lon="6.23872672207653522491455078125">
        <ele>42.40000152587890625</ele>
        <time>2026-09-05T14:38:24.000Z</time>
        <extensions>
          <ns3:TrackPointExtension>
            <ns3:hr>136</ns3:hr>
          </ns3:TrackPointExtension>
        </extensions>
      </trkpt>
      <trkpt lat="51.9275469146668910980224609375" lon="6.2387787736952304840087890625">
        <ele>41.200000762939453125</ele>
        <time>2026-09-05T14:38:29.000Z</time>
        <extensions>
          <ns3:TrackPointExtension>
            <ns3:hr>137</ns3:hr>
          </ns3:TrackPointExtension>
        </extensions>
      </trkpt>
      <trkpt lat="51.92756778560578823089599609375" lon="6.23880551196634769439697265625">
        <ele>40.799999237060546875</ele>
        <time>2026-09-05T14:38:32.000Z</time>
        <extensions>
          <ns3:TrackPointExtension>
            <ns3:hr>137</ns3:hr>
          </ns3:TrackPointExtension>
        </extensions>
      </trkpt>
      <trkpt lat="51.92759058438241481781005859375" lon="6.2388438172638416290283203125">
        <ele>40.200000762939453125</ele>
        <time>2026-09-05T14:38:36.000Z</time>
        <extensions>
          <ns3:TrackPointExtension>
            <ns3:hr>137</ns3:hr>
          </ns3:TrackPointExtension>
        </extensions>
      </trkpt>
      <trkpt lat="51.92762084305286407470703125" lon="6.23889352194964885711669921875">
        <ele>39.200000762939453125</ele>
        <time>2026-09-05T14:38:40.000Z</time>
        <extensions>
          <ns3:TrackPointExtension>
            <ns3:hr>136</ns3:hr>
          </ns3:TrackPointExtension>
        </extensions>
      </trkpt>
      <trkpt lat="51.92765009589493274688720703125" lon="6.23892922885715961456298828125">
        <ele>38.200000762939453125</ele>
        <time>2026-09-05T14:38:44.000Z</time>
        <extensions>
          <ns3:TrackPointExtension>
            <ns3:hr>136</ns3:hr>
          </ns3:TrackPointExtension>
        </extensions>
      </trkpt>
      <trkpt lat="51.92765462212264537811279296875" lon="6.23893409036099910736083984375">
        <ele>38</ele>
        <time>2026-09-05T14:38:45.000Z</time>
        <extensions>
          <ns3:TrackPointExtension>
            <ns3:hr>136</ns3:hr>
          </ns3:TrackPointExtension>
        </extensions>
      </trkpt>
      <trkpt lat="51.92771178670227527618408203125" lon="6.23899075202643871307373046875">
        <ele>36.799999237060546875</ele>
        <time>2026-09-05T14:38:52.000Z</time>
        <extensions>
          <ns3:TrackPointExtension>
            <ns3:hr>137</ns3:hr>
          </ns3:TrackPointExtension>
        </extensions>
      </trkpt>
      <trkpt lat="51.927735842764377593994140625" lon="6.2390260398387908935546875">
        <ele>36.40000152587890625</ele>
        <time>2026-09-05T14:38:55.000Z</time>
        <extensions>
          <ns3:TrackPointExtension>
            <ns3:hr>137</ns3:hr>
          </ns3:TrackPointExtension>
        </extensions>
      </trkpt>
      <trkpt lat="51.92776978947222232818603515625" lon="6.23908446170389652252197265625">
        <ele>35.799999237060546875</ele>
        <time>2026-09-05T14:39:00.000Z</time>
        <extensions>
          <ns3:TrackPointExtension>
            <ns3:hr>137</ns3:hr>
          </ns3:TrackPointExtension>
        </extensions>
      </trkpt>
      <trkpt lat="51.9278134591877460479736328125" lon="6.239134334027767181396484375">
        <ele>35</ele>
        <time>2026-09-05T14:39:04.000Z</time>
        <extensions>
          <ns3:TrackPointExtension>
            <ns3:hr>136</ns3:hr>
          </ns3:TrackPointExtension>
        </extensions>
      </trkpt>
      <trkpt lat="51.927830390632152557373046875" lon="6.239158809185028076171875">
        <ele>34.799999237060546875</ele>
        <time>2026-09-05T14:39:06.000Z</time>
        <extensions>
          <ns3:TrackPointExtension>
            <ns3:hr>137</ns3:hr>
          </ns3:TrackPointExtension>
        </extensions>
      </trkpt>
      <trkpt lat="51.92786282859742641448974609375" lon="6.23921044170856475830078125">
        <ele>33.799999237060546875</ele>
        <time>2026-09-05T14:39:12.000Z</time>
        <extensions>
          <ns3:TrackPointExtension>
            <ns3:hr>138</ns3:hr>
          </ns3:TrackPointExtension>
        </extensions>
      </trkpt>
      <trkpt lat="51.9278677739202976226806640625" lon="6.23921924270689487457275390625">
        <ele>33.59999847412109375</ele>
        <time>2026-09-05T14:39:13.000Z</time>
        <extensions>
          <ns3:TrackPointExtension>
            <ns3:hr>137</ns3:hr>
          </ns3:TrackPointExtension>
        </extensions>
      </trkpt>
      <trkpt lat="51.9279006309807300567626953125" lon="6.239284537732601165771484375">
        <ele>32.59999847412109375</ele>
        <time>2026-09-05T14:39:19.000Z</time>
        <extensions>
          <ns3:TrackPointExtension>
            <ns3:hr>137</ns3:hr>
          </ns3:TrackPointExtension>
        </extensions>
      </trkpt>
      <trkpt lat="51.9279371760785579681396484375" lon="6.2393282912671566009521484375">
        <ele>32</ele>
        <time>2026-09-05T14:39:23.000Z</time>
        <extensions>
          <ns3:TrackPointExtension>
            <ns3:hr>136</ns3:hr>
          </ns3:TrackPointExtension>
        </extensions>
      </trkpt>
      <trkpt lat="51.92798319272696971893310546875" lon="6.23936525546014308929443359375">
        <ele>31.3999996185302734375</ele>
        <time>2026-09-05T14:39:28.000Z</time>
        <extensions>
          <ns3:TrackPointExtension>
            <ns3:hr>136</ns3:hr>
          </ns3:TrackPointExtension>
        </extensions>
      </trkpt>
      <trkpt lat="51.92799643613398075103759765625" lon="6.23936709947884082794189453125">
        <ele>31.3999996185302734375</ele>
        <time>2026-09-05T14:39:32.000Z</time>
        <extensions>
          <ns3:TrackPointExtension>
            <ns3:hr>135</ns3:hr>
          </ns3:TrackPointExtension>
        </extensions>
      </trkpt>
      <trkpt lat="51.92803884856402873992919921875" lon="6.23940917663276195526123046875">
        <ele>30.3999996185302734375</ele>
        <time>2026-09-05T14:39:38.000Z</time>
        <extensions>
          <ns3:TrackPointExtension>
            <ns3:hr>133</ns3:hr>
          </ns3:TrackPointExtension>
        </extensions>
      </trkpt>
      <trkpt lat="51.92805293016135692596435546875" lon="6.2394335679709911346435546875">
        <ele>30.3999996185302734375</ele>
        <time>2026-09-05T14:39:40.000Z</time>
        <extensions>
          <ns3:TrackPointExtension>
            <ns3:hr>133</ns3:hr>
          </ns3:TrackPointExtension>
        </extensions>
      </trkpt>
      <trkpt lat="51.9281338155269622802734375" lon="6.2395613081753253936767578125">
        <ele>29.3999996185302734375</ele>
        <time>2026-09-05T14:39:50.000Z</time>
        <extensions>
          <ns3:TrackPointExtension>
            <ns3:hr>133</ns3:hr>
          </ns3:TrackPointExtension>
        </extensions>
      </trkpt>
      <trkpt lat="51.9281396828591823577880859375" lon="6.23957983218133449554443359375">
        <ele>29.3999996185302734375</ele>
        <time>2026-09-05T14:39:51.000Z</time>
        <extensions>
          <ns3:TrackPointExtension>
            <ns3:hr>132</ns3:hr>
          </ns3:TrackPointExtension>
        </extensions>
      </trkpt>
      <trkpt lat="51.928133480250835418701171875" lon="6.2396062351763248443603515625">
        <ele>29</ele>
        <time>2026-09-05T14:39:56.000Z</time>
        <extensions>
          <ns3:TrackPointExtension>
            <ns3:hr>132</ns3:hr>
          </ns3:TrackPointExtension>
        </extensions>
      </trkpt>
      <trkpt lat="51.928131468594074249267578125" lon="6.23970153741538524627685546875">
        <ele>28.3999996185302734375</ele>
        <time>2026-09-05T14:40:02.000Z</time>
        <extensions>
          <ns3:TrackPointExtension>
            <ns3:hr>131</ns3:hr>
          </ns3:TrackPointExtension>
        </extensions>
      </trkpt>
      <trkpt lat="51.928084529936313629150390625" lon="6.23971226625144481658935546875">
        <ele>28.799999237060546875</ele>
        <time>2026-09-05T14:40:08.000Z</time>
        <extensions>
          <ns3:TrackPointExtension>
            <ns3:hr>131</ns3:hr>
          </ns3:TrackPointExtension>
        </extensions>
      </trkpt>
      <trkpt lat="51.92809852771461009979248046875" lon="6.23967178165912628173828125">
        <ele>28.3999996185302734375</ele>
        <time>2026-09-05T14:40:15.000Z</time>
        <extensions>
          <ns3:TrackPointExtension>
            <ns3:hr>131</ns3:hr>
          </ns3:TrackPointExtension>
        </extensions>
      </trkpt>
      <trkpt lat="51.92810900509357452392578125" lon="6.23966105282306671142578125">
        <ele>28.200000762939453125</ele>
        <time>2026-09-05T14:40:16.000Z</time>
        <extensions>
          <ns3:TrackPointExtension>
            <ns3:hr>132</ns3:hr>
          </ns3:TrackPointExtension>
        </extensions>
      </trkpt>
      <trkpt lat="51.92820464260876178741455078125" lon="6.239699609577655792236328125">
        <ele>28.200000762939453125</ele>
        <time>2026-09-05T14:40:24.000Z</time>
        <extensions>
          <ns3:TrackPointExtension>
            <ns3:hr>130</ns3:hr>
          </ns3:TrackPointExtension>
        </extensions>
      </trkpt>
      <trkpt lat="51.9282188080251216888427734375" lon="6.239855177700519561767578125">
        <ele>27.799999237060546875</ele>
        <time>2026-09-05T14:40:32.000Z</time>
        <extensions>
          <ns3:TrackPointExtension>
            <ns3:hr>131</ns3:hr>
          </ns3:TrackPointExtension>
        </extensions>
      </trkpt>
      <trkpt lat="51.92816122435033321380615234375" lon="6.23995668254792690277099609375">
        <ele>27.6000003814697265625</ele>
        <time>2026-09-05T14:40:40.000Z</time>
        <extensions>
          <ns3:TrackPointExtension>
            <ns3:hr>132</ns3:hr>
          </ns3:TrackPointExtension>
        </extensions>
      </trkpt>
      <trkpt lat="51.92809986881911754608154296875" lon="6.2400533258914947509765625">
        <ele>27.6000003814697265625</ele>
        <time>2026-09-05T14:40:47.000Z</time>
        <extensions>
          <ns3:TrackPointExtension>
            <ns3:hr>135</ns3:hr>
          </ns3:TrackPointExtension>
        </extensions>
      </trkpt>
      <trkpt lat="51.92807975225150585174560546875" lon="6.24009062536060810089111328125">
        <ele>27.6000003814697265625</ele>
        <time>2026-09-05T14:40:50.000Z</time>
        <extensions>
          <ns3:TrackPointExtension>
            <ns3:hr>136</ns3:hr>
          </ns3:TrackPointExtension>
        </extensions>
      </trkpt>
      <trkpt lat="51.9280280359089374542236328125" lon="6.24016338028013706207275390625">
        <ele>28.200000762939453125</ele>
        <time>2026-09-05T14:40:58.000Z</time>
        <extensions>
          <ns3:TrackPointExtension>
            <ns3:hr>139</ns3:hr>
          </ns3:TrackPointExtension>
        </extensions>
      </trkpt>
      <trkpt lat="51.9280213303864002227783203125" lon="6.24017461203038692474365234375">
        <ele>28.200000762939453125</ele>
        <time>2026-09-05T14:40:59.000Z</time>
        <extensions>
          <ns3:TrackPointExtension>
            <ns3:hr>139</ns3:hr>
          </ns3:TrackPointExtension>
        </extensions>
      </trkpt>
      <trkpt lat="51.92797481082379817962646484375" lon="6.2402409128844738006591796875">
        <ele>29.200000762939453125</ele>
        <time>2026-09-05T14:41:08.000Z</time>
        <extensions>
          <ns3:TrackPointExtension>
            <ns3:hr>141</ns3:hr>
          </ns3:TrackPointExtension>
        </extensions>
      </trkpt>
      <trkpt lat="51.92797497846186161041259765625" lon="6.24023932032287120819091796875">
        <ele>29.6000003814697265625</ele>
        <time>2026-09-05T14:41:09.000Z</time>
        <extensions>
          <ns3:TrackPointExtension>
            <ns3:hr>141</ns3:hr>
          </ns3:TrackPointExtension>
        </extensions>
      </trkpt>
      <trkpt lat="51.9279723800718784332275390625" lon="6.24023831449449062347412109375">
        <ele>29.200000762939453125</ele>
        <time>2026-09-05T14:41:13.000Z</time>
        <extensions>
          <ns3:TrackPointExtension>
            <ns3:hr>144</ns3:hr>
          </ns3:TrackPointExtension>
        </extensions>
      </trkpt>
      <trkpt lat="51.92795754410326480865478515625" lon="6.24026128090918064117431640625">
        <ele>28.6000003814697265625</ele>
        <time>2026-09-05T14:41:20.000Z</time>
        <extensions>
          <ns3:TrackPointExtension>
            <ns3:hr>145</ns3:hr>
          </ns3:TrackPointExtension>
        </extensions>
      </trkpt>
      <trkpt lat="51.92794497124850749969482421875" lon="6.24029112048447132110595703125">
        <ele>28.799999237060546875</ele>
        <time>2026-09-05T14:41:26.000Z</time>
        <extensions>
          <ns3:TrackPointExtension>
            <ns3:hr>144</ns3:hr>
          </ns3:TrackPointExtension>
        </extensions>
      </trkpt>
      <trkpt lat="51.9279375113546848297119140625" lon="6.2403083033859729766845703125">
        <ele>28.799999237060546875</ele>
        <time>2026-09-05T14:41:28.000Z</time>
        <extensions>
          <ns3:TrackPointExtension>
            <ns3:hr>149</ns3:hr>
          </ns3:TrackPointExtension>
        </extensions>
      </trkpt>
      <trkpt lat="51.927931308746337890625" lon="6.24031743966042995452880859375">
        <ele>28.799999237060546875</ele>
        <time>2026-09-05T14:41:29.000Z</time>
        <extensions>
          <ns3:TrackPointExtension>
            <ns3:hr>149</ns3:hr>
          </ns3:TrackPointExtension>
        </extensions>
      </trkpt>
      <trkpt lat="51.92789518274366855621337890625" lon="6.24036915600299835205078125">
        <ele>29</ele>
        <time>2026-09-05T14:41:34.000Z</time>
        <extensions>
          <ns3:TrackPointExtension>
            <ns3:hr>151</ns3:hr>
          </ns3:TrackPointExtension>
        </extensions>
      </trkpt>
      <trkpt lat="51.92785285413265228271484375" lon="6.240445934236049652099609375">
        <ele>29.200000762939453125</ele>
        <time>2026-09-05T14:41:41.000Z</time>
        <extensions>
          <ns3:TrackPointExtension>
            <ns3:hr>149</ns3:hr>
          </ns3:TrackPointExtension>
        </extensions>
      </trkpt>
      <trkpt lat="51.92779728211462497711181640625" lon="6.240546517074108123779296875">
        <ele>29.6000003814697265625</ele>
        <time>2026-09-05T14:41:50.000Z</time>
        <extensions>
          <ns3:TrackPointExtension>
            <ns3:hr>149</ns3:hr>
          </ns3:TrackPointExtension>
        </extensions>
      </trkpt>
      <trkpt lat="51.92771145142614841461181640625" lon="6.2406958825886249542236328125">
        <ele>29.6000003814697265625</ele>
        <time>2026-09-05T14:42:02.000Z</time>
        <extensions>
          <ns3:TrackPointExtension>
            <ns3:hr>150</ns3:hr>
          </ns3:TrackPointExtension>
        </extensions>
      </trkpt>
      <trkpt lat="51.92766367457807064056396484375" lon="6.24078355729579925537109375">
        <ele>29.200000762939453125</ele>
        <time>2026-09-05T14:42:09.000Z</time>
        <extensions>
          <ns3:TrackPointExtension>
            <ns3:hr>149</ns3:hr>
          </ns3:TrackPointExtension>
        </extensions>
      </trkpt>
      <trkpt lat="51.92764766514301300048828125" lon="6.24084382317960262298583984375">
        <ele>28.3999996185302734375</ele>
        <time>2026-09-05T14:42:13.000Z</time>
        <extensions>
          <ns3:TrackPointExtension>
            <ns3:hr>148</ns3:hr>
          </ns3:TrackPointExtension>
        </extensions>
      </trkpt>
      <trkpt lat="51.92761891521513462066650390625" lon="6.2408997304737567901611328125">
        <ele>28.200000762939453125</ele>
        <time>2026-09-05T14:42:17.000Z</time>
        <extensions>
          <ns3:TrackPointExtension>
            <ns3:hr>148</ns3:hr>
          </ns3:TrackPointExtension>
        </extensions>
      </trkpt>
      <trkpt lat="51.92756812088191509246826171875" lon="6.2409979663789272308349609375">
        <ele>28.200000762939453125</ele>
        <time>2026-09-05T14:42:25.000Z</time>
        <extensions>
          <ns3:TrackPointExtension>
            <ns3:hr>147</ns3:hr>
          </ns3:TrackPointExtension>
        </extensions>
      </trkpt>
      <trkpt lat="51.92753761075437068939208984375" lon="6.24106175266206264495849609375">
        <ele>28</ele>
        <time>2026-09-05T14:42:30.000Z</time>
        <extensions>
          <ns3:TrackPointExtension>
            <ns3:hr>144</ns3:hr>
          </ns3:TrackPointExtension>
        </extensions>
      </trkpt>
      <trkpt lat="51.92750324495136737823486328125" lon="6.24111304990947246551513671875">
        <ele>28</ele>
        <time>2026-09-05T14:42:35.000Z</time>
        <extensions>
          <ns3:TrackPointExtension>
            <ns3:hr>143</ns3:hr>
          </ns3:TrackPointExtension>
        </extensions>
      </trkpt>
      <trkpt lat="51.92742797546088695526123046875" lon="6.241229809820652008056640625">
        <ele>28.6000003814697265625</ele>
        <time>2026-09-05T14:42:46.000Z</time>
        <extensions>
          <ns3:TrackPointExtension>
            <ns3:hr>144</ns3:hr>
          </ns3:TrackPointExtension>
        </extensions>
      </trkpt>
      <trkpt lat="51.92741121165454387664794921875" lon="6.24125688336789608001708984375">
        <ele>28.799999237060546875</ele>
        <time>2026-09-05T14:42:48.000Z</time>
        <extensions>
          <ns3:TrackPointExtension>
            <ns3:hr>147</ns3:hr>
          </ns3:TrackPointExtension>
        </extensions>
      </trkpt>
      <trkpt lat="51.927371732890605926513671875" lon="6.24130784533917903900146484375">
        <ele>29.6000003814697265625</ele>
        <time>2026-09-05T14:42:53.000Z</time>
        <extensions>
          <ns3:TrackPointExtension>
            <ns3:hr>148</ns3:hr>
          </ns3:TrackPointExtension>
        </extensions>
      </trkpt>
      <trkpt lat="51.927349604666233062744140625" lon="6.24133634380996227264404296875">
        <ele>30</ele>
        <time>2026-09-05T14:42:56.000Z</time>
        <extensions>
          <ns3:TrackPointExtension>
            <ns3:hr>149</ns3:hr>
          </ns3:TrackPointExtension>
        </extensions>
      </trkpt>
      <trkpt lat="51.92730777896940708160400390625" lon="6.2414187379181385040283203125">
        <ele>30.6000003814697265625</ele>
        <time>2026-09-05T14:43:03.000Z</time>
        <extensions>
          <ns3:TrackPointExtension>
            <ns3:hr>152</ns3:hr>
          </ns3:TrackPointExtension>
        </extensions>
      </trkpt>
      <trkpt lat="51.9272910989820957183837890625" lon="6.241451092064380645751953125">
        <ele>30.6000003814697265625</ele>
        <time>2026-09-05T14:43:05.000Z</time>
        <extensions>
          <ns3:TrackPointExtension>
            <ns3:hr>155</ns3:hr>
          </ns3:TrackPointExtension>
        </extensions>
      </trkpt>
      <trkpt lat="51.927284896373748779296875" lon="6.24146257527172565460205078125">
        <ele>30.6000003814697265625</ele>
        <time>2026-09-05T14:43:06.000Z</time>
        <extensions>
          <ns3:TrackPointExtension>
            <ns3:hr>156</ns3:hr>
          </ns3:TrackPointExtension>
        </extensions>
      </trkpt>
      <trkpt lat="51.92726075649261474609375" lon="6.24148336239159107208251953125">
        <ele>30.799999237060546875</ele>
        <time>2026-09-05T14:43:13.000Z</time>
        <extensions>
          <ns3:TrackPointExtension>
            <ns3:hr>156</ns3:hr>
          </ns3:TrackPointExtension>
        </extensions>
      </trkpt>
      <trkpt lat="51.9272314198315143585205078125" lon="6.24154069460928440093994140625">
        <ele>30.799999237060546875</ele>
        <time>2026-09-05T14:43:20.000Z</time>
        <extensions>
          <ns3:TrackPointExtension>
            <ns3:hr>157</ns3:hr>
          </ns3:TrackPointExtension>
        </extensions>
      </trkpt>
      <trkpt lat="51.92717450670897960662841796875" lon="6.24160565435886383056640625">
        <ele>31.6000003814697265625</ele>
        <time>2026-09-05T14:43:27.000Z</time>
        <extensions>
          <ns3:TrackPointExtension>
            <ns3:hr>157</ns3:hr>
          </ns3:TrackPointExtension>
        </extensions>
      </trkpt>
      <trkpt lat="51.927132345736026763916015625" lon="6.24165594577789306640625">
        <ele>31.799999237060546875</ele>
        <time>2026-09-05T14:43:32.000Z</time>
        <extensions>
          <ns3:TrackPointExtension>
            <ns3:hr>158</ns3:hr>
          </ns3:TrackPointExtension>
        </extensions>
      </trkpt>
      <trkpt lat="51.92705548368394374847412109375" lon="6.241761557757854461669921875">
        <ele>31.799999237060546875</ele>
        <time>2026-09-05T14:43:42.000Z</time>
        <extensions>
          <ns3:TrackPointExtension>
            <ns3:hr>157</ns3:hr>
          </ns3:TrackPointExtension>
        </extensions>
      </trkpt>
      <trkpt lat="51.92701064050197601318359375" lon="6.24184311367571353912353515625">
        <ele>32.59999847412109375</ele>
        <time>2026-09-05T14:43:49.000Z</time>
        <extensions>
          <ns3:TrackPointExtension>
            <ns3:hr>158</ns3:hr>
          </ns3:TrackPointExtension>
        </extensions>
      </trkpt>
      <trkpt lat="51.92698381841182708740234375" lon="6.24189860187470912933349609375">
        <ele>32.40000152587890625</ele>
        <time>2026-09-05T14:43:53.000Z</time>
        <extensions>
          <ns3:TrackPointExtension>
            <ns3:hr>157</ns3:hr>
          </ns3:TrackPointExtension>
        </extensions>
      </trkpt>
      <trkpt lat="51.9269246421754360198974609375" lon="6.2420182116329669952392578125">
        <ele>32</ele>
        <time>2026-09-05T14:44:01.000Z</time>
        <extensions>
          <ns3:TrackPointExtension>
            <ns3:hr>155</ns3:hr>
          </ns3:TrackPointExtension>
        </extensions>
      </trkpt>
      <trkpt lat="51.926866471767425537109375" lon="6.24211728572845458984375">
        <ele>31.3999996185302734375</ele>
        <time>2026-09-05T14:44:09.000Z</time>
        <extensions>
          <ns3:TrackPointExtension>
            <ns3:hr>152</ns3:hr>
          </ns3:TrackPointExtension>
        </extensions>
      </trkpt>
      <trkpt lat="51.92685280926525592803955078125" lon="6.2421415932476520538330078125">
        <ele>31.200000762939453125</ele>
        <time>2026-09-05T14:44:11.000Z</time>
        <extensions>
          <ns3:TrackPointExtension>
            <ns3:hr>151</ns3:hr>
          </ns3:TrackPointExtension>
        </extensions>
      </trkpt>
      <trkpt lat="51.92679128609597682952880859375" lon="6.24225206673145294189453125">
        <ele>30.799999237060546875</ele>
        <time>2026-09-05T14:44:19.000Z</time>
        <extensions>
          <ns3:TrackPointExtension>
            <ns3:hr>148</ns3:hr>
          </ns3:TrackPointExtension>
        </extensions>
      </trkpt>
      <trkpt lat="51.92676178179681301116943359375" lon="6.242280900478363037109375">
        <ele>30.6000003814697265625</ele>
        <time>2026-09-05T14:44:22.000Z</time>
        <extensions>
          <ns3:TrackPointExtension>
            <ns3:hr>147</ns3:hr>
          </ns3:TrackPointExtension>
        </extensions>
      </trkpt>
      <trkpt lat="51.9267207942903041839599609375" lon="6.24230998568236827850341796875">
        <ele>30.6000003814697265625</ele>
        <time>2026-09-05T14:44:26.000Z</time>
        <extensions>
          <ns3:TrackPointExtension>
            <ns3:hr>144</ns3:hr>
          </ns3:TrackPointExtension>
        </extensions>
      </trkpt>
      <trkpt lat="51.92667134106159210205078125" lon="6.2423223070800304412841796875">
        <ele>30.3999996185302734375</ele>
        <time>2026-09-05T14:44:30.000Z</time>
        <extensions>
          <ns3:TrackPointExtension>
            <ns3:hr>144</ns3:hr>
          </ns3:TrackPointExtension>
        </extensions>
      </trkpt>
      <trkpt lat="51.9266383163630962371826171875" lon="6.24232809059321880340576171875">
        <ele>30.6000003814697265625</ele>
        <time>2026-09-05T14:44:33.000Z</time>
        <extensions>
          <ns3:TrackPointExtension>
            <ns3:hr>144</ns3:hr>
          </ns3:TrackPointExtension>
        </extensions>
      </trkpt>
      <trkpt lat="51.926543600857257843017578125" lon="6.24240939505398273468017578125">
        <ele>30.6000003814697265625</ele>
        <time>2026-09-05T14:44:44.000Z</time>
        <extensions>
          <ns3:TrackPointExtension>
            <ns3:hr>145</ns3:hr>
          </ns3:TrackPointExtension>
        </extensions>
      </trkpt>
      <trkpt lat="51.92648383788764476776123046875" lon="6.24249472282826900482177734375">
        <ele>30.200000762939453125</ele>
        <time>2026-09-05T14:44:53.000Z</time>
        <extensions>
          <ns3:TrackPointExtension>
            <ns3:hr>145</ns3:hr>
          </ns3:TrackPointExtension>
        </extensions>
      </trkpt>
      <trkpt lat="51.92645533941686153411865234375" lon="6.2425057031214237213134765625">
        <ele>30</ele>
        <time>2026-09-05T14:44:56.000Z</time>
        <extensions>
          <ns3:TrackPointExtension>
            <ns3:hr>142</ns3:hr>
          </ns3:TrackPointExtension>
        </extensions>
      </trkpt>
      <trkpt lat="51.92637621425092220306396484375" lon="6.242570914328098297119140625">
        <ele>29.799999237060546875</ele>
        <time>2026-09-05T14:45:02.000Z</time>
        <extensions>
          <ns3:TrackPointExtension>
            <ns3:hr>141</ns3:hr>
          </ns3:TrackPointExtension>
        </extensions>
      </trkpt>
      <trkpt lat="51.9263047166168689727783203125" lon="6.242656409740447998046875">
        <ele>29.3999996185302734375</ele>
        <time>2026-09-05T14:45:09.000Z</time>
        <extensions>
          <ns3:TrackPointExtension>
            <ns3:hr>141</ns3:hr>
          </ns3:TrackPointExtension>
        </extensions>
      </trkpt>
      <trkpt lat="51.926275379955768585205078125" lon="6.2426867522299289703369140625">
        <ele>29.6000003814697265625</ele>
        <time>2026-09-05T14:45:12.000Z</time>
        <extensions>
          <ns3:TrackPointExtension>
            <ns3:hr>141</ns3:hr>
          </ns3:TrackPointExtension>
        </extensions>
      </trkpt>
      <trkpt lat="51.92618359811604022979736328125" lon="6.24276210553944110870361328125">
        <ele>30.3999996185302734375</ele>
        <time>2026-09-05T14:45:23.000Z</time>
        <extensions>
          <ns3:TrackPointExtension>
            <ns3:hr>142</ns3:hr>
          </ns3:TrackPointExtension>
        </extensions>
      </trkpt>
      <trkpt lat="51.92608586512506008148193359375" lon="6.242892779409885406494140625">
        <ele>29.6000003814697265625</ele>
        <time>2026-09-05T14:45:34.000Z</time>
        <extensions>
          <ns3:TrackPointExtension>
            <ns3:hr>143</ns3:hr>
          </ns3:TrackPointExtension>
        </extensions>
      </trkpt>
      <trkpt lat="51.92599668167531490325927734375" lon="6.24297584407031536102294921875">
        <ele>30.200000762939453125</ele>
        <time>2026-09-05T14:45:43.000Z</time>
        <extensions>
          <ns3:TrackPointExtension>
            <ns3:hr>142</ns3:hr>
          </ns3:TrackPointExtension>
        </extensions>
      </trkpt>
      <trkpt lat="51.92595862783491611480712890625" lon="6.24299369752407073974609375">
        <ele>30.3999996185302734375</ele>
        <time>2026-09-05T14:45:47.000Z</time>
        <extensions>
          <ns3:TrackPointExtension>
            <ns3:hr>142</ns3:hr>
          </ns3:TrackPointExtension>
        </extensions>
      </trkpt>
      <trkpt lat="51.925892494618892669677734375" lon="6.24306402169167995452880859375">
        <ele>30.6000003814697265625</ele>
        <time>2026-09-05T14:45:53.000Z</time>
        <extensions>
          <ns3:TrackPointExtension>
            <ns3:hr>142</ns3:hr>
          </ns3:TrackPointExtension>
        </extensions>
      </trkpt>
      <trkpt lat="51.92581035196781158447265625" lon="6.24310500919818878173828125">
        <ele>31</ele>
        <time>2026-09-05T14:46:02.000Z</time>
        <extensions>
          <ns3:TrackPointExtension>
            <ns3:hr>143</ns3:hr>
          </ns3:TrackPointExtension>
        </extensions>
      </trkpt>
      <trkpt lat="51.9257466495037078857421875" lon="6.243038959801197052001953125">
        <ele>31.6000003814697265625</ele>
        <time>2026-09-05T14:46:10.000Z</time>
        <extensions>
          <ns3:TrackPointExtension>
            <ns3:hr>144</ns3:hr>
          </ns3:TrackPointExtension>
        </extensions>
      </trkpt>
      <trkpt lat="51.9256750680506229400634765625" lon="6.24295287765562534332275390625">
        <ele>32.40000152587890625</ele>
        <time>2026-09-05T14:46:19.000Z</time>
        <extensions>
          <ns3:TrackPointExtension>
            <ns3:hr>146</ns3:hr>
          </ns3:TrackPointExtension>
        </extensions>
      </trkpt>
      <trkpt lat="51.9256606511771678924560546875" lon="6.2429328449070453643798828125">
        <ele>32.59999847412109375</ele>
        <time>2026-09-05T14:46:21.000Z</time>
        <extensions>
          <ns3:TrackPointExtension>
            <ns3:hr>146</ns3:hr>
          </ns3:TrackPointExtension>
        </extensions>
      </trkpt>
      <trkpt lat="51.92563642747700214385986328125" lon="6.24286671169102191925048828125">
        <ele>33.200000762939453125</ele>
        <time>2026-09-05T14:46:25.000Z</time>
        <extensions>
          <ns3:TrackPointExtension>
            <ns3:hr>151</ns3:hr>
          </ns3:TrackPointExtension>
        </extensions>
      </trkpt>
      <trkpt lat="51.92561647854745388031005859375" lon="6.2428191863000392913818359375">
        <ele>33.59999847412109375</ele>
        <time>2026-09-05T14:46:28.000Z</time>
        <extensions>
          <ns3:TrackPointExtension>
            <ns3:hr>153</ns3:hr>
          </ns3:TrackPointExtension>
        </extensions>
      </trkpt>
      <trkpt lat="51.92560340277850627899169921875" lon="6.24278909526765346527099609375">
        <ele>34</ele>
        <time>2026-09-05T14:46:30.000Z</time>
        <extensions>
          <ns3:TrackPointExtension>
            <ns3:hr>156</ns3:hr>
          </ns3:TrackPointExtension>
        </extensions>
      </trkpt>
      <trkpt lat="51.925584711134433746337890625" lon="6.24274584464728832244873046875">
        <ele>34.799999237060546875</ele>
        <time>2026-09-05T14:46:34.000Z</time>
        <extensions>
          <ns3:TrackPointExtension>
            <ns3:hr>159</ns3:hr>
          </ns3:TrackPointExtension>
        </extensions>
      </trkpt>
      <trkpt lat="51.92557389847934246063232421875" lon="6.24270343221724033355712890625">
        <ele>35.40000152587890625</ele>
        <time>2026-09-05T14:46:38.000Z</time>
        <extensions>
          <ns3:TrackPointExtension>
            <ns3:hr>159</ns3:hr>
          </ns3:TrackPointExtension>
        </extensions>
      </trkpt>
      <trkpt lat="51.925558559596538543701171875" lon="6.2426555715501308441162109375">
        <ele>35.799999237060546875</ele>
        <time>2026-09-05T14:46:42.000Z</time>
        <extensions>
          <ns3:TrackPointExtension>
            <ns3:hr>161</ns3:hr>
          </ns3:TrackPointExtension>
        </extensions>
      </trkpt>
      <trkpt lat="51.92552008666098117828369140625" lon="6.2425982393324375152587890625">
        <ele>36.59999847412109375</ele>
        <time>2026-09-05T14:46:50.000Z</time>
        <extensions>
          <ns3:TrackPointExtension>
            <ns3:hr>162</ns3:hr>
          </ns3:TrackPointExtension>
        </extensions>
      </trkpt>
      <trkpt lat="51.92550583742558956146240234375" lon="6.24259212054312229156494140625">
        <ele>36.799999237060546875</ele>
        <time>2026-09-05T14:46:52.000Z</time>
        <extensions>
          <ns3:TrackPointExtension>
            <ns3:hr>164</ns3:hr>
          </ns3:TrackPointExtension>
        </extensions>
      </trkpt>
      <trkpt lat="51.92547868005931377410888671875" lon="6.24262128956615924835205078125">
        <ele>37.59999847412109375</ele>
        <time>2026-09-05T14:46:57.000Z</time>
        <extensions>
          <ns3:TrackPointExtension>
            <ns3:hr>166</ns3:hr>
          </ns3:TrackPointExtension>
        </extensions>
      </trkpt>
      <trkpt lat="51.92547013051807880401611328125" lon="6.24262799508869647979736328125">
        <ele>37.799999237060546875</ele>
        <time>2026-09-05T14:46:58.000Z</time>
        <extensions>
          <ns3:TrackPointExtension>
            <ns3:hr>166</ns3:hr>
          </ns3:TrackPointExtension>
        </extensions>
      </trkpt>
      <trkpt lat="51.92546510137617588043212890625" lon="6.2426351197063922882080078125">
        <ele>37.799999237060546875</ele>
        <time>2026-09-05T14:46:59.000Z</time>
        <extensions>
          <ns3:TrackPointExtension>
            <ns3:hr>166</ns3:hr>
          </ns3:TrackPointExtension>
        </extensions>
      </trkpt>
      <trkpt lat="51.92544045858085155487060546875" lon="6.2426389753818511962890625">
        <ele>38.799999237060546875</ele>
        <time>2026-09-05T14:47:05.000Z</time>
        <extensions>
          <ns3:TrackPointExtension>
            <ns3:hr>168</ns3:hr>
          </ns3:TrackPointExtension>
        </extensions>
      </trkpt>
      <trkpt lat="51.92543023265898227691650390625" lon="6.242639981210231781005859375">
        <ele>39</ele>
        <time>2026-09-05T14:47:06.000Z</time>
        <extensions>
          <ns3:TrackPointExtension>
            <ns3:hr>168</ns3:hr>
          </ns3:TrackPointExtension>
        </extensions>
      </trkpt>
      <trkpt lat="51.92541338503360748291015625" lon="6.24263771809637546539306640625">
        <ele>39.200000762939453125</ele>
        <time>2026-09-05T14:47:07.000Z</time>
        <extensions>
          <ns3:TrackPointExtension>
            <ns3:hr>169</ns3:hr>
          </ns3:TrackPointExtension>
        </extensions>
      </trkpt>
      <trkpt lat="51.9253092817962169647216796875" lon="6.24269991181790828704833984375">
        <ele>38.799999237060546875</ele>
        <time>2026-09-05T14:47:18.000Z</time>
        <extensions>
          <ns3:TrackPointExtension>
            <ns3:hr>169</ns3:hr>
          </ns3:TrackPointExtension>
        </extensions>
      </trkpt>
      <trkpt lat="51.92529981024563312530517578125" lon="6.24270510859787464141845703125">
        <ele>38.59999847412109375</ele>
        <time>2026-09-05T14:47:19.000Z</time>
        <extensions>
          <ns3:TrackPointExtension>
            <ns3:hr>169</ns3:hr>
          </ns3:TrackPointExtension>
        </extensions>
      </trkpt>
      <trkpt lat="51.9252278096973896026611328125" lon="6.242780126631259918212890625">
        <ele>37.799999237060546875</ele>
        <time>2026-09-05T14:47:28.000Z</time>
        <extensions>
          <ns3:TrackPointExtension>
            <ns3:hr>166</ns3:hr>
          </ns3:TrackPointExtension>
        </extensions>
      </trkpt>
      <trkpt lat="51.925211213529109954833984375" lon="6.24281130731105804443359375">
        <ele>37.799999237060546875</ele>
        <time>2026-09-05T14:47:30.000Z</time>
        <extensions>
          <ns3:TrackPointExtension>
            <ns3:hr>163</ns3:hr>
          </ns3:TrackPointExtension>
        </extensions>
      </trkpt>
      <trkpt lat="51.9251932762563228607177734375" lon="6.24286218546330928802490234375">
        <ele>37.799999237060546875</ele>
        <time>2026-09-05T14:47:34.000Z</time>
        <extensions>
          <ns3:TrackPointExtension>
            <ns3:hr>160</ns3:hr>
          </ns3:TrackPointExtension>
        </extensions>
      </trkpt>
      <trkpt lat="51.92516955547034740447998046875" lon="6.24289873056113719940185546875">
        <ele>38.200000762939453125</ele>
        <time>2026-09-05T14:47:37.000Z</time>
        <extensions>
          <ns3:TrackPointExtension>
            <ns3:hr>159</ns3:hr>
          </ns3:TrackPointExtension>
        </extensions>
      </trkpt>
      <trkpt lat="51.925125382840633392333984375" lon="6.2429697252810001373291015625">
        <ele>38.40000152587890625</ele>
        <time>2026-09-05T14:47:43.000Z</time>
        <extensions>
          <ns3:TrackPointExtension>
            <ns3:hr>156</ns3:hr>
          </ns3:TrackPointExtension>
        </extensions>
      </trkpt>
      <trkpt lat="51.92508925683796405792236328125" lon="6.2430344335734844207763671875">
        <ele>38.40000152587890625</ele>
        <time>2026-09-05T14:47:47.000Z</time>
        <extensions>
          <ns3:TrackPointExtension>
            <ns3:hr>154</ns3:hr>
          </ns3:TrackPointExtension>
        </extensions>
      </trkpt>
      <trkpt lat="51.92505933344364166259765625" lon="6.24310224317014217376708984375">
        <ele>38</ele>
        <time>2026-09-05T14:47:52.000Z</time>
        <extensions>
          <ns3:TrackPointExtension>
            <ns3:hr>151</ns3:hr>
          </ns3:TrackPointExtension>
        </extensions>
      </trkpt>
      <trkpt lat="51.9250263087451457977294921875" lon="6.2431427277624607086181640625">
        <ele>38</ele>
        <time>2026-09-05T14:47:56.000Z</time>
        <extensions>
          <ns3:TrackPointExtension>
            <ns3:hr>148</ns3:hr>
          </ns3:TrackPointExtension>
        </extensions>
      </trkpt>
      <trkpt lat="51.92493637092411518096923828125" lon="6.24325864948332309722900390625">
        <ele>38</ele>
        <time>2026-09-05T14:48:06.000Z</time>
        <extensions>
          <ns3:TrackPointExtension>
            <ns3:hr>149</ns3:hr>
          </ns3:TrackPointExtension>
        </extensions>
      </trkpt>
      <trkpt lat="51.924838721752166748046875" lon="6.24339460395276546478271484375">
        <ele>37.799999237060546875</ele>
        <time>2026-09-05T14:48:17.000Z</time>
        <extensions>
          <ns3:TrackPointExtension>
            <ns3:hr>147</ns3:hr>
          </ns3:TrackPointExtension>
        </extensions>
      </trkpt>
      <trkpt lat="51.92478197626769542694091796875" lon="6.2434575520455837249755859375">
        <ele>38.40000152587890625</ele>
        <time>2026-09-05T14:48:26.000Z</time>
        <extensions>
          <ns3:TrackPointExtension>
            <ns3:hr>145</ns3:hr>
          </ns3:TrackPointExtension>
        </extensions>
      </trkpt>
      <trkpt lat="51.9247604347765445709228515625" lon="6.243444643914699554443359375">
        <ele>38</ele>
        <time>2026-09-05T14:48:28.000Z</time>
        <extensions>
          <ns3:TrackPointExtension>
            <ns3:hr>142</ns3:hr>
          </ns3:TrackPointExtension>
        </extensions>
      </trkpt>
      <trkpt lat="51.92472665570676326751708984375" lon="6.243410445749759674072265625">
        <ele>37.799999237060546875</ele>
        <time>2026-09-05T14:48:33.000Z</time>
        <extensions>
          <ns3:TrackPointExtension>
            <ns3:hr>144</ns3:hr>
          </ns3:TrackPointExtension>
        </extensions>
      </trkpt>
      <trkpt lat="51.92470922134816646575927734375" lon="6.24341723509132862091064453125">
        <ele>38</ele>
        <time>2026-09-05T14:48:41.000Z</time>
        <extensions>
          <ns3:TrackPointExtension>
            <ns3:hr>143</ns3:hr>
          </ns3:TrackPointExtension>
        </extensions>
      </trkpt>
      <trkpt lat="51.9246397353708744049072265625" lon="6.2435038201510906219482421875">
        <ele>37.59999847412109375</ele>
        <time>2026-09-05T14:48:50.000Z</time>
        <extensions>
          <ns3:TrackPointExtension>
            <ns3:hr>143</ns3:hr>
          </ns3:TrackPointExtension>
        </extensions>
      </trkpt>
      <trkpt lat="51.92457075230777263641357421875" lon="6.24359476380050182342529296875">
        <ele>37.40000152587890625</ele>
        <time>2026-09-05T14:48:59.000Z</time>
        <extensions>
          <ns3:TrackPointExtension>
            <ns3:hr>143</ns3:hr>
          </ns3:TrackPointExtension>
        </extensions>
      </trkpt>
      <trkpt lat="51.9244590215384960174560546875" lon="6.243730969727039337158203125">
        <ele>37.200000762939453125</ele>
        <time>2026-09-05T14:49:10.000Z</time>
        <extensions>
          <ns3:TrackPointExtension>
            <ns3:hr>142</ns3:hr>
          </ns3:TrackPointExtension>
        </extensions>
      </trkpt>
      <trkpt lat="51.92434729076921939849853515625" lon="6.2438608892261981964111328125">
        <ele>38</ele>
        <time>2026-09-05T14:49:21.000Z</time>
        <extensions>
          <ns3:TrackPointExtension>
            <ns3:hr>141</ns3:hr>
          </ns3:TrackPointExtension>
        </extensions>
      </trkpt>
      <trkpt lat="51.9242974184453487396240234375" lon="6.2439242564141750335693359375">
        <ele>38.40000152587890625</ele>
        <time>2026-09-05T14:49:30.000Z</time>
        <extensions>
          <ns3:TrackPointExtension>
            <ns3:hr>141</ns3:hr>
          </ns3:TrackPointExtension>
        </extensions>
      </trkpt>
      <trkpt lat="51.92426933906972408294677734375" lon="6.24397345818579196929931640625">
        <ele>38</ele>
        <time>2026-09-05T14:49:39.000Z</time>
        <extensions>
          <ns3:TrackPointExtension>
            <ns3:hr>142</ns3:hr>
          </ns3:TrackPointExtension>
        </extensions>
      </trkpt>
      <trkpt lat="51.92424117587506771087646484375" lon="6.24408862553536891937255859375">
        <ele>37</ele>
        <time>2026-09-05T14:49:47.000Z</time>
        <extensions>
          <ns3:TrackPointExtension>
            <ns3:hr>141</ns3:hr>
          </ns3:TrackPointExtension>
        </extensions>
      </trkpt>
      <trkpt lat="51.9242390803992748260498046875" lon="6.24413036741316318511962890625">
        <ele>36.799999237060546875</ele>
        <time>2026-09-05T14:49:49.000Z</time>
        <extensions>
          <ns3:TrackPointExtension>
            <ns3:hr>141</ns3:hr>
          </ns3:TrackPointExtension>
        </extensions>
      </trkpt>
      <trkpt lat="51.9242427684366703033447265625" lon="6.24427420087158679962158203125">
        <ele>35.799999237060546875</ele>
        <time>2026-09-05T14:49:58.000Z</time>
        <extensions>
          <ns3:TrackPointExtension>
            <ns3:hr>141</ns3:hr>
          </ns3:TrackPointExtension>
        </extensions>
      </trkpt>
      <trkpt lat="51.92424167878925800323486328125" lon="6.24429163523018360137939453125">
        <ele>35.59999847412109375</ele>
        <time>2026-09-05T14:49:59.000Z</time>
        <extensions>
          <ns3:TrackPointExtension>
            <ns3:hr>141</ns3:hr>
          </ns3:TrackPointExtension>
        </extensions>
      </trkpt>
      <trkpt lat="51.9242162816226482391357421875" lon="6.2444187887012958526611328125">
        <ele>34.799999237060546875</ele>
        <time>2026-09-05T14:50:07.000Z</time>
        <extensions>
          <ns3:TrackPointExtension>
            <ns3:hr>140</ns3:hr>
          </ns3:TrackPointExtension>
        </extensions>
      </trkpt>
      <trkpt lat="51.92420144565403461456298828125" lon="6.24446899630129337310791015625">
        <ele>34.59999847412109375</ele>
        <time>2026-09-05T14:50:10.000Z</time>
        <extensions>
          <ns3:TrackPointExtension>
            <ns3:hr>139</ns3:hr>
          </ns3:TrackPointExtension>
        </extensions>
      </trkpt>
      <trkpt lat="51.92418082617223262786865234375" lon="6.24452884308993816375732421875">
        <ele>34.40000152587890625</ele>
        <time>2026-09-05T14:50:15.000Z</time>
        <extensions>
          <ns3:TrackPointExtension>
            <ns3:hr>138</ns3:hr>
          </ns3:TrackPointExtension>
        </extensions>
      </trkpt>
      <trkpt lat="51.924200691282749176025390625" lon="6.24458332546055316925048828125">
        <ele>33.799999237060546875</ele>
        <time>2026-09-05T14:50:23.000Z</time>
        <extensions>
          <ns3:TrackPointExtension>
            <ns3:hr>137</ns3:hr>
          </ns3:TrackPointExtension>
        </extensions>
      </trkpt>
      <trkpt lat="51.92421284504234790802001953125" lon="6.24461735598742961883544921875">
        <ele>33.59999847412109375</ele>
        <time>2026-09-05T14:50:26.000Z</time>
        <extensions>
          <ns3:TrackPointExtension>
            <ns3:hr>137</ns3:hr>
          </ns3:TrackPointExtension>
        </extensions>
      </trkpt>
      <trkpt lat="51.924258358776569366455078125" lon="6.24472129158675670623779296875">
        <ele>32.799999237060546875</ele>
        <time>2026-09-05T14:50:33.000Z</time>
        <extensions>
          <ns3:TrackPointExtension>
            <ns3:hr>134</ns3:hr>
          </ns3:TrackPointExtension>
        </extensions>
      </trkpt>
      <trkpt lat="51.92426615394651889801025390625" lon="6.2447332777082920074462890625">
        <ele>32.59999847412109375</ele>
        <time>2026-09-05T14:50:34.000Z</time>
        <extensions>
          <ns3:TrackPointExtension>
            <ns3:hr>133</ns3:hr>
          </ns3:TrackPointExtension>
        </extensions>
      </trkpt>
      <trkpt lat="51.92428040318191051483154296875" lon="6.24475515447556972503662109375">
        <ele>32.40000152587890625</ele>
        <time>2026-09-05T14:50:36.000Z</time>
        <extensions>
          <ns3:TrackPointExtension>
            <ns3:hr>131</ns3:hr>
          </ns3:TrackPointExtension>
        </extensions>
      </trkpt>
      <trkpt lat="51.92432264797389507293701171875" lon="6.24485246837139129638671875">
        <ele>31.799999237060546875</ele>
        <time>2026-09-05T14:50:44.000Z</time>
        <extensions>
          <ns3:TrackPointExtension>
            <ns3:hr>132</ns3:hr>
          </ns3:TrackPointExtension>
        </extensions>
      </trkpt>
      <trkpt lat="51.9243651442229747772216796875" lon="6.244933269917964935302734375">
        <ele>31.3999996185302734375</ele>
        <time>2026-09-05T14:50:49.000Z</time>
        <extensions>
          <ns3:TrackPointExtension>
            <ns3:hr>133</ns3:hr>
          </ns3:TrackPointExtension>
        </extensions>
      </trkpt>
      <trkpt lat="51.92440210841596126556396484375" lon="6.24497610144317150115966796875">
        <ele>30.799999237060546875</ele>
        <time>2026-09-05T14:50:54.000Z</time>
        <extensions>
          <ns3:TrackPointExtension>
            <ns3:hr>132</ns3:hr>
          </ns3:TrackPointExtension>
        </extensions>
      </trkpt>
      <trkpt lat="51.92442758940160274505615234375" lon="6.24500879086554050445556640625">
        <ele>30.200000762939453125</ele>
        <time>2026-09-05T14:50:58.000Z</time>
        <extensions>
          <ns3:TrackPointExtension>
            <ns3:hr>132</ns3:hr>
          </ns3:TrackPointExtension>
        </extensions>
      </trkpt>
      <trkpt lat="51.92446698434650897979736328125" lon="6.245073415338993072509765625">
        <ele>29.200000762939453125</ele>
        <time>2026-09-05T14:51:04.000Z</time>
        <extensions>
          <ns3:TrackPointExtension>
            <ns3:hr>131</ns3:hr>
          </ns3:TrackPointExtension>
        </extensions>
      </trkpt>
      <trkpt lat="51.9244771264493465423583984375" lon="6.24509747140109539031982421875">
        <ele>29</ele>
        <time>2026-09-05T14:51:05.000Z</time>
        <extensions>
          <ns3:TrackPointExtension>
            <ns3:hr>130</ns3:hr>
          </ns3:TrackPointExtension>
        </extensions>
      </trkpt>
      <trkpt lat="51.9245049543678760528564453125" lon="6.2452787719666957855224609375">
        <ele>28.200000762939453125</ele>
        <time>2026-09-05T14:51:14.000Z</time>
        <extensions>
          <ns3:TrackPointExtension>
            <ns3:hr>131</ns3:hr>
          </ns3:TrackPointExtension>
        </extensions>
      </trkpt>
      <trkpt lat="51.92445927299559116363525390625" lon="6.245329566299915313720703125">
        <ele>28.6000003814697265625</ele>
        <time>2026-09-05T14:51:19.000Z</time>
        <extensions>
          <ns3:TrackPointExtension>
            <ns3:hr>131</ns3:hr>
          </ns3:TrackPointExtension>
        </extensions>
      </trkpt>
      <trkpt lat="51.92441702820360660552978515625" lon="6.24534775502979755401611328125">
        <ele>28.6000003814697265625</ele>
        <time>2026-09-05T14:51:22.000Z</time>
        <extensions>
          <ns3:TrackPointExtension>
            <ns3:hr>131</ns3:hr>
          </ns3:TrackPointExtension>
        </extensions>
      </trkpt>
      <trkpt lat="51.9244090653955936431884765625" lon="6.24536619521677494049072265625">
        <ele>28.3999996185302734375</ele>
        <time>2026-09-05T14:51:28.000Z</time>
        <extensions>
          <ns3:TrackPointExtension>
            <ns3:hr>131</ns3:hr>
          </ns3:TrackPointExtension>
        </extensions>
      </trkpt>
      <trkpt lat="51.92433555610477924346923828125" lon="6.24538111500442028045654296875">
        <ele>28.799999237060546875</ele>
        <time>2026-09-05T14:51:35.000Z</time>
        <extensions>
          <ns3:TrackPointExtension>
            <ns3:hr>131</ns3:hr>
          </ns3:TrackPointExtension>
        </extensions>
      </trkpt>
      <trkpt lat="51.92427881062030792236328125" lon="6.2454319931566715240478515625">
        <ele>29</ele>
        <time>2026-09-05T14:51:41.000Z</time>
        <extensions>
          <ns3:TrackPointExtension>
            <ns3:hr>135</ns3:hr>
          </ns3:TrackPointExtension>
        </extensions>
      </trkpt>
      <trkpt lat="51.9242591969668865203857421875" lon="6.245457641780376434326171875">
        <ele>29</ele>
        <time>2026-09-05T14:51:43.000Z</time>
        <extensions>
          <ns3:TrackPointExtension>
            <ns3:hr>136</ns3:hr>
          </ns3:TrackPointExtension>
        </extensions>
      </trkpt>
      <trkpt lat="51.924203373491764068603515625" lon="6.24553584493696689605712890625">
        <ele>29</ele>
        <time>2026-09-05T14:51:50.000Z</time>
        <extensions>
          <ns3:TrackPointExtension>
            <ns3:hr>138</ns3:hr>
          </ns3:TrackPointExtension>
        </extensions>
      </trkpt>
      <trkpt lat="51.92409080453217029571533203125" lon="6.2456311471760272979736328125">
        <ele>29.3999996185302734375</ele>
        <time>2026-09-05T14:52:02.000Z</time>
        <extensions>
          <ns3:TrackPointExtension>
            <ns3:hr>140</ns3:hr>
          </ns3:TrackPointExtension>
        </extensions>
      </trkpt>
      <trkpt lat="51.9239772297441959381103515625" lon="6.2457449734210968017578125">
        <ele>29</ele>
        <time>2026-09-05T14:52:13.000Z</time>
        <extensions>
          <ns3:TrackPointExtension>
            <ns3:hr>140</ns3:hr>
          </ns3:TrackPointExtension>
        </extensions>
      </trkpt>
      <trkpt lat="51.923956610262393951416015625" lon="6.2457610666751861572265625">
        <ele>29</ele>
        <time>2026-09-05T14:52:20.000Z</time>
        <extensions>
          <ns3:TrackPointExtension>
            <ns3:hr>141</ns3:hr>
          </ns3:TrackPointExtension>
        </extensions>
      </trkpt>
      <trkpt lat="51.9238890521228313446044921875" lon="6.24583289958536624908447265625">
        <ele>29.200000762939453125</ele>
        <time>2026-09-05T14:52:28.000Z</time>
        <extensions>
          <ns3:TrackPointExtension>
            <ns3:hr>142</ns3:hr>
          </ns3:TrackPointExtension>
        </extensions>
      </trkpt>
      <trkpt lat="51.9237981922924518585205078125" lon="6.24590984545648097991943359375">
        <ele>29.799999237060546875</ele>
        <time>2026-09-05T14:52:38.000Z</time>
        <extensions>
          <ns3:TrackPointExtension>
            <ns3:hr>142</ns3:hr>
          </ns3:TrackPointExtension>
        </extensions>
      </trkpt>
      <trkpt lat="51.92368562333285808563232421875" lon="6.246014535427093505859375">
        <ele>28.799999237060546875</ele>
        <time>2026-09-05T14:52:49.000Z</time>
        <extensions>
          <ns3:TrackPointExtension>
            <ns3:hr>142</ns3:hr>
          </ns3:TrackPointExtension>
        </extensions>
      </trkpt>
      <trkpt lat="51.92360281012952327728271484375" lon="6.2460730411112308502197265625">
        <ele>28.3999996185302734375</ele>
        <time>2026-09-05T14:52:57.000Z</time>
        <extensions>
          <ns3:TrackPointExtension>
            <ns3:hr>141</ns3:hr>
          </ns3:TrackPointExtension>
        </extensions>
      </trkpt>
      <trkpt lat="51.923581771552562713623046875" lon="6.24608670361340045928955078125">
        <ele>29</ele>
        <time>2026-09-05T14:53:02.000Z</time>
        <extensions>
          <ns3:TrackPointExtension>
            <ns3:hr>141</ns3:hr>
          </ns3:TrackPointExtension>
        </extensions>
      </trkpt>
      <trkpt lat="51.92355000413954257965087890625" lon="6.24611235223710536956787109375">
        <ele>29.3999996185302734375</ele>
        <time>2026-09-05T14:53:09.000Z</time>
        <extensions>
          <ns3:TrackPointExtension>
            <ns3:hr>141</ns3:hr>
          </ns3:TrackPointExtension>
        </extensions>
      </trkpt>
      <trkpt lat="51.92344623617827892303466796875" lon="6.24619147740304470062255859375">
        <ele>29.200000762939453125</ele>
        <time>2026-09-05T14:53:19.000Z</time>
        <extensions>
          <ns3:TrackPointExtension>
            <ns3:hr>141</ns3:hr>
          </ns3:TrackPointExtension>
        </extensions>
      </trkpt>
      <trkpt lat="51.9233251176774501800537109375" lon="6.246275715529918670654296875">
        <ele>28.799999237060546875</ele>
        <time>2026-09-05T14:53:30.000Z</time>
        <extensions>
          <ns3:TrackPointExtension>
            <ns3:hr>142</ns3:hr>
          </ns3:TrackPointExtension>
        </extensions>
      </trkpt>
      <trkpt lat="51.9231822900474071502685546875" lon="6.2463818304240703582763671875">
        <ele>28.200000762939453125</ele>
        <time>2026-09-05T14:53:44.000Z</time>
        <extensions>
          <ns3:TrackPointExtension>
            <ns3:hr>143</ns3:hr>
          </ns3:TrackPointExtension>
        </extensions>
      </trkpt>
      <trkpt lat="51.92306854762136936187744140625" lon="6.2464629672467708587646484375">
        <ele>28.200000762939453125</ele>
        <time>2026-09-05T14:53:55.000Z</time>
        <extensions>
          <ns3:TrackPointExtension>
            <ns3:hr>144</ns3:hr>
          </ns3:TrackPointExtension>
        </extensions>
      </trkpt>
      <trkpt lat="51.9229596666991710662841796875" lon="6.24655156396329402923583984375">
        <ele>28.3999996185302734375</ele>
        <time>2026-09-05T14:54:06.000Z</time>
        <extensions>
          <ns3:TrackPointExtension>
            <ns3:hr>145</ns3:hr>
          </ns3:TrackPointExtension>
        </extensions>
      </trkpt>
      <trkpt lat="51.92286872304975986480712890625" lon="6.24661074019968509674072265625">
        <ele>28.3999996185302734375</ele>
        <time>2026-09-05T14:54:14.000Z</time>
        <extensions>
          <ns3:TrackPointExtension>
            <ns3:hr>144</ns3:hr>
          </ns3:TrackPointExtension>
        </extensions>
      </trkpt>
      <trkpt lat="51.92281273193657398223876953125" lon="6.2465390749275684356689453125">
        <ele>28.799999237060546875</ele>
        <time>2026-09-05T14:54:21.000Z</time>
        <extensions>
          <ns3:TrackPointExtension>
            <ns3:hr>146</ns3:hr>
          </ns3:TrackPointExtension>
        </extensions>
      </trkpt>
      <trkpt lat="51.9227574951946735382080078125" lon="6.2464270927011966705322265625">
        <ele>28.200000762939453125</ele>
        <time>2026-09-05T14:54:30.000Z</time>
        <extensions>
          <ns3:TrackPointExtension>
            <ns3:hr>147</ns3:hr>
          </ns3:TrackPointExtension>
        </extensions>
      </trkpt>
      <trkpt lat="51.92267644219100475311279296875" lon="6.2462986819446086883544921875">
        <ele>28.3999996185302734375</ele>
        <time>2026-09-05T14:54:41.000Z</time>
        <extensions>
          <ns3:TrackPointExtension>
            <ns3:hr>148</ns3:hr>
          </ns3:TrackPointExtension>
        </extensions>
      </trkpt>
      <trkpt lat="51.92263352684676647186279296875" lon="6.246218048036098480224609375">
        <ele>29.200000762939453125</ele>
        <time>2026-09-05T14:54:47.000Z</time>
        <extensions>
          <ns3:TrackPointExtension>
            <ns3:hr>148</ns3:hr>
          </ns3:TrackPointExtension>
        </extensions>
      </trkpt>
      <trkpt lat="51.9226056151092052459716796875" lon="6.24615359120070934295654296875">
        <ele>29.3999996185302734375</ele>
        <time>2026-09-05T14:54:52.000Z</time>
        <extensions>
          <ns3:TrackPointExtension>
            <ns3:hr>150</ns3:hr>
          </ns3:TrackPointExtension>
        </extensions>
      </trkpt>
      <trkpt lat="51.92258340306580066680908203125" lon="6.24610505998134613037109375">
        <ele>29.799999237060546875</ele>
        <time>2026-09-05T14:54:56.000Z</time>
        <extensions>
          <ns3:TrackPointExtension>
            <ns3:hr>153</ns3:hr>
          </ns3:TrackPointExtension>
        </extensions>
      </trkpt>
      <trkpt lat="51.922561191022396087646484375" lon="6.2460566125810146331787109375">
        <ele>30.200000762939453125</ele>
        <time>2026-09-05T14:55:00.000Z</time>
        <extensions>
          <ns3:TrackPointExtension>
            <ns3:hr>154</ns3:hr>
          </ns3:TrackPointExtension>
        </extensions>
      </trkpt>
      <trkpt lat="51.92255423404276371002197265625" lon="6.2460395134985446929931640625">
        <ele>30.3999996185302734375</ele>
        <time>2026-09-05T14:55:01.000Z</time>
        <extensions>
          <ns3:TrackPointExtension>
            <ns3:hr>154</ns3:hr>
          </ns3:TrackPointExtension>
        </extensions>
      </trkpt>
      <trkpt lat="51.9224862568080425262451171875" lon="6.2459003739058971405029296875">
        <ele>29.799999237060546875</ele>
        <time>2026-09-05T14:55:12.000Z</time>
        <extensions>
          <ns3:TrackPointExtension>
            <ns3:hr>155</ns3:hr>
          </ns3:TrackPointExtension>
        </extensions>
      </trkpt>
      <trkpt lat="51.9224631227552890777587890625" lon="6.2458463944494724273681640625">
        <ele>30.3999996185302734375</ele>
        <time>2026-09-05T14:55:20.000Z</time>
        <extensions>
          <ns3:TrackPointExtension>
            <ns3:hr>156</ns3:hr>
          </ns3:TrackPointExtension>
        </extensions>
      </trkpt>
      <trkpt lat="51.9224550761282444000244140625" lon="6.2458200752735137939453125">
        <ele>30.799999237060546875</ele>
        <time>2026-09-05T14:55:29.000Z</time>
        <extensions>
          <ns3:TrackPointExtension>
            <ns3:hr>157</ns3:hr>
          </ns3:TrackPointExtension>
        </extensions>
      </trkpt>
      <trkpt lat="51.92240931093692779541015625" lon="6.24573064036667346954345703125">
        <ele>31.200000762939453125</ele>
        <time>2026-09-05T14:55:38.000Z</time>
        <extensions>
          <ns3:TrackPointExtension>
            <ns3:hr>156</ns3:hr>
          </ns3:TrackPointExtension>
        </extensions>
      </trkpt>
      <trkpt lat="51.92240218631923198699951171875" lon="6.24571722932159900665283203125">
        <ele>31.200000762939453125</ele>
        <time>2026-09-05T14:55:40.000Z</time>
        <extensions>
          <ns3:TrackPointExtension>
            <ns3:hr>156</ns3:hr>
          </ns3:TrackPointExtension>
        </extensions>
      </trkpt>
      <trkpt lat="51.92237083800137042999267578125" lon="6.24563693068921566009521484375">
        <ele>31.6000003814697265625</ele>
        <time>2026-09-05T14:55:46.000Z</time>
        <extensions>
          <ns3:TrackPointExtension>
            <ns3:hr>156</ns3:hr>
          </ns3:TrackPointExtension>
        </extensions>
      </trkpt>
      <trkpt lat="51.92232993431389331817626953125" lon="6.24553936533629894256591796875">
        <ele>32</ele>
        <time>2026-09-05T14:55:55.000Z</time>
        <extensions>
          <ns3:TrackPointExtension>
            <ns3:hr>156</ns3:hr>
          </ns3:TrackPointExtension>
        </extensions>
      </trkpt>
      <trkpt lat="51.9223162718117237091064453125" lon="6.2455161474645137786865234375">
        <ele>32.200000762939453125</ele>
        <time>2026-09-05T14:55:57.000Z</time>
        <extensions>
          <ns3:TrackPointExtension>
            <ns3:hr>156</ns3:hr>
          </ns3:TrackPointExtension>
        </extensions>
      </trkpt>
      <trkpt lat="51.92225600592792034149169921875" lon="6.24540098011493682861328125">
        <ele>33.200000762939453125</ele>
        <time>2026-09-05T14:56:06.000Z</time>
        <extensions>
          <ns3:TrackPointExtension>
            <ns3:hr>157</ns3:hr>
          </ns3:TrackPointExtension>
        </extensions>
      </trkpt>
      <trkpt lat="51.9222475402057170867919921875" lon="6.24538849107921123504638671875">
        <ele>33.40000152587890625</ele>
        <time>2026-09-05T14:56:07.000Z</time>
        <extensions>
          <ns3:TrackPointExtension>
            <ns3:hr>157</ns3:hr>
          </ns3:TrackPointExtension>
        </extensions>
      </trkpt>
      <trkpt lat="51.9222187064588069915771484375" lon="6.24533048830926418304443359375">
        <ele>34</ele>
        <time>2026-09-05T14:56:14.000Z</time>
        <extensions>
          <ns3:TrackPointExtension>
            <ns3:hr>158</ns3:hr>
          </ns3:TrackPointExtension>
        </extensions>
      </trkpt>
      <trkpt lat="51.92219682969152927398681640625" lon="6.24524532817304134368896484375">
        <ele>34.40000152587890625</ele>
        <time>2026-09-05T14:56:20.000Z</time>
        <extensions>
          <ns3:TrackPointExtension>
            <ns3:hr>158</ns3:hr>
          </ns3:TrackPointExtension>
        </extensions>
      </trkpt>
      <trkpt lat="51.92219112999737262725830078125" lon="6.24522336758673191070556640625">
        <ele>34.59999847412109375</ele>
        <time>2026-09-05T14:56:22.000Z</time>
        <extensions>
          <ns3:TrackPointExtension>
            <ns3:hr>159</ns3:hr>
          </ns3:TrackPointExtension>
        </extensions>
      </trkpt>
      <trkpt lat="51.9221372343599796295166015625" lon="6.24511557631194591522216796875">
        <ele>35.200000762939453125</ele>
        <time>2026-09-05T14:56:31.000Z</time>
        <extensions>
          <ns3:TrackPointExtension>
            <ns3:hr>161</ns3:hr>
          </ns3:TrackPointExtension>
        </extensions>
      </trkpt>
      <trkpt lat="51.92209591157734394073486328125" lon="6.24504424631595611572265625">
        <ele>35.59999847412109375</ele>
        <time>2026-09-05T14:56:36.000Z</time>
        <extensions>
          <ns3:TrackPointExtension>
            <ns3:hr>162</ns3:hr>
          </ns3:TrackPointExtension>
        </extensions>
      </trkpt>
      <trkpt lat="51.9220733642578125" lon="6.2450041808187961578369140625">
        <ele>35.799999237060546875</ele>
        <time>2026-09-05T14:56:39.000Z</time>
        <extensions>
          <ns3:TrackPointExtension>
            <ns3:hr>163</ns3:hr>
          </ns3:TrackPointExtension>
        </extensions>
      </trkpt>
      <trkpt lat="51.922008655965328216552734375" lon="6.24486143700778484344482421875">
        <ele>36.59999847412109375</ele>
        <time>2026-09-05T14:56:51.000Z</time>
        <extensions>
          <ns3:TrackPointExtension>
            <ns3:hr>164</ns3:hr>
          </ns3:TrackPointExtension>
        </extensions>
      </trkpt>
      <trkpt lat="51.9220051355659961700439453125" lon="6.2448556534945964813232421875">
        <ele>36.59999847412109375</ele>
        <time>2026-09-05T14:56:52.000Z</time>
        <extensions>
          <ns3:TrackPointExtension>
            <ns3:hr>164</ns3:hr>
          </ns3:TrackPointExtension>
        </extensions>
      </trkpt>
      <trkpt lat="51.921987198293209075927734375" lon="6.244767643511295318603515625">
        <ele>37.40000152587890625</ele>
        <time>2026-09-05T14:57:00.000Z</time>
        <extensions>
          <ns3:TrackPointExtension>
            <ns3:hr>165</ns3:hr>
          </ns3:TrackPointExtension>
        </extensions>
      </trkpt>
      <trkpt lat="51.921984516084194183349609375" lon="6.24476169236004352569580078125">
        <ele>37.59999847412109375</ele>
        <time>2026-09-05T14:57:01.000Z</time>
        <extensions>
          <ns3:TrackPointExtension>
            <ns3:hr>166</ns3:hr>
          </ns3:TrackPointExtension>
        </extensions>
      </trkpt>
      <trkpt lat="51.92196012474596500396728515625" lon="6.24463613145053386688232421875">
        <ele>38.59999847412109375</ele>
        <time>2026-09-05T14:57:11.000Z</time>
        <extensions>
          <ns3:TrackPointExtension>
            <ns3:hr>167</ns3:hr>
          </ns3:TrackPointExtension>
        </extensions>
      </trkpt>
      <trkpt lat="51.9219206459820270538330078125" lon="6.24452515505254268646240234375">
        <ele>39.59999847412109375</ele>
        <time>2026-09-05T14:57:21.000Z</time>
        <extensions>
          <ns3:TrackPointExtension>
            <ns3:hr>168</ns3:hr>
          </ns3:TrackPointExtension>
        </extensions>
      </trkpt>
      <trkpt lat="51.92190639674663543701171875" lon="6.24440881423652172088623046875">
        <ele>40.40000152587890625</ele>
        <time>2026-09-05T14:57:30.000Z</time>
        <extensions>
          <ns3:TrackPointExtension>
            <ns3:hr>169</ns3:hr>
          </ns3:TrackPointExtension>
        </extensions>
      </trkpt>
      <trkpt lat="51.92190815694630146026611328125" lon="6.24438283033668994903564453125">
        <ele>40.59999847412109375</ele>
        <time>2026-09-05T14:57:33.000Z</time>
        <extensions>
          <ns3:TrackPointExtension>
            <ns3:hr>170</ns3:hr>
          </ns3:TrackPointExtension>
        </extensions>
      </trkpt>
      <trkpt lat="51.921896003186702728271484375" lon="6.2442830018699169158935546875">
        <ele>41.59999847412109375</ele>
        <time>2026-09-05T14:57:40.000Z</time>
        <extensions>
          <ns3:TrackPointExtension>
            <ns3:hr>170</ns3:hr>
          </ns3:TrackPointExtension>
        </extensions>
      </trkpt>
      <trkpt lat="51.921891309320926666259765625" lon="6.24425793997943401336669921875">
        <ele>41.799999237060546875</ele>
        <time>2026-09-05T14:57:41.000Z</time>
        <extensions>
          <ns3:TrackPointExtension>
            <ns3:hr>170</ns3:hr>
          </ns3:TrackPointExtension>
        </extensions>
      </trkpt>
      <trkpt lat="51.92187018692493438720703125" lon="6.24416171573102474212646484375">
        <ele>42.59999847412109375</ele>
        <time>2026-09-05T14:57:49.000Z</time>
        <extensions>
          <ns3:TrackPointExtension>
            <ns3:hr>171</ns3:hr>
          </ns3:TrackPointExtension>
        </extensions>
      </trkpt>
      <trkpt lat="51.9218643195927143096923828125" lon="6.244088374078273773193359375">
        <ele>42.59999847412109375</ele>
        <time>2026-09-05T14:57:59.000Z</time>
        <extensions>
          <ns3:TrackPointExtension>
            <ns3:hr>171</ns3:hr>
          </ns3:TrackPointExtension>
        </extensions>
      </trkpt>
      <trkpt lat="51.9218646548688411712646484375" lon="6.24408577568829059600830078125">
        <ele>42.799999237060546875</ele>
        <time>2026-09-05T14:58:00.000Z</time>
        <extensions>
          <ns3:TrackPointExtension>
            <ns3:hr>171</ns3:hr>
          </ns3:TrackPointExtension>
        </extensions>
      </trkpt>
      <trkpt lat="51.92183624021708965301513671875" lon="6.244034059345722198486328125">
        <ele>42.799999237060546875</ele>
        <time>2026-09-05T14:58:05.000Z</time>
        <extensions>
          <ns3:TrackPointExtension>
            <ns3:hr>168</ns3:hr>
          </ns3:TrackPointExtension>
        </extensions>
      </trkpt>
      <trkpt lat="51.9218203984200954437255859375" lon="6.2440043874084949493408203125">
        <ele>42.799999237060546875</ele>
        <time>2026-09-05T14:58:07.000Z</time>
        <extensions>
          <ns3:TrackPointExtension>
            <ns3:hr>166</ns3:hr>
          </ns3:TrackPointExtension>
        </extensions>
      </trkpt>
      <trkpt lat="51.9217850267887115478515625" lon="6.243906319141387939453125">
        <ele>42.200000762939453125</ele>
        <time>2026-09-05T14:58:14.000Z</time>
        <extensions>
          <ns3:TrackPointExtension>
            <ns3:hr>163</ns3:hr>
          </ns3:TrackPointExtension>
        </extensions>
      </trkpt>
      <trkpt lat="51.92177723161876201629638671875" lon="6.24387958087027072906494140625">
        <ele>42.200000762939453125</ele>
        <time>2026-09-05T14:58:16.000Z</time>
        <extensions>
          <ns3:TrackPointExtension>
            <ns3:hr>163</ns3:hr>
          </ns3:TrackPointExtension>
        </extensions>
      </trkpt>
      <trkpt lat="51.9217617250978946685791015625" lon="6.24383582733571529388427734375">
        <ele>42.40000152587890625</ele>
        <time>2026-09-05T14:58:22.000Z</time>
        <extensions>
          <ns3:TrackPointExtension>
            <ns3:hr>160</ns3:hr>
          </ns3:TrackPointExtension>
        </extensions>
      </trkpt>
      <trkpt lat="51.9217590428888797760009765625" lon="6.24382040463387966156005859375">
        <ele>42.40000152587890625</ele>
        <time>2026-09-05T14:58:23.000Z</time>
        <extensions>
          <ns3:TrackPointExtension>
            <ns3:hr>160</ns3:hr>
          </ns3:TrackPointExtension>
        </extensions>
      </trkpt>
      <trkpt lat="51.9217312149703502655029296875" lon="6.24375653453171253204345703125">
        <ele>42.40000152587890625</ele>
        <time>2026-09-05T14:58:31.000Z</time>
        <extensions>
          <ns3:TrackPointExtension>
            <ns3:hr>157</ns3:hr>
          </ns3:TrackPointExtension>
        </extensions>
      </trkpt>
      <trkpt lat="51.92169944755733013153076171875" lon="6.24379173852503299713134765625">
        <ele>42.799999237060546875</ele>
        <time>2026-09-05T14:58:36.000Z</time>
        <extensions>
          <ns3:TrackPointExtension>
            <ns3:hr>154</ns3:hr>
          </ns3:TrackPointExtension>
        </extensions>
      </trkpt>
      <trkpt lat="51.9216812588274478912353515625" lon="6.24382250010967254638671875">
        <ele>43.40000152587890625</ele>
        <time>2026-09-05T14:58:40.000Z</time>
        <extensions>
          <ns3:TrackPointExtension>
            <ns3:hr>154</ns3:hr>
          </ns3:TrackPointExtension>
        </extensions>
      </trkpt>
      <trkpt lat="51.9216571189463138580322265625" lon="6.2438484840095043182373046875">
        <ele>43.799999237060546875</ele>
        <time>2026-09-05T14:58:44.000Z</time>
        <extensions>
          <ns3:TrackPointExtension>
            <ns3:hr>154</ns3:hr>
          </ns3:TrackPointExtension>
        </extensions>
      </trkpt>
      <trkpt lat="51.9216155447065830230712890625" lon="6.2438739649951457977294921875">
        <ele>44.59999847412109375</ele>
        <time>2026-09-05T14:58:51.000Z</time>
        <extensions>
          <ns3:TrackPointExtension>
            <ns3:hr>156</ns3:hr>
          </ns3:TrackPointExtension>
        </extensions>
      </trkpt>
      <trkpt lat="51.92161043174564838409423828125" lon="6.243879497051239013671875">
        <ele>44.799999237060546875</ele>
        <time>2026-09-05T14:58:52.000Z</time>
        <extensions>
          <ns3:TrackPointExtension>
            <ns3:hr>156</ns3:hr>
          </ns3:TrackPointExtension>
        </extensions>
      </trkpt>
      <trkpt lat="51.921580173075199127197265625" lon="6.24390807934105396270751953125">
        <ele>46</ele>
        <time>2026-09-05T14:58:59.000Z</time>
        <extensions>
          <ns3:TrackPointExtension>
            <ns3:hr>158</ns3:hr>
          </ns3:TrackPointExtension>
        </extensions>
      </trkpt>
      <trkpt lat="51.921566091477870941162109375" lon="6.2439014576375484466552734375">
        <ele>46.40000152587890625</ele>
        <time>2026-09-05T14:59:02.000Z</time>
        <extensions>
          <ns3:TrackPointExtension>
            <ns3:hr>159</ns3:hr>
          </ns3:TrackPointExtension>
        </extensions>
      </trkpt>
      <trkpt lat="51.9215273670852184295654296875" lon="6.24392501078546047210693359375">
        <ele>46.799999237060546875</ele>
        <time>2026-09-05T14:59:08.000Z</time>
        <extensions>
          <ns3:TrackPointExtension>
            <ns3:hr>162</ns3:hr>
          </ns3:TrackPointExtension>
        </extensions>
      </trkpt>
      <trkpt lat="51.92152074538171291351318359375" lon="6.24393205158412456512451171875">
        <ele>47</ele>
        <time>2026-09-05T14:59:09.000Z</time>
        <extensions>
          <ns3:TrackPointExtension>
            <ns3:hr>162</ns3:hr>
          </ns3:TrackPointExtension>
        </extensions>
      </trkpt>
      <trkpt lat="51.9215022213757038116455078125" lon="6.24395661056041717529296875">
        <ele>47.200000762939453125</ele>
        <time>2026-09-05T14:59:12.000Z</time>
        <extensions>
          <ns3:TrackPointExtension>
            <ns3:hr>162</ns3:hr>
          </ns3:TrackPointExtension>
        </extensions>
      </trkpt>
      <trkpt lat="51.92145436070859432220458984375" lon="6.2440023757517337799072265625">
        <ele>48.200000762939453125</ele>
        <time>2026-09-05T14:59:19.000Z</time>
        <extensions>
          <ns3:TrackPointExtension>
            <ns3:hr>164</ns3:hr>
          </ns3:TrackPointExtension>
        </extensions>
      </trkpt>
      <trkpt lat="51.92143022082746028900146484375" lon="6.24402777291834354400634765625">
        <ele>48.59999847412109375</ele>
        <time>2026-09-05T14:59:22.000Z</time>
        <extensions>
          <ns3:TrackPointExtension>
            <ns3:hr>164</ns3:hr>
          </ns3:TrackPointExtension>
        </extensions>
      </trkpt>
      <trkpt lat="51.9214080087840557098388671875" lon="6.24404319562017917633056640625">
        <ele>49.200000762939453125</ele>
        <time>2026-09-05T14:59:26.000Z</time>
        <extensions>
          <ns3:TrackPointExtension>
            <ns3:hr>165</ns3:hr>
          </ns3:TrackPointExtension>
        </extensions>
      </trkpt>
      <trkpt lat="51.9213684462010860443115234375" lon="6.24407689087092876434326171875">
        <ele>49</ele>
        <time>2026-09-05T14:59:32.000Z</time>
        <extensions>
          <ns3:TrackPointExtension>
            <ns3:hr>166</ns3:hr>
          </ns3:TrackPointExtension>
        </extensions>
      </trkpt>
      <trkpt lat="51.9212970323860645294189453125" lon="6.2441904656589031219482421875">
        <ele>49.59999847412109375</ele>
        <time>2026-09-05T14:59:44.000Z</time>
        <extensions>
          <ns3:TrackPointExtension>
            <ns3:hr>167</ns3:hr>
          </ns3:TrackPointExtension>
        </extensions>
      </trkpt>
      <trkpt lat="51.9212708808481693267822265625" lon="6.24419038183987140655517578125">
        <ele>50.200000762939453125</ele>
        <time>2026-09-05T14:59:49.000Z</time>
        <extensions>
          <ns3:TrackPointExtension>
            <ns3:hr>166</ns3:hr>
          </ns3:TrackPointExtension>
        </extensions>
      </trkpt>
      <trkpt lat="51.92124565131962299346923828125" lon="6.24419976957142353057861328125">
        <ele>50.799999237060546875</ele>
        <time>2026-09-05T14:59:53.000Z</time>
        <extensions>
          <ns3:TrackPointExtension>
            <ns3:hr>166</ns3:hr>
          </ns3:TrackPointExtension>
        </extensions>
      </trkpt>
      <trkpt lat="51.921220757067203521728515625" lon="6.2442313693463802337646484375">
        <ele>51.40000152587890625</ele>
        <time>2026-09-05T14:59:57.000Z</time>
        <extensions>
          <ns3:TrackPointExtension>
            <ns3:hr>166</ns3:hr>
          </ns3:TrackPointExtension>
        </extensions>
      </trkpt>
      <trkpt lat="51.92118597216904163360595703125" lon="6.2442481331527233123779296875">
        <ele>52.200000762939453125</ele>
        <time>2026-09-05T15:00:02.000Z</time>
        <extensions>
          <ns3:TrackPointExtension>
            <ns3:hr>167</ns3:hr>
          </ns3:TrackPointExtension>
        </extensions>
      </trkpt>
      <trkpt lat="51.9211702980101108551025390625" lon="6.244243271648883819580078125">
        <ele>52.40000152587890625</ele>
        <time>2026-09-05T15:00:04.000Z</time>
        <extensions>
          <ns3:TrackPointExtension>
            <ns3:hr>167</ns3:hr>
          </ns3:TrackPointExtension>
        </extensions>
      </trkpt>
      <trkpt lat="51.92113970406353473663330078125" lon="6.24422625638544559478759765625">
        <ele>52.799999237060546875</ele>
        <time>2026-09-05T15:00:12.000Z</time>
        <extensions>
          <ns3:TrackPointExtension>
            <ns3:hr>168</ns3:hr>
          </ns3:TrackPointExtension>
        </extensions>
      </trkpt>
      <trkpt lat="51.9211411289870738983154296875" lon="6.24423145316541194915771484375">
        <ele>52.799999237060546875</ele>
        <time>2026-09-05T15:00:13.000Z</time>
        <extensions>
          <ns3:TrackPointExtension>
            <ns3:hr>171</ns3:hr>
          </ns3:TrackPointExtension>
        </extensions>
      </trkpt>
      <trkpt lat="51.9211019016802310943603515625" lon="6.24430756084620952606201171875">
        <ele>53.200000762939453125</ele>
        <time>2026-09-05T15:00:21.000Z</time>
        <extensions>
          <ns3:TrackPointExtension>
            <ns3:hr>171</ns3:hr>
          </ns3:TrackPointExtension>
        </extensions>
      </trkpt>
      <trkpt lat="51.9210921786725521087646484375" lon="6.2443220615386962890625">
        <ele>53.59999847412109375</ele>
        <time>2026-09-05T15:00:23.000Z</time>
        <extensions>
          <ns3:TrackPointExtension>
            <ns3:hr>170</ns3:hr>
          </ns3:TrackPointExtension>
        </extensions>
      </trkpt>
      <trkpt lat="51.92103467881679534912109375" lon="6.24434947036206722259521484375">
        <ele>54</ele>
        <time>2026-09-05T15:00:31.000Z</time>
        <extensions>
          <ns3:TrackPointExtension>
            <ns3:hr>168</ns3:hr>
          </ns3:TrackPointExtension>
        </extensions>
      </trkpt>
      <trkpt lat="51.9209761731326580047607421875" lon="6.244377382099628448486328125">
        <ele>53.200000762939453125</ele>
        <time>2026-09-05T15:00:38.000Z</time>
        <extensions>
          <ns3:TrackPointExtension>
            <ns3:hr>165</ns3:hr>
          </ns3:TrackPointExtension>
        </extensions>
      </trkpt>
      <trkpt lat="51.9209506921470165252685546875" lon="6.24439716339111328125">
        <ele>52.799999237060546875</ele>
        <time>2026-09-05T15:00:41.000Z</time>
        <extensions>
          <ns3:TrackPointExtension>
            <ns3:hr>163</ns3:hr>
          </ns3:TrackPointExtension>
        </extensions>
      </trkpt>
      <trkpt lat="51.92090769298374652862548828125" lon="6.2444268353283405303955078125">
        <ele>52.59999847412109375</ele>
        <time>2026-09-05T15:00:46.000Z</time>
        <extensions>
          <ns3:TrackPointExtension>
            <ns3:hr>163</ns3:hr>
          </ns3:TrackPointExtension>
        </extensions>
      </trkpt>
      <trkpt lat="51.92086108960211277008056640625" lon="6.2444372288882732391357421875">
        <ele>52.59999847412109375</ele>
        <time>2026-09-05T15:00:50.000Z</time>
        <extensions>
          <ns3:TrackPointExtension>
            <ns3:hr>161</ns3:hr>
          </ns3:TrackPointExtension>
        </extensions>
      </trkpt>
      <trkpt lat="51.92084030248224735260009765625" lon="6.24444250948727130889892578125">
        <ele>52.40000152587890625</ele>
        <time>2026-09-05T15:00:52.000Z</time>
        <extensions>
          <ns3:TrackPointExtension>
            <ns3:hr>158</ns3:hr>
          </ns3:TrackPointExtension>
        </extensions>
      </trkpt>
      <trkpt lat="51.92082789726555347442626953125" lon="6.24445759691298007965087890625">
        <ele>52.59999847412109375</ele>
        <time>2026-09-05T15:00:58.000Z</time>
        <extensions>
          <ns3:TrackPointExtension>
            <ns3:hr>155</ns3:hr>
          </ns3:TrackPointExtension>
        </extensions>
      </trkpt>
      <trkpt lat="51.9208316691219806671142578125" lon="6.24446949921548366546630859375">
        <ele>52.59999847412109375</ele>
        <time>2026-09-05T15:01:01.000Z</time>
        <extensions>
          <ns3:TrackPointExtension>
            <ns3:hr>152</ns3:hr>
          </ns3:TrackPointExtension>
        </extensions>
      </trkpt>
      <trkpt lat="51.92077509127557277679443359375" lon="6.24448928050696849822998046875">
        <ele>52.200000762939453125</ele>
        <time>2026-09-05T15:01:07.000Z</time>
        <extensions>
          <ns3:TrackPointExtension>
            <ns3:hr>152</ns3:hr>
          </ns3:TrackPointExtension>
        </extensions>
      </trkpt>
      <trkpt lat="51.9207394681870937347412109375" lon="6.24451945535838603973388671875">
        <ele>51.59999847412109375</ele>
        <time>2026-09-05T15:01:11.000Z</time>
        <extensions>
          <ns3:TrackPointExtension>
            <ns3:hr>153</ns3:hr>
          </ns3:TrackPointExtension>
        </extensions>
      </trkpt>
      <trkpt lat="51.92068926058709621429443359375" lon="6.2445676513016223907470703125">
        <ele>50.59999847412109375</ele>
        <time>2026-09-05T15:01:17.000Z</time>
        <extensions>
          <ns3:TrackPointExtension>
            <ns3:hr>152</ns3:hr>
          </ns3:TrackPointExtension>
        </extensions>
      </trkpt>
      <trkpt lat="51.92068071104586124420166015625" lon="6.24457410536706447601318359375">
        <ele>50.40000152587890625</ele>
        <time>2026-09-05T15:01:18.000Z</time>
        <extensions>
          <ns3:TrackPointExtension>
            <ns3:hr>151</ns3:hr>
          </ns3:TrackPointExtension>
        </extensions>
      </trkpt>
      <trkpt lat="51.92065254785120487213134765625" lon="6.2445996701717376708984375">
        <ele>50.200000762939453125</ele>
        <time>2026-09-05T15:01:21.000Z</time>
        <extensions>
          <ns3:TrackPointExtension>
            <ns3:hr>148</ns3:hr>
          </ns3:TrackPointExtension>
        </extensions>
      </trkpt>
      <trkpt lat="51.92058163695037364959716796875" lon="6.24464116059243679046630859375">
        <ele>49.40000152587890625</ele>
        <time>2026-09-05T15:01:28.000Z</time>
        <extensions>
          <ns3:TrackPointExtension>
            <ns3:hr>146</ns3:hr>
          </ns3:TrackPointExtension>
        </extensions>
      </trkpt>
      <trkpt lat="51.9205661304295063018798828125" lon="6.244651973247528076171875">
        <ele>49.40000152587890625</ele>
        <time>2026-09-05T15:01:30.000Z</time>
        <extensions>
          <ns3:TrackPointExtension>
            <ns3:hr>146</ns3:hr>
          </ns3:TrackPointExtension>
        </extensions>
      </trkpt>
      <trkpt lat="51.9204648770391941070556640625" lon="6.24472229741513729095458984375">
        <ele>48.59999847412109375</ele>
        <time>2026-09-05T15:01:39.000Z</time>
        <extensions>
          <ns3:TrackPointExtension>
            <ns3:hr>143</ns3:hr>
          </ns3:TrackPointExtension>
        </extensions>
      </trkpt>
      <trkpt lat="51.9204410724341869354248046875" lon="6.2447376362979412078857421875">
        <ele>48.40000152587890625</ele>
        <time>2026-09-05T15:01:41.000Z</time>
        <extensions>
          <ns3:TrackPointExtension>
            <ns3:hr>141</ns3:hr>
          </ns3:TrackPointExtension>
        </extensions>
      </trkpt>
      <trkpt lat="51.92035029642283916473388671875" lon="6.24480879865586757659912109375">
        <ele>47.799999237060546875</ele>
        <time>2026-09-05T15:01:51.000Z</time>
        <extensions>
          <ns3:TrackPointExtension>
            <ns3:hr>139</ns3:hr>
          </ns3:TrackPointExtension>
        </extensions>
      </trkpt>
      <trkpt lat="51.92025759257376194000244140625" lon="6.244874931871891021728515625">
        <ele>47.40000152587890625</ele>
        <time>2026-09-05T15:01:59.000Z</time>
        <extensions>
          <ns3:TrackPointExtension>
            <ns3:hr>139</ns3:hr>
          </ns3:TrackPointExtension>
        </extensions>
      </trkpt>
      <trkpt lat="51.92022289149463176727294921875" lon="6.244898736476898193359375">
        <ele>47.40000152587890625</ele>
        <time>2026-09-05T15:02:03.000Z</time>
        <extensions>
          <ns3:TrackPointExtension>
            <ns3:hr>137</ns3:hr>
          </ns3:TrackPointExtension>
        </extensions>
      </trkpt>
      <trkpt lat="51.9201845861971378326416015625" lon="6.244928576052188873291015625">
        <ele>47.59999847412109375</ele>
        <time>2026-09-05T15:02:08.000Z</time>
        <extensions>
          <ns3:TrackPointExtension>
            <ns3:hr>136</ns3:hr>
          </ns3:TrackPointExtension>
        </extensions>
      </trkpt>
      <trkpt lat="51.9201054610311985015869140625" lon="6.2450135685503482818603515625">
        <ele>47.799999237060546875</ele>
        <time>2026-09-05T15:02:18.000Z</time>
        <extensions>
          <ns3:TrackPointExtension>
            <ns3:hr>138</ns3:hr>
          </ns3:TrackPointExtension>
        </extensions>
      </trkpt>
      <trkpt lat="51.9200283475220203399658203125" lon="6.24507651664316654205322265625">
        <ele>47.200000762939453125</ele>
        <time>2026-09-05T15:02:27.000Z</time>
        <extensions>
          <ns3:TrackPointExtension>
            <ns3:hr>138</ns3:hr>
          </ns3:TrackPointExtension>
        </extensions>
      </trkpt>
      <trkpt lat="51.92000873386859893798828125" lon="6.24509730376303195953369140625">
        <ele>46.799999237060546875</ele>
        <time>2026-09-05T15:02:35.000Z</time>
        <extensions>
          <ns3:TrackPointExtension>
            <ns3:hr>139</ns3:hr>
          </ns3:TrackPointExtension>
        </extensions>
      </trkpt>
      <trkpt lat="51.91996841691434383392333984375" lon="6.2450306676328182220458984375">
        <ele>47.200000762939453125</ele>
        <time>2026-09-05T15:02:43.000Z</time>
        <extensions>
          <ns3:TrackPointExtension>
            <ns3:hr>142</ns3:hr>
          </ns3:TrackPointExtension>
        </extensions>
      </trkpt>
      <trkpt lat="51.9199522398412227630615234375" lon="6.2450020015239715576171875">
        <ele>47.200000762939453125</ele>
        <time>2026-09-05T15:02:45.000Z</time>
        <extensions>
          <ns3:TrackPointExtension>
            <ns3:hr>147</ns3:hr>
          </ns3:TrackPointExtension>
        </extensions>
      </trkpt>
      <trkpt lat="51.91992818377912044525146484375" lon="6.244951374828815460205078125">
        <ele>47.40000152587890625</ele>
        <time>2026-09-05T15:02:49.000Z</time>
        <extensions>
          <ns3:TrackPointExtension>
            <ns3:hr>144</ns3:hr>
          </ns3:TrackPointExtension>
        </extensions>
      </trkpt>
      <trkpt lat="51.9199056364595890045166015625" lon="6.2449166737496852874755859375">
        <ele>47.799999237060546875</ele>
        <time>2026-09-05T15:02:54.000Z</time>
        <extensions>
          <ns3:TrackPointExtension>
            <ns3:hr>143</ns3:hr>
          </ns3:TrackPointExtension>
        </extensions>
      </trkpt>
      <trkpt lat="51.919881664216518402099609375" lon="6.24484601430594921112060546875">
        <ele>48.40000152587890625</ele>
        <time>2026-09-05T15:03:01.000Z</time>
        <extensions>
          <ns3:TrackPointExtension>
            <ns3:hr>145</ns3:hr>
          </ns3:TrackPointExtension>
        </extensions>
      </trkpt>
      <trkpt lat="51.91987504251301288604736328125" lon="6.24483411200344562530517578125">
        <ele>48.59999847412109375</ele>
        <time>2026-09-05T15:03:03.000Z</time>
        <extensions>
          <ns3:TrackPointExtension>
            <ns3:hr>148</ns3:hr>
          </ns3:TrackPointExtension>
        </extensions>
      </trkpt>
      <trkpt lat="51.91985241137444972991943359375" lon="6.24475465156137943267822265625">
        <ele>49.59999847412109375</ele>
        <time>2026-09-05T15:03:10.000Z</time>
        <extensions>
          <ns3:TrackPointExtension>
            <ns3:hr>150</ns3:hr>
          </ns3:TrackPointExtension>
        </extensions>
      </trkpt>
      <trkpt lat="51.9198426045477390289306640625" lon="6.2447275780141353607177734375">
        <ele>49.799999237060546875</ele>
        <time>2026-09-05T15:03:12.000Z</time>
        <extensions>
          <ns3:TrackPointExtension>
            <ns3:hr>152</ns3:hr>
          </ns3:TrackPointExtension>
        </extensions>
      </trkpt>
      <trkpt lat="51.91980765201151371002197265625" lon="6.2446504645049571990966796875">
        <ele>50.59999847412109375</ele>
        <time>2026-09-05T15:03:19.000Z</time>
        <extensions>
          <ns3:TrackPointExtension>
            <ns3:hr>154</ns3:hr>
          </ns3:TrackPointExtension>
        </extensions>
      </trkpt>
      <trkpt lat="51.9197949953377246856689453125" lon="6.2446199543774127960205078125">
        <ele>50.799999237060546875</ele>
        <time>2026-09-05T15:03:22.000Z</time>
        <extensions>
          <ns3:TrackPointExtension>
            <ns3:hr>155</ns3:hr>
          </ns3:TrackPointExtension>
        </extensions>
      </trkpt>
      <trkpt lat="51.9197752140462398529052734375" lon="6.24454108066856861114501953125">
        <ele>51.59999847412109375</ele>
        <time>2026-09-05T15:03:29.000Z</time>
        <extensions>
          <ns3:TrackPointExtension>
            <ns3:hr>158</ns3:hr>
          </ns3:TrackPointExtension>
        </extensions>
      </trkpt>
      <trkpt lat="51.919763982295989990234375" lon="6.24450420029461383819580078125">
        <ele>52</ele>
        <time>2026-09-05T15:03:32.000Z</time>
        <extensions>
          <ns3:TrackPointExtension>
            <ns3:hr>159</ns3:hr>
          </ns3:TrackPointExtension>
        </extensions>
      </trkpt>
      <trkpt lat="51.91974579356610774993896484375" lon="6.24440948478877544403076171875">
        <ele>52.59999847412109375</ele>
        <time>2026-09-05T15:03:38.000Z</time>
        <extensions>
          <ns3:TrackPointExtension>
            <ns3:hr>161</ns3:hr>
          </ns3:TrackPointExtension>
        </extensions>
      </trkpt>
      <trkpt lat="51.91972048021852970123291015625" lon="6.24435357749462127685546875">
        <ele>53.40000152587890625</ele>
        <time>2026-09-05T15:03:43.000Z</time>
        <extensions>
          <ns3:TrackPointExtension>
            <ns3:hr>161</ns3:hr>
          </ns3:TrackPointExtension>
        </extensions>
      </trkpt>
      <trkpt lat="51.91970162093639373779296875" lon="6.2443269230425357818603515625">
        <ele>53.799999237060546875</ele>
        <time>2026-09-05T15:03:46.000Z</time>
        <extensions>
          <ns3:TrackPointExtension>
            <ns3:hr>162</ns3:hr>
          </ns3:TrackPointExtension>
        </extensions>
      </trkpt>
      <trkpt lat="51.91968779079616069793701171875" lon="6.2443051300942897796630859375">
        <ele>54.200000762939453125</ele>
        <time>2026-09-05T15:03:49.000Z</time>
        <extensions>
          <ns3:TrackPointExtension>
            <ns3:hr>162</ns3:hr>
          </ns3:TrackPointExtension>
        </extensions>
      </trkpt>
      <trkpt lat="51.91966951824724674224853515625" lon="6.244282834231853485107421875">
        <ele>54.200000762939453125</ele>
        <time>2026-09-05T15:03:52.000Z</time>
        <extensions>
          <ns3:TrackPointExtension>
            <ns3:hr>163</ns3:hr>
          </ns3:TrackPointExtension>
        </extensions>
      </trkpt>
      <trkpt lat="51.919624842703342437744140625" lon="6.2441991828382015228271484375">
        <ele>54.59999847412109375</ele>
        <time>2026-09-05T15:04:00.000Z</time>
        <extensions>
          <ns3:TrackPointExtension>
            <ns3:hr>165</ns3:hr>
          </ns3:TrackPointExtension>
        </extensions>
      </trkpt>
      <trkpt lat="51.9196102581918239593505859375" lon="6.24414897523820400238037109375">
        <ele>54.799999237060546875</ele>
        <time>2026-09-05T15:04:05.000Z</time>
        <extensions>
          <ns3:TrackPointExtension>
            <ns3:hr>166</ns3:hr>
          </ns3:TrackPointExtension>
        </extensions>
      </trkpt>
      <trkpt lat="51.91959894262254238128662109375" lon="6.24410807155072689056396484375">
        <ele>55.59999847412109375</ele>
        <time>2026-09-05T15:04:10.000Z</time>
        <extensions>
          <ns3:TrackPointExtension>
            <ns3:hr>165</ns3:hr>
          </ns3:TrackPointExtension>
        </extensions>
      </trkpt>
      <trkpt lat="51.91959173418581485748291015625" lon="6.2440873682498931884765625">
        <ele>56</ele>
        <time>2026-09-05T15:04:12.000Z</time>
        <extensions>
          <ns3:TrackPointExtension>
            <ns3:hr>165</ns3:hr>
          </ns3:TrackPointExtension>
        </extensions>
      </trkpt>
      <trkpt lat="51.91956876777112483978271484375" lon="6.2440198101103305816650390625">
        <ele>57</ele>
        <time>2026-09-05T15:04:17.000Z</time>
        <extensions>
          <ns3:TrackPointExtension>
            <ns3:hr>165</ns3:hr>
          </ns3:TrackPointExtension>
        </extensions>
      </trkpt>
      <trkpt lat="51.91956021822988986968994140625" lon="6.24399952590465545654296875">
        <ele>57.40000152587890625</ele>
        <time>2026-09-05T15:04:19.000Z</time>
        <extensions>
          <ns3:TrackPointExtension>
            <ns3:hr>165</ns3:hr>
          </ns3:TrackPointExtension>
        </extensions>
      </trkpt>
      <trkpt lat="51.91953322850167751312255859375" lon="6.243973709642887115478515625">
        <ele>58</ele>
        <time>2026-09-05T15:04:23.000Z</time>
        <extensions>
          <ns3:TrackPointExtension>
            <ns3:hr>166</ns3:hr>
          </ns3:TrackPointExtension>
        </extensions>
      </trkpt>
      <trkpt lat="51.91951193846762180328369140625" lon="6.24394588172435760498046875">
        <ele>58.40000152587890625</ele>
        <time>2026-09-05T15:04:28.000Z</time>
        <extensions>
          <ns3:TrackPointExtension>
            <ns3:hr>168</ns3:hr>
          </ns3:TrackPointExtension>
        </extensions>
      </trkpt>
      <trkpt lat="51.91953842528164386749267578125" lon="6.24392216093838214874267578125">
        <ele>58.200000762939453125</ele>
        <time>2026-09-05T15:04:37.000Z</time>
        <extensions>
          <ns3:TrackPointExtension>
            <ns3:hr>169</ns3:hr>
          </ns3:TrackPointExtension>
        </extensions>
      </trkpt>
      <trkpt lat="51.91949919797480106353759765625" lon="6.24384018592536449432373046875">
        <ele>58.59999847412109375</ele>
        <time>2026-09-05T15:04:45.000Z</time>
        <extensions>
          <ns3:TrackPointExtension>
            <ns3:hr>168</ns3:hr>
          </ns3:TrackPointExtension>
        </extensions>
      </trkpt>
      <trkpt lat="51.9194734655320644378662109375" lon="6.24382115900516510009765625">
        <ele>59</ele>
        <time>2026-09-05T15:04:49.000Z</time>
        <extensions>
          <ns3:TrackPointExtension>
            <ns3:hr>166</ns3:hr>
          </ns3:TrackPointExtension>
        </extensions>
      </trkpt>
      <trkpt lat="51.91945276223123073577880859375" lon="6.243786625564098358154296875">
        <ele>59.799999237060546875</ele>
        <time>2026-09-05T15:04:54.000Z</time>
        <extensions>
          <ns3:TrackPointExtension>
            <ns3:hr>165</ns3:hr>
          </ns3:TrackPointExtension>
        </extensions>
      </trkpt>
      <trkpt lat="51.9194459728896617889404296875" lon="6.24375988729298114776611328125">
        <ele>60</ele>
        <time>2026-09-05T15:04:57.000Z</time>
        <extensions>
          <ns3:TrackPointExtension>
            <ns3:hr>165</ns3:hr>
          </ns3:TrackPointExtension>
        </extensions>
      </trkpt>
      <trkpt lat="51.9194166362285614013671875" lon="6.24368361197412014007568359375">
        <ele>61</ele>
        <time>2026-09-05T15:05:04.000Z</time>
        <extensions>
          <ns3:TrackPointExtension>
            <ns3:hr>166</ns3:hr>
          </ns3:TrackPointExtension>
        </extensions>
      </trkpt>
      <trkpt lat="51.91941286437213420867919921875" lon="6.243671961128711700439453125">
        <ele>61.200000762939453125</ele>
        <time>2026-09-05T15:05:05.000Z</time>
        <extensions>
          <ns3:TrackPointExtension>
            <ns3:hr>165</ns3:hr>
          </ns3:TrackPointExtension>
        </extensions>
      </trkpt>
      <trkpt lat="51.91935293376445770263671875" lon="6.24351295642554759979248046875">
        <ele>62.200000762939453125</ele>
        <time>2026-09-05T15:05:17.000Z</time>
        <extensions>
          <ns3:TrackPointExtension>
            <ns3:hr>166</ns3:hr>
          </ns3:TrackPointExtension>
        </extensions>
      </trkpt>
      <trkpt lat="51.91932988353073596954345703125" lon="6.2434662692248821258544921875">
        <ele>62.200000762939453125</ele>
        <time>2026-09-05T15:05:21.000Z</time>
        <extensions>
          <ns3:TrackPointExtension>
            <ns3:hr>166</ns3:hr>
          </ns3:TrackPointExtension>
        </extensions>
      </trkpt>
      <trkpt lat="51.9192987866699695587158203125" lon="6.24344472773373126983642578125">
        <ele>63</ele>
        <time>2026-09-05T15:05:27.000Z</time>
        <extensions>
          <ns3:TrackPointExtension>
            <ns3:hr>167</ns3:hr>
          </ns3:TrackPointExtension>
        </extensions>
      </trkpt>
      <trkpt lat="51.9192766584455966949462890625" lon="6.2434763275086879730224609375">
        <ele>63.200000762939453125</ele>
        <time>2026-09-05T15:05:32.000Z</time>
        <extensions>
          <ns3:TrackPointExtension>
            <ns3:hr>166</ns3:hr>
          </ns3:TrackPointExtension>
        </extensions>
      </trkpt>
      <trkpt lat="51.91925494931638240814208984375" lon="6.24351932667195796966552734375">
        <ele>63.59999847412109375</ele>
        <time>2026-09-05T15:05:37.000Z</time>
        <extensions>
          <ns3:TrackPointExtension>
            <ns3:hr>167</ns3:hr>
          </ns3:TrackPointExtension>
        </extensions>
      </trkpt>
      <trkpt lat="51.91918194293975830078125" lon="6.243597529828548431396484375">
        <ele>64.1999969482421875</ele>
        <time>2026-09-05T15:05:46.000Z</time>
        <extensions>
          <ns3:TrackPointExtension>
            <ns3:hr>166</ns3:hr>
          </ns3:TrackPointExtension>
        </extensions>
      </trkpt>
      <trkpt lat="51.91917129792273044586181640625" lon="6.24360515736043453216552734375">
        <ele>64.40000152587890625</ele>
        <time>2026-09-05T15:05:47.000Z</time>
        <extensions>
          <ns3:TrackPointExtension>
            <ns3:hr>166</ns3:hr>
          </ns3:TrackPointExtension>
        </extensions>
      </trkpt>
      <trkpt lat="51.919115222990512847900390625" lon="6.24365754425525665283203125">
        <ele>65.40000152587890625</ele>
        <time>2026-09-05T15:05:54.000Z</time>
        <extensions>
          <ns3:TrackPointExtension>
            <ns3:hr>166</ns3:hr>
          </ns3:TrackPointExtension>
        </extensions>
      </trkpt>
      <trkpt lat="51.91910038702189922332763671875" lon="6.24366835691034793853759765625">
        <ele>65.8000030517578125</ele>
        <time>2026-09-05T15:05:56.000Z</time>
        <extensions>
          <ns3:TrackPointExtension>
            <ns3:hr>167</ns3:hr>
          </ns3:TrackPointExtension>
        </extensions>
      </trkpt>
      <trkpt lat="51.91907775588333606719970703125" lon="6.24365326948463916778564453125">
        <ele>66.40000152587890625</ele>
        <time>2026-09-05T15:06:05.000Z</time>
        <extensions>
          <ns3:TrackPointExtension>
            <ns3:hr>167</ns3:hr>
          </ns3:TrackPointExtension>
        </extensions>
      </trkpt>
      <trkpt lat="51.9190778397023677825927734375" lon="6.24367095530033111572265625">
        <ele>66.40000152587890625</ele>
        <time>2026-09-05T15:06:09.000Z</time>
        <extensions>
          <ns3:TrackPointExtension>
            <ns3:hr>166</ns3:hr>
          </ns3:TrackPointExtension>
        </extensions>
      </trkpt>
      <trkpt lat="51.919061578810214996337890625" lon="6.2437076680362224578857421875">
        <ele>66.8000030517578125</ele>
        <time>2026-09-05T15:06:13.000Z</time>
        <extensions>
          <ns3:TrackPointExtension>
            <ns3:hr>165</ns3:hr>
          </ns3:TrackPointExtension>
        </extensions>
      </trkpt>
      <trkpt lat="51.91900558769702911376953125" lon="6.2437807582318782806396484375">
        <ele>67.40000152587890625</ele>
        <time>2026-09-05T15:06:20.000Z</time>
        <extensions>
          <ns3:TrackPointExtension>
            <ns3:hr>165</ns3:hr>
          </ns3:TrackPointExtension>
        </extensions>
      </trkpt>
      <trkpt lat="51.9189960323274135589599609375" lon="6.243768520653247833251953125">
        <ele>67.8000030517578125</ele>
        <time>2026-09-05T15:06:22.000Z</time>
        <extensions>
          <ns3:TrackPointExtension>
            <ns3:hr>166</ns3:hr>
          </ns3:TrackPointExtension>
        </extensions>
      </trkpt>
      <trkpt lat="51.91894850693643093109130859375" lon="6.24367506243288516998291015625">
        <ele>68.40000152587890625</ele>
        <time>2026-09-05T15:06:30.000Z</time>
        <extensions>
          <ns3:TrackPointExtension>
            <ns3:hr>167</ns3:hr>
          </ns3:TrackPointExtension>
        </extensions>
      </trkpt>
      <trkpt lat="51.9189410470426082611083984375" lon="6.2436570413410663604736328125">
        <ele>68.59999847412109375</ele>
        <time>2026-09-05T15:06:31.000Z</time>
        <extensions>
          <ns3:TrackPointExtension>
            <ns3:hr>168</ns3:hr>
          </ns3:TrackPointExtension>
        </extensions>
      </trkpt>
      <trkpt lat="51.91889100708067417144775390625" lon="6.24349988065659999847412109375">
        <ele>69</ele>
        <time>2026-09-05T15:06:40.000Z</time>
        <extensions>
          <ns3:TrackPointExtension>
            <ns3:hr>168</ns3:hr>
          </ns3:TrackPointExtension>
        </extensions>
      </trkpt>
      <trkpt lat="51.91883929073810577392578125" lon="6.2433899939060211181640625">
        <ele>69.40000152587890625</ele>
        <time>2026-09-05T15:06:50.000Z</time>
        <extensions>
          <ns3:TrackPointExtension>
            <ns3:hr>166</ns3:hr>
          </ns3:TrackPointExtension>
        </extensions>
      </trkpt>
      <trkpt lat="51.91878908313810825347900390625" lon="6.2432463280856609344482421875">
        <ele>69.8000030517578125</ele>
        <time>2026-09-05T15:07:00.000Z</time>
        <extensions>
          <ns3:TrackPointExtension>
            <ns3:hr>163</ns3:hr>
          </ns3:TrackPointExtension>
        </extensions>
      </trkpt>
      <trkpt lat="51.9187221117317676544189453125" lon="6.24310710467398166656494140625">
        <ele>69.40000152587890625</ele>
        <time>2026-09-05T15:07:11.000Z</time>
        <extensions>
          <ns3:TrackPointExtension>
            <ns3:hr>162</ns3:hr>
          </ns3:TrackPointExtension>
        </extensions>
      </trkpt>
      <trkpt lat="51.91867173649370670318603515625" lon="6.24296276830136775970458984375">
        <ele>69.1999969482421875</ele>
        <time>2026-09-05T15:07:20.000Z</time>
        <extensions>
          <ns3:TrackPointExtension>
            <ns3:hr>159</ns3:hr>
          </ns3:TrackPointExtension>
        </extensions>
      </trkpt>
      <trkpt lat="51.9186731614172458648681640625" lon="6.24292521737515926361083984375">
        <ele>69</ele>
        <time>2026-09-05T15:07:27.000Z</time>
        <extensions>
          <ns3:TrackPointExtension>
            <ns3:hr>157</ns3:hr>
          </ns3:TrackPointExtension>
        </extensions>
      </trkpt>
      <trkpt lat="51.91865287721157073974609375" lon="6.24287039972841739654541015625">
        <ele>68.40000152587890625</ele>
        <time>2026-09-05T15:07:32.000Z</time>
        <extensions>
          <ns3:TrackPointExtension>
            <ns3:hr>155</ns3:hr>
          </ns3:TrackPointExtension>
        </extensions>
      </trkpt>
      <trkpt lat="51.9186322577297687530517578125" lon="6.24281222932040691375732421875">
        <ele>68</ele>
        <time>2026-09-05T15:07:37.000Z</time>
        <extensions>
          <ns3:TrackPointExtension>
            <ns3:hr>153</ns3:hr>
          </ns3:TrackPointExtension>
        </extensions>
      </trkpt>
      <trkpt lat="51.9185930304229259490966796875" lon="6.2427082099020481109619140625">
        <ele>67.8000030517578125</ele>
        <time>2026-09-05T15:07:44.000Z</time>
        <extensions>
          <ns3:TrackPointExtension>
            <ns3:hr>150</ns3:hr>
          </ns3:TrackPointExtension>
        </extensions>
      </trkpt>
      <trkpt lat="51.91857115365564823150634765625" lon="6.24266688711941242218017578125">
        <ele>67.40000152587890625</ele>
        <time>2026-09-05T15:07:47.000Z</time>
        <extensions>
          <ns3:TrackPointExtension>
            <ns3:hr>150</ns3:hr>
          </ns3:TrackPointExtension>
        </extensions>
      </trkpt>
      <trkpt lat="51.918564699590206146240234375" lon="6.24266873113811016082763671875">
        <ele>67.40000152587890625</ele>
        <time>2026-09-05T15:07:48.000Z</time>
        <extensions>
          <ns3:TrackPointExtension>
            <ns3:hr>150</ns3:hr>
          </ns3:TrackPointExtension>
        </extensions>
      </trkpt>
      <trkpt lat="51.9185393862426280975341796875" lon="6.242586672306060791015625">
        <ele>66.8000030517578125</ele>
        <time>2026-09-05T15:07:54.000Z</time>
        <extensions>
          <ns3:TrackPointExtension>
            <ns3:hr>147</ns3:hr>
          </ns3:TrackPointExtension>
        </extensions>
      </trkpt>
      <trkpt lat="51.91853620111942291259765625" lon="6.24257250688970088958740234375">
        <ele>66.8000030517578125</ele>
        <time>2026-09-05T15:07:55.000Z</time>
        <extensions>
          <ns3:TrackPointExtension>
            <ns3:hr>147</ns3:hr>
          </ns3:TrackPointExtension>
        </extensions>
      </trkpt>
      <trkpt lat="51.918509043753147125244140625" lon="6.2424805574119091033935546875">
        <ele>66.1999969482421875</ele>
        <time>2026-09-05T15:08:00.000Z</time>
        <extensions>
          <ns3:TrackPointExtension>
            <ns3:hr>145</ns3:hr>
          </ns3:TrackPointExtension>
        </extensions>
      </trkpt>
      <trkpt lat="51.91848280839622020721435546875" lon="6.24241140671074390411376953125">
        <ele>65.40000152587890625</ele>
        <time>2026-09-05T15:08:06.000Z</time>
        <extensions>
          <ns3:TrackPointExtension>
            <ns3:hr>146</ns3:hr>
          </ns3:TrackPointExtension>
        </extensions>
      </trkpt>
      <trkpt lat="51.91846990026533603668212890625" lon="6.2423694133758544921875">
        <ele>65.1999969482421875</ele>
        <time>2026-09-05T15:08:08.000Z</time>
        <extensions>
          <ns3:TrackPointExtension>
            <ns3:hr>146</ns3:hr>
          </ns3:TrackPointExtension>
        </extensions>
      </trkpt>
      <trkpt lat="51.91842681728303432464599609375" lon="6.24223974533379077911376953125">
        <ele>64.1999969482421875</ele>
        <time>2026-09-05T15:08:17.000Z</time>
        <extensions>
          <ns3:TrackPointExtension>
            <ns3:hr>147</ns3:hr>
          </ns3:TrackPointExtension>
        </extensions>
      </trkpt>
      <trkpt lat="51.91842312924563884735107421875" lon="6.24222180806100368499755859375">
        <ele>64</ele>
        <time>2026-09-05T15:08:18.000Z</time>
        <extensions>
          <ns3:TrackPointExtension>
            <ns3:hr>148</ns3:hr>
          </ns3:TrackPointExtension>
        </extensions>
      </trkpt>
      <trkpt lat="51.91838742233812808990478515625" lon="6.24211384914815425872802734375">
        <ele>63</ele>
        <time>2026-09-05T15:08:26.000Z</time>
        <extensions>
          <ns3:TrackPointExtension>
            <ns3:hr>147</ns3:hr>
          </ns3:TrackPointExtension>
        </extensions>
      </trkpt>
      <trkpt lat="51.9183719158172607421875" lon="6.242077052593231201171875">
        <ele>62.799999237060546875</ele>
        <time>2026-09-05T15:08:29.000Z</time>
        <extensions>
          <ns3:TrackPointExtension>
            <ns3:hr>146</ns3:hr>
          </ns3:TrackPointExtension>
        </extensions>
      </trkpt>
      <trkpt lat="51.91835456527769565582275390625" lon="6.2420175410807132720947265625">
        <ele>62</ele>
        <time>2026-09-05T15:08:33.000Z</time>
        <extensions>
          <ns3:TrackPointExtension>
            <ns3:hr>145</ns3:hr>
          </ns3:TrackPointExtension>
        </extensions>
      </trkpt>
      <trkpt lat="51.9183222949504852294921875" lon="6.24194218777120113372802734375">
        <ele>61.200000762939453125</ele>
        <time>2026-09-05T15:08:38.000Z</time>
        <extensions>
          <ns3:TrackPointExtension>
            <ns3:hr>144</ns3:hr>
          </ns3:TrackPointExtension>
        </extensions>
      </trkpt>
      <trkpt lat="51.91831232048571109771728515625" lon="6.24191955663263797760009765625">
        <ele>61</ele>
        <time>2026-09-05T15:08:40.000Z</time>
        <extensions>
          <ns3:TrackPointExtension>
            <ns3:hr>143</ns3:hr>
          </ns3:TrackPointExtension>
        </extensions>
      </trkpt>
      <trkpt lat="51.91826772876083850860595703125" lon="6.241844035685062408447265625">
        <ele>60.200000762939453125</ele>
        <time>2026-09-05T15:08:47.000Z</time>
        <extensions>
          <ns3:TrackPointExtension>
            <ns3:hr>141</ns3:hr>
          </ns3:TrackPointExtension>
        </extensions>
      </trkpt>
      <trkpt lat="51.91825532354414463043212890625" lon="6.241808496415615081787109375">
        <ele>60</ele>
        <time>2026-09-05T15:08:50.000Z</time>
        <extensions>
          <ns3:TrackPointExtension>
            <ns3:hr>141</ns3:hr>
          </ns3:TrackPointExtension>
        </extensions>
      </trkpt>
      <trkpt lat="51.91823101602494716644287109375" lon="6.24176516197621822357177734375">
        <ele>59.59999847412109375</ele>
        <time>2026-09-05T15:08:56.000Z</time>
        <extensions>
          <ns3:TrackPointExtension>
            <ns3:hr>140</ns3:hr>
          </ns3:TrackPointExtension>
        </extensions>
      </trkpt>
      <trkpt lat="51.91818692721426486968994140625" lon="6.24163021333515644073486328125">
        <ele>59</ele>
        <time>2026-09-05T15:09:05.000Z</time>
        <extensions>
          <ns3:TrackPointExtension>
            <ns3:hr>139</ns3:hr>
          </ns3:TrackPointExtension>
        </extensions>
      </trkpt>
      <trkpt lat="51.91818223334848880767822265625" lon="6.24161370098590850830078125">
        <ele>58.799999237060546875</ele>
        <time>2026-09-05T15:09:06.000Z</time>
        <extensions>
          <ns3:TrackPointExtension>
            <ns3:hr>139</ns3:hr>
          </ns3:TrackPointExtension>
        </extensions>
      </trkpt>
      <trkpt lat="51.91814585588872432708740234375" lon="6.24146324582397937774658203125">
        <ele>58.40000152587890625</ele>
        <time>2026-09-05T15:09:15.000Z</time>
        <extensions>
          <ns3:TrackPointExtension>
            <ns3:hr>139</ns3:hr>
          </ns3:TrackPointExtension>
        </extensions>
      </trkpt>
      <trkpt lat="51.91810595802962779998779296875" lon="6.24135897494852542877197265625">
        <ele>58</ele>
        <time>2026-09-05T15:09:23.000Z</time>
        <extensions>
          <ns3:TrackPointExtension>
            <ns3:hr>139</ns3:hr>
          </ns3:TrackPointExtension>
        </extensions>
      </trkpt>
      <trkpt lat="51.918102689087390899658203125" lon="6.24134824611246585845947265625">
        <ele>57.799999237060546875</ele>
        <time>2026-09-05T15:09:24.000Z</time>
        <extensions>
          <ns3:TrackPointExtension>
            <ns3:hr>140</ns3:hr>
          </ns3:TrackPointExtension>
        </extensions>
      </trkpt>
      <trkpt lat="51.91805340349674224853515625" lon="6.24124514870345592498779296875">
        <ele>57.40000152587890625</ele>
        <time>2026-09-05T15:09:32.000Z</time>
        <extensions>
          <ns3:TrackPointExtension>
            <ns3:hr>139</ns3:hr>
          </ns3:TrackPointExtension>
        </extensions>
      </trkpt>
      <trkpt lat="51.9180031120777130126953125" lon="6.2410459108650684356689453125">
        <ele>57.40000152587890625</ele>
        <time>2026-09-05T15:09:45.000Z</time>
        <extensions>
          <ns3:TrackPointExtension>
            <ns3:hr>140</ns3:hr>
          </ns3:TrackPointExtension>
        </extensions>
      </trkpt>
      <trkpt lat="51.9178953208029270172119140625" lon="6.2409909255802631378173828125">
        <ele>57.40000152587890625</ele>
        <time>2026-09-05T15:09:55.000Z</time>
        <extensions>
          <ns3:TrackPointExtension>
            <ns3:hr>141</ns3:hr>
          </ns3:TrackPointExtension>
        </extensions>
      </trkpt>
      <trkpt lat="51.91782717593014240264892578125" lon="6.24106577597558498382568359375">
        <ele>56.799999237060546875</ele>
        <time>2026-09-05T15:10:04.000Z</time>
        <extensions>
          <ns3:TrackPointExtension>
            <ns3:hr>141</ns3:hr>
          </ns3:TrackPointExtension>
        </extensions>
      </trkpt>
      <trkpt lat="51.91771804355084896087646484375" lon="6.24118530191481113433837890625">
        <ele>56.200000762939453125</ele>
        <time>2026-09-05T15:10:15.000Z</time>
        <extensions>
          <ns3:TrackPointExtension>
            <ns3:hr>142</ns3:hr>
          </ns3:TrackPointExtension>
        </extensions>
      </trkpt>
      <trkpt lat="51.91765601746737957000732421875" lon="6.24127012677490711212158203125">
        <ele>55.799999237060546875</ele>
        <time>2026-09-05T15:10:22.000Z</time>
        <extensions>
          <ns3:TrackPointExtension>
            <ns3:hr>142</ns3:hr>
          </ns3:TrackPointExtension>
        </extensions>
      </trkpt>
      <trkpt lat="51.9176302850246429443359375" lon="6.2413144670426845550537109375">
        <ele>55.59999847412109375</ele>
        <time>2026-09-05T15:10:26.000Z</time>
        <extensions>
          <ns3:TrackPointExtension>
            <ns3:hr>143</ns3:hr>
          </ns3:TrackPointExtension>
        </extensions>
      </trkpt>
      <trkpt lat="51.91751134581863880157470703125" lon="6.241409517824649810791015625">
        <ele>55.200000762939453125</ele>
        <time>2026-09-05T15:10:37.000Z</time>
        <extensions>
          <ns3:TrackPointExtension>
            <ns3:hr>141</ns3:hr>
          </ns3:TrackPointExtension>
        </extensions>
      </trkpt>
      <trkpt lat="51.9174504093825817108154296875" lon="6.24147581867873668670654296875">
        <ele>54.799999237060546875</ele>
        <time>2026-09-05T15:10:44.000Z</time>
        <extensions>
          <ns3:TrackPointExtension>
            <ns3:hr>141</ns3:hr>
          </ns3:TrackPointExtension>
        </extensions>
      </trkpt>
      <trkpt lat="51.9174198992550373077392578125" lon="6.24150574207305908203125">
        <ele>54.59999847412109375</ele>
        <time>2026-09-05T15:10:47.000Z</time>
        <extensions>
          <ns3:TrackPointExtension>
            <ns3:hr>141</ns3:hr>
          </ns3:TrackPointExtension>
        </extensions>
      </trkpt>
      <trkpt lat="51.91734119318425655364990234375" lon="6.241582520306110382080078125">
        <ele>54.40000152587890625</ele>
        <time>2026-09-05T15:10:55.000Z</time>
        <extensions>
          <ns3:TrackPointExtension>
            <ns3:hr>138</ns3:hr>
          </ns3:TrackPointExtension>
        </extensions>
      </trkpt>
      <trkpt lat="51.917327530682086944580078125" lon="6.24158981256186962127685546875">
        <ele>54.200000762939453125</ele>
        <time>2026-09-05T15:10:57.000Z</time>
        <extensions>
          <ns3:TrackPointExtension>
            <ns3:hr>138</ns3:hr>
          </ns3:TrackPointExtension>
        </extensions>
      </trkpt>
      <trkpt lat="51.91723323427140712738037109375" lon="6.24165988527238368988037109375">
        <ele>54</ele>
        <time>2026-09-05T15:11:06.000Z</time>
        <extensions>
          <ns3:TrackPointExtension>
            <ns3:hr>138</ns3:hr>
          </ns3:TrackPointExtension>
        </extensions>
      </trkpt>
      <trkpt lat="51.91716819070279598236083984375" lon="6.2416929937899112701416015625">
        <ele>53.799999237060546875</ele>
        <time>2026-09-05T15:11:13.000Z</time>
        <extensions>
          <ns3:TrackPointExtension>
            <ns3:hr>138</ns3:hr>
          </ns3:TrackPointExtension>
        </extensions>
      </trkpt>
      <trkpt lat="51.91713432781398296356201171875" lon="6.241704560816287994384765625">
        <ele>53.40000152587890625</ele>
        <time>2026-09-05T15:11:17.000Z</time>
        <extensions>
          <ns3:TrackPointExtension>
            <ns3:hr>137</ns3:hr>
          </ns3:TrackPointExtension>
        </extensions>
      </trkpt>
      <trkpt lat="51.91704128868877887725830078125" lon="6.24172710813581943511962890625">
        <ele>53.200000762939453125</ele>
        <time>2026-09-05T15:11:25.000Z</time>
        <extensions>
          <ns3:TrackPointExtension>
            <ns3:hr>138</ns3:hr>
          </ns3:TrackPointExtension>
        </extensions>
      </trkpt>
      <trkpt lat="51.91695545800030231475830078125" lon="6.24178796075284481048583984375">
        <ele>53</ele>
        <time>2026-09-05T15:11:34.000Z</time>
        <extensions>
          <ns3:TrackPointExtension>
            <ns3:hr>139</ns3:hr>
          </ns3:TrackPointExtension>
        </extensions>
      </trkpt>
      <trkpt lat="51.91690315492451190948486328125" lon="6.24180573038756847381591796875">
        <ele>52.59999847412109375</ele>
        <time>2026-09-05T15:11:39.000Z</time>
        <extensions>
          <ns3:TrackPointExtension>
            <ns3:hr>140</ns3:hr>
          </ns3:TrackPointExtension>
        </extensions>
      </trkpt>
      <trkpt lat="51.91686493344604969024658203125" lon="6.24181863851845264434814453125">
        <ele>52</ele>
        <time>2026-09-05T15:11:44.000Z</time>
        <extensions>
          <ns3:TrackPointExtension>
            <ns3:hr>140</ns3:hr>
          </ns3:TrackPointExtension>
        </extensions>
      </trkpt>
      <trkpt lat="51.9167912565171718597412109375" lon="6.24185048975050449371337890625">
        <ele>51.59999847412109375</ele>
        <time>2026-09-05T15:11:51.000Z</time>
        <extensions>
          <ns3:TrackPointExtension>
            <ns3:hr>140</ns3:hr>
          </ns3:TrackPointExtension>
        </extensions>
      </trkpt>
      <trkpt lat="51.916773319244384765625" lon="6.2418529205024242401123046875">
        <ele>51.40000152587890625</ele>
        <time>2026-09-05T15:11:53.000Z</time>
        <extensions>
          <ns3:TrackPointExtension>
            <ns3:hr>139</ns3:hr>
          </ns3:TrackPointExtension>
        </extensions>
      </trkpt>
      <trkpt lat="51.91665471531450748443603515625" lon="6.2418797425925731658935546875">
        <ele>51</ele>
        <time>2026-09-05T15:12:02.000Z</time>
        <extensions>
          <ns3:TrackPointExtension>
            <ns3:hr>138</ns3:hr>
          </ns3:TrackPointExtension>
        </extensions>
      </trkpt>
      <trkpt lat="51.91656821407377719879150390625" lon="6.2419335544109344482421875">
        <ele>50.799999237060546875</ele>
        <time>2026-09-05T15:12:11.000Z</time>
        <extensions>
          <ns3:TrackPointExtension>
            <ns3:hr>139</ns3:hr>
          </ns3:TrackPointExtension>
        </extensions>
      </trkpt>
      <trkpt lat="51.916447095572948455810546875" lon="6.2419970892369747161865234375">
        <ele>50.59999847412109375</ele>
        <time>2026-09-05T15:12:21.000Z</time>
        <extensions>
          <ns3:TrackPointExtension>
            <ns3:hr>139</ns3:hr>
          </ns3:TrackPointExtension>
        </extensions>
      </trkpt>
      <trkpt lat="51.91643728874623775482177734375" lon="6.2419974245131015777587890625">
        <ele>50.59999847412109375</ele>
        <time>2026-09-05T15:12:22.000Z</time>
        <extensions>
          <ns3:TrackPointExtension>
            <ns3:hr>139</ns3:hr>
          </ns3:TrackPointExtension>
        </extensions>
      </trkpt>
      <trkpt lat="51.916336119174957275390625" lon="6.24202164821326732635498046875">
        <ele>50.200000762939453125</ele>
        <time>2026-09-05T15:12:32.000Z</time>
        <extensions>
          <ns3:TrackPointExtension>
            <ns3:hr>139</ns3:hr>
          </ns3:TrackPointExtension>
        </extensions>
      </trkpt>
      <trkpt lat="51.9162167608737945556640625" lon="6.2420856021344661712646484375">
        <ele>50</ele>
        <time>2026-09-05T15:12:43.000Z</time>
        <extensions>
          <ns3:TrackPointExtension>
            <ns3:hr>140</ns3:hr>
          </ns3:TrackPointExtension>
        </extensions>
      </trkpt>
      <trkpt lat="51.9160826504230499267578125" lon="6.24211519025266170501708984375">
        <ele>50</ele>
        <time>2026-09-05T15:12:52.000Z</time>
        <extensions>
          <ns3:TrackPointExtension>
            <ns3:hr>140</ns3:hr>
          </ns3:TrackPointExtension>
        </extensions>
      </trkpt>
      <trkpt lat="51.9159738533198833465576171875" lon="6.242173947393894195556640625">
        <ele>49.40000152587890625</ele>
        <time>2026-09-05T15:13:03.000Z</time>
        <extensions>
          <ns3:TrackPointExtension>
            <ns3:hr>141</ns3:hr>
          </ns3:TrackPointExtension>
        </extensions>
      </trkpt>
      <trkpt lat="51.915848292410373687744140625" lon="6.2421776354312896728515625">
        <ele>49.200000762939453125</ele>
        <time>2026-09-05T15:13:14.000Z</time>
        <extensions>
          <ns3:TrackPointExtension>
            <ns3:hr>141</ns3:hr>
          </ns3:TrackPointExtension>
        </extensions>
      </trkpt>
      <trkpt lat="51.91572834737598896026611328125" lon="6.2421881966292858123779296875">
        <ele>49.200000762939453125</ele>
        <time>2026-09-05T15:13:24.000Z</time>
        <extensions>
          <ns3:TrackPointExtension>
            <ns3:hr>141</ns3:hr>
          </ns3:TrackPointExtension>
        </extensions>
      </trkpt>
      <trkpt lat="51.91561049781739711761474609375" lon="6.24218693934381008148193359375">
        <ele>49</ele>
        <time>2026-09-05T15:13:34.000Z</time>
        <extensions>
          <ns3:TrackPointExtension>
            <ns3:hr>142</ns3:hr>
          </ns3:TrackPointExtension>
        </extensions>
      </trkpt>
      <trkpt lat="51.915529780089855194091796875" lon="6.242185346782207489013671875">
        <ele>48.799999237060546875</ele>
        <time>2026-09-05T15:13:43.000Z</time>
        <extensions>
          <ns3:TrackPointExtension>
            <ns3:hr>144</ns3:hr>
          </ns3:TrackPointExtension>
        </extensions>
      </trkpt>
      <trkpt lat="51.91544118337333202362060546875" lon="6.24220252968370914459228515625">
        <ele>48.59999847412109375</ele>
        <time>2026-09-05T15:13:52.000Z</time>
        <extensions>
          <ns3:TrackPointExtension>
            <ns3:hr>143</ns3:hr>
          </ns3:TrackPointExtension>
        </extensions>
      </trkpt>
      <trkpt lat="51.91543020308017730712890625" lon="6.24220646917819976806640625">
        <ele>48.40000152587890625</ele>
        <time>2026-09-05T15:13:53.000Z</time>
        <extensions>
          <ns3:TrackPointExtension>
            <ns3:hr>143</ns3:hr>
          </ns3:TrackPointExtension>
        </extensions>
      </trkpt>
      <trkpt lat="51.91531579010188579559326171875" lon="6.2422232329845428466796875">
        <ele>47.799999237060546875</ele>
        <time>2026-09-05T15:14:02.000Z</time>
        <extensions>
          <ns3:TrackPointExtension>
            <ns3:hr>142</ns3:hr>
          </ns3:TrackPointExtension>
        </extensions>
      </trkpt>
      <trkpt lat="51.91523440182209014892578125" lon="6.2422301061451435089111328125">
        <ele>47.40000152587890625</ele>
        <time>2026-09-05T15:14:07.000Z</time>
        <extensions>
          <ns3:TrackPointExtension>
            <ns3:hr>141</ns3:hr>
          </ns3:TrackPointExtension>
        </extensions>
      </trkpt>
      <trkpt lat="51.9151618145406246185302734375" lon="6.2422344647347927093505859375">
        <ele>47.200000762939453125</ele>
        <time>2026-09-05T15:14:13.000Z</time>
        <extensions>
          <ns3:TrackPointExtension>
            <ns3:hr>141</ns3:hr>
          </ns3:TrackPointExtension>
        </extensions>
      </trkpt>
      <trkpt lat="51.9150451384484767913818359375" lon="6.242232955992221832275390625">
        <ele>46.40000152587890625</ele>
        <time>2026-09-05T15:14:21.000Z</time>
        <extensions>
          <ns3:TrackPointExtension>
            <ns3:hr>141</ns3:hr>
          </ns3:TrackPointExtension>
        </extensions>
      </trkpt>
      <trkpt lat="51.91503700800240039825439453125" lon="6.24223555438220500946044921875">
        <ele>46.40000152587890625</ele>
        <time>2026-09-05T15:14:22.000Z</time>
        <extensions>
          <ns3:TrackPointExtension>
            <ns3:hr>140</ns3:hr>
          </ns3:TrackPointExtension>
        </extensions>
      </trkpt>
      <trkpt lat="51.91491815261542797088623046875" lon="6.2422378174960613250732421875">
        <ele>45.59999847412109375</ele>
        <time>2026-09-05T15:14:35.000Z</time>
        <extensions>
          <ns3:TrackPointExtension>
            <ns3:hr>139</ns3:hr>
          </ns3:TrackPointExtension>
        </extensions>
      </trkpt>
      <trkpt lat="51.91490574739873409271240234375" lon="6.242239661514759063720703125">
        <ele>45.40000152587890625</ele>
        <time>2026-09-05T15:14:37.000Z</time>
        <extensions>
          <ns3:TrackPointExtension>
            <ns3:hr>139</ns3:hr>
          </ns3:TrackPointExtension>
        </extensions>
      </trkpt>
      <trkpt lat="51.91484439186751842498779296875" lon="6.24223739840090274810791015625">
        <ele>44.799999237060546875</ele>
        <time>2026-09-05T15:14:45.000Z</time>
        <extensions>
          <ns3:TrackPointExtension>
            <ns3:hr>139</ns3:hr>
          </ns3:TrackPointExtension>
        </extensions>
      </trkpt>
      <trkpt lat="51.91470843739807605743408203125" lon="6.24227059073746204376220703125">
        <ele>44.40000152587890625</ele>
        <time>2026-09-05T15:14:54.000Z</time>
        <extensions>
          <ns3:TrackPointExtension>
            <ns3:hr>138</ns3:hr>
          </ns3:TrackPointExtension>
        </extensions>
      </trkpt>
      <trkpt lat="51.91458438523113727569580078125" lon="6.24232037924230098724365234375">
        <ele>44</ele>
        <time>2026-09-05T15:15:04.000Z</time>
        <extensions>
          <ns3:TrackPointExtension>
            <ns3:hr>140</ns3:hr>
          </ns3:TrackPointExtension>
        </extensions>
      </trkpt>
      <trkpt lat="51.91457499749958515167236328125" lon="6.24231199733912944793701171875">
        <ele>44.200000762939453125</ele>
        <time>2026-09-05T15:15:11.000Z</time>
        <extensions>
          <ns3:TrackPointExtension>
            <ns3:hr>138</ns3:hr>
          </ns3:TrackPointExtension>
        </extensions>
      </trkpt>
      <trkpt lat="51.9145123846828937530517578125" lon="6.24233513139188289642333984375">
        <ele>43.59999847412109375</ele>
        <time>2026-09-05T15:15:20.000Z</time>
        <extensions>
          <ns3:TrackPointExtension>
            <ns3:hr>137</ns3:hr>
          </ns3:TrackPointExtension>
        </extensions>
      </trkpt>
      <trkpt lat="51.91444180905818939208984375" lon="6.24237402342259883880615234375">
        <ele>43.40000152587890625</ele>
        <time>2026-09-05T15:15:27.000Z</time>
        <extensions>
          <ns3:TrackPointExtension>
            <ns3:hr>138</ns3:hr>
          </ns3:TrackPointExtension>
        </extensions>
      </trkpt>
      <trkpt lat="51.91439612768590450286865234375" lon="6.24238240532577037811279296875">
        <ele>43.200000762939453125</ele>
        <time>2026-09-05T15:15:31.000Z</time>
        <extensions>
          <ns3:TrackPointExtension>
            <ns3:hr>138</ns3:hr>
          </ns3:TrackPointExtension>
        </extensions>
      </trkpt>
      <trkpt lat="51.91428028978407382965087890625" lon="6.2424534000456333160400390625">
        <ele>43</ele>
        <time>2026-09-05T15:15:41.000Z</time>
        <extensions>
          <ns3:TrackPointExtension>
            <ns3:hr>138</ns3:hr>
          </ns3:TrackPointExtension>
        </extensions>
      </trkpt>
      <trkpt lat="51.9142129831016063690185546875" lon="6.2424939684569835662841796875">
        <ele>43</ele>
        <time>2026-09-05T15:15:46.000Z</time>
        <extensions>
          <ns3:TrackPointExtension>
            <ns3:hr>141</ns3:hr>
          </ns3:TrackPointExtension>
        </extensions>
      </trkpt>
      <trkpt lat="51.914163865149021148681640625" lon="6.2424446828663349151611328125">
        <ele>42.799999237060546875</ele>
        <time>2026-09-05T15:15:52.000Z</time>
        <extensions>
          <ns3:TrackPointExtension>
            <ns3:hr>138</ns3:hr>
          </ns3:TrackPointExtension>
        </extensions>
      </trkpt>
      <trkpt lat="51.91416931338608264923095703125" lon="6.24227914027869701385498046875">
        <ele>42.59999847412109375</ele>
        <time>2026-09-05T15:16:00.000Z</time>
        <extensions>
          <ns3:TrackPointExtension>
            <ns3:hr>137</ns3:hr>
          </ns3:TrackPointExtension>
        </extensions>
      </trkpt>
      <trkpt lat="51.9141648709774017333984375" lon="6.24209582805633544921875">
        <ele>42.59999847412109375</ele>
        <time>2026-09-05T15:16:10.000Z</time>
        <extensions>
          <ns3:TrackPointExtension>
            <ns3:hr>138</ns3:hr>
          </ns3:TrackPointExtension>
        </extensions>
      </trkpt>
      <trkpt lat="51.91416151821613311767578125" lon="6.24197370372712612152099609375">
        <ele>42.799999237060546875</ele>
        <time>2026-09-05T15:16:16.000Z</time>
        <extensions>
          <ns3:TrackPointExtension>
            <ns3:hr>141</ns3:hr>
          </ns3:TrackPointExtension>
        </extensions>
      </trkpt>
      <trkpt lat="51.91416998393833637237548828125" lon="6.2418800778687000274658203125">
        <ele>42.799999237060546875</ele>
        <time>2026-09-05T15:16:20.000Z</time>
        <extensions>
          <ns3:TrackPointExtension>
            <ns3:hr>142</ns3:hr>
          </ns3:TrackPointExtension>
        </extensions>
      </trkpt>
      <trkpt lat="51.91416931338608264923095703125" lon="6.241743452847003936767578125">
        <ele>43.799999237060546875</ele>
        <time>2026-09-05T15:16:30.000Z</time>
        <extensions>
          <ns3:TrackPointExtension>
            <ns3:hr>144</ns3:hr>
          </ns3:TrackPointExtension>
        </extensions>
      </trkpt>
      <trkpt lat="51.91419814713299274444580078125" lon="6.2415551953017711639404296875">
        <ele>43.200000762939453125</ele>
        <time>2026-09-05T15:16:38.000Z</time>
        <extensions>
          <ns3:TrackPointExtension>
            <ns3:hr>145</ns3:hr>
          </ns3:TrackPointExtension>
        </extensions>
      </trkpt>
      <trkpt lat="51.9142046011984348297119140625" lon="6.24143105931580066680908203125">
        <ele>43.40000152587890625</ele>
        <time>2026-09-05T15:16:47.000Z</time>
        <extensions>
          <ns3:TrackPointExtension>
            <ns3:hr>146</ns3:hr>
          </ns3:TrackPointExtension>
        </extensions>
      </trkpt>
      <trkpt lat="51.91421289928257465362548828125" lon="6.24123626388609409332275390625">
        <ele>43.799999237060546875</ele>
        <time>2026-09-05T15:16:58.000Z</time>
        <extensions>
          <ns3:TrackPointExtension>
            <ns3:hr>147</ns3:hr>
          </ns3:TrackPointExtension>
        </extensions>
      </trkpt>
      <trkpt lat="51.91421994008123874664306640625" lon="6.24110349453985691070556640625">
        <ele>44</ele>
        <time>2026-09-05T15:17:07.000Z</time>
        <extensions>
          <ns3:TrackPointExtension>
            <ns3:hr>147</ns3:hr>
          </ns3:TrackPointExtension>
        </extensions>
      </trkpt>
      <trkpt lat="51.91423754207789897918701171875" lon="6.24097307212650775909423828125">
        <ele>44.40000152587890625</ele>
        <time>2026-09-05T15:17:14.000Z</time>
        <extensions>
          <ns3:TrackPointExtension>
            <ns3:hr>146</ns3:hr>
          </ns3:TrackPointExtension>
        </extensions>
      </trkpt>
      <trkpt lat="51.914243660867214202880859375" lon="6.240932084619998931884765625">
        <ele>44.40000152587890625</ele>
        <time>2026-09-05T15:17:16.000Z</time>
        <extensions>
          <ns3:TrackPointExtension>
            <ns3:hr>147</ns3:hr>
          </ns3:TrackPointExtension>
        </extensions>
      </trkpt>
      <trkpt lat="51.9142726622521877288818359375" lon="6.240817420184612274169921875">
        <ele>44.59999847412109375</ele>
        <time>2026-09-05T15:17:24.000Z</time>
        <extensions>
          <ns3:TrackPointExtension>
            <ns3:hr>148</ns3:hr>
          </ns3:TrackPointExtension>
        </extensions>
      </trkpt>
      <trkpt lat="51.9142917729914188385009765625" lon="6.2406787835061550140380859375">
        <ele>44.59999847412109375</ele>
        <time>2026-09-05T15:17:31.000Z</time>
        <extensions>
          <ns3:TrackPointExtension>
            <ns3:hr>149</ns3:hr>
          </ns3:TrackPointExtension>
        </extensions>
      </trkpt>
      <trkpt lat="51.91430057398974895477294921875" lon="6.24058800749480724334716796875">
        <ele>44.799999237060546875</ele>
        <time>2026-09-05T15:17:36.000Z</time>
        <extensions>
          <ns3:TrackPointExtension>
            <ns3:hr>152</ns3:hr>
          </ns3:TrackPointExtension>
        </extensions>
      </trkpt>
      <trkpt lat="51.91430032253265380859375" lon="6.24049790203571319580078125">
        <ele>44.799999237060546875</ele>
        <time>2026-09-05T15:17:41.000Z</time>
        <extensions>
          <ns3:TrackPointExtension>
            <ns3:hr>151</ns3:hr>
          </ns3:TrackPointExtension>
        </extensions>
      </trkpt>
      <trkpt lat="51.91431683488190174102783203125" lon="6.24035532586276531219482421875">
        <ele>45.200000762939453125</ele>
        <time>2026-09-05T15:17:49.000Z</time>
        <extensions>
          <ns3:TrackPointExtension>
            <ns3:hr>151</ns3:hr>
          </ns3:TrackPointExtension>
        </extensions>
      </trkpt>
      <trkpt lat="51.91432152874767780303955078125" lon="6.240311153233051300048828125">
        <ele>45.40000152587890625</ele>
        <time>2026-09-05T15:17:52.000Z</time>
        <extensions>
          <ns3:TrackPointExtension>
            <ns3:hr>152</ns3:hr>
          </ns3:TrackPointExtension>
        </extensions>
      </trkpt>
      <trkpt lat="51.91431499086320400238037109375" lon="6.24020713381469249725341796875">
        <ele>45.40000152587890625</ele>
        <time>2026-09-05T15:17:59.000Z</time>
        <extensions>
          <ns3:TrackPointExtension>
            <ns3:hr>152</ns3:hr>
          </ns3:TrackPointExtension>
        </extensions>
      </trkpt>
      <trkpt lat="51.914327144622802734375" lon="6.23997830785810947418212890625">
        <ele>45.799999237060546875</ele>
        <time>2026-09-05T15:18:10.000Z</time>
        <extensions>
          <ns3:TrackPointExtension>
            <ns3:hr>153</ns3:hr>
          </ns3:TrackPointExtension>
        </extensions>
      </trkpt>
      <trkpt lat="51.91434063948690891265869140625" lon="6.239915192127227783203125">
        <ele>45.799999237060546875</ele>
        <time>2026-09-05T15:18:13.000Z</time>
        <extensions>
          <ns3:TrackPointExtension>
            <ns3:hr>156</ns3:hr>
          </ns3:TrackPointExtension>
        </extensions>
      </trkpt>
      <trkpt lat="51.9143477641046047210693359375" lon="6.239865906536579132080078125">
        <ele>45.799999237060546875</ele>
        <time>2026-09-05T15:18:16.000Z</time>
        <extensions>
          <ns3:TrackPointExtension>
            <ns3:hr>159</ns3:hr>
          </ns3:TrackPointExtension>
        </extensions>
      </trkpt>
      <trkpt lat="51.91436276771128177642822265625" lon="6.239807568490505218505859375">
        <ele>46</ele>
        <time>2026-09-05T15:18:20.000Z</time>
        <extensions>
          <ns3:TrackPointExtension>
            <ns3:hr>159</ns3:hr>
          </ns3:TrackPointExtension>
        </extensions>
      </trkpt>
      <trkpt lat="51.9143682159483432769775390625" lon="6.23977194540202617645263671875">
        <ele>46.200000762939453125</ele>
        <time>2026-09-05T15:18:22.000Z</time>
        <extensions>
          <ns3:TrackPointExtension>
            <ns3:hr>155</ns3:hr>
          </ns3:TrackPointExtension>
        </extensions>
      </trkpt>
      <trkpt lat="51.91437567584216594696044921875" lon="6.2396659143269062042236328125">
        <ele>46.40000152587890625</ele>
        <time>2026-09-05T15:18:29.000Z</time>
        <extensions>
          <ns3:TrackPointExtension>
            <ns3:hr>155</ns3:hr>
          </ns3:TrackPointExtension>
        </extensions>
      </trkpt>
      <trkpt lat="51.91437014378607273101806640625" lon="6.23963699676096439361572265625">
        <ele>46.40000152587890625</ele>
        <time>2026-09-05T15:18:31.000Z</time>
        <extensions>
          <ns3:TrackPointExtension>
            <ns3:hr>155</ns3:hr>
          </ns3:TrackPointExtension>
        </extensions>
      </trkpt>
      <trkpt lat="51.914363689720630645751953125" lon="6.2395651638507843017578125">
        <ele>46.59999847412109375</ele>
        <time>2026-09-05T15:18:34.000Z</time>
        <extensions>
          <ns3:TrackPointExtension>
            <ns3:hr>155</ns3:hr>
          </ns3:TrackPointExtension>
        </extensions>
      </trkpt>
      <trkpt lat="51.9143740832805633544921875" lon="6.2394511699676513671875">
        <ele>46.59999847412109375</ele>
        <time>2026-09-05T15:18:40.000Z</time>
        <extensions>
          <ns3:TrackPointExtension>
            <ns3:hr>155</ns3:hr>
          </ns3:TrackPointExtension>
        </extensions>
      </trkpt>
      <trkpt lat="51.9144077785313129425048828125" lon="6.23932736925780773162841796875">
        <ele>46.799999237060546875</ele>
        <time>2026-09-05T15:18:48.000Z</time>
        <extensions>
          <ns3:TrackPointExtension>
            <ns3:hr>156</ns3:hr>
          </ns3:TrackPointExtension>
        </extensions>
      </trkpt>
      <trkpt lat="51.914424039423465728759765625" lon="6.23916350305080413818359375">
        <ele>47</ele>
        <time>2026-09-05T15:18:57.000Z</time>
        <extensions>
          <ns3:TrackPointExtension>
            <ns3:hr>157</ns3:hr>
          </ns3:TrackPointExtension>
        </extensions>
      </trkpt>
      <trkpt lat="51.91445010714232921600341796875" lon="6.23897901736199855804443359375">
        <ele>47.40000152587890625</ele>
        <time>2026-09-05T15:19:08.000Z</time>
        <extensions>
          <ns3:TrackPointExtension>
            <ns3:hr>157</ns3:hr>
          </ns3:TrackPointExtension>
        </extensions>
      </trkpt>
      <trkpt lat="51.914480030536651611328125" lon="6.23889704234898090362548828125">
        <ele>47.40000152587890625</ele>
        <time>2026-09-05T15:19:13.000Z</time>
        <extensions>
          <ns3:TrackPointExtension>
            <ns3:hr>158</ns3:hr>
          </ns3:TrackPointExtension>
        </extensions>
      </trkpt>
      <trkpt lat="51.91449838690459728240966796875" lon="6.23883618973195552825927734375">
        <ele>47.40000152587890625</ele>
        <time>2026-09-05T15:19:16.000Z</time>
        <extensions>
          <ns3:TrackPointExtension>
            <ns3:hr>157</ns3:hr>
          </ns3:TrackPointExtension>
        </extensions>
      </trkpt>
      <trkpt lat="51.91451850347220897674560546875" lon="6.238672323524951934814453125">
        <ele>47.59999847412109375</ele>
        <time>2026-09-05T15:19:26.000Z</time>
        <extensions>
          <ns3:TrackPointExtension>
            <ns3:hr>158</ns3:hr>
          </ns3:TrackPointExtension>
        </extensions>
      </trkpt>
      <trkpt lat="51.9145457446575164794921875" lon="6.23852538876235485076904296875">
        <ele>47.799999237060546875</ele>
        <time>2026-09-05T15:19:36.000Z</time>
        <extensions>
          <ns3:TrackPointExtension>
            <ns3:hr>157</ns3:hr>
          </ns3:TrackPointExtension>
        </extensions>
      </trkpt>
      <trkpt lat="51.914581954479217529296875" lon="6.23836462385952472686767578125">
        <ele>48</ele>
        <time>2026-09-05T15:19:44.000Z</time>
        <extensions>
          <ns3:TrackPointExtension>
            <ns3:hr>158</ns3:hr>
          </ns3:TrackPointExtension>
        </extensions>
      </trkpt>
      <trkpt lat="51.91461439244449138641357421875" lon="6.238217018544673919677734375">
        <ele>48.200000762939453125</ele>
        <time>2026-09-05T15:19:55.000Z</time>
        <extensions>
          <ns3:TrackPointExtension>
            <ns3:hr>158</ns3:hr>
          </ns3:TrackPointExtension>
        </extensions>
      </trkpt>
      <trkpt lat="51.91462579183280467987060546875" lon="6.23810361139476299285888671875">
        <ele>48.40000152587890625</ele>
        <time>2026-09-05T15:20:01.000Z</time>
        <extensions>
          <ns3:TrackPointExtension>
            <ns3:hr>158</ns3:hr>
          </ns3:TrackPointExtension>
        </extensions>
      </trkpt>
      <trkpt lat="51.91463115625083446502685546875" lon="6.23806371353566646575927734375">
        <ele>48.40000152587890625</ele>
        <time>2026-09-05T15:20:04.000Z</time>
        <extensions>
          <ns3:TrackPointExtension>
            <ns3:hr>159</ns3:hr>
          </ns3:TrackPointExtension>
        </extensions>
      </trkpt>
      <trkpt lat="51.91466711461544036865234375" lon="6.2379062175750732421875">
        <ele>48.799999237060546875</ele>
        <time>2026-09-05T15:20:13.000Z</time>
        <extensions>
          <ns3:TrackPointExtension>
            <ns3:hr>160</ns3:hr>
          </ns3:TrackPointExtension>
        </extensions>
      </trkpt>
      <trkpt lat="51.91471631638705730438232421875" lon="6.23773480765521526336669921875">
        <ele>49.200000762939453125</ele>
        <time>2026-09-05T15:20:23.000Z</time>
        <extensions>
          <ns3:TrackPointExtension>
            <ns3:hr>161</ns3:hr>
          </ns3:TrackPointExtension>
        </extensions>
      </trkpt>
      <trkpt lat="51.91478286869823932647705078125" lon="6.23759843409061431884765625">
        <ele>49.40000152587890625</ele>
        <time>2026-09-05T15:20:33.000Z</time>
        <extensions>
          <ns3:TrackPointExtension>
            <ns3:hr>159</ns3:hr>
          </ns3:TrackPointExtension>
        </extensions>
      </trkpt>
      <trkpt lat="51.9148399494588375091552734375" lon="6.2375211529433727264404296875">
        <ele>49.40000152587890625</ele>
        <time>2026-09-05T15:20:40.000Z</time>
        <extensions>
          <ns3:TrackPointExtension>
            <ns3:hr>160</ns3:hr>
          </ns3:TrackPointExtension>
        </extensions>
      </trkpt>
      <trkpt lat="51.91486568190157413482666015625" lon="6.23749558813869953155517578125">
        <ele>49.59999847412109375</ele>
        <time>2026-09-05T15:20:43.000Z</time>
        <extensions>
          <ns3:TrackPointExtension>
            <ns3:hr>160</ns3:hr>
          </ns3:TrackPointExtension>
        </extensions>
      </trkpt>
      <trkpt lat="51.91488009877502918243408203125" lon="6.23749240301549434661865234375">
        <ele>49.799999237060546875</ele>
        <time>2026-09-05T15:20:52.000Z</time>
        <extensions>
          <ns3:TrackPointExtension>
            <ns3:hr>159</ns3:hr>
          </ns3:TrackPointExtension>
        </extensions>
      </trkpt>
      <trkpt lat="51.9149495847523212432861328125" lon="6.23738511465489864349365234375">
        <ele>49.799999237060546875</ele>
        <time>2026-09-05T15:21:02.000Z</time>
        <extensions>
          <ns3:TrackPointExtension>
            <ns3:hr>160</ns3:hr>
          </ns3:TrackPointExtension>
        </extensions>
      </trkpt>
      <trkpt lat="51.91502091474831104278564453125" lon="6.237274892628192901611328125">
        <ele>50.200000762939453125</ele>
        <time>2026-09-05T15:21:12.000Z</time>
        <extensions>
          <ns3:TrackPointExtension>
            <ns3:hr>159</ns3:hr>
          </ns3:TrackPointExtension>
        </extensions>
      </trkpt>
      <trkpt lat="51.915083862841129302978515625" lon="6.2372262775897979736328125">
        <ele>50.40000152587890625</ele>
        <time>2026-09-05T15:21:18.000Z</time>
        <extensions>
          <ns3:TrackPointExtension>
            <ns3:hr>157</ns3:hr>
          </ns3:TrackPointExtension>
        </extensions>
      </trkpt>
      <trkpt lat="51.91513272933661937713623046875" lon="6.23720037750899791717529296875">
        <ele>50.59999847412109375</ele>
        <time>2026-09-05T15:21:23.000Z</time>
        <extensions>
          <ns3:TrackPointExtension>
            <ns3:hr>156</ns3:hr>
          </ns3:TrackPointExtension>
        </extensions>
      </trkpt>
      <trkpt lat="51.91516290418803691864013671875" lon="6.237090490758419036865234375">
        <ele>51.200000762939453125</ele>
        <time>2026-09-05T15:21:32.000Z</time>
        <extensions>
          <ns3:TrackPointExtension>
            <ns3:hr>158</ns3:hr>
          </ns3:TrackPointExtension>
        </extensions>
      </trkpt>
      <trkpt lat="51.915170364081859588623046875" lon="6.23700725845992565155029296875">
        <ele>51.59999847412109375</ele>
        <time>2026-09-05T15:21:37.000Z</time>
        <extensions>
          <ns3:TrackPointExtension>
            <ns3:hr>158</ns3:hr>
          </ns3:TrackPointExtension>
        </extensions>
      </trkpt>
      <trkpt lat="51.91518167965114116668701171875" lon="6.236942969262599945068359375">
        <ele>52</ele>
        <time>2026-09-05T15:21:42.000Z</time>
        <extensions>
          <ns3:TrackPointExtension>
            <ns3:hr>159</ns3:hr>
          </ns3:TrackPointExtension>
        </extensions>
      </trkpt>
      <trkpt lat="51.9151584617793560028076171875" lon="6.23683693818747997283935546875">
        <ele>52.40000152587890625</ele>
        <time>2026-09-05T15:21:50.000Z</time>
        <extensions>
          <ns3:TrackPointExtension>
            <ns3:hr>160</ns3:hr>
          </ns3:TrackPointExtension>
        </extensions>
      </trkpt>
      <trkpt lat="51.91515251062810420989990234375" lon="6.23682352714240550994873046875">
        <ele>52.59999847412109375</ele>
        <time>2026-09-05T15:21:52.000Z</time>
        <extensions>
          <ns3:TrackPointExtension>
            <ns3:hr>161</ns3:hr>
          </ns3:TrackPointExtension>
        </extensions>
      </trkpt>
      <trkpt lat="51.9151286222040653228759765625" lon="6.2367768399417400360107421875">
        <ele>53</ele>
        <time>2026-09-05T15:21:59.000Z</time>
        <extensions>
          <ns3:TrackPointExtension>
            <ns3:hr>164</ns3:hr>
          </ns3:TrackPointExtension>
        </extensions>
      </trkpt>
      <trkpt lat="51.91511102020740509033203125" lon="6.23672629706561565399169921875">
        <ele>53.200000762939453125</ele>
        <time>2026-09-05T15:22:08.000Z</time>
        <extensions>
          <ns3:TrackPointExtension>
            <ns3:hr>163</ns3:hr>
          </ns3:TrackPointExtension>
        </extensions>
      </trkpt>
      <trkpt lat="51.91510842181742191314697265625" lon="6.23671405948698520660400390625">
        <ele>53.59999847412109375</ele>
        <time>2026-09-05T15:22:15.000Z</time>
        <extensions>
          <ns3:TrackPointExtension>
            <ns3:hr>163</ns3:hr>
          </ns3:TrackPointExtension>
        </extensions>
      </trkpt>
      <trkpt lat="51.91510087810456752777099609375" lon="6.23668522574007511138916015625">
        <ele>54.200000762939453125</ele>
        <time>2026-09-05T15:22:17.000Z</time>
        <extensions>
          <ns3:TrackPointExtension>
            <ns3:hr>163</ns3:hr>
          </ns3:TrackPointExtension>
        </extensions>
      </trkpt>
      <trkpt lat="51.91505662165582180023193359375" lon="6.23657575808465480804443359375">
        <ele>54.40000152587890625</ele>
        <time>2026-09-05T15:22:26.000Z</time>
        <extensions>
          <ns3:TrackPointExtension>
            <ns3:hr>163</ns3:hr>
          </ns3:TrackPointExtension>
        </extensions>
      </trkpt>
      <trkpt lat="51.91504664719104766845703125" lon="6.2365503609180450439453125">
        <ele>54.59999847412109375</ele>
        <time>2026-09-05T15:22:28.000Z</time>
        <extensions>
          <ns3:TrackPointExtension>
            <ns3:hr>163</ns3:hr>
          </ns3:TrackPointExtension>
        </extensions>
      </trkpt>
      <trkpt lat="51.91498805768787860870361328125" lon="6.23645539395511150360107421875">
        <ele>55.200000762939453125</ele>
        <time>2026-09-05T15:22:36.000Z</time>
        <extensions>
          <ns3:TrackPointExtension>
            <ns3:hr>164</ns3:hr>
          </ns3:TrackPointExtension>
        </extensions>
      </trkpt>
      <trkpt lat="51.91496173851191997528076171875" lon="6.23638330958783626556396484375">
        <ele>55.59999847412109375</ele>
        <time>2026-09-05T15:22:42.000Z</time>
        <extensions>
          <ns3:TrackPointExtension>
            <ns3:hr>166</ns3:hr>
          </ns3:TrackPointExtension>
        </extensions>
      </trkpt>
      <trkpt lat="51.91493533551692962646484375" lon="6.2363366223871707916259765625">
        <ele>56</ele>
        <time>2026-09-05T15:22:46.000Z</time>
        <extensions>
          <ns3:TrackPointExtension>
            <ns3:hr>167</ns3:hr>
          </ns3:TrackPointExtension>
        </extensions>
      </trkpt>
      <trkpt lat="51.9148493371903896331787109375" lon="6.23623293824493885040283203125">
        <ele>56.59999847412109375</ele>
        <time>2026-09-05T15:22:57.000Z</time>
        <extensions>
          <ns3:TrackPointExtension>
            <ns3:hr>168</ns3:hr>
          </ns3:TrackPointExtension>
        </extensions>
      </trkpt>
      <trkpt lat="51.91481304354965686798095703125" lon="6.2361813895404338836669921875">
        <ele>56.59999847412109375</ele>
        <time>2026-09-05T15:23:01.000Z</time>
        <extensions>
          <ns3:TrackPointExtension>
            <ns3:hr>168</ns3:hr>
          </ns3:TrackPointExtension>
        </extensions>
      </trkpt>
      <trkpt lat="51.91477029584348201751708984375" lon="6.23611894436180591583251953125">
        <ele>57.200000762939453125</ele>
        <time>2026-09-05T15:23:07.000Z</time>
        <extensions>
          <ns3:TrackPointExtension>
            <ns3:hr>167</ns3:hr>
          </ns3:TrackPointExtension>
        </extensions>
      </trkpt>
      <trkpt lat="51.91471883095800876617431640625" lon="6.23599438928067684173583984375">
        <ele>57.799999237060546875</ele>
        <time>2026-09-05T15:23:16.000Z</time>
        <extensions>
          <ns3:TrackPointExtension>
            <ns3:hr>168</ns3:hr>
          </ns3:TrackPointExtension>
        </extensions>
      </trkpt>
      <trkpt lat="51.91469837911427021026611328125" lon="6.235949881374835968017578125">
        <ele>58</ele>
        <time>2026-09-05T15:23:19.000Z</time>
        <extensions>
          <ns3:TrackPointExtension>
            <ns3:hr>168</ns3:hr>
          </ns3:TrackPointExtension>
        </extensions>
      </trkpt>
      <trkpt lat="51.91463735885918140411376953125" lon="6.23582976870238780975341796875">
        <ele>58.799999237060546875</ele>
        <time>2026-09-05T15:23:29.000Z</time>
        <extensions>
          <ns3:TrackPointExtension>
            <ns3:hr>169</ns3:hr>
          </ns3:TrackPointExtension>
        </extensions>
      </trkpt>
      <trkpt lat="51.914619170129299163818359375" lon="6.23579808510839939117431640625">
        <ele>59</ele>
        <time>2026-09-05T15:23:32.000Z</time>
        <extensions>
          <ns3:TrackPointExtension>
            <ns3:hr>169</ns3:hr>
          </ns3:TrackPointExtension>
        </extensions>
      </trkpt>
      <trkpt lat="51.91455722786486148834228515625" lon="6.23568224720656871795654296875">
        <ele>59.799999237060546875</ele>
        <time>2026-09-05T15:23:41.000Z</time>
        <extensions>
          <ns3:TrackPointExtension>
            <ns3:hr>170</ns3:hr>
          </ns3:TrackPointExtension>
        </extensions>
      </trkpt>
      <trkpt lat="51.9145506061613559722900390625" lon="6.23567319475114345550537109375">
        <ele>59.799999237060546875</ele>
        <time>2026-09-05T15:23:42.000Z</time>
        <extensions>
          <ns3:TrackPointExtension>
            <ns3:hr>170</ns3:hr>
          </ns3:TrackPointExtension>
        </extensions>
      </trkpt>
      <trkpt lat="51.9145392067730426788330078125" lon="6.2356610409915447235107421875">
        <ele>60.200000762939453125</ele>
        <time>2026-09-05T15:23:50.000Z</time>
        <extensions>
          <ns3:TrackPointExtension>
            <ns3:hr>170</ns3:hr>
          </ns3:TrackPointExtension>
        </extensions>
      </trkpt>
      <trkpt lat="51.91451297141611576080322265625" lon="6.23560261912643909454345703125">
        <ele>60.200000762939453125</ele>
        <time>2026-09-05T15:23:58.000Z</time>
        <extensions>
          <ns3:TrackPointExtension>
            <ns3:hr>170</ns3:hr>
          </ns3:TrackPointExtension>
        </extensions>
      </trkpt>
      <trkpt lat="51.91446519456803798675537109375" lon="6.23545342124998569488525390625">
        <ele>61</ele>
        <time>2026-09-05T15:24:08.000Z</time>
        <extensions>
          <ns3:TrackPointExtension>
            <ns3:hr>169</ns3:hr>
          </ns3:TrackPointExtension>
        </extensions>
      </trkpt>
      <trkpt lat="51.9144627638161182403564453125" lon="6.235444284975528717041015625">
        <ele>61</ele>
        <time>2026-09-05T15:24:09.000Z</time>
        <extensions>
          <ns3:TrackPointExtension>
            <ns3:hr>169</ns3:hr>
          </ns3:TrackPointExtension>
        </extensions>
      </trkpt>
      <trkpt lat="51.9144403003156185150146484375" lon="6.2353864498436450958251953125">
        <ele>61.40000152587890625</ele>
        <time>2026-09-05T15:24:15.000Z</time>
        <extensions>
          <ns3:TrackPointExtension>
            <ns3:hr>166</ns3:hr>
          </ns3:TrackPointExtension>
        </extensions>
      </trkpt>
      <trkpt lat="51.91440115682780742645263671875" lon="6.235305480659008026123046875">
        <ele>61.799999237060546875</ele>
        <time>2026-09-05T15:24:21.000Z</time>
        <extensions>
          <ns3:TrackPointExtension>
            <ns3:hr>164</ns3:hr>
          </ns3:TrackPointExtension>
        </extensions>
      </trkpt>
      <trkpt lat="51.9143947027623653411865234375" lon="6.235287375748157501220703125">
        <ele>62</ele>
        <time>2026-09-05T15:24:22.000Z</time>
        <extensions>
          <ns3:TrackPointExtension>
            <ns3:hr>164</ns3:hr>
          </ns3:TrackPointExtension>
        </extensions>
      </trkpt>
      <trkpt lat="51.91433929838240146636962890625" lon="6.23515401966869831085205078125">
        <ele>62.799999237060546875</ele>
        <time>2026-09-05T15:24:32.000Z</time>
        <extensions>
          <ns3:TrackPointExtension>
            <ns3:hr>165</ns3:hr>
          </ns3:TrackPointExtension>
        </extensions>
      </trkpt>
      <trkpt lat="51.91432856954634189605712890625" lon="6.23512200079858303070068359375">
        <ele>63</ele>
        <time>2026-09-05T15:24:35.000Z</time>
        <extensions>
          <ns3:TrackPointExtension>
            <ns3:hr>165</ns3:hr>
          </ns3:TrackPointExtension>
        </extensions>
      </trkpt>
      <trkpt lat="51.91429822705686092376708984375" lon="6.23507170937955379486083984375">
        <ele>63.40000152587890625</ele>
        <time>2026-09-05T15:24:40.000Z</time>
        <extensions>
          <ns3:TrackPointExtension>
            <ns3:hr>165</ns3:hr>
          </ns3:TrackPointExtension>
        </extensions>
      </trkpt>
      <trkpt lat="51.91422681324183940887451171875" lon="6.23494447208940982818603515625">
        <ele>64</ele>
        <time>2026-09-05T15:24:51.000Z</time>
        <extensions>
          <ns3:TrackPointExtension>
            <ns3:hr>165</ns3:hr>
          </ns3:TrackPointExtension>
        </extensions>
      </trkpt>
      <trkpt lat="51.914185322821140289306640625" lon="6.23487909324467182159423828125">
        <ele>64.59999847412109375</ele>
        <time>2026-09-05T15:25:00.000Z</time>
        <extensions>
          <ns3:TrackPointExtension>
            <ns3:hr>165</ns3:hr>
          </ns3:TrackPointExtension>
        </extensions>
      </trkpt>
      <trkpt lat="51.91414047963917255401611328125" lon="6.234826035797595977783203125">
        <ele>64.8000030517578125</ele>
        <time>2026-09-05T15:25:09.000Z</time>
        <extensions>
          <ns3:TrackPointExtension>
            <ns3:hr>164</ns3:hr>
          </ns3:TrackPointExtension>
        </extensions>
      </trkpt>
      <trkpt lat="51.914116926491260528564453125" lon="6.23478555120527744293212890625">
        <ele>65</ele>
        <time>2026-09-05T15:25:12.000Z</time>
        <extensions>
          <ns3:TrackPointExtension>
            <ns3:hr>163</ns3:hr>
          </ns3:TrackPointExtension>
        </extensions>
      </trkpt>
      <trkpt lat="51.91408767364919185638427734375" lon="6.23469804413616657257080078125">
        <ele>65.59999847412109375</ele>
        <time>2026-09-05T15:25:19.000Z</time>
        <extensions>
          <ns3:TrackPointExtension>
            <ns3:hr>162</ns3:hr>
          </ns3:TrackPointExtension>
        </extensions>
      </trkpt>
      <trkpt lat="51.91405582241714000701904296875" lon="6.23462160117924213409423828125">
        <ele>66.1999969482421875</ele>
        <time>2026-09-05T15:25:25.000Z</time>
        <extensions>
          <ns3:TrackPointExtension>
            <ns3:hr>163</ns3:hr>
          </ns3:TrackPointExtension>
        </extensions>
      </trkpt>
      <trkpt lat="51.91404073499143123626708984375" lon="6.2345858104526996612548828125">
        <ele>66.40000152587890625</ele>
        <time>2026-09-05T15:25:28.000Z</time>
        <extensions>
          <ns3:TrackPointExtension>
            <ns3:hr>163</ns3:hr>
          </ns3:TrackPointExtension>
        </extensions>
      </trkpt>
      <trkpt lat="51.913975775241851806640625" lon="6.2344533763825893402099609375">
        <ele>67.1999969482421875</ele>
        <time>2026-09-05T15:25:40.000Z</time>
        <extensions>
          <ns3:TrackPointExtension>
            <ns3:hr>163</ns3:hr>
          </ns3:TrackPointExtension>
        </extensions>
      </trkpt>
      <trkpt lat="51.9139407388865947723388671875" lon="6.234390847384929656982421875">
        <ele>67.40000152587890625</ele>
        <time>2026-09-05T15:25:45.000Z</time>
        <extensions>
          <ns3:TrackPointExtension>
            <ns3:hr>160</ns3:hr>
          </ns3:TrackPointExtension>
        </extensions>
      </trkpt>
      <trkpt lat="51.913909055292606353759765625" lon="6.234329827129840850830078125">
        <ele>67.59999847412109375</ele>
        <time>2026-09-05T15:25:50.000Z</time>
        <extensions>
          <ns3:TrackPointExtension>
            <ns3:hr>160</ns3:hr>
          </ns3:TrackPointExtension>
        </extensions>
      </trkpt>
      <trkpt lat="51.91385113634169101715087890625" lon="6.234217844903469085693359375">
        <ele>68</ele>
        <time>2026-09-05T15:25:58.000Z</time>
        <extensions>
          <ns3:TrackPointExtension>
            <ns3:hr>161</ns3:hr>
          </ns3:TrackPointExtension>
        </extensions>
      </trkpt>
      <trkpt lat="51.91382749937474727630615234375" lon="6.2341744266450405120849609375">
        <ele>68.1999969482421875</ele>
        <time>2026-09-05T15:26:01.000Z</time>
        <extensions>
          <ns3:TrackPointExtension>
            <ns3:hr>162</ns3:hr>
          </ns3:TrackPointExtension>
        </extensions>
      </trkpt>
      <trkpt lat="51.91379380412399768829345703125" lon="6.2340802140533924102783203125">
        <ele>68.40000152587890625</ele>
        <time>2026-09-05T15:26:07.000Z</time>
        <extensions>
          <ns3:TrackPointExtension>
            <ns3:hr>163</ns3:hr>
          </ns3:TrackPointExtension>
        </extensions>
      </trkpt>
      <trkpt lat="51.91376849077641963958740234375" lon="6.23399312607944011688232421875">
        <ele>69</ele>
        <time>2026-09-05T15:26:17.000Z</time>
        <extensions>
          <ns3:TrackPointExtension>
            <ns3:hr>162</ns3:hr>
          </ns3:TrackPointExtension>
        </extensions>
      </trkpt>
      <trkpt lat="51.9137305207550525665283203125" lon="6.23393160291016101837158203125">
        <ele>69.1999969482421875</ele>
        <time>2026-09-05T15:26:23.000Z</time>
        <extensions>
          <ns3:TrackPointExtension>
            <ns3:hr>162</ns3:hr>
          </ns3:TrackPointExtension>
        </extensions>
      </trkpt>
      <trkpt lat="51.9137144275009632110595703125" lon="6.2339229695498943328857421875">
        <ele>69.40000152587890625</ele>
        <time>2026-09-05T15:26:25.000Z</time>
        <extensions>
          <ns3:TrackPointExtension>
            <ns3:hr>162</ns3:hr>
          </ns3:TrackPointExtension>
        </extensions>
      </trkpt>
      <trkpt lat="51.9136453606188297271728515625" lon="6.23379045166075229644775390625">
        <ele>70.1999969482421875</ele>
        <time>2026-09-05T15:26:35.000Z</time>
        <extensions>
          <ns3:TrackPointExtension>
            <ns3:hr>160</ns3:hr>
          </ns3:TrackPointExtension>
        </extensions>
      </trkpt>
      <trkpt lat="51.9136359728872776031494140625" lon="6.23376329429447650909423828125">
        <ele>70.1999969482421875</ele>
        <time>2026-09-05T15:26:37.000Z</time>
        <extensions>
          <ns3:TrackPointExtension>
            <ns3:hr>161</ns3:hr>
          </ns3:TrackPointExtension>
        </extensions>
      </trkpt>
      <trkpt lat="51.91358610056340694427490234375" lon="6.2336560897529125213623046875">
        <ele>70.59999847412109375</ele>
        <time>2026-09-05T15:26:44.000Z</time>
        <extensions>
          <ns3:TrackPointExtension>
            <ns3:hr>159</ns3:hr>
          </ns3:TrackPointExtension>
        </extensions>
      </trkpt>
      <trkpt lat="51.91352583467960357666015625" lon="6.23354871757328510284423828125">
        <ele>71.1999969482421875</ele>
        <time>2026-09-05T15:26:54.000Z</time>
        <extensions>
          <ns3:TrackPointExtension>
            <ns3:hr>160</ns3:hr>
          </ns3:TrackPointExtension>
        </extensions>
      </trkpt>
      <trkpt lat="51.913511753082275390625" lon="6.2335203029215335845947265625">
        <ele>71.1999969482421875</ele>
        <time>2026-09-05T15:26:56.000Z</time>
        <extensions>
          <ns3:TrackPointExtension>
            <ns3:hr>159</ns3:hr>
          </ns3:TrackPointExtension>
        </extensions>
      </trkpt>
      <trkpt lat="51.91347378306090831756591796875" lon="6.233444027602672576904296875">
        <ele>72.1999969482421875</ele>
        <time>2026-09-05T15:27:04.000Z</time>
        <extensions>
          <ns3:TrackPointExtension>
            <ns3:hr>161</ns3:hr>
          </ns3:TrackPointExtension>
        </extensions>
      </trkpt>
      <trkpt lat="51.9134093262255191802978515625" lon="6.2332789041101932525634765625">
        <ele>72.1999969482421875</ele>
        <time>2026-09-05T15:27:15.000Z</time>
        <extensions>
          <ns3:TrackPointExtension>
            <ns3:hr>162</ns3:hr>
          </ns3:TrackPointExtension>
        </extensions>
      </trkpt>
      <trkpt lat="51.91337772645056247711181640625" lon="6.2331786565482616424560546875">
        <ele>72.8000030517578125</ele>
        <time>2026-09-05T15:27:25.000Z</time>
        <extensions>
          <ns3:TrackPointExtension>
            <ns3:hr>161</ns3:hr>
          </ns3:TrackPointExtension>
        </extensions>
      </trkpt>
      <trkpt lat="51.913308240473270416259765625" lon="6.2330680154263973236083984375">
        <ele>73</ele>
        <time>2026-09-05T15:27:35.000Z</time>
        <extensions>
          <ns3:TrackPointExtension>
            <ns3:hr>159</ns3:hr>
          </ns3:TrackPointExtension>
        </extensions>
      </trkpt>
      <trkpt lat="51.9132359884679317474365234375" lon="6.2329235114157199859619140625">
        <ele>73.1999969482421875</ele>
        <time>2026-09-05T15:27:45.000Z</time>
        <extensions>
          <ns3:TrackPointExtension>
            <ns3:hr>158</ns3:hr>
          </ns3:TrackPointExtension>
        </extensions>
      </trkpt>
      <trkpt lat="51.9132333062589168548583984375" lon="6.23291370458900928497314453125">
        <ele>73.40000152587890625</ele>
        <time>2026-09-05T15:27:46.000Z</time>
        <extensions>
          <ns3:TrackPointExtension>
            <ns3:hr>158</ns3:hr>
          </ns3:TrackPointExtension>
        </extensions>
      </trkpt>
      <trkpt lat="51.91318829543888568878173828125" lon="6.23280725441873073577880859375">
        <ele>73.59999847412109375</ele>
        <time>2026-09-05T15:27:55.000Z</time>
        <extensions>
          <ns3:TrackPointExtension>
            <ns3:hr>158</ns3:hr>
          </ns3:TrackPointExtension>
        </extensions>
      </trkpt>
      <trkpt lat="51.91311537288129329681396484375" lon="6.23270918615162372589111328125">
        <ele>74</ele>
        <time>2026-09-05T15:28:04.000Z</time>
        <extensions>
          <ns3:TrackPointExtension>
            <ns3:hr>156</ns3:hr>
          </ns3:TrackPointExtension>
        </extensions>
      </trkpt>
      <trkpt lat="51.91304513253271579742431640625" lon="6.23258077539503574371337890625">
        <ele>74.1999969482421875</ele>
        <time>2026-09-05T15:28:13.000Z</time>
        <extensions>
          <ns3:TrackPointExtension>
            <ns3:hr>156</ns3:hr>
          </ns3:TrackPointExtension>
        </extensions>
      </trkpt>
      <trkpt lat="51.913038007915019989013671875" lon="6.232561580836772918701171875">
        <ele>74.40000152587890625</ele>
        <time>2026-09-05T15:28:15.000Z</time>
        <extensions>
          <ns3:TrackPointExtension>
            <ns3:hr>155</ns3:hr>
          </ns3:TrackPointExtension>
        </extensions>
      </trkpt>
      <trkpt lat="51.9130049832165241241455078125" lon="6.23248438350856304168701171875">
        <ele>74.59999847412109375</ele>
        <time>2026-09-05T15:28:21.000Z</time>
        <extensions>
          <ns3:TrackPointExtension>
            <ns3:hr>156</ns3:hr>
          </ns3:TrackPointExtension>
        </extensions>
      </trkpt>
      <trkpt lat="51.91297388635575771331787109375" lon="6.232377849519252777099609375">
        <ele>74.40000152587890625</ele>
        <time>2026-09-05T15:28:29.000Z</time>
        <extensions>
          <ns3:TrackPointExtension>
            <ns3:hr>154</ns3:hr>
          </ns3:TrackPointExtension>
        </extensions>
      </trkpt>
      <trkpt lat="51.91292024217545986175537109375" lon="6.2322589941322803497314453125">
        <ele>74.59999847412109375</ele>
        <time>2026-09-05T15:28:38.000Z</time>
        <extensions>
          <ns3:TrackPointExtension>
            <ns3:hr>152</ns3:hr>
          </ns3:TrackPointExtension>
        </extensions>
      </trkpt>
      <trkpt lat="51.91287967376410961151123046875" lon="6.23217810876667499542236328125">
        <ele>74.8000030517578125</ele>
        <time>2026-09-05T15:28:46.000Z</time>
        <extensions>
          <ns3:TrackPointExtension>
            <ns3:hr>152</ns3:hr>
          </ns3:TrackPointExtension>
        </extensions>
      </trkpt>
      <trkpt lat="51.912822090089321136474609375" lon="6.23205137439072132110595703125">
        <ele>74.8000030517578125</ele>
        <time>2026-09-05T15:28:54.000Z</time>
        <extensions>
          <ns3:TrackPointExtension>
            <ns3:hr>150</ns3:hr>
          </ns3:TrackPointExtension>
        </extensions>
      </trkpt>
      <trkpt lat="51.91276517696678638458251953125" lon="6.231958754360675811767578125">
        <ele>75</ele>
        <time>2026-09-05T15:29:03.000Z</time>
        <extensions>
          <ns3:TrackPointExtension>
            <ns3:hr>152</ns3:hr>
          </ns3:TrackPointExtension>
        </extensions>
      </trkpt>
      <trkpt lat="51.912700049579143524169921875" lon="6.23184065334498882293701171875">
        <ele>74.8000030517578125</ele>
        <time>2026-09-05T15:29:12.000Z</time>
        <extensions>
          <ns3:TrackPointExtension>
            <ns3:hr>152</ns3:hr>
          </ns3:TrackPointExtension>
        </extensions>
      </trkpt>
      <trkpt lat="51.91263995133340358734130859375" lon="6.23174744658172130584716796875">
        <ele>74.8000030517578125</ele>
        <time>2026-09-05T15:29:19.000Z</time>
        <extensions>
          <ns3:TrackPointExtension>
            <ns3:hr>149</ns3:hr>
          </ns3:TrackPointExtension>
        </extensions>
      </trkpt>
      <trkpt lat="51.91262201406061649322509765625" lon="6.23170821927487850189208984375">
        <ele>74.8000030517578125</ele>
        <time>2026-09-05T15:29:22.000Z</time>
        <extensions>
          <ns3:TrackPointExtension>
            <ns3:hr>149</ns3:hr>
          </ns3:TrackPointExtension>
        </extensions>
      </trkpt>
      <trkpt lat="51.912568621337413787841796875" lon="6.23158232308924198150634765625">
        <ele>75</ele>
        <time>2026-09-05T15:29:30.000Z</time>
        <extensions>
          <ns3:TrackPointExtension>
            <ns3:hr>148</ns3:hr>
          </ns3:TrackPointExtension>
        </extensions>
      </trkpt>
      <trkpt lat="51.91252796910703182220458984375" lon="6.23145927675068378448486328125">
        <ele>75</ele>
        <time>2026-09-05T15:29:39.000Z</time>
        <extensions>
          <ns3:TrackPointExtension>
            <ns3:hr>147</ns3:hr>
          </ns3:TrackPointExtension>
        </extensions>
      </trkpt>
      <trkpt lat="51.91246141679584980010986328125" lon="6.23134042136371135711669921875">
        <ele>75</ele>
        <time>2026-09-05T15:29:47.000Z</time>
        <extensions>
          <ns3:TrackPointExtension>
            <ns3:hr>147</ns3:hr>
          </ns3:TrackPointExtension>
        </extensions>
      </trkpt>
      <trkpt lat="51.9124115444719791412353515625" lon="6.23122793622314929962158203125">
        <ele>75.1999969482421875</ele>
        <time>2026-09-05T15:29:55.000Z</time>
        <extensions>
          <ns3:TrackPointExtension>
            <ns3:hr>149</ns3:hr>
          </ns3:TrackPointExtension>
        </extensions>
      </trkpt>
      <trkpt lat="51.9123716466128826141357421875" lon="6.23117320239543914794921875">
        <ele>75</ele>
        <time>2026-09-05T15:30:01.000Z</time>
        <extensions>
          <ns3:TrackPointExtension>
            <ns3:hr>146</ns3:hr>
          </ns3:TrackPointExtension>
        </extensions>
      </trkpt>
      <trkpt lat="51.9123475067317485809326171875" lon="6.2311294488608837127685546875">
        <ele>75</ele>
        <time>2026-09-05T15:30:04.000Z</time>
        <extensions>
          <ns3:TrackPointExtension>
            <ns3:hr>146</ns3:hr>
          </ns3:TrackPointExtension>
        </extensions>
      </trkpt>
      <trkpt lat="51.91228623501956462860107421875" lon="6.23103372752666473388671875">
        <ele>74.8000030517578125</ele>
        <time>2026-09-05T15:30:14.000Z</time>
        <extensions>
          <ns3:TrackPointExtension>
            <ns3:hr>145</ns3:hr>
          </ns3:TrackPointExtension>
        </extensions>
      </trkpt>
      <trkpt lat="51.91222270019352436065673828125" lon="6.23087690211832523345947265625">
        <ele>74.59999847412109375</ele>
        <time>2026-09-05T15:30:23.000Z</time>
        <extensions>
          <ns3:TrackPointExtension>
            <ns3:hr>145</ns3:hr>
          </ns3:TrackPointExtension>
        </extensions>
      </trkpt>
      <trkpt lat="51.91216452978551387786865234375" lon="6.230724938213825225830078125">
        <ele>74.59999847412109375</ele>
        <time>2026-09-05T15:30:33.000Z</time>
        <extensions>
          <ns3:TrackPointExtension>
            <ns3:hr>146</ns3:hr>
          </ns3:TrackPointExtension>
        </extensions>
      </trkpt>
      <trkpt lat="51.91210853867232799530029296875" lon="6.2306065857410430908203125">
        <ele>74.59999847412109375</ele>
        <time>2026-09-05T15:30:43.000Z</time>
        <extensions>
          <ns3:TrackPointExtension>
            <ns3:hr>146</ns3:hr>
          </ns3:TrackPointExtension>
        </extensions>
      </trkpt>
      <trkpt lat="51.91203452646732330322265625" lon="6.2305219285190105438232421875">
        <ele>74.59999847412109375</ele>
        <time>2026-09-05T15:30:51.000Z</time>
        <extensions>
          <ns3:TrackPointExtension>
            <ns3:hr>147</ns3:hr>
          </ns3:TrackPointExtension>
        </extensions>
      </trkpt>
      <trkpt lat="51.91197895444929599761962890625" lon="6.23035755939781665802001953125">
        <ele>74.59999847412109375</ele>
        <time>2026-09-05T15:31:01.000Z</time>
        <extensions>
          <ns3:TrackPointExtension>
            <ns3:hr>145</ns3:hr>
          </ns3:TrackPointExtension>
        </extensions>
      </trkpt>
      <trkpt lat="51.91190351732075214385986328125" lon="6.2302074395120143890380859375">
        <ele>74.59999847412109375</ele>
        <time>2026-09-05T15:31:10.000Z</time>
        <extensions>
          <ns3:TrackPointExtension>
            <ns3:hr>146</ns3:hr>
          </ns3:TrackPointExtension>
        </extensions>
      </trkpt>
      <trkpt lat="51.91184937022626399993896484375" lon="6.23010191135108470916748046875">
        <ele>74.59999847412109375</ele>
        <time>2026-09-05T15:31:18.000Z</time>
        <extensions>
          <ns3:TrackPointExtension>
            <ns3:hr>147</ns3:hr>
          </ns3:TrackPointExtension>
        </extensions>
      </trkpt>
      <trkpt lat="51.91178030334413051605224609375" lon="6.2299978919327259063720703125">
        <ele>74.59999847412109375</ele>
        <time>2026-09-05T15:31:26.000Z</time>
        <extensions>
          <ns3:TrackPointExtension>
            <ns3:hr>146</ns3:hr>
          </ns3:TrackPointExtension>
        </extensions>
      </trkpt>
      <trkpt lat="51.91175691783428192138671875" lon="6.22990795411169528961181640625">
        <ele>74.59999847412109375</ele>
        <time>2026-09-05T15:31:35.000Z</time>
        <extensions>
          <ns3:TrackPointExtension>
            <ns3:hr>146</ns3:hr>
          </ns3:TrackPointExtension>
        </extensions>
      </trkpt>
      <trkpt lat="51.91167200915515422821044921875" lon="6.22977334074676036834716796875">
        <ele>74.59999847412109375</ele>
        <time>2026-09-05T15:31:43.000Z</time>
        <extensions>
          <ns3:TrackPointExtension>
            <ns3:hr>146</ns3:hr>
          </ns3:TrackPointExtension>
        </extensions>
      </trkpt>
      <trkpt lat="51.91162188537418842315673828125" lon="6.229642666876316070556640625">
        <ele>74.59999847412109375</ele>
        <time>2026-09-05T15:31:52.000Z</time>
        <extensions>
          <ns3:TrackPointExtension>
            <ns3:hr>146</ns3:hr>
          </ns3:TrackPointExtension>
        </extensions>
      </trkpt>
      <trkpt lat="51.91163890063762664794921875" lon="6.22956496663391590118408203125">
        <ele>74.59999847412109375</ele>
        <time>2026-09-05T15:32:01.000Z</time>
        <extensions>
          <ns3:TrackPointExtension>
            <ns3:hr>143</ns3:hr>
          </ns3:TrackPointExtension>
        </extensions>
      </trkpt>
      <trkpt lat="51.9116474501788616180419921875" lon="6.22957133688032627105712890625">
        <ele>74.59999847412109375</ele>
        <time>2026-09-05T15:32:02.000Z</time>
        <extensions>
          <ns3:TrackPointExtension>
            <ns3:hr>144</ns3:hr>
          </ns3:TrackPointExtension>
        </extensions>
      </trkpt>
      <trkpt lat="51.9116370566189289093017578125" lon="6.2295549921691417694091796875">
        <ele>74.59999847412109375</ele>
        <time>2026-09-05T15:32:06.000Z</time>
        <extensions>
          <ns3:TrackPointExtension>
            <ns3:hr>145</ns3:hr>
          </ns3:TrackPointExtension>
        </extensions>
      </trkpt>
      <trkpt lat="51.91164183430373668670654296875" lon="6.2295445986092090606689453125">
        <ele>74.59999847412109375</ele>
        <time>2026-09-05T15:32:07.000Z</time>
        <extensions>
          <ns3:TrackPointExtension>
            <ns3:hr>144</ns3:hr>
          </ns3:TrackPointExtension>
        </extensions>
      </trkpt>
      <trkpt lat="51.91167066805064678192138671875" lon="6.229400932788848876953125">
        <ele>74.8000030517578125</ele>
        <time>2026-09-05T15:32:15.000Z</time>
        <extensions>
          <ns3:TrackPointExtension>
            <ns3:hr>146</ns3:hr>
          </ns3:TrackPointExtension>
        </extensions>
      </trkpt>
      <trkpt lat="51.9116709195077419281005859375" lon="6.2292762100696563720703125">
        <ele>74.8000030517578125</ele>
        <time>2026-09-05T15:32:23.000Z</time>
        <extensions>
          <ns3:TrackPointExtension>
            <ns3:hr>146</ns3:hr>
          </ns3:TrackPointExtension>
        </extensions>
      </trkpt>
      <trkpt lat="51.91168257035315036773681640625" lon="6.229127682745456695556640625">
        <ele>74.8000030517578125</ele>
        <time>2026-09-05T15:32:32.000Z</time>
        <extensions>
          <ns3:TrackPointExtension>
            <ns3:hr>145</ns3:hr>
          </ns3:TrackPointExtension>
        </extensions>
      </trkpt>
      <trkpt lat="51.91168206743896007537841796875" lon="6.2289991043508052825927734375">
        <ele>74.8000030517578125</ele>
        <time>2026-09-05T15:32:40.000Z</time>
        <extensions>
          <ns3:TrackPointExtension>
            <ns3:hr>145</ns3:hr>
          </ns3:TrackPointExtension>
        </extensions>
      </trkpt>
      <trkpt lat="51.9116920419037342071533203125" lon="6.228860132396221160888671875">
        <ele>74.8000030517578125</ele>
        <time>2026-09-05T15:32:49.000Z</time>
        <extensions>
          <ns3:TrackPointExtension>
            <ns3:hr>145</ns3:hr>
          </ns3:TrackPointExtension>
        </extensions>
      </trkpt>
      <trkpt lat="51.911674104630947113037109375" lon="6.22870062477886676788330078125">
        <ele>74.8000030517578125</ele>
        <time>2026-09-05T15:32:58.000Z</time>
        <extensions>
          <ns3:TrackPointExtension>
            <ns3:hr>145</ns3:hr>
          </ns3:TrackPointExtension>
        </extensions>
      </trkpt>
      <trkpt lat="51.9116893596947193145751953125" lon="6.2285169772803783416748046875">
        <ele>75</ele>
        <time>2026-09-05T15:33:09.000Z</time>
        <extensions>
          <ns3:TrackPointExtension>
            <ns3:hr>146</ns3:hr>
          </ns3:TrackPointExtension>
        </extensions>
      </trkpt>
      <trkpt lat="51.9116984121501445770263671875" lon="6.228350512683391571044921875">
        <ele>75</ele>
        <time>2026-09-05T15:33:19.000Z</time>
        <extensions>
          <ns3:TrackPointExtension>
            <ns3:hr>148</ns3:hr>
          </ns3:TrackPointExtension>
        </extensions>
      </trkpt>
      <trkpt lat="51.91168827004730701446533203125" lon="6.2281964533030986785888671875">
        <ele>75.1999969482421875</ele>
        <time>2026-09-05T15:33:28.000Z</time>
        <extensions>
          <ns3:TrackPointExtension>
            <ns3:hr>149</ns3:hr>
          </ns3:TrackPointExtension>
        </extensions>
      </trkpt>
      <trkpt lat="51.9116635434329509735107421875" lon="6.22806510888040065765380859375">
        <ele>75.1999969482421875</ele>
        <time>2026-09-05T15:33:36.000Z</time>
        <extensions>
          <ns3:TrackPointExtension>
            <ns3:hr>148</ns3:hr>
          </ns3:TrackPointExtension>
        </extensions>
      </trkpt>
      <trkpt lat="51.91165365278720855712890625" lon="6.22791306115686893463134765625">
        <ele>75.1999969482421875</ele>
        <time>2026-09-05T15:33:45.000Z</time>
        <extensions>
          <ns3:TrackPointExtension>
            <ns3:hr>147</ns3:hr>
          </ns3:TrackPointExtension>
        </extensions>
      </trkpt>
      <trkpt lat="51.9116528145968914031982421875" lon="6.2278548069298267364501953125">
        <ele>75.1999969482421875</ele>
        <time>2026-09-05T15:33:48.000Z</time>
        <extensions>
          <ns3:TrackPointExtension>
            <ns3:hr>147</ns3:hr>
          </ns3:TrackPointExtension>
        </extensions>
      </trkpt>
      <trkpt lat="51.9116689078509807586669921875" lon="6.2277240492403507232666015625">
        <ele>75</ele>
        <time>2026-09-05T15:33:55.000Z</time>
        <extensions>
          <ns3:TrackPointExtension>
            <ns3:hr>147</ns3:hr>
          </ns3:TrackPointExtension>
        </extensions>
      </trkpt>
      <trkpt lat="51.91167988814413547515869140625" lon="6.227500922977924346923828125">
        <ele>75</ele>
        <time>2026-09-05T15:34:06.000Z</time>
        <extensions>
          <ns3:TrackPointExtension>
            <ns3:hr>147</ns3:hr>
          </ns3:TrackPointExtension>
        </extensions>
      </trkpt>
      <trkpt lat="51.91165189258754253387451171875" lon="6.22738416306674480438232421875">
        <ele>74.8000030517578125</ele>
        <time>2026-09-05T15:34:14.000Z</time>
        <extensions>
          <ns3:TrackPointExtension>
            <ns3:hr>149</ns3:hr>
          </ns3:TrackPointExtension>
        </extensions>
      </trkpt>
      <trkpt lat="51.91165708936750888824462890625" lon="6.22730101458728313446044921875">
        <ele>74.59999847412109375</ele>
        <time>2026-09-05T15:34:19.000Z</time>
        <extensions>
          <ns3:TrackPointExtension>
            <ns3:hr>152</ns3:hr>
          </ns3:TrackPointExtension>
        </extensions>
      </trkpt>
      <trkpt lat="51.9116578437387943267822265625" lon="6.2272147648036479949951171875">
        <ele>74.8000030517578125</ele>
        <time>2026-09-05T15:34:23.000Z</time>
        <extensions>
          <ns3:TrackPointExtension>
            <ns3:hr>151</ns3:hr>
          </ns3:TrackPointExtension>
        </extensions>
      </trkpt>
      <trkpt lat="51.9116487912833690643310546875" lon="6.22713941149413585662841796875">
        <ele>74.59999847412109375</ele>
        <time>2026-09-05T15:34:27.000Z</time>
        <extensions>
          <ns3:TrackPointExtension>
            <ns3:hr>148</ns3:hr>
          </ns3:TrackPointExtension>
        </extensions>
      </trkpt>
      <trkpt lat="51.9116461090743541717529296875" lon="6.2270075641572475433349609375">
        <ele>74.40000152587890625</ele>
        <time>2026-09-05T15:34:34.000Z</time>
        <extensions>
          <ns3:TrackPointExtension>
            <ns3:hr>146</ns3:hr>
          </ns3:TrackPointExtension>
        </extensions>
      </trkpt>
      <trkpt lat="51.91164954565465450286865234375" lon="6.2268342263996601104736328125">
        <ele>74</ele>
        <time>2026-09-05T15:34:43.000Z</time>
        <extensions>
          <ns3:TrackPointExtension>
            <ns3:hr>146</ns3:hr>
          </ns3:TrackPointExtension>
        </extensions>
      </trkpt>
      <trkpt lat="51.9116355478763580322265625" lon="6.226670444011688232421875">
        <ele>73.59999847412109375</ele>
        <time>2026-09-05T15:34:53.000Z</time>
        <extensions>
          <ns3:TrackPointExtension>
            <ns3:hr>146</ns3:hr>
          </ns3:TrackPointExtension>
        </extensions>
      </trkpt>
      <trkpt lat="51.91162859089672565460205078125" lon="6.2265566177666187286376953125">
        <ele>73.40000152587890625</ele>
        <time>2026-09-05T15:35:00.000Z</time>
        <extensions>
          <ns3:TrackPointExtension>
            <ns3:hr>144</ns3:hr>
          </ns3:TrackPointExtension>
        </extensions>
      </trkpt>
      <trkpt lat="51.9116263277828693389892578125" lon="6.2265130318701267242431640625">
        <ele>73.1999969482421875</ele>
        <time>2026-09-05T15:35:03.000Z</time>
        <extensions>
          <ns3:TrackPointExtension>
            <ns3:hr>143</ns3:hr>
          </ns3:TrackPointExtension>
        </extensions>
      </trkpt>
      <trkpt lat="51.911629848182201385498046875" lon="6.22633977793157100677490234375">
        <ele>73</ele>
        <time>2026-09-05T15:35:12.000Z</time>
        <extensions>
          <ns3:TrackPointExtension>
            <ns3:hr>143</ns3:hr>
          </ns3:TrackPointExtension>
        </extensions>
      </trkpt>
      <trkpt lat="51.91162674687802791595458984375" lon="6.226179935038089752197265625">
        <ele>72.40000152587890625</ele>
        <time>2026-09-05T15:35:22.000Z</time>
        <extensions>
          <ns3:TrackPointExtension>
            <ns3:hr>142</ns3:hr>
          </ns3:TrackPointExtension>
        </extensions>
      </trkpt>
      <trkpt lat="51.91162322647869586944580078125" lon="6.22613945044577121734619140625">
        <ele>72.1999969482421875</ele>
        <time>2026-09-05T15:35:25.000Z</time>
        <extensions>
          <ns3:TrackPointExtension>
            <ns3:hr>142</ns3:hr>
          </ns3:TrackPointExtension>
        </extensions>
      </trkpt>
      <trkpt lat="51.9116249866783618927001953125" lon="6.2260402925312519073486328125">
        <ele>71.8000030517578125</ele>
        <time>2026-09-05T15:35:31.000Z</time>
        <extensions>
          <ns3:TrackPointExtension>
            <ns3:hr>141</ns3:hr>
          </ns3:TrackPointExtension>
        </extensions>
      </trkpt>
      <trkpt lat="51.91161199472844600677490234375" lon="6.22590878047049045562744140625">
        <ele>71.59999847412109375</ele>
        <time>2026-09-05T15:35:40.000Z</time>
        <extensions>
          <ns3:TrackPointExtension>
            <ns3:hr>141</ns3:hr>
          </ns3:TrackPointExtension>
        </extensions>
      </trkpt>
      <trkpt lat="51.91159640438854694366455078125" lon="6.22583736665546894073486328125">
        <ele>71.1999969482421875</ele>
        <time>2026-09-05T15:35:45.000Z</time>
        <extensions>
          <ns3:TrackPointExtension>
            <ns3:hr>141</ns3:hr>
          </ns3:TrackPointExtension>
        </extensions>
      </trkpt>
      <trkpt lat="51.91158869303762912750244140625" lon="6.225780956447124481201171875">
        <ele>71</ele>
        <time>2026-09-05T15:35:49.000Z</time>
        <extensions>
          <ns3:TrackPointExtension>
            <ns3:hr>140</ns3:hr>
          </ns3:TrackPointExtension>
        </extensions>
      </trkpt>
      <trkpt lat="51.9115807302296161651611328125" lon="6.22562237083911895751953125">
        <ele>70.40000152587890625</ele>
        <time>2026-09-05T15:35:57.000Z</time>
        <extensions>
          <ns3:TrackPointExtension>
            <ns3:hr>140</ns3:hr>
          </ns3:TrackPointExtension>
        </extensions>
      </trkpt>
      <trkpt lat="51.9115683250129222869873046875" lon="6.22549454681575298309326171875">
        <ele>70.1999969482421875</ele>
        <time>2026-09-05T15:36:04.000Z</time>
        <extensions>
          <ns3:TrackPointExtension>
            <ns3:hr>140</ns3:hr>
          </ns3:TrackPointExtension>
        </extensions>
      </trkpt>
      <trkpt lat="51.91156421788036823272705078125" lon="6.2254793755710124969482421875">
        <ele>70.1999969482421875</ele>
        <time>2026-09-05T15:36:06.000Z</time>
        <extensions>
          <ns3:TrackPointExtension>
            <ns3:hr>140</ns3:hr>
          </ns3:TrackPointExtension>
        </extensions>
      </trkpt>
      <trkpt lat="51.911570839583873748779296875" lon="6.2253593467175960540771484375">
        <ele>69.59999847412109375</ele>
        <time>2026-09-05T15:36:14.000Z</time>
        <extensions>
          <ns3:TrackPointExtension>
            <ns3:hr>140</ns3:hr>
          </ns3:TrackPointExtension>
        </extensions>
      </trkpt>
      <trkpt lat="51.91156757064163684844970703125" lon="6.22522984631359577178955078125">
        <ele>69.1999969482421875</ele>
        <time>2026-09-05T15:36:23.000Z</time>
        <extensions>
          <ns3:TrackPointExtension>
            <ns3:hr>140</ns3:hr>
          </ns3:TrackPointExtension>
        </extensions>
      </trkpt>
      <trkpt lat="51.9115649722516536712646484375" lon="6.22519765980541706085205078125">
        <ele>69.1999969482421875</ele>
        <time>2026-09-05T15:36:25.000Z</time>
        <extensions>
          <ns3:TrackPointExtension>
            <ns3:hr>140</ns3:hr>
          </ns3:TrackPointExtension>
        </extensions>
      </trkpt>
      <trkpt lat="51.9115596078336238861083984375" lon="6.22512591071426868438720703125">
        <ele>69</ele>
        <time>2026-09-05T15:36:30.000Z</time>
        <extensions>
          <ns3:TrackPointExtension>
            <ns3:hr>143</ns3:hr>
          </ns3:TrackPointExtension>
        </extensions>
      </trkpt>
      <trkpt lat="51.9115555845201015472412109375" lon="6.22507595457136631011962890625">
        <ele>69</ele>
        <time>2026-09-05T15:36:33.000Z</time>
        <extensions>
          <ns3:TrackPointExtension>
            <ns3:hr>144</ns3:hr>
          </ns3:TrackPointExtension>
        </extensions>
      </trkpt>
      <trkpt lat="51.91154225729405879974365234375" lon="6.22492290101945400238037109375">
        <ele>69</ele>
        <time>2026-09-05T15:36:42.000Z</time>
        <extensions>
          <ns3:TrackPointExtension>
            <ns3:hr>144</ns3:hr>
          </ns3:TrackPointExtension>
        </extensions>
      </trkpt>
      <trkpt lat="51.91152624785900115966796875" lon="6.22478091157972812652587890625">
        <ele>69</ele>
        <time>2026-09-05T15:36:51.000Z</time>
        <extensions>
          <ns3:TrackPointExtension>
            <ns3:hr>142</ns3:hr>
          </ns3:TrackPointExtension>
        </extensions>
      </trkpt>
      <trkpt lat="51.911513172090053558349609375" lon="6.2245999462902545928955078125">
        <ele>68.8000030517578125</ele>
        <time>2026-09-05T15:37:00.000Z</time>
        <extensions>
          <ns3:TrackPointExtension>
            <ns3:hr>142</ns3:hr>
          </ns3:TrackPointExtension>
        </extensions>
      </trkpt>
      <trkpt lat="51.91149246878921985626220703125" lon="6.22442384250462055206298828125">
        <ele>68.40000152587890625</ele>
        <time>2026-09-05T15:37:11.000Z</time>
        <extensions>
          <ns3:TrackPointExtension>
            <ns3:hr>143</ns3:hr>
          </ns3:TrackPointExtension>
        </extensions>
      </trkpt>
      <trkpt lat="51.91147930920124053955078125" lon="6.2243558652698993682861328125">
        <ele>68.1999969482421875</ele>
        <time>2026-09-05T15:37:15.000Z</time>
        <extensions>
          <ns3:TrackPointExtension>
            <ns3:hr>142</ns3:hr>
          </ns3:TrackPointExtension>
        </extensions>
      </trkpt>
      <trkpt lat="51.91145106218755245208740234375" lon="6.22423156164586544036865234375">
        <ele>68</ele>
        <time>2026-09-05T15:37:21.000Z</time>
        <extensions>
          <ns3:TrackPointExtension>
            <ns3:hr>142</ns3:hr>
          </ns3:TrackPointExtension>
        </extensions>
      </trkpt>
      <trkpt lat="51.911454834043979644775390625" lon="6.22408680617809295654296875">
        <ele>67.8000030517578125</ele>
        <time>2026-09-05T15:37:30.000Z</time>
        <extensions>
          <ns3:TrackPointExtension>
            <ns3:hr>141</ns3:hr>
          </ns3:TrackPointExtension>
        </extensions>
      </trkpt>
      <trkpt lat="51.91145240329205989837646484375" lon="6.22394196689128875732421875">
        <ele>67.8000030517578125</ele>
        <time>2026-09-05T15:37:39.000Z</time>
        <extensions>
          <ns3:TrackPointExtension>
            <ns3:hr>142</ns3:hr>
          </ns3:TrackPointExtension>
        </extensions>
      </trkpt>
      <trkpt lat="51.91142960451543331146240234375" lon="6.223757229745388031005859375">
        <ele>68</ele>
        <time>2026-09-05T15:37:50.000Z</time>
        <extensions>
          <ns3:TrackPointExtension>
            <ns3:hr>141</ns3:hr>
          </ns3:TrackPointExtension>
        </extensions>
      </trkpt>
      <trkpt lat="51.91139540635049343109130859375" lon="6.22359420172870159149169921875">
        <ele>68.59999847412109375</ele>
        <time>2026-09-05T15:37:59.000Z</time>
        <extensions>
          <ns3:TrackPointExtension>
            <ns3:hr>142</ns3:hr>
          </ns3:TrackPointExtension>
        </extensions>
      </trkpt>
      <trkpt lat="51.91138400696218013763427734375" lon="6.2234435789287090301513671875">
        <ele>68.40000152587890625</ele>
        <time>2026-09-05T15:38:08.000Z</time>
        <extensions>
          <ns3:TrackPointExtension>
            <ns3:hr>143</ns3:hr>
          </ns3:TrackPointExtension>
        </extensions>
      </trkpt>
      <trkpt lat="51.9113752059638500213623046875" lon="6.22328490950167179107666015625">
        <ele>68.59999847412109375</ele>
        <time>2026-09-05T15:38:16.000Z</time>
        <extensions>
          <ns3:TrackPointExtension>
            <ns3:hr>146</ns3:hr>
          </ns3:TrackPointExtension>
        </extensions>
      </trkpt>
      <trkpt lat="51.91136925481259822845458984375" lon="6.223232187330722808837890625">
        <ele>68.59999847412109375</ele>
        <time>2026-09-05T15:38:19.000Z</time>
        <extensions>
          <ns3:TrackPointExtension>
            <ns3:hr>149</ns3:hr>
          </ns3:TrackPointExtension>
        </extensions>
      </trkpt>
      <trkpt lat="51.91136606968939304351806640625" lon="6.22316756285727024078369140625">
        <ele>68.59999847412109375</ele>
        <time>2026-09-05T15:38:23.000Z</time>
        <extensions>
          <ns3:TrackPointExtension>
            <ns3:hr>152</ns3:hr>
          </ns3:TrackPointExtension>
        </extensions>
      </trkpt>
      <trkpt lat="51.911364309489727020263671875" lon="6.223115511238574981689453125">
        <ele>68.59999847412109375</ele>
        <time>2026-09-05T15:38:26.000Z</time>
        <extensions>
          <ns3:TrackPointExtension>
            <ns3:hr>151</ns3:hr>
          </ns3:TrackPointExtension>
        </extensions>
      </trkpt>
      <trkpt lat="51.91133673302829265594482421875" lon="6.22296203859150409698486328125">
        <ele>68.8000030517578125</ele>
        <time>2026-09-05T15:38:35.000Z</time>
        <extensions>
          <ns3:TrackPointExtension>
            <ns3:hr>151</ns3:hr>
          </ns3:TrackPointExtension>
        </extensions>
      </trkpt>
      <trkpt lat="51.9113265909254550933837890625" lon="6.22279456816613674163818359375">
        <ele>69</ele>
        <time>2026-09-05T15:38:44.000Z</time>
        <extensions>
          <ns3:TrackPointExtension>
            <ns3:hr>151</ns3:hr>
          </ns3:TrackPointExtension>
        </extensions>
      </trkpt>
      <trkpt lat="51.91133446991443634033203125" lon="6.2226523272693157196044921875">
        <ele>68.8000030517578125</ele>
        <time>2026-09-05T15:38:53.000Z</time>
        <extensions>
          <ns3:TrackPointExtension>
            <ns3:hr>150</ns3:hr>
          </ns3:TrackPointExtension>
        </extensions>
      </trkpt>
      <trkpt lat="51.91131971776485443115234375" lon="6.22248443774878978729248046875">
        <ele>68.59999847412109375</ele>
        <time>2026-09-05T15:39:02.000Z</time>
        <extensions>
          <ns3:TrackPointExtension>
            <ns3:hr>148</ns3:hr>
          </ns3:TrackPointExtension>
        </extensions>
      </trkpt>
      <trkpt lat="51.911295913159847259521484375" lon="6.222299449145793914794921875">
        <ele>68.1999969482421875</ele>
        <time>2026-09-05T15:39:12.000Z</time>
        <extensions>
          <ns3:TrackPointExtension>
            <ns3:hr>148</ns3:hr>
          </ns3:TrackPointExtension>
        </extensions>
      </trkpt>
      <trkpt lat="51.91129432059824466705322265625" lon="6.22210867702960968017578125">
        <ele>68.59999847412109375</ele>
        <time>2026-09-05T15:39:23.000Z</time>
        <extensions>
          <ns3:TrackPointExtension>
            <ns3:hr>147</ns3:hr>
          </ns3:TrackPointExtension>
        </extensions>
      </trkpt>
      <trkpt lat="51.9113161973655223846435546875" lon="6.22210063040256500244140625">
        <ele>68.59999847412109375</ele>
        <time>2026-09-05T15:39:30.000Z</time>
        <extensions>
          <ns3:TrackPointExtension>
            <ns3:hr>147</ns3:hr>
          </ns3:TrackPointExtension>
        </extensions>
      </trkpt>
      <trkpt lat="51.9113017804920673370361328125" lon="6.222038604319095611572265625">
        <ele>68.59999847412109375</ele>
        <time>2026-09-05T15:39:37.000Z</time>
        <extensions>
          <ns3:TrackPointExtension>
            <ns3:hr>147</ns3:hr>
          </ns3:TrackPointExtension>
        </extensions>
      </trkpt>
      <trkpt lat="51.91128711216151714324951171875" lon="6.2218825332820415496826171875">
        <ele>68.40000152587890625</ele>
        <time>2026-09-05T15:39:46.000Z</time>
        <extensions>
          <ns3:TrackPointExtension>
            <ns3:hr>146</ns3:hr>
          </ns3:TrackPointExtension>
        </extensions>
      </trkpt>
      <trkpt lat="51.911271102726459503173828125" lon="6.22173325158655643463134765625">
        <ele>68.40000152587890625</ele>
        <time>2026-09-05T15:39:55.000Z</time>
        <extensions>
          <ns3:TrackPointExtension>
            <ns3:hr>146</ns3:hr>
          </ns3:TrackPointExtension>
        </extensions>
      </trkpt>
      <trkpt lat="51.91124486736953258514404296875" lon="6.22167608700692653656005859375">
        <ele>68.40000152587890625</ele>
        <time>2026-09-05T15:40:03.000Z</time>
        <extensions>
          <ns3:TrackPointExtension>
            <ns3:hr>146</ns3:hr>
          </ns3:TrackPointExtension>
        </extensions>
      </trkpt>
      <trkpt lat="51.9112337194383144378662109375" lon="6.2215522862970829010009765625">
        <ele>68.59999847412109375</ele>
        <time>2026-09-05T15:40:12.000Z</time>
        <extensions>
          <ns3:TrackPointExtension>
            <ns3:hr>146</ns3:hr>
          </ns3:TrackPointExtension>
        </extensions>
      </trkpt>
      <trkpt lat="51.91122810356318950653076171875" lon="6.22140551917254924774169921875">
        <ele>68.59999847412109375</ele>
        <time>2026-09-05T15:40:20.000Z</time>
        <extensions>
          <ns3:TrackPointExtension>
            <ns3:hr>147</ns3:hr>
          </ns3:TrackPointExtension>
        </extensions>
      </trkpt>
      <trkpt lat="51.91120714880526065826416015625" lon="6.2212616018950939178466796875">
        <ele>68.1999969482421875</ele>
        <time>2026-09-05T15:40:30.000Z</time>
        <extensions>
          <ns3:TrackPointExtension>
            <ns3:hr>146</ns3:hr>
          </ns3:TrackPointExtension>
        </extensions>
      </trkpt>
      <trkpt lat="51.911197006702423095703125" lon="6.22103218920528888702392578125">
        <ele>68.1999969482421875</ele>
        <time>2026-09-05T15:40:41.000Z</time>
        <extensions>
          <ns3:TrackPointExtension>
            <ns3:hr>144</ns3:hr>
          </ns3:TrackPointExtension>
        </extensions>
      </trkpt>
      <trkpt lat="51.91118736751377582550048828125" lon="6.220849044620990753173828125">
        <ele>67.8000030517578125</ele>
        <time>2026-09-05T15:40:52.000Z</time>
        <extensions>
          <ns3:TrackPointExtension>
            <ns3:hr>144</ns3:hr>
          </ns3:TrackPointExtension>
        </extensions>
      </trkpt>
      <trkpt lat="51.9111780636012554168701171875" lon="6.2206510640680789947509765625">
        <ele>67.59999847412109375</ele>
        <time>2026-09-05T15:41:02.000Z</time>
        <extensions>
          <ns3:TrackPointExtension>
            <ns3:hr>144</ns3:hr>
          </ns3:TrackPointExtension>
        </extensions>
      </trkpt>
      <trkpt lat="51.91115333698689937591552734375" lon="6.22052625752985477447509765625">
        <ele>67.59999847412109375</ele>
        <time>2026-09-05T15:41:10.000Z</time>
        <extensions>
          <ns3:TrackPointExtension>
            <ns3:hr>143</ns3:hr>
          </ns3:TrackPointExtension>
        </extensions>
      </trkpt>
      <trkpt lat="51.911175884306430816650390625" lon="6.22047697193920612335205078125">
        <ele>67.8000030517578125</ele>
        <time>2026-09-05T15:41:17.000Z</time>
        <extensions>
          <ns3:TrackPointExtension>
            <ns3:hr>144</ns3:hr>
          </ns3:TrackPointExtension>
        </extensions>
      </trkpt>
      <trkpt lat="51.91118066199123859405517578125" lon="6.22047831304371356964111328125">
        <ele>67.8000030517578125</ele>
        <time>2026-09-05T15:41:18.000Z</time>
        <extensions>
          <ns3:TrackPointExtension>
            <ns3:hr>144</ns3:hr>
          </ns3:TrackPointExtension>
        </extensions>
      </trkpt>
      <trkpt lat="51.91117781214416027069091796875" lon="6.2204452045261859893798828125">
        <ele>67.8000030517578125</ele>
        <time>2026-09-05T15:41:23.000Z</time>
        <extensions>
          <ns3:TrackPointExtension>
            <ns3:hr>145</ns3:hr>
          </ns3:TrackPointExtension>
        </extensions>
      </trkpt>
      <trkpt lat="51.91117144189774990081787109375" lon="6.2204100005328655242919921875">
        <ele>67.8000030517578125</ele>
        <time>2026-09-05T15:41:26.000Z</time>
        <extensions>
          <ns3:TrackPointExtension>
            <ns3:hr>145</ns3:hr>
          </ns3:TrackPointExtension>
        </extensions>
      </trkpt>
      <trkpt lat="51.91119541414082050323486328125" lon="6.22033414430916309356689453125">
        <ele>67.8000030517578125</ele>
        <time>2026-09-05T15:41:34.000Z</time>
        <extensions>
          <ns3:TrackPointExtension>
            <ns3:hr>144</ns3:hr>
          </ns3:TrackPointExtension>
        </extensions>
      </trkpt>
      <trkpt lat="51.91124453209340572357177734375" lon="6.22028519399464130401611328125">
        <ele>68</ele>
        <time>2026-09-05T15:41:42.000Z</time>
        <extensions>
          <ns3:TrackPointExtension>
            <ns3:hr>142</ns3:hr>
          </ns3:TrackPointExtension>
        </extensions>
      </trkpt>
      <trkpt lat="51.91125291399657726287841796875" lon="6.220282427966594696044921875">
        <ele>68.40000152587890625</ele>
        <time>2026-09-05T15:41:46.000Z</time>
        <extensions>
          <ns3:TrackPointExtension>
            <ns3:hr>145</ns3:hr>
          </ns3:TrackPointExtension>
        </extensions>
      </trkpt>
      <trkpt lat="51.911256350576877593994140625" lon="6.22027798555791378021240234375">
        <ele>68.40000152587890625</ele>
        <time>2026-09-05T15:41:49.000Z</time>
        <extensions>
          <ns3:TrackPointExtension>
            <ns3:hr>145</ns3:hr>
          </ns3:TrackPointExtension>
        </extensions>
      </trkpt>
      <trkpt lat="51.91125643439590930938720703125" lon="6.2202747166156768798828125">
        <ele>69.1999969482421875</ele>
        <time>2026-09-05T15:41:58.000Z</time>
        <extensions>
          <ns3:TrackPointExtension>
            <ns3:hr>146</ns3:hr>
          </ns3:TrackPointExtension>
        </extensions>
      </trkpt>
      <trkpt lat="51.91126062534749507904052734375" lon="6.22027446515858173370361328125">
        <ele>69.1999969482421875</ele>
        <time>2026-09-05T15:41:59.000Z</time>
        <extensions>
          <ns3:TrackPointExtension>
            <ns3:hr>147</ns3:hr>
          </ns3:TrackPointExtension>
        </extensions>
      </trkpt>
      <trkpt lat="51.91128979437053203582763671875" lon="6.22027128003537654876708984375">
        <ele>68.8000030517578125</ele>
        <time>2026-09-05T15:42:08.000Z</time>
        <extensions>
          <ns3:TrackPointExtension>
            <ns3:hr>147</ns3:hr>
          </ns3:TrackPointExtension>
        </extensions>
      </trkpt>
      <trkpt lat="51.91131569445133209228515625" lon="6.22027614153921604156494140625">
        <ele>68.8000030517578125</ele>
        <time>2026-09-05T15:42:13.000Z</time>
        <extensions>
          <ns3:TrackPointExtension>
            <ns3:hr>150</ns3:hr>
          </ns3:TrackPointExtension>
        </extensions>
      </trkpt>
      <trkpt lat="51.9112789817154407501220703125" lon="6.22027765028178691864013671875">
        <ele>68.8000030517578125</ele>
        <time>2026-09-05T15:42:20.000Z</time>
        <extensions>
          <ns3:TrackPointExtension>
            <ns3:hr>151</ns3:hr>
          </ns3:TrackPointExtension>
        </extensions>
      </trkpt>
      <trkpt lat="51.911247633397579193115234375" lon="6.2203174643218517303466796875">
        <ele>68.40000152587890625</ele>
        <time>2026-09-05T15:42:26.000Z</time>
        <extensions>
          <ns3:TrackPointExtension>
            <ns3:hr>151</ns3:hr>
          </ns3:TrackPointExtension>
        </extensions>
      </trkpt>
      <trkpt lat="51.91125241108238697052001953125" lon="6.22031721286475658416748046875">
        <ele>68.1999969482421875</ele>
        <time>2026-09-05T15:42:29.000Z</time>
        <extensions>
          <ns3:TrackPointExtension>
            <ns3:hr>150</ns3:hr>
          </ns3:TrackPointExtension>
        </extensions>
      </trkpt>
      <trkpt lat="51.9112680852413177490234375" lon="6.22026692144572734832763671875">
        <ele>68.40000152587890625</ele>
        <time>2026-09-05T15:42:40.000Z</time>
        <extensions>
          <ns3:TrackPointExtension>
            <ns3:hr>148</ns3:hr>
          </ns3:TrackPointExtension>
        </extensions>
      </trkpt>
      <trkpt lat="51.911305971443653106689453125" lon="6.22024009935557842254638671875">
        <ele>68.40000152587890625</ele>
        <time>2026-09-05T15:42:48.000Z</time>
        <extensions>
          <ns3:TrackPointExtension>
            <ns3:hr>146</ns3:hr>
          </ns3:TrackPointExtension>
        </extensions>
      </trkpt>
      <trkpt lat="51.91139523871243000030517578125" lon="6.22017622925341129302978515625">
        <ele>69</ele>
        <time>2026-09-05T15:42:56.000Z</time>
        <extensions>
          <ns3:TrackPointExtension>
            <ns3:hr>143</ns3:hr>
          </ns3:TrackPointExtension>
        </extensions>
      </trkpt>
      <trkpt lat="51.911419965326786041259765625" lon="6.2201649136841297149658203125">
        <ele>69.1999969482421875</ele>
        <time>2026-09-05T15:42:59.000Z</time>
        <extensions>
          <ns3:TrackPointExtension>
            <ns3:hr>145</ns3:hr>
          </ns3:TrackPointExtension>
        </extensions>
      </trkpt>
      <trkpt lat="51.91149397753179073333740234375" lon="6.22015829198062419891357421875">
        <ele>69.8000030517578125</ele>
        <time>2026-09-05T15:43:07.000Z</time>
        <extensions>
          <ns3:TrackPointExtension>
            <ns3:hr>148</ns3:hr>
          </ns3:TrackPointExtension>
        </extensions>
      </trkpt>
      <trkpt lat="51.91153429448604583740234375" lon="6.220146976411342620849609375">
        <ele>69.59999847412109375</ele>
        <time>2026-09-05T15:43:10.000Z</time>
        <extensions>
          <ns3:TrackPointExtension>
            <ns3:hr>153</ns3:hr>
          </ns3:TrackPointExtension>
        </extensions>
      </trkpt>
      <trkpt lat="51.91160981543362140655517578125" lon="6.22013649903237819671630859375">
        <ele>69.8000030517578125</ele>
        <time>2026-09-05T15:43:18.000Z</time>
        <extensions>
          <ns3:TrackPointExtension>
            <ns3:hr>151</ns3:hr>
          </ns3:TrackPointExtension>
        </extensions>
      </trkpt>
      <trkpt lat="51.91162557341158390045166015625" lon="6.22012878768146038055419921875">
        <ele>70</ele>
        <time>2026-09-05T15:43:22.000Z</time>
        <extensions>
          <ns3:TrackPointExtension>
            <ns3:hr>154</ns3:hr>
          </ns3:TrackPointExtension>
        </extensions>
      </trkpt>
      <trkpt lat="51.91163395531475543975830078125" lon="6.220118813216686248779296875">
        <ele>70.1999969482421875</ele>
        <time>2026-09-05T15:43:24.000Z</time>
        <extensions>
          <ns3:TrackPointExtension>
            <ns3:hr>155</ns3:hr>
          </ns3:TrackPointExtension>
        </extensions>
      </trkpt>
      <trkpt lat="51.9116508029401302337646484375" lon="6.22006122954189777374267578125">
        <ele>70.8000030517578125</ele>
        <time>2026-09-05T15:43:29.000Z</time>
        <extensions>
          <ns3:TrackPointExtension>
            <ns3:hr>153</ns3:hr>
          </ns3:TrackPointExtension>
        </extensions>
      </trkpt>
      <trkpt lat="51.9116313569247722625732421875" lon="6.219929717481136322021484375">
        <ele>70.8000030517578125</ele>
        <time>2026-09-05T15:43:38.000Z</time>
        <extensions>
          <ns3:TrackPointExtension>
            <ns3:hr>155</ns3:hr>
          </ns3:TrackPointExtension>
        </extensions>
      </trkpt>
      <trkpt lat="51.9116246514022350311279296875" lon="6.21987330727279186248779296875">
        <ele>71.1999969482421875</ele>
        <time>2026-09-05T15:43:42.000Z</time>
        <extensions>
          <ns3:TrackPointExtension>
            <ns3:hr>156</ns3:hr>
          </ns3:TrackPointExtension>
        </extensions>
      </trkpt>
      <trkpt lat="51.91161719150841236114501953125" lon="6.21984011493623256683349609375">
        <ele>71.40000152587890625</ele>
        <time>2026-09-05T15:43:45.000Z</time>
        <extensions>
          <ns3:TrackPointExtension>
            <ns3:hr>159</ns3:hr>
          </ns3:TrackPointExtension>
        </extensions>
      </trkpt>
      <trkpt lat="51.91161165945231914520263671875" lon="6.219794265925884246826171875">
        <ele>70.8000030517578125</ele>
        <time>2026-09-05T15:43:49.000Z</time>
        <extensions>
          <ns3:TrackPointExtension>
            <ns3:hr>161</ns3:hr>
          </ns3:TrackPointExtension>
        </extensions>
      </trkpt>
      <trkpt lat="51.91160931251943111419677734375" lon="6.2197692878544330596923828125">
        <ele>70.59999847412109375</ele>
        <time>2026-09-05T15:43:51.000Z</time>
        <extensions>
          <ns3:TrackPointExtension>
            <ns3:hr>155</ns3:hr>
          </ns3:TrackPointExtension>
        </extensions>
      </trkpt>
      <trkpt lat="51.911604702472686767578125" lon="6.21975160203874111175537109375">
        <ele>70.40000152587890625</ele>
        <time>2026-09-05T15:43:52.000Z</time>
        <extensions>
          <ns3:TrackPointExtension>
            <ns3:hr>155</ns3:hr>
          </ns3:TrackPointExtension>
        </extensions>
      </trkpt>
      <trkpt lat="51.91159841604530811309814453125" lon="6.2197096087038516998291015625">
        <ele>70.40000152587890625</ele>
        <time>2026-09-05T15:43:58.000Z</time>
        <extensions>
          <ns3:TrackPointExtension>
            <ns3:hr>157</ns3:hr>
          </ns3:TrackPointExtension>
        </extensions>
      </trkpt>
      <trkpt lat="51.91157494671642780303955078125" lon="6.2195805273950099945068359375">
        <ele>70.40000152587890625</ele>
        <time>2026-09-05T15:44:07.000Z</time>
        <extensions>
          <ns3:TrackPointExtension>
            <ns3:hr>157</ns3:hr>
          </ns3:TrackPointExtension>
        </extensions>
      </trkpt>
      <trkpt lat="51.911570839583873748779296875" lon="6.2194403819739818572998046875">
        <ele>70.40000152587890625</ele>
        <time>2026-09-05T15:44:13.000Z</time>
        <extensions>
          <ns3:TrackPointExtension>
            <ns3:hr>153</ns3:hr>
          </ns3:TrackPointExtension>
        </extensions>
      </trkpt>
      <trkpt lat="51.91156622953712940216064453125" lon="6.2194159068167209625244140625">
        <ele>70.40000152587890625</ele>
        <time>2026-09-05T15:44:14.000Z</time>
        <extensions>
          <ns3:TrackPointExtension>
            <ns3:hr>150</ns3:hr>
          </ns3:TrackPointExtension>
        </extensions>
      </trkpt>
      <trkpt lat="51.91156120039522647857666015625" lon="6.21939361095428466796875">
        <ele>70.40000152587890625</ele>
        <time>2026-09-05T15:44:15.000Z</time>
        <extensions>
          <ns3:TrackPointExtension>
            <ns3:hr>150</ns3:hr>
          </ns3:TrackPointExtension>
        </extensions>
      </trkpt>
      <trkpt lat="51.91154879517853260040283203125" lon="6.21933619491755962371826171875">
        <ele>70.1999969482421875</ele>
        <time>2026-09-05T15:44:19.000Z</time>
        <extensions>
          <ns3:TrackPointExtension>
            <ns3:hr>148</ns3:hr>
          </ns3:TrackPointExtension>
        </extensions>
      </trkpt>
      <trkpt lat="51.91154561005532741546630859375" lon="6.21928003616631031036376953125">
        <ele>70</ele>
        <time>2026-09-05T15:44:24.000Z</time>
        <extensions>
          <ns3:TrackPointExtension>
            <ns3:hr>148</ns3:hr>
          </ns3:TrackPointExtension>
        </extensions>
      </trkpt>
      <trkpt lat="51.911546699702739715576171875" lon="6.2191215343773365020751953125">
        <ele>69.8000030517578125</ele>
        <time>2026-09-05T15:44:33.000Z</time>
        <extensions>
          <ns3:TrackPointExtension>
            <ns3:hr>146</ns3:hr>
          </ns3:TrackPointExtension>
        </extensions>
      </trkpt>
      <trkpt lat="51.91153236664831638336181640625" lon="6.2189666368067264556884765625">
        <ele>69.59999847412109375</ele>
        <time>2026-09-05T15:44:44.000Z</time>
        <extensions>
          <ns3:TrackPointExtension>
            <ns3:hr>147</ns3:hr>
          </ns3:TrackPointExtension>
        </extensions>
      </trkpt>
      <trkpt lat="51.9115116633474826812744140625" lon="6.21881802566349506378173828125">
        <ele>69.40000152587890625</ele>
        <time>2026-09-05T15:44:53.000Z</time>
        <extensions>
          <ns3:TrackPointExtension>
            <ns3:hr>145</ns3:hr>
          </ns3:TrackPointExtension>
        </extensions>
      </trkpt>
      <trkpt lat="51.91150789149105548858642578125" lon="6.2186806462705135345458984375">
        <ele>69.1999969482421875</ele>
        <time>2026-09-05T15:45:00.000Z</time>
        <extensions>
          <ns3:TrackPointExtension>
            <ns3:hr>146</ns3:hr>
          </ns3:TrackPointExtension>
        </extensions>
      </trkpt>
      <trkpt lat="51.91150604747235774993896484375" lon="6.21863261796534061431884765625">
        <ele>69.1999969482421875</ele>
        <time>2026-09-05T15:45:03.000Z</time>
        <extensions>
          <ns3:TrackPointExtension>
            <ns3:hr>147</ns3:hr>
          </ns3:TrackPointExtension>
        </extensions>
      </trkpt>
      <trkpt lat="51.911478973925113677978515625" lon="6.2184883654117584228515625">
        <ele>68.8000030517578125</ele>
        <time>2026-09-05T15:45:11.000Z</time>
        <extensions>
          <ns3:TrackPointExtension>
            <ns3:hr>148</ns3:hr>
          </ns3:TrackPointExtension>
        </extensions>
      </trkpt>
      <trkpt lat="51.91143010742962360382080078125" lon="6.21831829659640789031982421875">
        <ele>68.59999847412109375</ele>
        <time>2026-09-05T15:45:21.000Z</time>
        <extensions>
          <ns3:TrackPointExtension>
            <ns3:hr>146</ns3:hr>
          </ns3:TrackPointExtension>
        </extensions>
      </trkpt>
      <trkpt lat="51.91140915267169475555419921875" lon="6.218193657696247100830078125">
        <ele>68.1999969482421875</ele>
        <time>2026-09-05T15:45:30.000Z</time>
        <extensions>
          <ns3:TrackPointExtension>
            <ns3:hr>146</ns3:hr>
          </ns3:TrackPointExtension>
        </extensions>
      </trkpt>
      <trkpt lat="51.91139641217887401580810546875" lon="6.2181328050792217254638671875">
        <ele>68.1999969482421875</ele>
        <time>2026-09-05T15:45:33.000Z</time>
        <extensions>
          <ns3:TrackPointExtension>
            <ns3:hr>145</ns3:hr>
          </ns3:TrackPointExtension>
        </extensions>
      </trkpt>
      <trkpt lat="51.91135986708104610443115234375" lon="6.21797807514667510986328125">
        <ele>68</ele>
        <time>2026-09-05T15:45:42.000Z</time>
        <extensions>
          <ns3:TrackPointExtension>
            <ns3:hr>145</ns3:hr>
          </ns3:TrackPointExtension>
        </extensions>
      </trkpt>
      <trkpt lat="51.91131728701293468475341796875" lon="6.21782292611896991729736328125">
        <ele>67.40000152587890625</ele>
        <time>2026-09-05T15:45:54.000Z</time>
        <extensions>
          <ns3:TrackPointExtension>
            <ns3:hr>144</ns3:hr>
          </ns3:TrackPointExtension>
        </extensions>
      </trkpt>
      <trkpt lat="51.91127604804933071136474609375" lon="6.21764950454235076904296875">
        <ele>67.1999969482421875</ele>
        <time>2026-09-05T15:46:04.000Z</time>
        <extensions>
          <ns3:TrackPointExtension>
            <ns3:hr>144</ns3:hr>
          </ns3:TrackPointExtension>
        </extensions>
      </trkpt>
      <trkpt lat="51.9112699292600154876708984375" lon="6.2176305614411830902099609375">
        <ele>67.1999969482421875</ele>
        <time>2026-09-05T15:46:05.000Z</time>
        <extensions>
          <ns3:TrackPointExtension>
            <ns3:hr>145</ns3:hr>
          </ns3:TrackPointExtension>
        </extensions>
      </trkpt>
      <trkpt lat="51.9112300314009189605712890625" lon="6.21755856089293956756591796875">
        <ele>67.1999969482421875</ele>
        <time>2026-09-05T15:46:10.000Z</time>
        <extensions>
          <ns3:TrackPointExtension>
            <ns3:hr>148</ns3:hr>
          </ns3:TrackPointExtension>
        </extensions>
      </trkpt>
      <trkpt lat="51.91121586598455905914306640625" lon="6.21752436272799968719482421875">
        <ele>67</ele>
        <time>2026-09-05T15:46:12.000Z</time>
        <extensions>
          <ns3:TrackPointExtension>
            <ns3:hr>147</ns3:hr>
          </ns3:TrackPointExtension>
        </extensions>
      </trkpt>
      <trkpt lat="51.91116205416619777679443359375" lon="6.217405088245868682861328125">
        <ele>66.40000152587890625</ele>
        <time>2026-09-05T15:46:21.000Z</time>
        <extensions>
          <ns3:TrackPointExtension>
            <ns3:hr>147</ns3:hr>
          </ns3:TrackPointExtension>
        </extensions>
      </trkpt>
      <trkpt lat="51.91111385822296142578125" lon="6.21741154231131076812744140625">
        <ele>66.1999969482421875</ele>
        <time>2026-09-05T15:46:28.000Z</time>
        <extensions>
          <ns3:TrackPointExtension>
            <ns3:hr>146</ns3:hr>
          </ns3:TrackPointExtension>
        </extensions>
      </trkpt>
      <trkpt lat="51.91107588820159435272216796875" lon="6.21742897666990756988525390625">
        <ele>66.1999969482421875</ele>
        <time>2026-09-05T15:46:31.000Z</time>
        <extensions>
          <ns3:TrackPointExtension>
            <ns3:hr>147</ns3:hr>
          </ns3:TrackPointExtension>
        </extensions>
      </trkpt>
      <trkpt lat="51.91099877469241619110107421875" lon="6.2174816988408565521240234375">
        <ele>65.59999847412109375</ele>
        <time>2026-09-05T15:46:40.000Z</time>
        <extensions>
          <ns3:TrackPointExtension>
            <ns3:hr>146</ns3:hr>
          </ns3:TrackPointExtension>
        </extensions>
      </trkpt>
      <trkpt lat="51.91087304614484310150146484375" lon="6.21755026280879974365234375">
        <ele>65.1999969482421875</ele>
        <time>2026-09-05T15:46:49.000Z</time>
        <extensions>
          <ns3:TrackPointExtension>
            <ns3:hr>146</ns3:hr>
          </ns3:TrackPointExtension>
        </extensions>
      </trkpt>
      <trkpt lat="51.9108277000486850738525390625" lon="6.21755772270262241363525390625">
        <ele>65</ele>
        <time>2026-09-05T15:46:52.000Z</time>
        <extensions>
          <ns3:TrackPointExtension>
            <ns3:hr>145</ns3:hr>
          </ns3:TrackPointExtension>
        </extensions>
      </trkpt>
      <trkpt lat="51.91070607863366603851318359375" lon="6.217583455145359039306640625">
        <ele>64.59999847412109375</ele>
        <time>2026-09-05T15:47:03.000Z</time>
        <extensions>
          <ns3:TrackPointExtension>
            <ns3:hr>145</ns3:hr>
          </ns3:TrackPointExtension>
        </extensions>
      </trkpt>
      <trkpt lat="51.9105792604386806488037109375" lon="6.2176372669637203216552734375">
        <ele>64.1999969482421875</ele>
        <time>2026-09-05T15:47:14.000Z</time>
        <extensions>
          <ns3:TrackPointExtension>
            <ns3:hr>145</ns3:hr>
          </ns3:TrackPointExtension>
        </extensions>
      </trkpt>
      <trkpt lat="51.9105398654937744140625" lon="6.21766291558742523193359375">
        <ele>64.1999969482421875</ele>
        <time>2026-09-05T15:47:18.000Z</time>
        <extensions>
          <ns3:TrackPointExtension>
            <ns3:hr>145</ns3:hr>
          </ns3:TrackPointExtension>
        </extensions>
      </trkpt>
      <trkpt lat="51.91047926433384418487548828125" lon="6.21768328361213207244873046875">
        <ele>64.1999969482421875</ele>
        <time>2026-09-05T15:47:24.000Z</time>
        <extensions>
          <ns3:TrackPointExtension>
            <ns3:hr>145</ns3:hr>
          </ns3:TrackPointExtension>
        </extensions>
      </trkpt>
      <trkpt lat="51.91035990603268146514892578125" lon="6.2177160568535327911376953125">
        <ele>63.799999237060546875</ele>
        <time>2026-09-05T15:47:35.000Z</time>
        <extensions>
          <ns3:TrackPointExtension>
            <ns3:hr>145</ns3:hr>
          </ns3:TrackPointExtension>
        </extensions>
      </trkpt>
      <trkpt lat="51.91023300401866436004638671875" lon="6.217745058238506317138671875">
        <ele>63.200000762939453125</ele>
        <time>2026-09-05T15:47:46.000Z</time>
        <extensions>
          <ns3:TrackPointExtension>
            <ns3:hr>145</ns3:hr>
          </ns3:TrackPointExtension>
        </extensions>
      </trkpt>
      <trkpt lat="51.910209953784942626953125" lon="6.21775369159877300262451171875">
        <ele>63</ele>
        <time>2026-09-05T15:47:48.000Z</time>
        <extensions>
          <ns3:TrackPointExtension>
            <ns3:hr>146</ns3:hr>
          </ns3:TrackPointExtension>
        </extensions>
      </trkpt>
      <trkpt lat="51.9101531244814395904541015625" lon="6.21777079068124294281005859375">
        <ele>62.799999237060546875</ele>
        <time>2026-09-05T15:47:56.000Z</time>
        <extensions>
          <ns3:TrackPointExtension>
            <ns3:hr>145</ns3:hr>
          </ns3:TrackPointExtension>
        </extensions>
      </trkpt>
      <trkpt lat="51.91004022024571895599365234375" lon="6.21779459528625011444091796875">
        <ele>62.59999847412109375</ele>
        <time>2026-09-05T15:48:07.000Z</time>
        <extensions>
          <ns3:TrackPointExtension>
            <ns3:hr>145</ns3:hr>
          </ns3:TrackPointExtension>
        </extensions>
      </trkpt>
      <trkpt lat="51.90990108065307140350341796875" lon="6.2178508378565311431884765625">
        <ele>62.200000762939453125</ele>
        <time>2026-09-05T15:48:17.000Z</time>
        <extensions>
          <ns3:TrackPointExtension>
            <ns3:hr>146</ns3:hr>
          </ns3:TrackPointExtension>
        </extensions>
      </trkpt>
      <trkpt lat="51.90980703569948673248291015625" lon="6.21788595803081989288330078125">
        <ele>62.200000762939453125</ele>
        <time>2026-09-05T15:48:26.000Z</time>
        <extensions>
          <ns3:TrackPointExtension>
            <ns3:hr>144</ns3:hr>
          </ns3:TrackPointExtension>
        </extensions>
      </trkpt>
      <trkpt lat="51.9097192771732807159423828125" lon="6.21791127137839794158935546875">
        <ele>62</ele>
        <time>2026-09-05T15:48:33.000Z</time>
        <extensions>
          <ns3:TrackPointExtension>
            <ns3:hr>143</ns3:hr>
          </ns3:TrackPointExtension>
        </extensions>
      </trkpt>
      <trkpt lat="51.9096800498664379119873046875" lon="6.2179111875593662261962890625">
        <ele>61.799999237060546875</ele>
        <time>2026-09-05T15:48:37.000Z</time>
        <extensions>
          <ns3:TrackPointExtension>
            <ns3:hr>143</ns3:hr>
          </ns3:TrackPointExtension>
        </extensions>
      </trkpt>
      <trkpt lat="51.909591369330883026123046875" lon="6.21794228442013263702392578125">
        <ele>61.59999847412109375</ele>
        <time>2026-09-05T15:48:46.000Z</time>
        <extensions>
          <ns3:TrackPointExtension>
            <ns3:hr>144</ns3:hr>
          </ns3:TrackPointExtension>
        </extensions>
      </trkpt>
      <trkpt lat="51.9095100648701190948486328125" lon="6.217991821467876434326171875">
        <ele>61.200000762939453125</ele>
        <time>2026-09-05T15:48:55.000Z</time>
        <extensions>
          <ns3:TrackPointExtension>
            <ns3:hr>145</ns3:hr>
          </ns3:TrackPointExtension>
        </extensions>
      </trkpt>
      <trkpt lat="51.90941442735493183135986328125" lon="6.21803532354533672332763671875">
        <ele>61</ele>
        <time>2026-09-05T15:49:04.000Z</time>
        <extensions>
          <ns3:TrackPointExtension>
            <ns3:hr>143</ns3:hr>
          </ns3:TrackPointExtension>
        </extensions>
      </trkpt>
      <trkpt lat="51.9092793948948383331298828125" lon="6.21807237155735492706298828125">
        <ele>61.200000762939453125</ele>
        <time>2026-09-05T15:49:14.000Z</time>
        <extensions>
          <ns3:TrackPointExtension>
            <ns3:hr>143</ns3:hr>
          </ns3:TrackPointExtension>
        </extensions>
      </trkpt>
      <trkpt lat="51.909190714359283447265625" lon="6.21811880730092525482177734375">
        <ele>61.799999237060546875</ele>
        <time>2026-09-05T15:49:25.000Z</time>
        <extensions>
          <ns3:TrackPointExtension>
            <ns3:hr>143</ns3:hr>
          </ns3:TrackPointExtension>
        </extensions>
      </trkpt>
      <trkpt lat="51.9090954959392547607421875" lon="6.2181331403553485870361328125">
        <ele>61.799999237060546875</ele>
        <time>2026-09-05T15:49:34.000Z</time>
        <extensions>
          <ns3:TrackPointExtension>
            <ns3:hr>145</ns3:hr>
          </ns3:TrackPointExtension>
        </extensions>
      </trkpt>
      <trkpt lat="51.9089920632541179656982421875" lon="6.21818603016436100006103515625">
        <ele>61.59999847412109375</ele>
        <time>2026-09-05T15:49:44.000Z</time>
        <extensions>
          <ns3:TrackPointExtension>
            <ns3:hr>147</ns3:hr>
          </ns3:TrackPointExtension>
        </extensions>
      </trkpt>
      <trkpt lat="51.90894872881472110748291015625" lon="6.21820882894098758697509765625">
        <ele>61</ele>
        <time>2026-09-05T15:49:48.000Z</time>
        <extensions>
          <ns3:TrackPointExtension>
            <ns3:hr>146</ns3:hr>
          </ns3:TrackPointExtension>
        </extensions>
      </trkpt>
      <trkpt lat="51.90890966914594173431396484375" lon="6.218225173652172088623046875">
        <ele>61</ele>
        <time>2026-09-05T15:49:52.000Z</time>
        <extensions>
          <ns3:TrackPointExtension>
            <ns3:hr>146</ns3:hr>
          </ns3:TrackPointExtension>
        </extensions>
      </trkpt>
      <trkpt lat="51.9087737984955310821533203125" lon="6.218192316591739654541015625">
        <ele>60.799999237060546875</ele>
        <time>2026-09-05T15:50:02.000Z</time>
        <extensions>
          <ns3:TrackPointExtension>
            <ns3:hr>144</ns3:hr>
          </ns3:TrackPointExtension>
        </extensions>
      </trkpt>
      <trkpt lat="51.90877455286681652069091796875" lon="6.2181584537029266357421875">
        <ele>61</ele>
        <time>2026-09-05T15:50:08.000Z</time>
        <extensions>
          <ns3:TrackPointExtension>
            <ns3:hr>143</ns3:hr>
          </ns3:TrackPointExtension>
        </extensions>
      </trkpt>
      <trkpt lat="51.90875594504177570343017578125" lon="6.21809919364750385284423828125">
        <ele>60.59999847412109375</ele>
        <time>2026-09-05T15:50:14.000Z</time>
        <extensions>
          <ns3:TrackPointExtension>
            <ns3:hr>143</ns3:hr>
          </ns3:TrackPointExtension>
        </extensions>
      </trkpt>
      <trkpt lat="51.90873716957867145538330078125" lon="6.2180406041443347930908203125">
        <ele>60.200000762939453125</ele>
        <time>2026-09-05T15:50:20.000Z</time>
        <extensions>
          <ns3:TrackPointExtension>
            <ns3:hr>143</ns3:hr>
          </ns3:TrackPointExtension>
        </extensions>
      </trkpt>
      <trkpt lat="51.90868310630321502685546875" lon="6.2179162167012691497802734375">
        <ele>60.200000762939453125</ele>
        <time>2026-09-05T15:50:29.000Z</time>
        <extensions>
          <ns3:TrackPointExtension>
            <ns3:hr>142</ns3:hr>
          </ns3:TrackPointExtension>
        </extensions>
      </trkpt>
      <trkpt lat="51.9086380116641521453857421875" lon="6.21779643930494785308837890625">
        <ele>60.40000152587890625</ele>
        <time>2026-09-05T15:50:38.000Z</time>
        <extensions>
          <ns3:TrackPointExtension>
            <ns3:hr>141</ns3:hr>
          </ns3:TrackPointExtension>
        </extensions>
      </trkpt>
      <trkpt lat="51.90861605107784271240234375" lon="6.21768579818308353424072265625">
        <ele>60.59999847412109375</ele>
        <time>2026-09-05T15:50:45.000Z</time>
        <extensions>
          <ns3:TrackPointExtension>
            <ns3:hr>141</ns3:hr>
          </ns3:TrackPointExtension>
        </extensions>
      </trkpt>
      <trkpt lat="51.90858093090355396270751953125" lon="6.21758689172565937042236328125">
        <ele>60.799999237060546875</ele>
        <time>2026-09-05T15:50:53.000Z</time>
        <extensions>
          <ns3:TrackPointExtension>
            <ns3:hr>143</ns3:hr>
          </ns3:TrackPointExtension>
        </extensions>
      </trkpt>
      <trkpt lat="51.90848906524479389190673828125" lon="6.21747306548058986663818359375">
        <ele>61</ele>
        <time>2026-09-05T15:51:02.000Z</time>
        <extensions>
          <ns3:TrackPointExtension>
            <ns3:hr>144</ns3:hr>
          </ns3:TrackPointExtension>
        </extensions>
      </trkpt>
      <trkpt lat="51.908396780490875244140625" lon="6.2172929383814334869384765625">
        <ele>61.40000152587890625</ele>
        <time>2026-09-05T15:51:14.000Z</time>
        <extensions>
          <ns3:TrackPointExtension>
            <ns3:hr>146</ns3:hr>
          </ns3:TrackPointExtension>
        </extensions>
      </trkpt>
      <trkpt lat="51.908360235393047332763671875" lon="6.21721372939646244049072265625">
        <ele>61.59999847412109375</ele>
        <time>2026-09-05T15:51:19.000Z</time>
        <extensions>
          <ns3:TrackPointExtension>
            <ns3:hr>149</ns3:hr>
          </ns3:TrackPointExtension>
        </extensions>
      </trkpt>
      <trkpt lat="51.9083364307880401611328125" lon="6.217157654464244842529296875">
        <ele>61.59999847412109375</ele>
        <time>2026-09-05T15:51:23.000Z</time>
        <extensions>
          <ns3:TrackPointExtension>
            <ns3:hr>150</ns3:hr>
          </ns3:TrackPointExtension>
        </extensions>
      </trkpt>
      <trkpt lat="51.90826644189655780792236328125" lon="6.21702631004154682159423828125">
        <ele>62</ele>
        <time>2026-09-05T15:51:34.000Z</time>
        <extensions>
          <ns3:TrackPointExtension>
            <ns3:hr>151</ns3:hr>
          </ns3:TrackPointExtension>
        </extensions>
      </trkpt>
      <trkpt lat="51.9082524441182613372802734375" lon="6.21699764393270015716552734375">
        <ele>62</ele>
        <time>2026-09-05T15:51:36.000Z</time>
        <extensions>
          <ns3:TrackPointExtension>
            <ns3:hr>151</ns3:hr>
          </ns3:TrackPointExtension>
        </extensions>
      </trkpt>
      <trkpt lat="51.908201985061168670654296875" lon="6.21691189706325531005859375">
        <ele>62.200000762939453125</ele>
        <time>2026-09-05T15:51:42.000Z</time>
        <extensions>
          <ns3:TrackPointExtension>
            <ns3:hr>151</ns3:hr>
          </ns3:TrackPointExtension>
        </extensions>
      </trkpt>
      <trkpt lat="51.9081193394958972930908203125" lon="6.2168027646839618682861328125">
        <ele>62.799999237060546875</ele>
        <time>2026-09-05T15:51:53.000Z</time>
        <extensions>
          <ns3:TrackPointExtension>
            <ns3:hr>152</ns3:hr>
          </ns3:TrackPointExtension>
        </extensions>
      </trkpt>
      <trkpt lat="51.90805354155600070953369140625" lon="6.2166381441056728363037109375">
        <ele>63</ele>
        <time>2026-09-05T15:52:03.000Z</time>
        <extensions>
          <ns3:TrackPointExtension>
            <ns3:hr>152</ns3:hr>
          </ns3:TrackPointExtension>
        </extensions>
      </trkpt>
      <trkpt lat="51.90803669393062591552734375" lon="6.21659061871469020843505859375">
        <ele>63</ele>
        <time>2026-09-05T15:52:06.000Z</time>
        <extensions>
          <ns3:TrackPointExtension>
            <ns3:hr>153</ns3:hr>
          </ns3:TrackPointExtension>
        </extensions>
      </trkpt>
      <trkpt lat="51.9079855643212795257568359375" lon="6.21647662483155727386474609375">
        <ele>63.40000152587890625</ele>
        <time>2026-09-05T15:52:13.000Z</time>
        <extensions>
          <ns3:TrackPointExtension>
            <ns3:hr>153</ns3:hr>
          </ns3:TrackPointExtension>
        </extensions>
      </trkpt>
      <trkpt lat="51.90793166868388652801513671875" lon="6.216343604028224945068359375">
        <ele>63.59999847412109375</ele>
        <time>2026-09-05T15:52:22.000Z</time>
        <extensions>
          <ns3:TrackPointExtension>
            <ns3:hr>153</ns3:hr>
          </ns3:TrackPointExtension>
        </extensions>
      </trkpt>
      <trkpt lat="51.90788087435066699981689453125" lon="6.21620521880686283111572265625">
        <ele>64</ele>
        <time>2026-09-05T15:52:32.000Z</time>
        <extensions>
          <ns3:TrackPointExtension>
            <ns3:hr>152</ns3:hr>
          </ns3:TrackPointExtension>
        </extensions>
      </trkpt>
      <trkpt lat="51.9078668765723705291748046875" lon="6.21617035008966922760009765625">
        <ele>64.1999969482421875</ele>
        <time>2026-09-05T15:52:35.000Z</time>
        <extensions>
          <ns3:TrackPointExtension>
            <ns3:hr>152</ns3:hr>
          </ns3:TrackPointExtension>
        </extensions>
      </trkpt>
      <trkpt lat="51.90784734673798084259033203125" lon="6.21613137423992156982421875">
        <ele>64.40000152587890625</ele>
        <time>2026-09-05T15:52:39.000Z</time>
        <extensions>
          <ns3:TrackPointExtension>
            <ns3:hr>155</ns3:hr>
          </ns3:TrackPointExtension>
        </extensions>
      </trkpt>
      <trkpt lat="51.907841227948665618896484375" lon="6.21612374670803546905517578125">
        <ele>64.40000152587890625</ele>
        <time>2026-09-05T15:52:40.000Z</time>
        <extensions>
          <ns3:TrackPointExtension>
            <ns3:hr>155</ns3:hr>
          </ns3:TrackPointExtension>
        </extensions>
      </trkpt>
      <trkpt lat="51.90779261291027069091796875" lon="6.21606834232807159423828125">
        <ele>65.1999969482421875</ele>
        <time>2026-09-05T15:52:47.000Z</time>
        <extensions>
          <ns3:TrackPointExtension>
            <ns3:hr>155</ns3:hr>
          </ns3:TrackPointExtension>
        </extensions>
      </trkpt>
      <trkpt lat="51.90778884105384349822998046875" lon="6.21606968343257904052734375">
        <ele>65.1999969482421875</ele>
        <time>2026-09-05T15:52:48.000Z</time>
        <extensions>
          <ns3:TrackPointExtension>
            <ns3:hr>155</ns3:hr>
          </ns3:TrackPointExtension>
        </extensions>
      </trkpt>
      <trkpt lat="51.90778649412095546722412109375" lon="6.21607496403157711029052734375">
        <ele>65.1999969482421875</ele>
        <time>2026-09-05T15:52:58.000Z</time>
        <extensions>
          <ns3:TrackPointExtension>
            <ns3:hr>156</ns3:hr>
          </ns3:TrackPointExtension>
        </extensions>
      </trkpt>
      <trkpt lat="51.90779789350926876068115234375" lon="6.216116286814212799072265625">
        <ele>65.1999969482421875</ele>
        <time>2026-09-05T15:53:05.000Z</time>
        <extensions>
          <ns3:TrackPointExtension>
            <ns3:hr>158</ns3:hr>
          </ns3:TrackPointExtension>
        </extensions>
      </trkpt>
      <trkpt lat="51.90782655961811542510986328125" lon="6.21608309447765350341796875">
        <ele>65.59999847412109375</ele>
        <time>2026-09-05T15:57:24.000Z</time>
        <extensions>
          <ns3:TrackPointExtension>
            <ns3:hr>119</ns3:hr>
          </ns3:TrackPointExtension>
        </extensions>
      </trkpt>
      <trkpt lat="51.9078242965042591094970703125" lon="6.21607982553541660308837890625">
        <ele>65.59999847412109375</ele>
        <time>2026-09-05T15:57:25.000Z</time>
        <extensions>
          <ns3:TrackPointExtension>
            <ns3:hr>120</ns3:hr>
          </ns3:TrackPointExtension>
        </extensions>
      </trkpt>
      <trkpt lat="51.90782203339040279388427734375" lon="6.2160748802125453948974609375">
        <ele>65.59999847412109375</ele>
        <time>2026-09-05T15:57:26.000Z</time>
        <extensions>
          <ns3:TrackPointExtension>
            <ns3:hr>120</ns3:hr>
          </ns3:TrackPointExtension>
        </extensions>
      </trkpt>
      <trkpt lat="51.90779353491961956024169921875" lon="6.21605250053107738494873046875">
        <ele>65.59999847412109375</ele>
        <time>2026-09-05T15:57:35.000Z</time>
        <extensions>
          <ns3:TrackPointExtension>
            <ns3:hr>121</ns3:hr>
          </ns3:TrackPointExtension>
        </extensions>
      </trkpt>
      <trkpt lat="51.9077946245670318603515625" lon="6.2160862796008586883544921875">
        <ele>65.1999969482421875</ele>
        <time>2026-09-05T15:57:41.000Z</time>
        <extensions>
          <ns3:TrackPointExtension>
            <ns3:hr>124</ns3:hr>
          </ns3:TrackPointExtension>
        </extensions>
      </trkpt>
      <trkpt lat="51.9077911041676998138427734375" lon="6.216086111962795257568359375">
        <ele>65.1999969482421875</ele>
        <time>2026-09-05T15:57:42.000Z</time>
        <extensions>
          <ns3:TrackPointExtension>
            <ns3:hr>134</ns3:hr>
          </ns3:TrackPointExtension>
        </extensions>
      </trkpt>
      <trkpt lat="51.907784901559352874755859375" lon="6.21607664041221141815185546875">
        <ele>65.1999969482421875</ele>
        <time>2026-09-05T15:57:43.000Z</time>
        <extensions>
          <ns3:TrackPointExtension>
            <ns3:hr>144</ns3:hr>
          </ns3:TrackPointExtension>
        </extensions>
      </trkpt>
      <trkpt lat="51.9077270664274692535400390625" lon="6.21598678641021251678466796875">
        <ele>65.40000152587890625</ele>
        <time>2026-09-05T15:57:50.000Z</time>
        <extensions>
          <ns3:TrackPointExtension>
            <ns3:hr>144</ns3:hr>
          </ns3:TrackPointExtension>
        </extensions>
      </trkpt>
      <trkpt lat="51.90767484717071056365966796875" lon="6.21587849222123622894287109375">
        <ele>65.8000030517578125</ele>
        <time>2026-09-05T15:57:59.000Z</time>
        <extensions>
          <ns3:TrackPointExtension>
            <ns3:hr>143</ns3:hr>
          </ns3:TrackPointExtension>
        </extensions>
      </trkpt>
      <trkpt lat="51.9076385535299777984619140625" lon="6.2157449685037136077880859375">
        <ele>66.1999969482421875</ele>
        <time>2026-09-05T15:58:08.000Z</time>
        <extensions>
          <ns3:TrackPointExtension>
            <ns3:hr>144</ns3:hr>
          </ns3:TrackPointExtension>
        </extensions>
      </trkpt>
      <trkpt lat="51.90763436257839202880859375" lon="6.21573465876281261444091796875">
        <ele>66.1999969482421875</ele>
        <time>2026-09-05T15:58:09.000Z</time>
        <extensions>
          <ns3:TrackPointExtension>
            <ns3:hr>144</ns3:hr>
          </ns3:TrackPointExtension>
        </extensions>
      </trkpt>
      <trkpt lat="51.90757661126554012298583984375" lon="6.21564924716949462890625">
        <ele>66.8000030517578125</ele>
        <time>2026-09-05T15:58:17.000Z</time>
        <extensions>
          <ns3:TrackPointExtension>
            <ns3:hr>147</ns3:hr>
          </ns3:TrackPointExtension>
        </extensions>
      </trkpt>
      <trkpt lat="51.90756873227655887603759765625" lon="6.215636841952800750732421875">
        <ele>66.8000030517578125</ele>
        <time>2026-09-05T15:58:18.000Z</time>
        <extensions>
          <ns3:TrackPointExtension>
            <ns3:hr>147</ns3:hr>
          </ns3:TrackPointExtension>
        </extensions>
      </trkpt>
      <trkpt lat="51.9075322709977626800537109375" lon="6.2155672721564769744873046875">
        <ele>67.40000152587890625</ele>
        <time>2026-09-05T15:58:23.000Z</time>
        <extensions>
          <ns3:TrackPointExtension>
            <ns3:hr>148</ns3:hr>
          </ns3:TrackPointExtension>
        </extensions>
      </trkpt>
      <trkpt lat="51.9075183570384979248046875" lon="6.2155317328870296478271484375">
        <ele>67.8000030517578125</ele>
        <time>2026-09-05T15:58:27.000Z</time>
        <extensions>
          <ns3:TrackPointExtension>
            <ns3:hr>149</ns3:hr>
          </ns3:TrackPointExtension>
        </extensions>
      </trkpt>
      <trkpt lat="51.90752447582781314849853515625" lon="6.2154757417738437652587890625">
        <ele>67.1999969482421875</ele>
        <time>2026-09-05T15:58:34.000Z</time>
        <extensions>
          <ns3:TrackPointExtension>
            <ns3:hr>146</ns3:hr>
          </ns3:TrackPointExtension>
        </extensions>
      </trkpt>
      <trkpt lat="51.907539479434490203857421875" lon="6.215496696531772613525390625">
        <ele>67.1999969482421875</ele>
        <time>2026-09-05T15:58:36.000Z</time>
        <extensions>
          <ns3:TrackPointExtension>
            <ns3:hr>145</ns3:hr>
          </ns3:TrackPointExtension>
        </extensions>
      </trkpt>
      <trkpt lat="51.90754056908190250396728515625" lon="6.21546761132776737213134765625">
        <ele>67.40000152587890625</ele>
        <time>2026-09-05T15:58:40.000Z</time>
        <extensions>
          <ns3:TrackPointExtension>
            <ns3:hr>144</ns3:hr>
          </ns3:TrackPointExtension>
        </extensions>
      </trkpt>
      <trkpt lat="51.90752682276070117950439453125" lon="6.21541949920356273651123046875">
        <ele>67.8000030517578125</ele>
        <time>2026-09-05T15:58:43.000Z</time>
        <extensions>
          <ns3:TrackPointExtension>
            <ns3:hr>146</ns3:hr>
          </ns3:TrackPointExtension>
        </extensions>
      </trkpt>
      <trkpt lat="51.9074873439967632293701171875" lon="6.2153402902185916900634765625">
        <ele>68</ele>
        <time>2026-09-05T15:58:51.000Z</time>
        <extensions>
          <ns3:TrackPointExtension>
            <ns3:hr>146</ns3:hr>
          </ns3:TrackPointExtension>
        </extensions>
      </trkpt>
      <trkpt lat="51.9074809737503528594970703125" lon="6.21532226912677288055419921875">
        <ele>68.40000152587890625</ele>
        <time>2026-09-05T15:58:53.000Z</time>
        <extensions>
          <ns3:TrackPointExtension>
            <ns3:hr>145</ns3:hr>
          </ns3:TrackPointExtension>
        </extensions>
      </trkpt>
      <trkpt lat="51.90743663348257541656494140625" lon="6.21516519226133823394775390625">
        <ele>68.59999847412109375</ele>
        <time>2026-09-05T15:59:02.000Z</time>
        <extensions>
          <ns3:TrackPointExtension>
            <ns3:hr>146</ns3:hr>
          </ns3:TrackPointExtension>
        </extensions>
      </trkpt>
      <trkpt lat="51.90739908255636692047119140625" lon="6.214983724057674407958984375">
        <ele>68.59999847412109375</ele>
        <time>2026-09-05T15:59:12.000Z</time>
        <extensions>
          <ns3:TrackPointExtension>
            <ns3:hr>148</ns3:hr>
          </ns3:TrackPointExtension>
        </extensions>
      </trkpt>
      <trkpt lat="51.90737712197005748748779296875" lon="6.21486713178455829620361328125">
        <ele>69</ele>
        <time>2026-09-05T15:59:21.000Z</time>
        <extensions>
          <ns3:TrackPointExtension>
            <ns3:hr>149</ns3:hr>
          </ns3:TrackPointExtension>
        </extensions>
      </trkpt>
      <trkpt lat="51.9073401577770709991455078125" lon="6.21473000384867191314697265625">
        <ele>69.40000152587890625</ele>
        <time>2026-09-05T15:59:30.000Z</time>
        <extensions>
          <ns3:TrackPointExtension>
            <ns3:hr>149</ns3:hr>
          </ns3:TrackPointExtension>
        </extensions>
      </trkpt>
      <trkpt lat="51.9072982482612133026123046875" lon="6.2145319394767284393310546875">
        <ele>70</ele>
        <time>2026-09-05T15:59:41.000Z</time>
        <extensions>
          <ns3:TrackPointExtension>
            <ns3:hr>150</ns3:hr>
          </ns3:TrackPointExtension>
        </extensions>
      </trkpt>
      <trkpt lat="51.907263211905956268310546875" lon="6.21442154981195926666259765625">
        <ele>70.40000152587890625</ele>
        <time>2026-09-05T15:59:50.000Z</time>
        <extensions>
          <ns3:TrackPointExtension>
            <ns3:hr>149</ns3:hr>
          </ns3:TrackPointExtension>
        </extensions>
      </trkpt>
      <trkpt lat="51.90725759603083133697509765625" lon="6.214407719671726226806640625">
        <ele>70.40000152587890625</ele>
        <time>2026-09-05T15:59:51.000Z</time>
        <extensions>
          <ns3:TrackPointExtension>
            <ns3:hr>150</ns3:hr>
          </ns3:TrackPointExtension>
        </extensions>
      </trkpt>
      <trkpt lat="51.90724418498575687408447265625" lon="6.2143653072416782379150390625">
        <ele>70.59999847412109375</ele>
        <time>2026-09-05T15:59:58.000Z</time>
        <extensions>
          <ns3:TrackPointExtension>
            <ns3:hr>152</ns3:hr>
          </ns3:TrackPointExtension>
        </extensions>
      </trkpt>
      <trkpt lat="51.90722892992198467254638671875" lon="6.21427285484969615936279296875">
        <ele>71</ele>
        <time>2026-09-05T16:00:07.000Z</time>
        <extensions>
          <ns3:TrackPointExtension>
            <ns3:hr>149</ns3:hr>
          </ns3:TrackPointExtension>
        </extensions>
      </trkpt>
      <trkpt lat="51.90725139342248439788818359375" lon="6.2142399139702320098876953125">
        <ele>71</ele>
        <time>2026-09-05T16:00:18.000Z</time>
        <extensions>
          <ns3:TrackPointExtension>
            <ns3:hr>150</ns3:hr>
          </ns3:TrackPointExtension>
        </extensions>
      </trkpt>
      <trkpt lat="51.907218284904956817626953125" lon="6.21420630253851413726806640625">
        <ele>70.59999847412109375</ele>
        <time>2026-09-05T16:00:27.000Z</time>
        <extensions>
          <ns3:TrackPointExtension>
            <ns3:hr>148</ns3:hr>
          </ns3:TrackPointExtension>
        </extensions>
      </trkpt>
      <trkpt lat="51.90719992853701114654541015625" lon="6.21413136832416057586669921875">
        <ele>70.59999847412109375</ele>
        <time>2026-09-05T16:00:34.000Z</time>
        <extensions>
          <ns3:TrackPointExtension>
            <ns3:hr>145</ns3:hr>
          </ns3:TrackPointExtension>
        </extensions>
      </trkpt>
      <trkpt lat="51.907191462814807891845703125" lon="6.21407789178192615509033203125">
        <ele>70.8000030517578125</ele>
        <time>2026-09-05T16:00:37.000Z</time>
        <extensions>
          <ns3:TrackPointExtension>
            <ns3:hr>146</ns3:hr>
          </ns3:TrackPointExtension>
        </extensions>
      </trkpt>
      <trkpt lat="51.90717302262783050537109375" lon="6.21393992565572261810302734375">
        <ele>71.40000152587890625</ele>
        <time>2026-09-05T16:00:46.000Z</time>
        <extensions>
          <ns3:TrackPointExtension>
            <ns3:hr>144</ns3:hr>
          </ns3:TrackPointExtension>
        </extensions>
      </trkpt>
      <trkpt lat="51.9071638025343418121337890625" lon="6.2138774804770946502685546875">
        <ele>71.59999847412109375</ele>
        <time>2026-09-05T16:00:50.000Z</time>
        <extensions>
          <ns3:TrackPointExtension>
            <ns3:hr>144</ns3:hr>
          </ns3:TrackPointExtension>
        </extensions>
      </trkpt>
      <trkpt lat="51.90713672898709774017333984375" lon="6.21372937224805355072021484375">
        <ele>71.8000030517578125</ele>
        <time>2026-09-05T16:00:59.000Z</time>
        <extensions>
          <ns3:TrackPointExtension>
            <ns3:hr>141</ns3:hr>
          </ns3:TrackPointExtension>
        </extensions>
      </trkpt>
      <trkpt lat="51.90710152499377727508544921875" lon="6.21359140612185001373291015625">
        <ele>71.40000152587890625</ele>
        <time>2026-09-05T16:01:08.000Z</time>
        <extensions>
          <ns3:TrackPointExtension>
            <ns3:hr>141</ns3:hr>
          </ns3:TrackPointExtension>
        </extensions>
      </trkpt>
      <trkpt lat="51.90706933848559856414794921875" lon="6.213434077799320220947265625">
        <ele>71.59999847412109375</ele>
        <time>2026-09-05T16:01:16.000Z</time>
        <extensions>
          <ns3:TrackPointExtension>
            <ns3:hr>142</ns3:hr>
          </ns3:TrackPointExtension>
        </extensions>
      </trkpt>
      <trkpt lat="51.90702508203685283660888671875" lon="6.213250346481800079345703125">
        <ele>71.59999847412109375</ele>
        <time>2026-09-05T16:01:27.000Z</time>
        <extensions>
          <ns3:TrackPointExtension>
            <ns3:hr>142</ns3:hr>
          </ns3:TrackPointExtension>
        </extensions>
      </trkpt>
      <trkpt lat="51.90698266960680484771728515625" lon="6.21306418441236019134521484375">
        <ele>71.40000152587890625</ele>
        <time>2026-09-05T16:01:38.000Z</time>
        <extensions>
          <ns3:TrackPointExtension>
            <ns3:hr>143</ns3:hr>
          </ns3:TrackPointExtension>
        </extensions>
      </trkpt>
      <trkpt lat="51.9069445319473743438720703125" lon="6.21289663016796112060546875">
        <ele>71.40000152587890625</ele>
        <time>2026-09-05T16:01:48.000Z</time>
        <extensions>
          <ns3:TrackPointExtension>
            <ns3:hr>143</ns3:hr>
          </ns3:TrackPointExtension>
        </extensions>
      </trkpt>
      <trkpt lat="51.90690035931766033172607421875" lon="6.2127472646534442901611328125">
        <ele>70.40000152587890625</ele>
        <time>2026-09-05T16:01:57.000Z</time>
        <extensions>
          <ns3:TrackPointExtension>
            <ns3:hr>144</ns3:hr>
          </ns3:TrackPointExtension>
        </extensions>
      </trkpt>
      <trkpt lat="51.90687219612300395965576171875" lon="6.21252606622874736785888671875">
        <ele>69.8000030517578125</ele>
        <time>2026-09-05T16:02:09.000Z</time>
        <extensions>
          <ns3:TrackPointExtension>
            <ns3:hr>144</ns3:hr>
          </ns3:TrackPointExtension>
        </extensions>
      </trkpt>
      <trkpt lat="51.90685979090631008148193359375" lon="6.21247158385813236236572265625">
        <ele>69.40000152587890625</ele>
        <time>2026-09-05T16:02:12.000Z</time>
        <extensions>
          <ns3:TrackPointExtension>
            <ns3:hr>143</ns3:hr>
          </ns3:TrackPointExtension>
        </extensions>
      </trkpt>
      <trkpt lat="51.90684235654771327972412109375" lon="6.2123777903616428375244140625">
        <ele>69</ele>
        <time>2026-09-05T16:02:18.000Z</time>
        <extensions>
          <ns3:TrackPointExtension>
            <ns3:hr>140</ns3:hr>
          </ns3:TrackPointExtension>
        </extensions>
      </trkpt>
      <trkpt lat="51.906836740672588348388671875" lon="6.21227167546749114990234375">
        <ele>68.40000152587890625</ele>
        <time>2026-09-05T16:02:25.000Z</time>
        <extensions>
          <ns3:TrackPointExtension>
            <ns3:hr>138</ns3:hr>
          </ns3:TrackPointExtension>
        </extensions>
      </trkpt>
      <trkpt lat="51.90683196298778057098388671875" lon="6.21223471127450466156005859375">
        <ele>68.1999969482421875</ele>
        <time>2026-09-05T16:02:27.000Z</time>
        <extensions>
          <ns3:TrackPointExtension>
            <ns3:hr>138</ns3:hr>
          </ns3:TrackPointExtension>
        </extensions>
      </trkpt>
      <trkpt lat="51.90679105930030345916748046875" lon="6.212062798440456390380859375">
        <ele>67.1999969482421875</ele>
        <time>2026-09-05T16:02:36.000Z</time>
        <extensions>
          <ns3:TrackPointExtension>
            <ns3:hr>136</ns3:hr>
          </ns3:TrackPointExtension>
        </extensions>
      </trkpt>
      <trkpt lat="51.90677739679813385009765625" lon="6.21191225945949554443359375">
        <ele>66.1999969482421875</ele>
        <time>2026-09-05T16:02:46.000Z</time>
        <extensions>
          <ns3:TrackPointExtension>
            <ns3:hr>133</ns3:hr>
          </ns3:TrackPointExtension>
        </extensions>
      </trkpt>
      <trkpt lat="51.906777061522006988525390625" lon="6.211902201175689697265625">
        <ele>66.1999969482421875</ele>
        <time>2026-09-05T16:02:47.000Z</time>
        <extensions>
          <ns3:TrackPointExtension>
            <ns3:hr>133</ns3:hr>
          </ns3:TrackPointExtension>
        </extensions>
      </trkpt>
      <trkpt lat="51.90677848644554615020751953125" lon="6.2116996943950653076171875">
        <ele>65.1999969482421875</ele>
        <time>2026-09-05T16:02:57.000Z</time>
        <extensions>
          <ns3:TrackPointExtension>
            <ns3:hr>132</ns3:hr>
          </ns3:TrackPointExtension>
        </extensions>
      </trkpt>
      <trkpt lat="51.9067728705704212188720703125" lon="6.21166105382144451141357421875">
        <ele>65.8000030517578125</ele>
        <time>2026-09-05T16:03:05.000Z</time>
        <extensions>
          <ns3:TrackPointExtension>
            <ns3:hr>131</ns3:hr>
          </ns3:TrackPointExtension>
        </extensions>
      </trkpt>
      <trkpt lat="51.906744204461574554443359375" lon="6.2116281129419803619384765625">
        <ele>66</ele>
        <time>2026-09-05T16:03:15.000Z</time>
        <extensions>
          <ns3:TrackPointExtension>
            <ns3:hr>132</ns3:hr>
          </ns3:TrackPointExtension>
        </extensions>
      </trkpt>
      <trkpt lat="51.90671168267726898193359375" lon="6.21161319315433502197265625">
        <ele>65.1999969482421875</ele>
        <time>2026-09-05T16:03:26.000Z</time>
        <extensions>
          <ns3:TrackPointExtension>
            <ns3:hr>132</ns3:hr>
          </ns3:TrackPointExtension>
        </extensions>
      </trkpt>
      <trkpt lat="51.90671646036207675933837890625" lon="6.21160925365984439849853515625">
        <ele>65.1999969482421875</ele>
        <time>2026-09-05T16:03:27.000Z</time>
        <extensions>
          <ns3:TrackPointExtension>
            <ns3:hr>132</ns3:hr>
          </ns3:TrackPointExtension>
        </extensions>
      </trkpt>
      <trkpt lat="51.9067286141216754913330078125" lon="6.21157924644649028778076171875">
        <ele>64.8000030517578125</ele>
        <time>2026-09-05T16:03:33.000Z</time>
        <extensions>
          <ns3:TrackPointExtension>
            <ns3:hr>133</ns3:hr>
          </ns3:TrackPointExtension>
        </extensions>
      </trkpt>
      <trkpt lat="51.90676054917275905609130859375" lon="6.2115134485065937042236328125">
        <ele>64.1999969482421875</ele>
        <time>2026-09-05T16:03:38.000Z</time>
        <extensions>
          <ns3:TrackPointExtension>
            <ns3:hr>134</ns3:hr>
          </ns3:TrackPointExtension>
        </extensions>
      </trkpt>
      <trkpt lat="51.9067708589136600494384765625" lon="6.21147732250392436981201171875">
        <ele>64</ele>
        <time>2026-09-05T16:03:40.000Z</time>
        <extensions>
          <ns3:TrackPointExtension>
            <ns3:hr>134</ns3:hr>
          </ns3:TrackPointExtension>
        </extensions>
      </trkpt>
      <trkpt lat="51.9067722000181674957275390625" lon="6.21136374771595001220703125">
        <ele>63.799999237060546875</ele>
        <time>2026-09-05T16:03:48.000Z</time>
        <extensions>
          <ns3:TrackPointExtension>
            <ns3:hr>131</ns3:hr>
          </ns3:TrackPointExtension>
        </extensions>
      </trkpt>
      <trkpt lat="51.90677328966557979583740234375" lon="6.21135176159441471099853515625">
        <ele>63.799999237060546875</ele>
        <time>2026-09-05T16:03:49.000Z</time>
        <extensions>
          <ns3:TrackPointExtension>
            <ns3:hr>131</ns3:hr>
          </ns3:TrackPointExtension>
        </extensions>
      </trkpt>
      <trkpt lat="51.90677764825522899627685546875" lon="6.21123642660677433013916015625">
        <ele>64.1999969482421875</ele>
        <time>2026-09-05T16:04:01.000Z</time>
        <extensions>
          <ns3:TrackPointExtension>
            <ns3:hr>129</ns3:hr>
          </ns3:TrackPointExtension>
        </extensions>
      </trkpt>
      <trkpt lat="51.9067792408168315887451171875" lon="6.21123910881578922271728515625">
        <ele>64</ele>
        <time>2026-09-05T16:04:13.000Z</time>
        <extensions>
          <ns3:TrackPointExtension>
            <ns3:hr>129</ns3:hr>
          </ns3:TrackPointExtension>
        </extensions>
      </trkpt>
      <trkpt lat="51.9067752175033092498779296875" lon="6.21124497614800930023193359375">
        <ele>63.799999237060546875</ele>
        <time>2026-09-05T16:04:23.000Z</time>
        <extensions>
          <ns3:TrackPointExtension>
            <ns3:hr>129</ns3:hr>
          </ns3:TrackPointExtension>
        </extensions>
      </trkpt>
      <trkpt lat="51.90681226551532745361328125" lon="6.2112697027623653411865234375">
        <ele>63.799999237060546875</ele>
        <time>2026-09-05T16:04:33.000Z</time>
        <extensions>
          <ns3:TrackPointExtension>
            <ns3:hr>130</ns3:hr>
          </ns3:TrackPointExtension>
        </extensions>
      </trkpt>
      <trkpt lat="51.90678888000547885894775390625" lon="6.21127649210393428802490234375">
        <ele>63.799999237060546875</ele>
        <time>2026-09-05T16:04:45.000Z</time>
        <extensions>
          <ns3:TrackPointExtension>
            <ns3:hr>130</ns3:hr>
          </ns3:TrackPointExtension>
        </extensions>
      </trkpt>
      <trkpt lat="51.9067668356001377105712890625" lon="6.21125453151762485504150390625">
        <ele>63.799999237060546875</ele>
        <time>2026-09-05T16:04:56.000Z</time>
        <extensions>
          <ns3:TrackPointExtension>
            <ns3:hr>130</ns3:hr>
          </ns3:TrackPointExtension>
        </extensions>
      </trkpt>
      <trkpt lat="51.9066665880382061004638671875" lon="6.211126036942005157470703125">
        <ele>63.59999847412109375</ele>
        <time>2026-09-05T16:05:05.000Z</time>
        <extensions>
          <ns3:TrackPointExtension>
            <ns3:hr>130</ns3:hr>
          </ns3:TrackPointExtension>
        </extensions>
      </trkpt>
      <trkpt lat="51.90665963105857372283935546875" lon="6.21110089123249053955078125">
        <ele>63.40000152587890625</ele>
        <time>2026-09-05T16:05:11.000Z</time>
        <extensions>
          <ns3:TrackPointExtension>
            <ns3:hr>131</ns3:hr>
          </ns3:TrackPointExtension>
        </extensions>
      </trkpt>
      <trkpt lat="51.90666608512401580810546875" lon="6.21112260036170482635498046875">
        <ele>63.40000152587890625</ele>
        <time>2026-09-05T16:05:14.000Z</time>
        <extensions>
          <ns3:TrackPointExtension>
            <ns3:hr>129</ns3:hr>
          </ns3:TrackPointExtension>
        </extensions>
      </trkpt>
      <trkpt lat="51.906687207520008087158203125" lon="6.211170293390750885009765625">
        <ele>63.40000152587890625</ele>
        <time>2026-09-05T16:05:19.000Z</time>
        <extensions>
          <ns3:TrackPointExtension>
            <ns3:hr>129</ns3:hr>
          </ns3:TrackPointExtension>
        </extensions>
      </trkpt>
      <trkpt lat="51.906701624393463134765625" lon="6.211198456585407257080078125">
        <ele>63.40000152587890625</ele>
        <time>2026-09-05T16:05:22.000Z</time>
        <extensions>
          <ns3:TrackPointExtension>
            <ns3:hr>130</ns3:hr>
          </ns3:TrackPointExtension>
        </extensions>
      </trkpt>
      <trkpt lat="51.90672283060848712921142578125" lon="6.21128194034099578857421875">
        <ele>63.59999847412109375</ele>
        <time>2026-09-05T16:05:31.000Z</time>
        <extensions>
          <ns3:TrackPointExtension>
            <ns3:hr>131</ns3:hr>
          </ns3:TrackPointExtension>
        </extensions>
      </trkpt>
      <trkpt lat="51.90672333352267742156982421875" lon="6.2112971954047679901123046875">
        <ele>63.59999847412109375</ele>
        <time>2026-09-05T16:05:40.000Z</time>
        <extensions>
          <ns3:TrackPointExtension>
            <ns3:hr>130</ns3:hr>
          </ns3:TrackPointExtension>
        </extensions>
      </trkpt>
      <trkpt lat="51.906731463968753814697265625" lon="6.21125671081244945526123046875">
        <ele>63.59999847412109375</ele>
        <time>2026-09-05T16:05:49.000Z</time>
        <extensions>
          <ns3:TrackPointExtension>
            <ns3:hr>131</ns3:hr>
          </ns3:TrackPointExtension>
        </extensions>
      </trkpt>
      <trkpt lat="51.90678133629262447357177734375" lon="6.21125050820410251617431640625">
        <ele>63.799999237060546875</ele>
        <time>2026-09-05T16:06:00.000Z</time>
        <extensions>
          <ns3:TrackPointExtension>
            <ns3:hr>131</ns3:hr>
          </ns3:TrackPointExtension>
        </extensions>
      </trkpt>
      <trkpt lat="51.90672366879880428314208984375" lon="6.21128101833164691925048828125">
        <ele>63.799999237060546875</ele>
        <time>2026-09-05T16:06:11.000Z</time>
        <extensions>
          <ns3:TrackPointExtension>
            <ns3:hr>130</ns3:hr>
          </ns3:TrackPointExtension>
        </extensions>
      </trkpt>
      <trkpt lat="51.90672886557877063751220703125" lon="6.21124179102480411529541015625">
        <ele>63.40000152587890625</ele>
        <time>2026-09-05T16:06:20.000Z</time>
        <extensions>
          <ns3:TrackPointExtension>
            <ns3:hr>129</ns3:hr>
          </ns3:TrackPointExtension>
        </extensions>
      </trkpt>
      <trkpt lat="51.90673892386257648468017578125" lon="6.21123475022614002227783203125">
        <ele>63.200000762939453125</ele>
        <time>2026-09-05T16:06:25.000Z</time>
        <extensions>
          <ns3:TrackPointExtension>
            <ns3:hr>130</ns3:hr>
          </ns3:TrackPointExtension>
        </extensions>
      </trkpt>
      <trkpt lat="51.906746216118335723876953125" lon="6.211198456585407257080078125">
        <ele>62.799999237060546875</ele>
        <time>2026-09-05T16:06:28.000Z</time>
        <extensions>
          <ns3:TrackPointExtension>
            <ns3:hr>131</ns3:hr>
          </ns3:TrackPointExtension>
        </extensions>
      </trkpt>
      <trkpt lat="51.90676960162818431854248046875" lon="6.21101195923984050750732421875">
        <ele>62</ele>
        <time>2026-09-05T16:06:40.000Z</time>
        <extensions>
          <ns3:TrackPointExtension>
            <ns3:hr>131</ns3:hr>
          </ns3:TrackPointExtension>
        </extensions>
      </trkpt>
      <trkpt lat="51.906764321029186248779296875" lon="6.21083677746355533599853515625">
        <ele>61.40000152587890625</ele>
        <time>2026-09-05T16:06:51.000Z</time>
        <extensions>
          <ns3:TrackPointExtension>
            <ns3:hr>133</ns3:hr>
          </ns3:TrackPointExtension>
        </extensions>
      </trkpt>
      <trkpt lat="51.90675116144120693206787109375" lon="6.21071775443851947784423828125">
        <ele>61</ele>
        <time>2026-09-05T16:06:57.000Z</time>
        <extensions>
          <ns3:TrackPointExtension>
            <ns3:hr>134</ns3:hr>
          </ns3:TrackPointExtension>
        </extensions>
      </trkpt>
      <trkpt lat="51.90675593912601470947265625" lon="6.210636198520660400390625">
        <ele>60.59999847412109375</ele>
        <time>2026-09-05T16:07:02.000Z</time>
        <extensions>
          <ns3:TrackPointExtension>
            <ns3:hr>134</ns3:hr>
          </ns3:TrackPointExtension>
        </extensions>
      </trkpt>
      <trkpt lat="51.906773708760738372802734375" lon="6.21054056100547313690185546875">
        <ele>60</ele>
        <time>2026-09-05T16:07:08.000Z</time>
        <extensions>
          <ns3:TrackPointExtension>
            <ns3:hr>133</ns3:hr>
          </ns3:TrackPointExtension>
        </extensions>
      </trkpt>
      <trkpt lat="51.906782090663909912109375" lon="6.21046059764921665191650390625">
        <ele>59.59999847412109375</ele>
        <time>2026-09-05T16:07:12.000Z</time>
        <extensions>
          <ns3:TrackPointExtension>
            <ns3:hr>133</ns3:hr>
          </ns3:TrackPointExtension>
        </extensions>
      </trkpt>
      <trkpt lat="51.9067856110632419586181640625" lon="6.2103896029293537139892578125">
        <ele>59</ele>
        <time>2026-09-05T16:07:16.000Z</time>
        <extensions>
          <ns3:TrackPointExtension>
            <ns3:hr>133</ns3:hr>
          </ns3:TrackPointExtension>
        </extensions>
      </trkpt>
      <trkpt lat="51.90678787417709827423095703125" lon="6.21032631956040859222412109375">
        <ele>58.59999847412109375</ele>
        <time>2026-09-05T16:07:21.000Z</time>
        <extensions>
          <ns3:TrackPointExtension>
            <ns3:hr>130</ns3:hr>
          </ns3:TrackPointExtension>
        </extensions>
      </trkpt>
      <trkpt lat="51.90679726190865039825439453125" lon="6.2102652154862880706787109375">
        <ele>58.40000152587890625</ele>
        <time>2026-09-05T16:07:25.000Z</time>
        <extensions>
          <ns3:TrackPointExtension>
            <ns3:hr>130</ns3:hr>
          </ns3:TrackPointExtension>
        </extensions>
      </trkpt>
      <trkpt lat="51.90681419335305690765380859375" lon="6.210159771144390106201171875">
        <ele>57.799999237060546875</ele>
        <time>2026-09-05T16:07:31.000Z</time>
        <extensions>
          <ns3:TrackPointExtension>
            <ns3:hr>130</ns3:hr>
          </ns3:TrackPointExtension>
        </extensions>
      </trkpt>
      <trkpt lat="51.906825006008148193359375" lon="6.2101026065647602081298828125">
        <ele>57.40000152587890625</ele>
        <time>2026-09-05T16:07:34.000Z</time>
        <extensions>
          <ns3:TrackPointExtension>
            <ns3:hr>130</ns3:hr>
          </ns3:TrackPointExtension>
        </extensions>
      </trkpt>
      <trkpt lat="51.906845457851886749267578125" lon="6.2100154347717761993408203125">
        <ele>56.799999237060546875</ele>
        <time>2026-09-05T16:07:39.000Z</time>
        <extensions>
          <ns3:TrackPointExtension>
            <ns3:hr>130</ns3:hr>
          </ns3:TrackPointExtension>
        </extensions>
      </trkpt>
      <trkpt lat="51.9068540073931217193603515625" lon="6.20996958576142787933349609375">
        <ele>56.200000762939453125</ele>
        <time>2026-09-05T16:07:42.000Z</time>
        <extensions>
          <ns3:TrackPointExtension>
            <ns3:hr>131</ns3:hr>
          </ns3:TrackPointExtension>
        </extensions>
      </trkpt>
      <trkpt lat="51.90686180256307125091552734375" lon="6.2099017761647701263427734375">
        <ele>55.799999237060546875</ele>
        <time>2026-09-05T16:07:46.000Z</time>
        <extensions>
          <ns3:TrackPointExtension>
            <ns3:hr>134</ns3:hr>
          </ns3:TrackPointExtension>
        </extensions>
      </trkpt>
      <trkpt lat="51.9068637304008007049560546875" lon="6.2098830007016658782958984375">
        <ele>55.799999237060546875</ele>
        <time>2026-09-05T16:07:47.000Z</time>
        <extensions>
          <ns3:TrackPointExtension>
            <ns3:hr>134</ns3:hr>
          </ns3:TrackPointExtension>
        </extensions>
      </trkpt>
      <trkpt lat="51.906876973807811737060546875" lon="6.20980731211602687835693359375">
        <ele>55.200000762939453125</ele>
        <time>2026-09-05T16:07:51.000Z</time>
        <extensions>
          <ns3:TrackPointExtension>
            <ns3:hr>133</ns3:hr>
          </ns3:TrackPointExtension>
        </extensions>
      </trkpt>
      <trkpt lat="51.906895078718662261962890625" lon="6.20971762575209140777587890625">
        <ele>54.799999237060546875</ele>
        <time>2026-09-05T16:07:57.000Z</time>
        <extensions>
          <ns3:TrackPointExtension>
            <ns3:hr>132</ns3:hr>
          </ns3:TrackPointExtension>
        </extensions>
      </trkpt>
      <trkpt lat="51.90690522082149982452392578125" lon="6.20966515503823757171630859375">
        <ele>54.40000152587890625</ele>
        <time>2026-09-05T16:08:00.000Z</time>
        <extensions>
          <ns3:TrackPointExtension>
            <ns3:hr>132</ns3:hr>
          </ns3:TrackPointExtension>
        </extensions>
      </trkpt>
      <trkpt lat="51.9069331325590610504150390625" lon="6.2095539271831512451171875">
        <ele>53.59999847412109375</ele>
        <time>2026-09-05T16:08:06.000Z</time>
        <extensions>
          <ns3:TrackPointExtension>
            <ns3:hr>132</ns3:hr>
          </ns3:TrackPointExtension>
        </extensions>
      </trkpt>
      <trkpt lat="51.9069401733577251434326171875" lon="6.2095188908278942108154296875">
        <ele>53.40000152587890625</ele>
        <time>2026-09-05T16:08:08.000Z</time>
        <extensions>
          <ns3:TrackPointExtension>
            <ns3:hr>132</ns3:hr>
          </ns3:TrackPointExtension>
        </extensions>
      </trkpt>
      <trkpt lat="51.90695081837475299835205078125" lon="6.20942560024559497833251953125">
        <ele>52.59999847412109375</ele>
        <time>2026-09-05T16:08:14.000Z</time>
        <extensions>
          <ns3:TrackPointExtension>
            <ns3:hr>131</ns3:hr>
          </ns3:TrackPointExtension>
        </extensions>
      </trkpt>
      <trkpt lat="51.90695785917341709136962890625" lon="6.20931931771337985992431640625">
        <ele>52</ele>
        <time>2026-09-05T16:08:20.000Z</time>
        <extensions>
          <ns3:TrackPointExtension>
            <ns3:hr>131</ns3:hr>
          </ns3:TrackPointExtension>
        </extensions>
      </trkpt>
      <trkpt lat="51.9069441966712474822998046875" lon="6.2092090956866741180419921875">
        <ele>51.59999847412109375</ele>
        <time>2026-09-05T16:08:27.000Z</time>
        <extensions>
          <ns3:TrackPointExtension>
            <ns3:hr>132</ns3:hr>
          </ns3:TrackPointExtension>
        </extensions>
      </trkpt>
      <trkpt lat="51.90694101154804229736328125" lon="6.2091712094843387603759765625">
        <ele>51.40000152587890625</ele>
        <time>2026-09-05T16:08:30.000Z</time>
        <extensions>
          <ns3:TrackPointExtension>
            <ns3:hr>133</ns3:hr>
          </ns3:TrackPointExtension>
        </extensions>
      </trkpt>
      <trkpt lat="51.9069304503500461578369140625" lon="6.20915737934410572052001953125">
        <ele>51</ele>
        <time>2026-09-05T16:08:37.000Z</time>
        <extensions>
          <ns3:TrackPointExtension>
            <ns3:hr>128</ns3:hr>
          </ns3:TrackPointExtension>
        </extensions>
      </trkpt>
      <trkpt lat="51.90692986361682415008544921875" lon="6.20913877151906490325927734375">
        <ele>51</ele>
        <time>2026-09-05T16:08:38.000Z</time>
        <extensions>
          <ns3:TrackPointExtension>
            <ns3:hr>128</ns3:hr>
          </ns3:TrackPointExtension>
        </extensions>
      </trkpt>
      <trkpt lat="51.90692500211298465728759765625" lon="6.2090340815484523773193359375">
        <ele>50.59999847412109375</ele>
        <time>2026-09-05T16:08:44.000Z</time>
        <extensions>
          <ns3:TrackPointExtension>
            <ns3:hr>127</ns3:hr>
          </ns3:TrackPointExtension>
        </extensions>
      </trkpt>
      <trkpt lat="51.9069336354732513427734375" lon="6.20899678207933902740478515625">
        <ele>50.40000152587890625</ele>
        <time>2026-09-05T16:08:46.000Z</time>
        <extensions>
          <ns3:TrackPointExtension>
            <ns3:hr>126</ns3:hr>
          </ns3:TrackPointExtension>
        </extensions>
      </trkpt>
      <trkpt lat="51.906953752040863037109375" lon="6.2088597379624843597412109375">
        <ele>50</ele>
        <time>2026-09-05T16:08:52.000Z</time>
        <extensions>
          <ns3:TrackPointExtension>
            <ns3:hr>122</ns3:hr>
          </ns3:TrackPointExtension>
        </extensions>
      </trkpt>
      <trkpt lat="51.90695718862116336822509765625" lon="6.20877700857818126678466796875">
        <ele>49.59999847412109375</ele>
        <time>2026-09-05T16:08:56.000Z</time>
        <extensions>
          <ns3:TrackPointExtension>
            <ns3:hr>121</ns3:hr>
          </ns3:TrackPointExtension>
        </extensions>
      </trkpt>
      <trkpt lat="51.906961463391780853271484375" lon="6.20874800719320774078369140625">
        <ele>49.40000152587890625</ele>
        <time>2026-09-05T16:08:59.000Z</time>
        <extensions>
          <ns3:TrackPointExtension>
            <ns3:hr>120</ns3:hr>
          </ns3:TrackPointExtension>
        </extensions>
      </trkpt>
      <trkpt lat="51.9069837592542171478271484375" lon="6.2086096219718456268310546875">
        <ele>49</ele>
        <time>2026-09-05T16:09:06.000Z</time>
        <extensions>
          <ns3:TrackPointExtension>
            <ns3:hr>121</ns3:hr>
          </ns3:TrackPointExtension>
        </extensions>
      </trkpt>
      <trkpt lat="51.906987614929676055908203125" lon="6.20845732279121875762939453125">
        <ele>48.40000152587890625</ele>
        <time>2026-09-05T16:09:15.000Z</time>
        <extensions>
          <ns3:TrackPointExtension>
            <ns3:hr>123</ns3:hr>
          </ns3:TrackPointExtension>
        </extensions>
      </trkpt>
      <trkpt lat="51.9069844298064708709716796875" lon="6.208403594791889190673828125">
        <ele>48.40000152587890625</ele>
        <time>2026-09-05T16:09:17.000Z</time>
        <extensions>
          <ns3:TrackPointExtension>
            <ns3:hr>123</ns3:hr>
          </ns3:TrackPointExtension>
        </extensions>
      </trkpt>
      <trkpt lat="51.90698417834937572479248046875" lon="6.20836126618087291717529296875">
        <ele>48.40000152587890625</ele>
        <time>2026-09-05T16:09:19.000Z</time>
        <extensions>
          <ns3:TrackPointExtension>
            <ns3:hr>126</ns3:hr>
          </ns3:TrackPointExtension>
        </extensions>
      </trkpt>
      <trkpt lat="51.90704117529094219207763671875" lon="6.20821391232311725616455078125">
        <ele>48</ele>
        <time>2026-09-05T16:09:27.000Z</time>
        <extensions>
          <ns3:TrackPointExtension>
            <ns3:hr>129</ns3:hr>
          </ns3:TrackPointExtension>
        </extensions>
      </trkpt>
      <trkpt lat="51.90707017667591571807861328125" lon="6.20812104083597660064697265625">
        <ele>47.799999237060546875</ele>
        <time>2026-09-05T16:09:33.000Z</time>
        <extensions>
          <ns3:TrackPointExtension>
            <ns3:hr>132</ns3:hr>
          </ns3:TrackPointExtension>
        </extensions>
      </trkpt>
      <trkpt lat="51.9070623815059661865234375" lon="6.20805717073380947113037109375">
        <ele>47.40000152587890625</ele>
        <time>2026-09-05T16:09:37.000Z</time>
        <extensions>
          <ns3:TrackPointExtension>
            <ns3:hr>132</ns3:hr>
          </ns3:TrackPointExtension>
        </extensions>
      </trkpt>
      <trkpt lat="51.907017119228839874267578125" lon="6.2079472839832305908203125">
        <ele>46.59999847412109375</ele>
        <time>2026-09-05T16:09:45.000Z</time>
        <extensions>
          <ns3:TrackPointExtension>
            <ns3:hr>132</ns3:hr>
          </ns3:TrackPointExtension>
        </extensions>
      </trkpt>
      <trkpt lat="51.90699440427124500274658203125" lon="6.20789925567805767059326171875">
        <ele>46.40000152587890625</ele>
        <time>2026-09-05T16:09:48.000Z</time>
        <extensions>
          <ns3:TrackPointExtension>
            <ns3:hr>133</ns3:hr>
          </ns3:TrackPointExtension>
        </extensions>
      </trkpt>
      <trkpt lat="51.9069653190672397613525390625" lon="6.20786120183765888214111328125">
        <ele>46</ele>
        <time>2026-09-05T16:09:53.000Z</time>
        <extensions>
          <ns3:TrackPointExtension>
            <ns3:hr>133</ns3:hr>
          </ns3:TrackPointExtension>
        </extensions>
      </trkpt>
      <trkpt lat="51.9068801589310169219970703125" lon="6.20777235366404056549072265625">
        <ele>45.40000152587890625</ele>
        <time>2026-09-05T16:10:02.000Z</time>
        <extensions>
          <ns3:TrackPointExtension>
            <ns3:hr>133</ns3:hr>
          </ns3:TrackPointExtension>
        </extensions>
      </trkpt>
      <trkpt lat="51.90684311091899871826171875" lon="6.20774217881262302398681640625">
        <ele>45</ele>
        <time>2026-09-05T16:10:05.000Z</time>
        <extensions>
          <ns3:TrackPointExtension>
            <ns3:hr>133</ns3:hr>
          </ns3:TrackPointExtension>
        </extensions>
      </trkpt>
      <trkpt lat="51.90679390914738178253173828125" lon="6.20768585242331027984619140625">
        <ele>44.59999847412109375</ele>
        <time>2026-09-05T16:10:10.000Z</time>
        <extensions>
          <ns3:TrackPointExtension>
            <ns3:hr>134</ns3:hr>
          </ns3:TrackPointExtension>
        </extensions>
      </trkpt>
      <trkpt lat="51.90676725469529628753662109375" lon="6.20765098370611667633056640625">
        <ele>44.40000152587890625</ele>
        <time>2026-09-05T16:10:13.000Z</time>
        <extensions>
          <ns3:TrackPointExtension>
            <ns3:hr>134</ns3:hr>
          </ns3:TrackPointExtension>
        </extensions>
      </trkpt>
      <trkpt lat="51.90674495883285999298095703125" lon="6.2075984291732311248779296875">
        <ele>44.200000762939453125</ele>
        <time>2026-09-05T16:10:16.000Z</time>
        <extensions>
          <ns3:TrackPointExtension>
            <ns3:hr>134</ns3:hr>
          </ns3:TrackPointExtension>
        </extensions>
      </trkpt>
      <trkpt lat="51.906667761504650115966796875" lon="6.20746314525604248046875">
        <ele>43.40000152587890625</ele>
        <time>2026-09-05T16:10:26.000Z</time>
        <extensions>
          <ns3:TrackPointExtension>
            <ns3:hr>133</ns3:hr>
          </ns3:TrackPointExtension>
        </extensions>
      </trkpt>
      <trkpt lat="51.90665124915540218353271484375" lon="6.2074395082890987396240234375">
        <ele>43.200000762939453125</ele>
        <time>2026-09-05T16:10:28.000Z</time>
        <extensions>
          <ns3:TrackPointExtension>
            <ns3:hr>133</ns3:hr>
          </ns3:TrackPointExtension>
        </extensions>
      </trkpt>
      <trkpt lat="51.9065981917083263397216796875" lon="6.207337416708469390869140625">
        <ele>42.799999237060546875</ele>
        <time>2026-09-05T16:10:36.000Z</time>
        <extensions>
          <ns3:TrackPointExtension>
            <ns3:hr>134</ns3:hr>
          </ns3:TrackPointExtension>
        </extensions>
      </trkpt>
      <trkpt lat="51.90653105266392230987548828125" lon="6.2072068266570568084716796875">
        <ele>42.200000762939453125</ele>
        <time>2026-09-05T16:10:45.000Z</time>
        <extensions>
          <ns3:TrackPointExtension>
            <ns3:hr>135</ns3:hr>
          </ns3:TrackPointExtension>
        </extensions>
      </trkpt>
      <trkpt lat="51.90644438378512859344482421875" lon="6.20721261017024517059326171875">
        <ele>41.40000152587890625</ele>
        <time>2026-09-05T16:10:53.000Z</time>
        <extensions>
          <ns3:TrackPointExtension>
            <ns3:hr>135</ns3:hr>
          </ns3:TrackPointExtension>
        </extensions>
      </trkpt>
      <trkpt lat="51.906428374350070953369140625" lon="6.207212693989276885986328125">
        <ele>41.200000762939453125</ele>
        <time>2026-09-05T16:10:54.000Z</time>
        <extensions>
          <ns3:TrackPointExtension>
            <ns3:hr>135</ns3:hr>
          </ns3:TrackPointExtension>
        </extensions>
      </trkpt>
      <trkpt lat="51.90635754726827144622802734375" lon="6.20723247528076171875">
        <ele>41.40000152587890625</ele>
        <time>2026-09-05T16:11:01.000Z</time>
        <extensions>
          <ns3:TrackPointExtension>
            <ns3:hr>135</ns3:hr>
          </ns3:TrackPointExtension>
        </extensions>
      </trkpt>
      <trkpt lat="51.90629216842353343963623046875" lon="6.20724027045071125030517578125">
        <ele>42</ele>
        <time>2026-09-05T16:11:11.000Z</time>
        <extensions>
          <ns3:TrackPointExtension>
            <ns3:hr>136</ns3:hr>
          </ns3:TrackPointExtension>
        </extensions>
      </trkpt>
      <trkpt lat="51.9062818586826324462890625" lon="6.2072188965976238250732421875">
        <ele>42</ele>
        <time>2026-09-05T16:11:13.000Z</time>
        <extensions>
          <ns3:TrackPointExtension>
            <ns3:hr>136</ns3:hr>
          </ns3:TrackPointExtension>
        </extensions>
      </trkpt>
      <trkpt lat="51.9062605686485767364501953125" lon="6.207196600735187530517578125">
        <ele>42.200000762939453125</ele>
        <time>2026-09-05T16:11:16.000Z</time>
        <extensions>
          <ns3:TrackPointExtension>
            <ns3:hr>139</ns3:hr>
          </ns3:TrackPointExtension>
        </extensions>
      </trkpt>
      <trkpt lat="51.906243972480297088623046875" lon="6.2071756459772586822509765625">
        <ele>42.200000762939453125</ele>
        <time>2026-09-05T16:11:18.000Z</time>
        <extensions>
          <ns3:TrackPointExtension>
            <ns3:hr>139</ns3:hr>
          </ns3:TrackPointExtension>
        </extensions>
      </trkpt>
      <trkpt lat="51.90621254034340381622314453125" lon="6.20714371092617511749267578125">
        <ele>42.200000762939453125</ele>
        <time>2026-09-05T16:11:22.000Z</time>
        <extensions>
          <ns3:TrackPointExtension>
            <ns3:hr>141</ns3:hr>
          </ns3:TrackPointExtension>
        </extensions>
      </trkpt>
      <trkpt lat="51.90615319646894931793212890625" lon="6.20707849971950054168701171875">
        <ele>42.799999237060546875</ele>
        <time>2026-09-05T16:11:29.000Z</time>
        <extensions>
          <ns3:TrackPointExtension>
            <ns3:hr>144</ns3:hr>
          </ns3:TrackPointExtension>
        </extensions>
      </trkpt>
      <trkpt lat="51.906127631664276123046875" lon="6.20704413391649723052978515625">
        <ele>43.200000762939453125</ele>
        <time>2026-09-05T16:11:33.000Z</time>
        <extensions>
          <ns3:TrackPointExtension>
            <ns3:hr>147</ns3:hr>
          </ns3:TrackPointExtension>
        </extensions>
      </trkpt>
      <trkpt lat="51.906106509268283843994140625" lon="6.207016222178936004638671875">
        <ele>43.40000152587890625</ele>
        <time>2026-09-05T16:11:36.000Z</time>
        <extensions>
          <ns3:TrackPointExtension>
            <ns3:hr>147</ns3:hr>
          </ns3:TrackPointExtension>
        </extensions>
      </trkpt>
      <trkpt lat="51.90608949400484561920166015625" lon="6.206995435059070587158203125">
        <ele>43.59999847412109375</ele>
        <time>2026-09-05T16:11:38.000Z</time>
        <extensions>
          <ns3:TrackPointExtension>
            <ns3:hr>147</ns3:hr>
          </ns3:TrackPointExtension>
        </extensions>
      </trkpt>
      <trkpt lat="51.9060516916215419769287109375" lon="6.2069506756961345672607421875">
        <ele>43.799999237060546875</ele>
        <time>2026-09-05T16:11:42.000Z</time>
        <extensions>
          <ns3:TrackPointExtension>
            <ns3:hr>150</ns3:hr>
          </ns3:TrackPointExtension>
        </extensions>
      </trkpt>
      <trkpt lat="51.90601808018982410430908203125" lon="6.2069037370383739471435546875">
        <ele>44.200000762939453125</ele>
        <time>2026-09-05T16:11:46.000Z</time>
        <extensions>
          <ns3:TrackPointExtension>
            <ns3:hr>150</ns3:hr>
          </ns3:TrackPointExtension>
        </extensions>
      </trkpt>
      <trkpt lat="51.90598354674875736236572265625" lon="6.206850595772266387939453125">
        <ele>44.40000152587890625</ele>
        <time>2026-09-05T16:11:50.000Z</time>
        <extensions>
          <ns3:TrackPointExtension>
            <ns3:hr>150</ns3:hr>
          </ns3:TrackPointExtension>
        </extensions>
      </trkpt>
      <trkpt lat="51.9059599936008453369140625" lon="6.20679552666842937469482421875">
        <ele>45</ele>
        <time>2026-09-05T16:11:55.000Z</time>
        <extensions>
          <ns3:TrackPointExtension>
            <ns3:hr>153</ns3:hr>
          </ns3:TrackPointExtension>
        </extensions>
      </trkpt>
      <trkpt lat="51.90595270134508609771728515625" lon="6.2067853845655918121337890625">
        <ele>45.200000762939453125</ele>
        <time>2026-09-05T16:11:56.000Z</time>
        <extensions>
          <ns3:TrackPointExtension>
            <ns3:hr>154</ns3:hr>
          </ns3:TrackPointExtension>
        </extensions>
      </trkpt>
      <trkpt lat="51.90588430501520633697509765625" lon="6.20672193355858325958251953125">
        <ele>45</ele>
        <time>2026-09-05T16:12:04.000Z</time>
        <extensions>
          <ns3:TrackPointExtension>
            <ns3:hr>151</ns3:hr>
          </ns3:TrackPointExtension>
        </extensions>
      </trkpt>
      <trkpt lat="51.9058538787066936492919921875" lon="6.20669242925941944122314453125">
        <ele>44.799999237060546875</ele>
        <time>2026-09-05T16:12:07.000Z</time>
        <extensions>
          <ns3:TrackPointExtension>
            <ns3:hr>153</ns3:hr>
          </ns3:TrackPointExtension>
        </extensions>
      </trkpt>
      <trkpt lat="51.90577332861721515655517578125" lon="6.20662637986242771148681640625">
        <ele>44.799999237060546875</ele>
        <time>2026-09-05T16:12:14.000Z</time>
        <extensions>
          <ns3:TrackPointExtension>
            <ns3:hr>156</ns3:hr>
          </ns3:TrackPointExtension>
        </extensions>
      </trkpt>
      <trkpt lat="51.90576327033340930938720703125" lon="6.206611879169940948486328125">
        <ele>44.799999237060546875</ele>
        <time>2026-09-05T16:12:15.000Z</time>
        <extensions>
          <ns3:TrackPointExtension>
            <ns3:hr>156</ns3:hr>
          </ns3:TrackPointExtension>
        </extensions>
      </trkpt>
      <trkpt lat="51.905710212886333465576171875" lon="6.2065131403505802154541015625">
        <ele>45.40000152587890625</ele>
        <time>2026-09-05T16:12:24.000Z</time>
        <extensions>
          <ns3:TrackPointExtension>
            <ns3:hr>154</ns3:hr>
          </ns3:TrackPointExtension>
        </extensions>
      </trkpt>
      <trkpt lat="51.90570241771638393402099609375" lon="6.2064973823726177215576171875">
        <ele>45.40000152587890625</ele>
        <time>2026-09-05T16:12:25.000Z</time>
        <extensions>
          <ns3:TrackPointExtension>
            <ns3:hr>154</ns3:hr>
          </ns3:TrackPointExtension>
        </extensions>
      </trkpt>
      <trkpt lat="51.905663944780826568603515625" lon="6.2064400501549243927001953125">
        <ele>45.59999847412109375</ele>
        <time>2026-09-05T16:12:30.000Z</time>
        <extensions>
          <ns3:TrackPointExtension>
            <ns3:hr>157</ns3:hr>
          </ns3:TrackPointExtension>
        </extensions>
      </trkpt>
      <trkpt lat="51.90564550459384918212890625" lon="6.20641817338764667510986328125">
        <ele>45.799999237060546875</ele>
        <time>2026-09-05T16:12:33.000Z</time>
        <extensions>
          <ns3:TrackPointExtension>
            <ns3:hr>159</ns3:hr>
          </ns3:TrackPointExtension>
        </extensions>
      </trkpt>
      <trkpt lat="51.90556235611438751220703125" lon="6.206314153969287872314453125">
        <ele>46.200000762939453125</ele>
        <time>2026-09-05T16:12:41.000Z</time>
        <extensions>
          <ns3:TrackPointExtension>
            <ns3:hr>160</ns3:hr>
          </ns3:TrackPointExtension>
        </extensions>
      </trkpt>
      <trkpt lat="51.9055308401584625244140625" lon="6.20626931078732013702392578125">
        <ele>46.40000152587890625</ele>
        <time>2026-09-05T16:12:45.000Z</time>
        <extensions>
          <ns3:TrackPointExtension>
            <ns3:hr>159</ns3:hr>
          </ns3:TrackPointExtension>
        </extensions>
      </trkpt>
      <trkpt lat="51.90550058148801326751708984375" lon="6.20622823946177959442138671875">
        <ele>46.799999237060546875</ele>
        <time>2026-09-05T16:12:49.000Z</time>
        <extensions>
          <ns3:TrackPointExtension>
            <ns3:hr>158</ns3:hr>
          </ns3:TrackPointExtension>
        </extensions>
      </trkpt>
      <trkpt lat="51.90542480908334255218505859375" lon="6.2061366252601146697998046875">
        <ele>47.200000762939453125</ele>
        <time>2026-09-05T16:12:59.000Z</time>
        <extensions>
          <ns3:TrackPointExtension>
            <ns3:hr>158</ns3:hr>
          </ns3:TrackPointExtension>
        </extensions>
      </trkpt>
      <trkpt lat="51.90536965616047382354736328125" lon="6.2060601823031902313232421875">
        <ele>47.59999847412109375</ele>
        <time>2026-09-05T16:13:06.000Z</time>
        <extensions>
          <ns3:TrackPointExtension>
            <ns3:hr>160</ns3:hr>
          </ns3:TrackPointExtension>
        </extensions>
      </trkpt>
      <trkpt lat="51.90534853376448154449462890625" lon="6.2060249783098697662353515625">
        <ele>47.59999847412109375</ele>
        <time>2026-09-05T16:13:09.000Z</time>
        <extensions>
          <ns3:TrackPointExtension>
            <ns3:hr>159</ns3:hr>
          </ns3:TrackPointExtension>
        </extensions>
      </trkpt>
      <trkpt lat="51.9052637927234172821044921875" lon="6.20594727806746959686279296875">
        <ele>48.40000152587890625</ele>
        <time>2026-09-05T16:13:21.000Z</time>
        <extensions>
          <ns3:TrackPointExtension>
            <ns3:hr>160</ns3:hr>
          </ns3:TrackPointExtension>
        </extensions>
      </trkpt>
      <trkpt lat="51.90525180660188198089599609375" lon="6.2059329450130462646484375">
        <ele>48.59999847412109375</ele>
        <time>2026-09-05T16:13:23.000Z</time>
        <extensions>
          <ns3:TrackPointExtension>
            <ns3:hr>160</ns3:hr>
          </ns3:TrackPointExtension>
        </extensions>
      </trkpt>
      <trkpt lat="51.9052062928676605224609375" lon="6.20588374324142932891845703125">
        <ele>48.799999237060546875</ele>
        <time>2026-09-05T16:13:28.000Z</time>
        <extensions>
          <ns3:TrackPointExtension>
            <ns3:hr>160</ns3:hr>
          </ns3:TrackPointExtension>
        </extensions>
      </trkpt>
      <trkpt lat="51.9051598571240901947021484375" lon="6.20582087896764278411865234375">
        <ele>49.40000152587890625</ele>
        <time>2026-09-05T16:13:36.000Z</time>
        <extensions>
          <ns3:TrackPointExtension>
            <ns3:hr>160</ns3:hr>
          </ns3:TrackPointExtension>
        </extensions>
      </trkpt>
      <trkpt lat="51.90514887683093547821044921875" lon="6.20581031776964664459228515625">
        <ele>49.59999847412109375</ele>
        <time>2026-09-05T16:13:38.000Z</time>
        <extensions>
          <ns3:TrackPointExtension>
            <ns3:hr>159</ns3:hr>
          </ns3:TrackPointExtension>
        </extensions>
      </trkpt>
      <trkpt lat="51.905080564320087432861328125" lon="6.20577863417565822601318359375">
        <ele>50</ele>
        <time>2026-09-05T16:13:45.000Z</time>
        <extensions>
          <ns3:TrackPointExtension>
            <ns3:hr>158</ns3:hr>
          </ns3:TrackPointExtension>
        </extensions>
      </trkpt>
      <trkpt lat="51.90500437282025814056396484375" lon="6.2057855911552906036376953125">
        <ele>50.40000152587890625</ele>
        <time>2026-09-05T16:13:53.000Z</time>
        <extensions>
          <ns3:TrackPointExtension>
            <ns3:hr>157</ns3:hr>
          </ns3:TrackPointExtension>
        </extensions>
      </trkpt>
      <trkpt lat="51.90499280579388141632080078125" lon="6.20577134191989898681640625">
        <ele>50.59999847412109375</ele>
        <time>2026-09-05T16:13:56.000Z</time>
        <extensions>
          <ns3:TrackPointExtension>
            <ns3:hr>156</ns3:hr>
          </ns3:TrackPointExtension>
        </extensions>
      </trkpt>
      <trkpt lat="51.90494217909872531890869140625" lon="6.205762960016727447509765625">
        <ele>51</ele>
        <time>2026-09-05T16:14:02.000Z</time>
        <extensions>
          <ns3:TrackPointExtension>
            <ns3:hr>154</ns3:hr>
          </ns3:TrackPointExtension>
        </extensions>
      </trkpt>
      <trkpt lat="51.904854588210582733154296875" lon="6.20574175380170345306396484375">
        <ele>51.59999847412109375</ele>
        <time>2026-09-05T16:14:09.000Z</time>
        <extensions>
          <ns3:TrackPointExtension>
            <ns3:hr>153</ns3:hr>
          </ns3:TrackPointExtension>
        </extensions>
      </trkpt>
      <trkpt lat="51.90475643612444400787353515625" lon="6.205716021358966827392578125">
        <ele>52.40000152587890625</ele>
        <time>2026-09-05T16:14:19.000Z</time>
        <extensions>
          <ns3:TrackPointExtension>
            <ns3:hr>154</ns3:hr>
          </ns3:TrackPointExtension>
        </extensions>
      </trkpt>
      <trkpt lat="51.90473749302327632904052734375" lon="6.20569984428584575653076171875">
        <ele>52.799999237060546875</ele>
        <time>2026-09-05T16:14:22.000Z</time>
        <extensions>
          <ns3:TrackPointExtension>
            <ns3:hr>155</ns3:hr>
          </ns3:TrackPointExtension>
        </extensions>
      </trkpt>
      <trkpt lat="51.90472810529172420501708984375" lon="6.205675788223743438720703125">
        <ele>52.799999237060546875</ele>
        <time>2026-09-05T16:14:28.000Z</time>
        <extensions>
          <ns3:TrackPointExtension>
            <ns3:hr>155</ns3:hr>
          </ns3:TrackPointExtension>
        </extensions>
      </trkpt>
      <trkpt lat="51.90472844056785106658935546875" lon="6.205687858164310455322265625">
        <ele>52.799999237060546875</ele>
        <time>2026-09-05T16:14:30.000Z</time>
        <extensions>
          <ns3:TrackPointExtension>
            <ns3:hr>161</ns3:hr>
          </ns3:TrackPointExtension>
        </extensions>
      </trkpt>
      <trkpt lat="51.90470899455249309539794921875" lon="6.20569766499102115631103515625">
        <ele>52.799999237060546875</ele>
        <time>2026-09-05T16:14:33.000Z</time>
        <extensions>
          <ns3:TrackPointExtension>
            <ns3:hr>163</ns3:hr>
          </ns3:TrackPointExtension>
        </extensions>
      </trkpt>
      <trkpt lat="51.90467446111142635345458984375" lon="6.20569380931556224822998046875">
        <ele>53.200000762939453125</ele>
        <time>2026-09-05T16:14:37.000Z</time>
        <extensions>
          <ns3:TrackPointExtension>
            <ns3:hr>163</ns3:hr>
          </ns3:TrackPointExtension>
        </extensions>
      </trkpt>
      <trkpt lat="51.90459064207971096038818359375" lon="6.20569515042006969451904296875">
        <ele>53.40000152587890625</ele>
        <time>2026-09-05T16:14:44.000Z</time>
        <extensions>
          <ns3:TrackPointExtension>
            <ns3:hr>163</ns3:hr>
          </ns3:TrackPointExtension>
        </extensions>
      </trkpt>
      <trkpt lat="51.9045464694499969482421875" lon="6.2056632153689861297607421875">
        <ele>53.799999237060546875</ele>
        <time>2026-09-05T16:14:48.000Z</time>
        <extensions>
          <ns3:TrackPointExtension>
            <ns3:hr>160</ns3:hr>
          </ns3:TrackPointExtension>
        </extensions>
      </trkpt>
      <trkpt lat="51.90450749360024929046630859375" lon="6.2056347168982028961181640625">
        <ele>54.200000762939453125</ele>
        <time>2026-09-05T16:14:52.000Z</time>
        <extensions>
          <ns3:TrackPointExtension>
            <ns3:hr>157</ns3:hr>
          </ns3:TrackPointExtension>
        </extensions>
      </trkpt>
      <trkpt lat="51.904499530792236328125" lon="6.20563195087015628814697265625">
        <ele>54.200000762939453125</ele>
        <time>2026-09-05T16:14:53.000Z</time>
        <extensions>
          <ns3:TrackPointExtension>
            <ns3:hr>157</ns3:hr>
          </ns3:TrackPointExtension>
        </extensions>
      </trkpt>
      <trkpt lat="51.90440204925835132598876953125" lon="6.2055492214858531951904296875">
        <ele>54.799999237060546875</ele>
        <time>2026-09-05T16:15:03.000Z</time>
        <extensions>
          <ns3:TrackPointExtension>
            <ns3:hr>158</ns3:hr>
          </ns3:TrackPointExtension>
        </extensions>
      </trkpt>
      <trkpt lat="51.9043950922787189483642578125" lon="6.2055451981723308563232421875">
        <ele>54.799999237060546875</ele>
        <time>2026-09-05T16:15:04.000Z</time>
        <extensions>
          <ns3:TrackPointExtension>
            <ns3:hr>158</ns3:hr>
          </ns3:TrackPointExtension>
        </extensions>
      </trkpt>
      <trkpt lat="51.90434538759291172027587890625" lon="6.20550957508385181427001953125">
        <ele>55</ele>
        <time>2026-09-05T16:15:11.000Z</time>
        <extensions>
          <ns3:TrackPointExtension>
            <ns3:hr>158</ns3:hr>
          </ns3:TrackPointExtension>
        </extensions>
      </trkpt>
      <trkpt lat="51.90428554080426692962646484375" lon="6.20540681295096874237060546875">
        <ele>55.200000762939453125</ele>
        <time>2026-09-05T16:15:20.000Z</time>
        <extensions>
          <ns3:TrackPointExtension>
            <ns3:hr>159</ns3:hr>
          </ns3:TrackPointExtension>
        </extensions>
      </trkpt>
      <trkpt lat="51.9042455591261386871337890625" lon="6.20536624453961849212646484375">
        <ele>55.40000152587890625</ele>
        <time>2026-09-05T16:15:24.000Z</time>
        <extensions>
          <ns3:TrackPointExtension>
            <ns3:hr>162</ns3:hr>
          </ns3:TrackPointExtension>
        </extensions>
      </trkpt>
      <trkpt lat="51.90419551916420459747314453125" lon="6.20532969944179058074951171875">
        <ele>55.59999847412109375</ele>
        <time>2026-09-05T16:15:29.000Z</time>
        <extensions>
          <ns3:TrackPointExtension>
            <ns3:hr>163</ns3:hr>
          </ns3:TrackPointExtension>
        </extensions>
      </trkpt>
      <trkpt lat="51.9041603989899158477783203125" lon="6.20529214851558208465576171875">
        <ele>55.59999847412109375</ele>
        <time>2026-09-05T16:15:32.000Z</time>
        <extensions>
          <ns3:TrackPointExtension>
            <ns3:hr>159</ns3:hr>
          </ns3:TrackPointExtension>
        </extensions>
      </trkpt>
      <trkpt lat="51.904103569686412811279296875" lon="6.20521076023578643798828125">
        <ele>55.799999237060546875</ele>
        <time>2026-09-05T16:15:38.000Z</time>
        <extensions>
          <ns3:TrackPointExtension>
            <ns3:hr>158</ns3:hr>
          </ns3:TrackPointExtension>
        </extensions>
      </trkpt>
      <trkpt lat="51.90408789552748203277587890625" lon="6.20518586598336696624755859375">
        <ele>55.799999237060546875</ele>
        <time>2026-09-05T16:15:40.000Z</time>
        <extensions>
          <ns3:TrackPointExtension>
            <ns3:hr>158</ns3:hr>
          </ns3:TrackPointExtension>
        </extensions>
      </trkpt>
      <trkpt lat="51.9040314853191375732421875" lon="6.20513356290757656097412109375">
        <ele>55.799999237060546875</ele>
        <time>2026-09-05T16:15:48.000Z</time>
        <extensions>
          <ns3:TrackPointExtension>
            <ns3:hr>158</ns3:hr>
          </ns3:TrackPointExtension>
        </extensions>
      </trkpt>
      <trkpt lat="51.90393484197556972503662109375" lon="6.20506918989121913909912109375">
        <ele>56</ele>
        <time>2026-09-05T16:15:57.000Z</time>
        <extensions>
          <ns3:TrackPointExtension>
            <ns3:hr>157</ns3:hr>
          </ns3:TrackPointExtension>
        </extensions>
      </trkpt>
      <trkpt lat="51.903852112591266632080078125" lon="6.2049772404134273529052734375">
        <ele>56.200000762939453125</ele>
        <time>2026-09-05T16:16:06.000Z</time>
        <extensions>
          <ns3:TrackPointExtension>
            <ns3:hr>155</ns3:hr>
          </ns3:TrackPointExtension>
        </extensions>
      </trkpt>
      <trkpt lat="51.90374608151614665985107421875" lon="6.2048344127833843231201171875">
        <ele>56</ele>
        <time>2026-09-05T16:16:17.000Z</time>
        <extensions>
          <ns3:TrackPointExtension>
            <ns3:hr>155</ns3:hr>
          </ns3:TrackPointExtension>
        </extensions>
      </trkpt>
      <trkpt lat="51.90367030911147594451904296875" lon="6.20472729206085205078125">
        <ele>55.40000152587890625</ele>
        <time>2026-09-05T16:16:26.000Z</time>
        <extensions>
          <ns3:TrackPointExtension>
            <ns3:hr>152</ns3:hr>
          </ns3:TrackPointExtension>
        </extensions>
      </trkpt>
      <trkpt lat="51.903659664094448089599609375" lon="6.20471899397671222686767578125">
        <ele>55.200000762939453125</ele>
        <time>2026-09-05T16:16:27.000Z</time>
        <extensions>
          <ns3:TrackPointExtension>
            <ns3:hr>152</ns3:hr>
          </ns3:TrackPointExtension>
        </extensions>
      </trkpt>
      <trkpt lat="51.903598643839359283447265625" lon="6.20465244166553020477294921875">
        <ele>55.40000152587890625</ele>
        <time>2026-09-05T16:16:33.000Z</time>
        <extensions>
          <ns3:TrackPointExtension>
            <ns3:hr>149</ns3:hr>
          </ns3:TrackPointExtension>
        </extensions>
      </trkpt>
      <trkpt lat="51.90359068103134632110595703125" lon="6.20462645776569843292236328125">
        <ele>55.40000152587890625</ele>
        <time>2026-09-05T16:16:35.000Z</time>
        <extensions>
          <ns3:TrackPointExtension>
            <ns3:hr>149</ns3:hr>
          </ns3:TrackPointExtension>
        </extensions>
      </trkpt>
      <trkpt lat="51.90352865494787693023681640625" lon="6.204569377005100250244140625">
        <ele>55.200000762939453125</ele>
        <time>2026-09-05T16:16:43.000Z</time>
        <extensions>
          <ns3:TrackPointExtension>
            <ns3:hr>147</ns3:hr>
          </ns3:TrackPointExtension>
        </extensions>
      </trkpt>
      <trkpt lat="51.9035092927515506744384765625" lon="6.204543896019458770751953125">
        <ele>54.59999847412109375</ele>
        <time>2026-09-05T16:16:46.000Z</time>
        <extensions>
          <ns3:TrackPointExtension>
            <ns3:hr>145</ns3:hr>
          </ns3:TrackPointExtension>
        </extensions>
      </trkpt>
      <trkpt lat="51.90349060110747814178466796875" lon="6.20452034287154674530029296875">
        <ele>54.200000762939453125</ele>
        <time>2026-09-05T16:16:51.000Z</time>
        <extensions>
          <ns3:TrackPointExtension>
            <ns3:hr>145</ns3:hr>
          </ns3:TrackPointExtension>
        </extensions>
      </trkpt>
      <trkpt lat="51.9033944606781005859375" lon="6.2044550478458404541015625">
        <ele>54</ele>
        <time>2026-09-05T16:17:00.000Z</time>
        <extensions>
          <ns3:TrackPointExtension>
            <ns3:hr>144</ns3:hr>
          </ns3:TrackPointExtension>
        </extensions>
      </trkpt>
      <trkpt lat="51.9033421576023101806640625" lon="6.20438489131629467010498046875">
        <ele>53.59999847412109375</ele>
        <time>2026-09-05T16:17:07.000Z</time>
        <extensions>
          <ns3:TrackPointExtension>
            <ns3:hr>143</ns3:hr>
          </ns3:TrackPointExtension>
        </extensions>
      </trkpt>
      <trkpt lat="51.903343498706817626953125" lon="6.2043794430792331695556640625">
        <ele>53.40000152587890625</ele>
        <time>2026-09-05T16:17:08.000Z</time>
        <extensions>
          <ns3:TrackPointExtension>
            <ns3:hr>143</ns3:hr>
          </ns3:TrackPointExtension>
        </extensions>
      </trkpt>
      <trkpt lat="51.903347857296466827392578125" lon="6.20437516830861568450927734375">
        <ele>53.200000762939453125</ele>
        <time>2026-09-05T16:17:09.000Z</time>
        <extensions>
          <ns3:TrackPointExtension>
            <ns3:hr>144</ns3:hr>
          </ns3:TrackPointExtension>
        </extensions>
      </trkpt>
      <trkpt lat="51.9033476896584033966064453125" lon="6.20436460711061954498291015625">
        <ele>53.200000762939453125</ele>
        <time>2026-09-05T16:17:20.000Z</time>
        <extensions>
          <ns3:TrackPointExtension>
            <ns3:hr>143</ns3:hr>
          </ns3:TrackPointExtension>
        </extensions>
      </trkpt>
      <trkpt lat="51.90327988006174564361572265625" lon="6.2043147347867488861083984375">
        <ele>52.59999847412109375</ele>
        <time>2026-09-05T16:17:29.000Z</time>
        <extensions>
          <ns3:TrackPointExtension>
            <ns3:hr>143</ns3:hr>
          </ns3:TrackPointExtension>
        </extensions>
      </trkpt>
      <trkpt lat="51.90326462499797344207763671875" lon="6.2042647786438465118408203125">
        <ele>52.40000152587890625</ele>
        <time>2026-09-05T16:17:32.000Z</time>
        <extensions>
          <ns3:TrackPointExtension>
            <ns3:hr>142</ns3:hr>
          </ns3:TrackPointExtension>
        </extensions>
      </trkpt>
      <trkpt lat="51.90325741656124591827392578125" lon="6.2042163312435150146484375">
        <ele>51.799999237060546875</ele>
        <time>2026-09-05T16:17:35.000Z</time>
        <extensions>
          <ns3:TrackPointExtension>
            <ns3:hr>141</ns3:hr>
          </ns3:TrackPointExtension>
        </extensions>
      </trkpt>
      <trkpt lat="51.9032598473131656646728515625" lon="6.2041658721864223480224609375">
        <ele>51.200000762939453125</ele>
        <time>2026-09-05T16:17:40.000Z</time>
        <extensions>
          <ns3:TrackPointExtension>
            <ns3:hr>139</ns3:hr>
          </ns3:TrackPointExtension>
        </extensions>
      </trkpt>
      <trkpt lat="51.90325691364705562591552734375" lon="6.2041090428829193115234375">
        <ele>51</ele>
        <time>2026-09-05T16:17:44.000Z</time>
        <extensions>
          <ns3:TrackPointExtension>
            <ns3:hr>139</ns3:hr>
          </ns3:TrackPointExtension>
        </extensions>
      </trkpt>
      <trkpt lat="51.9032501243054866790771484375" lon="6.2040404789149761199951171875">
        <ele>50</ele>
        <time>2026-09-05T16:17:50.000Z</time>
        <extensions>
          <ns3:TrackPointExtension>
            <ns3:hr>138</ns3:hr>
          </ns3:TrackPointExtension>
        </extensions>
      </trkpt>
      <trkpt lat="51.9032541476190090179443359375" lon="6.20402027852833271026611328125">
        <ele>49.799999237060546875</ele>
        <time>2026-09-05T16:17:51.000Z</time>
        <extensions>
          <ns3:TrackPointExtension>
            <ns3:hr>138</ns3:hr>
          </ns3:TrackPointExtension>
        </extensions>
      </trkpt>
      <trkpt lat="51.90326143987476825714111328125" lon="6.2039816379547119140625">
        <ele>49.200000762939453125</ele>
        <time>2026-09-05T16:17:54.000Z</time>
        <extensions>
          <ns3:TrackPointExtension>
            <ns3:hr>138</ns3:hr>
          </ns3:TrackPointExtension>
        </extensions>
      </trkpt>
      <trkpt lat="51.903263032436370849609375" lon="6.2039737589657306671142578125">
        <ele>49</ele>
        <time>2026-09-05T16:17:55.000Z</time>
        <extensions>
          <ns3:TrackPointExtension>
            <ns3:hr>138</ns3:hr>
          </ns3:TrackPointExtension>
        </extensions>
      </trkpt>
      <trkpt lat="51.90326772630214691162109375" lon="6.20394635014235973358154296875">
        <ele>48</ele>
        <time>2026-09-05T16:18:01.000Z</time>
        <extensions>
          <ns3:TrackPointExtension>
            <ns3:hr>137</ns3:hr>
          </ns3:TrackPointExtension>
        </extensions>
      </trkpt>
      <trkpt lat="51.90327820368111133575439453125" lon="6.203929670155048370361328125">
        <ele>47.799999237060546875</ele>
        <time>2026-09-05T16:18:03.000Z</time>
        <extensions>
          <ns3:TrackPointExtension>
            <ns3:hr>137</ns3:hr>
          </ns3:TrackPointExtension>
        </extensions>
      </trkpt>
      <trkpt lat="51.90331332385540008544921875" lon="6.203879378736019134521484375">
        <ele>47.200000762939453125</ele>
        <time>2026-09-05T16:18:10.000Z</time>
        <extensions>
          <ns3:TrackPointExtension>
            <ns3:hr>138</ns3:hr>
          </ns3:TrackPointExtension>
        </extensions>
      </trkpt>
      <trkpt lat="51.90333612263202667236328125" lon="6.20386336930096149444580078125">
        <ele>46.799999237060546875</ele>
        <time>2026-09-05T16:18:14.000Z</time>
        <extensions>
          <ns3:TrackPointExtension>
            <ns3:hr>138</ns3:hr>
          </ns3:TrackPointExtension>
        </extensions>
      </trkpt>
      <trkpt lat="51.9033497013151645660400390625" lon="6.20385364629328250885009765625">
        <ele>46.40000152587890625</ele>
        <time>2026-09-05T16:18:16.000Z</time>
        <extensions>
          <ns3:TrackPointExtension>
            <ns3:hr>138</ns3:hr>
          </ns3:TrackPointExtension>
        </extensions>
      </trkpt>
      <trkpt lat="51.9033674709498882293701171875" lon="6.20384576730430126190185546875">
        <ele>45.799999237060546875</ele>
        <time>2026-09-05T16:18:19.000Z</time>
        <extensions>
          <ns3:TrackPointExtension>
            <ns3:hr>138</ns3:hr>
          </ns3:TrackPointExtension>
        </extensions>
      </trkpt>
      <trkpt lat="51.90339638851583003997802734375" lon="6.20386303402483463287353515625">
        <ele>44.59999847412109375</ele>
        <time>2026-09-05T16:18:24.000Z</time>
        <extensions>
          <ns3:TrackPointExtension>
            <ns3:hr>139</ns3:hr>
          </ns3:TrackPointExtension>
        </extensions>
      </trkpt>
      <trkpt lat="51.9034214504063129425048828125" lon="6.20386068709194660186767578125">
        <ele>44.200000762939453125</ele>
        <time>2026-09-05T16:18:33.000Z</time>
        <extensions>
          <ns3:TrackPointExtension>
            <ns3:hr>139</ns3:hr>
          </ns3:TrackPointExtension>
        </extensions>
      </trkpt>
      <trkpt lat="51.9034211151301860809326171875" lon="6.20384291745722293853759765625">
        <ele>43.59999847412109375</ele>
        <time>2026-09-05T16:18:37.000Z</time>
        <extensions>
          <ns3:TrackPointExtension>
            <ns3:hr>140</ns3:hr>
          </ns3:TrackPointExtension>
        </extensions>
      </trkpt>
      <trkpt lat="51.90343695692718029022216796875" lon="6.2037960626184940338134765625">
        <ele>42.799999237060546875</ele>
        <time>2026-09-05T16:18:42.000Z</time>
        <extensions>
          <ns3:TrackPointExtension>
            <ns3:hr>140</ns3:hr>
          </ns3:TrackPointExtension>
        </extensions>
      </trkpt>
      <trkpt lat="51.90344718284904956817626953125" lon="6.20377452112734317779541015625">
        <ele>42.59999847412109375</ele>
        <time>2026-09-05T16:18:44.000Z</time>
        <extensions>
          <ns3:TrackPointExtension>
            <ns3:hr>140</ns3:hr>
          </ns3:TrackPointExtension>
        </extensions>
      </trkpt>
      <trkpt lat="51.90347434021532535552978515625" lon="6.2037142552435398101806640625">
        <ele>41.40000152587890625</ele>
        <time>2026-09-05T16:18:53.000Z</time>
        <extensions>
          <ns3:TrackPointExtension>
            <ns3:hr>139</ns3:hr>
          </ns3:TrackPointExtension>
        </extensions>
      </trkpt>
      <trkpt lat="51.9034844823181629180908203125" lon="6.20363068766891956329345703125">
        <ele>40.799999237060546875</ele>
        <time>2026-09-05T16:18:59.000Z</time>
        <extensions>
          <ns3:TrackPointExtension>
            <ns3:hr>137</ns3:hr>
          </ns3:TrackPointExtension>
        </extensions>
      </trkpt>
      <trkpt lat="51.90349303185939788818359375" lon="6.203598417341709136962890625">
        <ele>40.40000152587890625</ele>
        <time>2026-09-05T16:19:01.000Z</time>
        <extensions>
          <ns3:TrackPointExtension>
            <ns3:hr>137</ns3:hr>
          </ns3:TrackPointExtension>
        </extensions>
      </trkpt>
      <trkpt lat="51.90351557917892932891845703125" lon="6.20352759025990962982177734375">
        <ele>39.59999847412109375</ele>
        <time>2026-09-05T16:19:06.000Z</time>
        <extensions>
          <ns3:TrackPointExtension>
            <ns3:hr>137</ns3:hr>
          </ns3:TrackPointExtension>
        </extensions>
      </trkpt>
      <trkpt lat="51.90352362580597400665283203125" lon="6.2035053782165050506591796875">
        <ele>39.40000152587890625</ele>
        <time>2026-09-05T16:19:08.000Z</time>
        <extensions>
          <ns3:TrackPointExtension>
            <ns3:hr>137</ns3:hr>
          </ns3:TrackPointExtension>
        </extensions>
      </trkpt>
      <trkpt lat="51.9035357795655727386474609375" lon="6.203422062098979949951171875">
        <ele>38.40000152587890625</ele>
        <time>2026-09-05T16:19:14.000Z</time>
        <extensions>
          <ns3:TrackPointExtension>
            <ns3:hr>137</ns3:hr>
          </ns3:TrackPointExtension>
        </extensions>
      </trkpt>
      <trkpt lat="51.90353770740330219268798828125" lon="6.203404627740383148193359375">
        <ele>38.200000762939453125</ele>
        <time>2026-09-05T16:19:15.000Z</time>
        <extensions>
          <ns3:TrackPointExtension>
            <ns3:hr>137</ns3:hr>
          </ns3:TrackPointExtension>
        </extensions>
      </trkpt>
      <trkpt lat="51.90354441292583942413330078125" lon="6.2033149413764476776123046875">
        <ele>37</ele>
        <time>2026-09-05T16:19:21.000Z</time>
        <extensions>
          <ns3:TrackPointExtension>
            <ns3:hr>136</ns3:hr>
          </ns3:TrackPointExtension>
        </extensions>
      </trkpt>
      <trkpt lat="51.903542317450046539306640625" lon="6.203289963304996490478515625">
        <ele>36.59999847412109375</ele>
        <time>2026-09-05T16:19:23.000Z</time>
        <extensions>
          <ns3:TrackPointExtension>
            <ns3:hr>137</ns3:hr>
          </ns3:TrackPointExtension>
        </extensions>
      </trkpt>
      <trkpt lat="51.903529576957225799560546875" lon="6.20324143208563327789306640625">
        <ele>36</ele>
        <time>2026-09-05T16:19:27.000Z</time>
        <extensions>
          <ns3:TrackPointExtension>
            <ns3:hr>137</ns3:hr>
          </ns3:TrackPointExtension>
        </extensions>
      </trkpt>
      <trkpt lat="51.90350552089512348175048828125" lon="6.203179322183132171630859375">
        <ele>35.200000762939453125</ele>
        <time>2026-09-05T16:19:31.000Z</time>
        <extensions>
          <ns3:TrackPointExtension>
            <ns3:hr>136</ns3:hr>
          </ns3:TrackPointExtension>
        </extensions>
      </trkpt>
      <trkpt lat="51.90348624251782894134521484375" lon="6.203074045479297637939453125">
        <ele>35</ele>
        <time>2026-09-05T16:19:37.000Z</time>
        <extensions>
          <ns3:TrackPointExtension>
            <ns3:hr>136</ns3:hr>
          </ns3:TrackPointExtension>
        </extensions>
      </trkpt>
      <trkpt lat="51.9034831412136554718017578125" lon="6.2030634842813014984130859375">
        <ele>34.799999237060546875</ele>
        <time>2026-09-05T16:19:38.000Z</time>
        <extensions>
          <ns3:TrackPointExtension>
            <ns3:hr>136</ns3:hr>
          </ns3:TrackPointExtension>
        </extensions>
      </trkpt>
      <trkpt lat="51.90348221920430660247802734375" lon="6.2030648253858089447021484375">
        <ele>34.59999847412109375</ele>
        <time>2026-09-05T16:19:43.000Z</time>
        <extensions>
          <ns3:TrackPointExtension>
            <ns3:hr>136</ns3:hr>
          </ns3:TrackPointExtension>
        </extensions>
      </trkpt>
      <trkpt lat="51.90343226306140422821044921875" lon="6.20297874324023723602294921875">
        <ele>34.200000762939453125</ele>
        <time>2026-09-05T16:19:50.000Z</time>
        <extensions>
          <ns3:TrackPointExtension>
            <ns3:hr>135</ns3:hr>
          </ns3:TrackPointExtension>
        </extensions>
      </trkpt>
      <trkpt lat="51.9033828936517238616943359375" lon="6.20290833525359630584716796875">
        <ele>33.799999237060546875</ele>
        <time>2026-09-05T16:19:56.000Z</time>
        <extensions>
          <ns3:TrackPointExtension>
            <ns3:hr>136</ns3:hr>
          </ns3:TrackPointExtension>
        </extensions>
      </trkpt>
      <trkpt lat="51.9033758528530597686767578125" lon="6.20290045626461505889892578125">
        <ele>33.799999237060546875</ele>
        <time>2026-09-05T16:19:57.000Z</time>
        <extensions>
          <ns3:TrackPointExtension>
            <ns3:hr>135</ns3:hr>
          </ns3:TrackPointExtension>
        </extensions>
      </trkpt>
      <trkpt lat="51.90327300690114498138427734375" lon="6.2027888931334018707275390625">
        <ele>33.799999237060546875</ele>
        <time>2026-09-05T16:20:08.000Z</time>
        <extensions>
          <ns3:TrackPointExtension>
            <ns3:hr>135</ns3:hr>
          </ns3:TrackPointExtension>
        </extensions>
      </trkpt>
      <trkpt lat="51.903160773217678070068359375" lon="6.20265453122556209564208984375">
        <ele>33.40000152587890625</ele>
        <time>2026-09-05T16:20:21.000Z</time>
        <extensions>
          <ns3:TrackPointExtension>
            <ns3:hr>137</ns3:hr>
          </ns3:TrackPointExtension>
        </extensions>
      </trkpt>
      <trkpt lat="51.9030714221298694610595703125" lon="6.2025609053671360015869140625">
        <ele>33</ele>
        <time>2026-09-05T16:20:31.000Z</time>
        <extensions>
          <ns3:TrackPointExtension>
            <ns3:hr>137</ns3:hr>
          </ns3:TrackPointExtension>
        </extensions>
      </trkpt>
      <trkpt lat="51.903015263378620147705078125" lon="6.20246442966163158416748046875">
        <ele>33</ele>
        <time>2026-09-05T16:20:38.000Z</time>
        <extensions>
          <ns3:TrackPointExtension>
            <ns3:hr>138</ns3:hr>
          </ns3:TrackPointExtension>
        </extensions>
      </trkpt>
      <trkpt lat="51.90298718400299549102783203125" lon="6.20242905803024768829345703125">
        <ele>32.799999237060546875</ele>
        <time>2026-09-05T16:20:41.000Z</time>
        <extensions>
          <ns3:TrackPointExtension>
            <ns3:hr>138</ns3:hr>
          </ns3:TrackPointExtension>
        </extensions>
      </trkpt>
      <trkpt lat="51.90293773077428340911865234375" lon="6.20233015157282352447509765625">
        <ele>32.59999847412109375</ele>
        <time>2026-09-05T16:20:48.000Z</time>
        <extensions>
          <ns3:TrackPointExtension>
            <ns3:hr>140</ns3:hr>
          </ns3:TrackPointExtension>
        </extensions>
      </trkpt>
      <trkpt lat="51.90289020538330078125" lon="6.20222504250705242156982421875">
        <ele>32.40000152587890625</ele>
        <time>2026-09-05T16:20:55.000Z</time>
        <extensions>
          <ns3:TrackPointExtension>
            <ns3:hr>139</ns3:hr>
          </ns3:TrackPointExtension>
        </extensions>
      </trkpt>
      <trkpt lat="51.9028400816023349761962890625" lon="6.20211842469871044158935546875">
        <ele>32.200000762939453125</ele>
        <time>2026-09-05T16:21:03.000Z</time>
        <extensions>
          <ns3:TrackPointExtension>
            <ns3:hr>141</ns3:hr>
          </ns3:TrackPointExtension>
        </extensions>
      </trkpt>
      <trkpt lat="51.90279305912554264068603515625" lon="6.20199822820723056793212890625">
        <ele>32.40000152587890625</ele>
        <time>2026-09-05T16:21:11.000Z</time>
        <extensions>
          <ns3:TrackPointExtension>
            <ns3:hr>140</ns3:hr>
          </ns3:TrackPointExtension>
        </extensions>
      </trkpt>
      <trkpt lat="51.90274159424006938934326171875" lon="6.201860010623931884765625">
        <ele>32.200000762939453125</ele>
        <time>2026-09-05T16:21:20.000Z</time>
        <extensions>
          <ns3:TrackPointExtension>
            <ns3:hr>142</ns3:hr>
          </ns3:TrackPointExtension>
        </extensions>
      </trkpt>
      <trkpt lat="51.902667917311191558837890625" lon="6.20171274058520793914794921875">
        <ele>32.200000762939453125</ele>
        <time>2026-09-05T16:21:30.000Z</time>
        <extensions>
          <ns3:TrackPointExtension>
            <ns3:hr>141</ns3:hr>
          </ns3:TrackPointExtension>
        </extensions>
      </trkpt>
      <trkpt lat="51.90259742550551891326904296875" lon="6.201605536043643951416015625">
        <ele>32.200000762939453125</ele>
        <time>2026-09-05T16:21:39.000Z</time>
        <extensions>
          <ns3:TrackPointExtension>
            <ns3:hr>141</ns3:hr>
          </ns3:TrackPointExtension>
        </extensions>
      </trkpt>
      <trkpt lat="51.902529783546924591064453125" lon="6.2014823220670223236083984375">
        <ele>32.40000152587890625</ele>
        <time>2026-09-05T16:21:50.000Z</time>
        <extensions>
          <ns3:TrackPointExtension>
            <ns3:hr>141</ns3:hr>
          </ns3:TrackPointExtension>
        </extensions>
      </trkpt>
      <trkpt lat="51.902501620352268218994140625" lon="6.201366484165191650390625">
        <ele>32.40000152587890625</ele>
        <time>2026-09-05T16:21:57.000Z</time>
        <extensions>
          <ns3:TrackPointExtension>
            <ns3:hr>142</ns3:hr>
          </ns3:TrackPointExtension>
        </extensions>
      </trkpt>
      <trkpt lat="51.90251938998699188232421875" lon="6.201259195804595947265625">
        <ele>32.200000762939453125</ele>
        <time>2026-09-05T16:22:04.000Z</time>
        <extensions>
          <ns3:TrackPointExtension>
            <ns3:hr>142</ns3:hr>
          </ns3:TrackPointExtension>
        </extensions>
      </trkpt>
      <trkpt lat="51.9025294482707977294921875" lon="6.2012095749378204345703125">
        <ele>31.799999237060546875</ele>
        <time>2026-09-05T16:22:07.000Z</time>
        <extensions>
          <ns3:TrackPointExtension>
            <ns3:hr>143</ns3:hr>
          </ns3:TrackPointExtension>
        </extensions>
      </trkpt>
      <trkpt lat="51.90254596062004566192626953125" lon="6.20113137178122997283935546875">
        <ele>31.799999237060546875</ele>
        <time>2026-09-05T16:22:13.000Z</time>
        <extensions>
          <ns3:TrackPointExtension>
            <ns3:hr>144</ns3:hr>
          </ns3:TrackPointExtension>
        </extensions>
      </trkpt>
      <trkpt lat="51.9025571085512638092041015625" lon="6.2011165358126163482666015625">
        <ele>31.799999237060546875</ele>
        <time>2026-09-05T16:22:16.000Z</time>
        <extensions>
          <ns3:TrackPointExtension>
            <ns3:hr>143</ns3:hr>
          </ns3:TrackPointExtension>
        </extensions>
      </trkpt>
      <trkpt lat="51.9025913067162036895751953125" lon="6.201046966016292572021484375">
        <ele>31.6000003814697265625</ele>
        <time>2026-09-05T16:22:22.000Z</time>
        <extensions>
          <ns3:TrackPointExtension>
            <ns3:hr>142</ns3:hr>
          </ns3:TrackPointExtension>
        </extensions>
      </trkpt>
      <trkpt lat="51.9026033766567707061767578125" lon="6.200918890535831451416015625">
        <ele>31</ele>
        <time>2026-09-05T16:22:29.000Z</time>
        <extensions>
          <ns3:TrackPointExtension>
            <ns3:hr>140</ns3:hr>
          </ns3:TrackPointExtension>
        </extensions>
      </trkpt>
      <trkpt lat="51.902584098279476165771484375" lon="6.20090304873883724212646484375">
        <ele>31.200000762939453125</ele>
        <time>2026-09-05T16:22:33.000Z</time>
        <extensions>
          <ns3:TrackPointExtension>
            <ns3:hr>139</ns3:hr>
          </ns3:TrackPointExtension>
        </extensions>
      </trkpt>
      <trkpt lat="51.902546547353267669677734375" lon="6.20085895992815494537353515625">
        <ele>31</ele>
        <time>2026-09-05T16:22:37.000Z</time>
        <extensions>
          <ns3:TrackPointExtension>
            <ns3:hr>139</ns3:hr>
          </ns3:TrackPointExtension>
        </extensions>
      </trkpt>
      <trkpt lat="51.90251394174993038177490234375" lon="6.20071026496589183807373046875">
        <ele>31.200000762939453125</ele>
        <time>2026-09-05T16:22:46.000Z</time>
        <extensions>
          <ns3:TrackPointExtension>
            <ns3:hr>138</ns3:hr>
          </ns3:TrackPointExtension>
        </extensions>
      </trkpt>
      <trkpt lat="51.90248661674559116363525390625" lon="6.2005341611802577972412109375">
        <ele>31.3999996185302734375</ele>
        <time>2026-09-05T16:22:58.000Z</time>
        <extensions>
          <ns3:TrackPointExtension>
            <ns3:hr>139</ns3:hr>
          </ns3:TrackPointExtension>
        </extensions>
      </trkpt>
      <trkpt lat="51.9024525023996829986572265625" lon="6.200385130941867828369140625">
        <ele>31.3999996185302734375</ele>
        <time>2026-09-05T16:23:06.000Z</time>
        <extensions>
          <ns3:TrackPointExtension>
            <ns3:hr>140</ns3:hr>
          </ns3:TrackPointExtension>
        </extensions>
      </trkpt>
      <trkpt lat="51.90244236029684543609619140625" lon="6.20022864080965518951416015625">
        <ele>31.799999237060546875</ele>
        <time>2026-09-05T16:23:16.000Z</time>
        <extensions>
          <ns3:TrackPointExtension>
            <ns3:hr>142</ns3:hr>
          </ns3:TrackPointExtension>
        </extensions>
      </trkpt>
      <trkpt lat="51.90244294703006744384765625" lon="6.2001608312129974365234375">
        <ele>31.6000003814697265625</ele>
        <time>2026-09-05T16:23:20.000Z</time>
        <extensions>
          <ns3:TrackPointExtension>
            <ns3:hr>139</ns3:hr>
          </ns3:TrackPointExtension>
        </extensions>
      </trkpt>
      <trkpt lat="51.90243699587881565093994140625" lon="6.2000785209238529205322265625">
        <ele>31.3999996185302734375</ele>
        <time>2026-09-05T16:23:26.000Z</time>
        <extensions>
          <ns3:TrackPointExtension>
            <ns3:hr>140</ns3:hr>
          </ns3:TrackPointExtension>
        </extensions>
      </trkpt>
      <trkpt lat="51.9024437852203845977783203125" lon="6.199936531484127044677734375">
        <ele>30.799999237060546875</ele>
        <time>2026-09-05T16:23:33.000Z</time>
        <extensions>
          <ns3:TrackPointExtension>
            <ns3:hr>142</ns3:hr>
          </ns3:TrackPointExtension>
        </extensions>
      </trkpt>
      <trkpt lat="51.902441270649433135986328125" lon="6.19988121092319488525390625">
        <ele>30.6000003814697265625</ele>
        <time>2026-09-05T16:23:36.000Z</time>
        <extensions>
          <ns3:TrackPointExtension>
            <ns3:hr>143</ns3:hr>
          </ns3:TrackPointExtension>
        </extensions>
      </trkpt>
      <trkpt lat="51.9024468027055263519287109375" lon="6.1997237987816333770751953125">
        <ele>30.200000762939453125</ele>
        <time>2026-09-05T16:23:45.000Z</time>
        <extensions>
          <ns3:TrackPointExtension>
            <ns3:hr>142</ns3:hr>
          </ns3:TrackPointExtension>
        </extensions>
      </trkpt>
      <trkpt lat="51.90244956873357295989990234375" lon="6.19957200251519680023193359375">
        <ele>30.200000762939453125</ele>
        <time>2026-09-05T16:23:55.000Z</time>
        <extensions>
          <ns3:TrackPointExtension>
            <ns3:hr>141</ns3:hr>
          </ns3:TrackPointExtension>
        </extensions>
      </trkpt>
      <trkpt lat="51.90245962701737880706787109375" lon="6.199550628662109375">
        <ele>29.6000003814697265625</ele>
        <time>2026-09-05T16:23:59.000Z</time>
        <extensions>
          <ns3:TrackPointExtension>
            <ns3:hr>140</ns3:hr>
          </ns3:TrackPointExtension>
        </extensions>
      </trkpt>
      <trkpt lat="51.90245560370385646820068359375" lon="6.19954518042504787445068359375">
        <ele>29</ele>
        <time>2026-09-05T16:24:03.000Z</time>
        <extensions>
          <ns3:TrackPointExtension>
            <ns3:hr>139</ns3:hr>
          </ns3:TrackPointExtension>
        </extensions>
      </trkpt>
      <trkpt lat="51.90245443023741245269775390625" lon="6.1995323561131954193115234375">
        <ele>29.200000762939453125</ele>
        <time>2026-09-05T16:24:05.000Z</time>
        <extensions>
          <ns3:TrackPointExtension>
            <ns3:hr>136</ns3:hr>
          </ns3:TrackPointExtension>
        </extensions>
      </trkpt>
      <trkpt lat="51.90245426259934902191162109375" lon="6.1994314379990100860595703125">
        <ele>29.6000003814697265625</ele>
        <time>2026-09-05T16:24:12.000Z</time>
        <extensions>
          <ns3:TrackPointExtension>
            <ns3:hr>136</ns3:hr>
          </ns3:TrackPointExtension>
        </extensions>
      </trkpt>
      <trkpt lat="51.90249499864876270294189453125" lon="6.1992973275482654571533203125">
        <ele>28.799999237060546875</ele>
        <time>2026-09-05T16:24:19.000Z</time>
        <extensions>
          <ns3:TrackPointExtension>
            <ns3:hr>134</ns3:hr>
          </ns3:TrackPointExtension>
        </extensions>
      </trkpt>
      <trkpt lat="51.9025001116096973419189453125" lon="6.19928450323641300201416015625">
        <ele>28.6000003814697265625</ele>
        <time>2026-09-05T16:24:20.000Z</time>
        <extensions>
          <ns3:TrackPointExtension>
            <ns3:hr>134</ns3:hr>
          </ns3:TrackPointExtension>
        </extensions>
      </trkpt>
      <trkpt lat="51.90255367197096347808837890625" lon="6.19915760122239589691162109375">
        <ele>28</ele>
        <time>2026-09-05T16:24:28.000Z</time>
        <extensions>
          <ns3:TrackPointExtension>
            <ns3:hr>133</ns3:hr>
          </ns3:TrackPointExtension>
        </extensions>
      </trkpt>
      <trkpt lat="51.90261301584541797637939453125" lon="6.1990297771990299224853515625">
        <ele>27.6000003814697265625</ele>
        <time>2026-09-05T16:24:36.000Z</time>
        <extensions>
          <ns3:TrackPointExtension>
            <ns3:hr>135</ns3:hr>
          </ns3:TrackPointExtension>
        </extensions>
      </trkpt>
      <trkpt lat="51.90261653624475002288818359375" lon="6.1990217305719852447509765625">
        <ele>27.6000003814697265625</ele>
        <time>2026-09-05T16:24:37.000Z</time>
        <extensions>
          <ns3:TrackPointExtension>
            <ns3:hr>134</ns3:hr>
          </ns3:TrackPointExtension>
        </extensions>
      </trkpt>
      <trkpt lat="51.9026711024343967437744140625" lon="6.1988561041653156280517578125">
        <ele>27</ele>
        <time>2026-09-05T16:24:46.000Z</time>
        <extensions>
          <ns3:TrackPointExtension>
            <ns3:hr>137</ns3:hr>
          </ns3:TrackPointExtension>
        </extensions>
      </trkpt>
      <trkpt lat="51.9026761315762996673583984375" lon="6.1988453753292560577392578125">
        <ele>27</ele>
        <time>2026-09-05T16:24:47.000Z</time>
        <extensions>
          <ns3:TrackPointExtension>
            <ns3:hr>137</ns3:hr>
          </ns3:TrackPointExtension>
        </extensions>
      </trkpt>
      <trkpt lat="51.90270873717963695526123046875" lon="6.1987660825252532958984375">
        <ele>26.3999996185302734375</ele>
        <time>2026-09-05T16:24:52.000Z</time>
        <extensions>
          <ns3:TrackPointExtension>
            <ns3:hr>140</ns3:hr>
          </ns3:TrackPointExtension>
        </extensions>
      </trkpt>
      <trkpt lat="51.90272248350083827972412109375" lon="6.19873062707483768463134765625">
        <ele>26.200000762939453125</ele>
        <time>2026-09-05T16:24:54.000Z</time>
        <extensions>
          <ns3:TrackPointExtension>
            <ns3:hr>140</ns3:hr>
          </ns3:TrackPointExtension>
        </extensions>
      </trkpt>
      <trkpt lat="51.90277528949081897735595703125" lon="6.19861965067684650421142578125">
        <ele>25.6000003814697265625</ele>
        <time>2026-09-05T16:25:02.000Z</time>
        <extensions>
          <ns3:TrackPointExtension>
            <ns3:hr>140</ns3:hr>
          </ns3:TrackPointExtension>
        </extensions>
      </trkpt>
      <trkpt lat="51.90280043520033359527587890625" lon="6.198545135557651519775390625">
        <ele>25.3999996185302734375</ele>
        <time>2026-09-05T16:25:07.000Z</time>
        <extensions>
          <ns3:TrackPointExtension>
            <ns3:hr>140</ns3:hr>
          </ns3:TrackPointExtension>
        </extensions>
      </trkpt>
      <trkpt lat="51.9028146006166934967041015625" lon="6.19850062765181064605712890625">
        <ele>25.6000003814697265625</ele>
        <time>2026-09-05T16:25:10.000Z</time>
        <extensions>
          <ns3:TrackPointExtension>
            <ns3:hr>139</ns3:hr>
          </ns3:TrackPointExtension>
        </extensions>
      </trkpt>
      <trkpt lat="51.90285441465675830841064453125" lon="6.19836098514497280120849609375">
        <ele>26</ele>
        <time>2026-09-05T16:25:20.000Z</time>
        <extensions>
          <ns3:TrackPointExtension>
            <ns3:hr>139</ns3:hr>
          </ns3:TrackPointExtension>
        </extensions>
      </trkpt>
      <trkpt lat="51.90293454565107822418212890625" lon="6.1983632482588291168212890625">
        <ele>25</ele>
        <time>2026-09-05T16:25:27.000Z</time>
        <extensions>
          <ns3:TrackPointExtension>
            <ns3:hr>137</ns3:hr>
          </ns3:TrackPointExtension>
        </extensions>
      </trkpt>
      <trkpt lat="51.90297964029014110565185546875" lon="6.19832293130457401275634765625">
        <ele>24.799999237060546875</ele>
        <time>2026-09-05T16:25:33.000Z</time>
        <extensions>
          <ns3:TrackPointExtension>
            <ns3:hr>137</ns3:hr>
          </ns3:TrackPointExtension>
        </extensions>
      </trkpt>
      <trkpt lat="51.90298475325107574462890625" lon="6.1982591450214385986328125">
        <ele>24.3999996185302734375</ele>
        <time>2026-09-05T16:25:37.000Z</time>
        <extensions>
          <ns3:TrackPointExtension>
            <ns3:hr>137</ns3:hr>
          </ns3:TrackPointExtension>
        </extensions>
      </trkpt>
      <trkpt lat="51.90300344489514827728271484375" lon="6.19818605482578277587890625">
        <ele>24.3999996185302734375</ele>
        <time>2026-09-05T16:25:41.000Z</time>
        <extensions>
          <ns3:TrackPointExtension>
            <ns3:hr>137</ns3:hr>
          </ns3:TrackPointExtension>
        </extensions>
      </trkpt>
      <trkpt lat="51.9030405767261981964111328125" lon="6.19802302680909633636474609375">
        <ele>24.6000003814697265625</ele>
        <time>2026-09-05T16:25:50.000Z</time>
        <extensions>
          <ns3:TrackPointExtension>
            <ns3:hr>137</ns3:hr>
          </ns3:TrackPointExtension>
        </extensions>
      </trkpt>
      <trkpt lat="51.9030479528009891510009765625" lon="6.19799427688121795654296875">
        <ele>24.799999237060546875</ele>
        <time>2026-09-05T16:25:52.000Z</time>
        <extensions>
          <ns3:TrackPointExtension>
            <ns3:hr>137</ns3:hr>
          </ns3:TrackPointExtension>
        </extensions>
      </trkpt>
    </trkseg>
  </trk>
</gpx>
