<?xml version="1.0" encoding="UTF-8"?>
<gpx creator="Garmin Connect" version="1.1"
  xsi:schemaLocation="http://www.topografix.com/GPX/1/1 http://www.topografix.com/GPX/11.xsd"
  xmlns:ns3="http://www.garmin.com/xmlschemas/TrackPointExtension/v1"
  xmlns="http://www.topografix.com/GPX/1/1"
  xmlns:xsi="http://www.w3.org/2001/XMLSchema-instance" xmlns:ns2="http://www.garmin.com/xmlschemas/GpxExtensions/v3">
  <metadata>
    <link href="connect.garmin.com">
      <text>Garmin Connect</text>
    </link>
    <time>2026-06-08T10:26:57.000Z</time>
  </metadata>
  <trk>
    <name>swamp/bridges</name>
    <type>walking</type>
    <trkseg>
      <trkpt lat="51.69162358157336711883544921875" lon="5.22697518579661846160888671875">
        <ele>3.2000000476837158203125</ele>
        <time>2026-06-08T10:26:57.000Z</time>
        <extensions>
          <ns3:TrackPointExtension>
            <ns3:hr>133</ns3:hr>
          </ns3:TrackPointExtension>
        </extensions>
      </trkpt>
      <trkpt lat="51.69159407727420330047607421875" lon="5.2269888482987880706787109375">
        <ele>3.2000000476837158203125</ele>
        <time>2026-06-08T10:26:58.000Z</time>
        <extensions>
          <ns3:TrackPointExtension>
            <ns3:hr>135</ns3:hr>
          </ns3:TrackPointExtension>
        </extensions>
      </trkpt>
      <trkpt lat="51.69161318801343441009521484375" lon="5.22693729959428310394287109375">
        <ele>3.2000000476837158203125</ele>
        <time>2026-06-08T10:26:59.000Z</time>
        <extensions>
          <ns3:TrackPointExtension>
            <ns3:hr>140</ns3:hr>
          </ns3:TrackPointExtension>
        </extensions>
      </trkpt>
      <trkpt lat="51.6916027106344699859619140625" lon="5.2269637025892734527587890625">
        <ele>3</ele>
        <time>2026-06-08T10:27:00.000Z</time>
        <extensions>
          <ns3:TrackPointExtension>
            <ns3:hr>140</ns3:hr>
          </ns3:TrackPointExtension>
        </extensions>
      </trkpt>
      <trkpt lat="51.69157999567687511444091796875" lon="5.22678609006106853485107421875">
        <ele>3</ele>
        <time>2026-06-08T10:27:02.000Z</time>
        <extensions>
          <ns3:TrackPointExtension>
            <ns3:hr>140</ns3:hr>
          </ns3:TrackPointExtension>
        </extensions>
      </trkpt>
      <trkpt lat="51.6916246712207794189453125" lon="5.226560197770595550537109375">
        <ele>2.400000095367431640625</ele>
        <time>2026-06-08T10:27:09.000Z</time>
        <extensions>
          <ns3:TrackPointExtension>
            <ns3:hr>138</ns3:hr>
          </ns3:TrackPointExtension>
        </extensions>
      </trkpt>
      <trkpt lat="51.69160782359540462493896484375" lon="5.22658961825072765350341796875">
        <ele>2.400000095367431640625</ele>
        <time>2026-06-08T10:27:12.000Z</time>
        <extensions>
          <ns3:TrackPointExtension>
            <ns3:hr>135</ns3:hr>
          </ns3:TrackPointExtension>
        </extensions>
      </trkpt>
      <trkpt lat="51.691561974585056304931640625" lon="5.2266626246273517608642578125">
        <ele>2.400000095367431640625</ele>
        <time>2026-06-08T10:27:17.000Z</time>
        <extensions>
          <ns3:TrackPointExtension>
            <ns3:hr>133</ns3:hr>
          </ns3:TrackPointExtension>
        </extensions>
      </trkpt>
      <trkpt lat="51.69151009060442447662353515625" lon="5.22674669511616230010986328125">
        <ele>2.400000095367431640625</ele>
        <time>2026-06-08T10:27:24.000Z</time>
        <extensions>
          <ns3:TrackPointExtension>
            <ns3:hr>133</ns3:hr>
          </ns3:TrackPointExtension>
        </extensions>
      </trkpt>
      <trkpt lat="51.69149391353130340576171875" lon="5.22678458131849765777587890625">
        <ele>2</ele>
        <time>2026-06-08T10:27:26.000Z</time>
        <extensions>
          <ns3:TrackPointExtension>
            <ns3:hr>134</ns3:hr>
          </ns3:TrackPointExtension>
        </extensions>
      </trkpt>
      <trkpt lat="51.6914525069296360015869140625" lon="5.22688935510814189910888671875">
        <ele>2</ele>
        <time>2026-06-08T10:27:33.000Z</time>
        <extensions>
          <ns3:TrackPointExtension>
            <ns3:hr>133</ns3:hr>
          </ns3:TrackPointExtension>
        </extensions>
      </trkpt>
      <trkpt lat="51.6914008744060993194580078125" lon="5.22706856019794940948486328125">
        <ele>2</ele>
        <time>2026-06-08T10:27:43.000Z</time>
        <extensions>
          <ns3:TrackPointExtension>
            <ns3:hr>133</ns3:hr>
          </ns3:TrackPointExtension>
        </extensions>
      </trkpt>
      <trkpt lat="51.69136382639408111572265625" lon="5.2272647805511951446533203125">
        <ele>2</ele>
        <time>2026-06-08T10:27:54.000Z</time>
        <extensions>
          <ns3:TrackPointExtension>
            <ns3:hr>133</ns3:hr>
          </ns3:TrackPointExtension>
        </extensions>
      </trkpt>
      <trkpt lat="51.69134697876870632171630859375" lon="5.2274116314947605133056640625">
        <ele>1.60000002384185791015625</ele>
        <time>2026-06-08T10:28:02.000Z</time>
        <extensions>
          <ns3:TrackPointExtension>
            <ns3:hr>133</ns3:hr>
          </ns3:TrackPointExtension>
        </extensions>
      </trkpt>
      <trkpt lat="51.69133826158940792083740234375" lon="5.2275259606540203094482421875">
        <ele>1.39999997615814208984375</ele>
        <time>2026-06-08T10:28:09.000Z</time>
        <extensions>
          <ns3:TrackPointExtension>
            <ns3:hr>135</ns3:hr>
          </ns3:TrackPointExtension>
        </extensions>
      </trkpt>
      <trkpt lat="51.691324599087238311767578125" lon="5.2276674471795558929443359375">
        <ele>2</ele>
        <time>2026-06-08T10:28:17.000Z</time>
        <extensions>
          <ns3:TrackPointExtension>
            <ns3:hr>136</ns3:hr>
          </ns3:TrackPointExtension>
        </extensions>
      </trkpt>
      <trkpt lat="51.69133155606687068939208984375" lon="5.22781924344599246978759765625">
        <ele>1.39999997615814208984375</ele>
        <time>2026-06-08T10:28:25.000Z</time>
        <extensions>
          <ns3:TrackPointExtension>
            <ns3:hr>135</ns3:hr>
          </ns3:TrackPointExtension>
        </extensions>
      </trkpt>
      <trkpt lat="51.69131730683147907257080078125" lon="5.2278498373925685882568359375">
        <ele>0.800000011920928955078125</ele>
        <time>2026-06-08T10:28:27.000Z</time>
        <extensions>
          <ns3:TrackPointExtension>
            <ns3:hr>134</ns3:hr>
          </ns3:TrackPointExtension>
        </extensions>
      </trkpt>
      <trkpt lat="51.69129802845418453216552734375" lon="5.2278401143848896026611328125">
        <ele>0.4000000059604644775390625</ele>
        <time>2026-06-08T10:28:31.000Z</time>
        <extensions>
          <ns3:TrackPointExtension>
            <ns3:hr>133</ns3:hr>
          </ns3:TrackPointExtension>
        </extensions>
      </trkpt>
      <trkpt lat="51.69124723412096500396728515625" lon="5.2278096042573451995849609375">
        <ele>0.20000000298023223876953125</ele>
        <time>2026-06-08T10:28:39.000Z</time>
        <extensions>
          <ns3:TrackPointExtension>
            <ns3:hr>132</ns3:hr>
          </ns3:TrackPointExtension>
        </extensions>
      </trkpt>
      <trkpt lat="51.69121873565018177032470703125" lon="5.22773894481360912322998046875">
        <ele>-0.20000000298023223876953125</ele>
        <time>2026-06-08T10:28:45.000Z</time>
        <extensions>
          <ns3:TrackPointExtension>
            <ns3:hr>133</ns3:hr>
          </ns3:TrackPointExtension>
        </extensions>
      </trkpt>
      <trkpt lat="51.6912057437002658843994140625" lon="5.227702818810939788818359375">
        <ele>-0.4000000059604644775390625</ele>
        <time>2026-06-08T10:28:47.000Z</time>
        <extensions>
          <ns3:TrackPointExtension>
            <ns3:hr>132</ns3:hr>
          </ns3:TrackPointExtension>
        </extensions>
      </trkpt>
      <trkpt lat="51.69116676785051822662353515625" lon="5.22753576748073101043701171875">
        <ele>-0.60000002384185791015625</ele>
        <time>2026-06-08T10:28:58.000Z</time>
        <extensions>
          <ns3:TrackPointExtension>
            <ns3:hr>131</ns3:hr>
          </ns3:TrackPointExtension>
        </extensions>
      </trkpt>
      <trkpt lat="51.69112888164818286895751953125" lon="5.22739402949810028076171875">
        <ele>-0.800000011920928955078125</ele>
        <time>2026-06-08T10:29:06.000Z</time>
        <extensions>
          <ns3:TrackPointExtension>
            <ns3:hr>130</ns3:hr>
          </ns3:TrackPointExtension>
        </extensions>
      </trkpt>
      <trkpt lat="51.6910934261977672576904296875" lon="5.22725380025804042816162109375">
        <ele>-0.800000011920928955078125</ele>
        <time>2026-06-08T10:29:14.000Z</time>
        <extensions>
          <ns3:TrackPointExtension>
            <ns3:hr>130</ns3:hr>
          </ns3:TrackPointExtension>
        </extensions>
      </trkpt>
      <trkpt lat="51.6910800151526927947998046875" lon="5.22720468230545520782470703125">
        <ele>-1.39999997615814208984375</ele>
        <time>2026-06-08T10:29:17.000Z</time>
        <extensions>
          <ns3:TrackPointExtension>
            <ns3:hr>131</ns3:hr>
          </ns3:TrackPointExtension>
        </extensions>
      </trkpt>
      <trkpt lat="51.69105193577706813812255859375" lon="5.22712270729243755340576171875">
        <ele>-1.2000000476837158203125</ele>
        <time>2026-06-08T10:29:22.000Z</time>
        <extensions>
          <ns3:TrackPointExtension>
            <ns3:hr>131</ns3:hr>
          </ns3:TrackPointExtension>
        </extensions>
      </trkpt>
      <trkpt lat="51.69102729298174381256103515625" lon="5.22704794071614742279052734375">
        <ele>-0.60000002384185791015625</ele>
        <time>2026-06-08T10:29:28.000Z</time>
        <extensions>
          <ns3:TrackPointExtension>
            <ns3:hr>133</ns3:hr>
          </ns3:TrackPointExtension>
        </extensions>
      </trkpt>
      <trkpt lat="51.6909817792475223541259765625" lon="5.22688533179461956024169921875">
        <ele>-0.4000000059604644775390625</ele>
        <time>2026-06-08T10:29:37.000Z</time>
        <extensions>
          <ns3:TrackPointExtension>
            <ns3:hr>135</ns3:hr>
          </ns3:TrackPointExtension>
        </extensions>
      </trkpt>
      <trkpt lat="51.6909334994852542877197265625" lon="5.22676127962768077850341796875">
        <ele>-1.2000000476837158203125</ele>
        <time>2026-06-08T10:29:45.000Z</time>
        <extensions>
          <ns3:TrackPointExtension>
            <ns3:hr>136</ns3:hr>
          </ns3:TrackPointExtension>
        </extensions>
      </trkpt>
      <trkpt lat="51.6909103654325008392333984375" lon="5.226721465587615966796875">
        <ele>-1</ele>
        <time>2026-06-08T10:29:48.000Z</time>
        <extensions>
          <ns3:TrackPointExtension>
            <ns3:hr>132</ns3:hr>
          </ns3:TrackPointExtension>
        </extensions>
      </trkpt>
      <trkpt lat="51.69086636044085025787353515625" lon="5.22665583528578281402587890625">
        <ele>-0.60000002384185791015625</ele>
        <time>2026-06-08T10:29:53.000Z</time>
        <extensions>
          <ns3:TrackPointExtension>
            <ns3:hr>131</ns3:hr>
          </ns3:TrackPointExtension>
        </extensions>
      </trkpt>
      <trkpt lat="51.69079930521547794342041015625" lon="5.2265493012964725494384765625">
        <ele>-1.2000000476837158203125</ele>
        <time>2026-06-08T10:30:01.000Z</time>
        <extensions>
          <ns3:TrackPointExtension>
            <ns3:hr>132</ns3:hr>
          </ns3:TrackPointExtension>
        </extensions>
      </trkpt>
      <trkpt lat="51.69077466242015361785888671875" lon="5.2265162765979766845703125">
        <ele>-1.39999997615814208984375</ele>
        <time>2026-06-08T10:30:04.000Z</time>
        <extensions>
          <ns3:TrackPointExtension>
            <ns3:hr>135</ns3:hr>
          </ns3:TrackPointExtension>
        </extensions>
      </trkpt>
      <trkpt lat="51.6907269693911075592041015625" lon="5.22644746117293834686279296875">
        <ele>-1.2000000476837158203125</ele>
        <time>2026-06-08T10:30:10.000Z</time>
        <extensions>
          <ns3:TrackPointExtension>
            <ns3:hr>136</ns3:hr>
          </ns3:TrackPointExtension>
        </extensions>
      </trkpt>
      <trkpt lat="51.69066511094570159912109375" lon="5.22638241760432720184326171875">
        <ele>-0.800000011920928955078125</ele>
        <time>2026-06-08T10:30:17.000Z</time>
        <extensions>
          <ns3:TrackPointExtension>
            <ns3:hr>136</ns3:hr>
          </ns3:TrackPointExtension>
        </extensions>
      </trkpt>
      <trkpt lat="51.69055606238543987274169921875" lon="5.2263075672090053558349609375">
        <ele>-0.20000000298023223876953125</ele>
        <time>2026-06-08T10:30:27.000Z</time>
        <extensions>
          <ns3:TrackPointExtension>
            <ns3:hr>136</ns3:hr>
          </ns3:TrackPointExtension>
        </extensions>
      </trkpt>
      <trkpt lat="51.69054751284420490264892578125" lon="5.22630044259130954742431640625">
        <ele>0</ele>
        <time>2026-06-08T10:30:28.000Z</time>
        <extensions>
          <ns3:TrackPointExtension>
            <ns3:hr>137</ns3:hr>
          </ns3:TrackPointExtension>
        </extensions>
      </trkpt>
      <trkpt lat="51.690507866442203521728515625" lon="5.2262743748724460601806640625">
        <ele>0.60000002384185791015625</ele>
        <time>2026-06-08T10:30:32.000Z</time>
        <extensions>
          <ns3:TrackPointExtension>
            <ns3:hr>134</ns3:hr>
          </ns3:TrackPointExtension>
        </extensions>
      </trkpt>
      <trkpt lat="51.69046184979379177093505859375" lon="5.22623036988079547882080078125">
        <ele>-0.20000000298023223876953125</ele>
        <time>2026-06-08T10:30:37.000Z</time>
        <extensions>
          <ns3:TrackPointExtension>
            <ns3:hr>134</ns3:hr>
          </ns3:TrackPointExtension>
        </extensions>
      </trkpt>
      <trkpt lat="51.6903908550739288330078125" lon="5.2261912263929843902587890625">
        <ele>0</ele>
        <time>2026-06-08T10:30:44.000Z</time>
        <extensions>
          <ns3:TrackPointExtension>
            <ns3:hr>137</ns3:hr>
          </ns3:TrackPointExtension>
        </extensions>
      </trkpt>
      <trkpt lat="51.69038289226591587066650390625" lon="5.2261872030794620513916015625">
        <ele>0.20000000298023223876953125</ele>
        <time>2026-06-08T10:30:45.000Z</time>
        <extensions>
          <ns3:TrackPointExtension>
            <ns3:hr>136</ns3:hr>
          </ns3:TrackPointExtension>
        </extensions>
      </trkpt>
      <trkpt lat="51.69030510820448398590087890625" lon="5.22617069073021411895751953125">
        <ele>0.20000000298023223876953125</ele>
        <time>2026-06-08T10:30:52.000Z</time>
        <extensions>
          <ns3:TrackPointExtension>
            <ns3:hr>137</ns3:hr>
          </ns3:TrackPointExtension>
        </extensions>
      </trkpt>
      <trkpt lat="51.69027258642017841339111328125" lon="5.22617161273956298828125">
        <ele>0.20000000298023223876953125</ele>
        <time>2026-06-08T10:30:58.000Z</time>
        <extensions>
          <ns3:TrackPointExtension>
            <ns3:hr>134</ns3:hr>
          </ns3:TrackPointExtension>
        </extensions>
      </trkpt>
      <trkpt lat="51.6902567446231842041015625" lon="5.226176641881465911865234375">
        <ele>0.4000000059604644775390625</ele>
        <time>2026-06-08T10:31:00.000Z</time>
        <extensions>
          <ns3:TrackPointExtension>
            <ns3:hr>135</ns3:hr>
          </ns3:TrackPointExtension>
        </extensions>
      </trkpt>
      <trkpt lat="51.690232269465923309326171875" lon="5.226244367659091949462890625">
        <ele>-0.20000000298023223876953125</ele>
        <time>2026-06-08T10:31:07.000Z</time>
        <extensions>
          <ns3:TrackPointExtension>
            <ns3:hr>134</ns3:hr>
          </ns3:TrackPointExtension>
        </extensions>
      </trkpt>
      <trkpt lat="51.69020913541316986083984375" lon="5.2263732813298702239990234375">
        <ele>-0.20000000298023223876953125</ele>
        <time>2026-06-08T10:31:15.000Z</time>
        <extensions>
          <ns3:TrackPointExtension>
            <ns3:hr>135</ns3:hr>
          </ns3:TrackPointExtension>
        </extensions>
      </trkpt>
      <trkpt lat="51.69015306048095226287841796875" lon="5.22648702375590801239013671875">
        <ele>0.4000000059604644775390625</ele>
        <time>2026-06-08T10:31:24.000Z</time>
        <extensions>
          <ns3:TrackPointExtension>
            <ns3:hr>137</ns3:hr>
          </ns3:TrackPointExtension>
        </extensions>
      </trkpt>
      <trkpt lat="51.69016026891767978668212890625" lon="5.22653345949947834014892578125">
        <ele>1</ele>
        <time>2026-06-08T10:31:27.000Z</time>
        <extensions>
          <ns3:TrackPointExtension>
            <ns3:hr>137</ns3:hr>
          </ns3:TrackPointExtension>
        </extensions>
      </trkpt>
      <trkpt lat="51.69016328640282154083251953125" lon="5.22657168097794055938720703125">
        <ele>2</ele>
        <time>2026-06-08T10:31:32.000Z</time>
        <extensions>
          <ns3:TrackPointExtension>
            <ns3:hr>143</ns3:hr>
          </ns3:TrackPointExtension>
        </extensions>
      </trkpt>
      <trkpt lat="51.69016345404088497161865234375" lon="5.22658240981400012969970703125">
        <ele>2</ele>
        <time>2026-06-08T10:31:33.000Z</time>
        <extensions>
          <ns3:TrackPointExtension>
            <ns3:hr>145</ns3:hr>
          </ns3:TrackPointExtension>
        </extensions>
      </trkpt>
      <trkpt lat="51.69016814790666103363037109375" lon="5.2266143448650836944580078125">
        <ele>2.400000095367431640625</ele>
        <time>2026-06-08T10:31:36.000Z</time>
        <extensions>
          <ns3:TrackPointExtension>
            <ns3:hr>148</ns3:hr>
          </ns3:TrackPointExtension>
        </extensions>
      </trkpt>
      <trkpt lat="51.69017963111400604248046875" lon="5.22663136012852191925048828125">
        <ele>3.400000095367431640625</ele>
        <time>2026-06-08T10:31:39.000Z</time>
        <extensions>
          <ns3:TrackPointExtension>
            <ns3:hr>150</ns3:hr>
          </ns3:TrackPointExtension>
        </extensions>
      </trkpt>
      <trkpt lat="51.69019949622452259063720703125" lon="5.22665566764771938323974609375">
        <ele>4.400000095367431640625</ele>
        <time>2026-06-08T10:31:42.000Z</time>
        <extensions>
          <ns3:TrackPointExtension>
            <ns3:hr>152</ns3:hr>
          </ns3:TrackPointExtension>
        </extensions>
      </trkpt>
      <trkpt lat="51.69021458365023136138916015625" lon="5.22680654190480709075927734375">
        <ele>4.400000095367431640625</ele>
        <time>2026-06-08T10:31:52.000Z</time>
        <extensions>
          <ns3:TrackPointExtension>
            <ns3:hr>154</ns3:hr>
          </ns3:TrackPointExtension>
        </extensions>
      </trkpt>
      <trkpt lat="51.6901925392448902130126953125" lon="5.22685767151415348052978515625">
        <ele>4.400000095367431640625</ele>
        <time>2026-06-08T10:32:00.000Z</time>
        <extensions>
          <ns3:TrackPointExtension>
            <ns3:hr>156</ns3:hr>
          </ns3:TrackPointExtension>
        </extensions>
      </trkpt>
      <trkpt lat="51.69017971493303775787353515625" lon="5.22697116248309612274169921875">
        <ele>4.400000095367431640625</ele>
        <time>2026-06-08T10:32:08.000Z</time>
        <extensions>
          <ns3:TrackPointExtension>
            <ns3:hr>155</ns3:hr>
          </ns3:TrackPointExtension>
        </extensions>
      </trkpt>
      <trkpt lat="51.6901740990579128265380859375" lon="5.2270106412470340728759765625">
        <ele>4</ele>
        <time>2026-06-08T10:32:11.000Z</time>
        <extensions>
          <ns3:TrackPointExtension>
            <ns3:hr>152</ns3:hr>
          </ns3:TrackPointExtension>
        </extensions>
      </trkpt>
      <trkpt lat="51.69015557505190372467041015625" lon="5.2271082065999507904052734375">
        <ele>3.7999999523162841796875</ele>
        <time>2026-06-08T10:32:18.000Z</time>
        <extensions>
          <ns3:TrackPointExtension>
            <ns3:hr>150</ns3:hr>
          </ns3:TrackPointExtension>
        </extensions>
      </trkpt>
      <trkpt lat="51.69014182873070240020751953125" lon="5.227281711995601654052734375">
        <ele>3.599999904632568359375</ele>
        <time>2026-06-08T10:32:26.000Z</time>
        <extensions>
          <ns3:TrackPointExtension>
            <ns3:hr>149</ns3:hr>
          </ns3:TrackPointExtension>
        </extensions>
      </trkpt>
      <trkpt lat="51.69013679958879947662353515625" lon="5.2273740805685520172119140625">
        <ele>3.7999999523162841796875</ele>
        <time>2026-06-08T10:32:32.000Z</time>
        <extensions>
          <ns3:TrackPointExtension>
            <ns3:hr>146</ns3:hr>
          </ns3:TrackPointExtension>
        </extensions>
      </trkpt>
      <trkpt lat="51.6901321895420551300048828125" lon="5.2274237014353275299072265625">
        <ele>4</ele>
        <time>2026-06-08T10:32:35.000Z</time>
        <extensions>
          <ns3:TrackPointExtension>
            <ns3:hr>145</ns3:hr>
          </ns3:TrackPointExtension>
        </extensions>
      </trkpt>
      <trkpt lat="51.69011668302118778228759765625" lon="5.2275467477738857269287109375">
        <ele>3.599999904632568359375</ele>
        <time>2026-06-08T10:32:43.000Z</time>
        <extensions>
          <ns3:TrackPointExtension>
            <ns3:hr>146</ns3:hr>
          </ns3:TrackPointExtension>
        </extensions>
      </trkpt>
      <trkpt lat="51.6901087202131748199462890625" lon="5.22764707915484905242919921875">
        <ele>3.7999999523162841796875</ele>
        <time>2026-06-08T10:32:48.000Z</time>
        <extensions>
          <ns3:TrackPointExtension>
            <ns3:hr>143</ns3:hr>
          </ns3:TrackPointExtension>
        </extensions>
      </trkpt>
      <trkpt lat="51.69009757228195667266845703125" lon="5.2277304790914058685302734375">
        <ele>3.7999999523162841796875</ele>
        <time>2026-06-08T10:32:52.000Z</time>
        <extensions>
          <ns3:TrackPointExtension>
            <ns3:hr>144</ns3:hr>
          </ns3:TrackPointExtension>
        </extensions>
      </trkpt>
      <trkpt lat="51.69008365832269191741943359375" lon="5.22786475718021392822265625">
        <ele>3.7999999523162841796875</ele>
        <time>2026-06-08T10:32:59.000Z</time>
        <extensions>
          <ns3:TrackPointExtension>
            <ns3:hr>141</ns3:hr>
          </ns3:TrackPointExtension>
        </extensions>
      </trkpt>
      <trkpt lat="51.690078042447566986083984375" lon="5.22791974246501922607421875">
        <ele>3.7999999523162841796875</ele>
        <time>2026-06-08T10:33:02.000Z</time>
        <extensions>
          <ns3:TrackPointExtension>
            <ns3:hr>138</ns3:hr>
          </ns3:TrackPointExtension>
        </extensions>
      </trkpt>
      <trkpt lat="51.69005750678479671478271484375" lon="5.228089727461338043212890625">
        <ele>4.19999980926513671875</ele>
        <time>2026-06-08T10:33:12.000Z</time>
        <extensions>
          <ns3:TrackPointExtension>
            <ns3:hr>137</ns3:hr>
          </ns3:TrackPointExtension>
        </extensions>
      </trkpt>
      <trkpt lat="51.6900450177490711212158203125" lon="5.228172205388545989990234375">
        <ele>4</ele>
        <time>2026-06-08T10:33:17.000Z</time>
        <extensions>
          <ns3:TrackPointExtension>
            <ns3:hr>142</ns3:hr>
          </ns3:TrackPointExtension>
        </extensions>
      </trkpt>
      <trkpt lat="51.6900430060923099517822265625" lon="5.22819927893579006195068359375">
        <ele>4</ele>
        <time>2026-06-08T10:33:19.000Z</time>
        <extensions>
          <ns3:TrackPointExtension>
            <ns3:hr>145</ns3:hr>
          </ns3:TrackPointExtension>
        </extensions>
      </trkpt>
      <trkpt lat="51.69003370217978954315185546875" lon="5.22825074382126331329345703125">
        <ele>4.400000095367431640625</ele>
        <time>2026-06-08T10:33:22.000Z</time>
        <extensions>
          <ns3:TrackPointExtension>
            <ns3:hr>143</ns3:hr>
          </ns3:TrackPointExtension>
        </extensions>
      </trkpt>
      <trkpt lat="51.690006293356418609619140625" lon="5.228416621685028076171875">
        <ele>4</ele>
        <time>2026-06-08T10:33:31.000Z</time>
        <extensions>
          <ns3:TrackPointExtension>
            <ns3:hr>144</ns3:hr>
          </ns3:TrackPointExtension>
        </extensions>
      </trkpt>
      <trkpt lat="51.6899912059307098388671875" lon="5.22855819202959537506103515625">
        <ele>3.7999999523162841796875</ele>
        <time>2026-06-08T10:33:40.000Z</time>
        <extensions>
          <ns3:TrackPointExtension>
            <ns3:hr>143</ns3:hr>
          </ns3:TrackPointExtension>
        </extensions>
      </trkpt>
      <trkpt lat="51.6899893619120121002197265625" lon="5.22857554256916046142578125">
        <ele>3.7999999523162841796875</ele>
        <time>2026-06-08T10:33:41.000Z</time>
        <extensions>
          <ns3:TrackPointExtension>
            <ns3:hr>143</ns3:hr>
          </ns3:TrackPointExtension>
        </extensions>
      </trkpt>
      <trkpt lat="51.689976789057254791259765625" lon="5.2286558412015438079833984375">
        <ele>3.7999999523162841796875</ele>
        <time>2026-06-08T10:33:45.000Z</time>
        <extensions>
          <ns3:TrackPointExtension>
            <ns3:hr>139</ns3:hr>
          </ns3:TrackPointExtension>
        </extensions>
      </trkpt>
      <trkpt lat="51.68995826505124568939208984375" lon="5.2287648059427738189697265625">
        <ele>4.599999904632568359375</ele>
        <time>2026-06-08T10:33:52.000Z</time>
        <extensions>
          <ns3:TrackPointExtension>
            <ns3:hr>137</ns3:hr>
          </ns3:TrackPointExtension>
        </extensions>
      </trkpt>
      <trkpt lat="51.6899456083774566650390625" lon="5.22888910956680774688720703125">
        <ele>4</ele>
        <time>2026-06-08T10:33:59.000Z</time>
        <extensions>
          <ns3:TrackPointExtension>
            <ns3:hr>139</ns3:hr>
          </ns3:TrackPointExtension>
        </extensions>
      </trkpt>
      <trkpt lat="51.68994485400617122650146484375" lon="5.228904448449611663818359375">
        <ele>4</ele>
        <time>2026-06-08T10:34:00.000Z</time>
        <extensions>
          <ns3:TrackPointExtension>
            <ns3:hr>142</ns3:hr>
          </ns3:TrackPointExtension>
        </extensions>
      </trkpt>
      <trkpt lat="51.68991836719214916229248046875" lon="5.229061357676982879638671875">
        <ele>3.7999999523162841796875</ele>
        <time>2026-06-08T10:34:10.000Z</time>
        <extensions>
          <ns3:TrackPointExtension>
            <ns3:hr>142</ns3:hr>
          </ns3:TrackPointExtension>
        </extensions>
      </trkpt>
      <trkpt lat="51.68989003635942935943603515625" lon="5.22921868599951267242431640625">
        <ele>3.7999999523162841796875</ele>
        <time>2026-06-08T10:34:20.000Z</time>
        <extensions>
          <ns3:TrackPointExtension>
            <ns3:hr>144</ns3:hr>
          </ns3:TrackPointExtension>
        </extensions>
      </trkpt>
      <trkpt lat="51.68986715376377105712890625" lon="5.2293679676949977874755859375">
        <ele>4</ele>
        <time>2026-06-08T10:34:29.000Z</time>
        <extensions>
          <ns3:TrackPointExtension>
            <ns3:hr>143</ns3:hr>
          </ns3:TrackPointExtension>
        </extensions>
      </trkpt>
      <trkpt lat="51.6898582689464092254638671875" lon="5.22950484417378902435302734375">
        <ele>3.7999999523162841796875</ele>
        <time>2026-06-08T10:34:35.000Z</time>
        <extensions>
          <ns3:TrackPointExtension>
            <ns3:hr>140</ns3:hr>
          </ns3:TrackPointExtension>
        </extensions>
      </trkpt>
      <trkpt lat="51.6898517310619354248046875" lon="5.2295594103634357452392578125">
        <ele>4.400000095367431640625</ele>
        <time>2026-06-08T10:34:39.000Z</time>
        <extensions>
          <ns3:TrackPointExtension>
            <ns3:hr>138</ns3:hr>
          </ns3:TrackPointExtension>
        </extensions>
      </trkpt>
      <trkpt lat="51.68983605690300464630126953125" lon="5.22970232181251049041748046875">
        <ele>3.7999999523162841796875</ele>
        <time>2026-06-08T10:34:48.000Z</time>
        <extensions>
          <ns3:TrackPointExtension>
            <ns3:hr>138</ns3:hr>
          </ns3:TrackPointExtension>
        </extensions>
      </trkpt>
      <trkpt lat="51.68981962837278842926025390625" lon="5.22983022965490818023681640625">
        <ele>3.7999999523162841796875</ele>
        <time>2026-06-08T10:34:56.000Z</time>
        <extensions>
          <ns3:TrackPointExtension>
            <ns3:hr>138</ns3:hr>
          </ns3:TrackPointExtension>
        </extensions>
      </trkpt>
      <trkpt lat="51.68980806134641170501708984375" lon="5.2299858815968036651611328125">
        <ele>3.7999999523162841796875</ele>
        <time>2026-06-08T10:35:04.000Z</time>
        <extensions>
          <ns3:TrackPointExtension>
            <ns3:hr>138</ns3:hr>
          </ns3:TrackPointExtension>
        </extensions>
      </trkpt>
      <trkpt lat="51.68979532085359096527099609375" lon="5.2301082573831081390380859375">
        <ele>4</ele>
        <time>2026-06-08T10:35:11.000Z</time>
        <extensions>
          <ns3:TrackPointExtension>
            <ns3:hr>137</ns3:hr>
          </ns3:TrackPointExtension>
        </extensions>
      </trkpt>
      <trkpt lat="51.689769923686981201171875" lon="5.23023826070129871368408203125">
        <ele>4.400000095367431640625</ele>
        <time>2026-06-08T10:35:20.000Z</time>
        <extensions>
          <ns3:TrackPointExtension>
            <ns3:hr>137</ns3:hr>
          </ns3:TrackPointExtension>
        </extensions>
      </trkpt>
      <trkpt lat="51.6897409223020076751708984375" lon="5.230409838259220123291015625">
        <ele>4.400000095367431640625</ele>
        <time>2026-06-08T10:35:30.000Z</time>
        <extensions>
          <ns3:TrackPointExtension>
            <ns3:hr>136</ns3:hr>
          </ns3:TrackPointExtension>
        </extensions>
      </trkpt>
      <trkpt lat="51.68972474522888660430908203125" lon="5.23060387931764125823974609375">
        <ele>4.19999980926513671875</ele>
        <time>2026-06-08T10:35:41.000Z</time>
        <extensions>
          <ns3:TrackPointExtension>
            <ns3:hr>137</ns3:hr>
          </ns3:TrackPointExtension>
        </extensions>
      </trkpt>
      <trkpt lat="51.68968803249299526214599609375" lon="5.23075777105987071990966796875">
        <ele>4.400000095367431640625</ele>
        <time>2026-06-08T10:35:49.000Z</time>
        <extensions>
          <ns3:TrackPointExtension>
            <ns3:hr>137</ns3:hr>
          </ns3:TrackPointExtension>
        </extensions>
      </trkpt>
      <trkpt lat="51.68968342244625091552734375" lon="5.230875872075557708740234375">
        <ele>4.19999980926513671875</ele>
        <time>2026-06-08T10:35:57.000Z</time>
        <extensions>
          <ns3:TrackPointExtension>
            <ns3:hr>138</ns3:hr>
          </ns3:TrackPointExtension>
        </extensions>
      </trkpt>
      <trkpt lat="51.68964964337646961212158203125" lon="5.23103236220777034759521484375">
        <ele>4.19999980926513671875</ele>
        <time>2026-06-08T10:36:05.000Z</time>
        <extensions>
          <ns3:TrackPointExtension>
            <ns3:hr>139</ns3:hr>
          </ns3:TrackPointExtension>
        </extensions>
      </trkpt>
      <trkpt lat="51.68963941745460033416748046875" lon="5.23116295225918292999267578125">
        <ele>4.400000095367431640625</ele>
        <time>2026-06-08T10:36:13.000Z</time>
        <extensions>
          <ns3:TrackPointExtension>
            <ns3:hr>138</ns3:hr>
          </ns3:TrackPointExtension>
        </extensions>
      </trkpt>
      <trkpt lat="51.689638160169124603271484375" lon="5.2312022633850574493408203125">
        <ele>4.80000019073486328125</ele>
        <time>2026-06-08T10:36:16.000Z</time>
        <extensions>
          <ns3:TrackPointExtension>
            <ns3:hr>138</ns3:hr>
          </ns3:TrackPointExtension>
        </extensions>
      </trkpt>
      <trkpt lat="51.68962181545794010162353515625" lon="5.2313055284321308135986328125">
        <ele>4.599999904632568359375</ele>
        <time>2026-06-08T10:36:22.000Z</time>
        <extensions>
          <ns3:TrackPointExtension>
            <ns3:hr>138</ns3:hr>
          </ns3:TrackPointExtension>
        </extensions>
      </trkpt>
      <trkpt lat="51.68960295617580413818359375" lon="5.231445170938968658447265625">
        <ele>4.19999980926513671875</ele>
        <time>2026-06-08T10:36:29.000Z</time>
        <extensions>
          <ns3:TrackPointExtension>
            <ns3:hr>138</ns3:hr>
          </ns3:TrackPointExtension>
        </extensions>
      </trkpt>
      <trkpt lat="51.68958283960819244384765625" lon="5.23159210570156574249267578125">
        <ele>4.19999980926513671875</ele>
        <time>2026-06-08T10:36:38.000Z</time>
        <extensions>
          <ns3:TrackPointExtension>
            <ns3:hr>139</ns3:hr>
          </ns3:TrackPointExtension>
        </extensions>
      </trkpt>
      <trkpt lat="51.689559035003185272216796875" lon="5.2317635156214237213134765625">
        <ele>5.19999980926513671875</ele>
        <time>2026-06-08T10:36:48.000Z</time>
        <extensions>
          <ns3:TrackPointExtension>
            <ns3:hr>139</ns3:hr>
          </ns3:TrackPointExtension>
        </extensions>
      </trkpt>
      <trkpt lat="51.68952927924692630767822265625" lon="5.231914222240447998046875">
        <ele>5</ele>
        <time>2026-06-08T10:36:58.000Z</time>
        <extensions>
          <ns3:TrackPointExtension>
            <ns3:hr>140</ns3:hr>
          </ns3:TrackPointExtension>
        </extensions>
      </trkpt>
      <trkpt lat="51.68951503001153469085693359375" lon="5.232102982699871063232421875">
        <ele>4.80000019073486328125</ele>
        <time>2026-06-08T10:37:10.000Z</time>
        <extensions>
          <ns3:TrackPointExtension>
            <ns3:hr>138</ns3:hr>
          </ns3:TrackPointExtension>
        </extensions>
      </trkpt>
      <trkpt lat="51.6895048879086971282958984375" lon="5.2322912402451038360595703125">
        <ele>4.80000019073486328125</ele>
        <time>2026-06-08T10:37:20.000Z</time>
        <extensions>
          <ns3:TrackPointExtension>
            <ns3:hr>138</ns3:hr>
          </ns3:TrackPointExtension>
        </extensions>
      </trkpt>
      <trkpt lat="51.689485274255275726318359375" lon="5.23245644755661487579345703125">
        <ele>4.80000019073486328125</ele>
        <time>2026-06-08T10:37:30.000Z</time>
        <extensions>
          <ns3:TrackPointExtension>
            <ns3:hr>138</ns3:hr>
          </ns3:TrackPointExtension>
        </extensions>
      </trkpt>
      <trkpt lat="51.68945635668933391571044921875" lon="5.2326640672981739044189453125">
        <ele>4.19999980926513671875</ele>
        <time>2026-06-08T10:37:41.000Z</time>
        <extensions>
          <ns3:TrackPointExtension>
            <ns3:hr>141</ns3:hr>
          </ns3:TrackPointExtension>
        </extensions>
      </trkpt>
      <trkpt lat="51.6894264332950115203857421875" lon="5.23283489048480987548828125">
        <ele>4.400000095367431640625</ele>
        <time>2026-06-08T10:37:51.000Z</time>
        <extensions>
          <ns3:TrackPointExtension>
            <ns3:hr>140</ns3:hr>
          </ns3:TrackPointExtension>
        </extensions>
      </trkpt>
      <trkpt lat="51.689392067492008209228515625" lon="5.23302742280066013336181640625">
        <ele>4.19999980926513671875</ele>
        <time>2026-06-08T10:38:02.000Z</time>
        <extensions>
          <ns3:TrackPointExtension>
            <ns3:hr>139</ns3:hr>
          </ns3:TrackPointExtension>
        </extensions>
      </trkpt>
      <trkpt lat="51.68937438167631626129150390625" lon="5.233136303722858428955078125">
        <ele>4.19999980926513671875</ele>
        <time>2026-06-08T10:38:08.000Z</time>
        <extensions>
          <ns3:TrackPointExtension>
            <ns3:hr>142</ns3:hr>
          </ns3:TrackPointExtension>
        </extensions>
      </trkpt>
      <trkpt lat="51.6893731243908405303955078125" lon="5.23315164260566234588623046875">
        <ele>4.19999980926513671875</ele>
        <time>2026-06-08T10:38:09.000Z</time>
        <extensions>
          <ns3:TrackPointExtension>
            <ns3:hr>142</ns3:hr>
          </ns3:TrackPointExtension>
        </extensions>
      </trkpt>
      <trkpt lat="51.68935141526162624359130859375" lon="5.23329748772084712982177734375">
        <ele>4.599999904632568359375</ele>
        <time>2026-06-08T10:38:19.000Z</time>
        <extensions>
          <ns3:TrackPointExtension>
            <ns3:hr>143</ns3:hr>
          </ns3:TrackPointExtension>
        </extensions>
      </trkpt>
      <trkpt lat="51.6893385909497737884521484375" lon="5.23341801948845386505126953125">
        <ele>4.400000095367431640625</ele>
        <time>2026-06-08T10:38:26.000Z</time>
        <extensions>
          <ns3:TrackPointExtension>
            <ns3:hr>140</ns3:hr>
          </ns3:TrackPointExtension>
        </extensions>
      </trkpt>
      <trkpt lat="51.68933347798883914947509765625" lon="5.23345674388110637664794921875">
        <ele>4.400000095367431640625</ele>
        <time>2026-06-08T10:38:28.000Z</time>
        <extensions>
          <ns3:TrackPointExtension>
            <ns3:hr>139</ns3:hr>
          </ns3:TrackPointExtension>
        </extensions>
      </trkpt>
      <trkpt lat="51.68931889347732067108154296875" lon="5.23359739221632480621337890625">
        <ele>4.19999980926513671875</ele>
        <time>2026-06-08T10:38:36.000Z</time>
        <extensions>
          <ns3:TrackPointExtension>
            <ns3:hr>137</ns3:hr>
          </ns3:TrackPointExtension>
        </extensions>
      </trkpt>
      <trkpt lat="51.68930732645094394683837890625" lon="5.2337555587291717529296875">
        <ele>4.19999980926513671875</ele>
        <time>2026-06-08T10:38:45.000Z</time>
        <extensions>
          <ns3:TrackPointExtension>
            <ns3:hr>136</ns3:hr>
          </ns3:TrackPointExtension>
        </extensions>
      </trkpt>
      <trkpt lat="51.6892916522920131683349609375" lon="5.2338998951017856597900390625">
        <ele>4</ele>
        <time>2026-06-08T10:38:55.000Z</time>
        <extensions>
          <ns3:TrackPointExtension>
            <ns3:hr>138</ns3:hr>
          </ns3:TrackPointExtension>
        </extensions>
      </trkpt>
      <trkpt lat="51.68926994316279888153076171875" lon="5.23408471606671810150146484375">
        <ele>4</ele>
        <time>2026-06-08T10:39:06.000Z</time>
        <extensions>
          <ns3:TrackPointExtension>
            <ns3:hr>139</ns3:hr>
          </ns3:TrackPointExtension>
        </extensions>
      </trkpt>
      <trkpt lat="51.68926038779318332672119140625" lon="5.234138779342174530029296875">
        <ele>4</ele>
        <time>2026-06-08T10:39:10.000Z</time>
        <extensions>
          <ns3:TrackPointExtension>
            <ns3:hr>136</ns3:hr>
          </ns3:TrackPointExtension>
        </extensions>
      </trkpt>
      <trkpt lat="51.68924613855779170989990234375" lon="5.23424715735018253326416015625">
        <ele>4</ele>
        <time>2026-06-08T10:39:15.000Z</time>
        <extensions>
          <ns3:TrackPointExtension>
            <ns3:hr>135</ns3:hr>
          </ns3:TrackPointExtension>
        </extensions>
      </trkpt>
      <trkpt lat="51.6892225854098796844482421875" lon="5.2344349958002567291259765625">
        <ele>3.7999999523162841796875</ele>
        <time>2026-06-08T10:39:25.000Z</time>
        <extensions>
          <ns3:TrackPointExtension>
            <ns3:hr>135</ns3:hr>
          </ns3:TrackPointExtension>
        </extensions>
      </trkpt>
      <trkpt lat="51.68920841999351978302001953125" lon="5.2345171384513378143310546875">
        <ele>3.7999999523162841796875</ele>
        <time>2026-06-08T10:39:30.000Z</time>
        <extensions>
          <ns3:TrackPointExtension>
            <ns3:hr>136</ns3:hr>
          </ns3:TrackPointExtension>
        </extensions>
      </trkpt>
      <trkpt lat="51.6891974397003650665283203125" lon="5.234561897814273834228515625">
        <ele>3.599999904632568359375</ele>
        <time>2026-06-08T10:39:33.000Z</time>
        <extensions>
          <ns3:TrackPointExtension>
            <ns3:hr>135</ns3:hr>
          </ns3:TrackPointExtension>
        </extensions>
      </trkpt>
      <trkpt lat="51.68916801922023296356201171875" lon="5.234744288027286529541015625">
        <ele>3.599999904632568359375</ele>
        <time>2026-06-08T10:39:44.000Z</time>
        <extensions>
          <ns3:TrackPointExtension>
            <ns3:hr>136</ns3:hr>
          </ns3:TrackPointExtension>
        </extensions>
      </trkpt>
      <trkpt lat="51.6891407780349254608154296875" lon="5.23493237793445587158203125">
        <ele>3.599999904632568359375</ele>
        <time>2026-06-08T10:39:54.000Z</time>
        <extensions>
          <ns3:TrackPointExtension>
            <ns3:hr>137</ns3:hr>
          </ns3:TrackPointExtension>
        </extensions>
      </trkpt>
      <trkpt lat="51.6891330666840076446533203125" lon="5.2351166121661663055419921875">
        <ele>3.599999904632568359375</ele>
        <time>2026-06-08T10:40:05.000Z</time>
        <extensions>
          <ns3:TrackPointExtension>
            <ns3:hr>138</ns3:hr>
          </ns3:TrackPointExtension>
        </extensions>
      </trkpt>
      <trkpt lat="51.68910129927098751068115234375" lon="5.23528886027634143829345703125">
        <ele>3.599999904632568359375</ele>
        <time>2026-06-08T10:40:14.000Z</time>
        <extensions>
          <ns3:TrackPointExtension>
            <ns3:hr>138</ns3:hr>
          </ns3:TrackPointExtension>
        </extensions>
      </trkpt>
      <trkpt lat="51.68908663094043731689453125" lon="5.2354324422776699066162109375">
        <ele>3.599999904632568359375</ele>
        <time>2026-06-08T10:40:22.000Z</time>
        <extensions>
          <ns3:TrackPointExtension>
            <ns3:hr>138</ns3:hr>
          </ns3:TrackPointExtension>
        </extensions>
      </trkpt>
      <trkpt lat="51.689061485230922698974609375" lon="5.23560427129268646240234375">
        <ele>3.599999904632568359375</ele>
        <time>2026-06-08T10:40:31.000Z</time>
        <extensions>
          <ns3:TrackPointExtension>
            <ns3:hr>138</ns3:hr>
          </ns3:TrackPointExtension>
        </extensions>
      </trkpt>
      <trkpt lat="51.68903793208301067352294921875" lon="5.2357764355838298797607421875">
        <ele>3.400000095367431640625</ele>
        <time>2026-06-08T10:40:40.000Z</time>
        <extensions>
          <ns3:TrackPointExtension>
            <ns3:hr>138</ns3:hr>
          </ns3:TrackPointExtension>
        </extensions>
      </trkpt>
      <trkpt lat="51.68902552686631679534912109375" lon="5.23589956574141979217529296875">
        <ele>3.2000000476837158203125</ele>
        <time>2026-06-08T10:40:48.000Z</time>
        <extensions>
          <ns3:TrackPointExtension>
            <ns3:hr>137</ns3:hr>
          </ns3:TrackPointExtension>
        </extensions>
      </trkpt>
      <trkpt lat="51.68899417854845523834228515625" lon="5.23606427013874053955078125">
        <ele>3.2000000476837158203125</ele>
        <time>2026-06-08T10:40:58.000Z</time>
        <extensions>
          <ns3:TrackPointExtension>
            <ns3:hr>138</ns3:hr>
          </ns3:TrackPointExtension>
        </extensions>
      </trkpt>
      <trkpt lat="51.68898931704461574554443359375" lon="5.23612738586962223052978515625">
        <ele>3.2000000476837158203125</ele>
        <time>2026-06-08T10:41:02.000Z</time>
        <extensions>
          <ns3:TrackPointExtension>
            <ns3:hr>139</ns3:hr>
          </ns3:TrackPointExtension>
        </extensions>
      </trkpt>
      <trkpt lat="51.688986718654632568359375" lon="5.23622981272637844085693359375">
        <ele>3.2000000476837158203125</ele>
        <time>2026-06-08T10:41:07.000Z</time>
        <extensions>
          <ns3:TrackPointExtension>
            <ns3:hr>138</ns3:hr>
          </ns3:TrackPointExtension>
        </extensions>
      </trkpt>
      <trkpt lat="51.6889463178813457489013671875" lon="5.236417986452579498291015625">
        <ele>3</ele>
        <time>2026-06-08T10:41:17.000Z</time>
        <extensions>
          <ns3:TrackPointExtension>
            <ns3:hr>138</ns3:hr>
          </ns3:TrackPointExtension>
        </extensions>
      </trkpt>
      <trkpt lat="51.68892838060855865478515625" lon="5.2365737222135066986083984375">
        <ele>2.7999999523162841796875</ele>
        <time>2026-06-08T10:41:26.000Z</time>
        <extensions>
          <ns3:TrackPointExtension>
            <ns3:hr>138</ns3:hr>
          </ns3:TrackPointExtension>
        </extensions>
      </trkpt>
      <trkpt lat="51.68890289962291717529296875" lon="5.23672702722251415252685546875">
        <ele>2.7999999523162841796875</ele>
        <time>2026-06-08T10:41:35.000Z</time>
        <extensions>
          <ns3:TrackPointExtension>
            <ns3:hr>139</ns3:hr>
          </ns3:TrackPointExtension>
        </extensions>
      </trkpt>
      <trkpt lat="51.68890147469937801361083984375" lon="5.23688628338277339935302734375">
        <ele>2.7999999523162841796875</ele>
        <time>2026-06-08T10:41:44.000Z</time>
        <extensions>
          <ns3:TrackPointExtension>
            <ns3:hr>141</ns3:hr>
          </ns3:TrackPointExtension>
        </extensions>
      </trkpt>
      <trkpt lat="51.68889527209103107452392578125" lon="5.23691528476774692535400390625">
        <ele>2.7999999523162841796875</ele>
        <time>2026-06-08T10:41:46.000Z</time>
        <extensions>
          <ns3:TrackPointExtension>
            <ns3:hr>141</ns3:hr>
          </ns3:TrackPointExtension>
        </extensions>
      </trkpt>
      <trkpt lat="51.68886627070605754852294921875" lon="5.2370519936084747314453125">
        <ele>2.599999904632568359375</ele>
        <time>2026-06-08T10:41:53.000Z</time>
        <extensions>
          <ns3:TrackPointExtension>
            <ns3:hr>139</ns3:hr>
          </ns3:TrackPointExtension>
        </extensions>
      </trkpt>
      <trkpt lat="51.6888326592743396759033203125" lon="5.23719507269561290740966796875">
        <ele>2.599999904632568359375</ele>
        <time>2026-06-08T10:42:02.000Z</time>
        <extensions>
          <ns3:TrackPointExtension>
            <ns3:hr>138</ns3:hr>
          </ns3:TrackPointExtension>
        </extensions>
      </trkpt>
      <trkpt lat="51.68881581164896488189697265625" lon="5.23741115815937519073486328125">
        <ele>2.599999904632568359375</ele>
        <time>2026-06-08T10:42:13.000Z</time>
        <extensions>
          <ns3:TrackPointExtension>
            <ns3:hr>139</ns3:hr>
          </ns3:TrackPointExtension>
        </extensions>
      </trkpt>
      <trkpt lat="51.68880365788936614990234375" lon="5.2376010082662105560302734375">
        <ele>2.599999904632568359375</ele>
        <time>2026-06-08T10:42:22.000Z</time>
        <extensions>
          <ns3:TrackPointExtension>
            <ns3:hr>140</ns3:hr>
          </ns3:TrackPointExtension>
        </extensions>
      </trkpt>
      <trkpt lat="51.68878714554011821746826171875" lon="5.23767225444316864013671875">
        <ele>2.599999904632568359375</ele>
        <time>2026-06-08T10:42:26.000Z</time>
        <extensions>
          <ns3:TrackPointExtension>
            <ns3:hr>143</ns3:hr>
          </ns3:TrackPointExtension>
        </extensions>
      </trkpt>
      <trkpt lat="51.68875697068870067596435546875" lon="5.23778683505952358245849609375">
        <ele>2.400000095367431640625</ele>
        <time>2026-06-08T10:42:32.000Z</time>
        <extensions>
          <ns3:TrackPointExtension>
            <ns3:hr>143</ns3:hr>
          </ns3:TrackPointExtension>
        </extensions>
      </trkpt>
      <trkpt lat="51.6887471638619899749755859375" lon="5.23794441483914852142333984375">
        <ele>2.400000095367431640625</ele>
        <time>2026-06-08T10:42:41.000Z</time>
        <extensions>
          <ns3:TrackPointExtension>
            <ns3:hr>142</ns3:hr>
          </ns3:TrackPointExtension>
        </extensions>
      </trkpt>
      <trkpt lat="51.6887367703020572662353515625" lon="5.238083638250827789306640625">
        <ele>2.400000095367431640625</ele>
        <time>2026-06-08T10:42:49.000Z</time>
        <extensions>
          <ns3:TrackPointExtension>
            <ns3:hr>141</ns3:hr>
          </ns3:TrackPointExtension>
        </extensions>
      </trkpt>
      <trkpt lat="51.68871958740055561065673828125" lon="5.23824180476367473602294921875">
        <ele>2.2000000476837158203125</ele>
        <time>2026-06-08T10:42:57.000Z</time>
        <extensions>
          <ns3:TrackPointExtension>
            <ns3:hr>141</ns3:hr>
          </ns3:TrackPointExtension>
        </extensions>
      </trkpt>
      <trkpt lat="51.6887186653912067413330078125" lon="5.2383248694241046905517578125">
        <ele>2.400000095367431640625</ele>
        <time>2026-06-08T10:43:02.000Z</time>
        <extensions>
          <ns3:TrackPointExtension>
            <ns3:hr>138</ns3:hr>
          </ns3:TrackPointExtension>
        </extensions>
      </trkpt>
      <trkpt lat="51.6887153126299381256103515625" lon="5.238378681242465972900390625">
        <ele>2.2000000476837158203125</ele>
        <time>2026-06-08T10:43:05.000Z</time>
        <extensions>
          <ns3:TrackPointExtension>
            <ns3:hr>138</ns3:hr>
          </ns3:TrackPointExtension>
        </extensions>
      </trkpt>
      <trkpt lat="51.688670553267002105712890625" lon="5.238568447530269622802734375">
        <ele>2.2000000476837158203125</ele>
        <time>2026-06-08T10:43:16.000Z</time>
        <extensions>
          <ns3:TrackPointExtension>
            <ns3:hr>140</ns3:hr>
          </ns3:TrackPointExtension>
        </extensions>
      </trkpt>
      <trkpt lat="51.68863736093044281005859375" lon="5.2387256920337677001953125">
        <ele>2</ele>
        <time>2026-06-08T10:43:26.000Z</time>
        <extensions>
          <ns3:TrackPointExtension>
            <ns3:hr>140</ns3:hr>
          </ns3:TrackPointExtension>
        </extensions>
      </trkpt>
      <trkpt lat="51.68862017802894115447998046875" lon="5.23887195624411106109619140625">
        <ele>2</ele>
        <time>2026-06-08T10:43:34.000Z</time>
        <extensions>
          <ns3:TrackPointExtension>
            <ns3:hr>140</ns3:hr>
          </ns3:TrackPointExtension>
        </extensions>
      </trkpt>
      <trkpt lat="51.6886070184409618377685546875" lon="5.2390564419329166412353515625">
        <ele>2</ele>
        <time>2026-06-08T10:43:44.000Z</time>
        <extensions>
          <ns3:TrackPointExtension>
            <ns3:hr>140</ns3:hr>
          </ns3:TrackPointExtension>
        </extensions>
      </trkpt>
      <trkpt lat="51.6885855607688426971435546875" lon="5.23928853683173656463623046875">
        <ele>2</ele>
        <time>2026-06-08T10:43:55.000Z</time>
        <extensions>
          <ns3:TrackPointExtension>
            <ns3:hr>141</ns3:hr>
          </ns3:TrackPointExtension>
        </extensions>
      </trkpt>
      <trkpt lat="51.6885614208877086639404296875" lon="5.23946925066411495208740234375">
        <ele>1.7999999523162841796875</ele>
        <time>2026-06-08T10:44:06.000Z</time>
        <extensions>
          <ns3:TrackPointExtension>
            <ns3:hr>140</ns3:hr>
          </ns3:TrackPointExtension>
        </extensions>
      </trkpt>
      <trkpt lat="51.68852848000824451446533203125" lon="5.23965775966644287109375">
        <ele>1.7999999523162841796875</ele>
        <time>2026-06-08T10:44:16.000Z</time>
        <extensions>
          <ns3:TrackPointExtension>
            <ns3:hr>140</ns3:hr>
          </ns3:TrackPointExtension>
        </extensions>
      </trkpt>
      <trkpt lat="51.68850727379322052001953125" lon="5.23986185900866985321044921875">
        <ele>1.7999999523162841796875</ele>
        <time>2026-06-08T10:44:28.000Z</time>
        <extensions>
          <ns3:TrackPointExtension>
            <ns3:hr>140</ns3:hr>
          </ns3:TrackPointExtension>
        </extensions>
      </trkpt>
      <trkpt lat="51.68846226297318935394287109375" lon="5.24003368802368640899658203125">
        <ele>1.7999999523162841796875</ele>
        <time>2026-06-08T10:44:38.000Z</time>
        <extensions>
          <ns3:TrackPointExtension>
            <ns3:hr>138</ns3:hr>
          </ns3:TrackPointExtension>
        </extensions>
      </trkpt>
      <trkpt lat="51.68845958076417446136474609375" lon="5.24007526226341724395751953125">
        <ele>1.7999999523162841796875</ele>
        <time>2026-06-08T10:44:40.000Z</time>
        <extensions>
          <ns3:TrackPointExtension>
            <ns3:hr>141</ns3:hr>
          </ns3:TrackPointExtension>
        </extensions>
      </trkpt>
      <trkpt lat="51.68845362961292266845703125" lon="5.24020149372518062591552734375">
        <ele>1.7999999523162841796875</ele>
        <time>2026-06-08T10:44:48.000Z</time>
        <extensions>
          <ns3:TrackPointExtension>
            <ns3:hr>142</ns3:hr>
          </ns3:TrackPointExtension>
        </extensions>
      </trkpt>
      <trkpt lat="51.68841448612511157989501953125" lon="5.2403851412236690521240234375">
        <ele>1.7999999523162841796875</ele>
        <time>2026-06-08T10:44:57.000Z</time>
        <extensions>
          <ns3:TrackPointExtension>
            <ns3:hr>142</ns3:hr>
          </ns3:TrackPointExtension>
        </extensions>
      </trkpt>
      <trkpt lat="51.6884014941751956939697265625" lon="5.24051732383668422698974609375">
        <ele>1.7999999523162841796875</ele>
        <time>2026-06-08T10:45:05.000Z</time>
        <extensions>
          <ns3:TrackPointExtension>
            <ns3:hr>142</ns3:hr>
          </ns3:TrackPointExtension>
        </extensions>
      </trkpt>
      <trkpt lat="51.68839839287102222442626953125" lon="5.2405588142573833465576171875">
        <ele>1.7999999523162841796875</ele>
        <time>2026-06-08T10:45:08.000Z</time>
        <extensions>
          <ns3:TrackPointExtension>
            <ns3:hr>141</ns3:hr>
          </ns3:TrackPointExtension>
        </extensions>
      </trkpt>
      <trkpt lat="51.68837475590407848358154296875" lon="5.240710861980915069580078125">
        <ele>1.60000002384185791015625</ele>
        <time>2026-06-08T10:45:16.000Z</time>
        <extensions>
          <ns3:TrackPointExtension>
            <ns3:hr>141</ns3:hr>
          </ns3:TrackPointExtension>
        </extensions>
      </trkpt>
      <trkpt lat="51.6883522085845470428466796875" lon="5.24086668156087398529052734375">
        <ele>1.7999999523162841796875</ele>
        <time>2026-06-08T10:45:25.000Z</time>
        <extensions>
          <ns3:TrackPointExtension>
            <ns3:hr>140</ns3:hr>
          </ns3:TrackPointExtension>
        </extensions>
      </trkpt>
      <trkpt lat="51.68832899071276187896728515625" lon="5.24103968404233455657958984375">
        <ele>1.60000002384185791015625</ele>
        <time>2026-06-08T10:45:35.000Z</time>
        <extensions>
          <ns3:TrackPointExtension>
            <ns3:hr>141</ns3:hr>
          </ns3:TrackPointExtension>
        </extensions>
      </trkpt>
      <trkpt lat="51.6883213631808757781982421875" lon="5.24123447947204113006591796875">
        <ele>1.60000002384185791015625</ele>
        <time>2026-06-08T10:45:46.000Z</time>
        <extensions>
          <ns3:TrackPointExtension>
            <ns3:hr>140</ns3:hr>
          </ns3:TrackPointExtension>
        </extensions>
      </trkpt>
      <trkpt lat="51.68828791938722133636474609375" lon="5.24141955189406871795654296875">
        <ele>1.60000002384185791015625</ele>
        <time>2026-06-08T10:45:56.000Z</time>
        <extensions>
          <ns3:TrackPointExtension>
            <ns3:hr>142</ns3:hr>
          </ns3:TrackPointExtension>
        </extensions>
      </trkpt>
      <trkpt lat="51.68828205205500125885009765625" lon="5.2415800653398036956787109375">
        <ele>1.60000002384185791015625</ele>
        <time>2026-06-08T10:46:05.000Z</time>
        <extensions>
          <ns3:TrackPointExtension>
            <ns3:hr>142</ns3:hr>
          </ns3:TrackPointExtension>
        </extensions>
      </trkpt>
      <trkpt lat="51.688254810869693756103515625" lon="5.2417289279401302337646484375">
        <ele>1.60000002384185791015625</ele>
        <time>2026-06-08T10:46:14.000Z</time>
        <extensions>
          <ns3:TrackPointExtension>
            <ns3:hr>143</ns3:hr>
          </ns3:TrackPointExtension>
        </extensions>
      </trkpt>
      <trkpt lat="51.68821893632411956787109375" lon="5.2419337816536426544189453125">
        <ele>1.39999997615814208984375</ele>
        <time>2026-06-08T10:46:25.000Z</time>
        <extensions>
          <ns3:TrackPointExtension>
            <ns3:hr>143</ns3:hr>
          </ns3:TrackPointExtension>
        </extensions>
      </trkpt>
      <trkpt lat="51.6882063634693622589111328125" lon="5.24204467423260211944580078125">
        <ele>2</ele>
        <time>2026-06-08T10:46:32.000Z</time>
        <extensions>
          <ns3:TrackPointExtension>
            <ns3:hr>143</ns3:hr>
          </ns3:TrackPointExtension>
        </extensions>
      </trkpt>
      <trkpt lat="51.6881879232823848724365234375" lon="5.24221859872341156005859375">
        <ele>1.39999997615814208984375</ele>
        <time>2026-06-08T10:46:42.000Z</time>
        <extensions>
          <ns3:TrackPointExtension>
            <ns3:hr>143</ns3:hr>
          </ns3:TrackPointExtension>
        </extensions>
      </trkpt>
      <trkpt lat="51.68815950863063335418701171875" lon="5.2424030005931854248046875">
        <ele>1.39999997615814208984375</ele>
        <time>2026-06-08T10:46:52.000Z</time>
        <extensions>
          <ns3:TrackPointExtension>
            <ns3:hr>143</ns3:hr>
          </ns3:TrackPointExtension>
        </extensions>
      </trkpt>
      <trkpt lat="51.6881369613111019134521484375" lon="5.24257390759885311126708984375">
        <ele>1.39999997615814208984375</ele>
        <time>2026-06-08T10:47:02.000Z</time>
        <extensions>
          <ns3:TrackPointExtension>
            <ns3:hr>144</ns3:hr>
          </ns3:TrackPointExtension>
        </extensions>
      </trkpt>
      <trkpt lat="51.68810888193547725677490234375" lon="5.24278094060719013214111328125">
        <ele>1.60000002384185791015625</ele>
        <time>2026-06-08T10:47:12.000Z</time>
        <extensions>
          <ns3:TrackPointExtension>
            <ns3:hr>144</ns3:hr>
          </ns3:TrackPointExtension>
        </extensions>
      </trkpt>
      <trkpt lat="51.68808608315885066986083984375" lon="5.24291639216244220733642578125">
        <ele>1.60000002384185791015625</ele>
        <time>2026-06-08T10:47:20.000Z</time>
        <extensions>
          <ns3:TrackPointExtension>
            <ns3:hr>144</ns3:hr>
          </ns3:TrackPointExtension>
        </extensions>
      </trkpt>
      <trkpt lat="51.68807677924633026123046875" lon="5.2430106885731220245361328125">
        <ele>1.7999999523162841796875</ele>
        <time>2026-06-08T10:47:25.000Z</time>
        <extensions>
          <ns3:TrackPointExtension>
            <ns3:hr>141</ns3:hr>
          </ns3:TrackPointExtension>
        </extensions>
      </trkpt>
      <trkpt lat="51.68806378729641437530517578125" lon="5.24308335967361927032470703125">
        <ele>1.7999999523162841796875</ele>
        <time>2026-06-08T10:47:29.000Z</time>
        <extensions>
          <ns3:TrackPointExtension>
            <ns3:hr>140</ns3:hr>
          </ns3:TrackPointExtension>
        </extensions>
      </trkpt>
      <trkpt lat="51.68804618529975414276123046875" lon="5.24320556782186031341552734375">
        <ele>2</ele>
        <time>2026-06-08T10:47:36.000Z</time>
        <extensions>
          <ns3:TrackPointExtension>
            <ns3:hr>140</ns3:hr>
          </ns3:TrackPointExtension>
        </extensions>
      </trkpt>
      <trkpt lat="51.68802053667604923248291015625" lon="5.2433875389397144317626953125">
        <ele>2.2000000476837158203125</ele>
        <time>2026-06-08T10:47:45.000Z</time>
        <extensions>
          <ns3:TrackPointExtension>
            <ns3:hr>140</ns3:hr>
          </ns3:TrackPointExtension>
        </extensions>
      </trkpt>
      <trkpt lat="51.68800704181194305419921875" lon="5.24354654364287853240966796875">
        <ele>2</ele>
        <time>2026-06-08T10:47:55.000Z</time>
        <extensions>
          <ns3:TrackPointExtension>
            <ns3:hr>141</ns3:hr>
          </ns3:TrackPointExtension>
        </extensions>
      </trkpt>
      <trkpt lat="51.68799220584332942962646484375" lon="5.2437335439026355743408203125">
        <ele>2</ele>
        <time>2026-06-08T10:48:04.000Z</time>
        <extensions>
          <ns3:TrackPointExtension>
            <ns3:hr>139</ns3:hr>
          </ns3:TrackPointExtension>
        </extensions>
      </trkpt>
      <trkpt lat="51.68795733712613582611083984375" lon="5.24391375482082366943359375">
        <ele>2.2000000476837158203125</ele>
        <time>2026-06-08T10:48:14.000Z</time>
        <extensions>
          <ns3:TrackPointExtension>
            <ns3:hr>140</ns3:hr>
          </ns3:TrackPointExtension>
        </extensions>
      </trkpt>
      <trkpt lat="51.687940657138824462890625" lon="5.24409438483417034149169921875">
        <ele>2.2000000476837158203125</ele>
        <time>2026-06-08T10:48:23.000Z</time>
        <extensions>
          <ns3:TrackPointExtension>
            <ns3:hr>139</ns3:hr>
          </ns3:TrackPointExtension>
        </extensions>
      </trkpt>
      <trkpt lat="51.687927581369876861572265625" lon="5.24421810172498226165771484375">
        <ele>2.400000095367431640625</ele>
        <time>2026-06-08T10:48:31.000Z</time>
        <extensions>
          <ns3:TrackPointExtension>
            <ns3:hr>141</ns3:hr>
          </ns3:TrackPointExtension>
        </extensions>
      </trkpt>
      <trkpt lat="51.687902100384235382080078125" lon="5.24436830542981624603271484375">
        <ele>2.599999904632568359375</ele>
        <time>2026-06-08T10:48:40.000Z</time>
        <extensions>
          <ns3:TrackPointExtension>
            <ns3:hr>142</ns3:hr>
          </ns3:TrackPointExtension>
        </extensions>
      </trkpt>
      <trkpt lat="51.68788366019725799560546875" lon="5.2444828860461711883544921875">
        <ele>2.599999904632568359375</ele>
        <time>2026-06-08T10:48:47.000Z</time>
        <extensions>
          <ns3:TrackPointExtension>
            <ns3:hr>140</ns3:hr>
          </ns3:TrackPointExtension>
        </extensions>
      </trkpt>
      <trkpt lat="51.68786949478089809417724609375" lon="5.2446585707366466522216796875">
        <ele>2.599999904632568359375</ele>
        <time>2026-06-08T10:48:57.000Z</time>
        <extensions>
          <ns3:TrackPointExtension>
            <ns3:hr>140</ns3:hr>
          </ns3:TrackPointExtension>
        </extensions>
      </trkpt>
      <trkpt lat="51.68784451670944690704345703125" lon="5.24483182467520236968994140625">
        <ele>2.599999904632568359375</ele>
        <time>2026-06-08T10:49:07.000Z</time>
        <extensions>
          <ns3:TrackPointExtension>
            <ns3:hr>138</ns3:hr>
          </ns3:TrackPointExtension>
        </extensions>
      </trkpt>
      <trkpt lat="51.68783445842564105987548828125" lon="5.244975574314594268798828125">
        <ele>2.599999904632568359375</ele>
        <time>2026-06-08T10:49:15.000Z</time>
        <extensions>
          <ns3:TrackPointExtension>
            <ns3:hr>137</ns3:hr>
          </ns3:TrackPointExtension>
        </extensions>
      </trkpt>
      <trkpt lat="51.68780185282230377197265625" lon="5.2451173961162567138671875">
        <ele>2.599999904632568359375</ele>
        <time>2026-06-08T10:49:24.000Z</time>
        <extensions>
          <ns3:TrackPointExtension>
            <ns3:hr>135</ns3:hr>
          </ns3:TrackPointExtension>
        </extensions>
      </trkpt>
      <trkpt lat="51.68780042789876461029052734375" lon="5.24515368975698947906494140625">
        <ele>2.7999999523162841796875</ele>
        <time>2026-06-08T10:49:26.000Z</time>
        <extensions>
          <ns3:TrackPointExtension>
            <ns3:hr>136</ns3:hr>
          </ns3:TrackPointExtension>
        </extensions>
      </trkpt>
      <trkpt lat="51.68778567574918270111083984375" lon="5.2452546916902065277099609375">
        <ele>2.7999999523162841796875</ele>
        <time>2026-06-08T10:49:32.000Z</time>
        <extensions>
          <ns3:TrackPointExtension>
            <ns3:hr>136</ns3:hr>
          </ns3:TrackPointExtension>
        </extensions>
      </trkpt>
      <trkpt lat="51.68776966631412506103515625" lon="5.24535954929888248443603515625">
        <ele>3.7999999523162841796875</ele>
        <time>2026-06-08T10:49:39.000Z</time>
        <extensions>
          <ns3:TrackPointExtension>
            <ns3:hr>136</ns3:hr>
          </ns3:TrackPointExtension>
        </extensions>
      </trkpt>
      <trkpt lat="51.68776254169642925262451171875" lon="5.24539140053093433380126953125">
        <ele>4</ele>
        <time>2026-06-08T10:49:41.000Z</time>
        <extensions>
          <ns3:TrackPointExtension>
            <ns3:hr>135</ns3:hr>
          </ns3:TrackPointExtension>
        </extensions>
      </trkpt>
      <trkpt lat="51.6877534054219722747802734375" lon="5.24544856511056423187255859375">
        <ele>2.7999999523162841796875</ele>
        <time>2026-06-08T10:49:44.000Z</time>
        <extensions>
          <ns3:TrackPointExtension>
            <ns3:hr>135</ns3:hr>
          </ns3:TrackPointExtension>
        </extensions>
      </trkpt>
      <trkpt lat="51.6877396591007709503173828125" lon="5.245546214282512664794921875">
        <ele>3</ele>
        <time>2026-06-08T10:49:50.000Z</time>
        <extensions>
          <ns3:TrackPointExtension>
            <ns3:hr>136</ns3:hr>
          </ns3:TrackPointExtension>
        </extensions>
      </trkpt>
      <trkpt lat="51.68771241791546344757080078125" lon="5.24569130502641201019287109375">
        <ele>2.7999999523162841796875</ele>
        <time>2026-06-08T10:49:58.000Z</time>
        <extensions>
          <ns3:TrackPointExtension>
            <ns3:hr>136</ns3:hr>
          </ns3:TrackPointExtension>
        </extensions>
      </trkpt>
      <trkpt lat="51.68770487420260906219482421875" lon="5.2458330430090427398681640625">
        <ele>3</ele>
        <time>2026-06-08T10:50:06.000Z</time>
        <extensions>
          <ns3:TrackPointExtension>
            <ns3:hr>134</ns3:hr>
          </ns3:TrackPointExtension>
        </extensions>
      </trkpt>
      <trkpt lat="51.68767872266471385955810546875" lon="5.24599120952188968658447265625">
        <ele>3</ele>
        <time>2026-06-08T10:50:16.000Z</time>
        <extensions>
          <ns3:TrackPointExtension>
            <ns3:hr>135</ns3:hr>
          </ns3:TrackPointExtension>
        </extensions>
      </trkpt>
      <trkpt lat="51.68765810318291187286376953125" lon="5.24610503576695919036865234375">
        <ele>3</ele>
        <time>2026-06-08T10:50:23.000Z</time>
        <extensions>
          <ns3:TrackPointExtension>
            <ns3:hr>134</ns3:hr>
          </ns3:TrackPointExtension>
        </extensions>
      </trkpt>
      <trkpt lat="51.687637902796268463134765625" lon="5.2462575025856494903564453125">
        <ele>3</ele>
        <time>2026-06-08T10:50:32.000Z</time>
        <extensions>
          <ns3:TrackPointExtension>
            <ns3:hr>132</ns3:hr>
          </ns3:TrackPointExtension>
        </extensions>
      </trkpt>
      <trkpt lat="51.6876327060163021087646484375" lon="5.24643234908580780029296875">
        <ele>3</ele>
        <time>2026-06-08T10:50:41.000Z</time>
        <extensions>
          <ns3:TrackPointExtension>
            <ns3:hr>132</ns3:hr>
          </ns3:TrackPointExtension>
        </extensions>
      </trkpt>
      <trkpt lat="51.68760814704000949859619140625" lon="5.2465062774717807769775390625">
        <ele>4</ele>
        <time>2026-06-08T10:50:49.000Z</time>
        <extensions>
          <ns3:TrackPointExtension>
            <ns3:hr>132</ns3:hr>
          </ns3:TrackPointExtension>
        </extensions>
      </trkpt>
      <trkpt lat="51.6875985078513622283935546875" lon="5.24657341651618480682373046875">
        <ele>3</ele>
        <time>2026-06-08T10:50:55.000Z</time>
        <extensions>
          <ns3:TrackPointExtension>
            <ns3:hr>132</ns3:hr>
          </ns3:TrackPointExtension>
        </extensions>
      </trkpt>
      <trkpt lat="51.68759121559560298919677734375" lon="5.24664818309247493743896484375">
        <ele>3.2000000476837158203125</ele>
        <time>2026-06-08T10:51:00.000Z</time>
        <extensions>
          <ns3:TrackPointExtension>
            <ns3:hr>135</ns3:hr>
          </ns3:TrackPointExtension>
        </extensions>
      </trkpt>
      <trkpt lat="51.68758568353950977325439453125" lon="5.2466970495879650115966796875">
        <ele>3</ele>
        <time>2026-06-08T10:51:03.000Z</time>
        <extensions>
          <ns3:TrackPointExtension>
            <ns3:hr>135</ns3:hr>
          </ns3:TrackPointExtension>
        </extensions>
      </trkpt>
      <trkpt lat="51.68757461942732334136962890625" lon="5.2468313276767730712890625">
        <ele>3.2000000476837158203125</ele>
        <time>2026-06-08T10:51:12.000Z</time>
        <extensions>
          <ns3:TrackPointExtension>
            <ns3:hr>138</ns3:hr>
          </ns3:TrackPointExtension>
        </extensions>
      </trkpt>
      <trkpt lat="51.68754511512815952301025390625" lon="5.24696703068912029266357421875">
        <ele>3</ele>
        <time>2026-06-08T10:51:19.000Z</time>
        <extensions>
          <ns3:TrackPointExtension>
            <ns3:hr>137</ns3:hr>
          </ns3:TrackPointExtension>
        </extensions>
      </trkpt>
      <trkpt lat="51.687532961368560791015625" lon="5.2471396140754222869873046875">
        <ele>3.2000000476837158203125</ele>
        <time>2026-06-08T10:51:29.000Z</time>
        <extensions>
          <ns3:TrackPointExtension>
            <ns3:hr>136</ns3:hr>
          </ns3:TrackPointExtension>
        </extensions>
      </trkpt>
      <trkpt lat="51.68750655837357044219970703125" lon="5.2473087608814239501953125">
        <ele>3.2000000476837158203125</ele>
        <time>2026-06-08T10:51:39.000Z</time>
        <extensions>
          <ns3:TrackPointExtension>
            <ns3:hr>135</ns3:hr>
          </ns3:TrackPointExtension>
        </extensions>
      </trkpt>
      <trkpt lat="51.6874848492443561553955078125" lon="5.24745619855821132659912109375">
        <ele>3.400000095367431640625</ele>
        <time>2026-06-08T10:51:47.000Z</time>
        <extensions>
          <ns3:TrackPointExtension>
            <ns3:hr>136</ns3:hr>
          </ns3:TrackPointExtension>
        </extensions>
      </trkpt>
      <trkpt lat="51.68746498413383960723876953125" lon="5.24761914275586605072021484375">
        <ele>3.2000000476837158203125</ele>
        <time>2026-06-08T10:51:56.000Z</time>
        <extensions>
          <ns3:TrackPointExtension>
            <ns3:hr>136</ns3:hr>
          </ns3:TrackPointExtension>
        </extensions>
      </trkpt>
      <trkpt lat="51.68743380345404148101806640625" lon="5.24783841334283351898193359375">
        <ele>3.2000000476837158203125</ele>
        <time>2026-06-08T10:52:08.000Z</time>
        <extensions>
          <ns3:TrackPointExtension>
            <ns3:hr>136</ns3:hr>
          </ns3:TrackPointExtension>
        </extensions>
      </trkpt>
      <trkpt lat="51.68741025030612945556640625" lon="5.24798526428639888763427734375">
        <ele>3.2000000476837158203125</ele>
        <time>2026-06-08T10:52:16.000Z</time>
        <extensions>
          <ns3:TrackPointExtension>
            <ns3:hr>135</ns3:hr>
          </ns3:TrackPointExtension>
        </extensions>
      </trkpt>
      <trkpt lat="51.68739792890846729278564453125" lon="5.24816430173814296722412109375">
        <ele>3.400000095367431640625</ele>
        <time>2026-06-08T10:52:26.000Z</time>
        <extensions>
          <ns3:TrackPointExtension>
            <ns3:hr>135</ns3:hr>
          </ns3:TrackPointExtension>
        </extensions>
      </trkpt>
      <trkpt lat="51.6873745433986186981201171875" lon="5.24830964393913745880126953125">
        <ele>3.2000000476837158203125</ele>
        <time>2026-06-08T10:52:34.000Z</time>
        <extensions>
          <ns3:TrackPointExtension>
            <ns3:hr>137</ns3:hr>
          </ns3:TrackPointExtension>
        </extensions>
      </trkpt>
      <trkpt lat="51.68734990060329437255859375" lon="5.24845699779689311981201171875">
        <ele>3.400000095367431640625</ele>
        <time>2026-06-08T10:52:42.000Z</time>
        <extensions>
          <ns3:TrackPointExtension>
            <ns3:hr>138</ns3:hr>
          </ns3:TrackPointExtension>
        </extensions>
      </trkpt>
      <trkpt lat="51.6873304545879364013671875" lon="5.24862639605998992919921875">
        <ele>3.400000095367431640625</ele>
        <time>2026-06-08T10:52:51.000Z</time>
        <extensions>
          <ns3:TrackPointExtension>
            <ns3:hr>137</ns3:hr>
          </ns3:TrackPointExtension>
        </extensions>
      </trkpt>
      <trkpt lat="51.68730958364903926849365234375" lon="5.24883904494345188140869140625">
        <ele>3.2000000476837158203125</ele>
        <time>2026-06-08T10:53:02.000Z</time>
        <extensions>
          <ns3:TrackPointExtension>
            <ns3:hr>137</ns3:hr>
          </ns3:TrackPointExtension>
        </extensions>
      </trkpt>
      <trkpt lat="51.68727748095989227294921875" lon="5.24900995194911956787109375">
        <ele>3.2000000476837158203125</ele>
        <time>2026-06-08T10:53:11.000Z</time>
        <extensions>
          <ns3:TrackPointExtension>
            <ns3:hr>137</ns3:hr>
          </ns3:TrackPointExtension>
        </extensions>
      </trkpt>
      <trkpt lat="51.687243282794952392578125" lon="5.2492401190102100372314453125">
        <ele>3.2000000476837158203125</ele>
        <time>2026-06-08T10:53:22.000Z</time>
        <extensions>
          <ns3:TrackPointExtension>
            <ns3:hr>139</ns3:hr>
          </ns3:TrackPointExtension>
        </extensions>
      </trkpt>
      <trkpt lat="51.6872411035001277923583984375" lon="5.24931781925261020660400390625">
        <ele>3.2000000476837158203125</ele>
        <time>2026-06-08T10:53:28.000Z</time>
        <extensions>
          <ns3:TrackPointExtension>
            <ns3:hr>139</ns3:hr>
          </ns3:TrackPointExtension>
        </extensions>
      </trkpt>
      <trkpt lat="51.68721386231482028961181640625" lon="5.24949551559984683990478515625">
        <ele>3.2000000476837158203125</ele>
        <time>2026-06-08T10:53:38.000Z</time>
        <extensions>
          <ns3:TrackPointExtension>
            <ns3:hr>138</ns3:hr>
          </ns3:TrackPointExtension>
        </extensions>
      </trkpt>
      <trkpt lat="51.68720078654587268829345703125" lon="5.249697603285312652587890625">
        <ele>3.400000095367431640625</ele>
        <time>2026-06-08T10:53:49.000Z</time>
        <extensions>
          <ns3:TrackPointExtension>
            <ns3:hr>137</ns3:hr>
          </ns3:TrackPointExtension>
        </extensions>
      </trkpt>
      <trkpt lat="51.687183268368244171142578125" lon="5.2497960068285465240478515625">
        <ele>3.2000000476837158203125</ele>
        <time>2026-06-08T10:53:55.000Z</time>
        <extensions>
          <ns3:TrackPointExtension>
            <ns3:hr>140</ns3:hr>
          </ns3:TrackPointExtension>
        </extensions>
      </trkpt>
      <trkpt lat="51.68717865832149982452392578125" lon="5.24981796741485595703125">
        <ele>3.2000000476837158203125</ele>
        <time>2026-06-08T10:53:56.000Z</time>
        <extensions>
          <ns3:TrackPointExtension>
            <ns3:hr>140</ns3:hr>
          </ns3:TrackPointExtension>
        </extensions>
      </trkpt>
      <trkpt lat="51.68715820647776126861572265625" lon="5.24996406398713588714599609375">
        <ele>3.400000095367431640625</ele>
        <time>2026-06-08T10:54:05.000Z</time>
        <extensions>
          <ns3:TrackPointExtension>
            <ns3:hr>140</ns3:hr>
          </ns3:TrackPointExtension>
        </extensions>
      </trkpt>
      <trkpt lat="51.687146723270416259765625" lon="5.25009096600115299224853515625">
        <ele>3.400000095367431640625</ele>
        <time>2026-06-08T10:54:12.000Z</time>
        <extensions>
          <ns3:TrackPointExtension>
            <ns3:hr>138</ns3:hr>
          </ns3:TrackPointExtension>
        </extensions>
      </trkpt>
      <trkpt lat="51.6871341504156589508056640625" lon="5.25019724853336811065673828125">
        <ele>3.400000095367431640625</ele>
        <time>2026-06-08T10:54:18.000Z</time>
        <extensions>
          <ns3:TrackPointExtension>
            <ns3:hr>137</ns3:hr>
          </ns3:TrackPointExtension>
        </extensions>
      </trkpt>
      <trkpt lat="51.687132976949214935302734375" lon="5.25021853856742382049560546875">
        <ele>3.400000095367431640625</ele>
        <time>2026-06-08T10:54:19.000Z</time>
        <extensions>
          <ns3:TrackPointExtension>
            <ns3:hr>137</ns3:hr>
          </ns3:TrackPointExtension>
        </extensions>
      </trkpt>
      <trkpt lat="51.68711252510547637939453125" lon="5.250370167195796966552734375">
        <ele>3.2000000476837158203125</ele>
        <time>2026-06-08T10:54:28.000Z</time>
        <extensions>
          <ns3:TrackPointExtension>
            <ns3:hr>136</ns3:hr>
          </ns3:TrackPointExtension>
        </extensions>
      </trkpt>
      <trkpt lat="51.68708779849112033843994140625" lon="5.25053621269762516021728515625">
        <ele>3.400000095367431640625</ele>
        <time>2026-06-08T10:54:37.000Z</time>
        <extensions>
          <ns3:TrackPointExtension>
            <ns3:hr>136</ns3:hr>
          </ns3:TrackPointExtension>
        </extensions>
      </trkpt>
      <trkpt lat="51.687065251171588897705078125" lon="5.25067082606256008148193359375">
        <ele>3.400000095367431640625</ele>
        <time>2026-06-08T10:54:45.000Z</time>
        <extensions>
          <ns3:TrackPointExtension>
            <ns3:hr>136</ns3:hr>
          </ns3:TrackPointExtension>
        </extensions>
      </trkpt>
      <trkpt lat="51.687061898410320281982421875" lon="5.25079018436372280120849609375">
        <ele>3.400000095367431640625</ele>
        <time>2026-06-08T10:54:52.000Z</time>
        <extensions>
          <ns3:TrackPointExtension>
            <ns3:hr>138</ns3:hr>
          </ns3:TrackPointExtension>
        </extensions>
      </trkpt>
      <trkpt lat="51.6870416142046451568603515625" lon="5.2509389631450176239013671875">
        <ele>3.599999904632568359375</ele>
        <time>2026-06-08T10:55:00.000Z</time>
        <extensions>
          <ns3:TrackPointExtension>
            <ns3:hr>138</ns3:hr>
          </ns3:TrackPointExtension>
        </extensions>
      </trkpt>
      <trkpt lat="51.68701185844838619232177734375" lon="5.25109947659075260162353515625">
        <ele>3.599999904632568359375</ele>
        <time>2026-06-08T10:55:09.000Z</time>
        <extensions>
          <ns3:TrackPointExtension>
            <ns3:hr>141</ns3:hr>
          </ns3:TrackPointExtension>
        </extensions>
      </trkpt>
      <trkpt lat="51.68699241243302822113037109375" lon="5.2512594871222972869873046875">
        <ele>3.599999904632568359375</ele>
        <time>2026-06-08T10:55:18.000Z</time>
        <extensions>
          <ns3:TrackPointExtension>
            <ns3:hr>141</ns3:hr>
          </ns3:TrackPointExtension>
        </extensions>
      </trkpt>
      <trkpt lat="51.686976738274097442626953125" lon="5.2514257840812206268310546875">
        <ele>3.599999904632568359375</ele>
        <time>2026-06-08T10:55:27.000Z</time>
        <extensions>
          <ns3:TrackPointExtension>
            <ns3:hr>141</ns3:hr>
          </ns3:TrackPointExtension>
        </extensions>
      </trkpt>
      <trkpt lat="51.68694564141333103179931640625" lon="5.25157758034765720367431640625">
        <ele>3.599999904632568359375</ele>
        <time>2026-06-08T10:55:36.000Z</time>
        <extensions>
          <ns3:TrackPointExtension>
            <ns3:hr>142</ns3:hr>
          </ns3:TrackPointExtension>
        </extensions>
      </trkpt>
      <trkpt lat="51.68693608604371547698974609375" lon="5.251757539808750152587890625">
        <ele>4</ele>
        <time>2026-06-08T10:55:46.000Z</time>
        <extensions>
          <ns3:TrackPointExtension>
            <ns3:hr>140</ns3:hr>
          </ns3:TrackPointExtension>
        </extensions>
      </trkpt>
      <trkpt lat="51.68693206273019313812255859375" lon="5.25179685093462467193603515625">
        <ele>4</ele>
        <time>2026-06-08T10:55:48.000Z</time>
        <extensions>
          <ns3:TrackPointExtension>
            <ns3:hr>138</ns3:hr>
          </ns3:TrackPointExtension>
        </extensions>
      </trkpt>
      <trkpt lat="51.6868878901004791259765625" lon="5.251973457634449005126953125">
        <ele>3.7999999523162841796875</ele>
        <time>2026-06-08T10:55:58.000Z</time>
        <extensions>
          <ns3:TrackPointExtension>
            <ns3:hr>139</ns3:hr>
          </ns3:TrackPointExtension>
        </extensions>
      </trkpt>
      <trkpt lat="51.6868709586560726165771484375" lon="5.25211854837834835052490234375">
        <ele>3.7999999523162841796875</ele>
        <time>2026-06-08T10:56:06.000Z</time>
        <extensions>
          <ns3:TrackPointExtension>
            <ns3:hr>139</ns3:hr>
          </ns3:TrackPointExtension>
        </extensions>
      </trkpt>
      <trkpt lat="51.6868696175515651702880859375" lon="5.25228015147149562835693359375">
        <ele>3.7999999523162841796875</ele>
        <time>2026-06-08T10:56:15.000Z</time>
        <extensions>
          <ns3:TrackPointExtension>
            <ns3:hr>139</ns3:hr>
          </ns3:TrackPointExtension>
        </extensions>
      </trkpt>
      <trkpt lat="51.68684707023203372955322265625" lon="5.252446867525577545166015625">
        <ele>3.599999904632568359375</ele>
        <time>2026-06-08T10:56:24.000Z</time>
        <extensions>
          <ns3:TrackPointExtension>
            <ns3:hr>138</ns3:hr>
          </ns3:TrackPointExtension>
        </extensions>
      </trkpt>
      <trkpt lat="51.6868354193866252899169921875" lon="5.25247871875762939453125">
        <ele>3.599999904632568359375</ele>
        <time>2026-06-08T10:56:30.000Z</time>
        <extensions>
          <ns3:TrackPointExtension>
            <ns3:hr>139</ns3:hr>
          </ns3:TrackPointExtension>
        </extensions>
      </trkpt>
      <trkpt lat="51.68682678602635860443115234375" lon="5.25252364575862884521484375">
        <ele>3.599999904632568359375</ele>
        <time>2026-06-08T10:56:36.000Z</time>
        <extensions>
          <ns3:TrackPointExtension>
            <ns3:hr>138</ns3:hr>
          </ns3:TrackPointExtension>
        </extensions>
      </trkpt>
      <trkpt lat="51.6867824457585811614990234375" lon="5.25259514339268207550048828125">
        <ele>4.400000095367431640625</ele>
        <time>2026-06-08T10:56:44.000Z</time>
        <extensions>
          <ns3:TrackPointExtension>
            <ns3:hr>137</ns3:hr>
          </ns3:TrackPointExtension>
        </extensions>
      </trkpt>
      <trkpt lat="51.68678957037627696990966796875" lon="5.25261425413191318511962890625">
        <ele>3.599999904632568359375</ele>
        <time>2026-06-08T10:56:53.000Z</time>
        <extensions>
          <ns3:TrackPointExtension>
            <ns3:hr>138</ns3:hr>
          </ns3:TrackPointExtension>
        </extensions>
      </trkpt>
      <trkpt lat="51.6867931745946407318115234375" lon="5.2526233904063701629638671875">
        <ele>3.599999904632568359375</ele>
        <time>2026-06-08T10:57:01.000Z</time>
        <extensions>
          <ns3:TrackPointExtension>
            <ns3:hr>139</ns3:hr>
          </ns3:TrackPointExtension>
        </extensions>
      </trkpt>
      <trkpt lat="51.68680734001100063323974609375" lon="5.252727158367633819580078125">
        <ele>3.7999999523162841796875</ele>
        <time>2026-06-08T10:57:08.000Z</time>
        <extensions>
          <ns3:TrackPointExtension>
            <ns3:hr>139</ns3:hr>
          </ns3:TrackPointExtension>
        </extensions>
      </trkpt>
      <trkpt lat="51.68677364476025104522705078125" lon="5.25285095907747745513916015625">
        <ele>4</ele>
        <time>2026-06-08T10:57:16.000Z</time>
        <extensions>
          <ns3:TrackPointExtension>
            <ns3:hr>138</ns3:hr>
          </ns3:TrackPointExtension>
        </extensions>
      </trkpt>
      <trkpt lat="51.68675403110682964324951171875" lon="5.2530035935342311859130859375">
        <ele>4.19999980926513671875</ele>
        <time>2026-06-08T10:57:26.000Z</time>
        <extensions>
          <ns3:TrackPointExtension>
            <ns3:hr>139</ns3:hr>
          </ns3:TrackPointExtension>
        </extensions>
      </trkpt>
      <trkpt lat="51.68673760257661342620849609375" lon="5.253199227154254913330078125">
        <ele>3.7999999523162841796875</ele>
        <time>2026-06-08T10:57:35.000Z</time>
        <extensions>
          <ns3:TrackPointExtension>
            <ns3:hr>139</ns3:hr>
          </ns3:TrackPointExtension>
        </extensions>
      </trkpt>
      <trkpt lat="51.68672234751284122467041015625" lon="5.25334440171718597412109375">
        <ele>3.400000095367431640625</ele>
        <time>2026-06-08T10:57:45.000Z</time>
        <extensions>
          <ns3:TrackPointExtension>
            <ns3:hr>139</ns3:hr>
          </ns3:TrackPointExtension>
        </extensions>
      </trkpt>
      <trkpt lat="51.68668203055858612060546875" lon="5.25353726930916309356689453125">
        <ele>4.19999980926513671875</ele>
        <time>2026-06-08T10:57:55.000Z</time>
        <extensions>
          <ns3:TrackPointExtension>
            <ns3:hr>139</ns3:hr>
          </ns3:TrackPointExtension>
        </extensions>
      </trkpt>
      <trkpt lat="51.686654202640056610107421875" lon="5.25372217409312725067138671875">
        <ele>3.7999999523162841796875</ele>
        <time>2026-06-08T10:58:05.000Z</time>
        <extensions>
          <ns3:TrackPointExtension>
            <ns3:hr>139</ns3:hr>
          </ns3:TrackPointExtension>
        </extensions>
      </trkpt>
      <trkpt lat="51.68664716184139251708984375" lon="5.2538702823221683502197265625">
        <ele>4</ele>
        <time>2026-06-08T10:58:15.000Z</time>
        <extensions>
          <ns3:TrackPointExtension>
            <ns3:hr>141</ns3:hr>
          </ns3:TrackPointExtension>
        </extensions>
      </trkpt>
      <trkpt lat="51.6866282187402248382568359375" lon="5.25404068641364574432373046875">
        <ele>3.7999999523162841796875</ele>
        <time>2026-06-08T10:58:24.000Z</time>
        <extensions>
          <ns3:TrackPointExtension>
            <ns3:hr>140</ns3:hr>
          </ns3:TrackPointExtension>
        </extensions>
      </trkpt>
      <trkpt lat="51.6866151429712772369384765625" lon="5.2542243339121341705322265625">
        <ele>4</ele>
        <time>2026-06-08T10:58:34.000Z</time>
        <extensions>
          <ns3:TrackPointExtension>
            <ns3:hr>139</ns3:hr>
          </ns3:TrackPointExtension>
        </extensions>
      </trkpt>
      <trkpt lat="51.686599217355251312255859375" lon="5.25438669137656688690185546875">
        <ele>4.19999980926513671875</ele>
        <time>2026-06-08T10:58:43.000Z</time>
        <extensions>
          <ns3:TrackPointExtension>
            <ns3:hr>140</ns3:hr>
          </ns3:TrackPointExtension>
        </extensions>
      </trkpt>
      <trkpt lat="51.68656996451318264007568359375" lon="5.2545773796737194061279296875">
        <ele>3.7999999523162841796875</ele>
        <time>2026-06-08T10:58:53.000Z</time>
        <extensions>
          <ns3:TrackPointExtension>
            <ns3:hr>140</ns3:hr>
          </ns3:TrackPointExtension>
        </extensions>
      </trkpt>
      <trkpt lat="51.6865621693432331085205078125" lon="5.254671759903430938720703125">
        <ele>4</ele>
        <time>2026-06-08T10:58:58.000Z</time>
        <extensions>
          <ns3:TrackPointExtension>
            <ns3:hr>143</ns3:hr>
          </ns3:TrackPointExtension>
        </extensions>
      </trkpt>
      <trkpt lat="51.686548255383968353271484375" lon="5.2547510527074337005615234375">
        <ele>4</ele>
        <time>2026-06-08T10:59:03.000Z</time>
        <extensions>
          <ns3:TrackPointExtension>
            <ns3:hr>143</ns3:hr>
          </ns3:TrackPointExtension>
        </extensions>
      </trkpt>
      <trkpt lat="51.68648161925375461578369140625" lon="5.2549029327929019927978515625">
        <ele>3.7999999523162841796875</ele>
        <time>2026-06-08T10:59:13.000Z</time>
        <extensions>
          <ns3:TrackPointExtension>
            <ns3:hr>143</ns3:hr>
          </ns3:TrackPointExtension>
        </extensions>
      </trkpt>
      <trkpt lat="51.68643233366310596466064453125" lon="5.254919528961181640625">
        <ele>2.7999999523162841796875</ele>
        <time>2026-06-08T10:59:20.000Z</time>
        <extensions>
          <ns3:TrackPointExtension>
            <ns3:hr>142</ns3:hr>
          </ns3:TrackPointExtension>
        </extensions>
      </trkpt>
      <trkpt lat="51.68641875497996807098388671875" lon="5.2549207024276256561279296875">
        <ele>2.400000095367431640625</ele>
        <time>2026-06-08T10:59:22.000Z</time>
        <extensions>
          <ns3:TrackPointExtension>
            <ns3:hr>141</ns3:hr>
          </ns3:TrackPointExtension>
        </extensions>
      </trkpt>
      <trkpt lat="51.6864002309739589691162109375" lon="5.2549213729798793792724609375">
        <ele>1.60000002384185791015625</ele>
        <time>2026-06-08T10:59:26.000Z</time>
        <extensions>
          <ns3:TrackPointExtension>
            <ns3:hr>142</ns3:hr>
          </ns3:TrackPointExtension>
        </extensions>
      </trkpt>
      <trkpt lat="51.6863579861819744110107421875" lon="5.25491709820926189422607421875">
        <ele>0.800000011920928955078125</ele>
        <time>2026-06-08T10:59:32.000Z</time>
        <extensions>
          <ns3:TrackPointExtension>
            <ns3:hr>142</ns3:hr>
          </ns3:TrackPointExtension>
        </extensions>
      </trkpt>
      <trkpt lat="51.686351783573627471923828125" lon="5.2549153380095958709716796875">
        <ele>0.60000002384185791015625</ele>
        <time>2026-06-08T10:59:33.000Z</time>
        <extensions>
          <ns3:TrackPointExtension>
            <ns3:hr>142</ns3:hr>
          </ns3:TrackPointExtension>
        </extensions>
      </trkpt>
      <trkpt lat="51.686302833259105682373046875" lon="5.25487636215984821319580078125">
        <ele>-0.4000000059604644775390625</ele>
        <time>2026-06-08T10:59:42.000Z</time>
        <extensions>
          <ns3:TrackPointExtension>
            <ns3:hr>140</ns3:hr>
          </ns3:TrackPointExtension>
        </extensions>
      </trkpt>
      <trkpt lat="51.6862845607101917266845703125" lon="5.25486253201961517333984375">
        <ele>-0.60000002384185791015625</ele>
        <time>2026-06-08T10:59:44.000Z</time>
        <extensions>
          <ns3:TrackPointExtension>
            <ns3:hr>140</ns3:hr>
          </ns3:TrackPointExtension>
        </extensions>
      </trkpt>
      <trkpt lat="51.686231754720211029052734375" lon="5.25478919036686420440673828125">
        <ele>-0.800000011920928955078125</ele>
        <time>2026-06-08T10:59:51.000Z</time>
        <extensions>
          <ns3:TrackPointExtension>
            <ns3:hr>139</ns3:hr>
          </ns3:TrackPointExtension>
        </extensions>
      </trkpt>
      <trkpt lat="51.68618925847113132476806640625" lon="5.2547205425798892974853515625">
        <ele>-0.800000011920928955078125</ele>
        <time>2026-06-08T11:00:00.000Z</time>
        <extensions>
          <ns3:TrackPointExtension>
            <ns3:hr>138</ns3:hr>
          </ns3:TrackPointExtension>
        </extensions>
      </trkpt>
      <trkpt lat="51.6861772723495960235595703125" lon="5.25462289340794086456298828125">
        <ele>-0.60000002384185791015625</ele>
        <time>2026-06-08T11:00:09.000Z</time>
        <extensions>
          <ns3:TrackPointExtension>
            <ns3:hr>136</ns3:hr>
          </ns3:TrackPointExtension>
        </extensions>
      </trkpt>
      <trkpt lat="51.68618657626211643218994140625" lon="5.25452901609241962432861328125">
        <ele>-0.60000002384185791015625</ele>
        <time>2026-06-08T11:00:17.000Z</time>
        <extensions>
          <ns3:TrackPointExtension>
            <ns3:hr>135</ns3:hr>
          </ns3:TrackPointExtension>
        </extensions>
      </trkpt>
      <trkpt lat="51.6861866600811481475830078125" lon="5.2543978393077850341796875">
        <ele>-0.800000011920928955078125</ele>
        <time>2026-06-08T11:00:26.000Z</time>
        <extensions>
          <ns3:TrackPointExtension>
            <ns3:hr>137</ns3:hr>
          </ns3:TrackPointExtension>
        </extensions>
      </trkpt>
      <trkpt lat="51.68617584742605686187744140625" lon="5.25426548905670642852783203125">
        <ele>-0.60000002384185791015625</ele>
        <time>2026-06-08T11:00:34.000Z</time>
        <extensions>
          <ns3:TrackPointExtension>
            <ns3:hr>137</ns3:hr>
          </ns3:TrackPointExtension>
        </extensions>
      </trkpt>
      <trkpt lat="51.68617299757897853851318359375" lon="5.2541257627308368682861328125">
        <ele>-0.60000002384185791015625</ele>
        <time>2026-06-08T11:00:44.000Z</time>
        <extensions>
          <ns3:TrackPointExtension>
            <ns3:hr>137</ns3:hr>
          </ns3:TrackPointExtension>
        </extensions>
      </trkpt>
      <trkpt lat="51.6861568205058574676513671875" lon="5.25402442552149295806884765625">
        <ele>-0.60000002384185791015625</ele>
        <time>2026-06-08T11:00:52.000Z</time>
        <extensions>
          <ns3:TrackPointExtension>
            <ns3:hr>136</ns3:hr>
          </ns3:TrackPointExtension>
        </extensions>
      </trkpt>
      <trkpt lat="51.68610661290585994720458984375" lon="5.25390791706740856170654296875">
        <ele>-0.60000002384185791015625</ele>
        <time>2026-06-08T11:00:58.000Z</time>
        <extensions>
          <ns3:TrackPointExtension>
            <ns3:hr>137</ns3:hr>
          </ns3:TrackPointExtension>
        </extensions>
      </trkpt>
      <trkpt lat="51.686049364507198333740234375" lon="5.2538277022540569305419921875">
        <ele>-0.4000000059604644775390625</ele>
        <time>2026-06-08T11:01:05.000Z</time>
        <extensions>
          <ns3:TrackPointExtension>
            <ns3:hr>137</ns3:hr>
          </ns3:TrackPointExtension>
        </extensions>
      </trkpt>
      <trkpt lat="51.686024554073810577392578125" lon="5.2537696994841098785400390625">
        <ele>-0.60000002384185791015625</ele>
        <time>2026-06-08T11:01:11.000Z</time>
        <extensions>
          <ns3:TrackPointExtension>
            <ns3:hr>137</ns3:hr>
          </ns3:TrackPointExtension>
        </extensions>
      </trkpt>
      <trkpt lat="51.6860215365886688232421875" lon="5.25376190431416034698486328125">
        <ele>-0.4000000059604644775390625</ele>
        <time>2026-06-08T11:01:17.000Z</time>
        <extensions>
          <ns3:TrackPointExtension>
            <ns3:hr>137</ns3:hr>
          </ns3:TrackPointExtension>
        </extensions>
      </trkpt>
      <trkpt lat="51.6859697364270687103271484375" lon="5.2537277899682521820068359375">
        <ele>-0.4000000059604644775390625</ele>
        <time>2026-06-08T11:01:24.000Z</time>
        <extensions>
          <ns3:TrackPointExtension>
            <ns3:hr>137</ns3:hr>
          </ns3:TrackPointExtension>
        </extensions>
      </trkpt>
      <trkpt lat="51.68588700704276561737060546875" lon="5.2536577172577381134033203125">
        <ele>-0.4000000059604644775390625</ele>
        <time>2026-06-08T11:01:32.000Z</time>
        <extensions>
          <ns3:TrackPointExtension>
            <ns3:hr>139</ns3:hr>
          </ns3:TrackPointExtension>
        </extensions>
      </trkpt>
      <trkpt lat="51.685848534107208251953125" lon="5.25355235673487186431884765625">
        <ele>-0.20000000298023223876953125</ele>
        <time>2026-06-08T11:01:41.000Z</time>
        <extensions>
          <ns3:TrackPointExtension>
            <ns3:hr>140</ns3:hr>
          </ns3:TrackPointExtension>
        </extensions>
      </trkpt>
      <trkpt lat="51.68577033095061779022216796875" lon="5.25349904783070087432861328125">
        <ele>-0.20000000298023223876953125</ele>
        <time>2026-06-08T11:01:50.000Z</time>
        <extensions>
          <ns3:TrackPointExtension>
            <ns3:hr>142</ns3:hr>
          </ns3:TrackPointExtension>
        </extensions>
      </trkpt>
      <trkpt lat="51.68566941283643245697021484375" lon="5.25345705449581146240234375">
        <ele>0</ele>
        <time>2026-06-08T11:01:59.000Z</time>
        <extensions>
          <ns3:TrackPointExtension>
            <ns3:hr>142</ns3:hr>
          </ns3:TrackPointExtension>
        </extensions>
      </trkpt>
      <trkpt lat="51.6855918802320957183837890625" lon="5.25338061153888702392578125">
        <ele>0</ele>
        <time>2026-06-08T11:02:08.000Z</time>
        <extensions>
          <ns3:TrackPointExtension>
            <ns3:hr>143</ns3:hr>
          </ns3:TrackPointExtension>
        </extensions>
      </trkpt>
      <trkpt lat="51.6855851747095584869384765625" lon="5.253242142498493194580078125">
        <ele>0</ele>
        <time>2026-06-08T11:02:15.000Z</time>
        <extensions>
          <ns3:TrackPointExtension>
            <ns3:hr>143</ns3:hr>
          </ns3:TrackPointExtension>
        </extensions>
      </trkpt>
      <trkpt lat="51.6855580173432826995849609375" lon="5.25316779501736164093017578125">
        <ele>0</ele>
        <time>2026-06-08T11:02:20.000Z</time>
        <extensions>
          <ns3:TrackPointExtension>
            <ns3:hr>142</ns3:hr>
          </ns3:TrackPointExtension>
        </extensions>
      </trkpt>
      <trkpt lat="51.68555147945880889892578125" lon="5.25315798819065093994140625">
        <ele>0</ele>
        <time>2026-06-08T11:02:21.000Z</time>
        <extensions>
          <ns3:TrackPointExtension>
            <ns3:hr>143</ns3:hr>
          </ns3:TrackPointExtension>
        </extensions>
      </trkpt>
      <trkpt lat="51.68548216111958026885986328125" lon="5.253040976822376251220703125">
        <ele>0</ele>
        <time>2026-06-08T11:02:31.000Z</time>
        <extensions>
          <ns3:TrackPointExtension>
            <ns3:hr>142</ns3:hr>
          </ns3:TrackPointExtension>
        </extensions>
      </trkpt>
      <trkpt lat="51.68540018610656261444091796875" lon="5.25289756245911121368408203125">
        <ele>-0.20000000298023223876953125</ele>
        <time>2026-06-08T11:02:41.000Z</time>
        <extensions>
          <ns3:TrackPointExtension>
            <ns3:hr>142</ns3:hr>
          </ns3:TrackPointExtension>
        </extensions>
      </trkpt>
      <trkpt lat="51.68537084944546222686767578125" lon="5.25276026688516139984130859375">
        <ele>-0.20000000298023223876953125</ele>
        <time>2026-06-08T11:02:50.000Z</time>
        <extensions>
          <ns3:TrackPointExtension>
            <ns3:hr>141</ns3:hr>
          </ns3:TrackPointExtension>
        </extensions>
      </trkpt>
      <trkpt lat="51.6853402554988861083984375" lon="5.25265532545745372772216796875">
        <ele>0</ele>
        <time>2026-06-08T11:02:57.000Z</time>
        <extensions>
          <ns3:TrackPointExtension>
            <ns3:hr>141</ns3:hr>
          </ns3:TrackPointExtension>
        </extensions>
      </trkpt>
      <trkpt lat="51.6853307001292705535888671875" lon="5.2526143379509449005126953125">
        <ele>0.60000002384185791015625</ele>
        <time>2026-06-08T11:03:00.000Z</time>
        <extensions>
          <ns3:TrackPointExtension>
            <ns3:hr>142</ns3:hr>
          </ns3:TrackPointExtension>
        </extensions>
      </trkpt>
      <trkpt lat="51.68528971262276172637939453125" lon="5.25253144092857837677001953125">
        <ele>-0.20000000298023223876953125</ele>
        <time>2026-06-08T11:03:06.000Z</time>
        <extensions>
          <ns3:TrackPointExtension>
            <ns3:hr>144</ns3:hr>
          </ns3:TrackPointExtension>
        </extensions>
      </trkpt>
      <trkpt lat="51.68526138179004192352294921875" lon="5.2524728514254093170166015625">
        <ele>-0.20000000298023223876953125</ele>
        <time>2026-06-08T11:03:15.000Z</time>
        <extensions>
          <ns3:TrackPointExtension>
            <ns3:hr>147</ns3:hr>
          </ns3:TrackPointExtension>
        </extensions>
      </trkpt>
      <trkpt lat="51.6851908899843692779541015625" lon="5.252443850040435791015625">
        <ele>0</ele>
        <time>2026-06-08T11:03:24.000Z</time>
        <extensions>
          <ns3:TrackPointExtension>
            <ns3:hr>149</ns3:hr>
          </ns3:TrackPointExtension>
        </extensions>
      </trkpt>
      <trkpt lat="51.685097515583038330078125" lon="5.2523352205753326416015625">
        <ele>-0.20000000298023223876953125</ele>
        <time>2026-06-08T11:03:34.000Z</time>
        <extensions>
          <ns3:TrackPointExtension>
            <ns3:hr>148</ns3:hr>
          </ns3:TrackPointExtension>
        </extensions>
      </trkpt>
      <trkpt lat="51.68506608344614505767822265625" lon="5.2521610446274280548095703125">
        <ele>0</ele>
        <time>2026-06-08T11:03:43.000Z</time>
        <extensions>
          <ns3:TrackPointExtension>
            <ns3:hr>149</ns3:hr>
          </ns3:TrackPointExtension>
        </extensions>
      </trkpt>
      <trkpt lat="51.68509407900273799896240234375" lon="5.2520302869379520416259765625">
        <ele>-0.20000000298023223876953125</ele>
        <time>2026-06-08T11:03:52.000Z</time>
        <extensions>
          <ns3:TrackPointExtension>
            <ns3:hr>149</ns3:hr>
          </ns3:TrackPointExtension>
        </extensions>
      </trkpt>
      <trkpt lat="51.6851161234080791473388671875" lon="5.251896344125270843505859375">
        <ele>0</ele>
        <time>2026-06-08T11:04:00.000Z</time>
        <extensions>
          <ns3:TrackPointExtension>
            <ns3:hr>148</ns3:hr>
          </ns3:TrackPointExtension>
        </extensions>
      </trkpt>
      <trkpt lat="51.6851147823035717010498046875" lon="5.251802466809749603271484375">
        <ele>-0.4000000059604644775390625</ele>
        <time>2026-06-08T11:04:07.000Z</time>
        <extensions>
          <ns3:TrackPointExtension>
            <ns3:hr>145</ns3:hr>
          </ns3:TrackPointExtension>
        </extensions>
      </trkpt>
      <trkpt lat="51.68510891497135162353515625" lon="5.25176533497869968414306640625">
        <ele>-0.20000000298023223876953125</ele>
        <time>2026-06-08T11:04:09.000Z</time>
        <extensions>
          <ns3:TrackPointExtension>
            <ns3:hr>145</ns3:hr>
          </ns3:TrackPointExtension>
        </extensions>
      </trkpt>
      <trkpt lat="51.68504864908754825592041015625" lon="5.25169492699205875396728515625">
        <ele>-0.20000000298023223876953125</ele>
        <time>2026-06-08T11:04:17.000Z</time>
        <extensions>
          <ns3:TrackPointExtension>
            <ns3:hr>149</ns3:hr>
          </ns3:TrackPointExtension>
        </extensions>
      </trkpt>
      <trkpt lat="51.685033142566680908203125" lon="5.2517129480838775634765625">
        <ele>-0.20000000298023223876953125</ele>
        <time>2026-06-08T11:04:19.000Z</time>
        <extensions>
          <ns3:TrackPointExtension>
            <ns3:hr>146</ns3:hr>
          </ns3:TrackPointExtension>
        </extensions>
      </trkpt>
      <trkpt lat="51.68500506319105625152587890625" lon="5.2517801709473133087158203125">
        <ele>0</ele>
        <time>2026-06-08T11:04:25.000Z</time>
        <extensions>
          <ns3:TrackPointExtension>
            <ns3:hr>144</ns3:hr>
          </ns3:TrackPointExtension>
        </extensions>
      </trkpt>
      <trkpt lat="51.68489961884915828704833984375" lon="5.25186340324580669403076171875">
        <ele>0</ele>
        <time>2026-06-08T11:04:34.000Z</time>
        <extensions>
          <ns3:TrackPointExtension>
            <ns3:hr>145</ns3:hr>
          </ns3:TrackPointExtension>
        </extensions>
      </trkpt>
      <trkpt lat="51.68484161607921123504638671875" lon="5.25193247012794017791748046875">
        <ele>0.20000000298023223876953125</ele>
        <time>2026-06-08T11:04:42.000Z</time>
        <extensions>
          <ns3:TrackPointExtension>
            <ns3:hr>144</ns3:hr>
          </ns3:TrackPointExtension>
        </extensions>
      </trkpt>
      <trkpt lat="51.68483155779540538787841796875" lon="5.25195007212460041046142578125">
        <ele>-0.20000000298023223876953125</ele>
        <time>2026-06-08T11:04:49.000Z</time>
        <extensions>
          <ns3:TrackPointExtension>
            <ns3:hr>141</ns3:hr>
          </ns3:TrackPointExtension>
        </extensions>
      </trkpt>
      <trkpt lat="51.68483323417603969573974609375" lon="5.25194085203111171722412109375">
        <ele>0</ele>
        <time>2026-06-08T11:04:51.000Z</time>
        <extensions>
          <ns3:TrackPointExtension>
            <ns3:hr>141</ns3:hr>
          </ns3:TrackPointExtension>
        </extensions>
      </trkpt>
      <trkpt lat="51.68483574874699115753173828125" lon="5.25194504298269748687744140625">
        <ele>-0.20000000298023223876953125</ele>
        <time>2026-06-08T11:05:02.000Z</time>
        <extensions>
          <ns3:TrackPointExtension>
            <ns3:hr>143</ns3:hr>
          </ns3:TrackPointExtension>
        </extensions>
      </trkpt>
      <trkpt lat="51.68483809567987918853759765625" lon="5.2519675903022289276123046875">
        <ele>-0.4000000059604644775390625</ele>
        <time>2026-06-08T11:05:11.000Z</time>
        <extensions>
          <ns3:TrackPointExtension>
            <ns3:hr>133</ns3:hr>
          </ns3:TrackPointExtension>
        </extensions>
      </trkpt>
      <trkpt lat="51.68484010733664035797119140625" lon="5.2519679255783557891845703125">
        <ele>-0.4000000059604644775390625</ele>
        <time>2026-06-08T11:05:12.000Z</time>
        <extensions>
          <ns3:TrackPointExtension>
            <ns3:hr>128</ns3:hr>
          </ns3:TrackPointExtension>
        </extensions>
      </trkpt>
      <trkpt lat="51.6848425380885601043701171875" lon="5.2519677579402923583984375">
        <ele>-0.4000000059604644775390625</ele>
        <time>2026-06-08T11:05:13.000Z</time>
        <extensions>
          <ns3:TrackPointExtension>
            <ns3:hr>128</ns3:hr>
          </ns3:TrackPointExtension>
        </extensions>
      </trkpt>
      <trkpt lat="51.6848529316484928131103515625" lon="5.25197320617735385894775390625">
        <ele>-0.4000000059604644775390625</ele>
        <time>2026-06-08T11:05:17.000Z</time>
        <extensions>
          <ns3:TrackPointExtension>
            <ns3:hr>131</ns3:hr>
          </ns3:TrackPointExtension>
        </extensions>
      </trkpt>
      <trkpt lat="51.68484446592628955841064453125" lon="5.251977480947971343994140625">
        <ele>-0.4000000059604644775390625</ele>
        <time>2026-06-08T11:05:25.000Z</time>
        <extensions>
          <ns3:TrackPointExtension>
            <ns3:hr>128</ns3:hr>
          </ns3:TrackPointExtension>
        </extensions>
      </trkpt>
      <trkpt lat="51.6848422028124332427978515625" lon="5.2519645728170871734619140625">
        <ele>-0.4000000059604644775390625</ele>
        <time>2026-06-08T11:05:32.000Z</time>
        <extensions>
          <ns3:TrackPointExtension>
            <ns3:hr>131</ns3:hr>
          </ns3:TrackPointExtension>
        </extensions>
      </trkpt>
      <trkpt lat="51.6848341561853885650634765625" lon="5.2519561909139156341552734375">
        <ele>-0.4000000059604644775390625</ele>
        <time>2026-06-08T11:05:35.000Z</time>
        <extensions>
          <ns3:TrackPointExtension>
            <ns3:hr>132</ns3:hr>
          </ns3:TrackPointExtension>
        </extensions>
      </trkpt>
      <trkpt lat="51.684830300509929656982421875" lon="5.251947976648807525634765625">
        <ele>-0.20000000298023223876953125</ele>
        <time>2026-06-08T11:05:43.000Z</time>
        <extensions>
          <ns3:TrackPointExtension>
            <ns3:hr>131</ns3:hr>
          </ns3:TrackPointExtension>
        </extensions>
      </trkpt>
      <trkpt lat="51.68481655418872833251953125" lon="5.251955352723598480224609375">
        <ele>-0.20000000298023223876953125</ele>
        <time>2026-06-08T11:05:45.000Z</time>
        <extensions>
          <ns3:TrackPointExtension>
            <ns3:hr>140</ns3:hr>
          </ns3:TrackPointExtension>
        </extensions>
      </trkpt>
      <trkpt lat="51.68480959720909595489501953125" lon="5.2519602142274379730224609375">
        <ele>-0.20000000298023223876953125</ele>
        <time>2026-06-08T11:05:46.000Z</time>
        <extensions>
          <ns3:TrackPointExtension>
            <ns3:hr>143</ns3:hr>
          </ns3:TrackPointExtension>
        </extensions>
      </trkpt>
      <trkpt lat="51.684804148972034454345703125" lon="5.25196574628353118896484375">
        <ele>-0.20000000298023223876953125</ele>
        <time>2026-06-08T11:05:47.000Z</time>
        <extensions>
          <ns3:TrackPointExtension>
            <ns3:hr>143</ns3:hr>
          </ns3:TrackPointExtension>
        </extensions>
      </trkpt>
      <trkpt lat="51.68475695885717868804931640625" lon="5.2519870363175868988037109375">
        <ele>-0.4000000059604644775390625</ele>
        <time>2026-06-08T11:05:51.000Z</time>
        <extensions>
          <ns3:TrackPointExtension>
            <ns3:hr>144</ns3:hr>
          </ns3:TrackPointExtension>
        </extensions>
      </trkpt>
      <trkpt lat="51.68472938239574432373046875" lon="5.25193967856466770172119140625">
        <ele>0</ele>
        <time>2026-06-08T11:05:55.000Z</time>
        <extensions>
          <ns3:TrackPointExtension>
            <ns3:hr>144</ns3:hr>
          </ns3:TrackPointExtension>
        </extensions>
      </trkpt>
      <trkpt lat="51.68472728691995143890380859375" lon="5.2519169636070728302001953125">
        <ele>-0.20000000298023223876953125</ele>
        <time>2026-06-08T11:05:56.000Z</time>
        <extensions>
          <ns3:TrackPointExtension>
            <ns3:hr>144</ns3:hr>
          </ns3:TrackPointExtension>
        </extensions>
      </trkpt>
      <trkpt lat="51.684726364910602569580078125" lon="5.25190003216266632080078125">
        <ele>-0.4000000059604644775390625</ele>
        <time>2026-06-08T11:05:57.000Z</time>
        <extensions>
          <ns3:TrackPointExtension>
            <ns3:hr>137</ns3:hr>
          </ns3:TrackPointExtension>
        </extensions>
      </trkpt>
      <trkpt lat="51.684727706015110015869140625" lon="5.2518777363002300262451171875">
        <ele>-0.4000000059604644775390625</ele>
        <time>2026-06-08T11:05:58.000Z</time>
        <extensions>
          <ns3:TrackPointExtension>
            <ns3:hr>131</ns3:hr>
          </ns3:TrackPointExtension>
        </extensions>
      </trkpt>
      <trkpt lat="51.68472846038639545440673828125" lon="5.25185166858136653900146484375">
        <ele>-0.20000000298023223876953125</ele>
        <time>2026-06-08T11:05:59.000Z</time>
        <extensions>
          <ns3:TrackPointExtension>
            <ns3:hr>131</ns3:hr>
          </ns3:TrackPointExtension>
        </extensions>
      </trkpt>
      <trkpt lat="51.68472058139741420745849609375" lon="5.25176650844514369964599609375">
        <ele>0.4000000059604644775390625</ele>
        <time>2026-06-08T11:06:04.000Z</time>
        <extensions>
          <ns3:TrackPointExtension>
            <ns3:hr>132</ns3:hr>
          </ns3:TrackPointExtension>
        </extensions>
      </trkpt>
      <trkpt lat="51.6847158037126064300537109375" lon="5.2516178973019123077392578125">
        <ele>0.60000002384185791015625</ele>
        <time>2026-06-08T11:06:13.000Z</time>
        <extensions>
          <ns3:TrackPointExtension>
            <ns3:hr>132</ns3:hr>
          </ns3:TrackPointExtension>
        </extensions>
      </trkpt>
      <trkpt lat="51.6846903227269649505615234375" lon="5.251520164310932159423828125">
        <ele>-0.20000000298023223876953125</ele>
        <time>2026-06-08T11:06:19.000Z</time>
        <extensions>
          <ns3:TrackPointExtension>
            <ns3:hr>135</ns3:hr>
          </ns3:TrackPointExtension>
        </extensions>
      </trkpt>
      <trkpt lat="51.68468839488923549652099609375" lon="5.2515042386949062347412109375">
        <ele>-0.20000000298023223876953125</ele>
        <time>2026-06-08T11:06:20.000Z</time>
        <extensions>
          <ns3:TrackPointExtension>
            <ns3:hr>140</ns3:hr>
          </ns3:TrackPointExtension>
        </extensions>
      </trkpt>
      <trkpt lat="51.68468688614666461944580078125" lon="5.25148705579340457916259765625">
        <ele>0</ele>
        <time>2026-06-08T11:06:21.000Z</time>
        <extensions>
          <ns3:TrackPointExtension>
            <ns3:hr>144</ns3:hr>
          </ns3:TrackPointExtension>
        </extensions>
      </trkpt>
      <trkpt lat="51.68467716313898563385009765625" lon="5.2513805218040943145751953125">
        <ele>-0.20000000298023223876953125</ele>
        <time>2026-06-08T11:06:29.000Z</time>
        <extensions>
          <ns3:TrackPointExtension>
            <ns3:hr>145</ns3:hr>
          </ns3:TrackPointExtension>
        </extensions>
      </trkpt>
      <trkpt lat="51.6846831142902374267578125" lon="5.251243896782398223876953125">
        <ele>0</ele>
        <time>2026-06-08T11:06:38.000Z</time>
        <extensions>
          <ns3:TrackPointExtension>
            <ns3:hr>144</ns3:hr>
          </ns3:TrackPointExtension>
        </extensions>
      </trkpt>
      <trkpt lat="51.68465855531394481658935546875" lon="5.2510331757366657257080078125">
        <ele>-0.20000000298023223876953125</ele>
        <time>2026-06-08T11:06:49.000Z</time>
        <extensions>
          <ns3:TrackPointExtension>
            <ns3:hr>144</ns3:hr>
          </ns3:TrackPointExtension>
        </extensions>
      </trkpt>
      <trkpt lat="51.68461563996970653533935546875" lon="5.2510197646915912628173828125">
        <ele>0.4000000059604644775390625</ele>
        <time>2026-06-08T11:06:55.000Z</time>
        <extensions>
          <ns3:TrackPointExtension>
            <ns3:hr>143</ns3:hr>
          </ns3:TrackPointExtension>
        </extensions>
      </trkpt>
      <trkpt lat="51.684608347713947296142578125" lon="5.25102605111896991729736328125">
        <ele>0.4000000059604644775390625</ele>
        <time>2026-06-08T11:06:56.000Z</time>
        <extensions>
          <ns3:TrackPointExtension>
            <ns3:hr>144</ns3:hr>
          </ns3:TrackPointExtension>
        </extensions>
      </trkpt>
      <trkpt lat="51.68453047983348369598388671875" lon="5.25111959315836429595947265625">
        <ele>0.4000000059604644775390625</ele>
        <time>2026-06-08T11:07:05.000Z</time>
        <extensions>
          <ns3:TrackPointExtension>
            <ns3:hr>144</ns3:hr>
          </ns3:TrackPointExtension>
        </extensions>
      </trkpt>
      <trkpt lat="51.68445789255201816558837890625" lon="5.25117558427155017852783203125">
        <ele>0.60000002384185791015625</ele>
        <time>2026-06-08T11:07:13.000Z</time>
        <extensions>
          <ns3:TrackPointExtension>
            <ns3:hr>144</ns3:hr>
          </ns3:TrackPointExtension>
        </extensions>
      </trkpt>
      <trkpt lat="51.684442721307277679443359375" lon="5.2511791884899139404296875">
        <ele>0.60000002384185791015625</ele>
        <time>2026-06-08T11:07:14.000Z</time>
        <extensions>
          <ns3:TrackPointExtension>
            <ns3:hr>145</ns3:hr>
          </ns3:TrackPointExtension>
        </extensions>
      </trkpt>
      <trkpt lat="51.6843540407717227935791015625" lon="5.251189582049846649169921875">
        <ele>0.20000000298023223876953125</ele>
        <time>2026-06-08T11:07:22.000Z</time>
        <extensions>
          <ns3:TrackPointExtension>
            <ns3:hr>146</ns3:hr>
          </ns3:TrackPointExtension>
        </extensions>
      </trkpt>
      <trkpt lat="51.6842967085540294647216796875" lon="5.2510385401546955108642578125">
        <ele>0.20000000298023223876953125</ele>
        <time>2026-06-08T11:07:30.000Z</time>
        <extensions>
          <ns3:TrackPointExtension>
            <ns3:hr>147</ns3:hr>
          </ns3:TrackPointExtension>
        </extensions>
      </trkpt>
      <trkpt lat="51.68430819176137447357177734375" lon="5.25091054849326610565185546875">
        <ele>0.4000000059604644775390625</ele>
        <time>2026-06-08T11:07:38.000Z</time>
        <extensions>
          <ns3:TrackPointExtension>
            <ns3:hr>147</ns3:hr>
          </ns3:TrackPointExtension>
        </extensions>
      </trkpt>
      <trkpt lat="51.68430718593299388885498046875" lon="5.2507880888879299163818359375">
        <ele>0.60000002384185791015625</ele>
        <time>2026-06-08T11:07:45.000Z</time>
        <extensions>
          <ns3:TrackPointExtension>
            <ns3:hr>147</ns3:hr>
          </ns3:TrackPointExtension>
        </extensions>
      </trkpt>
      <trkpt lat="51.68426024727523326873779296875" lon="5.250569991767406463623046875">
        <ele>0.20000000298023223876953125</ele>
        <time>2026-06-08T11:07:56.000Z</time>
        <extensions>
          <ns3:TrackPointExtension>
            <ns3:hr>145</ns3:hr>
          </ns3:TrackPointExtension>
        </extensions>
      </trkpt>
      <trkpt lat="51.68423761613667011260986328125" lon="5.25038165040314197540283203125">
        <ele>0.20000000298023223876953125</ele>
        <time>2026-06-08T11:08:06.000Z</time>
        <extensions>
          <ns3:TrackPointExtension>
            <ns3:hr>146</ns3:hr>
          </ns3:TrackPointExtension>
        </extensions>
      </trkpt>
      <trkpt lat="51.684239208698272705078125" lon="5.2503384836018085479736328125">
        <ele>0.60000002384185791015625</ele>
        <time>2026-06-08T11:08:10.000Z</time>
        <extensions>
          <ns3:TrackPointExtension>
            <ns3:hr>150</ns3:hr>
          </ns3:TrackPointExtension>
        </extensions>
      </trkpt>
      <trkpt lat="51.684238873422145843505859375" lon="5.2502814866602420806884765625">
        <ele>0</ele>
        <time>2026-06-08T11:08:13.000Z</time>
        <extensions>
          <ns3:TrackPointExtension>
            <ns3:hr>151</ns3:hr>
          </ns3:TrackPointExtension>
        </extensions>
      </trkpt>
      <trkpt lat="51.68424851261079311370849609375" lon="5.250141508877277374267578125">
        <ele>0.20000000298023223876953125</ele>
        <time>2026-06-08T11:08:21.000Z</time>
        <extensions>
          <ns3:TrackPointExtension>
            <ns3:hr>148</ns3:hr>
          </ns3:TrackPointExtension>
        </extensions>
      </trkpt>
      <trkpt lat="51.6842467524111270904541015625" lon="5.250126756727695465087890625">
        <ele>0.4000000059604644775390625</ele>
        <time>2026-06-08T11:08:22.000Z</time>
        <extensions>
          <ns3:TrackPointExtension>
            <ns3:hr>147</ns3:hr>
          </ns3:TrackPointExtension>
        </extensions>
      </trkpt>
      <trkpt lat="51.6842112131416797637939453125" lon="5.250032208859920501708984375">
        <ele>0</ele>
        <time>2026-06-08T11:08:28.000Z</time>
        <extensions>
          <ns3:TrackPointExtension>
            <ns3:hr>144</ns3:hr>
          </ns3:TrackPointExtension>
        </extensions>
      </trkpt>
      <trkpt lat="51.6842045076191425323486328125" lon="5.250020809471607208251953125">
        <ele>0</ele>
        <time>2026-06-08T11:08:29.000Z</time>
        <extensions>
          <ns3:TrackPointExtension>
            <ns3:hr>144</ns3:hr>
          </ns3:TrackPointExtension>
        </extensions>
      </trkpt>
      <trkpt lat="51.6841719858348369598388671875" lon="5.24990824051201343536376953125">
        <ele>0.20000000298023223876953125</ele>
        <time>2026-06-08T11:08:37.000Z</time>
        <extensions>
          <ns3:TrackPointExtension>
            <ns3:hr>143</ns3:hr>
          </ns3:TrackPointExtension>
        </extensions>
      </trkpt>
      <trkpt lat="51.684120185673236846923828125" lon="5.2497581206262111663818359375">
        <ele>0.20000000298023223876953125</ele>
        <time>2026-06-08T11:08:46.000Z</time>
        <extensions>
          <ns3:TrackPointExtension>
            <ns3:hr>143</ns3:hr>
          </ns3:TrackPointExtension>
        </extensions>
      </trkpt>
      <trkpt lat="51.68407953344285488128662109375" lon="5.2496020495891571044921875">
        <ele>0.20000000298023223876953125</ele>
        <time>2026-06-08T11:08:55.000Z</time>
        <extensions>
          <ns3:TrackPointExtension>
            <ns3:hr>145</ns3:hr>
          </ns3:TrackPointExtension>
        </extensions>
      </trkpt>
      <trkpt lat="51.68406997807323932647705078125" lon="5.2495764009654521942138671875">
        <ele>0.4000000059604644775390625</ele>
        <time>2026-06-08T11:08:57.000Z</time>
        <extensions>
          <ns3:TrackPointExtension>
            <ns3:hr>148</ns3:hr>
          </ns3:TrackPointExtension>
        </extensions>
      </trkpt>
      <trkpt lat="51.68402404524385929107666015625" lon="5.2494250237941741943359375">
        <ele>0.4000000059604644775390625</ele>
        <time>2026-06-08T11:09:05.000Z</time>
        <extensions>
          <ns3:TrackPointExtension>
            <ns3:hr>148</ns3:hr>
          </ns3:TrackPointExtension>
        </extensions>
      </trkpt>
      <trkpt lat="51.68400518596172332763671875" lon="5.2493376843631267547607421875">
        <ele>0.60000002384185791015625</ele>
        <time>2026-06-08T11:09:12.000Z</time>
        <extensions>
          <ns3:TrackPointExtension>
            <ns3:hr>147</ns3:hr>
          </ns3:TrackPointExtension>
        </extensions>
      </trkpt>
      <trkpt lat="51.6840003244578838348388671875" lon="5.249155461788177490234375">
        <ele>0</ele>
        <time>2026-06-08T11:09:22.000Z</time>
        <extensions>
          <ns3:TrackPointExtension>
            <ns3:hr>148</ns3:hr>
          </ns3:TrackPointExtension>
        </extensions>
      </trkpt>
      <trkpt lat="51.68400392867624759674072265625" lon="5.249016992747783660888671875">
        <ele>0.20000000298023223876953125</ele>
        <time>2026-06-08T11:09:30.000Z</time>
        <extensions>
          <ns3:TrackPointExtension>
            <ns3:hr>150</ns3:hr>
          </ns3:TrackPointExtension>
        </extensions>
      </trkpt>
      <trkpt lat="51.68399957008659839630126953125" lon="5.24890928529202938079833984375">
        <ele>0.4000000059604644775390625</ele>
        <time>2026-06-08T11:09:37.000Z</time>
        <extensions>
          <ns3:TrackPointExtension>
            <ns3:hr>149</ns3:hr>
          </ns3:TrackPointExtension>
        </extensions>
      </trkpt>
      <trkpt lat="51.6839723289012908935546875" lon="5.2488227002322673797607421875">
        <ele>0.60000002384185791015625</ele>
        <time>2026-06-08T11:09:45.000Z</time>
        <extensions>
          <ns3:TrackPointExtension>
            <ns3:hr>150</ns3:hr>
          </ns3:TrackPointExtension>
        </extensions>
      </trkpt>
      <trkpt lat="51.68391709215939044952392578125" lon="5.248731337487697601318359375">
        <ele>0.60000002384185791015625</ele>
        <time>2026-06-08T11:09:53.000Z</time>
        <extensions>
          <ns3:TrackPointExtension>
            <ns3:hr>149</ns3:hr>
          </ns3:TrackPointExtension>
        </extensions>
      </trkpt>
      <trkpt lat="51.68386747129261493682861328125" lon="5.24867308326065540313720703125">
        <ele>0.60000002384185791015625</ele>
        <time>2026-06-08T11:09:59.000Z</time>
        <extensions>
          <ns3:TrackPointExtension>
            <ns3:hr>146</ns3:hr>
          </ns3:TrackPointExtension>
        </extensions>
      </trkpt>
      <trkpt lat="51.68383863754570484161376953125" lon="5.24863268248736858367919921875">
        <ele>0.4000000059604644775390625</ele>
        <time>2026-06-08T11:10:02.000Z</time>
        <extensions>
          <ns3:TrackPointExtension>
            <ns3:hr>146</ns3:hr>
          </ns3:TrackPointExtension>
        </extensions>
      </trkpt>
      <trkpt lat="51.6837854124605655670166015625" lon="5.2485229633748531341552734375">
        <ele>0.20000000298023223876953125</ele>
        <time>2026-06-08T11:10:10.000Z</time>
        <extensions>
          <ns3:TrackPointExtension>
            <ns3:hr>148</ns3:hr>
          </ns3:TrackPointExtension>
        </extensions>
      </trkpt>
      <trkpt lat="51.6837528906762599945068359375" lon="5.24834786541759967803955078125">
        <ele>0.4000000059604644775390625</ele>
        <time>2026-06-08T11:10:20.000Z</time>
        <extensions>
          <ns3:TrackPointExtension>
            <ns3:hr>148</ns3:hr>
          </ns3:TrackPointExtension>
        </extensions>
      </trkpt>
      <trkpt lat="51.68373428285121917724609375" lon="5.24823504500091075897216796875">
        <ele>0</ele>
        <time>2026-06-08T11:10:27.000Z</time>
        <extensions>
          <ns3:TrackPointExtension>
            <ns3:hr>149</ns3:hr>
          </ns3:TrackPointExtension>
        </extensions>
      </trkpt>
      <trkpt lat="51.683729588985443115234375" lon="5.24820604361593723297119140625">
        <ele>0</ele>
        <time>2026-06-08T11:10:29.000Z</time>
        <extensions>
          <ns3:TrackPointExtension>
            <ns3:hr>146</ns3:hr>
          </ns3:TrackPointExtension>
        </extensions>
      </trkpt>
      <trkpt lat="51.68371559120714664459228515625" lon="5.24813060648739337921142578125">
        <ele>0</ele>
        <time>2026-06-08T11:10:34.000Z</time>
        <extensions>
          <ns3:TrackPointExtension>
            <ns3:hr>147</ns3:hr>
          </ns3:TrackPointExtension>
        </extensions>
      </trkpt>
      <trkpt lat="51.683682985603809356689453125" lon="5.24802784435451030731201171875">
        <ele>0.20000000298023223876953125</ele>
        <time>2026-06-08T11:10:40.000Z</time>
        <extensions>
          <ns3:TrackPointExtension>
            <ns3:hr>146</ns3:hr>
          </ns3:TrackPointExtension>
        </extensions>
      </trkpt>
      <trkpt lat="51.6836462728679180145263671875" lon="5.247906558215618133544921875">
        <ele>0</ele>
        <time>2026-06-08T11:10:48.000Z</time>
        <extensions>
          <ns3:TrackPointExtension>
            <ns3:hr>146</ns3:hr>
          </ns3:TrackPointExtension>
        </extensions>
      </trkpt>
      <trkpt lat="51.68361358344554901123046875" lon="5.24775643832981586456298828125">
        <ele>0</ele>
        <time>2026-06-08T11:10:56.000Z</time>
        <extensions>
          <ns3:TrackPointExtension>
            <ns3:hr>144</ns3:hr>
          </ns3:TrackPointExtension>
        </extensions>
      </trkpt>
      <trkpt lat="51.68356538750231266021728515625" lon="5.24762752465903759002685546875">
        <ele>0.20000000298023223876953125</ele>
        <time>2026-06-08T11:11:05.000Z</time>
        <extensions>
          <ns3:TrackPointExtension>
            <ns3:hr>145</ns3:hr>
          </ns3:TrackPointExtension>
        </extensions>
      </trkpt>
      <trkpt lat="51.68348693288862705230712890625" lon="5.2474805898964405059814453125">
        <ele>0.20000000298023223876953125</ele>
        <time>2026-06-08T11:11:16.000Z</time>
        <extensions>
          <ns3:TrackPointExtension>
            <ns3:hr>146</ns3:hr>
          </ns3:TrackPointExtension>
        </extensions>
      </trkpt>
      <trkpt lat="51.68344234116375446319580078125" lon="5.24731471203267574310302734375">
        <ele>0.20000000298023223876953125</ele>
        <time>2026-06-08T11:11:26.000Z</time>
        <extensions>
          <ns3:TrackPointExtension>
            <ns3:hr>145</ns3:hr>
          </ns3:TrackPointExtension>
        </extensions>
      </trkpt>
      <trkpt lat="51.68343597091734409332275390625" lon="5.2471520192921161651611328125">
        <ele>0</ele>
        <time>2026-06-08T11:11:35.000Z</time>
        <extensions>
          <ns3:TrackPointExtension>
            <ns3:hr>147</ns3:hr>
          </ns3:TrackPointExtension>
        </extensions>
      </trkpt>
      <trkpt lat="51.68345390819013118743896484375" lon="5.2470011450350284576416015625">
        <ele>-0.20000000298023223876953125</ele>
        <time>2026-06-08T11:11:43.000Z</time>
        <extensions>
          <ns3:TrackPointExtension>
            <ns3:hr>146</ns3:hr>
          </ns3:TrackPointExtension>
        </extensions>
      </trkpt>
      <trkpt lat="51.68345793150365352630615234375" lon="5.246985219419002532958984375">
        <ele>-0.4000000059604644775390625</ele>
        <time>2026-06-08T11:11:44.000Z</time>
        <extensions>
          <ns3:TrackPointExtension>
            <ns3:hr>145</ns3:hr>
          </ns3:TrackPointExtension>
        </extensions>
      </trkpt>
      <trkpt lat="51.68350000865757465362548828125" lon="5.2468321658670902252197265625">
        <ele>-0.4000000059604644775390625</ele>
        <time>2026-06-08T11:11:53.000Z</time>
        <extensions>
          <ns3:TrackPointExtension>
            <ns3:hr>145</ns3:hr>
          </ns3:TrackPointExtension>
        </extensions>
      </trkpt>
      <trkpt lat="51.6835131682455539703369140625" lon="5.24667534045875072479248046875">
        <ele>-0.4000000059604644775390625</ele>
        <time>2026-06-08T11:12:02.000Z</time>
        <extensions>
          <ns3:TrackPointExtension>
            <ns3:hr>145</ns3:hr>
          </ns3:TrackPointExtension>
        </extensions>
      </trkpt>
      <trkpt lat="51.68345801532268524169921875" lon="5.24658900685608386993408203125">
        <ele>-0.4000000059604644775390625</ele>
        <time>2026-06-08T11:12:11.000Z</time>
        <extensions>
          <ns3:TrackPointExtension>
            <ns3:hr>145</ns3:hr>
          </ns3:TrackPointExtension>
        </extensions>
      </trkpt>
      <trkpt lat="51.68338400311768054962158203125" lon="5.2465069480240345001220703125">
        <ele>-0.20000000298023223876953125</ele>
        <time>2026-06-08T11:12:20.000Z</time>
        <extensions>
          <ns3:TrackPointExtension>
            <ns3:hr>144</ns3:hr>
          </ns3:TrackPointExtension>
        </extensions>
      </trkpt>
      <trkpt lat="51.68336120434105396270751953125" lon="5.24639773182570934295654296875">
        <ele>0.4000000059604644775390625</ele>
        <time>2026-06-08T11:12:27.000Z</time>
        <extensions>
          <ns3:TrackPointExtension>
            <ns3:hr>143</ns3:hr>
          </ns3:TrackPointExtension>
        </extensions>
      </trkpt>
      <trkpt lat="51.6833626292645931243896484375" lon="5.24639069102704524993896484375">
        <ele>0.800000011920928955078125</ele>
        <time>2026-06-08T11:12:29.000Z</time>
        <extensions>
          <ns3:TrackPointExtension>
            <ns3:hr>144</ns3:hr>
          </ns3:TrackPointExtension>
        </extensions>
      </trkpt>
      <trkpt lat="51.683370172977447509765625" lon="5.246329419314861297607421875">
        <ele>0.20000000298023223876953125</ele>
        <time>2026-06-08T11:12:35.000Z</time>
        <extensions>
          <ns3:TrackPointExtension>
            <ns3:hr>146</ns3:hr>
          </ns3:TrackPointExtension>
        </extensions>
      </trkpt>
      <trkpt lat="51.68341266922652721405029296875" lon="5.24622171185910701751708984375">
        <ele>0.4000000059604644775390625</ele>
        <time>2026-06-08T11:12:43.000Z</time>
        <extensions>
          <ns3:TrackPointExtension>
            <ns3:hr>147</ns3:hr>
          </ns3:TrackPointExtension>
        </extensions>
      </trkpt>
      <trkpt lat="51.68344032950699329376220703125" lon="5.24609950371086597442626953125">
        <ele>0.800000011920928955078125</ele>
        <time>2026-06-08T11:12:50.000Z</time>
        <extensions>
          <ns3:TrackPointExtension>
            <ns3:hr>147</ns3:hr>
          </ns3:TrackPointExtension>
        </extensions>
      </trkpt>
      <trkpt lat="51.68347938917577266693115234375" lon="5.2459420077502727508544921875">
        <ele>0</ele>
        <time>2026-06-08T11:12:59.000Z</time>
        <extensions>
          <ns3:TrackPointExtension>
            <ns3:hr>146</ns3:hr>
          </ns3:TrackPointExtension>
        </extensions>
      </trkpt>
      <trkpt lat="51.68350704945623874664306640625" lon="5.24580337107181549072265625">
        <ele>0</ele>
        <time>2026-06-08T11:13:07.000Z</time>
        <extensions>
          <ns3:TrackPointExtension>
            <ns3:hr>145</ns3:hr>
          </ns3:TrackPointExtension>
        </extensions>
      </trkpt>
      <trkpt lat="51.683545522391796112060546875" lon="5.24565861560404300689697265625">
        <ele>0.20000000298023223876953125</ele>
        <time>2026-06-08T11:13:15.000Z</time>
        <extensions>
          <ns3:TrackPointExtension>
            <ns3:hr>143</ns3:hr>
          </ns3:TrackPointExtension>
        </extensions>
      </trkpt>
      <trkpt lat="51.683552563190460205078125" lon="5.24562709964811801910400390625">
        <ele>0.20000000298023223876953125</ele>
        <time>2026-06-08T11:13:17.000Z</time>
        <extensions>
          <ns3:TrackPointExtension>
            <ns3:hr>140</ns3:hr>
          </ns3:TrackPointExtension>
        </extensions>
      </trkpt>
      <trkpt lat="51.68356421403586864471435546875" lon="5.245595835149288177490234375">
        <ele>0</ele>
        <time>2026-06-08T11:13:19.000Z</time>
        <extensions>
          <ns3:TrackPointExtension>
            <ns3:hr>137</ns3:hr>
          </ns3:TrackPointExtension>
        </extensions>
      </trkpt>
      <trkpt lat="51.6835832409560680389404296875" lon="5.245541520416736602783203125">
        <ele>-0.20000000298023223876953125</ele>
        <time>2026-06-08T11:13:23.000Z</time>
        <extensions>
          <ns3:TrackPointExtension>
            <ns3:hr>136</ns3:hr>
          </ns3:TrackPointExtension>
        </extensions>
      </trkpt>
      <trkpt lat="51.6836053691804409027099609375" lon="5.245455689728260040283203125">
        <ele>-0.4000000059604644775390625</ele>
        <time>2026-06-08T11:13:28.000Z</time>
        <extensions>
          <ns3:TrackPointExtension>
            <ns3:hr>137</ns3:hr>
          </ns3:TrackPointExtension>
        </extensions>
      </trkpt>
      <trkpt lat="51.68361953459680080413818359375" lon="5.24538938887417316436767578125">
        <ele>-0.4000000059604644775390625</ele>
        <time>2026-06-08T11:13:32.000Z</time>
        <extensions>
          <ns3:TrackPointExtension>
            <ns3:hr>139</ns3:hr>
          </ns3:TrackPointExtension>
        </extensions>
      </trkpt>
      <trkpt lat="51.68366454541683197021484375" lon="5.24522669613361358642578125">
        <ele>-0.20000000298023223876953125</ele>
        <time>2026-06-08T11:13:41.000Z</time>
        <extensions>
          <ns3:TrackPointExtension>
            <ns3:hr>141</ns3:hr>
          </ns3:TrackPointExtension>
        </extensions>
      </trkpt>
      <trkpt lat="51.68368600308895111083984375" lon="5.24513742886483669281005859375">
        <ele>-0.20000000298023223876953125</ele>
        <time>2026-06-08T11:13:46.000Z</time>
        <extensions>
          <ns3:TrackPointExtension>
            <ns3:hr>144</ns3:hr>
          </ns3:TrackPointExtension>
        </extensions>
      </trkpt>
      <trkpt lat="51.68369715102016925811767578125" lon="5.24508981965482234954833984375">
        <ele>-0.20000000298023223876953125</ele>
        <time>2026-06-08T11:13:49.000Z</time>
        <extensions>
          <ns3:TrackPointExtension>
            <ns3:hr>145</ns3:hr>
          </ns3:TrackPointExtension>
        </extensions>
      </trkpt>
      <trkpt lat="51.6837347857654094696044921875" lon="5.24493743665516376495361328125">
        <ele>-0.4000000059604644775390625</ele>
        <time>2026-06-08T11:13:58.000Z</time>
        <extensions>
          <ns3:TrackPointExtension>
            <ns3:hr>147</ns3:hr>
          </ns3:TrackPointExtension>
        </extensions>
      </trkpt>
      <trkpt lat="51.68376286514103412628173828125" lon="5.2447668649256229400634765625">
        <ele>-0.4000000059604644775390625</ele>
        <time>2026-06-08T11:14:07.000Z</time>
        <extensions>
          <ns3:TrackPointExtension>
            <ns3:hr>147</ns3:hr>
          </ns3:TrackPointExtension>
        </extensions>
      </trkpt>
      <trkpt lat="51.683780886232852935791015625" lon="5.244703330099582672119140625">
        <ele>-0.20000000298023223876953125</ele>
        <time>2026-06-08T11:14:14.000Z</time>
        <extensions>
          <ns3:TrackPointExtension>
            <ns3:hr>148</ns3:hr>
          </ns3:TrackPointExtension>
        </extensions>
      </trkpt>
      <trkpt lat="51.6838072054088115692138671875" lon="5.2446283958852291107177734375">
        <ele>-0.4000000059604644775390625</ele>
        <time>2026-06-08T11:14:19.000Z</time>
        <extensions>
          <ns3:TrackPointExtension>
            <ns3:hr>151</ns3:hr>
          </ns3:TrackPointExtension>
        </extensions>
      </trkpt>
      <trkpt lat="51.683823131024837493896484375" lon="5.244592018425464630126953125">
        <ele>-0.4000000059604644775390625</ele>
        <time>2026-06-08T11:14:21.000Z</time>
        <extensions>
          <ns3:TrackPointExtension>
            <ns3:hr>152</ns3:hr>
          </ns3:TrackPointExtension>
        </extensions>
      </trkpt>
      <trkpt lat="51.68384023010730743408203125" lon="5.24449990130960941314697265625">
        <ele>-0.20000000298023223876953125</ele>
        <time>2026-06-08T11:14:27.000Z</time>
        <extensions>
          <ns3:TrackPointExtension>
            <ns3:hr>152</ns3:hr>
          </ns3:TrackPointExtension>
        </extensions>
      </trkpt>
      <trkpt lat="51.683829165995121002197265625" lon="5.24440568871796131134033203125">
        <ele>0</ele>
        <time>2026-06-08T11:14:34.000Z</time>
        <extensions>
          <ns3:TrackPointExtension>
            <ns3:hr>155</ns3:hr>
          </ns3:TrackPointExtension>
        </extensions>
      </trkpt>
      <trkpt lat="51.68382371775805950164794921875" lon="5.2443744242191314697265625">
        <ele>0</ele>
        <time>2026-06-08T11:14:36.000Z</time>
        <extensions>
          <ns3:TrackPointExtension>
            <ns3:hr>151</ns3:hr>
          </ns3:TrackPointExtension>
        </extensions>
      </trkpt>
      <trkpt lat="51.68381852097809314727783203125" lon="5.244364030659198760986328125">
        <ele>0</ele>
        <time>2026-06-08T11:14:37.000Z</time>
        <extensions>
          <ns3:TrackPointExtension>
            <ns3:hr>148</ns3:hr>
          </ns3:TrackPointExtension>
        </extensions>
      </trkpt>
      <trkpt lat="51.68381449766457080841064453125" lon="5.24435170926153659820556640625">
        <ele>0</ele>
        <time>2026-06-08T11:14:38.000Z</time>
        <extensions>
          <ns3:TrackPointExtension>
            <ns3:hr>148</ns3:hr>
          </ns3:TrackPointExtension>
        </extensions>
      </trkpt>
      <trkpt lat="51.68380594812333583831787109375" lon="5.24428901262581348419189453125">
        <ele>0.20000000298023223876953125</ele>
        <time>2026-06-08T11:14:42.000Z</time>
        <extensions>
          <ns3:TrackPointExtension>
            <ns3:hr>148</ns3:hr>
          </ns3:TrackPointExtension>
        </extensions>
      </trkpt>
      <trkpt lat="51.6838410682976245880126953125" lon="5.24416613392531871795654296875">
        <ele>0</ele>
        <time>2026-06-08T11:14:49.000Z</time>
        <extensions>
          <ns3:TrackPointExtension>
            <ns3:hr>148</ns3:hr>
          </ns3:TrackPointExtension>
        </extensions>
      </trkpt>
      <trkpt lat="51.68386244215071201324462890625" lon="5.24405247531831264495849609375">
        <ele>0.20000000298023223876953125</ele>
        <time>2026-06-08T11:14:56.000Z</time>
        <extensions>
          <ns3:TrackPointExtension>
            <ns3:hr>149</ns3:hr>
          </ns3:TrackPointExtension>
        </extensions>
      </trkpt>
      <trkpt lat="51.68388389982283115386962890625" lon="5.24396815337240695953369140625">
        <ele>0</ele>
        <time>2026-06-08T11:15:01.000Z</time>
        <extensions>
          <ns3:TrackPointExtension>
            <ns3:hr>149</ns3:hr>
          </ns3:TrackPointExtension>
        </extensions>
      </trkpt>
      <trkpt lat="51.683904938399791717529296875" lon="5.24386036209762096405029296875">
        <ele>0</ele>
        <time>2026-06-08T11:15:08.000Z</time>
        <extensions>
          <ns3:TrackPointExtension>
            <ns3:hr>150</ns3:hr>
          </ns3:TrackPointExtension>
        </extensions>
      </trkpt>
      <trkpt lat="51.68393637053668498992919921875" lon="5.2437664009630680084228515625">
        <ele>0</ele>
        <time>2026-06-08T11:15:14.000Z</time>
        <extensions>
          <ns3:TrackPointExtension>
            <ns3:hr>147</ns3:hr>
          </ns3:TrackPointExtension>
        </extensions>
      </trkpt>
      <trkpt lat="51.6839480213820934295654296875" lon="5.2437392435967922210693359375">
        <ele>0.4000000059604644775390625</ele>
        <time>2026-06-08T11:15:16.000Z</time>
        <extensions>
          <ns3:TrackPointExtension>
            <ns3:hr>147</ns3:hr>
          </ns3:TrackPointExtension>
        </extensions>
      </trkpt>
      <trkpt lat="51.683953218162059783935546875" lon="5.243723653256893157958984375">
        <ele>0.800000011920928955078125</ele>
        <time>2026-06-08T11:15:17.000Z</time>
        <extensions>
          <ns3:TrackPointExtension>
            <ns3:hr>147</ns3:hr>
          </ns3:TrackPointExtension>
        </extensions>
      </trkpt>
      <trkpt lat="51.6839825548231601715087890625" lon="5.24359180592000484466552734375">
        <ele>-0.20000000298023223876953125</ele>
        <time>2026-06-08T11:15:25.000Z</time>
        <extensions>
          <ns3:TrackPointExtension>
            <ns3:hr>147</ns3:hr>
          </ns3:TrackPointExtension>
        </extensions>
      </trkpt>
      <trkpt lat="51.6839939542114734649658203125" lon="5.24345534853637218475341796875">
        <ele>-0.20000000298023223876953125</ele>
        <time>2026-06-08T11:15:32.000Z</time>
        <extensions>
          <ns3:TrackPointExtension>
            <ns3:hr>146</ns3:hr>
          </ns3:TrackPointExtension>
        </extensions>
      </trkpt>
      <trkpt lat="51.68400091119110584259033203125" lon="5.2433154545724391937255859375">
        <ele>-0.20000000298023223876953125</ele>
        <time>2026-06-08T11:15:40.000Z</time>
        <extensions>
          <ns3:TrackPointExtension>
            <ns3:hr>146</ns3:hr>
          </ns3:TrackPointExtension>
        </extensions>
      </trkpt>
      <trkpt lat="51.68401725590229034423828125" lon="5.24319115094840526580810546875">
        <ele>0</ele>
        <time>2026-06-08T11:15:48.000Z</time>
        <extensions>
          <ns3:TrackPointExtension>
            <ns3:hr>147</ns3:hr>
          </ns3:TrackPointExtension>
        </extensions>
      </trkpt>
      <trkpt lat="51.6840402223169803619384765625" lon="5.24305435828864574432373046875">
        <ele>0.60000002384185791015625</ele>
        <time>2026-06-08T11:15:57.000Z</time>
        <extensions>
          <ns3:TrackPointExtension>
            <ns3:hr>148</ns3:hr>
          </ns3:TrackPointExtension>
        </extensions>
      </trkpt>
      <trkpt lat="51.68404818512499332427978515625" lon="5.24290482513606548309326171875">
        <ele>0</ele>
        <time>2026-06-08T11:16:05.000Z</time>
        <extensions>
          <ns3:TrackPointExtension>
            <ns3:hr>147</ns3:hr>
          </ns3:TrackPointExtension>
        </extensions>
      </trkpt>
      <trkpt lat="51.68405539356172084808349609375" lon="5.24286056868731975555419921875">
        <ele>-0.4000000059604644775390625</ele>
        <time>2026-06-08T11:16:07.000Z</time>
        <extensions>
          <ns3:TrackPointExtension>
            <ns3:hr>147</ns3:hr>
          </ns3:TrackPointExtension>
        </extensions>
      </trkpt>
      <trkpt lat="51.68406444601714611053466796875" lon="5.24279787205159664154052734375">
        <ele>-0.4000000059604644775390625</ele>
        <time>2026-06-08T11:16:11.000Z</time>
        <extensions>
          <ns3:TrackPointExtension>
            <ns3:hr>147</ns3:hr>
          </ns3:TrackPointExtension>
        </extensions>
      </trkpt>
      <trkpt lat="51.684075258672237396240234375" lon="5.24269795976579189300537109375">
        <ele>0.800000011920928955078125</ele>
        <time>2026-06-08T11:16:18.000Z</time>
        <extensions>
          <ns3:TrackPointExtension>
            <ns3:hr>148</ns3:hr>
          </ns3:TrackPointExtension>
        </extensions>
      </trkpt>
      <trkpt lat="51.6840771026909351348876953125" lon="5.2426827885210514068603515625">
        <ele>0.800000011920928955078125</ele>
        <time>2026-06-08T11:16:19.000Z</time>
        <extensions>
          <ns3:TrackPointExtension>
            <ns3:hr>148</ns3:hr>
          </ns3:TrackPointExtension>
        </extensions>
      </trkpt>
      <trkpt lat="51.68408640660345554351806640625" lon="5.2425979636609554290771484375">
        <ele>-0.4000000059604644775390625</ele>
        <time>2026-06-08T11:16:23.000Z</time>
        <extensions>
          <ns3:TrackPointExtension>
            <ns3:hr>147</ns3:hr>
          </ns3:TrackPointExtension>
        </extensions>
      </trkpt>
      <trkpt lat="51.68408741243183612823486328125" lon="5.242544822394847869873046875">
        <ele>-0.4000000059604644775390625</ele>
        <time>2026-06-08T11:16:26.000Z</time>
        <extensions>
          <ns3:TrackPointExtension>
            <ns3:hr>148</ns3:hr>
          </ns3:TrackPointExtension>
        </extensions>
      </trkpt>
      <trkpt lat="51.68410166166722774505615234375" lon="5.2423813752830028533935546875">
        <ele>-0.4000000059604644775390625</ele>
        <time>2026-06-08T11:16:35.000Z</time>
        <extensions>
          <ns3:TrackPointExtension>
            <ns3:hr>147</ns3:hr>
          </ns3:TrackPointExtension>
        </extensions>
      </trkpt>
      <trkpt lat="51.684120856225490570068359375" lon="5.24226712994277477264404296875">
        <ele>-0.20000000298023223876953125</ele>
        <time>2026-06-08T11:16:42.000Z</time>
        <extensions>
          <ns3:TrackPointExtension>
            <ns3:hr>148</ns3:hr>
          </ns3:TrackPointExtension>
        </extensions>
      </trkpt>
      <trkpt lat="51.6841277293860912322998046875" lon="5.242141820490360260009765625">
        <ele>0</ele>
        <time>2026-06-08T11:16:49.000Z</time>
        <extensions>
          <ns3:TrackPointExtension>
            <ns3:hr>146</ns3:hr>
          </ns3:TrackPointExtension>
        </extensions>
      </trkpt>
      <trkpt lat="51.6841371171176433563232421875" lon="5.24201366119086742401123046875">
        <ele>-0.20000000298023223876953125</ele>
        <time>2026-06-08T11:16:56.000Z</time>
        <extensions>
          <ns3:TrackPointExtension>
            <ns3:hr>146</ns3:hr>
          </ns3:TrackPointExtension>
        </extensions>
      </trkpt>
      <trkpt lat="51.68414331972599029541015625" lon="5.2418761141598224639892578125">
        <ele>0.4000000059604644775390625</ele>
        <time>2026-06-08T11:17:04.000Z</time>
        <extensions>
          <ns3:TrackPointExtension>
            <ns3:hr>145</ns3:hr>
          </ns3:TrackPointExtension>
        </extensions>
      </trkpt>
      <trkpt lat="51.68416771106421947479248046875" lon="5.241754241287708282470703125">
        <ele>-0.20000000298023223876953125</ele>
        <time>2026-06-08T11:17:11.000Z</time>
        <extensions>
          <ns3:TrackPointExtension>
            <ns3:hr>146</ns3:hr>
          </ns3:TrackPointExtension>
        </extensions>
      </trkpt>
      <trkpt lat="51.68417550623416900634765625" lon="5.241637565195560455322265625">
        <ele>-0.20000000298023223876953125</ele>
        <time>2026-06-08T11:17:18.000Z</time>
        <extensions>
          <ns3:TrackPointExtension>
            <ns3:hr>148</ns3:hr>
          </ns3:TrackPointExtension>
        </extensions>
      </trkpt>
      <trkpt lat="51.684190928936004638671875" lon="5.2414952404797077178955078125">
        <ele>-0.20000000298023223876953125</ele>
        <time>2026-06-08T11:17:26.000Z</time>
        <extensions>
          <ns3:TrackPointExtension>
            <ns3:hr>148</ns3:hr>
          </ns3:TrackPointExtension>
        </extensions>
      </trkpt>
      <trkpt lat="51.68419620953500270843505859375" lon="5.24136892519891262054443359375">
        <ele>-0.4000000059604644775390625</ele>
        <time>2026-06-08T11:17:34.000Z</time>
        <extensions>
          <ns3:TrackPointExtension>
            <ns3:hr>149</ns3:hr>
          </ns3:TrackPointExtension>
        </extensions>
      </trkpt>
      <trkpt lat="51.68421431444585323333740234375" lon="5.24125543422996997833251953125">
        <ele>-0.4000000059604644775390625</ele>
        <time>2026-06-08T11:17:40.000Z</time>
        <extensions>
          <ns3:TrackPointExtension>
            <ns3:hr>149</ns3:hr>
          </ns3:TrackPointExtension>
        </extensions>
      </trkpt>
      <trkpt lat="51.684226132929325103759765625" lon="5.24114093743264675140380859375">
        <ele>-0.4000000059604644775390625</ele>
        <time>2026-06-08T11:17:47.000Z</time>
        <extensions>
          <ns3:TrackPointExtension>
            <ns3:hr>148</ns3:hr>
          </ns3:TrackPointExtension>
        </extensions>
      </trkpt>
      <trkpt lat="51.6842430643737316131591796875" lon="5.24099006317555904388427734375">
        <ele>-0.4000000059604644775390625</ele>
        <time>2026-06-08T11:17:55.000Z</time>
        <extensions>
          <ns3:TrackPointExtension>
            <ns3:hr>147</ns3:hr>
          </ns3:TrackPointExtension>
        </extensions>
      </trkpt>
      <trkpt lat="51.68426644988358020782470703125" lon="5.2408682741224765777587890625">
        <ele>-0.4000000059604644775390625</ele>
        <time>2026-06-08T11:18:02.000Z</time>
        <extensions>
          <ns3:TrackPointExtension>
            <ns3:hr>149</ns3:hr>
          </ns3:TrackPointExtension>
        </extensions>
      </trkpt>
      <trkpt lat="51.684264354407787322998046875" lon="5.2407479099929332733154296875">
        <ele>-0.4000000059604644775390625</ele>
        <time>2026-06-08T11:18:09.000Z</time>
        <extensions>
          <ns3:TrackPointExtension>
            <ns3:hr>149</ns3:hr>
          </ns3:TrackPointExtension>
        </extensions>
      </trkpt>
      <trkpt lat="51.68428522534668445587158203125" lon="5.24062008596956729888916015625">
        <ele>-0.4000000059604644775390625</ele>
        <time>2026-06-08T11:18:16.000Z</time>
        <extensions>
          <ns3:TrackPointExtension>
            <ns3:hr>148</ns3:hr>
          </ns3:TrackPointExtension>
        </extensions>
      </trkpt>
      <trkpt lat="51.68430098332464694976806640625" lon="5.240480192005634307861328125">
        <ele>-0.20000000298023223876953125</ele>
        <time>2026-06-08T11:18:24.000Z</time>
        <extensions>
          <ns3:TrackPointExtension>
            <ns3:hr>148</ns3:hr>
          </ns3:TrackPointExtension>
        </extensions>
      </trkpt>
      <trkpt lat="51.68432570993900299072265625" lon="5.240351445972919464111328125">
        <ele>0</ele>
        <time>2026-06-08T11:18:31.000Z</time>
        <extensions>
          <ns3:TrackPointExtension>
            <ns3:hr>147</ns3:hr>
          </ns3:TrackPointExtension>
        </extensions>
      </trkpt>
      <trkpt lat="51.6843275539577007293701171875" lon="5.24020048789680004119873046875">
        <ele>-0.4000000059604644775390625</ele>
        <time>2026-06-08T11:18:40.000Z</time>
        <extensions>
          <ns3:TrackPointExtension>
            <ns3:hr>147</ns3:hr>
          </ns3:TrackPointExtension>
        </extensions>
      </trkpt>
      <trkpt lat="51.68434088118374347686767578125" lon="5.24009588174521923065185546875">
        <ele>-0.4000000059604644775390625</ele>
        <time>2026-06-08T11:18:46.000Z</time>
        <extensions>
          <ns3:TrackPointExtension>
            <ns3:hr>147</ns3:hr>
          </ns3:TrackPointExtension>
        </extensions>
      </trkpt>
      <trkpt lat="51.68434976600110530853271484375" lon="5.23995992727577686309814453125">
        <ele>-0.4000000059604644775390625</ele>
        <time>2026-06-08T11:18:54.000Z</time>
        <extensions>
          <ns3:TrackPointExtension>
            <ns3:hr>147</ns3:hr>
          </ns3:TrackPointExtension>
        </extensions>
      </trkpt>
      <trkpt lat="51.68436585925519466400146484375" lon="5.23980687372386455535888671875">
        <ele>-0.60000002384185791015625</ele>
        <time>2026-06-08T11:19:02.000Z</time>
        <extensions>
          <ns3:TrackPointExtension>
            <ns3:hr>147</ns3:hr>
          </ns3:TrackPointExtension>
        </extensions>
      </trkpt>
      <trkpt lat="51.68437809683382511138916015625" lon="5.23971450515091419219970703125">
        <ele>-0.4000000059604644775390625</ele>
        <time>2026-06-08T11:19:07.000Z</time>
        <extensions>
          <ns3:TrackPointExtension>
            <ns3:hr>148</ns3:hr>
          </ns3:TrackPointExtension>
        </extensions>
      </trkpt>
      <trkpt lat="51.68438295833766460418701171875" lon="5.23962984792888164520263671875">
        <ele>-0.4000000059604644775390625</ele>
        <time>2026-06-08T11:19:13.000Z</time>
        <extensions>
          <ns3:TrackPointExtension>
            <ns3:hr>148</ns3:hr>
          </ns3:TrackPointExtension>
        </extensions>
      </trkpt>
      <trkpt lat="51.68439335189759731292724609375" lon="5.23957586847245693206787109375">
        <ele>-0.4000000059604644775390625</ele>
        <time>2026-06-08T11:19:18.000Z</time>
        <extensions>
          <ns3:TrackPointExtension>
            <ns3:hr>149</ns3:hr>
          </ns3:TrackPointExtension>
        </extensions>
      </trkpt>
      <trkpt lat="51.68440693058073520660400390625" lon="5.23948433808982372283935546875">
        <ele>0</ele>
        <time>2026-06-08T11:19:24.000Z</time>
        <extensions>
          <ns3:TrackPointExtension>
            <ns3:hr>148</ns3:hr>
          </ns3:TrackPointExtension>
        </extensions>
      </trkpt>
      <trkpt lat="51.68441154062747955322265625" lon="5.239344276487827301025390625">
        <ele>-0.60000002384185791015625</ele>
        <time>2026-06-08T11:19:32.000Z</time>
        <extensions>
          <ns3:TrackPointExtension>
            <ns3:hr>149</ns3:hr>
          </ns3:TrackPointExtension>
        </extensions>
      </trkpt>
      <trkpt lat="51.6844368539750576019287109375" lon="5.23920220322906970977783203125">
        <ele>-0.4000000059604644775390625</ele>
        <time>2026-06-08T11:19:39.000Z</time>
        <extensions>
          <ns3:TrackPointExtension>
            <ns3:hr>150</ns3:hr>
          </ns3:TrackPointExtension>
        </extensions>
      </trkpt>
      <trkpt lat="51.684438027441501617431640625" lon="5.23919214494526386260986328125">
        <ele>0.20000000298023223876953125</ele>
        <time>2026-06-08T11:19:44.000Z</time>
        <extensions>
          <ns3:TrackPointExtension>
            <ns3:hr>152</ns3:hr>
          </ns3:TrackPointExtension>
        </extensions>
      </trkpt>
      <trkpt lat="51.6844336688518524169921875" lon="5.2391338907182216644287109375">
        <ele>-0.20000000298023223876953125</ele>
        <time>2026-06-08T11:19:51.000Z</time>
        <extensions>
          <ns3:TrackPointExtension>
            <ns3:hr>152</ns3:hr>
          </ns3:TrackPointExtension>
        </extensions>
      </trkpt>
      <trkpt lat="51.68444314040243625640869140625" lon="5.2390249259769916534423828125">
        <ele>-0.4000000059604644775390625</ele>
        <time>2026-06-08T11:19:58.000Z</time>
        <extensions>
          <ns3:TrackPointExtension>
            <ns3:hr>151</ns3:hr>
          </ns3:TrackPointExtension>
        </extensions>
      </trkpt>
      <trkpt lat="51.68446007184684276580810546875" lon="5.23890950717031955718994140625">
        <ele>0</ele>
        <time>2026-06-08T11:20:05.000Z</time>
        <extensions>
          <ns3:TrackPointExtension>
            <ns3:hr>151</ns3:hr>
          </ns3:TrackPointExtension>
        </extensions>
      </trkpt>
      <trkpt lat="51.6844713874161243438720703125" lon="5.2387841977179050445556640625">
        <ele>-0.20000000298023223876953125</ele>
        <time>2026-06-08T11:20:12.000Z</time>
        <extensions>
          <ns3:TrackPointExtension>
            <ns3:hr>150</ns3:hr>
          </ns3:TrackPointExtension>
        </extensions>
      </trkpt>
      <trkpt lat="51.68447918258607387542724609375" lon="5.23869157768785953521728515625">
        <ele>-0.4000000059604644775390625</ele>
        <time>2026-06-08T11:20:18.000Z</time>
        <extensions>
          <ns3:TrackPointExtension>
            <ns3:hr>149</ns3:hr>
          </ns3:TrackPointExtension>
        </extensions>
      </trkpt>
      <trkpt lat="51.6845039092004299163818359375" lon="5.23856149055063724517822265625">
        <ele>0</ele>
        <time>2026-06-08T11:20:25.000Z</time>
        <extensions>
          <ns3:TrackPointExtension>
            <ns3:hr>148</ns3:hr>
          </ns3:TrackPointExtension>
        </extensions>
      </trkpt>
      <trkpt lat="51.6845139674842357635498046875" lon="5.23843022994697093963623046875">
        <ele>-0.20000000298023223876953125</ele>
        <time>2026-06-08T11:20:33.000Z</time>
        <extensions>
          <ns3:TrackPointExtension>
            <ns3:hr>148</ns3:hr>
          </ns3:TrackPointExtension>
        </extensions>
      </trkpt>
      <trkpt lat="51.6845357604324817657470703125" lon="5.23830517195165157318115234375">
        <ele>0.4000000059604644775390625</ele>
        <time>2026-06-08T11:20:40.000Z</time>
        <extensions>
          <ns3:TrackPointExtension>
            <ns3:hr>148</ns3:hr>
          </ns3:TrackPointExtension>
        </extensions>
      </trkpt>
      <trkpt lat="51.68454875238239765167236328125" lon="5.23825471289455890655517578125">
        <ele>-0.20000000298023223876953125</ele>
        <time>2026-06-08T11:20:46.000Z</time>
        <extensions>
          <ns3:TrackPointExtension>
            <ns3:hr>148</ns3:hr>
          </ns3:TrackPointExtension>
        </extensions>
      </trkpt>
      <trkpt lat="51.68455679900944232940673828125" lon="5.23824381642043590545654296875">
        <ele>0.60000002384185791015625</ele>
        <time>2026-06-08T11:20:52.000Z</time>
        <extensions>
          <ns3:TrackPointExtension>
            <ns3:hr>149</ns3:hr>
          </ns3:TrackPointExtension>
        </extensions>
      </trkpt>
      <trkpt lat="51.68455897830426692962646484375" lon="5.23822621442377567291259765625">
        <ele>0.20000000298023223876953125</ele>
        <time>2026-06-08T11:20:55.000Z</time>
        <extensions>
          <ns3:TrackPointExtension>
            <ns3:hr>149</ns3:hr>
          </ns3:TrackPointExtension>
        </extensions>
      </trkpt>
      <trkpt lat="51.68457113206386566162109375" lon="5.2381377853453159332275390625">
        <ele>-0.20000000298023223876953125</ele>
        <time>2026-06-08T11:21:00.000Z</time>
        <extensions>
          <ns3:TrackPointExtension>
            <ns3:hr>151</ns3:hr>
          </ns3:TrackPointExtension>
        </extensions>
      </trkpt>
      <trkpt lat="51.6845833696424961090087890625" lon="5.237966291606426239013671875">
        <ele>-0.20000000298023223876953125</ele>
        <time>2026-06-08T11:21:10.000Z</time>
        <extensions>
          <ns3:TrackPointExtension>
            <ns3:hr>152</ns3:hr>
          </ns3:TrackPointExtension>
        </extensions>
      </trkpt>
      <trkpt lat="51.68460792861878871917724609375" lon="5.23782488889992237091064453125">
        <ele>0</ele>
        <time>2026-06-08T11:21:17.000Z</time>
        <extensions>
          <ns3:TrackPointExtension>
            <ns3:hr>149</ns3:hr>
          </ns3:TrackPointExtension>
        </extensions>
      </trkpt>
      <trkpt lat="51.68463190086185932159423828125" lon="5.23772455751895904541015625">
        <ele>0.4000000059604644775390625</ele>
        <time>2026-06-08T11:21:24.000Z</time>
        <extensions>
          <ns3:TrackPointExtension>
            <ns3:hr>150</ns3:hr>
          </ns3:TrackPointExtension>
        </extensions>
      </trkpt>
      <trkpt lat="51.684660650789737701416015625" lon="5.23757460527122020721435546875">
        <ele>0.4000000059604644775390625</ele>
        <time>2026-06-08T11:21:32.000Z</time>
        <extensions>
          <ns3:TrackPointExtension>
            <ns3:hr>148</ns3:hr>
          </ns3:TrackPointExtension>
        </extensions>
      </trkpt>
      <trkpt lat="51.6846789233386516571044921875" lon="5.23746161721646785736083984375">
        <ele>0</ele>
        <time>2026-06-08T11:21:39.000Z</time>
        <extensions>
          <ns3:TrackPointExtension>
            <ns3:hr>148</ns3:hr>
          </ns3:TrackPointExtension>
        </extensions>
      </trkpt>
      <trkpt lat="51.68470566160976886749267578125" lon="5.23734234273433685302734375">
        <ele>0.20000000298023223876953125</ele>
        <time>2026-06-08T11:21:46.000Z</time>
        <extensions>
          <ns3:TrackPointExtension>
            <ns3:hr>149</ns3:hr>
          </ns3:TrackPointExtension>
        </extensions>
      </trkpt>
      <trkpt lat="51.6847367584705352783203125" lon="5.237224996089935302734375">
        <ele>0.20000000298023223876953125</ele>
        <time>2026-06-08T11:21:53.000Z</time>
        <extensions>
          <ns3:TrackPointExtension>
            <ns3:hr>149</ns3:hr>
          </ns3:TrackPointExtension>
        </extensions>
      </trkpt>
      <trkpt lat="51.6847570426762104034423828125" lon="5.2371098287403583526611328125">
        <ele>0</ele>
        <time>2026-06-08T11:22:00.000Z</time>
        <extensions>
          <ns3:TrackPointExtension>
            <ns3:hr>151</ns3:hr>
          </ns3:TrackPointExtension>
        </extensions>
      </trkpt>
      <trkpt lat="51.68477808125317096710205078125" lon="5.23700547404587268829345703125">
        <ele>0</ele>
        <time>2026-06-08T11:22:06.000Z</time>
        <extensions>
          <ns3:TrackPointExtension>
            <ns3:hr>153</ns3:hr>
          </ns3:TrackPointExtension>
        </extensions>
      </trkpt>
      <trkpt lat="51.68480758555233478546142578125" lon="5.2369071543216705322265625">
        <ele>0.4000000059604644775390625</ele>
        <time>2026-06-08T11:22:12.000Z</time>
        <extensions>
          <ns3:TrackPointExtension>
            <ns3:hr>150</ns3:hr>
          </ns3:TrackPointExtension>
        </extensions>
      </trkpt>
      <trkpt lat="51.684812866151332855224609375" lon="5.236881338059902191162109375">
        <ele>0.60000002384185791015625</ele>
        <time>2026-06-08T11:22:14.000Z</time>
        <extensions>
          <ns3:TrackPointExtension>
            <ns3:hr>147</ns3:hr>
          </ns3:TrackPointExtension>
        </extensions>
      </trkpt>
      <trkpt lat="51.684855110943317413330078125" lon="5.23672333918511867523193359375">
        <ele>0</ele>
        <time>2026-06-08T11:22:23.000Z</time>
        <extensions>
          <ns3:TrackPointExtension>
            <ns3:hr>148</ns3:hr>
          </ns3:TrackPointExtension>
        </extensions>
      </trkpt>
      <trkpt lat="51.6848730482161045074462890625" lon="5.23663801141083240509033203125">
        <ele>0.20000000298023223876953125</ele>
        <time>2026-06-08T11:22:29.000Z</time>
        <extensions>
          <ns3:TrackPointExtension>
            <ns3:hr>148</ns3:hr>
          </ns3:TrackPointExtension>
        </extensions>
      </trkpt>
      <trkpt lat="51.684897355735301971435546875" lon="5.2364940941333770751953125">
        <ele>-0.20000000298023223876953125</ele>
        <time>2026-06-08T11:22:37.000Z</time>
        <extensions>
          <ns3:TrackPointExtension>
            <ns3:hr>150</ns3:hr>
          </ns3:TrackPointExtension>
        </extensions>
      </trkpt>
      <trkpt lat="51.6849350742995738983154296875" lon="5.2363980375230312347412109375">
        <ele>-0.20000000298023223876953125</ele>
        <time>2026-06-08T11:22:44.000Z</time>
        <extensions>
          <ns3:TrackPointExtension>
            <ns3:hr>149</ns3:hr>
          </ns3:TrackPointExtension>
        </extensions>
      </trkpt>
      <trkpt lat="51.68495611287653446197509765625" lon="5.236313045024871826171875">
        <ele>0</ele>
        <time>2026-06-08T11:22:50.000Z</time>
        <extensions>
          <ns3:TrackPointExtension>
            <ns3:hr>149</ns3:hr>
          </ns3:TrackPointExtension>
        </extensions>
      </trkpt>
      <trkpt lat="51.68498192913830280303955078125" lon="5.2361883223056793212890625">
        <ele>-0.20000000298023223876953125</ele>
        <time>2026-06-08T11:22:56.000Z</time>
        <extensions>
          <ns3:TrackPointExtension>
            <ns3:hr>148</ns3:hr>
          </ns3:TrackPointExtension>
        </extensions>
      </trkpt>
      <trkpt lat="51.68500162661075592041015625" lon="5.23608664982020854949951171875">
        <ele>-0.20000000298023223876953125</ele>
        <time>2026-06-08T11:23:03.000Z</time>
        <extensions>
          <ns3:TrackPointExtension>
            <ns3:hr>146</ns3:hr>
          </ns3:TrackPointExtension>
        </extensions>
      </trkpt>
      <trkpt lat="51.68503649532794952392578125" lon="5.23598187603056430816650390625">
        <ele>-0.20000000298023223876953125</ele>
        <time>2026-06-08T11:23:10.000Z</time>
        <extensions>
          <ns3:TrackPointExtension>
            <ns3:hr>145</ns3:hr>
          </ns3:TrackPointExtension>
        </extensions>
      </trkpt>
      <trkpt lat="51.68506910093128681182861328125" lon="5.23588657379150390625">
        <ele>0</ele>
        <time>2026-06-08T11:23:15.000Z</time>
        <extensions>
          <ns3:TrackPointExtension>
            <ns3:hr>146</ns3:hr>
          </ns3:TrackPointExtension>
        </extensions>
      </trkpt>
      <trkpt lat="51.68508988805115222930908203125" lon="5.23581189103424549102783203125">
        <ele>0.20000000298023223876953125</ele>
        <time>2026-06-08T11:23:21.000Z</time>
        <extensions>
          <ns3:TrackPointExtension>
            <ns3:hr>149</ns3:hr>
          </ns3:TrackPointExtension>
        </extensions>
      </trkpt>
      <trkpt lat="51.68512903153896331787109375" lon="5.23573645390570163726806640625">
        <ele>0</ele>
        <time>2026-06-08T11:23:27.000Z</time>
        <extensions>
          <ns3:TrackPointExtension>
            <ns3:hr>148</ns3:hr>
          </ns3:TrackPointExtension>
        </extensions>
      </trkpt>
      <trkpt lat="51.6851828433573246002197265625" lon="5.23564307950437068939208984375">
        <ele>-0.4000000059604644775390625</ele>
        <time>2026-06-08T11:23:35.000Z</time>
        <extensions>
          <ns3:TrackPointExtension>
            <ns3:hr>150</ns3:hr>
          </ns3:TrackPointExtension>
        </extensions>
      </trkpt>
      <trkpt lat="51.6852498985826969146728515625" lon="5.23554920218884944915771484375">
        <ele>-0.20000000298023223876953125</ele>
        <time>2026-06-08T11:23:43.000Z</time>
        <extensions>
          <ns3:TrackPointExtension>
            <ns3:hr>150</ns3:hr>
          </ns3:TrackPointExtension>
        </extensions>
      </trkpt>
      <trkpt lat="51.68532659299671649932861328125" lon="5.23557208478450775146484375">
        <ele>-0.4000000059604644775390625</ele>
        <time>2026-06-08T11:23:50.000Z</time>
        <extensions>
          <ns3:TrackPointExtension>
            <ns3:hr>148</ns3:hr>
          </ns3:TrackPointExtension>
        </extensions>
      </trkpt>
      <trkpt lat="51.68539884500205516815185546875" lon="5.2356500364840030670166015625">
        <ele>-0.4000000059604644775390625</ele>
        <time>2026-06-08T11:23:58.000Z</time>
        <extensions>
          <ns3:TrackPointExtension>
            <ns3:hr>147</ns3:hr>
          </ns3:TrackPointExtension>
        </extensions>
      </trkpt>
      <trkpt lat="51.68545248918235301971435546875" lon="5.23573243059217929840087890625">
        <ele>-0.20000000298023223876953125</ele>
        <time>2026-06-08T11:24:04.000Z</time>
        <extensions>
          <ns3:TrackPointExtension>
            <ns3:hr>147</ns3:hr>
          </ns3:TrackPointExtension>
        </extensions>
      </trkpt>
      <trkpt lat="51.6854631341993808746337890625" lon="5.23574835620820522308349609375">
        <ele>-0.20000000298023223876953125</ele>
        <time>2026-06-08T11:24:05.000Z</time>
        <extensions>
          <ns3:TrackPointExtension>
            <ns3:hr>146</ns3:hr>
          </ns3:TrackPointExtension>
        </extensions>
      </trkpt>
      <trkpt lat="51.68554611504077911376953125" lon="5.235843658447265625">
        <ele>-0.4000000059604644775390625</ele>
        <time>2026-06-08T11:24:14.000Z</time>
        <extensions>
          <ns3:TrackPointExtension>
            <ns3:hr>147</ns3:hr>
          </ns3:TrackPointExtension>
        </extensions>
      </trkpt>
      <trkpt lat="51.68561057187616825103759765625" lon="5.23594214580953121185302734375">
        <ele>0</ele>
        <time>2026-06-08T11:24:23.000Z</time>
        <extensions>
          <ns3:TrackPointExtension>
            <ns3:hr>146</ns3:hr>
          </ns3:TrackPointExtension>
        </extensions>
      </trkpt>
      <trkpt lat="51.68568835593760013580322265625" lon="5.23607105948030948638916015625">
        <ele>0</ele>
        <time>2026-06-08T11:24:32.000Z</time>
        <extensions>
          <ns3:TrackPointExtension>
            <ns3:hr>147</ns3:hr>
          </ns3:TrackPointExtension>
        </extensions>
      </trkpt>
      <trkpt lat="51.685757003724575042724609375" lon="5.23617214523255825042724609375">
        <ele>0</ele>
        <time>2026-06-08T11:24:42.000Z</time>
        <extensions>
          <ns3:TrackPointExtension>
            <ns3:hr>147</ns3:hr>
          </ns3:TrackPointExtension>
        </extensions>
      </trkpt>
      <trkpt lat="51.68577988632023334503173828125" lon="5.236211456358432769775390625">
        <ele>-0.4000000059604644775390625</ele>
        <time>2026-06-08T11:24:45.000Z</time>
        <extensions>
          <ns3:TrackPointExtension>
            <ns3:hr>150</ns3:hr>
          </ns3:TrackPointExtension>
        </extensions>
      </trkpt>
      <trkpt lat="51.685835458338260650634765625" lon="5.23632067255675792694091796875">
        <ele>0</ele>
        <time>2026-06-08T11:24:53.000Z</time>
        <extensions>
          <ns3:TrackPointExtension>
            <ns3:hr>150</ns3:hr>
          </ns3:TrackPointExtension>
        </extensions>
      </trkpt>
      <trkpt lat="51.6858899407088756561279296875" lon="5.23641287349164485931396484375">
        <ele>-0.60000002384185791015625</ele>
        <time>2026-06-08T11:25:00.000Z</time>
        <extensions>
          <ns3:TrackPointExtension>
            <ns3:hr>151</ns3:hr>
          </ns3:TrackPointExtension>
        </extensions>
      </trkpt>
      <trkpt lat="51.685964874923229217529296875" lon="5.2365100197494029998779296875">
        <ele>-0.60000002384185791015625</ele>
        <time>2026-06-08T11:25:08.000Z</time>
        <extensions>
          <ns3:TrackPointExtension>
            <ns3:hr>151</ns3:hr>
          </ns3:TrackPointExtension>
        </extensions>
      </trkpt>
      <trkpt lat="51.686015166342258453369140625" lon="5.23657078854739665985107421875">
        <ele>-0.4000000059604644775390625</ele>
        <time>2026-06-08T11:25:16.000Z</time>
        <extensions>
          <ns3:TrackPointExtension>
            <ns3:hr>148</ns3:hr>
          </ns3:TrackPointExtension>
        </extensions>
      </trkpt>
      <trkpt lat="51.686089597642421722412109375" lon="5.23668293841183185577392578125">
        <ele>-0.4000000059604644775390625</ele>
        <time>2026-06-08T11:25:25.000Z</time>
        <extensions>
          <ns3:TrackPointExtension>
            <ns3:hr>150</ns3:hr>
          </ns3:TrackPointExtension>
        </extensions>
      </trkpt>
      <trkpt lat="51.68616863898932933807373046875" lon="5.23680112324655055999755859375">
        <ele>-0.4000000059604644775390625</ele>
        <time>2026-06-08T11:25:35.000Z</time>
        <extensions>
          <ns3:TrackPointExtension>
            <ns3:hr>151</ns3:hr>
          </ns3:TrackPointExtension>
        </extensions>
      </trkpt>
      <trkpt lat="51.68622865341603755950927734375" lon="5.23691050708293914794921875">
        <ele>0</ele>
        <time>2026-06-08T11:25:45.000Z</time>
        <extensions>
          <ns3:TrackPointExtension>
            <ns3:hr>150</ns3:hr>
          </ns3:TrackPointExtension>
        </extensions>
      </trkpt>
      <trkpt lat="51.6863009892404079437255859375" lon="5.23701033554971218109130859375">
        <ele>0.20000000298023223876953125</ele>
        <time>2026-06-08T11:25:54.000Z</time>
        <extensions>
          <ns3:TrackPointExtension>
            <ns3:hr>148</ns3:hr>
          </ns3:TrackPointExtension>
        </extensions>
      </trkpt>
      <trkpt lat="51.6863817907869815826416015625" lon="5.2370736189186573028564453125">
        <ele>-0.20000000298023223876953125</ele>
        <time>2026-06-08T11:26:02.000Z</time>
        <extensions>
          <ns3:TrackPointExtension>
            <ns3:hr>147</ns3:hr>
          </ns3:TrackPointExtension>
        </extensions>
      </trkpt>
      <trkpt lat="51.6864760033786296844482421875" lon="5.2371011115610599517822265625">
        <ele>0</ele>
        <time>2026-06-08T11:26:10.000Z</time>
        <extensions>
          <ns3:TrackPointExtension>
            <ns3:hr>147</ns3:hr>
          </ns3:TrackPointExtension>
        </extensions>
      </trkpt>
      <trkpt lat="51.68657247908413410186767578125" lon="5.237065739929676055908203125">
        <ele>-0.20000000298023223876953125</ele>
        <time>2026-06-08T11:26:19.000Z</time>
        <extensions>
          <ns3:TrackPointExtension>
            <ns3:hr>148</ns3:hr>
          </ns3:TrackPointExtension>
        </extensions>
      </trkpt>
      <trkpt lat="51.68665026314556598663330078125" lon="5.236986614763736724853515625">
        <ele>-0.20000000298023223876953125</ele>
        <time>2026-06-08T11:26:27.000Z</time>
        <extensions>
          <ns3:TrackPointExtension>
            <ns3:hr>147</ns3:hr>
          </ns3:TrackPointExtension>
        </extensions>
      </trkpt>
      <trkpt lat="51.68674162589013576507568359375" lon="5.236911512911319732666015625">
        <ele>-0.20000000298023223876953125</ele>
        <time>2026-06-08T11:26:36.000Z</time>
        <extensions>
          <ns3:TrackPointExtension>
            <ns3:hr>147</ns3:hr>
          </ns3:TrackPointExtension>
        </extensions>
      </trkpt>
      <trkpt lat="51.6868267022073268890380859375" lon="5.23685459978878498077392578125">
        <ele>0</ele>
        <time>2026-06-08T11:26:44.000Z</time>
        <extensions>
          <ns3:TrackPointExtension>
            <ns3:hr>147</ns3:hr>
          </ns3:TrackPointExtension>
        </extensions>
      </trkpt>
      <trkpt lat="51.68690373189747333526611328125" lon="5.23679383099079132080078125">
        <ele>-0.20000000298023223876953125</ele>
        <time>2026-06-08T11:26:52.000Z</time>
        <extensions>
          <ns3:TrackPointExtension>
            <ns3:hr>147</ns3:hr>
          </ns3:TrackPointExtension>
        </extensions>
      </trkpt>
      <trkpt lat="51.6869819350540637969970703125" lon="5.23669551126658916473388671875">
        <ele>0</ele>
        <time>2026-06-08T11:27:02.000Z</time>
        <extensions>
          <ns3:TrackPointExtension>
            <ns3:hr>147</ns3:hr>
          </ns3:TrackPointExtension>
        </extensions>
      </trkpt>
      <trkpt lat="51.68706030584871768951416015625" lon="5.23663465864956378936767578125">
        <ele>-0.20000000298023223876953125</ele>
        <time>2026-06-08T11:27:10.000Z</time>
        <extensions>
          <ns3:TrackPointExtension>
            <ns3:hr>146</ns3:hr>
          </ns3:TrackPointExtension>
        </extensions>
      </trkpt>
      <trkpt lat="51.6871629841625690460205078125" lon="5.236557461321353912353515625">
        <ele>0.20000000298023223876953125</ele>
        <time>2026-06-08T11:27:19.000Z</time>
        <extensions>
          <ns3:TrackPointExtension>
            <ns3:hr>146</ns3:hr>
          </ns3:TrackPointExtension>
        </extensions>
      </trkpt>
      <trkpt lat="51.68722459115087985992431640625" lon="5.23649937473237514495849609375">
        <ele>0.20000000298023223876953125</ele>
        <time>2026-06-08T11:27:27.000Z</time>
        <extensions>
          <ns3:TrackPointExtension>
            <ns3:hr>147</ns3:hr>
          </ns3:TrackPointExtension>
        </extensions>
      </trkpt>
      <trkpt lat="51.68729164637625217437744140625" lon="5.236447155475616455078125">
        <ele>0.4000000059604644775390625</ele>
        <time>2026-06-08T11:27:33.000Z</time>
        <extensions>
          <ns3:TrackPointExtension>
            <ns3:hr>148</ns3:hr>
          </ns3:TrackPointExtension>
        </extensions>
      </trkpt>
      <trkpt lat="51.6873742081224918365478515625" lon="5.23636761121451854705810546875">
        <ele>0.4000000059604644775390625</ele>
        <time>2026-06-08T11:27:42.000Z</time>
        <extensions>
          <ns3:TrackPointExtension>
            <ns3:hr>150</ns3:hr>
          </ns3:TrackPointExtension>
        </extensions>
      </trkpt>
      <trkpt lat="51.687458865344524383544921875" lon="5.2363162301480770111083984375">
        <ele>0.60000002384185791015625</ele>
        <time>2026-06-08T11:27:49.000Z</time>
        <extensions>
          <ns3:TrackPointExtension>
            <ns3:hr>149</ns3:hr>
          </ns3:TrackPointExtension>
        </extensions>
      </trkpt>
      <trkpt lat="51.687511838972568511962890625" lon="5.2362538687884807586669921875">
        <ele>0.60000002384185791015625</ele>
        <time>2026-06-08T11:27:57.000Z</time>
        <extensions>
          <ns3:TrackPointExtension>
            <ns3:hr>148</ns3:hr>
          </ns3:TrackPointExtension>
        </extensions>
      </trkpt>
      <trkpt lat="51.68757612816989421844482421875" lon="5.236196704208850860595703125">
        <ele>0.4000000059604644775390625</ele>
        <time>2026-06-08T11:28:03.000Z</time>
        <extensions>
          <ns3:TrackPointExtension>
            <ns3:hr>147</ns3:hr>
          </ns3:TrackPointExtension>
        </extensions>
      </trkpt>
      <trkpt lat="51.6876441054046154022216796875" lon="5.2361221052706241607666015625">
        <ele>0.4000000059604644775390625</ele>
        <time>2026-06-08T11:28:11.000Z</time>
        <extensions>
          <ns3:TrackPointExtension>
            <ns3:hr>146</ns3:hr>
          </ns3:TrackPointExtension>
        </extensions>
      </trkpt>
      <trkpt lat="51.68775214813649654388427734375" lon="5.2360550500452518463134765625">
        <ele>1</ele>
        <time>2026-06-08T11:28:21.000Z</time>
        <extensions>
          <ns3:TrackPointExtension>
            <ns3:hr>147</ns3:hr>
          </ns3:TrackPointExtension>
        </extensions>
      </trkpt>
      <trkpt lat="51.68782708235085010528564453125" lon="5.23597550578415393829345703125">
        <ele>0.4000000059604644775390625</ele>
        <time>2026-06-08T11:28:28.000Z</time>
        <extensions>
          <ns3:TrackPointExtension>
            <ns3:hr>147</ns3:hr>
          </ns3:TrackPointExtension>
        </extensions>
      </trkpt>
      <trkpt lat="51.6879150085151195526123046875" lon="5.23588648997247219085693359375">
        <ele>0.60000002384185791015625</ele>
        <time>2026-06-08T11:28:38.000Z</time>
        <extensions>
          <ns3:TrackPointExtension>
            <ns3:hr>146</ns3:hr>
          </ns3:TrackPointExtension>
        </extensions>
      </trkpt>
      <trkpt lat="51.68800746090710163116455078125" lon="5.23581289686262607574462890625">
        <ele>0.60000002384185791015625</ele>
        <time>2026-06-08T11:28:46.000Z</time>
        <extensions>
          <ns3:TrackPointExtension>
            <ns3:hr>147</ns3:hr>
          </ns3:TrackPointExtension>
        </extensions>
      </trkpt>
      <trkpt lat="51.6880601830780506134033203125" lon="5.2357704006135463714599609375">
        <ele>1.2000000476837158203125</ele>
        <time>2026-06-08T11:28:53.000Z</time>
        <extensions>
          <ns3:TrackPointExtension>
            <ns3:hr>145</ns3:hr>
          </ns3:TrackPointExtension>
        </extensions>
      </trkpt>
      <trkpt lat="51.688144169747829437255859375" lon="5.2356885932385921478271484375">
        <ele>0.60000002384185791015625</ele>
        <time>2026-06-08T11:29:01.000Z</time>
        <extensions>
          <ns3:TrackPointExtension>
            <ns3:hr>146</ns3:hr>
          </ns3:TrackPointExtension>
        </extensions>
      </trkpt>
      <trkpt lat="51.688160598278045654296875" lon="5.23567811585962772369384765625">
        <ele>0.60000002384185791015625</ele>
        <time>2026-06-08T11:29:03.000Z</time>
        <extensions>
          <ns3:TrackPointExtension>
            <ns3:hr>150</ns3:hr>
          </ns3:TrackPointExtension>
        </extensions>
      </trkpt>
      <trkpt lat="51.68822052888572216033935546875" lon="5.2356262318789958953857421875">
        <ele>0.60000002384185791015625</ele>
        <time>2026-06-08T11:29:08.000Z</time>
        <extensions>
          <ns3:TrackPointExtension>
            <ns3:hr>153</ns3:hr>
          </ns3:TrackPointExtension>
        </extensions>
      </trkpt>
      <trkpt lat="51.68828389607369899749755859375" lon="5.23556160740554332733154296875">
        <ele>0.60000002384185791015625</ele>
        <time>2026-06-08T11:29:16.000Z</time>
        <extensions>
          <ns3:TrackPointExtension>
            <ns3:hr>153</ns3:hr>
          </ns3:TrackPointExtension>
        </extensions>
      </trkpt>
      <trkpt lat="51.688348688185214996337890625" lon="5.23551802150905132293701171875">
        <ele>0.60000002384185791015625</ele>
        <time>2026-06-08T11:29:22.000Z</time>
        <extensions>
          <ns3:TrackPointExtension>
            <ns3:hr>153</ns3:hr>
          </ns3:TrackPointExtension>
        </extensions>
      </trkpt>
      <trkpt lat="51.68840409256517887115478515625" lon="5.23544308729469776153564453125">
        <ele>0.800000011920928955078125</ele>
        <time>2026-06-08T11:29:29.000Z</time>
        <extensions>
          <ns3:TrackPointExtension>
            <ns3:hr>153</ns3:hr>
          </ns3:TrackPointExtension>
        </extensions>
      </trkpt>
      <trkpt lat="51.68847081251442432403564453125" lon="5.23540302179753780364990234375">
        <ele>1.60000002384185791015625</ele>
        <time>2026-06-08T11:29:35.000Z</time>
        <extensions>
          <ns3:TrackPointExtension>
            <ns3:hr>153</ns3:hr>
          </ns3:TrackPointExtension>
        </extensions>
      </trkpt>
      <trkpt lat="51.68848447501659393310546875" lon="5.2353932149708271026611328125">
        <ele>1.60000002384185791015625</ele>
        <time>2026-06-08T11:29:36.000Z</time>
        <extensions>
          <ns3:TrackPointExtension>
            <ns3:hr>153</ns3:hr>
          </ns3:TrackPointExtension>
        </extensions>
      </trkpt>
      <trkpt lat="51.68855245225131511688232421875" lon="5.23533445782959461212158203125">
        <ele>1</ele>
        <time>2026-06-08T11:29:44.000Z</time>
        <extensions>
          <ns3:TrackPointExtension>
            <ns3:hr>152</ns3:hr>
          </ns3:TrackPointExtension>
        </extensions>
      </trkpt>
      <trkpt lat="51.68858028016984462738037109375" lon="5.2353110723197460174560546875">
        <ele>1.2000000476837158203125</ele>
        <time>2026-06-08T11:29:46.000Z</time>
        <extensions>
          <ns3:TrackPointExtension>
            <ns3:hr>149</ns3:hr>
          </ns3:TrackPointExtension>
        </extensions>
      </trkpt>
      <trkpt lat="51.688626296818256378173828125" lon="5.235278718173503875732421875">
        <ele>0.800000011920928955078125</ele>
        <time>2026-06-08T11:29:50.000Z</time>
        <extensions>
          <ns3:TrackPointExtension>
            <ns3:hr>150</ns3:hr>
          </ns3:TrackPointExtension>
        </extensions>
      </trkpt>
      <trkpt lat="51.6886774264276027679443359375" lon="5.23523588664829730987548828125">
        <ele>0.60000002384185791015625</ele>
        <time>2026-06-08T11:29:56.000Z</time>
        <extensions>
          <ns3:TrackPointExtension>
            <ns3:hr>152</ns3:hr>
          </ns3:TrackPointExtension>
        </extensions>
      </trkpt>
      <trkpt lat="51.6887062601745128631591796875" lon="5.23520906455814838409423828125">
        <ele>0.60000002384185791015625</ele>
        <time>2026-06-08T11:29:59.000Z</time>
        <extensions>
          <ns3:TrackPointExtension>
            <ns3:hr>151</ns3:hr>
          </ns3:TrackPointExtension>
        </extensions>
      </trkpt>
      <trkpt lat="51.68874909169971942901611328125" lon="5.2351851761341094970703125">
        <ele>0.60000002384185791015625</ele>
        <time>2026-06-08T11:30:04.000Z</time>
        <extensions>
          <ns3:TrackPointExtension>
            <ns3:hr>154</ns3:hr>
          </ns3:TrackPointExtension>
        </extensions>
      </trkpt>
      <trkpt lat="51.68878563679754734039306640625" lon="5.2351772971451282501220703125">
        <ele>0.60000002384185791015625</ele>
        <time>2026-06-08T11:30:07.000Z</time>
        <extensions>
          <ns3:TrackPointExtension>
            <ns3:hr>157</ns3:hr>
          </ns3:TrackPointExtension>
        </extensions>
      </trkpt>
      <trkpt lat="51.68879720382392406463623046875" lon="5.2351793088018894195556640625">
        <ele>0.60000002384185791015625</ele>
        <time>2026-06-08T11:30:08.000Z</time>
        <extensions>
          <ns3:TrackPointExtension>
            <ns3:hr>157</ns3:hr>
          </ns3:TrackPointExtension>
        </extensions>
      </trkpt>
      <trkpt lat="51.688884459435939788818359375" lon="5.2351997606456279754638671875">
        <ele>0</ele>
        <time>2026-06-08T11:30:16.000Z</time>
        <extensions>
          <ns3:TrackPointExtension>
            <ns3:hr>156</ns3:hr>
          </ns3:TrackPointExtension>
        </extensions>
      </trkpt>
      <trkpt lat="51.68894112110137939453125" lon="5.23522205650806427001953125">
        <ele>0</ele>
        <time>2026-06-08T11:30:21.000Z</time>
        <extensions>
          <ns3:TrackPointExtension>
            <ns3:hr>153</ns3:hr>
          </ns3:TrackPointExtension>
        </extensions>
      </trkpt>
      <trkpt lat="51.68897205032408237457275390625" lon="5.2352316118776798248291015625">
        <ele>1</ele>
        <time>2026-06-08T11:30:25.000Z</time>
        <extensions>
          <ns3:TrackPointExtension>
            <ns3:hr>153</ns3:hr>
          </ns3:TrackPointExtension>
        </extensions>
      </trkpt>
      <trkpt lat="51.68898898176848888397216796875" lon="5.23523387499153614044189453125">
        <ele>1.60000002384185791015625</ele>
        <time>2026-06-08T11:30:29.000Z</time>
        <extensions>
          <ns3:TrackPointExtension>
            <ns3:hr>153</ns3:hr>
          </ns3:TrackPointExtension>
        </extensions>
      </trkpt>
      <trkpt lat="51.68900188989937305450439453125" lon="5.23522884584963321685791015625">
        <ele>2</ele>
        <time>2026-06-08T11:30:35.000Z</time>
        <extensions>
          <ns3:TrackPointExtension>
            <ns3:hr>154</ns3:hr>
          </ns3:TrackPointExtension>
        </extensions>
      </trkpt>
      <trkpt lat="51.68901580385863780975341796875" lon="5.23523068986833095550537109375">
        <ele>2.7999999523162841796875</ele>
        <time>2026-06-08T11:30:38.000Z</time>
        <extensions>
          <ns3:TrackPointExtension>
            <ns3:hr>155</ns3:hr>
          </ns3:TrackPointExtension>
        </extensions>
      </trkpt>
      <trkpt lat="51.68906374834477901458740234375" lon="5.23523873649537563323974609375">
        <ele>4</ele>
        <time>2026-06-08T11:30:44.000Z</time>
        <extensions>
          <ns3:TrackPointExtension>
            <ns3:hr>156</ns3:hr>
          </ns3:TrackPointExtension>
        </extensions>
      </trkpt>
      <trkpt lat="51.68907615356147289276123046875" lon="5.23524091579020023345947265625">
        <ele>4.400000095367431640625</ele>
        <time>2026-06-08T11:30:46.000Z</time>
        <extensions>
          <ns3:TrackPointExtension>
            <ns3:hr>159</ns3:hr>
          </ns3:TrackPointExtension>
        </extensions>
      </trkpt>
      <trkpt lat="51.68909744359552860260009765625" lon="5.235194899141788482666015625">
        <ele>4.400000095367431640625</ele>
        <time>2026-06-08T11:30:51.000Z</time>
        <extensions>
          <ns3:TrackPointExtension>
            <ns3:hr>162</ns3:hr>
          </ns3:TrackPointExtension>
        </extensions>
      </trkpt>
      <trkpt lat="51.68910599313676357269287109375" lon="5.23515894077718257904052734375">
        <ele>4.400000095367431640625</ele>
        <time>2026-06-08T11:30:53.000Z</time>
        <extensions>
          <ns3:TrackPointExtension>
            <ns3:hr>165</ns3:hr>
          </ns3:TrackPointExtension>
        </extensions>
      </trkpt>
      <trkpt lat="51.6891243495047092437744140625" lon="5.23502734489738941192626953125">
        <ele>4.400000095367431640625</ele>
        <time>2026-06-08T11:31:01.000Z</time>
        <extensions>
          <ns3:TrackPointExtension>
            <ns3:hr>168</ns3:hr>
          </ns3:TrackPointExtension>
        </extensions>
      </trkpt>
      <trkpt lat="51.68912418186664581298828125" lon="5.23499247618019580841064453125">
        <ele>4.400000095367431640625</ele>
        <time>2026-06-08T11:31:03.000Z</time>
        <extensions>
          <ns3:TrackPointExtension>
            <ns3:hr>168</ns3:hr>
          </ns3:TrackPointExtension>
        </extensions>
      </trkpt>
      <trkpt lat="51.68915024958550930023193359375" lon="5.23481813259422779083251953125">
        <ele>4.400000095367431640625</ele>
        <time>2026-06-08T11:31:13.000Z</time>
        <extensions>
          <ns3:TrackPointExtension>
            <ns3:hr>169</ns3:hr>
          </ns3:TrackPointExtension>
        </extensions>
      </trkpt>
      <trkpt lat="51.689173467457294464111328125" lon="5.23471201770007610321044921875">
        <ele>4.599999904632568359375</ele>
        <time>2026-06-08T11:31:19.000Z</time>
        <extensions>
          <ns3:TrackPointExtension>
            <ns3:hr>166</ns3:hr>
          </ns3:TrackPointExtension>
        </extensions>
      </trkpt>
      <trkpt lat="51.6891806758940219879150390625" lon="5.23466977290809154510498046875">
        <ele>4.599999904632568359375</ele>
        <time>2026-06-08T11:31:21.000Z</time>
        <extensions>
          <ns3:TrackPointExtension>
            <ns3:hr>162</ns3:hr>
          </ns3:TrackPointExtension>
        </extensions>
      </trkpt>
      <trkpt lat="51.68918260373175144195556640625" lon="5.23465183563530445098876953125">
        <ele>4.599999904632568359375</ele>
        <time>2026-06-08T11:31:22.000Z</time>
        <extensions>
          <ns3:TrackPointExtension>
            <ns3:hr>162</ns3:hr>
          </ns3:TrackPointExtension>
        </extensions>
      </trkpt>
      <trkpt lat="51.689177490770816802978515625" lon="5.23450280539691448211669921875">
        <ele>4.599999904632568359375</ele>
        <time>2026-06-08T11:31:30.000Z</time>
        <extensions>
          <ns3:TrackPointExtension>
            <ns3:hr>161</ns3:hr>
          </ns3:TrackPointExtension>
        </extensions>
      </trkpt>
      <trkpt lat="51.68920037336647510528564453125" lon="5.2343950979411602020263671875">
        <ele>5</ele>
        <time>2026-06-08T11:31:36.000Z</time>
        <extensions>
          <ns3:TrackPointExtension>
            <ns3:hr>160</ns3:hr>
          </ns3:TrackPointExtension>
        </extensions>
      </trkpt>
      <trkpt lat="51.68920691125094890594482421875" lon="5.23435813374817371368408203125">
        <ele>5</ele>
        <time>2026-06-08T11:31:38.000Z</time>
        <extensions>
          <ns3:TrackPointExtension>
            <ns3:hr>160</ns3:hr>
          </ns3:TrackPointExtension>
        </extensions>
      </trkpt>
      <trkpt lat="51.68924094177782535552978515625" lon="5.23423257283866405487060546875">
        <ele>5.400000095367431640625</ele>
        <time>2026-06-08T11:31:47.000Z</time>
        <extensions>
          <ns3:TrackPointExtension>
            <ns3:hr>159</ns3:hr>
          </ns3:TrackPointExtension>
        </extensions>
      </trkpt>
      <trkpt lat="51.68924890458583831787109375" lon="5.23419317789375782012939453125">
        <ele>5.599999904632568359375</ele>
        <time>2026-06-08T11:31:50.000Z</time>
        <extensions>
          <ns3:TrackPointExtension>
            <ns3:hr>156</ns3:hr>
          </ns3:TrackPointExtension>
        </extensions>
      </trkpt>
      <trkpt lat="51.68924949131906032562255859375" lon="5.2340591512620449066162109375">
        <ele>5</ele>
        <time>2026-06-08T11:31:57.000Z</time>
        <extensions>
          <ns3:TrackPointExtension>
            <ns3:hr>157</ns3:hr>
          </ns3:TrackPointExtension>
        </extensions>
      </trkpt>
      <trkpt lat="51.68926022015511989593505859375" lon="5.2338757552206516265869140625">
        <ele>5</ele>
        <time>2026-06-08T11:32:07.000Z</time>
        <extensions>
          <ns3:TrackPointExtension>
            <ns3:hr>155</ns3:hr>
          </ns3:TrackPointExtension>
        </extensions>
      </trkpt>
      <trkpt lat="51.6892946697771549224853515625" lon="5.23372513242065906524658203125">
        <ele>5</ele>
        <time>2026-06-08T11:32:15.000Z</time>
        <extensions>
          <ns3:TrackPointExtension>
            <ns3:hr>153</ns3:hr>
          </ns3:TrackPointExtension>
        </extensions>
      </trkpt>
      <trkpt lat="51.6893020458519458770751953125" lon="5.233580209314823150634765625">
        <ele>5.19999980926513671875</ele>
        <time>2026-06-08T11:32:24.000Z</time>
        <extensions>
          <ns3:TrackPointExtension>
            <ns3:hr>151</ns3:hr>
          </ns3:TrackPointExtension>
        </extensions>
      </trkpt>
      <trkpt lat="51.6893178038299083709716796875" lon="5.233448110520839691162109375">
        <ele>5</ele>
        <time>2026-06-08T11:32:34.000Z</time>
        <extensions>
          <ns3:TrackPointExtension>
            <ns3:hr>151</ns3:hr>
          </ns3:TrackPointExtension>
        </extensions>
      </trkpt>
      <trkpt lat="51.6893473081290721893310546875" lon="5.23329413495957851409912109375">
        <ele>5.19999980926513671875</ele>
        <time>2026-06-08T11:32:44.000Z</time>
        <extensions>
          <ns3:TrackPointExtension>
            <ns3:hr>151</ns3:hr>
          </ns3:TrackPointExtension>
        </extensions>
      </trkpt>
      <trkpt lat="51.68937069363892078399658203125" lon="5.23317695595324039459228515625">
        <ele>5.19999980926513671875</ele>
        <time>2026-06-08T11:32:52.000Z</time>
        <extensions>
          <ns3:TrackPointExtension>
            <ns3:hr>149</ns3:hr>
          </ns3:TrackPointExtension>
        </extensions>
      </trkpt>
      <trkpt lat="51.68938728980720043182373046875" lon="5.2330529876053333282470703125">
        <ele>5.400000095367431640625</ele>
        <time>2026-06-08T11:32:58.000Z</time>
        <extensions>
          <ns3:TrackPointExtension>
            <ns3:hr>147</ns3:hr>
          </ns3:TrackPointExtension>
        </extensions>
      </trkpt>
      <trkpt lat="51.689404137432575225830078125" lon="5.23293404839932918548583984375">
        <ele>5.19999980926513671875</ele>
        <time>2026-06-08T11:33:06.000Z</time>
        <extensions>
          <ns3:TrackPointExtension>
            <ns3:hr>147</ns3:hr>
          </ns3:TrackPointExtension>
        </extensions>
      </trkpt>
      <trkpt lat="51.68942836113274097442626953125" lon="5.23283614777028560638427734375">
        <ele>5.19999980926513671875</ele>
        <time>2026-06-08T11:33:13.000Z</time>
        <extensions>
          <ns3:TrackPointExtension>
            <ns3:hr>145</ns3:hr>
          </ns3:TrackPointExtension>
        </extensions>
      </trkpt>
      <trkpt lat="51.68943724595010280609130859375" lon="5.2326885424554347991943359375">
        <ele>5.400000095367431640625</ele>
        <time>2026-06-08T11:33:21.000Z</time>
        <extensions>
          <ns3:TrackPointExtension>
            <ns3:hr>145</ns3:hr>
          </ns3:TrackPointExtension>
        </extensions>
      </trkpt>
      <trkpt lat="51.68946675024926662445068359375" lon="5.23256666958332061767578125">
        <ele>6</ele>
        <time>2026-06-08T11:33:30.000Z</time>
        <extensions>
          <ns3:TrackPointExtension>
            <ns3:hr>144</ns3:hr>
          </ns3:TrackPointExtension>
        </extensions>
      </trkpt>
      <trkpt lat="51.68946926482021808624267578125" lon="5.2325356565415859222412109375">
        <ele>6</ele>
        <time>2026-06-08T11:33:32.000Z</time>
        <extensions>
          <ns3:TrackPointExtension>
            <ns3:hr>144</ns3:hr>
          </ns3:TrackPointExtension>
        </extensions>
      </trkpt>
      <trkpt lat="51.68947462923824787139892578125" lon="5.232337005436420440673828125">
        <ele>5.599999904632568359375</ele>
        <time>2026-06-08T11:33:43.000Z</time>
        <extensions>
          <ns3:TrackPointExtension>
            <ns3:hr>145</ns3:hr>
          </ns3:TrackPointExtension>
        </extensions>
      </trkpt>
      <trkpt lat="51.6895052231848239898681640625" lon="5.23222711868584156036376953125">
        <ele>5.400000095367431640625</ele>
        <time>2026-06-08T11:33:51.000Z</time>
        <extensions>
          <ns3:TrackPointExtension>
            <ns3:hr>146</ns3:hr>
          </ns3:TrackPointExtension>
        </extensions>
      </trkpt>
      <trkpt lat="51.6895164549350738525390625" lon="5.23205663077533245086669921875">
        <ele>5.400000095367431640625</ele>
        <time>2026-06-08T11:33:59.000Z</time>
        <extensions>
          <ns3:TrackPointExtension>
            <ns3:hr>145</ns3:hr>
          </ns3:TrackPointExtension>
        </extensions>
      </trkpt>
      <trkpt lat="51.68954260647296905517578125" lon="5.231926627457141876220703125">
        <ele>5.599999904632568359375</ele>
        <time>2026-06-08T11:34:08.000Z</time>
        <extensions>
          <ns3:TrackPointExtension>
            <ns3:hr>145</ns3:hr>
          </ns3:TrackPointExtension>
        </extensions>
      </trkpt>
      <trkpt lat="51.6895585320889949798583984375" lon="5.23181833326816558837890625">
        <ele>5.599999904632568359375</ele>
        <time>2026-06-08T11:34:14.000Z</time>
        <extensions>
          <ns3:TrackPointExtension>
            <ns3:hr>148</ns3:hr>
          </ns3:TrackPointExtension>
        </extensions>
      </trkpt>
      <trkpt lat="51.6895593702793121337890625" lon="5.23178203962743282318115234375">
        <ele>5.599999904632568359375</ele>
        <time>2026-06-08T11:34:16.000Z</time>
        <extensions>
          <ns3:TrackPointExtension>
            <ns3:hr>150</ns3:hr>
          </ns3:TrackPointExtension>
        </extensions>
      </trkpt>
      <trkpt lat="51.6895618848502635955810546875" lon="5.23174683563411235809326171875">
        <ele>5.599999904632568359375</ele>
        <time>2026-06-08T11:34:18.000Z</time>
        <extensions>
          <ns3:TrackPointExtension>
            <ns3:hr>154</ns3:hr>
          </ns3:TrackPointExtension>
        </extensions>
      </trkpt>
      <trkpt lat="51.68956833891570568084716796875" lon="5.2316582389175891876220703125">
        <ele>5.599999904632568359375</ele>
        <time>2026-06-08T11:34:23.000Z</time>
        <extensions>
          <ns3:TrackPointExtension>
            <ns3:hr>157</ns3:hr>
          </ns3:TrackPointExtension>
        </extensions>
      </trkpt>
      <trkpt lat="51.68956867419183254241943359375" lon="5.231620185077190399169921875">
        <ele>5.599999904632568359375</ele>
        <time>2026-06-08T11:34:25.000Z</time>
        <extensions>
          <ns3:TrackPointExtension>
            <ns3:hr>154</ns3:hr>
          </ns3:TrackPointExtension>
        </extensions>
      </trkpt>
      <trkpt lat="51.68957076966762542724609375" lon="5.23158975876867771148681640625">
        <ele>5.599999904632568359375</ele>
        <time>2026-06-08T11:34:27.000Z</time>
        <extensions>
          <ns3:TrackPointExtension>
            <ns3:hr>154</ns3:hr>
          </ns3:TrackPointExtension>
        </extensions>
      </trkpt>
      <trkpt lat="51.689592562615871429443359375" lon="5.23146092891693115234375">
        <ele>6</ele>
        <time>2026-06-08T11:34:34.000Z</time>
        <extensions>
          <ns3:TrackPointExtension>
            <ns3:hr>152</ns3:hr>
          </ns3:TrackPointExtension>
        </extensions>
      </trkpt>
      <trkpt lat="51.6896141879260540008544921875" lon="5.23131198249757289886474609375">
        <ele>5.80000019073486328125</ele>
        <time>2026-06-08T11:34:43.000Z</time>
        <extensions>
          <ns3:TrackPointExtension>
            <ns3:hr>152</ns3:hr>
          </ns3:TrackPointExtension>
        </extensions>
      </trkpt>
      <trkpt lat="51.68963774107396602630615234375" lon="5.2311191149055957794189453125">
        <ele>5.80000019073486328125</ele>
        <time>2026-06-08T11:34:54.000Z</time>
        <extensions>
          <ns3:TrackPointExtension>
            <ns3:hr>151</ns3:hr>
          </ns3:TrackPointExtension>
        </extensions>
      </trkpt>
      <trkpt lat="51.689650900661945343017578125" lon="5.23094485513865947723388671875">
        <ele>5.599999904632568359375</ele>
        <time>2026-06-08T11:35:04.000Z</time>
        <extensions>
          <ns3:TrackPointExtension>
            <ns3:hr>149</ns3:hr>
          </ns3:TrackPointExtension>
        </extensions>
      </trkpt>
      <trkpt lat="51.68968350626528263092041015625" lon="5.23078576661646366119384765625">
        <ele>5.599999904632568359375</ele>
        <time>2026-06-08T11:35:13.000Z</time>
        <extensions>
          <ns3:TrackPointExtension>
            <ns3:hr>149</ns3:hr>
          </ns3:TrackPointExtension>
        </extensions>
      </trkpt>
      <trkpt lat="51.689689122140407562255859375" lon="5.23062475025653839111328125">
        <ele>5.599999904632568359375</ele>
        <time>2026-06-08T11:35:22.000Z</time>
        <extensions>
          <ns3:TrackPointExtension>
            <ns3:hr>149</ns3:hr>
          </ns3:TrackPointExtension>
        </extensions>
      </trkpt>
      <trkpt lat="51.68973212130367755889892578125" lon="5.2304685115814208984375">
        <ele>5.599999904632568359375</ele>
        <time>2026-06-08T11:35:31.000Z</time>
        <extensions>
          <ns3:TrackPointExtension>
            <ns3:hr>149</ns3:hr>
          </ns3:TrackPointExtension>
        </extensions>
      </trkpt>
      <trkpt lat="51.68976766057312488555908203125" lon="5.23034521378576755523681640625">
        <ele>5.599999904632568359375</ele>
        <time>2026-06-08T11:35:40.000Z</time>
        <extensions>
          <ns3:TrackPointExtension>
            <ns3:hr>148</ns3:hr>
          </ns3:TrackPointExtension>
        </extensions>
      </trkpt>
      <trkpt lat="51.6897811554372310638427734375" lon="5.2301820181310176849365234375">
        <ele>5.599999904632568359375</ele>
        <time>2026-06-08T11:35:49.000Z</time>
        <extensions>
          <ns3:TrackPointExtension>
            <ns3:hr>149</ns3:hr>
          </ns3:TrackPointExtension>
        </extensions>
      </trkpt>
      <trkpt lat="51.6898007690906524658203125" lon="5.2300100214779376983642578125">
        <ele>5.599999904632568359375</ele>
        <time>2026-06-08T11:35:58.000Z</time>
        <extensions>
          <ns3:TrackPointExtension>
            <ns3:hr>150</ns3:hr>
          </ns3:TrackPointExtension>
        </extensions>
      </trkpt>
      <trkpt lat="51.6898086480796337127685546875" lon="5.22988655604422092437744140625">
        <ele>5.599999904632568359375</ele>
        <time>2026-06-08T11:36:06.000Z</time>
        <extensions>
          <ns3:TrackPointExtension>
            <ns3:hr>150</ns3:hr>
          </ns3:TrackPointExtension>
        </extensions>
      </trkpt>
      <trkpt lat="51.68983086012303829193115234375" lon="5.229715816676616668701171875">
        <ele>6</ele>
        <time>2026-06-08T11:36:15.000Z</time>
        <extensions>
          <ns3:TrackPointExtension>
            <ns3:hr>149</ns3:hr>
          </ns3:TrackPointExtension>
        </extensions>
      </trkpt>
      <trkpt lat="51.689857430756092071533203125" lon="5.22961984388530254364013671875">
        <ele>6</ele>
        <time>2026-06-08T11:36:21.000Z</time>
        <extensions>
          <ns3:TrackPointExtension>
            <ns3:hr>146</ns3:hr>
          </ns3:TrackPointExtension>
        </extensions>
      </trkpt>
      <trkpt lat="51.68985776603221893310546875" lon="5.22958807647228240966796875">
        <ele>5.80000019073486328125</ele>
        <time>2026-06-08T11:36:23.000Z</time>
        <extensions>
          <ns3:TrackPointExtension>
            <ns3:hr>146</ns3:hr>
          </ns3:TrackPointExtension>
        </extensions>
      </trkpt>
      <trkpt lat="51.68986170552670955657958984375" lon="5.2294452488422393798828125">
        <ele>5.400000095367431640625</ele>
        <time>2026-06-08T11:36:31.000Z</time>
        <extensions>
          <ns3:TrackPointExtension>
            <ns3:hr>147</ns3:hr>
          </ns3:TrackPointExtension>
        </extensions>
      </trkpt>
      <trkpt lat="51.689899004995822906494140625" lon="5.229225642979145050048828125">
        <ele>5.80000019073486328125</ele>
        <time>2026-06-08T11:36:43.000Z</time>
        <extensions>
          <ns3:TrackPointExtension>
            <ns3:hr>149</ns3:hr>
          </ns3:TrackPointExtension>
        </extensions>
      </trkpt>
      <trkpt lat="51.68990629725158214569091796875" lon="5.2291936241090297698974609375">
        <ele>5.80000019073486328125</ele>
        <time>2026-06-08T11:36:45.000Z</time>
        <extensions>
          <ns3:TrackPointExtension>
            <ns3:hr>152</ns3:hr>
          </ns3:TrackPointExtension>
        </extensions>
      </trkpt>
      <trkpt lat="51.68992792256176471710205078125" lon="5.22903914563357830047607421875">
        <ele>5.400000095367431640625</ele>
        <time>2026-06-08T11:36:53.000Z</time>
        <extensions>
          <ns3:TrackPointExtension>
            <ns3:hr>150</ns3:hr>
          </ns3:TrackPointExtension>
        </extensions>
      </trkpt>
      <trkpt lat="51.68995893560349941253662109375" lon="5.2288932166993618011474609375">
        <ele>5.400000095367431640625</ele>
        <time>2026-06-08T11:37:01.000Z</time>
        <extensions>
          <ns3:TrackPointExtension>
            <ns3:hr>152</ns3:hr>
          </ns3:TrackPointExtension>
        </extensions>
      </trkpt>
      <trkpt lat="51.68996513821184635162353515625" lon="5.22875365801155567169189453125">
        <ele>5.400000095367431640625</ele>
        <time>2026-06-08T11:37:09.000Z</time>
        <extensions>
          <ns3:TrackPointExtension>
            <ns3:hr>151</ns3:hr>
          </ns3:TrackPointExtension>
        </extensions>
      </trkpt>
      <trkpt lat="51.68997184373438358306884765625" lon="5.22855970077216625213623046875">
        <ele>5.400000095367431640625</ele>
        <time>2026-06-08T11:37:20.000Z</time>
        <extensions>
          <ns3:TrackPointExtension>
            <ns3:hr>150</ns3:hr>
          </ns3:TrackPointExtension>
        </extensions>
      </trkpt>
      <trkpt lat="51.68999053537845611572265625" lon="5.228389464318752288818359375">
        <ele>5.400000095367431640625</ele>
        <time>2026-06-08T11:37:29.000Z</time>
        <extensions>
          <ns3:TrackPointExtension>
            <ns3:hr>150</ns3:hr>
          </ns3:TrackPointExtension>
        </extensions>
      </trkpt>
      <trkpt lat="51.6900151781737804412841796875" lon="5.22823783569037914276123046875">
        <ele>5.400000095367431640625</ele>
        <time>2026-06-08T11:37:39.000Z</time>
        <extensions>
          <ns3:TrackPointExtension>
            <ns3:hr>149</ns3:hr>
          </ns3:TrackPointExtension>
        </extensions>
      </trkpt>
      <trkpt lat="51.69003638438880443572998046875" lon="5.22807572968304157257080078125">
        <ele>5.400000095367431640625</ele>
        <time>2026-06-08T11:37:48.000Z</time>
        <extensions>
          <ns3:TrackPointExtension>
            <ns3:hr>149</ns3:hr>
          </ns3:TrackPointExtension>
        </extensions>
      </trkpt>
      <trkpt lat="51.69004996307194232940673828125" lon="5.2279718779027462005615234375">
        <ele>5.80000019073486328125</ele>
        <time>2026-06-08T11:37:54.000Z</time>
        <extensions>
          <ns3:TrackPointExtension>
            <ns3:hr>152</ns3:hr>
          </ns3:TrackPointExtension>
        </extensions>
      </trkpt>
      <trkpt lat="51.69005214236676692962646484375" lon="5.22793021984398365020751953125">
        <ele>5.599999904632568359375</ele>
        <time>2026-06-08T11:37:56.000Z</time>
        <extensions>
          <ns3:TrackPointExtension>
            <ns3:hr>151</ns3:hr>
          </ns3:TrackPointExtension>
        </extensions>
      </trkpt>
      <trkpt lat="51.6900557465851306915283203125" lon="5.22788831032812595367431640625">
        <ele>5.19999980926513671875</ele>
        <time>2026-06-08T11:37:58.000Z</time>
        <extensions>
          <ns3:TrackPointExtension>
            <ns3:hr>152</ns3:hr>
          </ns3:TrackPointExtension>
        </extensions>
      </trkpt>
      <trkpt lat="51.69006354175508022308349609375" lon="5.22780331782996654510498046875">
        <ele>5.400000095367431640625</ele>
        <time>2026-06-08T11:38:03.000Z</time>
        <extensions>
          <ns3:TrackPointExtension>
            <ns3:hr>151</ns3:hr>
          </ns3:TrackPointExtension>
        </extensions>
      </trkpt>
      <trkpt lat="51.69007427059113979339599609375" lon="5.22769368253648281097412109375">
        <ele>5.19999980926513671875</ele>
        <time>2026-06-08T11:38:11.000Z</time>
        <extensions>
          <ns3:TrackPointExtension>
            <ns3:hr>149</ns3:hr>
          </ns3:TrackPointExtension>
        </extensions>
      </trkpt>
      <trkpt lat="51.690101511776447296142578125" lon="5.2275363542139530181884765625">
        <ele>5.599999904632568359375</ele>
        <time>2026-06-08T11:38:20.000Z</time>
        <extensions>
          <ns3:TrackPointExtension>
            <ns3:hr>149</ns3:hr>
          </ns3:TrackPointExtension>
        </extensions>
      </trkpt>
      <trkpt lat="51.69012187980115413665771484375" lon="5.2273603342473506927490234375">
        <ele>5.400000095367431640625</ele>
        <time>2026-06-08T11:38:31.000Z</time>
        <extensions>
          <ns3:TrackPointExtension>
            <ns3:hr>149</ns3:hr>
          </ns3:TrackPointExtension>
        </extensions>
      </trkpt>
      <trkpt lat="51.69016228057444095611572265625" lon="5.2271963842213153839111328125">
        <ele>5.19999980926513671875</ele>
        <time>2026-06-08T11:38:40.000Z</time>
        <extensions>
          <ns3:TrackPointExtension>
            <ns3:hr>147</ns3:hr>
          </ns3:TrackPointExtension>
        </extensions>
      </trkpt>
      <trkpt lat="51.69017560780048370361328125" lon="5.22707627154886722564697265625">
        <ele>5.400000095367431640625</ele>
        <time>2026-06-08T11:38:48.000Z</time>
        <extensions>
          <ns3:TrackPointExtension>
            <ns3:hr>148</ns3:hr>
          </ns3:TrackPointExtension>
        </extensions>
      </trkpt>
      <trkpt lat="51.69018977321684360504150390625" lon="5.22692020051181316375732421875">
        <ele>5.400000095367431640625</ele>
        <time>2026-06-08T11:38:55.000Z</time>
        <extensions>
          <ns3:TrackPointExtension>
            <ns3:hr>148</ns3:hr>
          </ns3:TrackPointExtension>
        </extensions>
      </trkpt>
      <trkpt lat="51.690186671912670135498046875" lon="5.2268614433705806732177734375">
        <ele>5.599999904632568359375</ele>
        <time>2026-06-08T11:39:03.000Z</time>
        <extensions>
          <ns3:TrackPointExtension>
            <ns3:hr>149</ns3:hr>
          </ns3:TrackPointExtension>
        </extensions>
      </trkpt>
      <trkpt lat="51.69020184315741062164306640625" lon="5.22684191353619098663330078125">
        <ele>6</ele>
        <time>2026-06-08T11:39:08.000Z</time>
        <extensions>
          <ns3:TrackPointExtension>
            <ns3:hr>149</ns3:hr>
          </ns3:TrackPointExtension>
        </extensions>
      </trkpt>
      <trkpt lat="51.690217517316341400146484375" lon="5.22680285386741161346435546875">
        <ele>5.400000095367431640625</ele>
        <time>2026-06-08T11:39:11.000Z</time>
        <extensions>
          <ns3:TrackPointExtension>
            <ns3:hr>149</ns3:hr>
          </ns3:TrackPointExtension>
        </extensions>
      </trkpt>
      <trkpt lat="51.69024425558745861053466796875" lon="5.2267229743301868438720703125">
        <ele>5.599999904632568359375</ele>
        <time>2026-06-08T11:39:16.000Z</time>
        <extensions>
          <ns3:TrackPointExtension>
            <ns3:hr>152</ns3:hr>
          </ns3:TrackPointExtension>
        </extensions>
      </trkpt>
      <trkpt lat="51.690247692167758941650390625" lon="5.2266961522400379180908203125">
        <ele>5.400000095367431640625</ele>
        <time>2026-06-08T11:39:18.000Z</time>
        <extensions>
          <ns3:TrackPointExtension>
            <ns3:hr>152</ns3:hr>
          </ns3:TrackPointExtension>
        </extensions>
      </trkpt>
      <trkpt lat="51.69019572436809539794921875" lon="5.22663270123302936553955078125">
        <ele>5</ele>
        <time>2026-06-08T11:39:25.000Z</time>
        <extensions>
          <ns3:TrackPointExtension>
            <ns3:hr>149</ns3:hr>
          </ns3:TrackPointExtension>
        </extensions>
      </trkpt>
      <trkpt lat="51.6901868395507335662841796875" lon="5.2266223914921283721923828125">
        <ele>4.80000019073486328125</ele>
        <time>2026-06-08T11:39:26.000Z</time>
        <extensions>
          <ns3:TrackPointExtension>
            <ns3:hr>149</ns3:hr>
          </ns3:TrackPointExtension>
        </extensions>
      </trkpt>
      <trkpt lat="51.69015456922352313995361328125" lon="5.22655156441032886505126953125">
        <ele>3.7999999523162841796875</ele>
        <time>2026-06-08T11:39:33.000Z</time>
        <extensions>
          <ns3:TrackPointExtension>
            <ns3:hr>149</ns3:hr>
          </ns3:TrackPointExtension>
        </extensions>
      </trkpt>
      <trkpt lat="51.69015373103320598602294921875" lon="5.22654376924037933349609375">
        <ele>3.599999904632568359375</ele>
        <time>2026-06-08T11:39:34.000Z</time>
        <extensions>
          <ns3:TrackPointExtension>
            <ns3:hr>149</ns3:hr>
          </ns3:TrackPointExtension>
        </extensions>
      </trkpt>
      <trkpt lat="51.69016311876475811004638671875" lon="5.22651518695056438446044921875">
        <ele>2.7999999523162841796875</ele>
        <time>2026-06-08T11:39:40.000Z</time>
        <extensions>
          <ns3:TrackPointExtension>
            <ns3:hr>151</ns3:hr>
          </ns3:TrackPointExtension>
        </extensions>
      </trkpt>
      <trkpt lat="51.69016211293637752532958984375" lon="5.2264822460711002349853515625">
        <ele>2.599999904632568359375</ele>
        <time>2026-06-08T11:39:42.000Z</time>
        <extensions>
          <ns3:TrackPointExtension>
            <ns3:hr>151</ns3:hr>
          </ns3:TrackPointExtension>
        </extensions>
      </trkpt>
      <trkpt lat="51.6901838220655918121337890625" lon="5.2263749577105045318603515625">
        <ele>2.400000095367431640625</ele>
        <time>2026-06-08T11:39:50.000Z</time>
        <extensions>
          <ns3:TrackPointExtension>
            <ns3:hr>150</ns3:hr>
          </ns3:TrackPointExtension>
        </extensions>
      </trkpt>
      <trkpt lat="51.6901896893978118896484375" lon="5.2263016998767852783203125">
        <ele>2</ele>
        <time>2026-06-08T11:39:56.000Z</time>
        <extensions>
          <ns3:TrackPointExtension>
            <ns3:hr>149</ns3:hr>
          </ns3:TrackPointExtension>
        </extensions>
      </trkpt>
      <trkpt lat="51.6901995800435543060302734375" lon="5.22621109150350093841552734375">
        <ele>1.60000002384185791015625</ele>
        <time>2026-06-08T11:40:02.000Z</time>
        <extensions>
          <ns3:TrackPointExtension>
            <ns3:hr>149</ns3:hr>
          </ns3:TrackPointExtension>
        </extensions>
      </trkpt>
      <trkpt lat="51.69020234607160091400146484375" lon="5.22618678398430347442626953125">
        <ele>1.39999997615814208984375</ele>
        <time>2026-06-08T11:40:03.000Z</time>
        <extensions>
          <ns3:TrackPointExtension>
            <ns3:hr>148</ns3:hr>
          </ns3:TrackPointExtension>
        </extensions>
      </trkpt>
      <trkpt lat="51.69023000635206699371337890625" lon="5.22613498382270336151123046875">
        <ele>2</ele>
        <time>2026-06-08T11:40:09.000Z</time>
        <extensions>
          <ns3:TrackPointExtension>
            <ns3:hr>150</ns3:hr>
          </ns3:TrackPointExtension>
        </extensions>
      </trkpt>
      <trkpt lat="51.6902378015220165252685546875" lon="5.226145125925540924072265625">
        <ele>2</ele>
        <time>2026-06-08T11:40:10.000Z</time>
        <extensions>
          <ns3:TrackPointExtension>
            <ns3:hr>151</ns3:hr>
          </ns3:TrackPointExtension>
        </extensions>
      </trkpt>
      <trkpt lat="51.6903152503073215484619140625" lon="5.226163566112518310546875">
        <ele>2.2000000476837158203125</ele>
        <time>2026-06-08T11:40:15.000Z</time>
        <extensions>
          <ns3:TrackPointExtension>
            <ns3:hr>151</ns3:hr>
          </ns3:TrackPointExtension>
        </extensions>
      </trkpt>
      <trkpt lat="51.690373755991458892822265625" lon="5.2261761389672756195068359375">
        <ele>2.2000000476837158203125</ele>
        <time>2026-06-08T11:40:21.000Z</time>
        <extensions>
          <ns3:TrackPointExtension>
            <ns3:hr>152</ns3:hr>
          </ns3:TrackPointExtension>
        </extensions>
      </trkpt>
      <trkpt lat="51.69041432440280914306640625" lon="5.22619239985942840576171875">
        <ele>2.599999904632568359375</ele>
        <time>2026-06-08T11:40:25.000Z</time>
        <extensions>
          <ns3:TrackPointExtension>
            <ns3:hr>151</ns3:hr>
          </ns3:TrackPointExtension>
        </extensions>
      </trkpt>
      <trkpt lat="51.69045849703252315521240234375" lon="5.22621209733188152313232421875">
        <ele>2.7999999523162841796875</ele>
        <time>2026-06-08T11:40:30.000Z</time>
        <extensions>
          <ns3:TrackPointExtension>
            <ns3:hr>152</ns3:hr>
          </ns3:TrackPointExtension>
        </extensions>
      </trkpt>
      <trkpt lat="51.69055975042283535003662109375" lon="5.22626976482570171356201171875">
        <ele>2</ele>
        <time>2026-06-08T11:40:38.000Z</time>
        <extensions>
          <ns3:TrackPointExtension>
            <ns3:hr>152</ns3:hr>
          </ns3:TrackPointExtension>
        </extensions>
      </trkpt>
      <trkpt lat="51.690625883638858795166015625" lon="5.22632759995758533477783203125">
        <ele>2</ele>
        <time>2026-06-08T11:40:44.000Z</time>
        <extensions>
          <ns3:TrackPointExtension>
            <ns3:hr>153</ns3:hr>
          </ns3:TrackPointExtension>
        </extensions>
      </trkpt>
      <trkpt lat="51.69065295718610286712646484375" lon="5.22636028937995433807373046875">
        <ele>1.60000002384185791015625</ele>
        <time>2026-06-08T11:40:47.000Z</time>
        <extensions>
          <ns3:TrackPointExtension>
            <ns3:hr>153</ns3:hr>
          </ns3:TrackPointExtension>
        </extensions>
      </trkpt>
      <trkpt lat="51.6907035000622272491455078125" lon="5.22641510702669620513916015625">
        <ele>1.39999997615814208984375</ele>
        <time>2026-06-08T11:40:52.000Z</time>
        <extensions>
          <ns3:TrackPointExtension>
            <ns3:hr>153</ns3:hr>
          </ns3:TrackPointExtension>
        </extensions>
      </trkpt>
      <trkpt lat="51.69079251587390899658203125" lon="5.22650353610515594482421875">
        <ele>1.39999997615814208984375</ele>
        <time>2026-06-08T11:41:01.000Z</time>
        <extensions>
          <ns3:TrackPointExtension>
            <ns3:hr>153</ns3:hr>
          </ns3:TrackPointExtension>
        </extensions>
      </trkpt>
      <trkpt lat="51.69082344509661197662353515625" lon="5.22653865627944469451904296875">
        <ele>1.39999997615814208984375</ele>
        <time>2026-06-08T11:41:04.000Z</time>
        <extensions>
          <ns3:TrackPointExtension>
            <ns3:hr>150</ns3:hr>
          </ns3:TrackPointExtension>
        </extensions>
      </trkpt>
      <trkpt lat="51.69086602516472339630126953125" lon="5.22661241702735424041748046875">
        <ele>1.7999999523162841796875</ele>
        <time>2026-06-08T11:41:09.000Z</time>
        <extensions>
          <ns3:TrackPointExtension>
            <ns3:hr>151</ns3:hr>
          </ns3:TrackPointExtension>
        </extensions>
      </trkpt>
      <trkpt lat="51.6909244470298290252685546875" lon="5.22670528851449489593505859375">
        <ele>1.7999999523162841796875</ele>
        <time>2026-06-08T11:41:16.000Z</time>
        <extensions>
          <ns3:TrackPointExtension>
            <ns3:hr>152</ns3:hr>
          </ns3:TrackPointExtension>
        </extensions>
      </trkpt>
      <trkpt lat="51.69097222387790679931640625" lon="5.2268086373805999755859375">
        <ele>1.60000002384185791015625</ele>
        <time>2026-06-08T11:41:25.000Z</time>
        <extensions>
          <ns3:TrackPointExtension>
            <ns3:hr>152</ns3:hr>
          </ns3:TrackPointExtension>
        </extensions>
      </trkpt>
      <trkpt lat="51.691015474498271942138671875" lon="5.22691181860864162445068359375">
        <ele>1.2000000476837158203125</ele>
        <time>2026-06-08T11:41:31.000Z</time>
        <extensions>
          <ns3:TrackPointExtension>
            <ns3:hr>152</ns3:hr>
          </ns3:TrackPointExtension>
        </extensions>
      </trkpt>
      <trkpt lat="51.69104757718741893768310546875" lon="5.2269990742206573486328125">
        <ele>1.7999999523162841796875</ele>
        <time>2026-06-08T11:41:37.000Z</time>
        <extensions>
          <ns3:TrackPointExtension>
            <ns3:hr>152</ns3:hr>
          </ns3:TrackPointExtension>
        </extensions>
      </trkpt>
      <trkpt lat="51.6910890676081180572509765625" lon="5.22711499594151973724365234375">
        <ele>1.39999997615814208984375</ele>
        <time>2026-06-08T11:41:44.000Z</time>
        <extensions>
          <ns3:TrackPointExtension>
            <ns3:hr>154</ns3:hr>
          </ns3:TrackPointExtension>
        </extensions>
      </trkpt>
      <trkpt lat="51.6911179013550281524658203125" lon="5.227225720882415771484375">
        <ele>1.2000000476837158203125</ele>
        <time>2026-06-08T11:41:50.000Z</time>
        <extensions>
          <ns3:TrackPointExtension>
            <ns3:hr>154</ns3:hr>
          </ns3:TrackPointExtension>
        </extensions>
      </trkpt>
      <trkpt lat="51.691136844456195831298828125" lon="5.22732471115887165069580078125">
        <ele>1.39999997615814208984375</ele>
        <time>2026-06-08T11:41:57.000Z</time>
        <extensions>
          <ns3:TrackPointExtension>
            <ns3:hr>154</ns3:hr>
          </ns3:TrackPointExtension>
        </extensions>
      </trkpt>
      <trkpt lat="51.69116676785051822662353515625" lon="5.22745429538190364837646484375">
        <ele>1.2000000476837158203125</ele>
        <time>2026-06-08T11:42:04.000Z</time>
        <extensions>
          <ns3:TrackPointExtension>
            <ns3:hr>153</ns3:hr>
          </ns3:TrackPointExtension>
        </extensions>
      </trkpt>
      <trkpt lat="51.691175736486911773681640625" lon="5.22753191180527210235595703125">
        <ele>1.39999997615814208984375</ele>
        <time>2026-06-08T11:42:10.000Z</time>
        <extensions>
          <ns3:TrackPointExtension>
            <ns3:hr>153</ns3:hr>
          </ns3:TrackPointExtension>
        </extensions>
      </trkpt>
      <trkpt lat="51.691207587718963623046875" lon="5.22761799395084381103515625">
        <ele>1.60000002384185791015625</ele>
        <time>2026-06-08T11:42:16.000Z</time>
        <extensions>
          <ns3:TrackPointExtension>
            <ns3:hr>153</ns3:hr>
          </ns3:TrackPointExtension>
        </extensions>
      </trkpt>
      <trkpt lat="51.69124287553131580352783203125" lon="5.2277425490319728851318359375">
        <ele>2</ele>
        <time>2026-06-08T11:42:25.000Z</time>
        <extensions>
          <ns3:TrackPointExtension>
            <ns3:hr>155</ns3:hr>
          </ns3:TrackPointExtension>
        </extensions>
      </trkpt>
      <trkpt lat="51.69130389578640460968017578125" lon="5.227818824350833892822265625">
        <ele>2.599999904632568359375</ele>
        <time>2026-06-08T11:42:34.000Z</time>
        <extensions>
          <ns3:TrackPointExtension>
            <ns3:hr>155</ns3:hr>
          </ns3:TrackPointExtension>
        </extensions>
      </trkpt>
      <trkpt lat="51.69133675284683704376220703125" lon="5.22781572304666042327880859375">
        <ele>3.7999999523162841796875</ele>
        <time>2026-06-08T11:42:38.000Z</time>
        <extensions>
          <ns3:TrackPointExtension>
            <ns3:hr>156</ns3:hr>
          </ns3:TrackPointExtension>
        </extensions>
      </trkpt>
      <trkpt lat="51.6913448832929134368896484375" lon="5.22778655402362346649169921875">
        <ele>4</ele>
        <time>2026-06-08T11:42:41.000Z</time>
        <extensions>
          <ns3:TrackPointExtension>
            <ns3:hr>158</ns3:hr>
          </ns3:TrackPointExtension>
        </extensions>
      </trkpt>
      <trkpt lat="51.691348068416118621826171875" lon="5.2277777530252933502197265625">
        <ele>4</ele>
        <time>2026-06-08T11:42:42.000Z</time>
        <extensions>
          <ns3:TrackPointExtension>
            <ns3:hr>159</ns3:hr>
          </ns3:TrackPointExtension>
        </extensions>
      </trkpt>
      <trkpt lat="51.69133993797004222869873046875" lon="5.22768915630877017974853515625">
        <ele>4</ele>
        <time>2026-06-08T11:42:48.000Z</time>
        <extensions>
          <ns3:TrackPointExtension>
            <ns3:hr>162</ns3:hr>
          </ns3:TrackPointExtension>
        </extensions>
      </trkpt>
      <trkpt lat="51.69132585637271404266357421875" lon="5.227542221546173095703125">
        <ele>4.19999980926513671875</ele>
        <time>2026-06-08T11:42:56.000Z</time>
        <extensions>
          <ns3:TrackPointExtension>
            <ns3:hr>165</ns3:hr>
          </ns3:TrackPointExtension>
        </extensions>
      </trkpt>
      <trkpt lat="51.6913572885096073150634765625" lon="5.227306187152862548828125">
        <ele>4.400000095367431640625</ele>
        <time>2026-06-08T11:43:09.000Z</time>
        <extensions>
          <ns3:TrackPointExtension>
            <ns3:hr>166</ns3:hr>
          </ns3:TrackPointExtension>
        </extensions>
      </trkpt>
      <trkpt lat="51.691362150013446807861328125" lon="5.22718355990946292877197265625">
        <ele>4.400000095367431640625</ele>
        <time>2026-06-08T11:43:17.000Z</time>
        <extensions>
          <ns3:TrackPointExtension>
            <ns3:hr>168</ns3:hr>
          </ns3:TrackPointExtension>
        </extensions>
      </trkpt>
      <trkpt lat="51.69136877171695232391357421875" lon="5.22711315192282199859619140625">
        <ele>5</ele>
        <time>2026-06-08T11:43:21.000Z</time>
        <extensions>
          <ns3:TrackPointExtension>
            <ns3:hr>168</ns3:hr>
          </ns3:TrackPointExtension>
        </extensions>
      </trkpt>
      <trkpt lat="51.691386289894580841064453125" lon="5.227036289870738983154296875">
        <ele>4.80000019073486328125</ele>
        <time>2026-06-08T11:43:26.000Z</time>
        <extensions>
          <ns3:TrackPointExtension>
            <ns3:hr>165</ns3:hr>
          </ns3:TrackPointExtension>
        </extensions>
      </trkpt>
      <trkpt lat="51.691435240209102630615234375" lon="5.22691735066473484039306640625">
        <ele>4.80000019073486328125</ele>
        <time>2026-06-08T11:43:34.000Z</time>
        <extensions>
          <ns3:TrackPointExtension>
            <ns3:hr>163</ns3:hr>
          </ns3:TrackPointExtension>
        </extensions>
      </trkpt>
      <trkpt lat="51.69149785302579402923583984375" lon="5.22677846252918243408203125">
        <ele>4.80000019073486328125</ele>
        <time>2026-06-08T11:43:43.000Z</time>
        <extensions>
          <ns3:TrackPointExtension>
            <ns3:hr>162</ns3:hr>
          </ns3:TrackPointExtension>
        </extensions>
      </trkpt>
      <trkpt lat="51.6915229149162769317626953125" lon="5.2267075516283512115478515625">
        <ele>4.80000019073486328125</ele>
        <time>2026-06-08T11:43:48.000Z</time>
        <extensions>
          <ns3:TrackPointExtension>
            <ns3:hr>168</ns3:hr>
          </ns3:TrackPointExtension>
        </extensions>
      </trkpt>
      <trkpt lat="51.69152853079140186309814453125" lon="5.226696319878101348876953125">
        <ele>4.80000019073486328125</ele>
        <time>2026-06-08T11:43:49.000Z</time>
        <extensions>
          <ns3:TrackPointExtension>
            <ns3:hr>172</ns3:hr>
          </ns3:TrackPointExtension>
        </extensions>
      </trkpt>
      <trkpt lat="51.69153272174298763275146484375" lon="5.2266857586801052093505859375">
        <ele>4.80000019073486328125</ele>
        <time>2026-06-08T11:43:50.000Z</time>
        <extensions>
          <ns3:TrackPointExtension>
            <ns3:hr>172</ns3:hr>
          </ns3:TrackPointExtension>
        </extensions>
      </trkpt>
      <trkpt lat="51.69154713861644268035888671875" lon="5.2266503870487213134765625">
        <ele>5</ele>
        <time>2026-06-08T11:43:53.000Z</time>
        <extensions>
          <ns3:TrackPointExtension>
            <ns3:hr>173</ns3:hr>
          </ns3:TrackPointExtension>
        </extensions>
      </trkpt>
      <trkpt lat="51.6915675066411495208740234375" lon="5.22660017944872379302978515625">
        <ele>5.599999904632568359375</ele>
        <time>2026-06-08T11:43:56.000Z</time>
        <extensions>
          <ns3:TrackPointExtension>
            <ns3:hr>170</ns3:hr>
          </ns3:TrackPointExtension>
        </extensions>
      </trkpt>
      <trkpt lat="51.6916124336421489715576171875" lon="5.22652843035757541656494140625">
        <ele>5.19999980926513671875</ele>
        <time>2026-06-08T11:44:01.000Z</time>
        <extensions>
          <ns3:TrackPointExtension>
            <ns3:hr>168</ns3:hr>
          </ns3:TrackPointExtension>
        </extensions>
      </trkpt>
      <trkpt lat="51.6916600428521633148193359375" lon="5.22646757774055004119873046875">
        <ele>5.599999904632568359375</ele>
        <time>2026-06-08T11:44:06.000Z</time>
        <extensions>
          <ns3:TrackPointExtension>
            <ns3:hr>171</ns3:hr>
          </ns3:TrackPointExtension>
        </extensions>
      </trkpt>
      <trkpt lat="51.6916895471513271331787109375" lon="5.22642885334789752960205078125">
        <ele>5.80000019073486328125</ele>
        <time>2026-06-08T11:44:09.000Z</time>
        <extensions>
          <ns3:TrackPointExtension>
            <ns3:hr>172</ns3:hr>
          </ns3:TrackPointExtension>
        </extensions>
      </trkpt>
      <trkpt lat="51.69169700704514980316162109375" lon="5.22641661576926708221435546875">
        <ele>6</ele>
        <time>2026-06-08T11:44:10.000Z</time>
        <extensions>
          <ns3:TrackPointExtension>
            <ns3:hr>171</ns3:hr>
          </ns3:TrackPointExtension>
        </extensions>
      </trkpt>
      <trkpt lat="51.69176883995532989501953125" lon="5.2263159491121768951416015625">
        <ele>5.599999904632568359375</ele>
        <time>2026-06-08T11:44:19.000Z</time>
        <extensions>
          <ns3:TrackPointExtension>
            <ns3:hr>172</ns3:hr>
          </ns3:TrackPointExtension>
        </extensions>
      </trkpt>
      <trkpt lat="51.69183044694364070892333984375" lon="5.2262425236403942108154296875">
        <ele>5.80000019073486328125</ele>
        <time>2026-06-08T11:44:25.000Z</time>
        <extensions>
          <ns3:TrackPointExtension>
            <ns3:hr>168</ns3:hr>
          </ns3:TrackPointExtension>
        </extensions>
      </trkpt>
      <trkpt lat="51.69185056351125240325927734375" lon="5.22622919641435146331787109375">
        <ele>5.80000019073486328125</ele>
        <time>2026-06-08T11:44:27.000Z</time>
        <extensions>
          <ns3:TrackPointExtension>
            <ns3:hr>165</ns3:hr>
          </ns3:TrackPointExtension>
        </extensions>
      </trkpt>
      <trkpt lat="51.69187403284013271331787109375" lon="5.2262136898934841156005859375">
        <ele>6</ele>
        <time>2026-06-08T11:44:29.000Z</time>
        <extensions>
          <ns3:TrackPointExtension>
            <ns3:hr>162</ns3:hr>
          </ns3:TrackPointExtension>
        </extensions>
      </trkpt>
      <trkpt lat="51.6918964125216007232666015625" lon="5.22619768045842647552490234375">
        <ele>6.19999980926513671875</ele>
        <time>2026-06-08T11:44:31.000Z</time>
        <extensions>
          <ns3:TrackPointExtension>
            <ns3:hr>159</ns3:hr>
          </ns3:TrackPointExtension>
        </extensions>
      </trkpt>
      <trkpt lat="51.691959612071514129638671875" lon="5.22614990361034870147705078125">
        <ele>6.400000095367431640625</ele>
        <time>2026-06-08T11:44:38.000Z</time>
        <extensions>
          <ns3:TrackPointExtension>
            <ns3:hr>159</ns3:hr>
          </ns3:TrackPointExtension>
        </extensions>
      </trkpt>
      <trkpt lat="51.692052818834781646728515625" lon="5.22606725804507732391357421875">
        <ele>6.400000095367431640625</ele>
        <time>2026-06-08T11:44:47.000Z</time>
        <extensions>
          <ns3:TrackPointExtension>
            <ns3:hr>159</ns3:hr>
          </ns3:TrackPointExtension>
        </extensions>
      </trkpt>
      <trkpt lat="51.692151725292205810546875" lon="5.22597891278564929962158203125">
        <ele>6.80000019073486328125</ele>
        <time>2026-06-08T11:44:57.000Z</time>
        <extensions>
          <ns3:TrackPointExtension>
            <ns3:hr>159</ns3:hr>
          </ns3:TrackPointExtension>
        </extensions>
      </trkpt>
      <trkpt lat="51.6921884380280971527099609375" lon="5.2259555272758007049560546875">
        <ele>7</ele>
        <time>2026-06-08T11:45:01.000Z</time>
        <extensions>
          <ns3:TrackPointExtension>
            <ns3:hr>161</ns3:hr>
          </ns3:TrackPointExtension>
        </extensions>
      </trkpt>
      <trkpt lat="51.69226261787116527557373046875" lon="5.22591487504541873931884765625">
        <ele>7.400000095367431640625</ele>
        <time>2026-06-08T11:45:08.000Z</time>
        <extensions>
          <ns3:TrackPointExtension>
            <ns3:hr>161</ns3:hr>
          </ns3:TrackPointExtension>
        </extensions>
      </trkpt>
      <trkpt lat="51.69237677939236164093017578125" lon="5.2258430421352386474609375">
        <ele>7.599999904632568359375</ele>
        <time>2026-06-08T11:45:18.000Z</time>
        <extensions>
          <ns3:TrackPointExtension>
            <ns3:hr>163</ns3:hr>
          </ns3:TrackPointExtension>
        </extensions>
      </trkpt>
      <trkpt lat="51.6924516297876834869384765625" lon="5.2257664315402507781982421875">
        <ele>8</ele>
        <time>2026-06-08T11:45:27.000Z</time>
        <extensions>
          <ns3:TrackPointExtension>
            <ns3:hr>163</ns3:hr>
          </ns3:TrackPointExtension>
        </extensions>
      </trkpt>
      <trkpt lat="51.6925679706037044525146484375" lon="5.22568588145077228546142578125">
        <ele>7.80000019073486328125</ele>
        <time>2026-06-08T11:45:36.000Z</time>
        <extensions>
          <ns3:TrackPointExtension>
            <ns3:hr>160</ns3:hr>
          </ns3:TrackPointExtension>
        </extensions>
      </trkpt>
      <trkpt lat="51.69257928617298603057861328125" lon="5.22567808628082275390625">
        <ele>7.80000019073486328125</ele>
        <time>2026-06-08T11:45:37.000Z</time>
        <extensions>
          <ns3:TrackPointExtension>
            <ns3:hr>160</ns3:hr>
          </ns3:TrackPointExtension>
        </extensions>
      </trkpt>
      <trkpt lat="51.6926615126430988311767578125" lon="5.225636847317218780517578125">
        <ele>7.80000019073486328125</ele>
        <time>2026-06-08T11:45:46.000Z</time>
        <extensions>
          <ns3:TrackPointExtension>
            <ns3:hr>159</ns3:hr>
          </ns3:TrackPointExtension>
        </extensions>
      </trkpt>
      <trkpt lat="51.69273049570620059967041015625" lon="5.225601308047771453857421875">
        <ele>7.80000019073486328125</ele>
        <time>2026-06-08T11:45:54.000Z</time>
        <extensions>
          <ns3:TrackPointExtension>
            <ns3:hr>158</ns3:hr>
          </ns3:TrackPointExtension>
        </extensions>
      </trkpt>
      <trkpt lat="51.69278003275394439697265625" lon="5.22556048817932605743408203125">
        <ele>7.599999904632568359375</ele>
        <time>2026-06-08T11:46:00.000Z</time>
        <extensions>
          <ns3:TrackPointExtension>
            <ns3:hr>155</ns3:hr>
          </ns3:TrackPointExtension>
        </extensions>
      </trkpt>
      <trkpt lat="51.69282068498432636260986328125" lon="5.225546658039093017578125">
        <ele>7</ele>
        <time>2026-06-08T11:46:03.000Z</time>
        <extensions>
          <ns3:TrackPointExtension>
            <ns3:hr>153</ns3:hr>
          </ns3:TrackPointExtension>
        </extensions>
      </trkpt>
      <trkpt lat="51.692832671105861663818359375" lon="5.22554858587682247161865234375">
        <ele>6.80000019073486328125</ele>
        <time>2026-06-08T11:46:04.000Z</time>
        <extensions>
          <ns3:TrackPointExtension>
            <ns3:hr>152</ns3:hr>
          </ns3:TrackPointExtension>
        </extensions>
      </trkpt>
      <trkpt lat="51.69293970800936222076416015625" lon="5.22557624615728855133056640625">
        <ele>6.599999904632568359375</ele>
        <time>2026-06-08T11:46:12.000Z</time>
        <extensions>
          <ns3:TrackPointExtension>
            <ns3:hr>151</ns3:hr>
          </ns3:TrackPointExtension>
        </extensions>
      </trkpt>
      <trkpt lat="51.6930219344794750213623046875" lon="5.22561304271221160888671875">
        <ele>6.80000019073486328125</ele>
        <time>2026-06-08T11:46:19.000Z</time>
        <extensions>
          <ns3:TrackPointExtension>
            <ns3:hr>149</ns3:hr>
          </ns3:TrackPointExtension>
        </extensions>
      </trkpt>
      <trkpt lat="51.693074740469455718994140625" lon="5.2256692014634609222412109375">
        <ele>5.80000019073486328125</ele>
        <time>2026-06-08T11:46:25.000Z</time>
        <extensions>
          <ns3:TrackPointExtension>
            <ns3:hr>150</ns3:hr>
          </ns3:TrackPointExtension>
        </extensions>
      </trkpt>
      <trkpt lat="51.69308538548648357391357421875" lon="5.2256834506988525390625">
        <ele>5.80000019073486328125</ele>
        <time>2026-06-08T11:46:26.000Z</time>
        <extensions>
          <ns3:TrackPointExtension>
            <ns3:hr>150</ns3:hr>
          </ns3:TrackPointExtension>
        </extensions>
      </trkpt>
      <trkpt lat="51.69313550926744937896728515625" lon="5.2257546968758106231689453125">
        <ele>5.400000095367431640625</ele>
        <time>2026-06-08T11:46:33.000Z</time>
        <extensions>
          <ns3:TrackPointExtension>
            <ns3:hr>153</ns3:hr>
          </ns3:TrackPointExtension>
        </extensions>
      </trkpt>
      <trkpt lat="51.6931453160941600799560546875" lon="5.22576726973056793212890625">
        <ele>5.400000095367431640625</ele>
        <time>2026-06-08T11:46:35.000Z</time>
        <extensions>
          <ns3:TrackPointExtension>
            <ns3:hr>152</ns3:hr>
          </ns3:TrackPointExtension>
        </extensions>
      </trkpt>
      <trkpt lat="51.6931764967739582061767578125" lon="5.22577120922505855560302734375">
        <ele>5</ele>
        <time>2026-06-08T11:46:40.000Z</time>
        <extensions>
          <ns3:TrackPointExtension>
            <ns3:hr>152</ns3:hr>
          </ns3:TrackPointExtension>
        </extensions>
      </trkpt>
      <trkpt lat="51.6931845434010028839111328125" lon="5.22576165385544300079345703125">
        <ele>4.80000019073486328125</ele>
        <time>2026-06-08T11:46:41.000Z</time>
        <extensions>
          <ns3:TrackPointExtension>
            <ns3:hr>150</ns3:hr>
          </ns3:TrackPointExtension>
        </extensions>
      </trkpt>
      <trkpt lat="51.69319250620901584625244140625" lon="5.22575377486646175384521484375">
        <ele>4.599999904632568359375</ele>
        <time>2026-06-08T11:46:42.000Z</time>
        <extensions>
          <ns3:TrackPointExtension>
            <ns3:hr>149</ns3:hr>
          </ns3:TrackPointExtension>
        </extensions>
      </trkpt>
      <trkpt lat="51.69323600828647613525390625" lon="5.2256531082093715667724609375">
        <ele>3.7999999523162841796875</ele>
        <time>2026-06-08T11:46:49.000Z</time>
        <extensions>
          <ns3:TrackPointExtension>
            <ns3:hr>148</ns3:hr>
          </ns3:TrackPointExtension>
        </extensions>
      </trkpt>
      <trkpt lat="51.693257801234722137451171875" lon="5.22555227391421794891357421875">
        <ele>3.2000000476837158203125</ele>
        <time>2026-06-08T11:46:56.000Z</time>
        <extensions>
          <ns3:TrackPointExtension>
            <ns3:hr>149</ns3:hr>
          </ns3:TrackPointExtension>
        </extensions>
      </trkpt>
      <trkpt lat="51.6933079250156879425048828125" lon="5.22541246376931667327880859375">
        <ele>2.7999999523162841796875</ele>
        <time>2026-06-08T11:47:05.000Z</time>
        <extensions>
          <ns3:TrackPointExtension>
            <ns3:hr>149</ns3:hr>
          </ns3:TrackPointExtension>
        </extensions>
      </trkpt>
      <trkpt lat="51.6933193244040012359619140625" lon="5.2253560535609722137451171875">
        <ele>2.7999999523162841796875</ele>
        <time>2026-06-08T11:47:08.000Z</time>
        <extensions>
          <ns3:TrackPointExtension>
            <ns3:hr>149</ns3:hr>
          </ns3:TrackPointExtension>
        </extensions>
      </trkpt>
      <trkpt lat="51.69332426972687244415283203125" lon="5.22526167333126068115234375">
        <ele>3</ele>
        <time>2026-06-08T11:47:13.000Z</time>
        <extensions>
          <ns3:TrackPointExtension>
            <ns3:hr>149</ns3:hr>
          </ns3:TrackPointExtension>
        </extensions>
      </trkpt>
      <trkpt lat="51.693336926400661468505859375" lon="5.22510199807584285736083984375">
        <ele>2.599999904632568359375</ele>
        <time>2026-06-08T11:47:24.000Z</time>
        <extensions>
          <ns3:TrackPointExtension>
            <ns3:hr>146</ns3:hr>
          </ns3:TrackPointExtension>
        </extensions>
      </trkpt>
      <trkpt lat="51.69335327111184597015380859375" lon="5.22493980824947357177734375">
        <ele>2.599999904632568359375</ele>
        <time>2026-06-08T11:47:33.000Z</time>
        <extensions>
          <ns3:TrackPointExtension>
            <ns3:hr>144</ns3:hr>
          </ns3:TrackPointExtension>
        </extensions>
      </trkpt>
      <trkpt lat="51.69337556697428226470947265625" lon="5.22479496896266937255859375">
        <ele>2.400000095367431640625</ele>
        <time>2026-06-08T11:47:42.000Z</time>
        <extensions>
          <ns3:TrackPointExtension>
            <ns3:hr>144</ns3:hr>
          </ns3:TrackPointExtension>
        </extensions>
      </trkpt>
      <trkpt lat="51.69339819811284542083740234375" lon="5.2246875129640102386474609375">
        <ele>2.400000095367431640625</ele>
        <time>2026-06-08T11:47:48.000Z</time>
        <extensions>
          <ns3:TrackPointExtension>
            <ns3:hr>145</ns3:hr>
          </ns3:TrackPointExtension>
        </extensions>
      </trkpt>
      <trkpt lat="51.6934782452881336212158203125" lon="5.2245859242975711822509765625">
        <ele>2.400000095367431640625</ele>
        <time>2026-06-08T11:47:56.000Z</time>
        <extensions>
          <ns3:TrackPointExtension>
            <ns3:hr>145</ns3:hr>
          </ns3:TrackPointExtension>
        </extensions>
      </trkpt>
      <trkpt lat="51.6935613937675952911376953125" lon="5.224607549607753753662109375">
        <ele>2.400000095367431640625</ele>
        <time>2026-06-08T11:48:04.000Z</time>
        <extensions>
          <ns3:TrackPointExtension>
            <ns3:hr>144</ns3:hr>
          </ns3:TrackPointExtension>
        </extensions>
      </trkpt>
      <trkpt lat="51.6936492361128330230712890625" lon="5.22461769171059131622314453125">
        <ele>2.599999904632568359375</ele>
        <time>2026-06-08T11:48:12.000Z</time>
        <extensions>
          <ns3:TrackPointExtension>
            <ns3:hr>147</ns3:hr>
          </ns3:TrackPointExtension>
        </extensions>
      </trkpt>
      <trkpt lat="51.69365887530148029327392578125" lon="5.2246177755296230316162109375">
        <ele>2.7999999523162841796875</ele>
        <time>2026-06-08T11:48:13.000Z</time>
        <extensions>
          <ns3:TrackPointExtension>
            <ns3:hr>147</ns3:hr>
          </ns3:TrackPointExtension>
        </extensions>
      </trkpt>
      <trkpt lat="51.69374805875122547149658203125" lon="5.2246355451643466949462890625">
        <ele>2.7999999523162841796875</ele>
        <time>2026-06-08T11:48:23.000Z</time>
        <extensions>
          <ns3:TrackPointExtension>
            <ns3:hr>149</ns3:hr>
          </ns3:TrackPointExtension>
        </extensions>
      </trkpt>
      <trkpt lat="51.6938379965722560882568359375" lon="5.22466798312962055206298828125">
        <ele>2.7999999523162841796875</ele>
        <time>2026-06-08T11:48:31.000Z</time>
        <extensions>
          <ns3:TrackPointExtension>
            <ns3:hr>149</ns3:hr>
          </ns3:TrackPointExtension>
        </extensions>
      </trkpt>
      <trkpt lat="51.6938758827745914459228515625" lon="5.22471006028354167938232421875">
        <ele>3.2000000476837158203125</ele>
        <time>2026-06-08T11:48:38.000Z</time>
        <extensions>
          <ns3:TrackPointExtension>
            <ns3:hr>151</ns3:hr>
          </ns3:TrackPointExtension>
        </extensions>
      </trkpt>
      <trkpt lat="51.693874038755893707275390625" lon="5.2247099764645099639892578125">
        <ele>3.400000095367431640625</ele>
        <time>2026-06-08T11:48:42.000Z</time>
        <extensions>
          <ns3:TrackPointExtension>
            <ns3:hr>151</ns3:hr>
          </ns3:TrackPointExtension>
        </extensions>
      </trkpt>
    </trkseg>
  </trk>
</gpx>
